prop_id,parent,site_name,borough,asof,half,last_date,max_available,days_since,n_history,n_rated,last_status,last_fail,last_struct,last_amenity,last_litter,recent_rate,history_rate,unknown_rate,last_n,followup_date,target_available,target_status,y,year,period,log_days,log_history,complaints_prior_year,log_complaints,history_only,history_plus_complaints,complaints_only
B001,B001,American Playground,B,2025-01-01,H1,2024-09-26,2024-09-26,97,7,7,A,0,0,0,0,0,0.0416666666666667,0,0,2025-02-27,2025-02-27,A,0,2025,2025H1,4.58496747867057,2.07944154167984,2,1.09861228866811,0.107467603883149,0.109356892125736,2
B007,B007,Bensonhurst Park,B,2025-01-01,H1,2024-09-17,2024-09-17,106,7,7,U,1,0,0,0,0.333333333333333,0.125,0,0,2025-02-13,2025-02-13,A,0,2025,2025H1,4.67282883446191,2.07944154167984,0,0,0.19024560147266,0.18942369315084,0
B008,B008,Betsy Head Park,B,2025-01-01,H1,2024-09-04,2024-09-04,119,7,6,A,0,1,0,0,0.333333333333333,0.136363636363636,0.142857142857143,0,2025-01-17,2025-01-17,A,0,2025,2025H1,4.78749174278205,2.07944154167984,0,0,0.154322534753014,0.153629192957054,0
B012,B012,Brower Park,B,2025-01-01,H1,2024-09-04,2024-09-04,119,7,7,A,0,0,0,0,0.333333333333333,0.208333333333333,0,0,2025-01-28,2025-01-28,U,1,2025,2025H1,4.78749174278205,2.07944154167984,2,1.09861228866811,0.154322534753014,0.156849761279016,2
B016,B016,Maria Hernandez Park,B,2025-01-01,H1,2024-10-25,2024-10-25,68,8,8,A,0,0,0,0,0,0.192307692307692,0,0,2025-04-10,2025-04-10,A,0,2025,2025H1,4.23410650459726,2.19722457733622,0,0,0.10178993397369,0.101339871928727,0
B017,B017,Bushwick Playground,B,2025-01-01,H1,2024-09-05,2024-09-05,118,7,7,A,0,0,0,0,0,0.208333333333333,0,0,2025-02-10,2025-02-10,A,0,2025,2025H1,4.77912349311153,2.07944154167984,1,0.693147180559945,0.110727802920053,0.111759774906668,1
B018-ZN01,B018,Canarsie Park Zone 1,B,2025-01-01,H1,2024-09-13,2024-09-13,110,7,7,A,0,0,0,0,0,0.125,0,0,2025-01-17,2025-01-17,A,0,2025,2025H1,4.70953020131233,2.07944154167984,0,0,0.109549377774735,0.109058588775594,0
B019,B019,Carroll Park,B,2025-01-01,H1,2024-10-21,2024-10-21,72,7,7,A,0,0,0,0,0,0.125,0,0,2025-03-10,2025-03-10,A,0,2025,2025H1,4.29045944114839,2.07944154167984,7,2.07944154167984,0.102683567298172,0.106574691526517,7
B021,B021,Commodore Barry Park,B,2025-01-01,H1,2024-08-15,2024-08-15,139,7,3,A,0,0,0,0,0,0.0625,0.571428571428571,0,2025-01-07,2025-01-07,A,0,2025,2025H1,4.9416424226093,2.07944154167984,1,0.693147180559945,0.113523023283796,0.114573912251774,1
B028-03,B028,Dyker Plgd,B,2025-01-01,H1,2024-09-06,2024-09-06,117,7,7,A,0,0,0,0,0,0.0416666666666667,0,0,2025-01-27,2025-01-27,A,0,2025,2025H1,4.77068462446567,2.07944154167984,0,0,0.110584318232586,0.110088093119159,0
B028-ZN01,B028,Dyker Beach Park Zone 1,B,2025-01-01,H1,2024-12-17,2024-12-17,15,8,8,A,0,0,0,0,0,0.0384615384615385,0,0,2025-04-29,2025-04-29,A,0,2025,2025H1,2.77258872223978,2.19722457733622,0,0,0.0809131784743088,0.0805719487612445,0
B032-01,B032,Fort Greene Plgd,B,2025-01-01,H1,2024-09-09,2024-09-09,114,8,8,A,0,1,0,0,0.333333333333333,0.115384615384615,0,0,2025-01-24,2025-01-24,A,0,2025,2025H1,4.74493212836325,2.19722457733622,0,0,0.153365332375552,0.152676776217702,0
B038,B038,Fulton Park,B,2025-01-01,H1,2024-07-24,2024-07-24,161,7,7,A,0,0,0,0,0,0.125,0,0,2025-01-13,2025-01-13,U,1,2025,2025H1,5.08759633523238,2.07944154167984,1,0.693147180559945,0.116085580849868,0.117153597608432,1
B043,B043,Greenpoint Playground,B,2025-01-01,H1,2024-08-21,2024-08-21,133,7,7,A,0,0,0,0,0,0.0416666666666667,0,0,2025-01-24,2025-01-24,A,0,2025,2025H1,4.89783979995091,2.07944154167984,0,0,0.112763646171674,0.11225597265163,0
B050,B050,Van Voorhees Playground,B,2025-01-01,H1,2024-10-29,2024-10-29,64,8,8,A,0,0,0,0,0,0.0384615384615385,0,0,2025-03-13,2025-03-13,A,0,2025,2025H1,4.17438726989564,2.19722457733622,1,0.693147180559945,0.100850451134077,0.101813575756073,1
B051,B051,Kelly Park Playground,B,2025-01-01,H1,2024-08-16,2024-08-16,138,7,3,N,0,0,0,0,0,0.0625,0.571428571428571,1,2025-01-09,2025-01-09,A,0,2025,2025H1,4.93447393313069,2.07944154167984,0,0,0.11339844349093,0.112887435087677,0
B055,B055,Sternberg Park,B,2025-01-01,H1,2024-10-29,2024-10-29,64,8,8,U,1,0,0,0,0.333333333333333,0.115384615384615,0,0,2025-04-07,2025-04-07,A,0,2025,2025H1,4.17438726989564,2.19722457733622,0,0,0.177331499276606,0.176569822623159,0
B056,B056,Martin Luther King Jr. Playground,B,2025-01-01,H1,2024-09-20,2024-09-20,103,7,6,U,1,0,0,0,0.333333333333333,0.136363636363636,0.142857142857143,0,2025-02-10,2025-02-10,A,0,2025,2025H1,4.64439089914137,2.07944154167984,0,0,0.189489846350447,0.188671439739883,0
B057-06,B057,Seba Playground,B,2025-01-01,H1,2024-09-13,2024-09-13,110,7,7,A,0,1,0,0,0,0.125,0,0,2025-02-11,2025-02-11,U,1,2025,2025H1,4.70953020131233,2.07944154167984,0,0,0.109549377774735,0.109058588775594,0
B057-ZN01,B057,Marine Park Zone 1,B,2025-01-01,H1,2024-10-11,2024-10-11,82,8,8,A,0,1,0,0,0,0.0384615384615385,0,0,2025-04-03,2025-04-03,A,0,2025,2025H1,4.4188406077966,2.19722457733622,1,0.693147180559945,0.104745386928894,0.105736037668501,1
B058-ZN01,B058,McCarren Park Zone 1,B,2025-01-01,H1,2024-07-24,2024-07-24,161,7,5,U,1,0,0,0,0.666666666666667,0.25,0.285714285714286,0,2025-01-09,2025-01-09,A,0,2025,2025H1,5.08759633523238,2.07944154167984,0,0,0.269735481127743,0.268613672648337,0
B058-ZN03,B058,McCarren Park Zone 3,B,2025-01-01,H1,2024-09-11,2024-09-11,112,7,6,A,0,0,0,0,0,0.0454545454545455,0.142857142857143,0,2025-01-31,2025-01-31,A,0,2025,2025H1,4.72738781871234,2.07944154167984,0,0,0.109850708105901,0.109358336398695,0
B061,B061,McLaughlin Park,B,2025-01-01,H1,2024-11-21,2024-11-21,41,8,8,A,0,0,0,0,0,0.115384615384615,0,0,2025-04-10,2025-04-10,U,1,2025,2025H1,3.73766961828337,2.19722457733622,1,0.693147180559945,0.0942114856637029,0.0951265279143508,1
B066,B066,Owl's Head Park,B,2025-01-01,H1,2024-11-19,2024-11-19,43,8,8,A,0,0,0,0,0,0.0384615384615385,0,0,2025-03-27,2025-03-27,A,0,2025,2025H1,3.78418963391826,2.19722457733622,2,1.09861228866811,0.0948996043613271,0.0966078694267283,2
B073-ZN14,B073,Middle Long Meadow,B,2025-01-01,H1,2024-11-07,2024-11-07,55,8,8,A,0,0,0,0,0,0.0384615384615385,0,0,2025-03-21,2025-03-21,A,0,2025,2025H1,4.02535169073515,2.19722457733622,0,0,0.0985393891991059,0.0981063617189022,0
B073-ZN20,B073,Lookout Hill,B,2025-01-01,H1,2024-10-04,2024-10-04,89,7,7,A,0,0,0,0,0,0.0416666666666667,0,0,2025-03-20,2025-03-20,A,0,2025,2025H1,4.49980967033027,2.07944154167984,0,0,0.106064487509173,0.105591997849123,0
B079,B079,Saratoga Park,B,2025-01-01,H1,2024-09-13,2024-09-13,110,7,7,A,0,0,0,0,0,0.208333333333333,0,0,2025-01-27,2025-01-27,A,0,2025,2025H1,4.70953020131233,2.07944154167984,0,0,0.109549377774735,0.109058588775594,0
B080,B080,Asser Levy Park,B,2025-01-01,H1,2024-10-03,2024-10-03,90,8,8,A,0,0,0,0,0,0.115384615384615,0,0,2025-02-28,2025-02-28,A,0,2025,2025H1,4.51085950651685,2.19722457733622,0,0,0.106245636144435,0.105772195528121,0
B082-ZN04,B082,Shore Road Park Zone 4,B,2025-01-01,H1,2024-12-06,2024-12-06,26,8,8,A,0,0,0,0,0,0.192307692307692,0,0,2025-04-10,2025-04-10,A,0,2025,2025H1,3.29583686600433,2.19722457733622,0,0,0.0878959282857037,0.0875184804053851,0
B082-ZN05,B082,Shore Road Park Zone 5,B,2025-01-01,H1,2024-12-17,2024-12-17,15,8,7,A,0,0,0,0,0,0.0416666666666667,0.125,0,2025-04-10,2025-04-10,A,0,2025,2025H1,2.77258872223978,2.19722457733622,0,0,0.0809131784743088,0.0805719487612445,0
B102,B102,Crispus Attucks Playground,B,2025-01-01,H1,2024-11-21,2024-11-21,41,7,7,A,0,0,0,0,0,0.0416666666666667,0,0,2025-04-07,2025-04-07,A,0,2025,2025H1,3.73766961828337,2.07944154167984,2,1.09861228866811,0.0942114856637029,0.0959096008577838,2
B103,B103,Cypress Hills Playground,B,2025-01-01,H1,2024-09-20,2024-09-20,103,7,7,U,1,0,0,0,0.333333333333333,0.291666666666667,0,0,2025-03-12,2025-03-12,A,0,2025,2025H1,4.64439089914137,2.07944154167984,0,0,0.189489846350447,0.188671439739883,0
B109,B109,Bill Brown Playground,B,2025-01-01,H1,2024-10-29,2024-10-29,64,7,7,A,0,0,0,0,0,0.125,0,0,2025-03-17,2025-03-17,U,1,2025,2025H1,4.17438726989564,2.07944154167984,0,0,0.100850451134077,0.100405314573647,0
B110,B110,Marion Hopkinson Playground,B,2025-01-01,H1,2024-10-30,2024-10-30,63,8,8,A,0,0,0,0,0,0.115384615384615,0,0,2025-04-02,2025-04-02,A,0,2025,2025H1,4.15888308335967,2.19722457733622,0,0,0.100607806423745,0.100163941730192,0
B111,B111,Washington Park,B,2025-01-01,H1,2024-10-02,2024-10-02,91,8,8,A,0,0,0,0,0,0.0384615384615385,0,0,2025-02-20,2025-02-20,A,0,2025,2025H1,4.52178857704904,2.19722457733622,1,0.693147180559945,0.10642507307254,0.107427441686619,1
B113A,B113A,Cadman Plaza Park,B,2025-01-01,H1,2024-09-27,2024-09-27,96,7,2,A,0,0,0,0,0,0.0714285714285714,0.714285714285714,0,2025-02-14,2025-02-14,A,0,2025,2025H1,4.57471097850338,2.07944154167984,1,0.693147180559945,0.107297750157826,0.108306170802606,1
B124,B124,William Sheridan Playground,B,2025-01-01,H1,2024-10-10,2024-10-11,83,8,5,A,0,0,0,0,0,0.05,0.375,0,2025-03-21,2025-03-21,A,0,2025,2025H1,4.43081679884331,2.19722457733622,2,1.09861228866811,0.104939579134069,0.106793111070565,2
B126-ZN03,B126,Red Hook Park Zone 3,B,2025-01-01,H1,2024-10-29,2024-10-29,64,7,5,N,0,0,0,0,0,0.05,0.285714285714286,1,2025-04-03,2025-04-03,U,1,2025,2025H1,4.17438726989564,2.07944154167984,0,0,0.100850451134077,0.100405314573647,0
B128,B128,Colonel David Marcus Playground,B,2025-01-01,H1,2024-08-15,2024-08-15,139,7,7,A,0,0,0,0,0,0.0416666666666667,0,0,2025-01-27,2025-01-27,U,1,2025,2025H1,4.9416424226093,2.07944154167984,0,0,0.113523023283796,0.113011360402145,0
B129-ZN01,B129,Kaiser Park Zone 1,B,2025-01-01,H1,2024-09-20,2024-09-20,103,8,8,A,0,0,0,0,0,0.115384615384615,0,0,2025-01-23,2025-01-23,A,0,2025,2025H1,4.64439089914137,2.19722457733622,0,0,0.108456351752492,0.107971303307608,0
B130,B130,Greenwood Playground,B,2025-01-01,H1,2024-10-28,2024-10-28,65,7,7,A,0,0,0,0,0,0.0416666666666667,0,0,2025-03-18,2025-03-18,A,0,2025,2025H1,4.18965474202643,2.07944154167984,1,0.693147180559945,0.101089898789813,0.102054730024954,1
B137,B137,Sixteen Sycamores Playground,B,2025-01-01,H1,2024-09-16,2024-09-16,107,7,7,A,0,0,0,0,0.333333333333333,0.208333333333333,0,0,2025-02-18,2025-02-18,A,0,2025,2025H1,4.68213122712422,2.07944154167984,6,1.94591014905531,0.151961772484167,0.156950508899774,6
B139,B139,Heckscher Playground,B,2025-01-01,H1,2024-08-12,2024-08-12,142,7,7,A,0,0,0,0,0.333333333333333,0.125,0,0,2025-01-13,2025-01-13,A,0,2025,2025H1,4.96284463025991,2.07944154167984,0,0,0.158317951871418,0.157604670619292,0
B140,B140,Banneker Playground,B,2025-01-01,H1,2024-09-27,2024-09-27,96,7,4,A,0,0,0,0,0,0.0555555555555556,0.428571428571429,0,2025-02-24,2025-02-24,A,0,2025,2025H1,4.57471097850338,2.07944154167984,0,0,0.107297750157826,0.106818785729504,0
B148,B148,Rolph Henry Playground,B,2025-01-01,H1,2024-10-17,2024-10-17,76,7,7,A,0,0,0,0,0.333333333333333,0.208333333333333,0,0,2025-03-06,2025-03-06,A,0,2025,2025H1,4.34380542185368,2.07944154167984,1,0.693147180559945,0.144581141277717,0.1458564708365,1
B150,B150,Kolbert Playground,B,2025-01-01,H1,2024-12-09,2024-12-09,23,8,8,A,0,0,0,0,0.333333333333333,0.192307692307692,0,0,2025-04-21,2025-04-21,U,1,2025,2025H1,3.17805383034795,2.19722457733622,0,0,0.121408302312289,0.12088088967212,0
B152,B152,Rappaport Playground,B,2025-01-01,H1,2024-10-09,2024-10-09,84,8,8,A,0,0,0,0,0,0.0384615384615385,0,0,2025-03-13,2025-03-13,A,0,2025,2025H1,4.44265125649032,2.19722457733622,0,0,0.105131785275592,0.104664191350658,0
B161,B161,James Forten Playground,B,2025-01-01,H1,2024-08-22,2024-08-22,132,7,7,A,0,0,0,0,0,0.0416666666666667,0,0,2025-01-28,2025-01-28,A,0,2025,2025H1,4.89034912822175,2.07944154167984,1,0.693147180559945,0.112634230170475,0.113679130744064,1
B163,B163,Sperandeo Brothers Playground,B,2025-01-01,H1,2024-12-10,2024-12-10,22,6,6,U,1,0,0,0,0.333333333333333,0.136363636363636,0,0,2025-04-11,2025-04-11,A,0,2025,2025H1,3.13549421592915,1.94591014905531,1,0.693147180559945,0.152642335907983,0.154005798931411,1
B166D,B166D,McGuire Fields,B,2025-01-01,H1,2024-11-22,2024-11-22,40,8,8,A,0,0,0,0,0,0.0384615384615385,0,0,2025-04-18,2025-04-18,A,0,2025,2025H1,3.71357206670431,2.19722457733622,0,0,0.0938567978424873,0.0934482664623699,0
B167,B167,La Guardia Playground,B,2025-01-01,H1,2024-10-07,2024-10-07,86,6,6,U,1,0,0,0,0.666666666666667,0.318181818181818,0,0,2025-04-02,2025-04-02,A,0,2025,2025H1,4.46590811865458,1.94591014905531,1,0.693147180559945,0.24910784598464,0.250970817423481,1
B193,B193,Hamilton Metz Field,B,2025-01-01,H1,2024-08-22,2024-08-22,132,7,7,A,0,0,0,0,0,0.0416666666666667,0,0,2025-01-27,2025-01-27,A,0,2025,2025H1,4.89034912822175,2.07944154167984,0,0,0.112634230170475,0.112127236527062,0
B197,B197,Mellett Playground,B,2025-01-01,H1,2024-10-15,2024-10-15,78,8,6,U,1,0,0,0,0.666666666666667,0.318181818181818,0.25,0,2025-03-11,2025-03-11,U,1,2025,2025H1,4.36944785246702,2.19722457733622,0,0,0.246003517176415,0.244977735787144,0
B207,B207,Sarsfield Playground,B,2025-01-01,H1,2024-10-22,2024-10-22,71,7,7,A,0,0,0,0,0.333333333333333,0.125,0,0,2025-04-04,2025-04-04,A,0,2025,2025H1,4.27666611901606,2.07944154167984,1,0.693147180559945,0.143152405103496,0.144419160435218,1
B208,B208,Pfc Norton Playground,B,2025-01-01,H1,2024-11-18,2024-11-18,44,8,8,A,0,0,0,0,0,0.192307692307692,0,0,2025-04-18,2025-04-18,A,0,2025,2025H1,3.80666248977032,2.19722457733622,0,0,0.0952336293349629,0.0948179014541349,0
B209,B209,Galapo Playground,B,2025-01-01,H1,2024-09-12,2024-09-12,111,7,7,U,1,0,0,0,0.333333333333333,0.208333333333333,0,0,2025-02-25,2025-02-25,A,0,2025,2025H1,4.71849887129509,2.07944154167984,0,0,0.191464131528221,0.190636583660372,0
B210A,B210A,John Allen Payne Playground,B,2025-01-01,H1,2024-07-24,2024-07-24,161,7,7,A,0,0,0,1,0,0.0416666666666667,0,0,2025-01-08,2025-01-08,A,0,2025,2025H1,5.08759633523238,2.07944154167984,1,0.693147180559945,0.116085580849868,0.117153597608432,1
B210J,B210J,Pena Herrera Playground,B,2025-01-01,H1,2024-08-15,2024-08-15,139,7,7,A,0,0,0,0,0,0.0416666666666667,0,0,2025-01-16,2025-01-16,A,0,2025,2025H1,4.9416424226093,2.07944154167984,1,0.693147180559945,0.113523023283796,0.114573912251774,1
B214-01,B214,Linden Park,B,2025-01-01,H1,2024-08-26,2024-08-26,128,7,7,A,0,1,0,0,0,0.0416666666666667,0,0,2025-01-27,2025-01-27,A,0,2025,2025H1,4.85981240436167,2.07944154167984,0,0,0.112107989676395,0.111603760567019,0
B218,B218,Paerdegat Park,B,2025-01-01,H1,2024-12-17,2024-12-17,15,8,8,A,0,0,0,0,0,0.0384615384615385,0,0,2025-05-20,2025-05-20,A,0,2025,2025H1,2.77258872223978,2.19722457733622,0,0,0.0809131784743088,0.0805719487612445,0
B220,B220,Washington Hall Park,B,2025-01-01,H1,2024-12-05,2024-12-05,27,7,7,U,1,1,1,0,0.333333333333333,0.208333333333333,0,0,2025-04-10,2025-04-10,A,0,2025,2025H1,3.3322045101752,2.07944154167984,5,1.79175946922806,0.157090292108928,0.161782864084386,5
B222,B222,Pierrepont Playground,B,2025-01-01,H1,2024-07-22,2024-07-22,163,6,6,A,0,0,0,0,0,0.0454545454545455,0,0,2025-01-13,2025-01-13,A,0,2025,2025H1,5.0998664278242,1.94591014905531,0,0,0.116303284749854,0.115777016135983,0
B223B,B223B,Dimattina Playground,B,2025-01-01,H1,2024-08-15,2024-08-15,139,7,7,A,0,0,0,0,0,0.0416666666666667,0,0,2025-02-10,2025-02-10,U,1,2025,2025H1,4.9416424226093,2.07944154167984,0,0,0.113523023283796,0.113011360402145,0
B223F,B223F,Squibb Park,B,2025-01-01,H1,2024-10-24,2024-10-24,69,7,7,A,0,0,0,0,0,0.0416666666666667,0,0,2025-04-07,2025-04-07,A,0,2025,2025H1,4.24849524204936,2.07944154167984,3,1.38629436111989,0.102017449890087,0.104429165253333,3
B223R,B223R,Jaime Campiz Playground,B,2025-01-01,H1,2024-10-07,2024-10-07,86,7,7,A,0,1,0,0,0,0.291666666666667,0,0,2025-02-20,2025-02-20,A,0,2025,2025H1,4.46590811865458,2.07944154167984,1,0.693147180559945,0.105510410638256,0.106506409687626,1
B224,B224,P.O. Reinaldo Salgado Playground,B,2025-01-01,H1,2024-09-05,2024-09-05,118,7,7,A,0,0,0,0,0,0.125,0,0,2025-02-10,2025-02-10,U,1,2025,2025H1,4.77912349311153,2.07944154167984,0,0,0.110727802920053,0.110230824101781,0
B225,B225,St. Andrew's Playground,B,2025-01-01,H1,2024-10-17,2024-10-17,76,8,8,A,0,0,0,0,0,0.192307692307692,0,0,2025-03-24,2025-03-24,A,0,2025,2025H1,4.34380542185368,2.19722457733622,1,0.693147180559945,0.103535911296438,0.104518067704611,1
B228,B228,Dr. Green Playground,B,2025-01-01,H1,2024-10-30,2024-10-30,63,6,5,A,0,0,0,0,0.333333333333333,0.25,0.166666666666667,0,2025-04-02,2025-04-02,A,0,2025,2025H1,4.15888308335967,1.94591014905531,0,0,0.140674388699085,0.14004955741227,0
B230,B230,Nicholas Naquan Heyward Jr. Park,B,2025-01-01,H1,2024-12-16,2024-12-16,16,8,8,A,0,0,0,0,0,0.0384615384615385,0,0,2025-05-16,2025-05-16,A,0,2025,2025H1,2.83321334405622,2.19722457733622,1,0.693147180559945,0.0816955407097708,0.0825157798283962,1
B232,B232,Dean Playground,B,2025-01-01,H1,2024-10-17,2024-10-17,76,7,7,A,0,0,0,0,0,0.0416666666666667,0,0,2025-03-14,2025-03-14,U,1,2025,2025H1,4.34380542185368,2.07944154167984,0,0,0.103535911296438,0.103076691595804,0
B234,B234,Tilden Playground,B,2025-01-01,H1,2024-11-22,2024-11-22,40,8,7,A,0,1,0,0,0,0.125,0.125,0,2025-04-04,2025-04-04,A,0,2025,2025H1,3.71357206670431,2.19722457733622,0,0,0.0938567978424873,0.0934482664623699,0
B235,B235,Herman Dolgon Playground,B,2025-01-01,H1,2024-12-09,2024-12-09,23,8,8,U,1,0,0,0,0.666666666666667,0.269230769230769,0,0,2025-04-24,2025-04-24,A,0,2025,2025H1,3.17805383034795,2.19722457733622,0,0,0.209841205253281,0.208969550935886,0
B236,B236,Glenwood Playground,B,2025-01-01,H1,2024-08-23,2024-08-23,131,7,7,A,0,0,0,0,0,0.0416666666666667,0,0,2025-01-10,2025-01-10,A,0,2025,2025H1,4.88280192258637,2.07944154167984,0,0,0.112503968600858,0.111997659273715,0
B244,B244,McDonald Playground,B,2025-01-01,H1,2024-12-13,2024-12-13,19,8,5,A,0,0,0,0,0,0.15,0.375,0,2025-05-12,2025-05-12,A,0,2025,2025H1,2.99573227355399,2.19722457733622,0,0,0.0838269544938764,0.083470641223147,0
B247-01,B247,Breukelen Plgd,B,2025-01-01,H1,2024-10-04,2024-10-04,89,7,7,A,0,0,0,0,0.333333333333333,0.208333333333333,0,0,2025-03-10,2025-03-10,A,0,2025,2025H1,4.49980967033027,2.07944154167984,0,0,0.147946700664826,0.147285293857345,0
B248,B248,Fox Playground,B,2025-01-01,H1,2024-10-22,2024-10-22,71,7,7,U,1,0,0,0,0.333333333333333,0.125,0,0,2025-03-10,2025-03-10,A,0,2025,2025H1,4.27666611901606,2.07944154167984,1,0.693147180559945,0.179924156104454,0.181440282778485,1
B250,B250,Nostrand Playground,B,2025-01-01,H1,2024-10-31,2024-10-31,62,7,7,A,0,0,0,0,0,0.0416666666666667,0,0,2025-04-02,2025-04-02,A,0,2025,2025H1,4.14313472639153,2.07944154167984,1,0.693147180559945,0.10036187132611,0.101321507804135,1
B251-04,B251,Pat Parlato Plgd,B,2025-01-01,H1,2024-11-18,2024-11-18,44,7,7,A,0,0,0,0,0,0.0416666666666667,0,0,2025-04-07,2025-04-07,A,0,2025,2025H1,3.80666248977032,2.07944154167984,0,0,0.0952336293349629,0.0948179014541349,0
B253,B253,Albert L. Parham Playground,B,2025-01-01,H1,2024-09-09,2024-09-09,114,7,6,A,0,0,0,0,0,0.0454545454545455,0.142857142857143,0,2025-01-24,2025-01-24,A,0,2025,2025H1,4.74493212836325,2.07944154167984,1,0.693147180559945,0.110147458974075,0.111175472530691,1
B254,B254,Wingate Park,B,2025-01-01,H1,2024-10-07,2024-10-07,86,7,7,A,0,0,0,0,0.333333333333333,0.125,0,0,2025-02-25,2025-02-25,A,0,2025,2025H1,4.46590811865458,2.07944154167984,0,0,0.147209862373059,0.146552154619983,0
B258,B258,Brevoort Playground,B,2025-01-01,H1,2024-08-26,2024-08-26,128,7,7,A,0,0,0,0,0,0.125,0,0,2025-01-17,2025-01-17,A,0,2025,2025H1,4.85981240436167,2.07944154167984,0,0,0.112107989676395,0.111603760567019,0
B259,B259,Underwood Park,B,2025-01-01,H1,2024-08-12,2024-08-12,142,7,7,A,0,0,0,0,0,0.125,0,0,2025-01-24,2025-01-24,A,0,2025,2025H1,4.96284463025991,2.07944154167984,3,1.38629436111989,0.113892191000412,0.116531341615278,3
B262,B262,Potomac Playground,B,2025-01-01,H1,2024-10-24,2024-10-24,69,7,7,A,0,0,0,1,0.333333333333333,0.125,0,0,2025-04-04,2025-04-04,A,0,2025,2025H1,4.24849524204936,2.07944154167984,1,0.693147180559945,0.142556434929869,0.143819596496889,1
B263,B263,Sumner Playground,B,2025-01-01,H1,2024-10-17,2024-10-17,76,7,7,A,0,0,0,0,0,0.0416666666666667,0,0,2025-03-05,2025-03-05,A,0,2025,2025H1,4.34380542185368,2.07944154167984,1,0.693147180559945,0.103535911296438,0.104518067704611,1
B267,B267,Winthrop Playground,B,2025-01-01,H1,2024-11-15,2024-11-15,47,8,8,A,0,1,0,0,0,0.0384615384615385,0,0,2025-04-21,2025-04-21,A,0,2025,2025H1,3.87120101090789,2.19722457733622,0,0,0.0961987514491204,0.095777975812041,0
B268,B268,Nautilus Playground,B,2025-01-01,H1,2024-10-15,2024-10-15,78,7,7,A,0,0,0,0,0,0.0416666666666667,0,0,2025-03-11,2025-03-11,A,0,2025,2025H1,4.36944785246702,2.07944154167984,0,0,0.103947840238948,0.103486459299567,0
B269,B269,Jesse Owens Playground,B,2025-01-01,H1,2024-09-05,2024-09-05,118,7,7,A,0,0,0,0,0,0.125,0,0,2025-01-17,2025-01-17,U,1,2025,2025H1,4.77912349311153,2.07944154167984,0,0,0.110727802920053,0.110230824101781,0
B271,B271,Railroad Playground,B,2025-01-01,H1,2024-08-19,2024-08-19,135,7,7,A,0,1,0,0,0,0.0416666666666667,0,0,2025-02-03,2025-02-03,A,0,2025,2025H1,4.91265488573605,2.07944154167984,0,0,0.113019988002576,0.112510967805033,0
B274,B274,Bayview Playground,B,2025-01-01,H1,2024-11-01,2024-11-01,61,7,7,A,0,0,0,0,0.333333333333333,0.125,0,0,2025-04-17,2025-04-17,A,0,2025,2025H1,4.12713438504509,2.07944154167984,0,0,0.140012600683157,0.139391104691607,0
B277,B277,Benson Playground,B,2025-01-01,H1,2024-12-17,2024-12-17,15,8,6,A,0,0,0,0,0.666666666666667,0.318181818181818,0.25,0,2025-04-29,2025-04-29,A,0,2025,2025H1,2.77258872223978,2.19722457733622,0,0,0.158634256505679,0.157951522521766,0
B284,B284,Marc And Jason's Playground,B,2025-01-01,H1,2024-12-17,2024-12-17,15,8,8,A,0,0,0,0,0,0.0384615384615385,0,0,2025-04-30,2025-04-30,A,0,2025,2025H1,2.77258872223978,2.19722457733622,0,0,0.0809131784743088,0.0805719487612445,0
B286,B286,Bartlett Playground,B,2025-01-01,H1,2024-11-15,2024-11-15,47,8,7,U,1,0,0,0,0.333333333333333,0.125,0.125,0,2025-04-10,2025-04-10,A,0,2025,2025H1,3.87120101090789,2.19722457733622,0,0,0.169818386934526,0.169092108165012,0
B288,B288,Slope Park Playground,B,2025-01-01,H1,2024-10-21,2024-10-21,72,7,7,A,0,0,0,0,0,0.0416666666666667,0,0,2025-03-31,2025-03-31,A,0,2025,2025H1,4.29045944114839,2.07944154167984,1,0.693147180559945,0.102683567298172,0.103659708853491,1
B292,B292,Pratt Playground,B,2025-01-01,H1,2024-12-16,2024-12-16,16,8,8,A,0,0,0,0,0,0.0384615384615385,0,0,2025-05-09,2025-05-09,A,0,2025,2025H1,2.83321334405622,2.19722457733622,1,0.693147180559945,0.0816955407097708,0.0825157798283962,1
B294,B294,Jackie Robinson Park Playground,B,2025-01-01,H1,2024-11-20,2024-11-20,42,8,8,A,0,0,0,0,0,0.115384615384615,0,0,2025-04-21,2025-04-21,A,0,2025,2025H1,3.76120011569356,2.19722457733622,1,0.693147180559945,0.0945589855365651,0.0954765815533687,1
B297,B297,Albemarle Playground,B,2025-01-01,H1,2024-12-23,2024-12-23,9,8,7,A,0,0,1,0,0,0.0416666666666667,0.125,0,2025-05-19,2025-05-19,A,0,2025,2025H1,2.30258509299405,2.19722457733622,0,0,0.0750761885177747,0.0747650216309593,0
B298,B298,Stockton Playground,B,2025-01-01,H1,2024-08-02,2024-08-02,152,7,7,A,0,0,0,0,0,0.0416666666666667,0,0,2025-01-13,2025-01-13,A,0,2025,2025H1,5.03043792139244,2.07944154167984,1,0.693147180559945,0.115076099871347,0.11613739375153,1
B300,B300,Oracle Playground,B,2025-01-01,H1,2024-11-21,2024-11-21,41,7,7,A,0,0,0,0,0,0.0416666666666667,0,0,2025-05-01,2025-05-01,A,0,2025,2025H1,3.73766961828337,2.07944154167984,0,0,0.0942114856637029,0.0938011009161892,0
B304,B304,Kennedy King Playground,B,2025-01-01,H1,2024-09-12,2024-09-12,111,7,7,A,0,0,0,0,0,0.0416666666666667,0,0,2025-02-13,2025-02-13,A,0,2025,2025H1,4.71849887129509,2.07944154167984,1,0.693147180559945,0.109700624847837,0.110725583346347,1
B306,B306,Playground 286,B,2025-01-01,H1,2024-08-12,2024-08-12,142,7,6,N,1,0,0,0,0.333333333333333,0.136363636363636,0.142857142857143,1,2025-01-09,2025-01-09,A,0,2025,2025H1,4.96284463025991,2.07944154167984,0,0,0.19808471971249,0.197226672525039,0
B308,B308,Yak Playground,B,2025-01-01,H1,2024-08-16,2024-08-16,138,7,7,A,0,0,0,0,0.333333333333333,0.125,0,0,2025-01-09,2025-01-09,A,0,2025,2025H1,4.93447393313069,2.07944154167984,0,0,0.157665877640692,0.156955846525469,0
B309,B309,Pink Playground,B,2025-01-01,H1,2024-10-30,2024-10-30,63,8,8,A,0,0,0,0,0,0.0384615384615385,0,0,2025-03-24,2025-03-24,A,0,2025,2025H1,4.15888308335967,2.19722457733622,0,0,0.100607806423745,0.100163941730192,0
B310,B310,Bushwick Playground,B,2025-01-01,H1,2024-09-20,2024-09-20,103,6,6,U,1,0,0,0,0.333333333333333,0.136363636363636,0,0,2025-01-31,2025-01-31,A,0,2025,2025H1,4.64439089914137,1.94591014905531,1,0.693147180559945,0.189489846350447,0.191054775886023,1
B313,B313,El Shabazz Playground,B,2025-01-01,H1,2024-09-27,2024-09-27,96,7,7,U,1,0,0,0,0.333333333333333,0.125,0,0,2025-04-04,2025-04-04,A,0,2025,2025H1,4.57471097850338,2.07944154167984,0,0,0.187647790427776,0.186837931316337,0
B315,B315,Surf Playground,B,2025-01-01,H1,2024-09-03,2024-09-03,120,7,6,A,0,0,0,0,0,0.0454545454545455,0.142857142857143,0,2025-02-03,2025-02-03,A,0,2025,2025H1,4.79579054559674,2.07944154167984,0,0,0.111011668951533,0.11051319900097,0
B316,B316,DiGilio Playground,B,2025-01-01,H1,2024-08-16,2024-08-16,138,7,7,A,0,0,0,0,0,0.0416666666666667,0,0,2025-01-16,2025-01-16,A,0,2025,2025H1,4.93447393313069,2.07944154167984,0,0,0.11339844349093,0.112887435087677,0
B320,B320,Park Slope Playground,B,2025-01-01,H1,2024-10-21,2024-10-21,72,7,7,A,0,0,0,0,0,0.0416666666666667,0,0,2025-03-10,2025-03-10,A,0,2025,2025H1,4.29045944114839,2.07944154167984,0,0,0.102683567298172,0.102228818743267,0
B321,B321,Edmonds Playground,B,2025-01-01,H1,2024-09-13,2024-09-13,110,7,7,A,0,0,0,0,0.333333333333333,0.125,0,0,2025-02-18,2025-02-18,A,0,2025,2025H1,4.70953020131233,2.07944154167984,2,1.09861228866811,0.152572821163767,0.155078988882024,2
B323,B323,Hattie Carthan Playground,B,2025-01-01,H1,2024-09-27,2024-09-27,96,7,7,A,0,0,0,0,0,0.125,0,0,2025-02-28,2025-02-28,A,0,2025,2025H1,4.57471097850338,2.07944154167984,1,0.693147180559945,0.107297750157826,0.108306170802606,1
B329-01,B329,Lindower Park Playground,B,2025-01-01,H1,2024-10-04,2024-10-04,89,7,7,A,0,0,0,0,0,0.0416666666666667,0,0,2025-03-05,2025-03-05,A,0,2025,2025H1,4.49980967033027,2.07944154167984,0,0,0.106064487509173,0.105591997849123,0
B334,B334,Fermi Playground,B,2025-01-01,H1,2024-11-15,2024-11-15,47,7,7,A,0,0,0,0,0.333333333333333,0.125,0,0,2025-03-31,2025-03-31,A,0,2025,2025H1,3.87120101090789,2.07944154167984,2,1.09861228866811,0.134772565229089,0.13705634224857,2
B335,B335,Bildersee Playground,B,2025-01-01,H1,2024-08-08,2024-08-08,146,7,4,A,0,1,0,0,0.666666666666667,0.277777777777778,0.428571428571429,0,2025-01-10,2025-01-10,A,0,2025,2025H1,4.99043258677874,2.07944154167984,0,0,0.216659384577607,0.215704988879058,0
B337,B337,Century Playground,B,2025-01-01,H1,2024-12-17,2024-12-17,15,8,8,A,0,0,1,0,0,0.115384615384615,0,0,2025-05-14,2025-05-14,A,0,2025,2025H1,2.77258872223978,2.19722457733622,0,0,0.0809131784743088,0.0805719487612445,0
B342,B342,100% Playground,B,2025-01-01,H1,2024-09-12,2024-09-12,111,7,7,A,0,0,0,0,0,0.0416666666666667,0,0,2025-02-11,2025-02-11,A,0,2025,2025H1,4.71849887129509,2.07944154167984,0,0,0.109700624847837,0.109209041444418,0
B348,B348,Willoughby Playground,B,2025-01-01,H1,2024-08-26,2024-08-26,128,7,7,U,1,1,1,0,0.333333333333333,0.125,0,0,2025-01-17,2025-01-17,A,0,2025,2025H1,4.85981240436167,2.07944154167984,2,1.09861228866811,0.195272237910778,0.198302558397226,2
B350,B350,Stroud Playground,B,2025-01-01,H1,2024-10-25,2024-10-25,68,8,8,A,0,0,0,0,0,0.115384615384615,0,0,2025-03-14,2025-03-14,U,1,2025,2025H1,4.23410650459726,2.19722457733622,1,0.693147180559945,0.10178993397369,0.102759743692243,1
B352,B352,Curtis Playground,B,2025-01-01,H1,2024-09-03,2024-09-03,120,7,7,A,0,0,0,0,0,0.0416666666666667,0,0,2025-01-21,2025-01-21,A,0,2025,2025H1,4.79579054559674,2.07944154167984,0,0,0.111011668951533,0.11051319900097,0
B357,B357,Jackie Robinson Playground,B,2025-01-01,H1,2024-11-15,2024-11-15,47,7,7,A,0,0,0,0,0,0.0416666666666667,0,0,2025-04-11,2025-04-11,A,0,2025,2025H1,3.87120101090789,2.07944154167984,0,0,0.0961987514491204,0.095777975812041,0
B359,B359,Eleanor Roosevelt Playground,B,2025-01-01,H1,2024-09-27,2024-09-27,96,7,6,A,0,0,0,0,0,0.0454545454545455,0.142857142857143,0,2025-02-28,2025-02-28,A,0,2025,2025H1,4.57471097850338,2.07944154167984,0,0,0.107297750157826,0.106818785729504,0
B364,B364,Woods Playground,B,2025-01-01,H1,2024-12-17,2024-12-17,15,8,7,N,0,0,0,0,0,0.125,0.125,1,2025-05-06,2025-05-06,A,0,2025,2025H1,2.77258872223978,2.19722457733622,0,0,0.0809131784743088,0.0805719487612445,0
B372,B372,Friends Field,B,2025-01-01,H1,2024-12-05,2024-12-05,27,8,8,U,1,0,0,0,0.333333333333333,0.115384615384615,0,0,2025-04-29,2025-04-29,A,0,2025,2025H1,3.3322045101752,2.19722457733622,0,0,0.157090292108928,0.156424488598061,0
B380,B380,Robert E. Venable Park,B,2025-01-01,H1,2024-10-15,2024-10-15,78,7,6,A,0,0,0,0,0.666666666666667,0.227272727272727,0.142857142857143,0,2025-03-24,2025-03-24,U,1,2025,2025H1,4.36944785246702,2.07944154167984,1,0.693147180559945,0.199004055021094,0.200603647081926,1
BT15,BT15,Bush Terminal Park,B,2025-01-01,H1,2024-09-26,2024-09-26,97,7,7,A,0,0,0,0,0,0.0416666666666667,0,0,2025-03-18,2025-03-18,A,0,2025,2025H1,4.58496747867057,2.07944154167984,0,0,0.107467603883149,0.106987747592389,0
M005-ZN01,M005,Battery Park Zone 1,M,2025-01-01,H1,2024-07-30,2024-07-30,155,7,7,A,0,1,0,0,0,0.125,0,0,2025-01-16,2025-01-16,A,0,2025,2025H1,5.04985600724954,2.07944154167984,2,1.09861228866811,0.107110744991357,0.108118042928958,2
M005-ZN02,M005,Battery Park Zone 2,M,2025-01-01,H1,2024-08-02,2024-08-02,152,7,6,U,1,1,0,0,1,0.409090909090909,0.142857142857143,0,2025-01-16,2025-01-16,A,0,2025,2025H1,5.03043792139244,2.07944154167984,2,1.09861228866811,0.329798331451242,0.331935950283064,2
M009,M009,Bennett Park,M,2025-01-01,H1,2024-10-15,2024-10-15,78,7,6,A,0,0,0,0,0,0.136363636363636,0.142857142857143,0,2025-03-06,2025-03-06,A,0,2025,2025H1,4.36944785246702,2.07944154167984,1,0.693147180559945,0.0963760495591507,0.0965138238357956,1
M010-ZN10&11,M010,Sheep Meadow,M,2025-01-01,H1,2024-10-10,2024-10-10,83,8,8,A,0,0,0,0,0,0.0384615384615385,0,0,2025-02-21,2025-02-21,A,0,2025,2025H1,4.43081679884331,2.19722457733622,0,0,0.0973033926776385,0.0960868607749913,0
M010-ZN16,M010,Pilgrim Hill & Conservatory Water,M,2025-01-01,H1,2024-10-01,2024-10-01,92,8,8,A,0,0,0,0,0,0.0384615384615385,0,0,2025-03-07,2025-03-07,A,0,2025,2025H1,4.53259949315326,2.19722457733622,0,0,0.0988589832868177,0.0976230515880924,0
M010-ZN18&19,M010,The Ramble,M,2025-01-01,H1,2024-12-18,2024-12-18,14,8,7,A,0,0,0,0,0,0.0416666666666667,0.125,0,2025-05-22,2025-05-22,U,1,2025,2025H1,2.70805020110221,2.19722457733622,0,0,0.0741102999153752,0.0731870079380224,0
M010-ZN34,M010,Reservoir (Northwest),M,2025-01-01,H1,2024-10-01,2024-10-01,92,7,7,A,0,0,0,0,0,0.0416666666666667,0,0,2025-02-06,2025-02-06,A,0,2025,2025H1,4.53259949315326,2.07944154167984,0,0,0.0988589832868177,0.0976230515880924,0
M011,M011,Chelsea Park,M,2025-01-01,H1,2024-09-30,2024-09-30,93,7,7,A,0,0,0,0,0,0.0416666666666667,0,0,2025-03-11,2025-03-11,A,0,2025,2025H1,4.54329478227,2.07944154167984,0,0,0.0990237235563763,0.097785739574532,0
M015,M015,Columbus Park,M,2025-01-01,H1,2024-12-26,2024-12-26,6,8,8,A,0,0,1,0,0.333333333333333,0.115384615384615,0,0,2025-04-30,2025-04-30,A,0,2025,2025H1,1.94591014905531,2.19722457733622,1,0.693147180559945,0.0931227466480752,0.0932810316419815,1
M018,M018,Carmansville Playground,M,2025-01-01,H1,2024-10-25,2024-10-25,68,7,7,A,0,0,0,0,0,0.0416666666666667,0,0,2025-03-19,2025-03-19,A,0,2025,2025H1,4.23410650459726,2.07944154167984,2,1.09861228866811,0.0943587774180774,0.0952750564696381,2
M022,M022,De Witt Clinton Park,M,2025-01-01,H1,2024-11-18,2024-11-18,44,8,7,A,0,0,0,0,0,0.0416666666666667,0.125,0,2025-03-13,2025-03-13,A,0,2025,2025H1,3.80666248977032,2.19722457733622,2,1.09861228866811,0.0882340961181388,0.0891047008245246,2
M028-ZN04,M028,Fort Washington Park Zone 4,M,2025-01-01,H1,2024-12-04,2024-12-04,28,8,8,A,0,0,0,0,0.333333333333333,0.115384615384615,0,0,2025-04-30,2025-04-30,A,0,2025,2025H1,3.36729582998647,2.19722457733622,0,0,0.116036472098253,0.114613462405997,0
M029-ZN01,M029,Fort Tryon Park Zone 1,M,2025-01-01,H1,2024-10-22,2024-10-22,71,7,7,A,0,0,0,0,0,0.125,0,0,2025-03-26,2025-03-26,A,0,2025,2025H1,4.27666611901606,2.07944154167984,3,1.38629436111989,0.0949890203207945,0.0964690162459646,3
M037-10,M037,Adventure Plgd,M,2025-01-01,H1,2024-12-05,2024-12-05,27,3,2,A,0,0,0,0,0,0.0714285714285714,0.333333333333333,0,2025-05-06,2025-05-06,U,1,2025,2025H1,3.3322045101752,1.38629436111989,1,0.693147180559945,0.0818581941814982,0.0819949844996533,1
M041,M041,Alexander Hamilton Playground,M,2025-01-01,H1,2024-08-22,2024-08-22,132,7,7,A,0,1,0,0,0,0.125,0,0,2025-01-13,2025-01-13,U,1,2025,2025H1,4.89034912822175,2.07944154167984,1,0.693147180559945,0.104503497447046,0.104640362051288,1
M042-ZN01,M042,Inwood Hill Park Zone 1,M,2025-01-01,H1,2024-09-25,2024-09-25,98,8,8,A,0,0,0,0,0,0.0384615384615385,0,0,2025-02-25,2025-02-25,A,0,2025,2025H1,4.59511985013459,2.19722457733622,1,0.693147180559945,0.0998254534426577,0.099962961078481,1
M045,M045,John Jay Park,M,2025-01-01,H1,2024-08-19,2024-08-19,135,7,6,A,0,0,0,0,0,0.0454545454545455,0.142857142857143,0,2025-01-21,2025-01-21,U,1,2025,2025H1,4.91265488573605,2.07944154167984,0,0,0.104864699353435,0.103554229220703,0
M056-02,M056,Morningside Plgd,M,2025-01-01,H1,2024-10-25,2024-10-25,68,7,7,A,0,0,0,0,0,0.125,0,0,2025-04-16,2025-04-16,A,0,2025,2025H1,4.23410650459726,2.07944154167984,0,0,0.0943587774180774,0.0931790687669623,0
M069,M069,Vesuvio Playground,M,2025-01-01,H1,2024-11-22,2024-11-22,40,8,8,A,0,0,0,0,0,0.0384615384615385,0,0,2025-04-02,2025-04-02,A,0,2025,2025H1,3.71357206670431,2.19722457733622,6,1.94591014905531,0.0869487348104064,0.0893386305955306,6
M071-04,M071,Neufeld Plgd,M,2025-01-01,H1,2024-10-16,2024-10-16,77,8,8,A,0,0,0,0,0.333333333333333,0.115384615384615,0,0,2025-03-17,2025-03-17,A,0,2025,2025H1,4.35670882668959,2.19722457733622,0,0,0.134753508900142,0.133109372940065,0
M071-ZN17,M071,Wildlife Sanct. & 119 St Tennis Courts,M,2025-01-01,H1,2024-09-17,2024-09-17,106,7,7,A,0,0,0,0,0,0.0416666666666667,0,0,2025-01-28,2025-01-28,A,0,2025,2025H1,4.67282883446191,2.07944154167984,1,0.693147180559945,0.101038419844878,0.101175791327498,1
M072-01,M072,Riverbank Plgd,M,2025-01-01,H1,2024-08-02,2024-08-02,152,7,4,U,1,0,0,0,0.333333333333333,0.166666666666667,0.428571428571429,0,2025-01-13,2025-01-13,U,1,2025,2025H1,5.03043792139244,2.07944154167984,1,0.693147180559945,0.186839884136871,0.187009832747649,1
M076,M076,St. Vartan Park,M,2025-01-01,H1,2024-12-24,2024-12-24,8,8,8,A,0,0,0,0,0,0.0384615384615385,0,0,2025-06-23,2025-06-23,A,0,2025,2025H1,2.19722457733622,2.19722457733622,2,1.09861228866811,0.0682773194475654,0.0689895872778074,2
M077-02,M077,St Nicholas,M,2025-01-01,H1,2024-10-25,2024-10-25,68,8,8,A,0,0,0,0,0,0.115384615384615,0,0,2025-03-19,2025-03-19,A,0,2025,2025H1,4.23410650459726,2.19722457733622,0,0,0.0943587774180774,0.0931790687669623,0
M077-03,M077,Arlington Edinboro Playground,M,2025-01-01,H1,2024-08-22,2024-08-22,132,7,7,A,0,1,0,0,0.333333333333333,0.125,0,0,2025-01-13,2025-01-13,A,0,2025,2025H1,4.89034912822175,2.07944154167984,0,0,0.14586989643562,0.144097638430837,0
M077-04,M077,St Nicholas,M,2025-01-01,H1,2024-12-18,2024-12-18,14,8,8,A,0,0,1,0,0,0.115384615384615,0,0,2025-05-07,2025-05-07,A,0,2025,2025H1,2.70805020110221,2.19722457733622,2,1.09861228866811,0.0741102999153752,0.0748704197117701,2
M079,M079,St. Catherine's Park,M,2025-01-01,H1,2024-12-05,2024-12-05,27,8,8,A,0,0,0,0,0,0.0384615384615385,0,0,2025-04-11,2025-04-11,A,0,2025,2025H1,3.3322045101752,2.19722457733622,3,1.38629436111989,0.0818581941814982,0.0831688994828938,3
M081-ZN02,M081,Carl Schurz Promenade,M,2025-01-01,H1,2024-08-16,2024-08-16,138,7,7,A,0,0,0,0,0,0.0416666666666667,0,0,2025-01-24,2025-01-24,A,0,2025,2025H1,4.93447393313069,2.07944154167984,0,0,0.105219085788156,0.103904235562365,0
M089,M089,Union Square Park,M,2025-01-01,H1,2024-09-30,2024-09-30,93,8,8,A,0,1,0,0,0,0.0384615384615385,0,0,2025-03-10,2025-03-10,A,0,2025,2025H1,4.54329478227,2.19722457733622,3,1.38629436111989,0.0990237235563763,0.100554072554349,3
M089-01,M089,Evelyn's Playground,M,2025-01-01,H1,2024-12-05,2024-12-05,27,8,8,A,0,0,0,0,0,0.115384615384615,0,0,2025-05-19,2025-05-19,A,0,2025,2025H1,3.3322045101752,2.19722457733622,2,1.09861228866811,0.0818581941814982,0.0826798368389243,2
M098-ZN01,M098,Washington Square Park Western Half,M,2025-01-01,H1,2024-10-01,2024-10-01,92,8,8,A,0,0,0,0,0,0.115384615384615,0,0,2025-03-27,2025-03-27,A,0,2025,2025H1,4.53259949315326,2.19722457733622,9,2.30258509299405,0.0988589832868177,0.102252327714444,9
M105,M105,Sara D. Roosevelt Park,M,2025-01-01,H1,2024-09-20,2024-09-20,103,7,7,A,0,0,0,0,0,0.0416666666666667,0,0,2025-02-12,2025-02-12,A,0,2025,2025H1,4.64439089914137,2.07944154167984,4,1.6094379124341,0.100593019227602,0.102601127756136,4
M107-ZN06,M107,Wards Meadow,M,2025-01-01,H1,2024-12-12,2024-12-12,20,9,9,A,0,0,0,0,0,0.0357142857142857,0,0,2025-05-20,2025-05-20,A,0,2025,2025H1,3.04452243772342,2.30258509299405,0,0,0.0781993825479447,0.0772239026316189,0
M154,M154,Mathews-Palmer Playground,M,2025-01-01,H1,2024-09-17,2024-09-17,106,7,7,A,0,0,0,0,0,0.0416666666666667,0,0,2025-02-10,2025-02-10,A,0,2025,2025H1,4.67282883446191,2.07944154167984,3,1.38629436111989,0.101038419844878,0.102593626612247,3
M158,M158,Robert Moses Playground,M,2025-01-01,H1,2024-12-05,2024-12-05,27,8,8,A,0,0,0,0,0,0.0384615384615385,0,0,2025-04-11,2025-04-11,A,0,2025,2025H1,3.3322045101752,2.19722457733622,0,0,0.0818581941814982,0.0808361782004641,0
M159,M159,Frederick Johnson Playground,M,2025-01-01,H1,2024-10-18,2024-10-18,75,7,2,A,0,0,0,0,0,0.0714285714285714,0.714285714285714,0,2025-03-07,2025-03-07,U,1,2025,2025H1,4.33073334028633,2.07944154167984,0,0,0.0957951051953649,0.0945974185507663,0
M160,M160,Fred Samuel Playground,M,2025-01-01,H1,2024-09-16,2024-09-16,107,8,6,A,0,0,1,0,0,0.0454545454545455,0.25,0,2025-02-18,2025-02-18,A,0,2025,2025H1,4.68213122712422,2.19722457733622,0,0,0.101184495298555,0.0999196325551042,0
M161,M161,McCaffrey Playground,M,2025-01-01,H1,2024-08-28,2024-08-28,126,7,6,A,0,0,0,0,0,0.136363636363636,0.142857142857143,0,2025-01-13,2025-01-13,A,0,2025,2025H1,4.84418708645859,2.07944154167984,2,1.09861228866811,0.10375947486004,0.104743372356817,2
M165,M165,Baruch Playground,M,2025-01-01,H1,2024-10-07,2024-10-07,86,8,7,A,0,0,0,0,0,0.125,0.125,0,2025-02-18,2025-02-18,A,0,2025,2025H1,4.46590811865458,2.19722457733622,0,0,0.0978372266534329,0.0966140330910538,0
M186,M186,Brigadier General Charles Young Playground,M,2025-01-01,H1,2024-12-18,2024-12-18,14,8,6,N,0,0,0,0,0,0.0454545454545455,0.25,1,2025-05-09,2025-05-09,A,0,2025,2025H1,2.70805020110221,2.19722457733622,0,0,0.0741102999153752,0.0731870079380224,0
M193,M193,Abraham Lincoln Playground,M,2025-01-01,H1,2024-10-15,2024-10-15,78,8,6,A,0,0,0,0,0.333333333333333,0.136363636363636,0.25,0,2025-03-14,2025-03-14,A,0,2025,2025H1,4.36944785246702,2.19722457733622,1,0.693147180559945,0.135010336483951,0.135164278844304,1
M194,M194,Alfred E. Smith Playground,M,2025-01-01,H1,2024-12-23,2024-12-23,9,8,6,U,1,0,0,0,0.333333333333333,0.318181818181818,0.25,0,2025-06-02,2025-06-02,U,1,2025,2025H1,2.30258509299405,2.19722457733622,1,0.693147180559945,0.125430939640554,0.125622292424181,1
M198,M198,"Martin Luther King, Jr. Playground",M,2025-01-01,H1,2024-12-09,2024-12-09,23,8,8,A,0,0,0,0,0,0.0384615384615385,0,0,2025-04-17,2025-04-17,A,0,2025,2025H1,3.17805383034795,2.19722457733622,4,1.6094379124341,0.079878679825172,0.0815359066751271,4
M208A,M208A,Alice Kornegay Triangle,M,2025-01-01,H1,2024-09-24,2024-09-24,99,7,5,N,1,0,0,0,0.333333333333333,0.25,0.285714285714286,1,2025-02-03,2025-02-03,A,0,2025,2025H1,4.60517018598809,2.07944154167984,1,0.693147180559945,0.175932666720878,0.176108980177892,1
M211B,M211B,Langston Hughes Playground,M,2025-01-01,H1,2024-09-05,2024-09-05,118,7,7,A,0,0,0,0,0,0.291666666666667,0,0,2025-01-29,2025-01-29,U,1,2025,2025H1,4.77912349311153,2.07944154167984,2,1.09861228866811,0.102718759156726,0.103695315418686,2
M215,M215,Cherry Tree Park,M,2025-01-01,H1,2024-10-08,2024-10-08,85,7,7,A,0,0,0,0,0.333333333333333,0.125,0,0,2025-02-27,2025-02-27,A,0,2025,2025H1,4.45434729625351,2.07944154167984,1,0.693147180559945,0.136732533184081,0.136885830171606,1
M216,M216,Holcombe Rucker Park,M,2025-01-01,H1,2024-09-05,2024-09-05,118,7,7,A,0,0,0,0,0,0.125,0,0,2025-02-03,2025-02-03,A,0,2025,2025H1,4.77912349311153,2.07944154167984,0,0,0.102718759156726,0.101434856157895,0
M217,M217,Howard Bennett Playground,M,2025-01-01,H1,2024-10-03,2024-10-03,90,7,7,A,0,0,0,0,0,0.125,0,0,2025-03-07,2025-03-07,A,0,2025,2025H1,4.51085950651685,2.07944154167984,1,0.693147180559945,0.0985248727126254,0.0986625020279584,1
M220,M220,Frederick Douglass Playground,M,2025-01-01,H1,2024-08-28,2024-08-28,126,8,8,A,0,0,0,0,0,0.0384615384615385,0,0,2025-01-28,2025-01-28,A,0,2025,2025H1,4.84418708645859,2.19722457733622,4,1.6094379124341,0.10375947486004,0.105819025366428,4
M223,M223,Jacob H. Schiff Playground,M,2025-01-01,H1,2024-12-09,2024-12-09,23,7,7,U,1,0,0,0,0.333333333333333,0.208333333333333,0,0,2025-04-16,2025-04-16,A,0,2025,2025H1,3.17805383034795,2.07944154167984,0,0,0.142984670078315,0.141283450105327,0
M226,M226,Augustus St. Gaudens Playground,M,2025-01-01,H1,2024-10-18,2024-10-18,75,8,5,N,0,0,0,0,0,0.15,0.375,1,2025-03-21,2025-03-21,A,0,2025,2025H1,4.33073334028633,2.19722457733622,3,1.38629436111989,0.0957951051953649,0.0972852224478298,3
M229,M229,Happy Warrior Playground,M,2025-01-01,H1,2024-10-28,2024-10-28,65,8,3,N,0,0,0,0,0,0.0625,0.625,1,2025-03-20,2025-03-20,A,0,2025,2025H1,4.18965474202643,2.19722457733622,0,0,0.093704516624978,0.0925330072690661,0
M230,M230,Poor Richard's Playground,M,2025-01-01,H1,2024-12-10,2024-12-10,22,6,1,N,0,0,0,0,0,0.0833333333333333,0.833333333333333,1,2025-04-17,2025-04-17,U,1,2025,2025H1,3.13549421592915,1.94591014905531,0,0,0.0793399034157453,0.0783499004434751,0
M234,M234,Wright Brothers Playground,M,2025-01-01,H1,2024-07-10,2024-07-10,175,7,7,A,0,1,0,0,0,0.0416666666666667,0,0,2025-01-14,2025-01-14,U,1,2025,2025H1,5.17048399503815,2.07944154167984,0,0,0.109120347108471,0.107757417593738,0
M235,M235,Sol Lain Plgd,M,2025-01-01,H1,2024-09-18,2024-09-18,105,7,5,A,0,0,0,0,0,0.05,0.285714285714286,0,2025-02-10,2025-02-10,A,0,2025,2025H1,4.66343909411207,2.07944154167984,0,0,0.100891162625968,0.0996299444408744,0
M236,M236,Samuel Seabury Playground,M,2025-01-01,H1,2024-09-11,2024-09-11,112,7,6,A,0,0,0,0,0,0.0454545454545455,0.142857142857143,0,2025-01-21,2025-01-21,A,0,2025,2025H1,4.72738781871234,2.07944154167984,4,1.6094379124341,0.101897835979739,0.103927211328334,4
M237,M237,Corporal John A. Seravalli Playground,M,2025-01-01,H1,2024-08-28,2024-08-28,126,8,8,A,0,0,0,0,0,0.0384615384615385,0,0,2025-01-09,2025-01-09,A,0,2025,2025H1,4.84418708645859,2.19722457733622,3,1.38629436111989,0.10375947486004,0.105347955807022,3
M239,M239,P.S. 155 Playground,M,2025-01-01,H1,2024-08-23,2024-08-23,131,7,3,A,0,0,0,0,0.666666666666667,0.3125,0.571428571428571,0,2025-01-13,2025-01-13,U,1,2025,2025H1,4.88280192258637,2.07944154167984,2,1.09861228866811,0.199745934653693,0.201349286809467,2
M245,M245,Renaissance Playground,M,2025-01-01,H1,2024-10-29,2024-10-29,64,8,8,A,0,0,0,0,0,0.0384615384615385,0,0,2025-03-20,2025-03-20,A,0,2025,2025H1,4.17438726989564,2.19722457733622,0,0,0.0934807432274221,0.0923120396780312,0
M251,M251,Bleecker Playground,M,2025-01-01,H1,2024-09-30,2024-09-30,93,8,8,A,0,0,0,0,0,0.0384615384615385,0,0,2025-03-10,2025-03-10,A,0,2025,2025H1,4.54329478227,2.19722457733622,3,1.38629436111989,0.0990237235563763,0.100554072554349,3
M256,M256,MacArthur Playground,M,2025-01-01,H1,2024-12-24,2024-12-24,8,8,8,A,0,0,0,0,0,0.115384615384615,0,0,2025-04-24,2025-04-24,A,0,2025,2025H1,2.19722457733622,2.19722457733622,1,0.693147180559945,0.0682773194475654,0.068409677015725,1
M258,M258,East River Playground,M,2025-01-01,H1,2024-09-19,2024-09-19,104,7,7,A,0,0,0,0,0,0.0416666666666667,0,0,2025-02-20,2025-02-20,A,0,2025,2025H1,4.65396035015752,2.07944154167984,0,0,0.100742702867329,0.0994833297657731,0
M259,M259,McKinley Playground,M,2025-01-01,H1,2024-11-01,2024-11-01,61,8,3,A,0,0,0,0,0,0.0625,0.625,0,2025-04-11,2025-04-11,U,1,2025,2025H1,4.12713438504509,2.19722457733622,1,0.693147180559945,0.0927911982857429,0.0929290547100364,1
M300,M300,Sherman Creek,M,2025-01-01,H1,2024-10-03,2024-10-03,90,8,8,A,0,0,0,0,0,0.115384615384615,0,0,2025-03-06,2025-03-06,A,0,2025,2025H1,4.51085950651685,2.19722457733622,0,0,0.0985248727126254,0.0972931045564922,0
M308,M308,Washington Market Park,M,2025-01-01,H1,2024-10-02,2024-10-02,91,7,7,U,1,1,1,0,0.333333333333333,0.125,0,0,2025-03-05,2025-03-05,A,0,2025,2025H1,4.52178857704904,2.07944154167984,2,1.09861228866811,0.173853805008009,0.175337969383714,2
M360-ZN01,M360,The High Line Zone 1,M,2025-01-01,H1,2024-09-05,2024-09-05,118,7,7,A,0,1,0,0,0,0.0416666666666667,0,0,2025-01-23,2025-01-23,U,1,2025,2025H1,4.77912349311153,2.07944154167984,1,0.693147180559945,0.102718759156726,0.102855906425353,1
M399,M399,Bella Abzug Park,M,2025-01-01,H1,2024-09-30,2024-09-30,93,7,7,A,0,1,0,0,0,0.125,0,0,2025-03-13,2025-03-13,U,1,2025,2025H1,4.54329478227,2.07944154167984,1,0.693147180559945,0.0990237235563763,0.09916130919639,1
Q002,Q002,Grover Cleveland Playground,Q,2025-01-01,H1,2024-09-03,2024-09-03,120,7,7,A,0,1,0,0,0.333333333333333,0.208333333333333,0,0,2025-02-10,2025-02-10,U,1,2025,2025H1,4.79579054559674,2.07944154167984,0,0,0.125183477425111,0.124739226054368,0
Q004-01,Q004,Charybdis Playground,Q,2025-01-01,H1,2024-12-13,2024-12-13,19,7,7,A,0,0,0,0,0,0.0416666666666667,0,0,2025-05-16,2025-05-16,A,0,2025,2025H1,2.99573227355399,2.07944154167984,0,0,0.0668555985145707,0.0666446118944322,0
Q004-ZN01,Q004,Astoria Park Zone 1,Q,2025-01-01,H1,2024-11-21,2024-11-21,41,8,7,A,0,0,1,0,0,0.0416666666666667,0.125,0,2025-03-18,2025-03-18,A,0,2025,2025H1,3.73766961828337,2.19722457733622,1,0.693147180559945,0.0753105299467017,0.0761461091280469,1
Q005-ZN01,Q005,Baisley Pond Park Zone 1,Q,2025-01-01,H1,2024-12-06,2024-12-06,26,8,8,U,1,0,0,0,0.333333333333333,0.115384615384615,0,0,2025-04-25,2025-04-25,U,1,2025,2025H1,3.29583686600433,2.19722457733622,0,0,0.126651361101033,0.126235271232376,0
Q005-ZN03,Q005,Baisley Pond Park Zone 3,Q,2025-01-01,H1,2024-10-31,2024-10-31,62,7,7,A,0,0,0,0,0,0.125,0,0,2025-04-25,2025-04-25,A,0,2025,2025H1,4.14313472639153,2.07944154167984,0,0,0.0803364470635934,0.080067201778735,0
Q005-ZN04,Q005,Baisley Pond Park Zone 4,Q,2025-01-01,H1,2024-10-22,2024-10-22,71,8,8,U,1,0,0,0,0.333333333333333,0.115384615384615,0,0,2025-03-28,2025-03-28,U,1,2025,2025H1,4.27666611901606,2.19722457733622,0,0,0.146610622027077,0.146111891487788,0
Q012-ZN01,Q012,Crocheron Park Zone 1,Q,2025-01-01,H1,2024-09-17,2024-09-17,106,8,8,A,0,0,0,0,0,0.0384615384615385,0,0,2025-01-31,2025-01-31,A,0,2025,2025H1,4.67282883446191,2.19722457733622,0,0,0.0873629059488653,0.0870626942573182,0
Q012B,Q012B,John Golden Park,Q,2025-01-01,H1,2024-10-10,2024-10-10,83,8,8,A,0,0,0,0,0.333333333333333,0.192307692307692,0,0,2025-04-08,2025-04-08,A,0,2025,2025H1,4.43081679884331,2.19722457733622,0,0,0.118439496432457,0.118024654078984,0
Q014,Q014,Astoria Heights Playground,Q,2025-01-01,H1,2024-09-04,2024-09-04,119,7,7,A,0,0,0,0,0,0.0416666666666667,0,0,2025-01-29,2025-01-29,A,0,2025,2025H1,4.78749174278205,2.07944154167984,0,0,0.0889553897837548,0.0886481147456565,0
Q015-08,Q015,Dry Harbor Playground,Q,2025-01-01,H1,2024-12-04,2024-12-04,28,8,8,A,0,0,0,0,0,0.0384615384615385,0,0,2025-04-16,2025-04-16,A,0,2025,2025H1,3.36729582998647,2.19722457733622,0,0,0.0709736328913918,0.0707450387273449,0
Q015-ZN04,Q015,Victory Field,Q,2025-01-01,H1,2024-10-18,2024-10-18,75,8,8,A,0,0,0,0,0,0.0384615384615385,0,0,2025-03-21,2025-03-21,A,0,2025,2025H1,4.33073334028633,2.19722457733622,0,0,0.0827639344797382,0.0824840301779406,0
Q015-ZN06,Q015,The Bandshell,Q,2025-01-01,H1,2024-12-04,2024-12-04,28,8,4,N,0,0,0,0,0,0.0555555555555556,0.5,1,2025-06-10,2025-06-10,A,0,2025,2025H1,3.36729582998647,2.19722457733622,0,0,0.0709736328913918,0.0707450387273449,0
Q020-ZN01,Q020,Highland Park Zone 1,Q,2025-01-01,H1,2024-10-24,2024-10-24,69,8,8,A,0,0,0,0,0,0.0384615384615385,0,0,2025-04-15,2025-04-15,A,0,2025,2025H1,4.24849524204936,2.19722457733622,0,0,0.0816916810558658,0.0814164903983516,0
Q020-ZN02,Q020,Highland Park Zone 2,Q,2025-01-01,H1,2024-10-24,2024-10-24,69,8,5,A,0,0,0,0,0,0.05,0.375,0,2025-04-15,2025-04-15,A,0,2025,2025H1,4.24849524204936,2.19722457733622,1,0.693147180559945,0.0816916810558658,0.0825828681957613,1
Q021-ZN01,Q021,Cunningham Park Zone 1,Q,2025-01-01,H1,2024-09-24,2024-09-24,99,7,4,A,0,0,0,0,0.666666666666667,0.277777777777778,0.428571428571429,0,2025-02-11,2025-02-11,U,1,2025,2025H1,4.60517018598809,2.07944154167984,0,0,0.168488387147432,0.167889249449714,0
Q021-ZN02,Q021,Cunningham Park Zone 2,Q,2025-01-01,H1,2024-10-08,2024-10-08,85,8,8,A,0,0,0,0,0,0.0384615384615385,0,0,2025-02-25,2025-02-25,A,0,2025,2025H1,4.45434729625351,2.19722457733622,0,0,0.0843997595765523,0.084112648346599,0
Q021-ZN03,Q021,Cunningham Park Zone 3,Q,2025-01-01,H1,2024-09-24,2024-09-24,99,7,7,A,0,0,0,0,0,0.0416666666666667,0,0,2025-02-25,2025-02-25,A,0,2025,2025H1,4.60517018598809,2.07944154167984,0,0,0.0864353711712818,0.0861392663249492,0
Q022,Q022,Margaret I. Carman Green - Weeping Beech,Q,2025-01-01,H1,2024-12-23,2024-12-23,9,8,7,A,0,0,0,0,0,0.0416666666666667,0.125,0,2025-05-01,2025-05-01,A,0,2025,2025H1,2.30258509299405,2.19722457733622,1,0.693147180559945,0.0597609236255239,0.0604539275488038,1
Q023,Q023,Rufus King Park,Q,2025-01-01,H1,2024-09-18,2024-09-18,105,7,7,A,0,0,1,0,0,0.125,0,0,2025-02-04,2025-02-04,A,0,2025,2025H1,4.66343909411207,2.07944154167984,1,0.693147180559945,0.0872336458521024,0.0881718416907749,1
Q026,Q026,Park Of The Americas,Q,2025-01-01,H1,2024-10-28,2024-10-28,65,8,8,A,0,0,0,0,0,0.115384615384615,0,0,2025-03-24,2025-03-24,A,0,2025,2025H1,4.18965474202643,2.19722457733622,9,2.30258509299405,0.080932277777188,0.0845607062824761,9
Q031,Q031,Lawrence Virgilio Playground,Q,2025-01-01,H1,2024-09-05,2024-09-05,118,7,6,A,0,0,0,0,0,0.0454545454545455,0.142857142857143,0,2025-03-07,2025-03-07,A,0,2025,2025H1,4.77912349311153,2.07944154167984,4,1.6094379124341,0.0888382876331669,0.0914780508757451,4
Q044,Q044,L/CPL Thomas P. Noonan Jr. Playground,Q,2025-01-01,H1,2024-09-27,2024-09-27,96,7,7,A,0,0,0,0,0,0.0416666666666667,0,0,2025-03-07,2025-03-07,A,0,2025,2025H1,4.57471097850338,2.07944154167984,4,1.6094379124341,0.0860207221596837,0.0885886846577464,4
Q046,Q046,Josephine Caminiti Playground,Q,2025-01-01,H1,2024-09-30,2024-09-30,93,7,7,A,0,0,0,0,0,0.0416666666666667,0,0,2025-02-24,2025-02-24,A,0,2025,2025H1,4.54329478227,2.07944154167984,1,0.693147180559945,0.0855949339595018,0.0865193516455166,1
Q052,Q052,Captain Tilly Park,Q,2025-01-01,H1,2024-12-13,2024-12-13,19,8,4,U,1,1,0,0,0.333333333333333,0.166666666666667,0.5,0,2025-04-24,2025-04-24,A,0,2025,2025H1,2.99573227355399,2.19722457733622,0,0,0.121026337504808,0.120633469286221,0
Q066B,Q066B,Triborough Bridge Playground B,Q,2025-01-01,H1,2024-12-16,2024-12-16,16,8,6,A,0,0,0,0,0,0.0454545454545455,0.25,0,2025-05-02,2025-05-02,A,0,2025,2025H1,2.83321334405622,2.19722457733622,2,1.09861228866811,0.065125030383026,0.0664283024840222,2
Q067A,Q067A,General Hart Playground,Q,2025-01-01,H1,2024-12-04,2024-12-04,28,7,5,N,0,0,0,0,0.333333333333333,0.15,0.285714285714286,1,2025-05-02,2025-05-02,A,0,2025,2025H1,3.36729582998647,2.07944154167984,2,1.09861228866811,0.100558051353689,0.102457180331059,2
Q082,Q082,Wayanda Park,Q,2025-01-01,H1,2024-10-07,2024-10-07,86,7,7,A,0,0,0,0,0,0.208333333333333,0,0,2025-03-10,2025-03-10,A,0,2025,2025H1,4.46590811865458,2.07944154167984,1,0.693147180559945,0.0845542397638658,0.0854698545278811,1
Q085,Q085,Gorman Playground,Q,2025-01-01,H1,2024-10-17,2024-10-17,76,7,7,A,0,0,0,0,0,0.0416666666666667,0,0,2025-03-05,2025-03-05,A,0,2025,2025H1,4.34380542185368,2.07944154167984,4,1.6094379124341,0.0829355484684598,0.0854241508222911,4
Q095,Q095,Vito Locascio Field,Q,2025-01-01,H1,2024-09-20,2024-09-20,103,7,7,A,0,0,0,0,0,0.125,0,0,2025-02-20,2025-02-20,A,0,2025,2025H1,4.64439089914137,2.07944154167984,0,0,0.0869719577623771,0.0866734777295896,0
Q098,Q098,Frank D. O'Connor Playground,Q,2025-01-01,H1,2024-10-28,2024-10-28,65,8,8,A,0,0,0,0,0,0.0384615384615385,0,0,2025-03-24,2025-03-24,A,0,2025,2025H1,4.18965474202643,2.19722457733622,2,1.09861228866811,0.080932277777188,0.0825004301796029,2
Q099-20,Q099,Albert H. Mauro Playground,Q,2025-01-01,H1,2024-08-02,2024-08-02,152,7,7,A,0,0,0,0,0,0.0416666666666667,0,0,2025-01-14,2025-01-14,A,0,2025,2025H1,5.03043792139244,2.07944154167984,0,0,0.092416313266766,0.0920936374353799,0
Q099-ZN08,Q099,South Of Fountain Of The Planets,Q,2025-01-01,H1,2024-10-03,2024-10-03,90,8,8,A,0,0,0,0,0,0.115384615384615,0,0,2025-02-06,2025-02-06,A,0,2025,2025H1,4.51085950651685,2.19722457733622,0,0,0.0851573391326619,0.0848668840103532,0
Q099-ZN19,Q099,Ballfields,Q,2025-01-01,H1,2024-12-06,2024-12-06,26,8,8,A,0,0,0,0,0,0.115384615384615,0,0,2025-04-17,2025-04-17,A,0,2025,2025H1,3.29583686600433,2.19722457733622,0,0,0.0701638689878322,0.0699387516127029,0
Q099-ZN20,Q099,Meadow Lake North,Q,2025-01-01,H1,2024-10-03,2024-10-03,90,7,7,A,0,0,0,0,0,0.0416666666666667,0,0,2025-02-19,2025-02-19,A,0,2025,2025H1,4.51085950651685,2.07944154167984,1,0.693147180559945,0.0851573391326619,0.0860780603567884,1
Q099-ZN25,Q099,Meadow Lake NE,Q,2025-01-01,H1,2024-10-10,2024-10-10,83,7,7,A,0,0,0,0,0,0.0416666666666667,0,0,2025-02-19,2025-02-19,A,0,2025,2025H1,4.43081679884331,2.07944154167984,0,0,0.0840861272043665,0.0838003991822229,0
Q102-02,Q102,Juniper North Playground Tennis,Q,2025-01-01,H1,2024-12-09,2024-12-09,23,8,8,A,0,0,0,0,0,0.0384615384615385,0,0,2025-04-16,2025-04-16,A,0,2025,2025H1,3.17805383034795,2.19722457733622,0,0,0.0688477899260791,0.068628308431199,0
Q103,Q103,Raymond O’Connor Park,Q,2025-01-01,H1,2024-11-18,2024-11-18,44,7,7,A,0,0,0,0,0.333333333333333,0.208333333333333,0,0,2025-04-02,2025-04-02,A,0,2025,2025H1,3.80666248977032,2.07944154167984,0,0,0.107635080012699,0.107267170686935,0
Q104,Q104,Queensbridge Park,Q,2025-01-01,H1,2024-12-13,2024-12-13,19,8,6,A,0,0,0,0,0,0.0454545454545455,0.25,0,2025-05-20,2025-05-20,A,0,2025,2025H1,2.99573227355399,2.19722457733622,0,0,0.0668555985145707,0.0666446118944322,0
Q106,Q106,Daniel M. O'Connell Playground,Q,2025-01-01,H1,2024-12-16,2024-12-16,16,8,8,U,1,0,0,0,0.333333333333333,0.115384615384615,0,0,2025-06-03,2025-06-03,A,0,2025,2025H1,2.83321334405622,2.19722457733622,0,0,0.118070973932612,0.117690281377175,0
Q107,Q107,Springfield Park,Q,2025-01-01,H1,2024-08-27,2024-08-27,127,7,7,A,0,0,0,0,0,0.125,0,0,2025-01-03,2025-01-03,A,0,2025,2025H1,4.85203026391962,2.07944154167984,1,0.693147180559945,0.0898632059938515,0.0908233003541496,1
Q118,Q118,Police Officer Nicholas Demutiis Park,Q,2025-01-01,H1,2024-11-25,2024-11-25,37,7,6,A,0,0,0,0,0,0.0454545454545455,0.142857142857143,0,2025-04-28,2025-04-28,A,0,2025,2025H1,3.63758615972639,2.07944154167984,1,0.693147180559945,0.0741151610087738,0.0749401419704549,1
Q119,Q119,Frederick B. Judge Playground,Q,2025-01-01,H1,2024-10-28,2024-10-28,65,7,7,A,0,0,0,0,0,0.0416666666666667,0,0,2025-03-17,2025-03-17,A,0,2025,2025H1,4.18965474202643,2.07944154167984,1,0.693147180559945,0.080932277777188,0.0818169313553738,1
Q128,Q128,London Planetree Playground,Q,2025-01-01,H1,2024-12-10,2024-12-10,22,8,8,A,0,0,0,0,0,0.115384615384615,0,0,2025-06-05,2025-06-05,A,0,2025,2025H1,3.13549421592915,2.19722457733622,0,0,0.0683778869832807,0.0681604132078492,0
Q129,Q129,"Phil """"Scooter"""" Rizzuto Park",Q,2025-01-01,H1,2024-12-06,2024-12-06,26,7,7,A,0,1,0,0,0,0.0416666666666667,0,0,2025-04-14,2025-04-14,A,0,2025,2025H1,3.29583686600433,2.07944154167984,0,0,0.0701638689878322,0.0699387516127029,0
Q134,Q134,Jack Breininger Park,Q,2025-01-01,H1,2024-12-13,2024-12-13,19,8,8,A,0,0,0,0,0,0.0384615384615385,0,0,2025-06-23,2025-06-23,A,0,2025,2025H1,2.99573227355399,2.19722457733622,0,0,0.0668555985145707,0.0666446118944322,0
Q141,Q141,Murray Playground,Q,2025-01-01,H1,2024-08-16,2024-08-16,138,7,7,A,0,0,0,0,0,0.0416666666666667,0,0,2025-01-08,2025-01-08,A,0,2025,2025H1,4.93447393313069,2.07944154167984,2,1.09861228866811,0.091035022277894,0.0927648021403091,2
Q162H,Q162H,Beach 30th Street Playground,Q,2025-01-01,H1,2024-09-04,2024-09-04,119,7,5,A,0,0,0,0,0,0.15,0.285714285714286,0,2025-01-24,2025-01-24,A,0,2025,2025H1,4.78749174278205,2.07944154167984,0,0,0.0889553897837548,0.0886481147456565,0
Q162J,Q162J,Beach 17 Playground,Q,2025-01-01,H1,2024-10-28,2024-10-28,65,7,7,A,0,0,0,0,0.333333333333333,0.208333333333333,0,0,2025-03-27,2025-03-27,A,0,2025,2025H1,4.18965474202643,2.07944154167984,0,0,0.114157739215965,0.113761529599659,0
Q162J01,Q162J01,Beach 9 Playground,Q,2025-01-01,H1,2024-09-19,2024-09-19,104,7,6,A,0,0,0,0,0,0.0454545454545455,0.142857142857143,0,2025-02-04,2025-02-04,A,0,2025,2025H1,4.65396035015752,2.07944154167984,0,0,0.0871033359865563,0.0868042741355824,0
Q163-ZN05B,Q163,Rockaway Beach 05b,Q,2025-01-01,H1,2024-12-06,2024-12-06,26,8,8,A,0,0,0,0,0,0.0384615384615385,0,0,2025-04-22,2025-04-22,A,0,2025,2025H1,3.29583686600433,2.19722457733622,2,1.09861228866811,0.0701638689878322,0.0715532168277687,2
Q163-ZN07B,Q163,Rockaway Beach 07b,Q,2025-01-01,H1,2024-12-17,2024-12-17,15,9,5,N,0,0,0,0,0,0.05,0.444444444444444,1,2025-05-29,2025-05-29,A,0,2025,2025H1,2.77258872223978,2.30258509299405,0,0,0.0644902123384544,0.0642892518534181,0
Q205A,Q205A,Big Bush Playground,Q,2025-01-01,H1,2024-12-05,2024-12-05,27,7,6,A,0,0,0,0,0,0.0454545454545455,0.142857142857143,0,2025-05-09,2025-05-09,A,0,2025,2025H1,3.3322045101752,2.07944154167984,0,0,0.0705749095175721,0.0703480281588253,0
Q211,Q211,Maple Playground,Q,2025-01-01,H1,2024-09-26,2024-09-26,97,7,4,N,0,0,0,0,0,0.0555555555555556,0.428571428571429,1,2025-02-21,2025-02-21,A,0,2025,2025H1,4.58496747867057,2.07944154167984,2,1.09861228866811,0.0861601449118534,0.0878126583250637,2
Q212,Q212,Queens Valley Playground,Q,2025-01-01,H1,2024-10-21,2024-10-21,72,8,8,A,0,0,0,0,0,0.0384615384615385,0,0,2025-03-07,2025-03-07,A,0,2025,2025H1,4.29045944114839,2.19722457733622,0,0,0.0822372365893326,0.0819596487098388,0
Q218,Q218,Dutch Kills Playground,Q,2025-01-01,H1,2024-09-23,2024-09-23,100,7,7,U,1,0,1,0,0.333333333333333,0.125,0,0,2025-02-11,2025-02-11,A,0,2025,2025H1,4.61512051684126,2.07944154167984,1,0.693147180559945,0.154079090160779,0.155574188387799,1
Q220G,Q220G,Hoover - Manton Playgrounds,Q,2025-01-01,H1,2024-12-19,2024-12-19,13,7,7,A,0,0,0,0,0,0.0416666666666667,0,0,2025-05-05,2025-05-05,A,0,2025,2025H1,2.63905732961526,2.07944154167984,1,0.693147180559945,0.063112238147488,0.0638368586348976,1
Q221,Q221,Farm Playground,Q,2025-01-01,H1,2024-11-20,2024-11-20,42,8,4,N,0,0,0,0,0,0.0555555555555556,0.5,1,2025-04-11,2025-04-11,A,0,2025,2025H1,3.76120011569356,2.19722457733622,0,0,0.0755941317786275,0.0753455747349078,0
Q226-01,Q226,Hallets Cove Playground (area A),Q,2025-01-01,H1,2024-08-26,2024-08-26,128,7,7,A,0,0,0,0,0,0.0416666666666667,0,0,2025-01-29,2025-01-29,U,1,2025,2025H1,4.85981240436167,2.07944154167984,1,0.693147180559945,0.0899732340813992,0.0909342391264681,1
Q266,Q266,Westbourne Playground,Q,2025-01-01,H1,2024-08-16,2024-08-16,138,7,7,A,0,0,0,0,0,0.125,0,0,2025-01-27,2025-01-27,A,0,2025,2025H1,4.93447393313069,2.07944154167984,0,0,0.091035022277894,0.0907185009505475,0
Q293,Q293,Saul Weprin Playground,Q,2025-01-01,H1,2024-12-23,2024-12-23,9,8,6,N,0,0,0,0,0,0.0454545454545455,0.25,1,2025-05-12,2025-05-12,A,0,2025,2025H1,2.30258509299405,2.19722457733622,0,0,0.0597609236255239,0.0595797953669224,0
Q300-04,Q300,Captain Mario Fajardo Park,Q,2025-01-01,H1,2024-11-04,2024-11-04,58,7,7,A,0,0,0,0,0,0.0416666666666667,0,0,2025-04-03,2025-04-03,A,0,2025,2025H1,4.07753744390572,2.07944154167984,1,0.693147180559945,0.0795030757726198,0.0803753720131905,1
Q300-ZN03,Q300,Captain Mario Fajardo Park,Q,2025-01-01,H1,2024-12-03,2024-12-03,29,8,8,A,0,0,0,0,0,0.0384615384615385,0,0,2025-04-10,2025-04-10,A,0,2025,2025H1,3.40119738166216,2.19722457733622,1,0.693147180559945,0.0713608125745694,0.0721611503641024,1
Q302,Q302,Evergreen Park,Q,2025-01-01,H1,2024-10-29,2024-10-29,64,7,6,A,0,0,0,0,0.666666666666667,0.409090909090909,0.142857142857143,0,2025-04-25,2025-04-25,A,0,2025,2025H1,4.17438726989564,2.07944154167984,2,1.09861228866811,0.158316722652922,0.161050693513044,2
Q303,Q303,Travers Park,Q,2025-01-01,H1,2024-09-16,2024-09-16,107,7,7,U,1,0,0,0,0.333333333333333,0.125,0,0,2025-02-24,2025-02-24,A,0,2025,2025H1,4.68213122712422,2.07944154167984,0,0,0.155594157953434,0.155058248825803,0
Q304,Q304,Ehrenreich-Austin Playground,Q,2025-01-01,H1,2024-09-03,2024-09-03,120,7,6,A,0,0,0,0,0,0.0454545454545455,0.142857142857143,0,2025-01-27,2025-01-27,A,0,2025,2025H1,4.79579054559674,2.07944154167984,0,0,0.0890716576603871,0.0887638663331967,0
Q305,Q305,Mafera Park,Q,2025-01-01,H1,2024-10-07,2024-10-07,86,8,8,A,0,0,0,0,0.333333333333333,0.192307692307692,0,0,2025-02-24,2025-02-24,A,0,2025,2025H1,4.46590811865458,2.19722457733622,0,0,0.119073993046946,0.118656386620589,0
Q306,Q306,The Painter's Playground,Q,2025-01-01,H1,2024-10-07,2024-10-07,86,7,7,A,0,0,0,0,0,0.0416666666666667,0,0,2025-03-13,2025-03-13,U,1,2025,2025H1,4.46590811865458,2.07944154167984,0,0,0.0845542397638658,0.0842664469856493,0
Q307,Q307,Delphin H. Greene Playground,Q,2025-01-01,H1,2024-11-18,2024-11-18,44,7,7,A,0,0,0,0,0,0.208333333333333,0,0,2025-04-02,2025-04-02,A,0,2025,2025H1,3.80666248977032,2.07944154167984,1,0.693147180559945,0.0761448472116492,0.0769877891881558,1
Q308,Q308,Bowne Playground,Q,2025-01-01,H1,2024-09-06,2024-09-06,117,7,5,A,0,0,0,0,0,0.05,0.285714285714286,0,2025-02-11,2025-02-11,A,0,2025,2025H1,4.77068462446567,2.07944154167984,1,0.693147180559945,0.0887203381757116,0.0896709466262711,1
Q314,Q314,Fresh Meadows Playground,Q,2025-01-01,H1,2024-08-26,2024-08-26,128,7,7,A,0,0,0,0,0.333333333333333,0.125,0,0,2025-02-03,2025-02-03,A,0,2025,2025H1,4.85981240436167,2.07944154167984,0,0,0.126399855414548,0.125950293979922,0
Q317,Q317,Tall Oak Playground,Q,2025-01-01,H1,2024-08-19,2024-08-19,135,7,7,U,1,1,1,0,0.333333333333333,0.125,0,0,2025-01-08,2025-01-08,A,0,2025,2025H1,4.91265488573605,2.07944154167984,0,0,0.160899052357917,0.160341230158338,0
Q319,Q319,Annadale Playground,Q,2025-01-01,H1,2024-09-30,2024-09-30,93,7,6,A,0,1,0,0,0,0.0454545454545455,0.142857142857143,0,2025-03-13,2025-03-13,A,0,2025,2025H1,4.54329478227,2.07944154167984,1,0.693147180559945,0.0855949339595018,0.0865193516455166,1
Q320,Q320,Vleigh Playground,Q,2025-01-01,H1,2024-12-02,2024-12-02,30,8,8,A,0,0,0,0,0,0.115384615384615,0,0,2025-05-22,2025-05-22,A,0,2025,2025H1,3.43398720448515,2.19722457733622,0,0,0.071737149661795,0.0715052710921093,0
Q322,Q322,Bellaire Playground,Q,2025-01-01,H1,2024-10-16,2024-10-16,77,7,6,U,1,0,0,0,0.333333333333333,0.136363636363636,0.142857142857143,0,2025-04-02,2025-04-02,U,1,2025,2025H1,4.35670882668959,2.07944154167984,1,0.693147180559945,0.148349349674794,0.149806236116145,1
Q328,Q328,Bellerose Playground,Q,2025-01-01,H1,2024-12-09,2024-12-09,23,8,6,A,0,0,0,0,0,0.0454545454545455,0.25,0,2025-05-02,2025-05-02,A,0,2025,2025H1,3.17805383034795,2.19722457733622,0,0,0.0688477899260791,0.068628308431199,0
Q329,Q329,Pomonok Playground,Q,2025-01-01,H1,2024-11-20,2024-11-20,42,7,7,A,0,0,0,0,0,0.0416666666666667,0,0,2025-04-15,2025-04-15,A,0,2025,2025H1,3.76120011569356,2.07944154167984,0,0,0.0755941317786275,0.0753455747349078,0
Q330,Q330,Locust Manor Playground,Q,2025-01-01,H1,2024-09-09,2024-09-09,114,7,5,U,1,0,0,0,0.666666666666667,0.35,0.285714285714286,0,2025-02-04,2025-02-04,U,1,2025,2025H1,4.74493212836325,2.07944154167984,0,0,0.214208356587879,0.213474960401811,0
Q332,Q332,Woodtree Playground,Q,2025-01-01,H1,2024-08-26,2024-08-26,128,7,7,U,1,1,1,0,0.333333333333333,0.125,0,0,2025-01-29,2025-01-29,A,0,2025,2025H1,4.85981240436167,2.07944154167984,0,0,0.159670250494083,0.159117500573199,0
Q335,Q335,Russell Sage Playground,Q,2025-01-01,H1,2024-10-15,2024-10-15,78,7,6,A,0,0,0,0,0,0.136363636363636,0.142857142857143,0,2025-03-06,2025-03-06,U,1,2025,2025H1,4.36944785246702,2.07944154167984,2,1.09861228866811,0.0832731300066689,0.0848792501278236,2
Q336,Q336,Judge Moses Weinstein Playground,Q,2025-01-01,H1,2024-10-02,2024-10-02,91,7,6,A,0,0,0,0,0.333333333333333,0.136363636363636,0.142857142857143,0,2025-02-24,2025-02-24,A,0,2025,2025H1,4.52178857704904,2.07944154167984,0,0,0.120090451199351,0.11966841536102,0
Q337,Q337,Maurice A FitzGerald Playground,Q,2025-01-01,H1,2024-08-08,2024-08-08,146,7,7,A,0,0,1,0,0,0.125,0,0,2025-01-21,2025-01-21,U,1,2025,2025H1,4.99043258677874,2.07944154167984,0,0,0.0918382089979272,0.0915181102095405,0
Q338,Q338,Admiral Playground,Q,2025-01-01,H1,2024-08-30,2024-08-30,124,7,7,A,0,0,0,0,0,0.0416666666666667,0,0,2025-01-24,2025-01-24,A,0,2025,2025H1,4.8283137373023,2.07944154167984,0,0,0.0895286365777374,0.0892188152687798,0
Q339,Q339,Cambria Playground,Q,2025-01-01,H1,2024-09-18,2024-09-18,105,7,7,A,0,0,0,0,0,0.0416666666666667,0,0,2025-02-03,2025-02-03,U,1,2025,2025H1,4.66343909411207,2.07944154167984,0,0,0.0872336458521024,0.0869340068079772,0
Q340,Q340,Torsney Playground,Q,2025-01-01,H1,2024-12-04,2024-12-04,28,8,8,A,0,0,0,0,0,0.0384615384615385,0,0,2025-04-14,2025-04-14,A,0,2025,2025H1,3.36729582998647,2.19722457733622,4,1.6094379124341,0.0709736328913918,0.0731470915430314,4
Q342,Q342,Electric Playground,Q,2025-01-01,H1,2024-12-02,2024-12-02,30,7,7,A,0,0,0,0,0.333333333333333,0.125,0,0,2025-04-15,2025-04-15,A,0,2025,2025H1,3.43398720448515,2.07944154167984,0,0,0.101605022562406,0.101263156854003,0
Q343,Q343,Whitestone Playground,Q,2025-01-01,H1,2024-10-21,2024-10-21,72,7,7,A,0,0,0,0,0.333333333333333,0.125,0,0,2025-03-28,2025-03-28,A,0,2025,2025H1,4.29045944114839,2.07944154167984,0,0,0.115930851353359,0.11552693027343,0
Q344,Q344,Emerald Playground,Q,2025-01-01,H1,2024-08-26,2024-08-26,128,7,7,A,0,0,0,0,0,0.0416666666666667,0,0,2025-01-21,2025-01-21,A,0,2025,2025H1,4.85981240436167,2.07944154167984,0,0,0.0899732340813992,0.0896614366407614,0
Q345,Q345,Redfern Playground,Q,2025-01-01,H1,2024-09-09,2024-09-09,114,7,4,A,0,0,0,0,0.333333333333333,0.166666666666667,0.428571428571429,0,2025-01-24,2025-01-24,U,1,2025,2025H1,4.74493212836325,2.07944154167984,0,0,0.124224358473648,0.123784293106285,0
Q348,Q348,Willow Lake Playground,Q,2025-01-01,H1,2024-10-15,2024-10-15,78,7,7,A,0,0,0,0,0,0.125,0,0,2025-03-13,2025-03-13,A,0,2025,2025H1,4.36944785246702,2.07944154167984,0,0,0.0832731300066689,0.0829909843637498,0
Q349,Q349,Telephone Playground,Q,2025-01-01,H1,2024-08-19,2024-08-19,135,7,7,A,0,0,0,0,0,0.125,0,0,2025-01-24,2025-01-24,A,0,2025,2025H1,4.91265488573605,2.07944154167984,0,0,0.0907235651174188,0.0904084301068496,0
Q351,Q351,Peters Field,Q,2025-01-01,H1,2024-10-18,2024-10-18,75,7,7,A,0,0,0,0,0,0.0416666666666667,0,0,2025-03-31,2025-03-31,A,0,2025,2025H1,4.33073334028633,2.07944154167984,0,0,0.0827639344797382,0.0824840301779406,0
Q354,Q354,Playground Seventy Five,Q,2025-01-01,H1,2024-12-19,2024-12-19,13,8,8,A,0,0,0,0,0,0.115384615384615,0,0,2025-05-05,2025-05-05,A,0,2025,2025H1,2.63905732961526,2.19722457733622,0,0,0.063112238147488,0.0629170866791254,0
Q356,Q356,Alley Park,Q,2025-01-01,H1,2024-11-07,2024-11-07,55,7,7,A,0,0,0,0,0,0.125,0,0,2025-04-08,2025-04-08,A,0,2025,2025H1,4.02535169073515,2.07944154167984,0,0,0.0788457384570571,0.0785830163977274,0
Q357B,Q357B,Real Good Playground,Q,2025-01-01,H1,2024-09-03,2024-09-03,120,7,5,N,0,0,0,0,0,0.15,0.285714285714286,1,2025-01-27,2025-01-27,A,0,2025,2025H1,4.79579054559674,2.07944154167984,1,0.693147180559945,0.0890716576603871,0.090025187265463,1
Q359,Q359,Haggerty Park,Q,2025-01-01,H1,2024-09-18,2024-09-18,105,7,6,A,0,0,0,0,0.333333333333333,0.227272727272727,0.142857142857143,0,2025-03-10,2025-03-10,A,0,2025,2025H1,4.66343909411207,2.07944154167984,1,0.693147180559945,0.122700664765437,0.123939893458951,1
Q360M,Q360M,Frontera Park,Q,2025-01-01,H1,2024-08-27,2024-08-27,127,7,7,A,0,0,0,0,0,0.0416666666666667,0,0,2025-01-22,2025-01-22,A,0,2025,2025H1,4.85203026391962,2.07944154167984,0,0,0.0898632059938515,0.0895518977069528,0
Q360N,Q360N,Hoffman Park,Q,2025-01-01,H1,2024-10-21,2024-10-21,72,8,8,A,0,0,1,0,0,0.0384615384615385,0,0,2025-03-13,2025-03-13,A,0,2025,2025H1,4.29045944114839,2.19722457733622,0,0,0.0822372365893326,0.0819596487098388,0
Q361,Q361,Moore Homestead Playground,Q,2025-01-01,H1,2024-09-16,2024-09-16,107,7,7,A,0,0,0,0,0,0.0416666666666667,0,0,2025-02-24,2025-02-24,A,0,2025,2025H1,4.68213122712422,2.07944154167984,2,1.09861228866811,0.0874911343735438,0.089164876667835,2
Q362,Q362,Playground Ninety,Q,2025-01-01,H1,2024-10-17,2024-10-17,76,8,6,A,0,0,0,0,0,0.0454545454545455,0.25,0,2025-03-17,2025-03-17,A,0,2025,2025H1,4.34380542185368,2.19722457733622,0,0,0.0829355484684598,0.0826548889747768,0
Q363,Q363,Northern Playground,Q,2025-01-01,H1,2024-12-16,2024-12-16,16,8,8,U,1,0,1,0,0.333333333333333,0.192307692307692,0,0,2025-05-02,2025-05-02,A,0,2025,2025H1,2.83321334405622,2.19722457733622,1,0.693147180559945,0.118070973932612,0.119308824469796,1
Q364,Q364,Marie Curie Playground,Q,2025-01-01,H1,2024-11-04,2024-11-04,58,7,7,A,0,0,0,0,0,0.0416666666666667,0,0,2025-03-17,2025-03-17,A,0,2025,2025H1,4.07753744390572,2.07944154167984,0,0,0.0795030757726198,0.0792374794313712,0
Q367,Q367,Hammel Playground,Q,2025-01-01,H1,2024-10-21,2024-10-21,72,7,5,A,0,0,0,0,0,0.15,0.285714285714286,0,2025-02-28,2025-02-28,U,1,2025,2025H1,4.29045944114839,2.07944154167984,2,1.09861228866811,0.0822372365893326,0.0838265939079839,2
Q369,Q369,Louis Pasteur Park,Q,2025-01-01,H1,2024-12-11,2024-12-11,21,8,8,A,0,0,0,0,0,0.0384615384615385,0,0,2025-05-12,2025-05-12,A,0,2025,2025H1,3.09104245335832,2.19722457733622,0,0,0.0678902670015652,0.0676748740509336,0
Q373,Q373,Helen Marshall Playground,Q,2025-01-01,H1,2024-11-20,2024-11-20,42,8,8,A,0,0,0,0,0,0.0384615384615385,0,0,2025-04-07,2025-04-07,U,1,2025,2025H1,3.76120011569356,2.19722457733622,0,0,0.0755941317786275,0.0753455747349078,0
Q378,Q378,Ampere Playground,Q,2025-01-01,H1,2024-09-09,2024-09-09,114,7,7,A,0,0,0,0,0.333333333333333,0.125,0,0,2025-01-30,2025-01-30,A,0,2025,2025H1,4.74493212836325,2.07944154167984,1,0.693147180559945,0.124224358473648,0.125474725968546,1
Q385,Q385,Ditmars Playground,Q,2025-01-01,H1,2024-10-15,2024-10-15,78,8,8,A,0,0,1,0,0,0.0384615384615385,0,0,2025-03-31,2025-03-31,A,0,2025,2025H1,4.36944785246702,2.19722457733622,1,0.693147180559945,0.0832731300066689,0.0841778514300896,1
Q387A,Q387A,Bayside Fields,Q,2025-01-01,H1,2024-12-09,2024-12-09,23,8,8,A,0,0,0,0,0,0.192307692307692,0,0,2025-05-12,2025-05-12,U,1,2025,2025H1,3.17805383034795,2.19722457733622,0,0,0.0688477899260791,0.068628308431199,0
Q389,Q389,Bayside Playground,Q,2025-01-01,H1,2024-11-25,2024-11-25,37,7,2,A,0,0,0,0,0,0.0714285714285714,0.714285714285714,0,2025-04-18,2025-04-18,A,0,2025,2025H1,3.63758615972639,2.07944154167984,0,0,0.0741151610087738,0.0738730160066755,0
Q390,Q390,Clintonville Playground,Q,2025-01-01,H1,2024-11-04,2024-11-04,58,8,5,A,0,0,0,0,0.333333333333333,0.15,0.375,0,2025-03-28,2025-03-28,A,0,2025,2025H1,4.07753744390572,2.19722457733622,0,0,0.112213438492683,0.111825676574495,0
Q391,Q391,Joseph Austin Playground,Q,2025-01-01,H1,2024-11-20,2024-11-20,42,8,8,U,1,0,0,0,0.666666666666667,0.192307692307692,0,0,2025-04-07,2025-04-07,A,0,2025,2025H1,3.76120011569356,2.19722457733622,0,0,0.186987449023702,0.186359326199402,0
Q397,Q397,Auburndale Playground,Q,2025-01-01,H1,2024-11-14,2024-11-14,48,8,7,A,0,0,0,0,0,0.0416666666666667,0.125,0,2025-04-10,2025-04-10,U,1,2025,2025H1,3.89182029811063,2.19722457733622,0,0,0.0771863351453662,0.0769308532453996,0
Q398,Q398,Rosemary's Playground,Q,2025-01-01,H1,2024-08-09,2024-08-09,145,6,6,A,0,0,1,0,0,0.0454545454545455,0,0,2025-01-14,2025-01-14,A,0,2025,2025H1,4.98360662170834,1.94591014905531,1,0.693147180559945,0.0917398943862257,0.0927154605926168,1
Q399,Q399,Bay Terrace Playground,Q,2025-01-01,H1,2024-11-04,2024-11-04,58,7,7,A,0,0,0,0,0,0.125,0,0,2025-03-28,2025-03-28,A,0,2025,2025H1,4.07753744390572,2.07944154167984,0,0,0.0795030757726198,0.0792374794313712,0
Q404,Q404,East Springfield Playground,Q,2025-01-01,H1,2024-12-13,2024-12-13,19,7,7,A,0,0,0,0,0.333333333333333,0.208333333333333,0,0,2025-04-28,2025-04-28,A,0,2025,2025H1,2.99573227355399,2.07944154167984,0,0,0.0948988120209977,0.0945857341302455,0
Q406,Q406,Springfield Park North,Q,2025-01-01,H1,2024-10-25,2024-10-25,68,8,7,A,0,0,0,0,0,0.125,0.125,0,2025-04-02,2025-04-02,U,1,2025,2025H1,4.23410650459726,2.19722457733622,0,0,0.08150538062789,0.0812310080872519,0
Q407,Q407,Lanett Playground,Q,2025-01-01,H1,2024-08-09,2024-08-09,145,7,7,U,1,0,0,0,0.333333333333333,0.125,0,0,2025-01-15,2025-01-15,A,0,2025,2025H1,4.98360662170834,2.07944154167984,0,0,0.162560974858238,0.161996296363876,0
Q408,Q408,Harold Schneiderman Playground,Q,2025-01-01,H1,2024-09-20,2024-09-20,103,6,5,A,0,0,0,0,0,0.05,0.166666666666667,0,2025-02-28,2025-02-28,A,0,2025,2025H1,4.64439089914137,1.94591014905531,0,0,0.0869719577623771,0.0866734777295896,0
Q415,Q415,Louis Armstrong Playground,Q,2025-01-01,H1,2024-11-20,2024-11-20,42,8,5,A,0,1,0,0,0,0.05,0.375,0,2025-04-07,2025-04-07,A,0,2025,2025H1,3.76120011569356,2.19722457733622,2,1.09861228866811,0.0755941317786275,0.0770745078483426,2
Q422,Q422,Seaside Playground,Q,2025-01-01,H1,2024-08-09,2024-08-09,145,7,7,A,0,1,0,0,0,0.0416666666666667,0,0,2025-01-06,2025-01-06,A,0,2025,2025H1,4.98360662170834,2.07944154167984,0,0,0.0917398943862257,0.0914202336846674,0
Q423,Q423,Reiff Playground,Q,2025-01-01,H1,2024-10-29,2024-10-29,64,7,7,A,0,0,0,0,0,0.0416666666666667,0,0,2025-04-04,2025-04-04,A,0,2025,2025H1,4.17438726989564,2.07944154167984,1,0.693147180559945,0.080736288289786,0.081619252013206,1
Q426,Q426,North Rochdale Playground,Q,2025-01-01,H1,2024-08-09,2024-08-09,145,7,5,A,0,0,0,0,0.333333333333333,0.15,0.285714285714286,0,2025-01-16,2025-01-16,U,1,2025,2025H1,4.98360662170834,2.07944154167984,0,0,0.128780549651793,0.128320591951522,0
Q436,Q436,Athens Square,Q,2025-01-01,H1,2024-10-01,2024-10-01,92,7,7,A,0,0,0,0,0,0.125,0,0,2025-02-20,2025-02-20,A,0,2025,2025H1,4.53259949315326,2.07944154167984,1,0.693147180559945,0.085450415581183,0.0863736132925801,1
Q448-ZN02A,Q448,Roy Wilkins Rec Center Zone 2A,Q,2025-01-01,H1,2024-11-22,2024-11-22,40,8,8,A,0,0,0,0,0,0.0384615384615385,0,0,2025-03-14,2025-03-14,A,0,2025,2025H1,3.71357206670431,2.19722457733622,0,0,0.0750211068981079,0.074775036565243,0
Q450,Q450,Corona Golf Playground,Q,2025-01-01,H1,2024-12-19,2024-12-19,13,8,8,A,0,0,0,0,0,0.0384615384615385,0,0,2025-05-16,2025-05-16,A,0,2025,2025H1,2.63905732961526,2.19722457733622,1,0.693147180559945,0.063112238147488,0.0638368586348976,1
Q492,Q492,Elmhurst Park,Q,2025-01-01,H1,2024-10-28,2024-10-28,65,8,8,A,0,0,0,0,0,0.0384615384615385,0,0,2025-03-24,2025-03-24,A,0,2025,2025H1,4.18965474202643,2.19722457733622,0,0,0.080932277777188,0.0806604203187523,0
R006-ZN02,R006,Conference House Park Zone 2,R,2025-01-01,H1,2024-10-18,2024-10-18,75,8,8,A,0,0,0,0,0,0.0384615384615385,0,0,2025-02-21,2025-02-21,A,0,2025,2025H1,4.33073334028633,2.19722457733622,0,0,0.0697005664924169,0.0696300714315966,0
R015,R015,Walker Park,R,2025-01-01,H1,2024-10-31,2024-10-31,62,8,8,A,0,0,0,0,0,0.0384615384615385,0,0,2025-03-31,2025-03-31,A,0,2025,2025H1,4.14313472639153,2.19722457733622,0,0,0.0676279811470339,0.067562137874352,0
R025,R025,Mahoney Playground,R,2025-01-01,H1,2024-10-25,2024-10-25,68,8,8,A,0,0,0,0,0,0.0384615384615385,0,0,2025-03-19,2025-03-19,A,0,2025,2025H1,4.23410650459726,2.19722457733622,0,0,0.0686257988813466,0.0685577245040319,0
R026,R026,Gerard P. Dugan Playground,R,2025-01-01,H1,2024-10-17,2024-10-17,76,8,6,A,0,0,0,0,0,0.0454545454545455,0.25,0,2025-02-24,2025-02-24,A,0,2025,2025H1,4.34380542185368,2.19722457733622,0,0,0.0698471558104465,0.0697763292017306,0
R033,R033,Levy Playground,R,2025-01-01,H1,2024-08-09,2024-08-09,145,7,7,U,1,0,0,0,0.666666666666667,0.208333333333333,0,0,2025-01-07,2025-01-07,A,0,2025,2025H1,4.98360662170834,2.07944154167984,0,0,0.190860039724838,0.190580352890717,0
R034,R034,Austin J. McDonald Playground,R,2025-01-01,H1,2024-09-05,2024-09-05,118,8,8,A,0,0,0,0,0,0.115384615384615,0,0,2025-03-06,2025-03-06,A,0,2025,2025H1,4.77912349311153,2.19722457733622,0,0,0.0748944361660575,0.0748119992060989,0
R035,R035,De Matti Park,R,2025-01-01,H1,2024-09-05,2024-09-05,118,7,7,A,0,0,0,0,0,0.0416666666666667,0,0,2025-01-27,2025-01-27,A,0,2025,2025H1,4.77912349311153,2.07944154167984,0,0,0.0748944361660575,0.0748119992060989,0
R038A,R038A,Midland Field,R,2025-01-01,H1,2024-09-30,2024-09-30,93,7,5,N,0,0,0,0,0,0.25,0.285714285714286,1,2025-02-27,2025-02-27,A,0,2025,2025H1,4.54329478227,2.07944154167984,0,0,0.0721198581390246,0.0720438496595588,0
R046-ZN03,R046,South Beach Zone 3,R,2025-01-01,H1,2024-11-26,2024-11-26,36,8,8,A,0,0,0,0,0,0.0384615384615385,0,0,2025-03-27,2025-03-27,A,0,2025,2025H1,3.61091791264422,2.19722457733622,0,0,0.0620554268251512,0.0620017398981157,0
R061,R061,Rev. Dr. Maggie Howard Playground,R,2025-01-01,H1,2024-09-05,2024-09-05,118,7,7,A,0,0,0,0,0,0.0416666666666667,0,0,2025-01-27,2025-01-27,A,0,2025,2025H1,4.77912349311153,2.07944154167984,0,0,0.0748944361660575,0.0748119992060989,0
R062,R062,Arrochar Playground,R,2025-01-01,H1,2024-11-19,2024-11-19,43,8,8,A,0,0,0,0,0,0.0384615384615385,0,0,2025-04-16,2025-04-16,A,0,2025,2025H1,3.78418963391826,2.19722457733622,0,0,0.0638208943011297,0.06376341373532,0
R063,R063,Old Town Playground,R,2025-01-01,H1,2024-08-20,2024-08-20,134,8,8,A,0,0,0,0,0,0.0384615384615385,0,0,2025-01-22,2025-01-22,A,0,2025,2025H1,4.90527477843843,2.19722457733622,1,0.693147180559945,0.0764186092234805,0.0774322800697609,1
R064,R064,Christopher J. Igneri Playground,R,2025-01-01,H1,2024-09-10,2024-09-10,113,7,6,A,0,0,0,0,0,0.0454545454545455,0.142857142857143,0,2025-01-22,2025-01-22,A,0,2025,2025H1,4.7361984483945,2.07944154167984,0,0,0.0743822132568853,0.0743009712889083,0
R065-ZN08,R065,Willowbrook Park Recreational Area,R,2025-01-01,H1,2024-10-29,2024-10-29,64,8,8,U,1,0,0,0,0.333333333333333,0.115384615384615,0,0,2025-03-04,2025-03-04,A,0,2025,2025H1,4.17438726989564,2.19722457733622,0,0,0.122923467450116,0.12277656983149,0
R067,R067,Gen. Douglas MacArthur Park,R,2025-01-01,H1,2024-09-18,2024-09-18,105,8,8,A,0,0,0,0,0,0.0384615384615385,0,0,2025-01-22,2025-01-22,A,0,2025,2025H1,4.66343909411207,2.19722457733622,0,0,0.0735213326677419,0.0734420907958392,0
R068,R068,The Big Park,R,2025-01-01,H1,2024-12-06,2024-12-06,26,8,8,A,0,0,0,0,0,0.0384615384615385,0,0,2025-04-15,2025-04-15,A,0,2025,2025H1,3.29583686600433,2.19722457733622,0,0,0.0589614393496465,0.058914263545933,0
R069,R069,Terrace Playground,R,2025-01-01,H1,2024-12-09,2024-12-09,23,8,7,A,0,0,0,0,0,0.0416666666666667,0.125,0,2025-04-16,2025-04-16,A,0,2025,2025H1,3.17805383034795,2.19722457733622,0,0,0.0578424153577436,0.0577975495266239,0
R076,R076,Markham Playground,R,2025-01-01,H1,2024-10-21,2024-10-21,72,7,7,A,0,0,0,0,0,0.0416666666666667,0,0,2025-03-13,2025-03-13,A,0,2025,2025H1,4.29045944114839,2.07944154167984,0,0,0.0692507254966348,0.0691812457926975,0
R085,R085,E.M.T. Christopher J. Prescott Playground,R,2025-01-01,H1,2024-11-18,2024-11-18,44,8,8,A,0,0,0,0,0,0.0384615384615385,0,0,2025-03-17,2025-03-17,A,0,2025,2025H1,3.80666248977032,2.19722457733622,0,0,0.0640532707459904,0.0639952867649756,0
R090,R090,Lieutenant John H. Martinson Playground,R,2025-01-01,H1,2024-11-18,2024-11-18,44,8,6,A,0,0,0,0,0,0.136363636363636,0.25,0,2025-04-10,2025-04-10,A,0,2025,2025H1,3.80666248977032,2.19722457733622,0,0,0.0640532707459904,0.0639952867649756,0
X002-07,X002,River Park,X,2025-01-01,H1,2024-08-26,2024-08-26,128,7,7,A,0,0,0,1,0,0.0416666666666667,0,0,2025-01-27,2025-01-27,A,0,2025,2025H1,4.85981240436167,2.07944154167984,0,0,0.0881065290766025,0.0877626556874981,0
X002-14,X002,Rosewood Playground,X,2025-01-01,H1,2024-09-16,2024-09-16,107,6,6,U,1,0,0,0,0.333333333333333,0.136363636363636,0,0,2025-02-06,2025-02-06,U,1,2025,2025H1,4.68213122712422,1.94591014905531,0,0,0.152594284535611,0.152005795123248,0
X002-ZN04,X002,Allerton Fields In Bronx Park,X,2025-01-01,H1,2024-12-27,2024-12-27,5,8,6,A,0,1,0,0,0,0.0454545454545455,0.25,0,2025-06-06,2025-06-06,A,0,2025,2025H1,1.79175946922806,2.19722457733622,0,0,0.0538064437280904,0.0536242375212317,0
X004-01,X004,227th Street Playground,X,2025-01-01,H1,2024-09-27,2024-09-27,96,7,6,A,0,0,0,0,0.333333333333333,0.136363636363636,0.142857142857143,0,2025-03-10,2025-03-10,A,0,2025,2025H1,4.57471097850338,2.07944154167984,0,0,0.118632408530471,0.118164189784081,0
X004-03,X004,Parque De Los Ninos,X,2025-01-01,H1,2024-12-02,2024-12-02,30,8,8,A,0,0,1,0,0.333333333333333,0.115384615384615,0,0,2025-04-28,2025-04-28,A,0,2025,2025H1,3.43398720448515,2.19722457733622,5,1.79175946922806,0.0995233813790018,0.102780766648167,5
X008-ZN01,X008,Claremont Zone 1,X,2025-01-01,H1,2024-12-12,2024-12-12,20,8,8,A,0,0,0,0,0,0.192307692307692,0,0,2025-05-13,2025-05-13,U,1,2025,2025H1,3.04452243772342,2.19722457733622,1,0.693147180559945,0.0659514206592646,0.066671060784975,1
X010-ZN03,X010,Crotona Tennis House & Courts,X,2025-01-01,H1,2024-10-22,2024-10-22,71,8,8,A,0,0,0,0,0,0.0384615384615385,0,0,2025-02-28,2025-02-28,A,0,2025,2025H1,4.27666611901606,2.19722457733622,0,0,0.0803405771102211,0.0800341910215832,0
X010A-02,X010A,175th Street Playground,X,2025-01-01,H1,2024-12-26,2024-12-26,6,7,5,U,1,0,1,0,0.666666666666667,0.25,0.285714285714286,0,2025-05-22,2025-05-22,A,0,2025,2025H1,1.94591014905531,2.07944154167984,0,0,0.141079441023062,0.140571903297757,0
X013-01,X013,University Avenue Playground,X,2025-01-01,H1,2024-12-26,2024-12-26,6,8,8,A,0,0,0,0,0,0.0384615384615385,0,0,2025-05-21,2025-05-21,A,0,2025,2025H1,1.94591014905531,2.19722457733622,0,0,0.0551785951092461,0.054990176936036,0
X020,X020,Fort Independence Playground,X,2025-01-01,H1,2024-09-09,2024-09-09,114,7,7,A,0,0,0,0,0,0.125,0,0,2025-01-27,2025-01-27,A,0,2025,2025H1,4.74493212836325,2.07944154167984,0,0,0.0865248299395562,0.0861886194487065,0
X021,X021,Drew Playground,X,2025-01-01,H1,2024-09-19,2024-09-19,104,7,7,A,0,0,0,0,0,0.0416666666666667,0,0,2025-02-20,2025-02-20,A,0,2025,2025H1,4.65396035015752,2.07944154167984,1,0.693147180559945,0.0852905931899713,0.0861727376544294,1
X030-ZN02,X030,Macombs Dam Park Zone 2 Lower,X,2025-01-01,H1,2024-09-12,2024-09-12,111,8,7,A,0,0,0,0,0,0.0416666666666667,0.125,0,2025-03-04,2025-03-04,A,0,2025,2025H1,4.71849887129509,2.19722457733622,1,0.693147180559945,0.0861645463006421,0.0870536943818238,1
X034-ZN01,X034,Foster Park Zone 1,X,2025-01-01,H1,2024-09-26,2024-09-26,97,8,8,A,0,1,0,0,0,0.0384615384615385,0,0,2025-03-13,2025-03-13,A,0,2025,2025H1,4.58496747867057,2.19722457733622,1,0.693147180559945,0.0843652172232317,0.0852399151939492,1
X040,X040,Poe Park,X,2025-01-01,H1,2024-10-17,2024-10-17,76,7,7,A,0,0,0,0,0.333333333333333,0.125,0,0,2025-03-13,2025-03-13,A,0,2025,2025H1,4.34380542185368,2.07944154167984,0,0,0.114524159703393,0.114075403585238,0
X042,X042,Rose Hill Park,X,2025-01-01,H1,2024-09-03,2024-09-03,120,4,2,A,0,0,0,0,0,0.0714285714285714,0.5,0,2025-06-04,2025-06-04,U,1,2025,2025H1,4.79579054559674,1.6094379124341,0,0,0.0872218651477843,0.0868822793140504,0
X044,X044,St. James Park,X,2025-01-01,H1,2024-08-06,2024-08-06,148,7,7,A,0,0,0,0,0,0.125,0,0,2025-01-24,2025-01-24,A,0,2025,2025H1,5.00394630594546,2.07944154167984,0,0,0.0901279172945772,0.0897742326423851,0
X045-01,X045,St Mary's Playground East,X,2025-01-01,H1,2024-09-16,2024-09-16,107,7,5,A,0,0,1,0,0,0.05,0.285714285714286,0,2025-01-30,2025-01-30,A,0,2025,2025H1,4.68213122712422,2.07944154167984,0,0,0.0856710783384686,0.0853389985273416,0
X045-03,X045,St Mary's Playground West,X,2025-01-01,H1,2024-11-14,2024-11-14,48,7,6,A,0,0,0,0,0.333333333333333,0.136363636363636,0.142857142857143,0,2025-05-13,2025-05-13,A,0,2025,2025H1,3.89182029811063,2.07944154167984,0,0,0.106840291222469,0.106427873730768,0
X047-ZN01,X047,Franz Sigel Park Zone 1,X,2025-01-01,H1,2024-10-17,2024-10-17,76,8,6,A,0,0,1,0,0,0.0454545454545455,0.25,0,2025-03-04,2025-03-04,A,0,2025,2025H1,4.34380542185368,2.19722457733622,0,0,0.0812018279151468,0.0808913025423944,0
X080,X080,Henry Hudson Park,X,2025-01-01,H1,2024-12-06,2024-12-06,26,7,7,A,0,0,0,0,0.333333333333333,0.208333333333333,0,0,2025-04-23,2025-04-23,A,0,2025,2025H1,3.29583686600433,2.07944154167984,0,0,0.0974046598313739,0.0970366728263237,0
X085,X085,Slattery Playground,X,2025-01-01,H1,2024-08-05,2024-08-05,149,6,6,A,0,0,1,0,0,0.136363636363636,0,0,2025-01-13,2025-01-13,A,0,2025,2025H1,5.01063529409626,1.94591014905531,0,0,0.0902227334294264,0.0898685880895312,0
X092-05,X092,Van Cortlandt Classic Plgd,X,2025-01-01,H1,2024-10-08,2024-10-08,85,7,7,A,0,0,1,0,0,0.0416666666666667,0,0,2025-03-06,2025-03-06,A,0,2025,2025H1,4.45434729625351,2.07944154167984,0,0,0.082638188703881,0.0823207492694631,0
X092-06,X092,Woodlawn Plgd,X,2025-01-01,H1,2024-12-10,2024-12-10,22,8,6,A,0,0,0,0,0,0.0454545454545455,0.25,0,2025-04-24,2025-04-24,A,0,2025,2025H1,3.13549421592915,2.19722457733622,0,0,0.0669262771906901,0.0666836106591224,0
X092-26,X092,Sachkerah Woods Playground,X,2025-01-01,H1,2024-09-06,2024-09-06,117,7,7,A,0,0,0,0,0.333333333333333,0.125,0,0,2025-02-25,2025-02-25,A,0,2025,2025H1,4.77068462446567,2.07944154167984,0,0,0.122218628641498,0.12173341000988,0
X092-ZN02,X092,Van Cortlandt Stadium,X,2025-01-01,H1,2024-12-24,2024-12-24,8,9,2,A,0,0,0,0,0,0.0714285714285714,0.777777777777778,0,2025-05-29,2025-05-29,A,0,2025,2025H1,2.19722457733622,2.30258509299405,0,0,0.0574864835581027,0.0572875526454069,0
X092-ZN03,X092,Van Cortlandt Pool,X,2025-01-01,H1,2024-11-21,2024-11-21,41,8,8,A,0,0,0,0,0,0.0384615384615385,0,0,2025-04-01,2025-04-01,U,1,2025,2025H1,3.73766961828337,2.19722457733622,0,0,0.0737233920761105,0.0734486301021206,0
X092-ZN07,X092,Stables Area,X,2025-01-01,H1,2024-07-31,2024-07-31,154,7,7,A,0,0,1,0,0,0.0416666666666667,0,0,2025-01-24,2025-01-24,A,0,2025,2025H1,5.04342511691925,2.07944154167984,0,0,0.0906888287788332,0.090332418200817,0
X092-ZN11,X092,Indian Memorial To Indian Field,X,2025-01-01,H1,2024-10-01,2024-10-01,92,8,8,A,0,0,0,0,0,0.0384615384615385,0,0,2025-02-25,2025-02-25,A,0,2025,2025H1,4.53259949315326,2.19722457733622,0,0,0.0836689195844051,0.0833465106929374,0
X092-ZN12,X092,Allen Shandler Rec Area,X,2025-01-01,H1,2024-09-24,2024-09-24,99,8,7,N,0,0,0,0,0,0.0416666666666667,0.125,1,2025-02-25,2025-02-25,U,1,2025,2025H1,4.60517018598809,2.19722457733622,0,0,0.0846352408637008,0.0843081672829415,0
X102,X102,Ciccarone Park,X,2025-01-01,H1,2024-09-30,2024-09-30,93,7,7,A,0,0,1,0,0,0.0416666666666667,0,0,2025-02-18,2025-02-18,A,0,2025,2025H1,4.54329478227,2.07944154167984,0,0,0.0838107011124885,0.0834876081483616,0
X108,X108,Belmont Playground,X,2025-01-01,H1,2024-07-30,2024-07-30,155,7,7,A,0,0,0,0,0,0.0416666666666667,0,0,2025-01-13,2025-01-13,A,0,2025,2025H1,5.04985600724954,2.07944154167984,1,0.693147180559945,0.0907804954288354,0.0917061716928444,1
X111,X111,Cedar Playground,X,2025-01-01,H1,2024-11-18,2024-11-18,44,7,5,A,0,0,0,0,0,0.05,0.285714285714286,0,2025-04-08,2025-04-08,A,0,2025,2025H1,3.80666248977032,2.07944154167984,0,0,0.074541543854932,0.0742628903794844,0
X112,X112,Hilton White Playground,X,2025-01-01,H1,2024-10-28,2024-10-28,65,7,7,A,0,0,0,0,0,0.0416666666666667,0,0,2025-03-20,2025-03-20,A,0,2025,2025H1,4.18965474202643,2.07944154167984,0,0,0.0792368161553078,0.0789357275449318,0
X113,X113,Hunts Point Playground,X,2025-01-01,H1,2024-09-26,2024-09-26,97,7,6,N,0,0,0,0,0,0.0454545454545455,0.142857142857143,1,2025-03-19,2025-03-19,A,0,2025,2025H1,4.58496747867057,2.07944154167984,0,0,0.0843652172232317,0.0840394476683004,0
X115,X115,Mott Playground,X,2025-01-01,H1,2024-09-30,2024-09-30,93,8,7,A,0,0,1,0,0.333333333333333,0.125,0.125,0,2025-03-13,2025-03-13,A,0,2025,2025H1,4.54329478227,2.19722457733622,1,0.693147180559945,0.118066050161041,0.119217990818235,1
X118-02,X118,Soundview Metcalf Playground,X,2025-01-01,H1,2024-10-30,2024-10-30,63,8,8,A,0,0,0,0,0,0.0384615384615385,0,0,2025-04-10,2025-04-10,A,0,2025,2025H1,4.15888308335967,2.19722457733622,0,0,0.0788497984379106,0.0785505653030887,0
X118-ZN04,X118,Soundview Park Zone 4,X,2025-01-01,H1,2024-10-01,2024-10-01,92,8,8,A,0,0,0,0,0,0.115384615384615,0,0,2025-04-01,2025-04-01,A,0,2025,2025H1,4.53259949315326,2.19722457733622,0,0,0.0836689195844051,0.0833465106929374,0
X121,X121,Bufano Park,X,2025-01-01,H1,2024-09-13,2024-09-13,110,7,7,A,0,0,0,0,0,0.0416666666666667,0,0,2025-02-21,2025-02-21,A,0,2025,2025H1,4.70953020131233,2.07944154167984,0,0,0.0860426129272824,0.0857087360199328,0
X122,X122,Colucci Playground,X,2025-01-01,H1,2024-11-21,2024-11-21,41,7,7,A,0,0,0,0,0,0.0416666666666667,0,0,2025-05-05,2025-05-05,A,0,2025,2025H1,3.73766961828337,2.07944154167984,0,0,0.0737233920761105,0.0734486301021206,0
X123,X123,Noble Playground,X,2025-01-01,H1,2024-11-21,2024-11-21,41,7,3,A,0,0,0,0,0,0.0625,0.571428571428571,0,2025-04-28,2025-04-28,A,0,2025,2025H1,3.73766961828337,2.07944154167984,0,0,0.0737233920761105,0.0734486301021206,0
X124,X124,Watson Gleason Playground,X,2025-01-01,H1,2024-10-01,2024-10-01,92,7,7,A,0,0,0,0,0,0.0416666666666667,0,0,2025-02-13,2025-02-13,A,0,2025,2025H1,4.53259949315326,2.07944154167984,0,0,0.0836689195844051,0.0833465106929374,0
X126-ZN04,X126,Ferry Point Park Zone 4,X,2025-01-01,H1,2024-09-10,2024-09-10,113,8,8,A,0,0,0,0,0,0.0384615384615385,0,0,2025-02-11,2025-02-11,A,0,2025,2025H1,4.7361984483945,2.19722457733622,1,0.693147180559945,0.0864056398230195,0.0872967150097046,1
X131,X131,Lozada Playground,X,2025-01-01,H1,2024-12-02,2024-12-02,30,8,7,U,1,0,0,0,0.666666666666667,0.208333333333333,0.125,0,2025-04-14,2025-04-14,A,0,2025,2025H1,3.43398720448515,2.19722457733622,0,0,0.175194122440194,0.174539673674465,0
X141,X141,Rienzi Playground,X,2025-01-01,H1,2024-11-07,2024-11-07,55,7,7,A,0,1,0,0,0.333333333333333,0.208333333333333,0,0,2025-03-25,2025-03-25,A,0,2025,2025H1,4.02535169073515,2.07944154167984,0,0,0.109061870292061,0.108638957540433,0
X146,X146,Flynn Playground,X,2025-01-01,H1,2024-09-16,2024-09-16,107,7,6,A,0,0,0,0,0,0.227272727272727,0.142857142857143,0,2025-02-24,2025-02-24,A,0,2025,2025H1,4.68213122712422,2.07944154167984,1,0.693147180559945,0.0856710783384686,0.0865562753676792,1
X148L,X148L,Virginia Playground,X,2025-01-01,H1,2024-09-04,2024-09-04,119,7,7,A,0,0,0,0,0,0.0416666666666667,0,0,2025-02-11,2025-02-11,A,0,2025,2025H1,4.78749174278205,2.07944154167984,0,0,0.0871077809644233,0.0867687477501627,0
X148M1,X148M1,Havemeyer Playground,X,2025-01-01,H1,2024-09-04,2024-09-04,119,7,3,A,0,1,0,0,0,0.0625,0.571428571428571,0,2025-01-29,2025-01-29,A,0,2025,2025H1,4.78749174278205,2.07944154167984,0,0,0.0871077809644233,0.0867687477501627,0
X151,X151,P.O. Serrano Playground,X,2025-01-01,H1,2024-08-26,2024-08-26,128,7,6,A,0,1,0,0,0,0.0454545454545455,0.142857142857143,0,2025-01-10,2025-01-10,A,0,2025,2025H1,4.85981240436167,2.07944154167984,0,0,0.0881065290766025,0.0877626556874981,0
X152,X152,Vinmont Veteran Park,X,2025-01-01,H1,2024-08-02,2024-08-02,152,7,7,U,1,0,0,0,0.333333333333333,0.125,0,0,2025-01-09,2025-01-09,A,0,2025,2025H1,5.03043792139244,2.07944154167984,0,0,0.160539574935404,0.159915505205508,0
X157,X157,Mazzei Playground,X,2025-01-01,H1,2024-08-20,2024-08-20,134,7,7,A,0,0,1,0,0,0.0416666666666667,0,0,2025-01-10,2025-01-10,A,0,2025,2025H1,4.90527477843843,2.07944154167984,0,0,0.0887396488035637,0.088392704554688,0
X159,X159,Captain William Harry Thompson Playground,X,2025-01-01,H1,2024-09-04,2024-09-04,119,7,6,A,0,0,0,0,0,0.0454545454545455,0.142857142857143,0,2025-01-29,2025-01-29,A,0,2025,2025H1,4.78749174278205,2.07944154167984,0,0,0.0871077809644233,0.0867687477501627,0
X160,X160,Caserta Playground,X,2025-01-01,H1,2024-12-02,2024-12-02,30,7,7,A,0,0,0,0,0,0.0416666666666667,0,0,2025-04-11,2025-04-11,A,0,2025,2025H1,3.43398720448515,2.07944154167984,1,0.693147180559945,0.0702196005401341,0.0709763900114872,1
X161,X161,Gun Hill Playground,X,2025-01-01,H1,2024-10-01,2024-10-01,92,7,6,A,0,0,0,0,0,0.0454545454545455,0.142857142857143,0,2025-03-25,2025-03-25,A,0,2025,2025H1,4.53259949315326,2.07944154167984,3,1.38629436111989,0.0836689195844051,0.0857449158483097,3
X162,X162,Parkside Playground,X,2025-01-01,H1,2024-09-11,2024-09-11,112,7,7,A,0,0,0,0,0,0.0416666666666667,0,0,2025-03-11,2025-03-11,A,0,2025,2025H1,4.72738781871234,2.07944154167984,0,0,0.0862855502083276,0.0859504978163346,0
X163,X163,Loreto Playground,X,2025-01-01,H1,2024-11-18,2024-11-18,44,8,8,A,0,0,0,0,0,0.115384615384615,0,0,2025-04-01,2025-04-01,A,0,2025,2025H1,3.80666248977032,2.19722457733622,0,0,0.074541543854932,0.0742628903794844,0
X165,X165,Edenwald Playground,X,2025-01-01,H1,2024-10-10,2024-10-10,83,7,6,A,0,0,0,0,0,0.0454545454545455,0.142857142857143,0,2025-03-20,2025-03-20,A,0,2025,2025H1,4.43081679884331,2.07944154167984,0,0,0.082330513769265,0.0820145564592969,0
X168,X168,Nelson Playground,X,2025-01-01,H1,2024-09-30,2024-09-30,93,7,7,U,1,1,1,0,0.333333333333333,0.125,0,0,2025-02-20,2025-02-20,A,0,2025,2025H1,4.54329478227,2.07944154167984,1,0.693147180559945,0.149518295316101,0.150918453225718,1
X169,X169,Agnes Haywood Playground,X,2025-01-01,H1,2024-08-02,2024-08-02,152,7,7,A,0,0,0,0,0,0.0416666666666667,0,0,2025-01-10,2025-01-10,A,0,2025,2025H1,5.03043792139244,2.07944154167984,0,0,0.0905039618357931,0.0901484498352995,0
X170,X170,The Pearly Gates,X,2025-01-01,H1,2024-11-07,2024-11-07,55,7,7,A,0,0,0,0,0.333333333333333,0.208333333333333,0,0,2025-03-31,2025-03-31,A,0,2025,2025H1,4.02535169073515,2.07944154167984,0,0,0.109061870292061,0.108638957540433,0
X172,X172,Allerton Playground,X,2025-01-01,H1,2024-08-02,2024-08-02,152,7,7,A,0,0,0,0,0,0.0416666666666667,0,0,2025-01-10,2025-01-10,A,0,2025,2025H1,5.03043792139244,2.07944154167984,0,0,0.0905039618357931,0.0901484498352995,0
X174,X174,Webster Playground,X,2025-01-01,H1,2024-09-30,2024-09-30,93,7,7,A,0,0,1,0,0,0.0416666666666667,0,0,2025-02-18,2025-02-18,A,0,2025,2025H1,4.54329478227,2.07944154167984,2,1.09861228866811,0.0838107011124885,0.0853861212855574,2
X175,X175,Riverbend Playground,X,2025-01-01,H1,2024-12-03,2024-12-03,29,8,8,A,0,0,0,0,0,0.0384615384615385,0,0,2025-04-25,2025-04-25,A,0,2025,2025H1,3.40119738166216,2.19722457733622,0,0,0.0698506255337817,0.0695942044859591,0
X176,X176,Taylor Playground,X,2025-01-01,H1,2024-10-01,2024-10-01,92,7,7,A,0,1,0,0,0,0.0416666666666667,0,0,2025-03-11,2025-03-11,A,0,2025,2025H1,4.53259949315326,2.07944154167984,0,0,0.0836689195844051,0.0833465106929374,0
X177,X177,Castle Hill Playground,X,2025-01-01,H1,2024-09-24,2024-09-24,99,7,7,A,0,0,0,0,0,0.0416666666666667,0,0,2025-02-13,2025-02-13,A,0,2025,2025H1,4.60517018598809,2.07944154167984,1,0.693147180559945,0.0846352408637008,0.0855121149949202,1
X178,X178,Matthews Muliner Playground,X,2025-01-01,H1,2024-09-16,2024-09-16,107,7,7,A,0,0,0,0,0,0.125,0,0,2025-02-13,2025-02-13,A,0,2025,2025H1,4.68213122712422,2.07944154167984,0,0,0.0856710783384686,0.0853389985273416,0
X179,X179,Al Quiñones Playground,X,2025-01-01,H1,2024-12-04,2024-12-04,28,7,7,A,0,0,0,0,0,0.0416666666666667,0,0,2025-04-14,2025-04-14,A,0,2025,2025H1,3.36729582998647,2.07944154167984,0,0,0.0694710266443496,0.0692163958411616,0
X182,X182,Millbrook Playground,X,2025-01-01,H1,2024-12-16,2024-12-16,16,7,7,A,0,0,0,0,0,0.125,0,0,2025-05-13,2025-05-13,A,0,2025,2025H1,2.83321334405622,2.07944154167984,0,0,0.0637377517242406,0.0635099787570169,0
X188,X188,Wakefield Playground,X,2025-01-01,H1,2024-10-01,2024-10-01,92,6,6,A,0,0,0,0,0,0.0454545454545455,0,0,2025-02-27,2025-02-27,A,0,2025,2025H1,4.53259949315326,1.94591014905531,0,0,0.0836689195844051,0.0833465106929374,0
X190,X190,Tiffany Playground,X,2025-01-01,H1,2024-12-04,2024-12-04,28,8,8,A,0,0,0,0,0,0.0384615384615385,0,0,2025-05-01,2025-05-01,A,0,2025,2025H1,3.36729582998647,2.19722457733622,1,0.693147180559945,0.0694710266443496,0.0702213553624743,1
X193,X193,Stars & Stripes Playground,X,2025-01-01,H1,2024-09-11,2024-09-11,112,7,6,A,0,0,0,0,0,0.227272727272727,0.142857142857143,0,2025-01-29,2025-01-29,A,0,2025,2025H1,4.72738781871234,2.07944154167984,0,0,0.0862855502083276,0.0859504978163346,0
X194,X194,Captain Rivera Playground,X,2025-01-01,H1,2024-09-16,2024-09-16,107,7,7,A,0,0,0,0,0.333333333333333,0.208333333333333,0,0,2025-02-24,2025-02-24,A,0,2025,2025H1,4.68213122712422,2.07944154167984,1,0.693147180559945,0.120586726785181,0.12175646401102,1
X200,X200,Clark Playground,X,2025-01-01,H1,2024-10-15,2024-10-15,78,7,7,A,0,0,0,0,0.666666666666667,0.291666666666667,0,0,2025-03-05,2025-03-05,A,0,2025,2025H1,4.36944785246702,2.07944154167984,2,1.09861228866811,0.15974593026135,0.162429298445582,2
X202,X202,Marble Hill Playground,X,2025-01-01,H1,2024-12-04,2024-12-04,28,8,8,A,0,0,0,0,0,0.0384615384615385,0,0,2025-05-07,2025-05-07,A,0,2025,2025H1,3.36729582998647,2.19722457733622,0,0,0.0694710266443496,0.0692163958411616,0
X203,X203,Randall Playground,X,2025-01-01,H1,2024-08-26,2024-08-26,128,7,7,A,0,1,0,0,0,0.0416666666666667,0,0,2025-01-29,2025-01-29,A,0,2025,2025H1,4.85981240436167,2.07944154167984,0,0,0.0881065290766025,0.0877626556874981,0
X216,X216,Abigail Playground,X,2025-01-01,H1,2024-11-18,2024-11-18,44,8,8,A,0,0,0,0,0.333333333333333,0.115384615384615,0,0,2025-04-07,2025-04-07,A,0,2025,2025H1,3.80666248977032,2.19722457733622,1,0.693147180559945,0.105444397546912,0.106504121380193,1
X217,X217,Willis Playground,X,2025-01-01,H1,2024-08-19,2024-08-19,135,6,5,A,0,0,1,0,0,0.15,0.166666666666667,0,2025-01-30,2025-01-30,U,1,2025,2025H1,4.91265488573605,1.94591014905531,0,0,0.0888428125311606,0.088495367713582,0
X219,X219,Arcilla Playground,X,2025-01-01,H1,2024-12-16,2024-12-16,16,8,6,U,1,0,1,0,0.333333333333333,0.136363636363636,0.25,0,2025-05-16,2025-05-16,A,0,2025,2025H1,2.83321334405622,2.19722457733622,0,0,0.115695428888292,0.115273089284129,0
X221,X221,Space Time Playground,X,2025-01-01,H1,2024-12-12,2024-12-12,20,8,8,A,0,0,0,0,0.333333333333333,0.192307692307692,0,0,2025-05-12,2025-05-12,A,0,2025,2025H1,3.04452243772342,2.19722457733622,0,0,0.0936534325827738,0.0933030237437607,0
X222,X222,Gouverneur Playground,X,2025-01-01,H1,2024-10-28,2024-10-28,65,7,7,A,0,0,1,0,0,0.0416666666666667,0,0,2025-03-31,2025-03-31,A,0,2025,2025H1,4.18965474202643,2.07944154167984,0,0,0.0792368161553078,0.0789357275449318,0
X232,X232,Burns Playground,X,2025-01-01,H1,2024-11-18,2024-11-18,44,7,7,A,0,0,0,0,0,0.0416666666666667,0,0,2025-05-01,2025-05-01,A,0,2025,2025H1,3.80666248977032,2.07944154167984,0,0,0.074541543854932,0.0742628903794844,0
X235,X235,Grove Hill Playground,X,2025-01-01,H1,2024-09-16,2024-09-16,107,7,6,A,0,0,0,0,0.333333333333333,0.136363636363636,0.142857142857143,0,2025-02-06,2025-02-06,A,0,2025,2025H1,4.68213122712422,2.07944154167984,1,0.693147180559945,0.120586726785181,0.12175646401102,1
X255,X255,Bill Rainey Park,X,2025-01-01,H1,2024-09-26,2024-09-26,97,8,8,A,0,0,0,0,0,0.0384615384615385,0,0,2025-03-04,2025-03-04,A,0,2025,2025H1,4.58496747867057,2.19722457733622,0,0,0.0843652172232317,0.0840394476683004,0
X266,X266,Vidalia Park,X,2025-01-01,H1,2024-10-02,2024-10-02,91,7,5,A,0,1,0,0,0.333333333333333,0.15,0.285714285714286,0,2025-03-19,2025-03-19,U,1,2025,2025H1,4.52178857704904,2.07944154167984,0,0,0.117679696601116,0.117215992683721,0
X307,X307,Barretto Point Park,X,2025-01-01,H1,2024-12-31,2024-12-31,1,8,8,A,0,0,0,0,0,0.0384615384615385,0,0,2025-05-08,2025-05-08,A,0,2025,2025H1,0.693147180559945,2.19722457733622,0,0,0.0449220281339708,0.0447792498325426,0
X344,X344,Mill Pond Park,X,2025-01-01,H1,2024-08-28,2024-08-28,126,8,8,A,0,0,0,0,0,0.0384615384615385,0,0,2025-01-14,2025-01-14,A,0,2025,2025H1,4.84418708645859,2.19722457733622,0,0,0.0878898711538294,0.0875470481741332,0
B001,B001,American Playground,B,2025-07-01,H2,2025-02-27,2025-02-27,124,7,7,A,0,0,0,0,0,0.0416666666666667,0,0,2025-07-30,2025-07-30,A,0,2025,2025H2,4.8283137373023,2.07944154167984,1,0.693147180559945,0.113496566104512,0.114524633806947,1
B007,B007,Bensonhurst Park,B,2025-07-01,H2,2025-02-13,2025-02-13,138,7,7,A,0,0,0,0,0.333333333333333,0.125,0,0,2025-07-10,2025-07-10,U,1,2025,2025H2,4.93447393313069,2.07944154167984,0,0,0.160248345732624,0.159495519574438,0
B008,B008,Betsy Head Park,B,2025-07-01,H2,2025-05-20,2025-05-20,42,7,7,A,0,0,0,0,0,0.125,0,0,2025-10-02,2025-10-02,A,0,2025,2025H2,3.76120011569356,2.07944154167984,0,0,0.0962258837724854,0.0957856269659437,0
B012,B012,Brower Park,B,2025-07-01,H2,2025-01-28,2025-01-28,154,7,7,U,1,0,0,0,0.666666666666667,0.291666666666667,0,0,2025-07-03,2025-07-03,A,0,2025,2025H2,5.04342511691925,2.07944154167984,2,1.09861228866811,0.272043480285376,0.275746041312837,2
B016,B016,Maria Hernandez Park,B,2025-07-01,H2,2025-04-10,2025-04-10,82,8,8,A,0,0,0,0,0,0.115384615384615,0,0,2025-09-17,2025-09-17,A,0,2025,2025H2,4.4188406077966,2.19722457733622,1,0.693147180559945,0.106570717264857,0.10755266526962,1
B017,B017,Bushwick Playground,B,2025-07-01,H2,2025-06-23,2025-06-23,8,8,8,A,0,1,0,0,0,0.115384615384615,0,0,2025-11-03,2025-11-03,A,0,2025,2025H2,2.19722457733622,2.19722457733622,0,0,0.0751535642580523,0.0748265425339934,0
B018-ZN01,B018,Canarsie Park Zone 1,B,2025-07-01,H2,2025-05-13,2025-05-13,49,8,8,A,0,0,0,0,0,0.115384615384615,0,0,2025-10-10,2025-10-10,A,0,2025,2025H2,3.91202300542815,2.19722457733622,0,0,0.0985160359645531,0.0980633815659417,0
B019,B019,Carroll Park,B,2025-07-01,H2,2025-03-10,2025-03-10,113,7,7,A,0,1,0,0,0,0.125,0,0,2025-08-01,2025-08-01,A,0,2025,2025H2,4.7361984483945,2.07944154167984,6,1.94591014905531,0.111905094402286,0.115758538117245,6
B021,B021,Commodore Barry Park,B,2025-07-01,H2,2025-05-30,2025-05-30,32,8,4,A,0,0,0,0,0,0.0555555555555556,0.5,0,2025-09-30,2025-09-30,A,0,2025,2025H2,3.49650756146648,2.19722457733622,1,0.693147180559945,0.092321527766592,0.0932037364070756,1
B028-03,B028,Dyker Plgd,B,2025-07-01,H2,2025-06-09,2025-06-09,22,8,8,A,0,0,0,0,0,0.0384615384615385,0,0,2025-10-14,2025-10-14,A,0,2025,2025H2,3.13549421592915,2.19722457733622,0,0,0.0872259653828871,0.0868342969809089,0
B028-ZN01,B028,Dyker Beach Park Zone 1,B,2025-07-01,H2,2025-04-29,2025-04-29,63,7,7,A,0,0,0,0,0,0.0416666666666667,0,0,2025-09-04,2025-09-04,A,0,2025,2025H2,4.15888308335967,2.07944154167984,0,0,0.102369278535006,0.101895744543895,0
B032-01,B032,Fort Greene Plgd,B,2025-07-01,H2,2025-06-20,2025-06-20,11,9,9,A,0,0,0,0,0,0.107142857142857,0,0,2025-11-19,2025-11-19,A,0,2025,2025H2,2.484906649788,2.30258509299405,0,0,0.0786820314889723,0.0783361974413243,0
B038,B038,Fulton Park,B,2025-07-01,H2,2025-01-13,2025-01-13,169,7,7,U,1,0,0,0,0.333333333333333,0.208333333333333,0,0,2025-07-14,2025-07-14,U,1,2025,2025H2,5.13579843705026,2.07944154167984,1,0.693147180559945,0.206016056348741,0.207623022248296,1
B043,B043,Greenpoint Playground,B,2025-07-01,H2,2025-06-23,2025-06-23,8,7,7,A,0,1,0,0,0,0.0416666666666667,0,0,2025-12-09,2025-12-09,A,0,2025,2025H2,2.19722457733622,2.07944154167984,0,0,0.0751535642580523,0.0748265425339934,0
B050,B050,Van Voorhees Playground,B,2025-07-01,H2,2025-03-13,2025-03-13,110,7,7,A,0,0,0,0,0,0.0416666666666667,0,0,2025-08-26,2025-08-26,A,0,2025,2025H2,4.70953020131233,2.07944154167984,1,0.693147180559945,0.111448002560957,0.112462584644838,1
B051,B051,Kelly Park Playground,B,2025-07-01,H2,2025-05-12,2025-05-12,50,8,4,A,0,0,0,0,0,0.0555555555555556,0.5,0,2025-10-01,2025-10-01,A,0,2025,2025H2,3.93182563272433,2.19722457733622,0,0,0.0988203070747839,0.0983660047693021,0
B056,B056,Martin Luther King Jr. Playground,B,2025-07-01,H2,2025-02-10,2025-02-10,141,7,6,A,0,0,0,0,0.333333333333333,0.136363636363636,0.142857142857143,0,2025-07-14,2025-07-14,A,0,2025,2025H2,4.95582705760126,2.07944154167984,0,0,0.160745425959947,0.159990051966692,0
B057-06,B057,Seba Playground,B,2025-07-01,H2,2025-06-18,2025-06-18,13,8,8,A,0,0,0,0,0.333333333333333,0.192307692307692,0,0,2025-11-14,2025-11-14,A,0,2025,2025H2,2.63905732961526,2.19722457733622,0,0,0.113752830337078,0.11324179519584,0
B057-ZN01,B057,Marine Park Zone 1,B,2025-07-01,H2,2025-04-03,2025-04-03,89,8,8,A,0,0,0,0,0,0.0384615384615385,0,0,2025-08-15,2025-08-15,A,0,2025,2025H2,4.49980967033027,2.19722457733622,0,0,0.107910034195315,0.107406447962035,0
B058-ZN01,B058,McCarren Park Zone 1,B,2025-07-01,H2,2025-05-20,2025-05-20,42,8,7,A,0,0,0,0,0.333333333333333,0.208333333333333,0.125,0,2025-10-17,2025-10-17,A,0,2025,2025H2,3.76120011569356,2.19722457733622,1,0.693147180559945,0.134808954316196,0.135998230445421,1
B058-ZN03,B058,McCarren Park Zone 3,B,2025-07-01,H2,2025-01-31,2025-01-31,151,7,7,A,0,0,0,0,0,0.0416666666666667,0,0,2025-08-06,2025-08-06,A,0,2025,2025H2,5.02388052084628,2.07944154167984,1,0.693147180559945,0.116940872752911,0.117991323438895,1
B061,B061,McLaughlin Park,B,2025-07-01,H2,2025-04-10,2025-04-10,82,8,8,U,1,0,0,0,0.333333333333333,0.192307692307692,0,0,2025-09-18,2025-09-18,A,0,2025,2025H2,4.4188406077966,2.19722457733622,3,1.38629436111989,0.186490054306654,0.190382750937137,3
B066,B066,Owl's Head Park,B,2025-07-01,H2,2025-03-27,2025-03-27,96,8,8,A,0,0,0,0,0,0.0384615384615385,0,0,2025-08-26,2025-08-26,A,0,2025,2025H2,4.57471097850338,2.19722457733622,1,0.693147180559945,0.109162135446684,0.11016151574946,1
B073-ZN10,B073,Willink Hill,B,2025-07-01,H2,2025-01-28,2025-01-28,154,7,3,N,1,0,0,0,0.333333333333333,0.1875,0.571428571428571,1,2025-07-11,2025-07-11,A,0,2025,2025H2,5.04342511691925,2.07944154167984,1,0.693147180559945,0.20341772995107,0.205013111044072,1
B073-ZN14,B073,Middle Long Meadow,B,2025-07-01,H2,2025-03-21,2025-03-21,102,7,7,A,0,1,0,0,0,0.0416666666666667,0,0,2025-08-19,2025-08-19,A,0,2025,2025H2,4.63472898822964,2.07944154167984,0,0,0.110174620182767,0.109658746640363,0
B073-ZN20,B073,Lookout Hill,B,2025-07-01,H2,2025-03-20,2025-03-20,103,7,7,A,0,0,0,0,0,0.0416666666666667,0,0,2025-07-31,2025-07-31,A,0,2025,2025H2,4.64439089914137,2.07944154167984,0,0,0.110338380402757,0.109821618295124,0
B079,B079,Saratoga Park,B,2025-07-01,H2,2025-06-09,2025-06-09,22,8,8,A,0,0,0,0,0,0.192307692307692,0,0,2025-11-17,2025-11-17,A,0,2025,2025H2,3.13549421592915,2.19722457733622,1,0.693147180559945,0.0872259653828871,0.0880708490599952,1
B080,B080,Asser Levy Park,B,2025-07-01,H2,2025-02-28,2025-02-28,123,7,7,A,0,0,0,0,0,0.125,0,0,2025-07-18,2025-07-18,A,0,2025,2025H2,4.82028156560504,2.07944154167984,0,0,0.113357012966271,0.112823872268303,0
B082-ZN02,B082,Shore Road Park Zone 2,B,2025-07-01,H2,2025-04-03,2025-04-03,89,8,4,N,0,0,0,0,0.333333333333333,0.166666666666667,0.5,1,2025-08-26,2025-08-26,A,0,2025,2025H2,4.49980967033027,2.19722457733622,0,0,0.15039839876361,0.149696274631539,0
B082-ZN04,B082,Shore Road Park Zone 4,B,2025-07-01,H2,2025-04-10,2025-04-10,82,7,7,A,0,0,0,1,0,0.0416666666666667,0,0,2025-09-11,2025-09-11,A,0,2025,2025H2,4.4188406077966,2.07944154167984,0,0,0.106570717264857,0.106074397220953,0
B082-ZN05,B082,Shore Road Park Zone 5,B,2025-07-01,H2,2025-04-10,2025-04-10,82,8,8,A,0,0,0,0,0,0.0384615384615385,0,0,2025-09-04,2025-09-04,A,0,2025,2025H2,4.4188406077966,2.19722457733622,0,0,0.106570717264857,0.106074397220953,0
B102,B102,Crispus Attucks Playground,B,2025-07-01,H2,2025-04-07,2025-04-07,85,7,7,A,0,0,0,0,0,0.0416666666666667,0,0,2025-09-08,2025-09-08,A,0,2025,2025H2,4.45434729625351,2.07944154167984,1,0.693147180559945,0.107156225159623,0.108142130403453,1
B103,B103,Cypress Hills Playground,B,2025-07-01,H2,2025-03-12,2025-03-12,111,7,7,A,0,1,0,0,0.333333333333333,0.291666666666667,0,0,2025-08-07,2025-08-07,A,0,2025,2025H2,4.71849887129509,2.07944154167984,0,0,0.155290380918949,0.154563026066134,0
B109,B109,Bill Brown Playground,B,2025-07-01,H2,2025-03-17,2025-03-17,106,7,7,U,1,0,0,0,0.333333333333333,0.208333333333333,0,0,2025-08-29,2025-08-29,U,1,2025,2025H2,4.67282883446191,2.07944154167984,0,0,0.193239284056718,0.192368844674733,0
B110,B110,Marion Hopkinson Playground,B,2025-07-01,H2,2025-04-02,2025-04-02,90,7,7,A,0,0,0,0,0,0.0416666666666667,0,0,2025-09-08,2025-09-08,U,1,2025,2025H2,4.51085950651685,2.07944154167984,0,0,0.108093953718161,0.107589369610138,0
B111,B111,Washington Park,B,2025-07-01,H2,2025-02-20,2025-02-20,131,7,7,A,0,0,0,0,0,0.0416666666666667,0,0,2025-07-01,2025-07-01,A,0,2025,2025H2,4.88280192258637,2.07944154167984,0,0,0.114447218606082,0.113908163318429,0
B113A,B113A,Cadman Plaza Park,B,2025-07-01,H2,2025-02-14,2025-02-14,137,7,2,A,0,0,0,0,0,0.0714285714285714,0.714285714285714,0,2025-07-01,2025-07-01,A,0,2025,2025H2,4.92725368515721,2.07944154167984,5,1.79175946922806,0.115227894651051,0.118814549746773,5
B124,B124,William Sheridan Playground,B,2025-07-01,H2,2025-03-21,2025-03-21,102,7,5,A,0,0,0,0,0,0.05,0.285714285714286,0,2025-08-18,2025-08-18,A,0,2025,2025H2,4.63472898822964,2.07944154167984,0,0,0.110174620182767,0.109658746640363,0
B126-ZN03,B126,Red Hook Park Zone 3,B,2025-07-01,H2,2025-04-03,2025-04-03,89,7,6,U,1,1,1,0,0.333333333333333,0.136363636363636,0.142857142857143,0,2025-07-22,2025-07-22,A,0,2025,2025H2,4.49980967033027,2.07944154167984,2,1.09861228866811,0.188621704202367,0.191547618274281,2
B128,B128,Colonel David Marcus Playground,B,2025-07-01,H2,2025-06-12,2025-06-12,19,8,8,A,0,0,1,0,0.333333333333333,0.115384615384615,0,0,2025-10-28,2025-10-28,A,0,2025,2025H2,2.99573227355399,2.19722457733622,0,0,0.120114739375573,0.119570376131582,0
B129-ZN01,B129,Kaiser Park Zone 1,B,2025-07-01,H2,2025-06-03,2025-06-03,28,8,8,A,0,0,0,0,0,0.0384615384615385,0,0,2025-11-20,2025-11-20,A,0,2025,2025H2,3.36729582998647,2.19722457733622,0,0,0.0904677365547334,0.0900585955048875,0
B130,B130,Greenwood Playground,B,2025-07-01,H2,2025-03-18,2025-03-18,105,7,7,A,0,0,0,0,0,0.0416666666666667,0,0,2025-09-02,2025-09-02,A,0,2025,2025H2,4.66343909411207,2.07944154167984,0,0,0.110661853832534,0.110143336553068,0
B137,B137,Sixteen Sycamores Playground,B,2025-07-01,H2,2025-02-18,2025-02-18,133,7,7,A,0,0,0,0,0.333333333333333,0.208333333333333,0,0,2025-07-18,2025-07-18,A,0,2025,2025H2,4.89783979995091,2.07944154167984,4,1.6094379124341,0.159398436767299,0.163511529990579,4
B139,B139,Heckscher Playground,B,2025-07-01,H2,2025-05-08,2025-05-08,54,8,8,A,0,0,0,0,0,0.115384615384615,0,0,2025-11-25,2025-11-25,A,0,2025,2025H2,4.00733318523247,2.19722457733622,0,0,0.0999881841828749,0.0995275552895724,0
B140,B140,Banneker Playground,B,2025-07-01,H2,2025-02-24,2025-02-24,127,7,5,A,0,0,0,0,0,0.05,0.285714285714286,0,2025-07-25,2025-07-25,A,0,2025,2025H2,4.85203026391962,2.07944154167984,1,0.693147180559945,0.113909497970896,0.114940268299598,1
B148,B148,Rolph Henry Playground,B,2025-07-01,H2,2025-03-06,2025-03-06,117,7,7,A,0,0,0,0,0,0.208333333333333,0,0,2025-08-05,2025-08-05,A,0,2025,2025H2,4.77068462446567,2.07944154167984,0,0,0.112498613688638,0.111970130317274,0
B150,B150,Kolbert Playground,B,2025-07-01,H2,2025-04-21,2025-04-21,71,7,7,U,1,0,0,0,0.666666666666667,0.291666666666667,0,0,2025-09-30,2025-09-30,A,0,2025,2025H2,4.27666611901606,2.07944154167984,0,0,0.246613724431746,0.245544056340405,0
B152,B152,Rappaport Playground,B,2025-07-01,H2,2025-03-13,2025-03-13,110,7,7,A,0,0,0,0,0,0.0416666666666667,0,0,2025-09-04,2025-09-04,A,0,2025,2025H2,4.70953020131233,2.07944154167984,0,0,0.111448002560957,0.11092521964871,0
B161,B161,James Forten Playground,B,2025-07-01,H2,2025-06-10,2025-06-10,21,8,8,A,0,0,1,0,0,0.0384615384615385,0,0,2025-10-28,2025-10-28,A,0,2025,2025H2,3.09104245335832,2.19722457733622,0,0,0.0866164316377712,0.0862280441570399,0
B163,B163,Sperandeo Brothers Playground,B,2025-07-01,H2,2025-04-11,2025-04-11,81,7,7,A,0,0,0,0,0.333333333333333,0.125,0,0,2025-09-09,2025-09-09,U,1,2025,2025H2,4.40671924726425,2.07944154167984,0,0,0.148354800457008,0.147663243067363,0
B164,B164,Bath Beach Park,B,2025-07-01,H2,2025-03-17,2025-03-17,106,6,1,N,0,0,0,0,0,0.0833333333333333,0.833333333333333,1,2025-08-25,2025-08-25,A,0,2025,2025H2,4.67282883446191,1.94591014905531,0,0,0.110821614245639,0.110302230104587,0
B166D,B166D,McGuire Fields,B,2025-07-01,H2,2025-04-18,2025-04-18,74,7,7,A,0,0,0,0,0,0.0416666666666667,0,0,2025-10-02,2025-10-02,A,0,2025,2025H2,4.31748811353631,2.07944154167984,0,0,0.104914885624278,0.104427547564666,0
B167,B167,La Guardia Playground,B,2025-07-01,H2,2025-04-02,2025-04-02,90,7,7,A,0,0,0,0,0.333333333333333,0.291666666666667,0,0,2025-08-21,2025-08-21,A,0,2025,2025H2,4.51085950651685,2.07944154167984,0,0,0.150642505985874,0.149939120678784,0
B169-ZN07C,B169,Coney Island Beach Zone 7c,B,2025-07-01,H2,2025-04-08,2025-04-08,84,8,3,N,0,0,0,0,0,0.0625,0.625,1,2025-08-06,2025-08-06,A,0,2025,2025H2,4.44265125649032,2.19722457733622,0,0,0.106963044620964,0.106464596171187,0
B192,B192,Russell Pedersen Playground,B,2025-07-01,H2,2025-05-05,2025-05-05,57,7,4,N,0,0,0,0,0.333333333333333,0.166666666666667,0.428571428571429,1,2025-09-29,2025-09-29,A,0,2025,2025H2,4.06044301054642,2.07944154167984,0,0,0.14095379562659,0.14030062445604,0
B193,B193,Hamilton Metz Field,B,2025-07-01,H2,2025-01-27,2025-01-27,155,7,7,A,0,0,0,0,0,0.0416666666666667,0,0,2025-07-11,2025-07-11,A,0,2025,2025H2,5.04985600724954,2.07944154167984,0,0,0.117405112956303,0.11685001413238,0
B197,B197,Mellett Playground,B,2025-07-01,H2,2025-03-11,2025-03-11,112,7,7,U,1,0,0,0,0.666666666666667,0.375,0,0,2025-08-27,2025-08-27,U,1,2025,2025H2,4.72738781871234,2.07944154167984,2,1.09861228866811,0.261365732715496,0.26498996978521,2
B207,B207,Sarsfield Playground,B,2025-07-01,H2,2025-04-04,2025-04-04,88,7,7,A,0,0,0,0,0.333333333333333,0.125,0,0,2025-08-21,2025-08-21,U,1,2025,2025H2,4.48863636973214,2.07944154167984,0,0,0.150151895138575,0.149451044786169,0
B208,B208,Pfc Norton Playground,B,2025-07-01,H2,2025-04-18,2025-04-18,74,7,7,A,0,0,0,0,0,0.0416666666666667,0,0,2025-08-29,2025-08-29,A,0,2025,2025H2,4.31748811353631,2.07944154167984,0,0,0.104914885624278,0.104427547564666,0
B209,B209,Galapo Playground,B,2025-07-01,H2,2025-02-25,2025-02-25,126,7,7,A,0,0,0,0,0.333333333333333,0.208333333333333,0,0,2025-07-16,2025-07-16,U,1,2025,2025H2,4.84418708645859,2.07944154167984,0,0,0.158160295392495,0.157418183665442,0
B210A,B210A,John Allen Payne Playground,B,2025-07-01,H2,2025-05-16,2025-05-16,46,7,7,A,0,1,0,0,0,0.0416666666666667,0,0,2025-11-05,2025-11-05,A,0,2025,2025H2,3.85014760171006,2.07944154167984,1,0.693147180559945,0.0975706802057226,0.0984904109820607,1
B210J,B210J,Pena Herrera Playground,B,2025-07-01,H2,2025-06-11,2025-06-11,20,8,8,A,0,0,0,0,0,0.0384615384615385,0,0,2025-10-14,2025-10-14,A,0,2025,2025H2,3.04452243772342,2.19722457733622,0,0,0.0859826686591022,0.0855976909285877,0
B214-01,B214,Linden Park,B,2025-07-01,H2,2025-06-09,2025-06-09,22,7,7,A,0,0,0,0,0,0.0416666666666667,0,0,2025-10-20,2025-10-20,A,0,2025,2025H2,3.13549421592915,2.07944154167984,0,0,0.0872259653828871,0.0868342969809089,0
B216,B216,Raymond Bush Playground,B,2025-07-01,H2,2025-02-24,2025-02-24,127,7,6,N,1,0,0,0,0.666666666666667,0.227272727272727,0.142857142857143,1,2025-07-25,2025-07-25,U,1,2025,2025H2,4.85203026391962,2.07944154167984,0,0,0.265544432725191,0.264395832470567,0
B218,B218,Paerdegat Park,B,2025-07-01,H2,2025-05-20,2025-05-20,42,8,8,A,0,0,0,0,0,0.0384615384615385,0,0,2025-10-27,2025-10-27,A,0,2025,2025H2,3.76120011569356,2.19722457733622,0,0,0.0962258837724854,0.0957856269659437,0
B220,B220,Washington Hall Park,B,2025-07-01,H2,2025-04-10,2025-04-10,82,7,7,A,0,1,0,0,0.333333333333333,0.208333333333333,0,0,2025-09-08,2025-09-08,A,0,2025,2025H2,4.4188406077966,2.07944154167984,1,0.693147180559945,0.148619594305178,0.149890395286071,1
B222,B222,Pierrepont Playground,B,2025-07-01,H2,2025-05-09,2025-05-09,53,7,7,A,0,0,0,0,0,0.0416666666666667,0,0,2025-10-14,2025-10-14,A,0,2025,2025H2,3.98898404656427,2.07944154167984,0,0,0.0997032541381983,0.0992441689650258,0
B223F,B223F,Squibb Park,B,2025-07-01,H2,2025-04-07,2025-04-07,85,7,7,A,0,0,0,0,0,0.0416666666666667,0,0,2025-09-08,2025-09-08,A,0,2025,2025H2,4.45434729625351,2.07944154167984,2,1.09861228866811,0.107156225159623,0.109019437952032,2
B223R,B223R,Jaime Campiz Playground,B,2025-07-01,H2,2025-02-20,2025-02-20,131,7,7,A,0,0,0,0,0,0.208333333333333,0,0,2025-07-09,2025-07-09,A,0,2025,2025H2,4.88280192258637,2.07944154167984,2,1.09861228866811,0.114447218606082,0.116410577300624,2
B224,B224,P.O. Reinaldo Salgado Playground,B,2025-07-01,H2,2025-06-18,2025-06-18,13,8,8,A,0,0,0,0,0.333333333333333,0.192307692307692,0,0,2025-11-03,2025-11-03,A,0,2025,2025H2,2.63905732961526,2.19722457733622,0,0,0.113752830337078,0.11324179519584,0
B225,B225,St. Andrew's Playground,B,2025-07-01,H2,2025-03-24,2025-03-24,99,7,7,A,0,0,0,0,0,0.0416666666666667,0,0,2025-08-04,2025-08-04,A,0,2025,2025H2,4.60517018598809,2.07944154167984,1,0.693147180559945,0.109674948286328,0.110677753178978,1
B228,B228,Dr. Green Playground,B,2025-07-01,H2,2025-04-02,2025-04-02,90,7,6,A,0,0,0,0,0,0.227272727272727,0.142857142857143,0,2025-08-20,2025-08-20,A,0,2025,2025H2,4.51085950651685,2.07944154167984,0,0,0.108093953718161,0.107589369610138,0
B230,B230,Nicholas Naquan Heyward Jr. Park,B,2025-07-01,H2,2025-05-16,2025-05-16,46,8,8,A,0,0,0,0,0,0.0384615384615385,0,0,2025-10-14,2025-10-14,A,0,2025,2025H2,3.85014760171006,2.19722457733622,3,1.38629436111989,0.0975706802057226,0.0998747960068678,3
B232,B232,Dean Playground,B,2025-07-01,H2,2025-03-14,2025-03-14,109,7,7,U,1,1,0,0,0.333333333333333,0.125,0,0,2025-08-25,2025-08-25,A,0,2025,2025H2,4.70048036579242,2.07944154167984,0,0,0.193985169085993,0.193111186900854,0
B234,B234,Tilden Playground,B,2025-07-01,H2,2025-04-04,2025-04-04,88,8,8,A,0,0,0,0,0,0.115384615384615,0,0,2025-09-16,2025-09-16,A,0,2025,2025H2,4.48863636973214,2.19722457733622,0,0,0.107724339428758,0.107221760689894,0
B235,B235,Herman Dolgon Playground,B,2025-07-01,H2,2025-04-24,2025-04-24,68,8,8,A,0,0,0,0,0.666666666666667,0.269230769230769,0,0,2025-10-01,2025-10-01,A,0,2025,2025H2,4.23410650459726,2.19722457733622,0,0,0.198356701815991,0.197450627733154,0
B236,B236,Glenwood Playground,B,2025-07-01,H2,2025-06-05,2025-06-05,26,8,8,A,0,0,0,0,0,0.0384615384615385,0,0,2025-10-17,2025-10-17,A,0,2025,2025H2,3.29583686600433,2.19722457733622,1,0.693147180559945,0.0894569739705693,0.090318310657677,1
B244,B244,McDonald Playground,B,2025-07-01,H2,2025-05-12,2025-05-12,50,7,5,A,0,0,0,0,0,0.05,0.285714285714286,0,2025-10-01,2025-10-01,A,0,2025,2025H2,3.93182563272433,2.07944154167984,0,0,0.0988203070747839,0.0983660047693021,0
B247-01,B247,Breukelen Plgd,B,2025-07-01,H2,2025-03-10,2025-03-10,113,7,7,A,0,0,0,0,0,0.125,0,0,2025-07-24,2025-07-24,A,0,2025,2025H2,4.7361984483945,2.07944154167984,0,0,0.111905094402286,0.111379831350287,0
B248,B248,Fox Playground,B,2025-07-01,H2,2025-03-10,2025-03-10,113,7,7,A,0,0,0,0,0.333333333333333,0.125,0,0,2025-08-21,2025-08-21,A,0,2025,2025H2,4.7361984483945,2.07944154167984,0,0,0.155691939598265,0.154962517897194,0
B250,B250,Nostrand Playground,B,2025-07-01,H2,2025-04-02,2025-04-02,90,7,7,A,0,1,0,0,0,0.0416666666666667,0,0,2025-08-18,2025-08-18,A,0,2025,2025H2,4.51085950651685,2.07944154167984,0,0,0.108093953718161,0.107589369610138,0
B251-04,B251,Pat Parlato Plgd,B,2025-07-01,H2,2025-04-07,2025-04-07,85,7,7,A,0,0,0,0,0,0.0416666666666667,0,0,2025-09-23,2025-09-23,A,0,2025,2025H2,4.45434729625351,2.07944154167984,0,0,0.107156225159623,0.106656728662517,0
B251-ZN02,B251,Manhattan Beach Zone 2,B,2025-07-01,H2,2025-02-27,2025-02-27,124,5,2,N,0,0,0,0,0,0.0714285714285714,0.6,1,2025-07-24,2025-07-24,A,0,2025,2025H2,4.8283137373023,1.79175946922806,0,0,0.113496566104512,0.112962668272712,0
B253,B253,Albert L. Parham Playground,B,2025-07-01,H2,2025-06-02,2025-06-02,29,8,7,A,0,1,0,0,0,0.0416666666666667,0.125,0,2025-10-14,2025-10-14,A,0,2025,2025H2,3.40119738166216,2.19722457733622,1,0.693147180559945,0.0909508505374299,0.0918231073062535,1
B254,B254,Wingate Park,B,2025-07-01,H2,2025-02-25,2025-02-25,126,7,7,A,0,1,0,0,0,0.125,0,0,2025-07-21,2025-07-21,A,0,2025,2025H2,4.84418708645859,2.07944154167984,0,0,0.113772794587114,0.113237398124633,0
B258,B258,Brevoort Playground,B,2025-07-01,H2,2025-06-18,2025-06-18,13,7,7,A,0,0,0,0,0,0.125,0,0,2025-12-29,2025-12-29,A,0,2025,2025H2,2.63905732961526,2.07944154167984,0,0,0.0806344898750888,0.0802782140707088,0
B259,B259,Underwood Park,B,2025-07-01,H2,2025-06-18,2025-06-18,13,8,8,A,0,0,0,0,0,0.115384615384615,0,0,2025-11-19,2025-11-19,A,0,2025,2025H2,2.63905732961526,2.19722457733622,1,0.693147180559945,0.0806344898750888,0.0814297304186856,1
B262,B262,Potomac Playground,B,2025-07-01,H2,2025-04-04,2025-04-04,88,7,7,A,0,0,0,0,0,0.125,0,0,2025-08-14,2025-08-14,A,0,2025,2025H2,4.48863636973214,2.07944154167984,2,1.09861228866811,0.107724339428758,0.109595451262068,2
B263,B263,Sumner Playground,B,2025-07-01,H2,2025-03-05,2025-03-05,118,7,7,A,0,0,0,0,0,0.0416666666666667,0,0,2025-08-04,2025-08-04,A,0,2025,2025H2,4.77912349311153,2.07944154167984,2,1.09861228866811,0.112644267625236,0.114583108465516,2
B264,B264,Roebling Playground,B,2025-07-01,H2,2025-04-28,2025-04-28,64,7,5,N,0,0,0,0,0.333333333333333,0.25,0.285714285714286,1,2025-09-12,2025-09-12,A,0,2025,2025H2,4.17438726989564,2.07944154167984,0,0,0.143354444840924,0.142688803313339,0
B266,B266,Star Spangled Playground,B,2025-07-01,H2,2025-04-07,2025-04-07,85,7,3,N,0,0,0,0,0.333333333333333,0.1875,0.571428571428571,1,2025-09-08,2025-09-08,U,1,2025,2025H2,4.45434729625351,2.07944154167984,1,0.693147180559945,0.149397491351146,0.150672725623779,1
B267,B267,Winthrop Playground,B,2025-07-01,H2,2025-04-21,2025-04-21,71,8,8,A,0,0,0,0,0,0.0384615384615385,0,0,2025-10-20,2025-10-20,U,1,2025,2025H2,4.27666611901606,2.19722457733622,0,0,0.104254402364766,0.10377064650086,0
B268,B268,Nautilus Playground,B,2025-07-01,H2,2025-03-11,2025-03-11,112,7,7,A,0,0,0,0,0,0.0416666666666667,0,0,2025-07-24,2025-07-24,A,0,2025,2025H2,4.72738781871234,2.07944154167984,0,0,0.111753899887635,0.1112294571997,0
B269,B269,Jesse Owens Playground,B,2025-07-01,H2,2025-06-09,2025-06-09,22,8,8,A,0,0,0,0,0.333333333333333,0.115384615384615,0,0,2025-11-17,2025-11-17,U,1,2025,2025H2,3.13549421592915,2.19722457733622,0,0,0.122690281348152,0.122132432493022,0
B271,B271,Railroad Playground,B,2025-07-01,H2,2025-02-03,2025-02-03,148,7,7,A,0,0,0,0,0,0.0416666666666667,0,0,2025-07-11,2025-07-11,A,0,2025,2025H2,5.00394630594546,2.07944154167984,0,0,0.116585684441192,0.116035029521483,0
B274,B274,Bayview Playground,B,2025-07-01,H2,2025-04-17,2025-04-17,75,7,7,A,0,0,0,0,0.333333333333333,0.125,0,0,2025-09-04,2025-09-04,U,1,2025,2025H2,4.33073334028633,2.07944154167984,0,0,0.146703738902679,0.14602072938888,0
B277,B277,Benson Playground,B,2025-07-01,H2,2025-04-29,2025-04-29,63,8,6,A,0,0,0,0,0.333333333333333,0.318181818181818,0.25,0,2025-09-17,2025-09-17,U,1,2025,2025H2,4.15888308335967,2.19722457733622,0,0,0.143025803057981,0.142361867654748,0
B284,B284,Marc And Jason's Playground,B,2025-07-01,H2,2025-04-30,2025-04-30,62,8,8,A,0,0,1,0,0,0.0384615384615385,0,0,2025-09-22,2025-09-22,A,0,2025,2025H2,4.14313472639153,2.19722457733622,0,0,0.102119526435569,0.101647346405699,0
B286,B286,Bartlett Playground,B,2025-07-01,H2,2025-04-10,2025-04-10,82,8,8,A,0,0,0,0,0.333333333333333,0.115384615384615,0,0,2025-09-12,2025-09-12,A,0,2025,2025H2,4.4188406077966,2.19722457733622,0,0,0.148619594305178,0.147926666911063,0
B288,B288,Slope Park Playground,B,2025-07-01,H2,2025-03-31,2025-03-31,92,7,7,A,0,0,0,0,0,0.0416666666666667,0,0,2025-09-16,2025-09-16,A,0,2025,2025H2,4.53259949315326,2.07944154167984,1,0.693147180559945,0.108456610219235,0.109451265492168,1
B292,B292,Pratt Playground,B,2025-07-01,H2,2025-05-09,2025-05-09,53,7,7,A,0,0,0,0,0,0.0416666666666667,0,0,2025-10-14,2025-10-14,A,0,2025,2025H2,3.98898404656427,2.07944154167984,0,0,0.0997032541381983,0.0992441689650258,0
B294,B294,Jackie Robinson Park Playground,B,2025-07-01,H2,2025-04-21,2025-04-21,71,7,7,A,0,0,0,0,0,0.125,0,0,2025-09-08,2025-09-08,A,0,2025,2025H2,4.27666611901606,2.07944154167984,1,0.693147180559945,0.104254402364766,0.105220588153172,1
B297,B297,Albemarle Playground,B,2025-07-01,H2,2025-05-19,2025-05-19,43,8,7,A,0,0,0,0,0,0.0416666666666667,0.125,0,2025-11-05,2025-11-05,A,0,2025,2025H2,3.78418963391826,2.19722457733622,0,0,0.0965718666499522,0.0961297375732669,0
B298,B298,Stockton Playground,B,2025-07-01,H2,2025-05-09,2025-05-09,53,8,8,A,0,0,0,0,0,0.0384615384615385,0,0,2025-10-20,2025-10-20,A,0,2025,2025H2,3.98898404656427,2.19722457733622,0,0,0.0997032541381983,0.0992441689650258,0
B300,B300,Oracle Playground,B,2025-07-01,H2,2025-05-01,2025-05-01,61,7,7,A,0,0,0,0,0,0.0416666666666667,0,0,2025-09-30,2025-09-30,A,0,2025,2025H2,4.12713438504509,2.07944154167984,0,0,0.101866331336196,0.101395523855326,0
B301,B301,Greene Playground,B,2025-07-01,H2,2025-03-24,2025-03-24,99,7,4,N,0,0,0,0,0,0.0555555555555556,0.428571428571429,1,2025-07-31,2025-07-31,A,0,2025,2025H2,4.60517018598809,2.07944154167984,2,1.09861228866811,0.109674948286328,0.111573057685179,2
B304,B304,Kennedy King Playground,B,2025-07-01,H2,2025-02-13,2025-02-13,138,7,7,A,0,0,0,0,0,0.0416666666666667,0,0,2025-07-24,2025-07-24,A,0,2025,2025H2,4.93447393313069,2.07944154167984,1,0.693147180559945,0.115355135348608,0.116395326089781,1
B306,B306,Playground 286,B,2025-07-01,H2,2025-06-05,2025-06-05,26,8,7,U,1,1,1,0,0.666666666666667,0.208333333333333,0.125,0,2025-10-28,2025-10-28,A,0,2025,2025H2,3.29583686600433,2.19722457733622,1,0.693147180559945,0.216494003883345,0.218187217078181,1
B307,B307,Tiger Playground,B,2025-07-01,H2,2025-03-05,2025-03-05,118,7,4,N,0,0,0,0,0,0.166666666666667,0.428571428571429,1,2025-07-25,2025-07-25,A,0,2025,2025H2,4.77912349311153,2.07944154167984,2,1.09861228866811,0.112644267625236,0.114583108465516,2
B308,B308,Yak Playground,B,2025-07-01,H2,2025-06-12,2025-06-12,19,8,8,A,0,0,0,0,0,0.115384615384615,0,0,2025-11-21,2025-11-21,A,0,2025,2025H2,2.99573227355399,2.19722457733622,0,0,0.0853224946215838,0.0849410669569656,0
B309,B309,Pink Playground,B,2025-07-01,H2,2025-03-24,2025-03-24,99,7,7,A,0,0,0,0,0,0.0416666666666667,0,0,2025-08-20,2025-08-20,U,1,2025,2025H2,4.60517018598809,2.07944154167984,0,0,0.109674948286328,0.109161785962032,0
B310,B310,Bushwick Playground,B,2025-07-01,H2,2025-01-31,2025-01-31,151,7,7,A,0,0,0,0,0.333333333333333,0.125,0,0,2025-08-04,2025-08-04,A,0,2025,2025H2,5.02388052084628,2.07944154167984,1,0.693147180559945,0.162337963929915,0.163684533557069,1
B313,B313,El Shabazz Playground,B,2025-07-01,H2,2025-04-04,2025-04-04,88,7,7,A,0,0,0,0,0.333333333333333,0.125,0,0,2025-08-14,2025-08-14,A,0,2025,2025H2,4.48863636973214,2.07944154167984,0,0,0.150151895138575,0.149451044786169,0
B315,B315,Surf Playground,B,2025-07-01,H2,2025-06-17,2025-06-17,14,8,7,U,1,0,0,0,0.333333333333333,0.125,0.125,0,2025-12-02,2025-12-02,U,1,2025,2025H2,2.70805020110221,2.19722457733622,1,0.693147180559945,0.145721621535826,0.147015062556327,1
B316,B316,DiGilio Playground,B,2025-07-01,H2,2025-01-16,2025-01-16,166,7,7,A,0,0,0,0,0,0.0416666666666667,0,0,2025-07-16,2025-07-16,A,0,2025,2025H2,5.11799381241676,2.07944154167984,0,0,0.11863048636887,0.118068743280971,0
B320,B320,Park Slope Playground,B,2025-07-01,H2,2025-03-10,2025-03-10,113,7,7,A,0,0,0,0,0,0.0416666666666667,0,0,2025-07-28,2025-07-28,A,0,2025,2025H2,4.7361984483945,2.07944154167984,1,0.693147180559945,0.111905094402286,0.112922696766229,1
B321,B321,Edmonds Playground,B,2025-07-01,H2,2025-02-18,2025-02-18,133,7,7,A,0,0,0,0,0.333333333333333,0.125,0,0,2025-07-18,2025-07-18,A,0,2025,2025H2,4.89783979995091,2.07944154167984,1,0.693147180559945,0.159398436767299,0.160729197511821,1
B323,B323,Hattie Carthan Playground,B,2025-07-01,H2,2025-02-28,2025-02-28,123,7,7,A,0,0,1,0,0,0.125,0,0,2025-08-04,2025-08-04,U,1,2025,2025H2,4.82028156560504,2.07944154167984,2,1.09861228866811,0.113357012966271,0.115305565503074,2
B329-01,B329,Lindower Park Playground,B,2025-07-01,H2,2025-03-05,2025-03-05,118,7,7,A,0,0,0,0,0,0.0416666666666667,0,0,2025-08-07,2025-08-07,A,0,2025,2025H2,4.77912349311153,2.07944154167984,0,0,0.112644267625236,0.112114993977983,0
B334,B334,Fermi Playground,B,2025-07-01,H2,2025-03-31,2025-03-31,92,7,7,A,0,0,0,0,0,0.125,0,0,2025-08-25,2025-08-25,U,1,2025,2025H2,4.53259949315326,2.07944154167984,3,1.38629436111989,0.108456610219235,0.110970752031067,3
B335,B335,Bildersee Playground,B,2025-07-01,H2,2025-06-05,2025-06-05,26,8,5,A,0,0,0,0,0,0.25,0.375,0,2025-11-05,2025-11-05,A,0,2025,2025H2,3.29583686600433,2.19722457733622,0,0,0.0894569739705693,0.0890532847586089,0
B337,B337,Century Playground,B,2025-07-01,H2,2025-05-14,2025-05-14,48,8,8,A,0,1,0,0,0,0.115384615384615,0,0,2025-10-14,2025-10-14,U,1,2025,2025H2,3.89182029811063,2.19722457733622,0,0,0.0982064777654111,0.0977554997370274,0
B339,B339,Newport Playground,B,2025-07-01,H2,2025-04-17,2025-04-17,75,7,6,N,1,0,0,0,0.333333333333333,0.227272727272727,0.142857142857143,1,2025-10-07,2025-10-07,A,0,2025,2025H2,4.33073334028633,2.07944154167984,1,0.693147180559945,0.184191627663703,0.185696058313355,1
B342,B342,100% Playground,B,2025-07-01,H2,2025-06-23,2025-06-23,8,8,8,A,0,0,0,0,0,0.0384615384615385,0,0,2025-11-14,2025-11-14,U,1,2025,2025H2,2.19722457733622,2.19722457733622,0,0,0.0751535642580523,0.0748265425339934,0
B347,B347,Carver Playground,B,2025-07-01,H2,2025-04-21,2025-04-21,71,7,3,N,1,0,0,0,0.333333333333333,0.1875,0.571428571428571,1,2025-09-18,2025-09-18,A,0,2025,2025H2,4.27666611901606,2.07944154167984,0,0,0.182792085280143,0.181971602734902,0
B348,B348,Willoughby Playground,B,2025-07-01,H2,2025-01-17,2025-01-17,165,7,7,A,0,0,0,0,0.333333333333333,0.125,0,0,2025-07-14,2025-07-14,A,0,2025,2025H2,5.11198778835654,2.07944154167984,2,1.09861228866811,0.164418650802158,0.167033570933398,2
B350,B350,Stroud Playground,B,2025-07-01,H2,2025-03-14,2025-03-14,109,7,7,U,1,1,1,0,0.333333333333333,0.208333333333333,0,0,2025-09-09,2025-09-09,A,0,2025,2025H2,4.70048036579242,2.07944154167984,0,0,0.193985169085993,0.193111186900854,0
B352,B352,Curtis Playground,B,2025-07-01,H2,2025-06-23,2025-06-23,8,8,8,A,0,0,0,0,0,0.0384615384615385,0,0,2025-10-30,2025-10-30,A,0,2025,2025H2,2.19722457733622,2.19722457733622,0,0,0.0751535642580523,0.0748265425339934,0
B357,B357,Jackie Robinson Playground,B,2025-07-01,H2,2025-04-11,2025-04-11,81,7,7,A,0,1,0,0,0,0.0416666666666667,0,0,2025-10-17,2025-10-17,A,0,2025,2025H2,4.40671924726425,2.07944154167984,0,0,0.106371481167644,0.105876241963216,0
B359,B359,Eleanor Roosevelt Playground,B,2025-07-01,H2,2025-02-28,2025-02-28,123,7,7,A,0,0,1,0,0,0.0416666666666667,0,0,2025-09-08,2025-09-08,U,1,2025,2025H2,4.82028156560504,2.07944154167984,0,0,0.113357012966271,0.112823872268303,0
B364,B364,Woods Playground,B,2025-07-01,H2,2025-05-06,2025-05-06,56,8,7,A,0,0,0,0,0,0.125,0.125,0,2025-10-07,2025-10-07,A,0,2025,2025H2,4.04305126783455,2.19722457733622,1,0.693147180559945,0.100544899882254,0.101485483147446,1
B372,B372,Friends Field,B,2025-07-01,H2,2025-04-29,2025-04-29,63,7,7,A,0,0,0,0,0.333333333333333,0.125,0,0,2025-09-30,2025-09-30,A,0,2025,2025H2,4.15888308335967,2.07944154167984,0,0,0.143025803057981,0.142361867654748,0
B380,B380,Robert E. Venable Park,B,2025-07-01,H2,2025-03-24,2025-03-24,99,7,6,U,1,0,0,0,0.666666666666667,0.318181818181818,0.142857142857143,0,2025-09-09,2025-09-09,U,1,2025,2025H2,4.60517018598809,2.07944154167984,1,0.693147180559945,0.257309812241302,0.259159032982686,1
BT15,BT15,Bush Terminal Park,B,2025-07-01,H2,2025-03-18,2025-03-18,105,7,7,A,0,1,0,0,0,0.0416666666666667,0,0,2025-08-01,2025-08-01,A,0,2025,2025H2,4.66343909411207,2.07944154167984,0,0,0.110661853832534,0.110143336553068,0
M005-ZN01,M005,Battery Park Zone 1,M,2025-07-01,H2,2025-05-08,2025-05-08,54,8,8,A,0,0,0,0,0,0.115384615384615,0,0,2025-10-01,2025-10-01,A,0,2025,2025H2,4.00733318523247,2.19722457733622,1,0.693147180559945,0.0926749924706327,0.0927940509196521,1
M005-ZN02,M005,Battery Park Zone 2,M,2025-07-01,H2,2025-05-30,2025-05-30,32,8,8,U,1,1,1,0,0.666666666666667,0.423076923076923,0,0,2025-10-01,2025-10-01,A,0,2025,2025H2,3.49650756146648,2.19722457733622,2,1.09861228866811,0.208235966224091,0.209893048822003,2
M009,M009,Bennett Park,M,2025-07-01,H2,2025-03-06,2025-03-06,117,7,6,A,0,0,0,0,0,0.136363636363636,0.142857142857143,0,2025-07-18,2025-07-18,A,0,2025,2025H2,4.77068462446567,2.07944154167984,0,0,0.104376519197762,0.10305144721473,0
M010-ZN05,M010,"Dairy, Chess & Checkers House, Carousel",M,2025-07-01,H2,2025-04-15,2025-04-15,77,1,1,A,0,0,0,0,0,0.0833333333333333,0,0,2025-10-21,2025-10-21,U,1,2025,2025H2,4.35670882668959,0.693147180559945,0,0,0.0978769991358829,0.0966338172603959,0
M010-ZN10&11,M010,Sheep Meadow,M,2025-07-01,H2,2025-02-21,2025-02-21,130,7,7,A,0,0,1,0,0,0.0416666666666667,0,0,2025-07-30,2025-07-30,A,0,2025,2025H2,4.87519732320115,2.07944154167984,1,0.693147180559945,0.106076623325757,0.106192007950113,1
M010-ZN16,M010,Pilgrim Hill & Conservatory Water,M,2025-07-01,H2,2025-03-07,2025-03-07,116,7,7,A,0,0,0,0,0,0.0416666666666667,0,0,2025-08-05,2025-08-05,A,0,2025,2025H2,4.76217393479776,2.07944154167984,0,0,0.104239141315863,0.102915792988786,0
M010-ZN18&19,M010,The Ramble,M,2025-07-01,H2,2025-05-22,2025-05-22,40,8,7,U,1,1,0,0,0.333333333333333,0.125,0.125,0,2025-09-10,2025-09-10,U,1,2025,2025H2,3.71357206670431,2.19722457733622,0,0,0.157244105367282,0.15535522615113,0
M010-ZN24&25,M010,"Belvdre. Cstl., Turtle Pond, Shkspr Grdn",M,2025-07-01,H2,2025-03-18,2025-03-18,105,7,5,N,0,0,0,0,0.333333333333333,0.15,0.285714285714286,1,2025-09-11,2025-09-11,A,0,2025,2025H2,4.66343909411207,2.07944154167984,1,0.693147180559945,0.143409577797566,0.143532626591492,1
M010-ZN34,M010,Reservoir (Northwest),M,2025-07-01,H2,2025-02-06,2025-02-06,145,6,6,A,0,0,0,0,0,0.0454545454545455,0,0,2025-07-30,2025-07-30,A,0,2025,2025H2,4.98360662170834,1.94591014905531,0,0,0.107865854168977,0.106497109923172,0
M011,M011,Chelsea Park,M,2025-07-01,H2,2025-03-11,2025-03-11,112,7,7,A,0,0,1,0,0,0.0416666666666667,0,0,2025-08-12,2025-08-12,A,0,2025,2025H2,4.72738781871234,2.07944154167984,2,1.09861228866811,0.103679290647002,0.104641703470696,2
M015,M015,Columbus Park,M,2025-07-01,H2,2025-04-30,2025-04-30,62,8,8,A,0,0,0,0,0.333333333333333,0.115384615384615,0,0,2025-09-19,2025-09-19,A,0,2025,2025H2,4.14313472639153,2.19722457733622,3,1.38629436111989,0.13271659326394,0.13464078483209,3
M018,M018,Carmansville Playground,M,2025-07-01,H2,2025-03-19,2025-03-19,104,7,7,A,0,0,0,0,0,0.0416666666666667,0,0,2025-08-07,2025-08-07,A,0,2025,2025H2,4.65396035015752,2.07944154167984,2,1.09861228866811,0.102506267604674,0.103460609106936,2
M022,M022,De Witt Clinton Park,M,2025-07-01,H2,2025-03-13,2025-03-13,110,8,7,A,0,0,0,0,0,0.0416666666666667,0.125,0,2025-08-25,2025-08-25,A,0,2025,2025H2,4.70953020131233,2.19722457733622,2,1.09861228866811,0.103392922752657,0.10435336923962,2
M028-ZN04,M028,Fort Washington Park Zone 4,M,2025-07-01,H2,2025-04-30,2025-04-30,62,7,7,A,0,1,0,0,0,0.125,0,0,2025-10-09,2025-10-09,A,0,2025,2025H2,4.14313472639153,2.07944154167984,0,0,0.0946668440367329,0.0934643578249655,0
M029-ZN01,M029,Fort Tryon Park Zone 1,M,2025-07-01,H2,2025-03-26,2025-03-26,97,7,7,A,0,0,0,0,0,0.125,0,0,2025-07-29,2025-07-29,A,0,2025,2025H2,4.58496747867057,2.07944154167984,2,1.09861228866811,0.101414816026412,0.10236160744738,2
M037-04,M037,Wallenberg Plgd,M,2025-07-01,H2,2025-06-17,2025-06-17,14,8,7,A,0,0,0,0,0.333333333333333,0.125,0.125,0,2025-11-14,2025-11-14,A,0,2025,2025H2,2.70805020110221,2.19722457733622,1,0.693147180559945,0.106681635016009,0.106819837258814,1
M037-10,M037,Adventure Plgd,M,2025-07-01,H2,2025-05-06,2025-05-06,56,3,3,U,1,1,0,0,0.333333333333333,0.1875,0,0,2025-09-29,2025-09-29,U,1,2025,2025H2,4.04305126783455,1.38629436111989,3,1.38629436111989,0.164935737197998,0.16723350318055,3
M041,M041,Alexander Hamilton Playground,M,2025-07-01,H2,2025-05-12,2025-05-12,50,8,8,A,0,1,0,0,0.333333333333333,0.192307692307692,0,0,2025-10-02,2025-10-02,A,0,2025,2025H2,3.93182563272433,2.19722457733622,1,0.693147180559945,0.128570409648072,0.12870143536653,1
M042-ZN01,M042,Inwood Hill Park Zone 1,M,2025-07-01,H2,2025-06-17,2025-06-17,14,8,8,A,0,0,0,0,0,0.0384615384615385,0,0,2025-11-06,2025-11-06,A,0,2025,2025H2,2.70805020110221,2.19722457733622,1,0.693147180559945,0.0754467627250248,0.0755663245161552,1
M045,M045,John Jay Park,M,2025-07-01,H2,2025-06-04,2025-06-04,27,7,7,A,0,0,0,0,0.333333333333333,0.125,0,0,2025-11-25,2025-11-25,A,0,2025,2025H2,3.3322045101752,2.07944154167984,0,0,0.117402936125665,0.115940678581959,0
M056-02,M056,Morningside Plgd,M,2025-07-01,H2,2025-04-16,2025-04-16,76,7,7,A,0,0,0,0,0,0.125,0,0,2025-09-03,2025-09-03,A,0,2025,2025H2,4.34380542185368,2.07944154167984,0,0,0.0976803292741666,0.0964396359785434,0
M069,M069,Vesuvio Playground,M,2025-07-01,H2,2025-04-02,2025-04-02,90,8,8,A,0,0,0,0,0,0.0384615384615385,0,0,2025-08-28,2025-08-28,A,0,2025,2025H2,4.51085950651685,2.19722457733622,5,1.79175946922806,0.100253941292258,0.102610704492027,5
M071-04,M071,Neufeld Plgd,M,2025-07-01,H2,2025-03-17,2025-03-17,106,7,7,A,0,1,0,0,0.333333333333333,0.125,0,0,2025-08-05,2025-08-05,A,0,2025,2025H2,4.67282883446191,2.07944154167984,0,0,0.143608981215201,0.141835400733918,0
M071-ZN17,M071,Wildlife Sanct. & 119 St Tennis Courts,M,2025-07-01,H2,2025-01-28,2025-01-28,154,7,7,A,0,0,0,0,0,0.0416666666666667,0,0,2025-07-11,2025-07-11,A,0,2025,2025H2,5.04342511691925,2.07944154167984,0,0,0.108864440989361,0.107483237183972,0
M071-ZN20,M071,Hudson Beach Volleyball Courts & Café,M,2025-07-01,H2,2025-03-11,2025-03-11,112,8,5,N,0,0,0,0,0,0.15,0.375,1,2025-08-06,2025-08-06,A,0,2025,2025H2,4.72738781871234,2.19722457733622,0,0,0.103679290647002,0.102362969951961,0
M072-01,M072,Riverbank Plgd,M,2025-07-01,H2,2025-05-12,2025-05-12,50,8,6,A,0,0,0,0,0.666666666666667,0.227272727272727,0.25,0,2025-10-06,2025-10-06,A,0,2025,2025H2,3.93182563272433,2.19722457733622,1,0.693147180559945,0.177574300403965,0.177706579921516,1
M076,M076,St. Vartan Park,M,2025-07-01,H2,2025-06-23,2025-06-23,8,8,8,A,0,0,0,0,0,0.0384615384615385,0,0,2025-11-17,2025-11-17,A,0,2025,2025H2,2.19722457733622,2.19722457733622,0,0,0.0695164912614032,0.0686377585896344,0
M077-03,M077,Arlington Edinboro Playground,M,2025-07-01,H2,2025-05-13,2025-05-13,49,8,8,U,1,1,1,0,0.333333333333333,0.192307692307692,0,0,2025-10-02,2025-10-02,A,0,2025,2025H2,3.91202300542815,2.19722457733622,0,0,0.161841341357685,0.159901608446942,0
M077-04,M077,St Nicholas,M,2025-07-01,H2,2025-05-07,2025-05-07,55,8,8,A,0,0,1,0,0,0.115384615384615,0,0,2025-09-11,2025-09-11,A,0,2025,2025H2,4.02535169073515,2.19722457733622,1,0.693147180559945,0.0929370950777546,0.0930561072806434,1
M079,M079,St. Catherine's Park,M,2025-07-01,H2,2025-04-11,2025-04-11,81,8,8,A,0,0,0,0,0,0.0384615384615385,0,0,2025-09-10,2025-09-10,A,0,2025,2025H2,4.40671924726425,2.19722457733622,3,1.38629436111989,0.098642582030639,0.100148084677226,3
M081-02,M081,Catbird Playground,M,2025-07-01,H2,2025-05-19,2025-05-19,43,8,7,A,0,0,0,0,0,0.0416666666666667,0.125,0,2025-10-22,2025-10-22,A,0,2025,2025H2,3.78418963391826,2.19722457733622,0,0,0.0894837028434851,0.0883472539229548,0
M081-ZN02,M081,Carl Schurz Promenade,M,2025-07-01,H2,2025-05-30,2025-05-30,32,7,7,A,0,0,0,0,0,0.0416666666666667,0,0,2025-10-31,2025-10-31,A,0,2025,2025H2,3.49650756146648,2.07944154167984,0,0,0.0855157998117521,0.0844301662257283,0
M082,M082,Seward Park,M,2025-07-01,H2,2025-05-01,2025-05-01,61,8,5,N,1,0,0,0,0.333333333333333,0.15,0.375,1,2025-09-12,2025-09-12,A,0,2025,2025H2,4.12713438504509,2.19722457733622,2,1.09861228866811,0.166946363443727,0.168361390444922,2
M089,M089,Union Square Park,M,2025-07-01,H2,2025-03-10,2025-03-10,113,8,8,A,0,0,0,0,0,0.0384615384615385,0,0,2025-09-12,2025-09-12,A,0,2025,2025H2,4.7361984483945,2.19722457733622,4,1.6094379124341,0.103820837698594,0.105860244377506,4
M089-01,M089,Evelyn's Playground,M,2025-07-01,H2,2025-05-19,2025-05-19,43,8,8,A,0,0,0,0,0,0.115384615384615,0,0,2025-10-02,2025-10-02,A,0,2025,2025H2,3.78418963391826,2.19722457733622,3,1.38629436111989,0.0894837028434851,0.0908752957571252,3
M098-ZN01,M098,Washington Square Park Western Half,M,2025-07-01,H2,2025-03-27,2025-03-27,96,7,7,A,0,0,1,0,0,0.0416666666666667,0,0,2025-08-08,2025-08-08,A,0,2025,2025H2,4.57471097850338,2.07944154167984,7,2.07944154167984,0.101253443526164,0.104228541067531,7
M107-ZN06,M107,Wards Meadow,M,2025-07-01,H2,2025-05-20,2025-05-20,42,8,8,A,0,0,0,0,0,0.0384615384615385,0,0,2025-09-25,2025-09-25,A,0,2025,2025H2,3.76120011569356,2.19722457733622,0,0,0.0891606081444039,0.0880282887109343,0
M154,M154,Mathews-Palmer Playground,M,2025-07-01,H2,2025-02-10,2025-02-10,141,7,7,A,0,0,0,0,0,0.0416666666666667,0,0,2025-07-07,2025-07-07,A,0,2025,2025H2,4.95582705760126,2.07944154167984,2,1.09861228866811,0.10740485667304,0.10839261153926,2
M158,M158,Robert Moses Playground,M,2025-07-01,H2,2025-04-11,2025-04-11,81,8,8,A,0,0,0,0,0,0.0384615384615385,0,0,2025-09-15,2025-09-15,A,0,2025,2025H2,4.40671924726425,2.19722457733622,0,0,0.098642582030639,0.0973897186288968,0
M159,M159,Frederick Johnson Playground,M,2025-07-01,H2,2025-03-07,2025-03-07,116,7,3,U,1,0,0,0,0.333333333333333,0.1875,0.571428571428571,0,2025-07-30,2025-07-30,A,0,2025,2025H2,4.76217393479776,2.07944154167984,0,0,0.182767673422762,0.180602354156052,0
M160,M160,Fred Samuel Playground,M,2025-07-01,H2,2025-02-18,2025-02-18,133,7,6,A,0,0,0,0,0,0.0454545454545455,0.142857142857143,0,2025-07-30,2025-07-30,A,0,2025,2025H2,4.89783979995091,2.07944154167984,1,0.693147180559945,0.106448149627046,0.106563396268018,1
M161,M161,McCaffrey Playground,M,2025-07-01,H2,2025-06-16,2025-06-16,15,8,7,A,0,0,0,0,0,0.125,0.125,0,2025-12-01,2025-12-01,A,0,2025,2025H2,2.77258872223978,2.19722457733622,3,1.38629436111989,0.0762282542616204,0.0774477965594713,3
M165,M165,Baruch Playground,M,2025-07-01,H2,2025-02-18,2025-02-18,133,7,7,A,0,1,0,0,0,0.125,0,0,2025-07-09,2025-07-09,U,1,2025,2025H2,4.89783979995091,2.07944154167984,0,0,0.106448149627046,0.105097124089747,0
M186,M186,Brigadier General Charles Young Playground,M,2025-07-01,H2,2025-05-09,2025-05-09,53,7,5,A,0,0,0,0,0,0.05,0.285714285714286,0,2025-10-20,2025-10-20,A,0,2025,2025H2,3.98898404656427,2.07944154167984,1,0.693147180559945,0.0924087626265046,0.0925278669475545,1
M190,M190,Sheltering Arms Playground,M,2025-07-01,H2,2025-02-03,2025-02-03,148,7,1,A,0,0,0,0,0,0.0833333333333333,0.857142857142857,0,2025-08-07,2025-08-07,A,0,2025,2025H2,5.00394630594546,2.07944154167984,2,1.09861228866811,0.108204490238882,0.10919762684145,2
M192,M192,Stanley Isaacs Playground,M,2025-07-01,H2,2025-02-25,2025-02-25,126,7,5,N,1,0,0,0,0.666666666666667,0.25,0.285714285714286,1,2025-07-24,2025-07-24,U,1,2025,2025H2,4.84418708645859,2.07944154167984,2,1.09861228866811,0.249225245966369,0.251046999067569,2
M193,M193,Abraham Lincoln Playground,M,2025-07-01,H2,2025-03-14,2025-03-14,109,7,7,A,0,0,0,0,0,0.125,0,0,2025-08-11,2025-08-11,A,0,2025,2025H2,4.70048036579242,2.07944154167984,2,1.09861228866811,0.103248065325075,0.104207516145389,2
M194,M194,Alfred E. Smith Playground,M,2025-07-01,H2,2025-06-02,2025-06-02,29,8,6,U,1,0,1,1,0.666666666666667,0.409090909090909,0.25,0,2025-10-10,2025-10-10,U,1,2025,2025H2,3.40119738166216,2.19722457733622,3,1.38629436111989,0.205534025015391,0.208237137024625,3
M198,M198,"Martin Luther King, Jr. Playground",M,2025-07-01,H2,2025-04-17,2025-04-17,75,8,8,A,0,0,0,0,0,0.0384615384615385,0,0,2025-09-09,2025-09-09,A,0,2025,2025H2,4.33073334028633,2.19722457733622,2,1.09861228866811,0.0974814479080165,0.098400706903604,2
M208A,M208A,Alice Kornegay Triangle,M,2025-07-01,H2,2025-02-03,2025-02-03,148,7,5,A,0,0,0,0,0.333333333333333,0.25,0.285714285714286,0,2025-07-02,2025-07-02,A,0,2025,2025H2,5.00394630594546,2.07944154167984,2,1.09861228866811,0.15078919654002,0.152072550879489,2
M211B,M211B,Langston Hughes Playground,M,2025-07-01,H2,2025-06-03,2025-06-03,28,8,8,A,0,0,0,0,0.333333333333333,0.269230769230769,0,0,2025-10-17,2025-10-17,A,0,2025,2025H2,3.36729582998647,2.19722457733622,0,0,0.118032623238184,0.116562730746117,0
M215,M215,Cherry Tree Park,M,2025-07-01,H2,2025-02-27,2025-02-27,124,7,7,A,0,0,0,0,0,0.125,0,0,2025-07-30,2025-07-30,U,1,2025,2025H2,4.8283137373023,2.07944154167984,1,0.693147180559945,0.105310971551484,0.105426634674707,1
M216,M216,Holcombe Rucker Park,M,2025-07-01,H2,2025-06-23,2025-06-23,8,8,8,A,0,0,0,0,0,0.115384615384615,0,0,2025-11-17,2025-11-17,A,0,2025,2025H2,2.19722457733622,2.19722457733622,0,0,0.0695164912614032,0.0686377585896344,0
M217,M217,Howard Bennett Playground,M,2025-07-01,H2,2025-03-07,2025-03-07,116,7,7,A,0,0,0,0,0,0.0416666666666667,0,0,2025-08-07,2025-08-07,A,0,2025,2025H2,4.76217393479776,2.07944154167984,2,1.09861228866811,0.104239141315863,0.105205390709773,2
M219,M219,Tecumseh Playground,M,2025-07-01,H2,2025-05-20,2025-05-20,42,8,4,A,0,0,0,0,0,0.0555555555555556,0.5,0,2025-10-27,2025-10-27,A,0,2025,2025H2,3.76120011569356,2.19722457733622,1,0.693147180559945,0.0891606081444039,0.0892801812971709,1
M220,M220,Frederick Douglass Playground,M,2025-07-01,H2,2025-06-04,2025-06-04,27,8,8,A,0,0,0,0,0,0.0384615384615385,0,0,2025-10-17,2025-10-17,A,0,2025,2025H2,3.3322045101752,2.19722457733622,2,1.09861228866811,0.0833218044388609,0.0841376105548206,2
M223,M223,Jacob H. Schiff Playground,M,2025-07-01,H2,2025-04-16,2025-04-16,76,7,7,A,0,0,0,0,0.333333333333333,0.208333333333333,0,0,2025-09-09,2025-09-09,A,0,2025,2025H2,4.34380542185368,2.07944154167984,0,0,0.136758333183827,0.135064822698426,0
M226,M226,Augustus St. Gaudens Playground,M,2025-07-01,H2,2025-03-21,2025-03-21,102,8,5,A,0,0,0,0,0,0.05,0.375,0,2025-08-25,2025-08-25,A,0,2025,2025H2,4.63472898822964,2.19722457733622,5,1.79175946922806,0.102200990169168,0.104595545319919,5
M229,M229,Happy Warrior Playground,M,2025-07-01,H2,2025-03-20,2025-03-20,103,8,3,A,0,0,0,0,0,0.0625,0.625,0,2025-08-22,2025-08-22,A,0,2025,2025H2,4.64439089914137,2.19722457733622,2,1.09861228866811,0.102354261903792,0.103307554229685,2
M230,M230,Poor Richard's Playground,M,2025-07-01,H2,2025-04-17,2025-04-17,75,6,2,U,1,0,0,0,0.5,0.214285714285714,0.666666666666667,0,2025-09-09,2025-09-09,A,0,2025,2025H2,4.33073334028633,1.94591014905531,0,0,0.200711352550855,0.198379826241592,0
M233,M233,Matthew P. Sapolin Playground,M,2025-07-01,H2,2025-03-10,2025-03-10,113,7,1,N,0,0,0,0,0,0.0833333333333333,0.857142857142857,1,2025-08-07,2025-08-07,A,0,2025,2025H2,4.7361984483945,2.07944154167984,5,1.79175946922806,0.103820837698594,0.106246646453113,5
M234,M234,Wright Brothers Playground,M,2025-07-01,H2,2025-05-20,2025-05-20,42,8,8,A,0,1,0,0,0.333333333333333,0.115384615384615,0,0,2025-10-09,2025-10-09,A,0,2025,2025H2,3.76120011569356,2.19722457733622,0,0,0.125303529967455,0.123746009419246,0
M235,M235,Sol Lain Plgd,M,2025-07-01,H2,2025-02-10,2025-02-10,141,7,5,A,0,0,0,0,0,0.05,0.285714285714286,0,2025-07-09,2025-07-09,A,0,2025,2025H2,4.95582705760126,2.07944154167984,0,0,0.10740485667304,0.106041870237772,0
M237,M237,Corporal John A. Seravalli Playground,M,2025-07-01,H2,2025-05-22,2025-05-22,40,8,8,A,0,1,0,0,0,0.0384615384615385,0,0,2025-10-08,2025-10-08,U,1,2025,2025H2,3.71357206670431,2.19722457733622,5,1.79175946922806,0.0884945903300795,0.0906178049950592,5
M238,M238,Bloomingdale Playground,M,2025-07-01,H2,2025-04-30,2025-04-30,62,8,6,N,0,0,0,0,0,0.0454545454545455,0.25,1,2025-10-02,2025-10-02,A,0,2025,2025H2,4.14313472639153,2.19722457733622,1,0.693147180559945,0.0946668440367329,0.094785524277671,1
M239,M239,P.S. 155 Playground,M,2025-07-01,H2,2025-05-12,2025-05-12,50,8,3,N,1,0,0,0,0.666666666666667,0.3125,0.625,1,2025-10-02,2025-10-02,U,1,2025,2025H2,3.93182563272433,2.19722457733622,2,1.09861228866811,0.22090844718678,0.222620755254905,2
M244,M244,Sol Bloom Playground,M,2025-07-01,H2,2025-02-25,2025-02-25,126,7,2,N,0,0,0,0,0,0.0714285714285714,0.714285714285714,1,2025-07-07,2025-07-07,A,0,2025,2025H2,4.84418708645859,2.07944154167984,1,0.693147180559945,0.105569650331775,0.105685220248603,1
M245,M245,Renaissance Playground,M,2025-07-01,H2,2025-03-20,2025-03-20,103,8,8,A,0,0,0,0,0,0.0384615384615385,0,0,2025-08-07,2025-08-07,U,1,2025,2025H2,4.64439089914137,2.19722457733622,0,0,0.102354261903792,0.101054594773457,0
M251,M251,Bleecker Playground,M,2025-07-01,H2,2025-03-10,2025-03-10,113,7,7,A,0,0,0,0,0,0.0416666666666667,0,0,2025-07-21,2025-07-21,A,0,2025,2025H2,4.7361984483945,2.07944154167984,5,1.79175946922806,0.103820837698594,0.106246646453113,5
M256,M256,MacArthur Playground,M,2025-07-01,H2,2025-04-24,2025-04-24,68,7,7,A,0,0,0,0,0,0.0416666666666667,0,0,2025-10-22,2025-10-22,A,0,2025,2025H2,4.23410650459726,2.07944154167984,1,0.693147180559945,0.0960225206426415,0.0961409086500076,1
M258,M258,East River Playground,M,2025-07-01,H2,2025-02-20,2025-02-20,131,7,7,A,0,0,0,0,0,0.0416666666666667,0,0,2025-07-11,2025-07-11,A,0,2025,2025H2,4.88280192258637,2.07944154167984,0,0,0.106201274829166,0.104853338315586,0
M300,M300,Sherman Creek,M,2025-07-01,H2,2025-03-06,2025-03-06,117,7,7,A,0,0,0,0,0,0.0416666666666667,0,0,2025-07-22,2025-07-22,A,0,2025,2025H2,4.77068462446567,2.07944154167984,0,0,0.104376519197762,0.10305144721473,0
M360-ZN01,M360,The High Line Zone 1,M,2025-07-01,H2,2025-05-20,2025-05-20,42,8,8,A,0,0,0,0,0.333333333333333,0.115384615384615,0,0,2025-10-01,2025-10-01,A,0,2025,2025H2,3.76120011569356,2.19722457733622,1,0.693147180559945,0.125303529967455,0.12543599431284,1
M360-ZN02,M360,The High Line Zone 2,M,2025-07-01,H2,2025-04-15,2025-04-15,77,7,5,N,0,0,0,0,0,0.15,0.285714285714286,1,2025-08-27,2025-08-27,A,0,2025,2025H2,4.35670882668959,2.07944154167984,0,0,0.0978769991358829,0.0966338172603959,0
M399,M399,Bella Abzug Park,M,2025-07-01,H2,2025-03-13,2025-03-13,110,7,7,U,1,1,1,0,0.333333333333333,0.208333333333333,0,0,2025-08-25,2025-08-25,A,0,2025,2025H2,4.70953020131233,2.07944154167984,0,0,0.181413065059569,0.17926204874312,0
Q002,Q002,Grover Cleveland Playground,Q,2025-07-01,H2,2025-06-16,2025-06-16,15,8,8,A,0,0,0,0,0.333333333333333,0.192307692307692,0,0,2025-12-01,2025-12-01,U,1,2025,2025H2,2.77258872223978,2.19722457733622,0,0,0.093259399824364,0.0929345030780786,0
Q004-01,Q004,Charybdis Playground,Q,2025-07-01,H2,2025-05-16,2025-05-16,46,7,7,A,0,0,0,0,0,0.0416666666666667,0,0,2025-11-05,2025-11-05,A,0,2025,2025H2,3.85014760171006,2.07944154167984,0,0,0.078053868183104,0.0777785876215345,0
Q004-ZN01,Q004,Astoria Park Zone 1,Q,2025-07-01,H2,2025-03-18,2025-03-18,105,7,7,A,0,0,0,0,0,0.0416666666666667,0,0,2025-08-05,2025-08-05,A,0,2025,2025H2,4.66343909411207,2.07944154167984,1,0.693147180559945,0.0887840742303028,0.0897169774193573,1
Q005-ZN01,Q005,Baisley Pond Park Zone 1,Q,2025-07-01,H2,2025-04-25,2025-04-25,67,7,7,U,1,0,1,0,0.666666666666667,0.208333333333333,0,0,2025-09-11,2025-09-11,A,0,2025,2025H2,4.21950770517611,2.07944154167984,0,0,0.202425304949488,0.201701203314367,0
Q005-ZN03,Q005,Baisley Pond Park Zone 3,Q,2025-07-01,H2,2025-04-25,2025-04-25,67,7,7,A,0,0,0,0,0,0.125,0,0,2025-09-11,2025-09-11,U,1,2025,2025H2,4.21950770517611,2.07944154167984,0,0,0.0827715583252594,0.0824747235592007,0
Q005-ZN04,Q005,Baisley Pond Park Zone 4,Q,2025-07-01,H2,2025-03-28,2025-03-28,95,7,7,U,1,0,0,0,0.666666666666667,0.208333333333333,0,0,2025-08-19,2025-08-19,A,0,2025,2025H2,4.56434819146784,2.07944154167984,0,0,0.212214993632813,0.21145198306933,0
Q011,Q011,Poppenhusen Playground,Q,2025-07-01,H2,2025-02-21,2025-02-21,130,7,6,N,1,0,0,0,0.333333333333333,0.136363636363636,0.142857142857143,1,2025-07-21,2025-07-21,A,0,2025,2025H2,4.87519732320115,2.07944154167984,0,0,0.162640903326667,0.162045575948692,0
Q012-ZN01,Q012,Crocheron Park Zone 1,Q,2025-07-01,H2,2025-01-31,2025-01-31,151,8,8,A,0,0,0,0,0,0.0384615384615385,0,0,2025-07-10,2025-07-10,A,0,2025,2025H2,5.02388052084628,2.19722457733622,0,0,0.0939528765519048,0.093604398354655,0
Q012B,Q012B,John Golden Park,Q,2025-07-01,H2,2025-04-08,2025-04-08,84,8,8,A,0,0,0,0,0,0.192307692307692,0,0,2025-10-01,2025-10-01,U,1,2025,2025H2,4.44265125649032,2.19722457733622,0,0,0.0857460132172339,0.085435510084492,0
Q014,Q014,Astoria Heights Playground,Q,2025-07-01,H2,2025-06-23,2025-06-23,8,8,8,A,0,0,1,0,0,0.0384615384615385,0,0,2025-12-01,2025-12-01,A,0,2025,2025H2,2.19722457733622,2.19722457733622,0,0,0.0598235359244262,0.0596296262999757,0
Q015-08,Q015,Dry Harbor Playground,Q,2025-07-01,H2,2025-04-16,2025-04-16,76,7,7,A,0,0,0,0,0,0.0416666666666667,0,0,2025-09-22,2025-09-22,A,0,2025,2025H2,4.34380542185368,2.07944154167984,0,0,0.0844166505446935,0.0841122631543078,0
Q015-ZN04,Q015,Victory Field,Q,2025-07-01,H2,2025-03-21,2025-03-21,102,8,8,A,0,0,0,0,0,0.0384615384615385,0,0,2025-08-26,2025-08-26,A,0,2025,2025H2,4.63472898822964,2.19722457733622,0,0,0.0883835933862488,0.0880609247380123,0
Q015-ZN07,Q015,Tennis Courts - Forest Parkway,Q,2025-07-01,H2,2025-01-24,2025-01-24,158,7,4,N,0,0,0,0,0,0.0555555555555556,0.428571428571429,1,2025-07-15,2025-07-15,A,0,2025,2025H2,5.06890420222023,2.07944154167984,0,0,0.0946171548011247,0.0942655883050889,0
Q020-ZN01,Q020,Highland Park Zone 1,Q,2025-07-01,H2,2025-04-15,2025-04-15,77,7,7,A,0,0,0,0,0,0.0416666666666667,0,0,2025-08-26,2025-08-26,A,0,2025,2025H2,4.35670882668959,2.07944154167984,0,0,0.0845891187834698,0.0842839385758665,0
Q021-ZN02,Q021,Cunningham Park Zone 2,Q,2025-07-01,H2,2025-02-25,2025-02-25,126,8,8,A,0,0,0,0,0,0.0384615384615385,0,0,2025-07-10,2025-07-10,A,0,2025,2025H2,4.84418708645859,2.19722457733622,0,0,0.0913431532428664,0.0910067883810161,0
Q021-ZN03,Q021,Cunningham Park Zone 3,Q,2025-07-01,H2,2025-02-25,2025-02-25,126,7,7,A,0,0,0,0,0,0.0416666666666667,0,0,2025-07-29,2025-07-29,A,0,2025,2025H2,4.84418708645859,2.07944154167984,0,0,0.0913431532428664,0.0910067883810161,0
Q022,Q022,Margaret I. Carman Green - Weeping Beech,Q,2025-07-01,H2,2025-05-01,2025-05-01,61,7,6,A,0,0,1,0,0,0.0454545454545455,0.142857142857143,0,2025-10-02,2025-10-02,A,0,2025,2025H2,4.12713438504509,2.07944154167984,1,0.693147180559945,0.0815679361816149,0.0824411695440955,1
Q023,Q023,Rufus King Park,Q,2025-07-01,H2,2025-06-03,2025-06-03,28,8,8,A,0,0,0,0,0,0.115384615384615,0,0,2025-10-10,2025-10-10,A,0,2025,2025H2,3.36729582998647,2.19722457733622,1,0.693147180559945,0.0722579452541007,0.0730512240529341,1
Q026,Q026,Park Of The Americas,Q,2025-07-01,H2,2025-03-24,2025-03-24,99,7,7,A,0,0,0,0,0,0.0416666666666667,0,0,2025-08-07,2025-08-07,A,0,2025,2025H2,4.60517018598809,2.07944154167984,5,1.79175946922806,0.0879729790312439,0.0909086406829547,5
Q031,Q031,Lawrence Virgilio Playground,Q,2025-07-01,H2,2025-03-07,2025-03-07,116,7,7,A,0,0,0,0,0,0.0416666666666667,0,0,2025-08-04,2025-08-04,A,0,2025,2025H2,4.76217393479776,2.07944154167984,4,1.6094379124341,0.090173866396601,0.0928286371758628,4
Q041,Q041,Newtown Playground,Q,2025-07-01,H2,2025-02-24,2025-02-24,127,7,3,N,0,0,0,0,0,0.0625,0.571428571428571,1,2025-07-28,2025-07-28,A,0,2025,2025H2,4.85203026391962,2.07944154167984,0,0,0.0914556875318479,0.0911188009991767,0
Q044,Q044,L/CPL Thomas P. Noonan Jr. Playground,Q,2025-07-01,H2,2025-03-07,2025-03-07,116,7,7,A,0,0,0,0,0,0.0416666666666667,0,0,2025-07-25,2025-07-25,A,0,2025,2025H2,4.76217393479776,2.07944154167984,3,1.38629436111989,0.090173866396601,0.0924094199889283,3
Q052,Q052,Captain Tilly Park,Q,2025-07-01,H2,2025-04-24,2025-04-24,68,7,3,A,0,0,0,0,0.333333333333333,0.1875,0.571428571428571,0,2025-09-16,2025-09-16,A,0,2025,2025H2,4.23410650459726,2.07944154167984,0,0,0.116916431194394,0.116485240871955,0
Q053,Q053,Equity Playground,Q,2025-07-01,H2,2025-02-24,2025-02-24,127,7,5,N,1,0,0,0,0.333333333333333,0.35,0.285714285714286,1,2025-07-21,2025-07-21,U,1,2025,2025H2,4.85203026391962,2.07944154167984,1,0.693147180559945,0.162096523234538,0.163612876458858,1
Q066B,Q066B,Triborough Bridge Playground B,Q,2025-07-01,H2,2025-05-02,2025-05-02,60,8,7,A,0,0,0,0,0,0.0416666666666667,0.125,0,2025-10-10,2025-10-10,A,0,2025,2025H2,4.11087386417331,2.19722457733622,1,0.693147180559945,0.0813577196440109,0.0822291851726427,1
Q067A,Q067A,General Hart Playground,Q,2025-07-01,H2,2025-05-02,2025-05-02,60,7,5,A,0,0,0,0,0.333333333333333,0.15,0.285714285714286,0,2025-09-15,2025-09-15,A,0,2025,2025H2,4.11087386417331,2.07944154167984,2,1.09861228866811,0.114736035202317,0.11682487169216,2
Q082,Q082,Wayanda Park,Q,2025-07-01,H2,2025-03-10,2025-03-10,113,7,7,A,0,0,0,0,0,0.208333333333333,0,0,2025-08-12,2025-08-12,U,1,2025,2025H2,4.7361984483945,2.07944154167984,1,0.693147180559945,0.0898063468453472,0.0907475462765909,1
Q085,Q085,Gorman Playground,Q,2025-07-01,H2,2025-03-05,2025-03-05,118,7,7,A,0,0,0,0,0,0.0416666666666667,0,0,2025-08-08,2025-08-08,A,0,2025,2025H2,4.77912349311153,2.07944154167984,3,1.38629436111989,0.0904144107308774,0.0926549939958824,3
Q095,Q095,Vito Locascio Field,Q,2025-07-01,H2,2025-02-20,2025-02-20,131,7,7,A,0,0,0,0,0,0.0416666666666667,0,0,2025-07-14,2025-07-14,A,0,2025,2025H2,4.88280192258637,2.07944154167984,0,0,0.0918984058283908,0.0915594664016179,0
Q098,Q098,Frank D. O'Connor Playground,Q,2025-07-01,H2,2025-03-24,2025-03-24,99,8,8,A,0,0,0,0,0,0.0384615384615385,0,0,2025-08-07,2025-08-07,A,0,2025,2025H2,4.60517018598809,2.19722457733622,3,1.38629436111989,0.0879729790312439,0.0901623270791725,3
Q099-15,Q099,Triassic Playground,Q,2025-07-01,H2,2025-03-24,2025-03-24,99,7,4,N,0,0,0,0,0,0.0555555555555556,0.428571428571429,1,2025-08-15,2025-08-15,A,0,2025,2025H2,4.60517018598809,2.07944154167984,0,0,0.0879729790312439,0.0876522069134534,0
Q099-20,Q099,Albert H. Mauro Playground,Q,2025-07-01,H2,2025-05-30,2025-05-30,32,8,8,A,0,0,0,0,0,0.0384615384615385,0,0,2025-11-03,2025-11-03,U,1,2025,2025H2,3.49650756146648,2.19722457733622,0,0,0.0737688602950947,0.073513005710499,0
Q099-ZN08,Q099,South Of Fountain Of The Planets,Q,2025-07-01,H2,2025-05-30,2025-05-30,32,9,9,A,0,1,0,0,0,0.107142857142857,0,0,2025-10-16,2025-10-16,A,0,2025,2025H2,3.49650756146648,2.30258509299405,0,0,0.0737688602950947,0.073513005710499,0
Q099-ZN17,Q099,College Point Blvd Soccer Fields,Q,2025-07-01,H2,2025-06-24,2025-06-24,7,8,4,A,0,0,0,0,0.333333333333333,0.166666666666667,0.5,0,2025-10-30,2025-10-30,A,0,2025,2025H2,2.07944154167984,2.19722457733622,0,0,0.0836138373078146,0.0833315868340269,0
Q099-ZN19,Q099,Ballfields,Q,2025-07-01,H2,2025-04-17,2025-04-17,75,8,8,A,0,0,0,0,0,0.0384615384615385,0,0,2025-09-24,2025-09-24,A,0,2025,2025H2,4.33073334028633,2.19722457733622,0,0,0.0842422533241036,0.0839386674257011,0
Q099-ZN20,Q099,Meadow Lake North,Q,2025-07-01,H2,2025-02-19,2025-02-19,132,7,7,A,0,0,0,0,0,0.0416666666666667,0,0,2025-07-08,2025-07-08,A,0,2025,2025H2,4.89034912822175,2.07944154167984,1,0.693147180559945,0.0920072828258156,0.0929662143769363,1
Q099-ZN25,Q099,Meadow Lake NE,Q,2025-07-01,H2,2025-02-19,2025-02-19,132,7,7,A,0,0,1,0,0,0.0416666666666667,0,0,2025-07-29,2025-07-29,A,0,2025,2025H2,4.89034912822175,2.07944154167984,0,0,0.0920072828258156,0.0916678383882613,0
Q102-02,Q102,Juniper North Playground Tennis,Q,2025-07-01,H2,2025-04-16,2025-04-16,76,7,7,A,0,0,0,0,0,0.0416666666666667,0,0,2025-09-12,2025-09-12,A,0,2025,2025H2,4.34380542185368,2.07944154167984,0,0,0.0844166505446935,0.0841122631543078,0
Q103,Q103,Raymond O’Connor Park,Q,2025-07-01,H2,2025-04-02,2025-04-02,90,7,7,A,0,1,0,0,0,0.208333333333333,0,0,2025-09-05,2025-09-05,A,0,2025,2025H2,4.51085950651685,2.07944154167984,0,0,0.0866743689325735,0.0863595884942389,0
Q104,Q104,Queensbridge Park,Q,2025-07-01,H2,2025-05-20,2025-05-20,42,8,7,A,0,1,0,0,0,0.0416666666666667,0.125,0,2025-10-02,2025-10-02,A,0,2025,2025H2,3.76120011569356,2.19722457733622,0,0,0.0769551291309223,0.0766848442832353,0
Q106,Q106,Daniel M. O'Connell Playground,Q,2025-07-01,H2,2025-06-03,2025-06-03,28,7,7,A,0,0,0,0,0.333333333333333,0.125,0,0,2025-10-27,2025-10-27,A,0,2025,2025H2,3.36729582998647,2.07944154167984,0,0,0.102318751441203,0.101953366177246,0
Q107,Q107,Springfield Park,Q,2025-07-01,H2,2025-05-13,2025-05-13,49,8,8,A,0,0,0,0,0,0.115384615384615,0,0,2025-10-10,2025-10-10,A,0,2025,2025H2,3.91202300542815,2.19722457733622,1,0.693147180559945,0.0788266443759756,0.0796766905039789,1
Q118,Q118,Police Officer Nicholas Demutiis Park,Q,2025-07-01,H2,2025-04-28,2025-04-28,64,7,6,A,0,0,1,0,0,0.0454545454545455,0.142857142857143,0,2025-09-22,2025-09-22,A,0,2025,2025H2,4.17438726989564,2.07944154167984,2,1.09861228866811,0.0821816345623448,0.0837529554961103,2
Q119,Q119,Frederick B. Judge Playground,Q,2025-07-01,H2,2025-03-17,2025-03-17,106,7,7,A,0,0,0,0,0,0.0416666666666667,0,0,2025-08-14,2025-08-14,A,0,2025,2025H2,4.67282883446191,2.07944154167984,0,0,0.0889154079089193,0.0885902815527502,0
Q128,Q128,London Planetree Playground,Q,2025-07-01,H2,2025-06-05,2025-06-05,26,8,8,A,0,0,0,0,0,0.115384615384615,0,0,2025-11-06,2025-11-06,A,0,2025,2025H2,3.29583686600433,2.19722457733622,0,0,0.0714346548773511,0.0711893139906044,0
Q129,Q129,"Phil """"Scooter"""" Rizzuto Park",Q,2025-07-01,H2,2025-04-14,2025-04-14,78,7,7,A,0,0,0,0,0,0.0416666666666667,0,0,2025-09-22,2025-09-22,A,0,2025,2025H2,4.36944785246702,2.07944154167984,0,0,0.0847597035711467,0.0844537390191836,0
Q134,Q134,Jack Breininger Park,Q,2025-07-01,H2,2025-06-23,2025-06-23,8,8,8,A,0,0,0,0,0,0.0384615384615385,0,0,2025-10-27,2025-10-27,A,0,2025,2025H2,2.19722457733622,2.19722457733622,0,0,0.0598235359244262,0.0596296262999757,0
Q141,Q141,Murray Playground,Q,2025-07-01,H2,2025-05-09,2025-05-09,53,8,8,U,1,0,0,0,0.333333333333333,0.115384615384615,0,0,2025-10-10,2025-10-10,U,1,2025,2025H2,3.98898404656427,2.19722457733622,2,1.09861228866811,0.142849461081647,0.145363591791967,2
Q162H,Q162H,Beach 30th Street Playground,Q,2025-07-01,H2,2025-06-02,2025-06-02,29,8,6,A,0,0,0,0,0,0.0454545454545455,0.25,0,2025-10-28,2025-10-28,U,1,2025,2025H2,3.40119738166216,2.19722457733622,0,0,0.072651583293836,0.0724007674944167,0
Q162J,Q162J,Beach 17 Playground,Q,2025-07-01,H2,2025-03-27,2025-03-27,96,7,7,A,0,0,0,0,0,0.208333333333333,0,0,2025-08-22,2025-08-22,A,0,2025,2025H2,4.57471097850338,2.07944154167984,0,0,0.0875516606880187,0.0872328335566839,0
Q162J01,Q162J01,Beach 9 Playground,Q,2025-07-01,H2,2025-02-04,2025-02-04,147,7,6,A,0,0,0,0,0,0.0454545454545455,0.142857142857143,0,2025-07-09,2025-07-09,A,0,2025,2025H2,4.99721227376412,2.07944154167984,0,0,0.093561387841318,0.0932147287987672,0
Q163-ZN05B,Q163,Rockaway Beach 05b,Q,2025-07-01,H2,2025-04-22,2025-04-22,70,8,8,A,0,0,0,0,0,0.0384615384615385,0,0,2025-09-11,2025-09-11,A,0,2025,2025H2,4.26267987704132,2.19722457733622,0,0,0.0833396136408043,0.0830401729401198,0
Q163-ZN06B,Q163,Rockaway Beach 06b,Q,2025-07-01,H2,2025-02-05,2025-02-05,146,7,5,N,0,0,0,0,0,0.05,0.285714285714286,1,2025-07-11,2025-07-11,A,0,2025,2025H2,4.99043258677874,2.07944154167984,0,0,0.0934620958171618,0.0931158980511377,0
Q163-ZN07B,Q163,Rockaway Beach 07b,Q,2025-07-01,H2,2025-05-29,2025-05-29,33,8,5,A,0,0,0,0,0,0.05,0.375,0,2025-10-09,2025-10-09,A,0,2025,2025H2,3.52636052461616,2.19722457733622,0,0,0.07412205254817,0.073864602746359,0
Q205A,Q205A,Big Bush Playground,Q,2025-07-01,H2,2025-05-09,2025-05-09,53,7,6,A,0,0,0,0,0,0.0454545454545455,0.142857142857143,0,2025-10-06,2025-10-06,A,0,2025,2025H2,3.98898404656427,2.07944154167984,0,0,0.0797975887132633,0.0795143604715339,0
Q211,Q211,Maple Playground,Q,2025-07-01,H2,2025-02-21,2025-02-21,130,6,3,A,0,0,0,0,0,0.0625,0.5,0,2025-07-02,2025-07-02,A,0,2025,2025H2,4.87519732320115,1.94591014905531,2,1.09861228866811,0.0917888180005673,0.0935114990834327,2
Q212,Q212,Queens Valley Playground,Q,2025-07-01,H2,2025-03-07,2025-03-07,116,7,7,A,0,0,0,0,0,0.0416666666666667,0,0,2025-07-29,2025-07-29,A,0,2025,2025H2,4.76217393479776,2.07944154167984,0,0,0.090173866396601,0.0898429181981899,0
Q218,Q218,Dutch Kills Playground,Q,2025-07-01,H2,2025-06-12,2025-06-12,19,8,8,A,0,0,0,0,0.333333333333333,0.115384615384615,0,0,2025-11-17,2025-11-17,A,0,2025,2025H2,2.99573227355399,2.19722457733622,0,0,0.0965710618372012,0.0962314056925127,0
Q220G,Q220G,Hoover - Manton Playgrounds,Q,2025-07-01,H2,2025-05-05,2025-05-05,57,7,7,A,0,0,0,0,0,0.0416666666666667,0,0,2025-09-22,2025-09-22,A,0,2025,2025H2,4.06044301054642,2.07944154167984,1,0.693147180559945,0.0807088851566869,0.0815748835262001,1
Q221,Q221,Farm Playground,Q,2025-07-01,H2,2025-04-11,2025-04-11,81,7,4,A,0,0,0,0,0,0.0555555555555556,0.428571428571429,0,2025-09-09,2025-09-09,A,0,2025,2025H2,4.40671924726425,2.07944154167984,0,0,0.0852605884996322,0.0849523198381911,0
Q226-01,Q226,Hallets Cove Playground (area A),Q,2025-07-01,H2,2025-06-04,2025-06-04,27,8,8,A,0,0,0,0,0.333333333333333,0.115384615384615,0,0,2025-11-05,2025-11-05,A,0,2025,2025H2,3.3322045101752,2.19722457733622,0,0,0.101763222956985,0.101400330042401,0
Q266,Q266,Westbourne Playground,Q,2025-07-01,H2,2025-06-20,2025-06-20,11,8,8,U,1,0,0,0,0.333333333333333,0.115384615384615,0,0,2025-11-17,2025-11-17,A,0,2025,2025H2,2.484906649788,2.19722457733622,0,0,0.113882080647821,0.113496142701107,0
Q293,Q293,Saul Weprin Playground,Q,2025-07-01,H2,2025-05-12,2025-05-12,50,8,6,A,0,0,0,0,0,0.0454545454545455,0.25,0,2025-11-05,2025-11-05,A,0,2025,2025H2,3.93182563272433,2.19722457733622,0,0,0.0790754381390905,0.078795504196983,0
Q300-04,Q300,Captain Mario Fajardo Park,Q,2025-07-01,H2,2025-04-03,2025-04-03,89,7,7,A,0,0,0,0,0,0.0416666666666667,0,0,2025-09-17,2025-09-17,A,0,2025,2025H2,4.49980967033027,2.07944154167984,0,0,0.0865233588623594,0.0862092745372629,0
Q300-ZN03,Q300,Captain Mario Fajardo Park,Q,2025-07-01,H2,2025-04-10,2025-04-10,82,7,7,A,0,0,0,0,0,0.0416666666666667,0,0,2025-09-17,2025-09-17,A,0,2025,2025H2,4.4188406077966,2.07944154167984,0,0,0.085424063268918,0.0851150422738891,0
Q302,Q302,Evergreen Park,Q,2025-07-01,H2,2025-04-25,2025-04-25,67,7,6,A,0,0,0,0,0.333333333333333,0.409090909090909,0.142857142857143,0,2025-09-12,2025-09-12,A,0,2025,2025H2,4.21950770517611,2.07944154167984,2,1.09861228866811,0.116656264761515,0.118772764500018,2
Q303,Q303,Travers Park,Q,2025-07-01,H2,2025-02-24,2025-02-24,127,7,7,A,0,0,0,0,0.333333333333333,0.125,0,0,2025-07-09,2025-07-09,A,0,2025,2025H2,4.85203026391962,2.07944154167984,1,0.693147180559945,0.128397814119398,0.129653111346069,1
Q304,Q304,Ehrenreich-Austin Playground,Q,2025-07-01,H2,2025-06-05,2025-06-05,26,8,7,A,0,0,0,0,0,0.0416666666666667,0.125,0,2025-10-14,2025-10-14,A,0,2025,2025H2,3.29583686600433,2.19722457733622,0,0,0.0714346548773511,0.0711893139906044,0
Q305,Q305,Mafera Park,Q,2025-07-01,H2,2025-02-24,2025-02-24,127,7,7,A,0,0,0,0,0,0.208333333333333,0,0,2025-07-10,2025-07-10,A,0,2025,2025H2,4.85203026391962,2.07944154167984,0,0,0.0914556875318479,0.0911188009991767,0
Q306,Q306,The Painter's Playground,Q,2025-07-01,H2,2025-03-13,2025-03-13,110,7,7,U,1,0,0,0,0.333333333333333,0.125,0,0,2025-08-08,2025-08-08,A,0,2025,2025H2,4.70953020131233,2.07944154167984,0,0,0.158780333564683,0.158201522650029,0
Q307,Q307,Delphin H. Greene Playground,Q,2025-07-01,H2,2025-04-02,2025-04-02,90,7,7,A,0,0,0,0,0,0.208333333333333,0,0,2025-08-21,2025-08-21,U,1,2025,2025H2,4.51085950651685,2.07944154167984,1,0.693147180559945,0.0866743689325735,0.0875900289664407,1
Q308,Q308,Bowne Playground,Q,2025-07-01,H2,2025-06-12,2025-06-12,19,8,6,A,0,1,0,0,0,0.0454545454545455,0.25,0,2025-12-05,2025-12-05,A,0,2025,2025H2,2.99573227355399,2.19722457733622,1,0.693147180559945,0.0680708525162401,0.0688270296414604,1
Q314,Q314,Fresh Meadows Playground,Q,2025-07-01,H2,2025-06-24,2025-06-24,7,8,8,A,0,0,0,0,0,0.115384615384615,0,0,2025-11-20,2025-11-20,A,0,2025,2025H2,2.07944154167984,2.19722457733622,0,0,0.0586891706944121,0.0585001955504811,0
Q317,Q317,Tall Oak Playground,Q,2025-07-01,H2,2025-05-29,2025-05-29,33,8,8,A,0,0,0,0,0.333333333333333,0.115384615384615,0,0,2025-11-05,2025-11-05,A,0,2025,2025H2,3.52636052461616,2.19722457733622,0,0,0.104870703791449,0.104493855769136,0
Q318,Q318,Playground Eighty LXXX,Q,2025-07-01,H2,2025-05-02,2025-05-02,60,7,5,N,1,0,0,0,0.333333333333333,0.15,0.285714285714286,1,2025-09-22,2025-09-22,A,0,2025,2025H2,4.11087386417331,2.07944154167984,0,0,0.145447479435351,0.144925896416742,0
Q319,Q319,Annadale Playground,Q,2025-07-01,H2,2025-03-13,2025-03-13,110,7,6,A,0,0,0,0,0,0.0454545454545455,0.142857142857143,0,2025-08-08,2025-08-08,A,0,2025,2025H2,4.70953020131233,2.07944154167984,1,0.693147180559945,0.0894304307448502,0.0903685838913179,1
Q320,Q320,Vleigh Playground,Q,2025-07-01,H2,2025-05-22,2025-05-22,40,8,8,A,0,0,0,0,0,0.115384615384615,0,0,2025-10-14,2025-10-14,A,0,2025,2025H2,3.71357206670431,2.19722457733622,0,0,0.0763726398555227,0.0761049994794576,0
Q322,Q322,Bellaire Playground,Q,2025-07-01,H2,2025-04-02,2025-04-02,90,7,6,U,1,1,1,0,0.666666666666667,0.227272727272727,0.142857142857143,0,2025-08-21,2025-08-21,A,0,2025,2025H2,4.51085950651685,2.07944154167984,1,0.693147180559945,0.210674125221962,0.212498635401022,1
Q327,Q327,Castlewood Playground,Q,2025-07-01,H2,2025-03-10,2025-03-10,113,7,6,N,0,0,0,0,0,0.0454545454545455,0.142857142857143,1,2025-07-28,2025-07-28,A,0,2025,2025H2,4.7361984483945,2.07944154167984,0,0,0.0898063468453472,0.0894770997182857,0
Q328,Q328,Bellerose Playground,Q,2025-07-01,H2,2025-05-02,2025-05-02,60,8,7,A,0,0,0,0,0,0.0416666666666667,0.125,0,2025-09-19,2025-09-19,A,0,2025,2025H2,4.11087386417331,2.19722457733622,0,0,0.0813577196440109,0.0810673612867919,0
Q329,Q329,Pomonok Playground,Q,2025-07-01,H2,2025-04-15,2025-04-15,77,7,7,A,0,0,1,0,0,0.0416666666666667,0,0,2025-09-22,2025-09-22,A,0,2025,2025H2,4.35670882668959,2.07944154167984,0,0,0.0845891187834698,0.0842839385758665,0
Q330,Q330,Locust Manor Playground,Q,2025-07-01,H2,2025-06-16,2025-06-16,15,8,7,A,0,0,0,0,0.666666666666667,0.375,0.125,0,2025-11-19,2025-11-19,A,0,2025,2025H2,2.77258872223978,2.19722457733622,0,0,0.130825196762243,0.130358379203274,0
Q335,Q335,Russell Sage Playground,Q,2025-07-01,H2,2025-03-06,2025-03-06,117,7,6,U,1,0,0,0,0.333333333333333,0.227272727272727,0.142857142857143,0,2025-08-21,2025-08-21,A,0,2025,2025H2,4.77068462446567,2.07944154167984,3,1.38629436111989,0.160196697810442,0.163812666264807,3
Q336,Q336,Judge Moses Weinstein Playground,Q,2025-07-01,H2,2025-06-24,2025-06-24,7,8,7,U,1,0,0,0,0.333333333333333,0.208333333333333,0.125,0,2025-11-06,2025-11-06,A,0,2025,2025H2,2.07944154167984,2.19722457733622,0,0,0.107001694427743,0.106645118254048,0
Q337,Q337,Maurice A FitzGerald Playground,Q,2025-07-01,H2,2025-06-05,2025-06-05,26,8,8,A,0,0,0,0,0.333333333333333,0.192307692307692,0,0,2025-11-06,2025-11-06,A,0,2025,2025H2,3.29583686600433,2.19722457733622,1,0.693147180559945,0.101190312833395,0.102243529676012,1
Q338,Q338,Admiral Playground,Q,2025-07-01,H2,2025-01-24,2025-01-24,158,7,7,A,0,0,0,0,0,0.0416666666666667,0,0,2025-07-14,2025-07-14,A,0,2025,2025H2,5.06890420222023,2.07944154167984,0,0,0.0946171548011247,0.0942655883050889,0
Q339,Q339,Cambria Playground,Q,2025-07-01,H2,2025-02-03,2025-02-03,148,7,7,U,1,0,0,0,0.333333333333333,0.125,0,0,2025-07-07,2025-07-07,A,0,2025,2025H2,5.00394630594546,2.07944154167984,0,0,0.165693118150972,0.165084755139433,0
Q340,Q340,Torsney Playground,Q,2025-07-01,H2,2025-04-14,2025-04-14,78,8,8,A,0,0,0,0,0,0.0384615384615385,0,0,2025-10-01,2025-10-01,U,1,2025,2025H2,4.36944785246702,2.19722457733622,3,1.38629436111989,0.0847597035711467,0.0868809862266702,3
Q342,Q342,Electric Playground,Q,2025-07-01,H2,2025-04-15,2025-04-15,77,7,7,A,0,0,0,0,0,0.125,0,0,2025-09-09,2025-09-09,A,0,2025,2025H2,4.35670882668959,2.07944154167984,0,0,0.0845891187834698,0.0842839385758665,0
Q343,Q343,Whitestone Playground,Q,2025-07-01,H2,2025-03-28,2025-03-28,95,7,7,A,0,0,0,0,0,0.125,0,0,2025-09-04,2025-09-04,A,0,2025,2025H2,4.56434819146784,2.07944154167984,0,0,0.0874087367507922,0.0870905691888475,0
Q344,Q344,Emerald Playground,Q,2025-07-01,H2,2025-06-24,2025-06-24,7,8,8,A,0,0,0,0,0,0.0384615384615385,0,0,2025-11-13,2025-11-13,A,0,2025,2025H2,2.07944154167984,2.19722457733622,0,0,0.0586891706944121,0.0585001955504811,0
Q345,Q345,Redfern Playground,Q,2025-07-01,H2,2025-06-20,2025-06-20,11,8,6,A,0,1,0,0,0.333333333333333,0.227272727272727,0.25,0,2025-11-17,2025-11-17,A,0,2025,2025H2,2.484906649788,2.19722457733622,0,0,0.0891404649807161,0.0888338472089674,0
Q346,Q346,Challenge Playground,Q,2025-07-01,H2,2025-02-20,2025-02-20,131,7,5,N,0,0,0,0,0,0.05,0.285714285714286,1,2025-07-28,2025-07-28,A,0,2025,2025H2,4.88280192258637,2.07944154167984,0,0,0.0918984058283908,0.0915594664016179,0
Q347,Q347,Colden Playground,Q,2025-07-01,H2,2025-05-09,2025-05-09,53,8,4,N,1,0,0,0,0.333333333333333,0.166666666666667,0.5,1,2025-10-02,2025-10-02,A,0,2025,2025H2,3.98898404656427,2.19722457733622,0,0,0.142849461081647,0.142339052293433,0
Q348,Q348,Willow Lake Playground,Q,2025-07-01,H2,2025-03-13,2025-03-13,110,7,7,A,0,0,0,0,0,0.125,0,0,2025-08-21,2025-08-21,A,0,2025,2025H2,4.70953020131233,2.07944154167984,0,0,0.0894304307448502,0.0891029228203837,0
Q349,Q349,Telephone Playground,Q,2025-07-01,H2,2025-06-23,2025-06-23,8,8,8,A,0,0,0,0,0,0.115384615384615,0,0,2025-11-19,2025-11-19,A,0,2025,2025H2,2.19722457733622,2.19722457733622,0,0,0.0598235359244262,0.0596296262999757,0
Q351,Q351,Peters Field,Q,2025-07-01,H2,2025-03-31,2025-03-31,92,7,7,A,0,0,0,0,0,0.0416666666666667,0,0,2025-09-10,2025-09-10,A,0,2025,2025H2,4.53259949315326,2.07944154167984,0,0,0.0869721700234993,0.0866560164151045,0
Q354,Q354,Playground Seventy Five,Q,2025-07-01,H2,2025-05-05,2025-05-05,57,7,7,A,0,0,0,0,0,0.0416666666666667,0,0,2025-09-29,2025-09-29,A,0,2025,2025H2,4.06044301054642,2.07944154167984,0,0,0.0807088851566869,0.0804214942454952,0
Q356,Q356,Alley Park,Q,2025-07-01,H2,2025-04-08,2025-04-08,84,7,7,A,0,0,0,0,0,0.125,0,0,2025-09-17,2025-09-17,A,0,2025,2025H2,4.44265125649032,2.07944154167984,0,0,0.0857460132172339,0.085435510084492,0
Q357B,Q357B,Real Good Playground,Q,2025-07-01,H2,2025-01-27,2025-01-27,155,7,6,A,0,0,0,0,0,0.136363636363636,0.142857142857143,0,2025-07-28,2025-07-28,A,0,2025,2025H2,5.04985600724954,2.07944154167984,0,0,0.0943356064457729,0.0939853491339474,0
Q358,Q358,Detective William T. Gunn Playground,Q,2025-07-01,H2,2025-06-09,2025-06-09,22,8,3,A,0,0,0,0,0,0.0625,0.625,0,2025-10-10,2025-10-10,A,0,2025,2025H2,3.13549421592915,2.19722457733622,1,0.693147180559945,0.0696187476267146,0.0703887256088934,1
Q359,Q359,Haggerty Park,Q,2025-07-01,H2,2025-03-10,2025-03-10,113,7,7,A,0,0,0,0,0,0.208333333333333,0,0,2025-08-21,2025-08-21,A,0,2025,2025H2,4.7361984483945,2.07944154167984,1,0.693147180559945,0.0898063468453472,0.0907475462765909,1
Q360J,Q360J,Crowley Playground,Q,2025-07-01,H2,2025-05-16,2025-05-16,46,7,5,N,0,0,0,0,0,0.05,0.285714285714286,1,2025-10-06,2025-10-06,A,0,2025,2025H2,3.85014760171006,2.07944154167984,0,0,0.078053868183104,0.0777785876215345,0
Q360M,Q360M,Frontera Park,Q,2025-07-01,H2,2025-06-16,2025-06-16,15,8,8,A,0,0,0,0,0,0.0384615384615385,0,0,2025-12-01,2025-12-01,A,0,2025,2025H2,2.77258872223978,2.19722457733622,0,0,0.0656654956725925,0.0654459048744506,0
Q360N,Q360N,Hoffman Park,Q,2025-07-01,H2,2025-03-13,2025-03-13,110,7,7,A,0,0,0,0,0,0.0416666666666667,0,0,2025-08-25,2025-08-25,A,0,2025,2025H2,4.70953020131233,2.07944154167984,0,0,0.0894304307448502,0.0891029228203837,0
Q361,Q361,Moore Homestead Playground,Q,2025-07-01,H2,2025-02-24,2025-02-24,127,7,7,A,0,0,0,0,0,0.0416666666666667,0,0,2025-07-09,2025-07-09,A,0,2025,2025H2,4.85203026391962,2.07944154167984,2,1.09861228866811,0.0914556875318479,0.0931732063631923,2
Q362,Q362,Playground Ninety,Q,2025-07-01,H2,2025-03-17,2025-03-17,106,7,6,A,0,0,0,0,0,0.0454545454545455,0.142857142857143,0,2025-08-08,2025-08-08,A,0,2025,2025H2,4.67282883446191,2.07944154167984,0,0,0.0889154079089193,0.0885902815527502,0
Q363,Q363,Northern Playground,Q,2025-07-01,H2,2025-05-02,2025-05-02,60,8,8,A,0,0,0,0,0.333333333333333,0.192307692307692,0,0,2025-10-06,2025-10-06,U,1,2025,2025H2,4.11087386417331,2.19722457733622,1,0.693147180559945,0.114736035202317,0.115892922022304,1
Q364,Q364,Marie Curie Playground,Q,2025-07-01,H2,2025-03-17,2025-03-17,106,7,7,A,0,0,0,0,0,0.0416666666666667,0,0,2025-08-21,2025-08-21,A,0,2025,2025H2,4.67282883446191,2.07944154167984,0,0,0.0889154079089193,0.0885902815527502,0
Q367,Q367,Hammel Playground,Q,2025-07-01,H2,2025-02-28,2025-02-28,123,7,5,U,1,0,0,0,0.333333333333333,0.15,0.285714285714286,0,2025-07-28,2025-07-28,A,0,2025,2025H2,4.82028156560504,2.07944154167984,0,0,0.161352879824387,0.160763059566208,0
Q369,Q369,Louis Pasteur Park,Q,2025-07-01,H2,2025-05-12,2025-05-12,50,8,8,A,0,0,0,0,0,0.0384615384615385,0,0,2025-11-05,2025-11-05,A,0,2025,2025H2,3.93182563272433,2.19722457733622,0,0,0.0790754381390905,0.078795504196983,0
Q373,Q373,Helen Marshall Playground,Q,2025-07-01,H2,2025-04-07,2025-04-07,85,7,7,U,1,0,0,0,0.333333333333333,0.125,0,0,2025-08-25,2025-08-25,A,0,2025,2025H2,4.45434729625351,2.07944154167984,2,1.09861228866811,0.152979639183767,0.15562567422457,2
Q378,Q378,Ampere Playground,Q,2025-07-01,H2,2025-01-30,2025-01-30,152,7,7,A,0,1,0,0,0,0.125,0,0,2025-07-21,2025-07-21,A,0,2025,2025H2,5.03043792139244,2.07944154167984,0,0,0.0940493635501649,0.0937004368955575,0
Q385,Q385,Ditmars Playground,Q,2025-07-01,H2,2025-03-31,2025-03-31,92,7,7,A,0,0,0,0,0,0.0416666666666667,0,0,2025-09-23,2025-09-23,A,0,2025,2025H2,4.53259949315326,2.07944154167984,1,0.693147180559945,0.0869721700234993,0.0878902740661249,1
Q387A,Q387A,Bayside Fields,Q,2025-07-01,H2,2025-05-12,2025-05-12,50,8,8,U,1,0,0,0,0.333333333333333,0.192307692307692,0,0,2025-09-29,2025-09-29,A,0,2025,2025H2,3.93182563272433,2.19722457733622,0,0,0.141644536905359,0.141139312004751,0
Q389,Q389,Bayside Playground,Q,2025-07-01,H2,2025-04-18,2025-04-18,74,6,3,A,0,0,0,0,0,0.0625,0.5,0,2025-09-09,2025-09-09,A,0,2025,2025H2,4.31748811353631,1.94591014905531,0,0,0.0840658798745381,0.083763104352324,0
Q390,Q390,Clintonville Playground,Q,2025-07-01,H2,2025-03-28,2025-03-28,95,7,5,A,0,0,0,0,0.333333333333333,0.15,0.285714285714286,0,2025-09-04,2025-09-04,A,0,2025,2025H2,4.56434819146784,2.07944154167984,0,0,0.122937355234979,0.122478906848812,0
Q391,Q391,Joseph Austin Playground,Q,2025-07-01,H2,2025-04-07,2025-04-07,85,8,8,A,0,0,0,0,0.333333333333333,0.192307692307692,0,0,2025-09-29,2025-09-29,A,0,2025,2025H2,4.45434729625351,2.19722457733622,0,0,0.120902783408742,0.120453550407337,0
Q396,Q396,Montbellier Park,Q,2025-07-01,H2,2025-05-16,2025-05-16,46,8,5,N,1,0,0,0,0.333333333333333,0.15,0.375,1,2025-10-15,2025-10-15,A,0,2025,2025H2,3.85014760171006,2.19722457733622,0,0,0.139937468928936,0.139439589421045,0
Q397,Q397,Auburndale Playground,Q,2025-07-01,H2,2025-04-10,2025-04-10,82,7,6,U,1,0,0,0,0.333333333333333,0.136363636363636,0.142857142857143,0,2025-09-04,2025-09-04,A,0,2025,2025H2,4.4188406077966,2.07944154167984,0,0,0.152186427388439,0.15163588893404,0
Q398,Q398,Rosemary's Playground,Q,2025-07-01,H2,2025-06-04,2025-06-04,27,7,7,A,0,0,0,0,0,0.0416666666666667,0,0,2025-10-30,2025-10-30,A,0,2025,2025H2,3.3322045101752,2.07944154167984,1,0.693147180559945,0.0718525647635548,0.0726422832248418,1
Q399,Q399,Bay Terrace Playground,Q,2025-07-01,H2,2025-03-28,2025-03-28,95,7,7,A,0,0,0,0,0,0.125,0,0,2025-08-21,2025-08-21,A,0,2025,2025H2,4.56434819146784,2.07944154167984,0,0,0.0874087367507922,0.0870905691888475,0
Q404,Q404,East Springfield Playground,Q,2025-07-01,H2,2025-04-28,2025-04-28,64,7,7,A,0,0,0,0,0,0.208333333333333,0,0,2025-09-19,2025-09-19,A,0,2025,2025H2,4.17438726989564,2.07944154167984,0,0,0.0821816345623448,0.0818875037503729,0
Q406,Q406,Springfield Park North,Q,2025-07-01,H2,2025-04-02,2025-04-02,90,7,7,U,1,0,0,0,0.333333333333333,0.208333333333333,0,0,2025-09-02,2025-09-02,A,0,2025,2025H2,4.51085950651685,2.07944154167984,0,0,0.154249092496405,0.153689702589152,0
Q407,Q407,Lanett Playground,Q,2025-07-01,H2,2025-06-03,2025-06-03,28,7,7,A,0,0,0,0,0.333333333333333,0.125,0,0,2025-10-27,2025-10-27,A,0,2025,2025H2,3.36729582998647,2.07944154167984,0,0,0.102318751441203,0.101953366177246,0
Q408,Q408,Harold Schneiderman Playground,Q,2025-07-01,H2,2025-02-28,2025-02-28,123,6,5,A,0,0,0,0,0,0.05,0.166666666666667,0,2025-08-14,2025-08-14,A,0,2025,2025H2,4.82028156560504,1.94591014905531,0,0,0.091000923681612,0.0906661448943357,0
Q415,Q415,Louis Armstrong Playground,Q,2025-07-01,H2,2025-04-07,2025-04-07,85,8,6,A,0,0,0,0,0,0.0454545454545455,0.25,0,2025-09-08,2025-09-08,A,0,2025,2025H2,4.45434729625351,2.19722457733622,0,0,0.0859045607981694,0.0855933275394848,0
Q422,Q422,Seaside Playground,Q,2025-07-01,H2,2025-06-02,2025-06-02,29,7,7,A,0,0,0,0,0,0.0416666666666667,0,0,2025-11-25,2025-11-25,A,0,2025,2025H2,3.40119738166216,2.07944154167984,1,0.693147180559945,0.072651583293836,0.0734483128651181,1
Q423,Q423,Reiff Playground,Q,2025-07-01,H2,2025-04-04,2025-04-04,88,7,7,A,0,0,0,0,0,0.0416666666666667,0,0,2025-09-08,2025-09-08,A,0,2025,2025H2,4.48863636973214,2.07944154167984,1,0.693147180559945,0.086370903719198,0.0872840698608171,1
Q426,Q426,North Rochdale Playground,Q,2025-07-01,H2,2025-06-16,2025-06-16,15,8,7,A,0,0,0,0,0.333333333333333,0.208333333333333,0.125,0,2025-10-31,2025-10-31,A,0,2025,2025H2,2.77258872223978,2.19722457733622,0,0,0.093259399824364,0.0929345030780786,0
Q429,Q429,Spirit Playground,Q,2025-07-01,H2,2025-03-07,2025-03-07,116,7,4,N,0,0,0,0,0,0.0555555555555556,0.428571428571429,1,2025-08-04,2025-08-04,A,0,2025,2025H2,4.76217393479776,2.07944154167984,0,0,0.090173866396601,0.0898429181981899,0
Q436,Q436,Athens Square,Q,2025-07-01,H2,2025-02-20,2025-02-20,131,7,7,A,0,0,0,0,0,0.125,0,0,2025-07-03,2025-07-03,A,0,2025,2025H2,4.88280192258637,2.07944154167984,2,1.09861228866811,0.0918984058283908,0.0936227837675051,2
Q448-ZN02A,Q448,Roy Wilkins Rec Center Zone 2A,Q,2025-07-01,H2,2025-03-14,2025-03-14,109,7,7,A,0,1,0,0,0,0.0416666666666667,0,0,2025-07-18,2025-07-18,A,0,2025,2025H2,4.70048036579242,2.07944154167984,0,0,0.0893031869029576,0.0889762675115692,0
Q450,Q450,Corona Golf Playground,Q,2025-07-01,H2,2025-05-16,2025-05-16,46,8,8,A,0,0,0,0,0,0.0384615384615385,0,0,2025-10-06,2025-10-06,A,0,2025,2025H2,3.85014760171006,2.19722457733622,0,0,0.078053868183104,0.0777785876215345,0
Q492,Q492,Elmhurst Park,Q,2025-07-01,H2,2025-03-24,2025-03-24,99,8,8,A,0,0,0,0,0,0.0384615384615385,0,0,2025-08-25,2025-08-25,A,0,2025,2025H2,4.60517018598809,2.19722457733622,0,0,0.0879729790312439,0.0876522069134534,0
R005-ZN01,R005,Clove Lakes Park Zone 1,R,2025-07-01,H2,2025-04-01,2025-04-01,91,8,3,N,0,0,0,0,0,0.0625,0.625,1,2025-09-17,2025-09-17,A,0,2025,2025H2,4.52178857704904,2.19722457733622,0,0,0.0731708858790623,0.0730773301789547,0
R006-ZN02,R006,Conference House Park Zone 2,R,2025-07-01,H2,2025-06-18,2025-06-18,13,9,9,A,0,0,0,0,0,0.0357142857142857,0,0,2025-10-28,2025-10-28,A,0,2025,2025H2,2.63905732961526,2.30258509299405,0,0,0.0539490094098537,0.0539005961257327,0
R015,R015,Walker Park,R,2025-07-01,H2,2025-03-31,2025-03-31,92,8,8,A,0,0,0,0,0,0.0384615384615385,0,0,2025-08-18,2025-08-18,A,0,2025,2025H2,4.53259949315326,2.19722457733622,0,0,0.073297657825385,0.0732037847821955,0
R025,R025,Mahoney Playground,R,2025-07-01,H2,2025-03-19,2025-03-19,104,8,8,A,0,0,1,0,0,0.0384615384615385,0,0,2025-07-31,2025-07-31,A,0,2025,2025H2,4.65396035015752,2.19722457733622,0,0,0.0747347099122354,0.0746372241130214,0
R026,R026,Gerard P. Dugan Playground,R,2025-07-01,H2,2025-06-13,2025-06-13,18,8,7,A,0,0,0,0,0,0.0416666666666667,0.125,0,2025-11-06,2025-11-06,A,0,2025,2025H2,2.94443897916644,2.19722457733622,0,0,0.0567061397291204,0.0566516608918645,0
R033,R033,Levy Playground,R,2025-07-01,H2,2025-05-12,2025-05-12,50,8,8,U,1,0,0,0,0.666666666666667,0.269230769230769,0,0,2025-10-06,2025-10-06,A,0,2025,2025H2,3.93182563272433,2.19722457733622,0,0,0.167028652198808,0.166775592451648,0
R034,R034,Austin J. McDonald Playground,R,2025-07-01,H2,2025-03-06,2025-03-06,117,7,7,A,0,0,0,0,0,0.125,0,0,2025-07-25,2025-07-25,A,0,2025,2025H2,4.77068462446567,2.07944154167984,0,0,0.0761412498602695,0.0760402010837776,0
R035,R035,De Matti Park,R,2025-07-01,H2,2025-06-18,2025-06-18,13,8,8,A,0,0,0,0,0,0.0384615384615385,0,0,2025-11-06,2025-11-06,A,0,2025,2025H2,2.63905732961526,2.19722457733622,0,0,0.0539490094098537,0.0539005961257327,0
R038A,R038A,Midland Field,R,2025-07-01,H2,2025-02-27,2025-02-27,124,7,5,A,0,0,0,0,0,0.15,0.285714285714286,0,2025-08-05,2025-08-05,A,0,2025,2025H2,4.8283137373023,2.07944154167984,0,0,0.0768446088663751,0.0767417686237785,0
R046-06,R046,Midland Playground,R,2025-07-01,H2,2025-06-13,2025-06-13,18,9,6,A,0,0,0,0,0,0.0454545454545455,0.333333333333333,0,2025-11-14,2025-11-14,A,0,2025,2025H2,2.94443897916644,2.30258509299405,1,0.693147180559945,0.0567061397291204,0.0574854586574199,1
R046-ZN02,R046,South Beach Zone 2,R,2025-07-01,H2,2025-03-27,2025-03-27,96,8,3,N,0,0,0,0,0,0.0625,0.625,1,2025-08-05,2025-08-05,A,0,2025,2025H2,4.57471097850338,2.19722457733622,0,0,0.0737933999473325,0.0736982837987175,0
R046-ZN03,R046,South Beach Zone 3,R,2025-07-01,H2,2025-03-27,2025-03-27,96,8,8,A,0,0,0,0,0,0.0384615384615385,0,0,2025-09-12,2025-09-12,A,0,2025,2025H2,4.57471097850338,2.19722457733622,0,0,0.0737933999473325,0.0736982837987175,0
R061,R061,Rev. Dr. Maggie Howard Playground,R,2025-07-01,H2,2025-06-18,2025-06-18,13,8,8,A,0,0,0,0,0,0.0384615384615385,0,0,2025-12-01,2025-12-01,A,0,2025,2025H2,2.63905732961526,2.19722457733622,0,0,0.0539490094098537,0.0539005961257327,0
R062,R062,Arrochar Playground,R,2025-07-01,H2,2025-04-16,2025-04-16,76,8,8,A,0,0,0,0,0,0.0384615384615385,0,0,2025-10-06,2025-10-06,A,0,2025,2025H2,4.34380542185368,2.19722457733622,0,0,0.07111264418842,0.0710242091164107,0
R063,R063,Old Town Playground,R,2025-07-01,H2,2025-06-02,2025-06-02,29,8,8,A,0,0,0,0,0,0.0384615384615385,0,0,2025-10-15,2025-10-15,A,0,2025,2025H2,3.40119738166216,2.19722457733622,0,0,0.0610780530718348,0.0610136496863798,0
R064,R064,Christopher J. Igneri Playground,R,2025-07-01,H2,2025-06-02,2025-06-02,29,8,8,A,0,0,0,0,0,0.0384615384615385,0,0,2025-10-14,2025-10-14,A,0,2025,2025H2,3.40119738166216,2.19722457733622,0,0,0.0610780530718348,0.0610136496863798,0
R067,R067,Gen. Douglas MacArthur Park,R,2025-07-01,H2,2025-05-12,2025-05-12,50,8,8,A,0,0,0,0,0,0.0384615384615385,0,0,2025-10-06,2025-10-06,A,0,2025,2025H2,3.93182563272433,2.19722457733622,0,0,0.066552016435413,0.0664747045954375,0
R068,R068,The Big Park,R,2025-07-01,H2,2025-04-15,2025-04-15,77,8,8,A,0,0,0,0,0,0.0384615384615385,0,0,2025-09-19,2025-09-19,A,0,2025,2025H2,4.35670882668959,2.19722457733622,0,0,0.07126004704419,0.0711712472663531,0
R069,R069,Terrace Playground,R,2025-07-01,H2,2025-04-16,2025-04-16,76,8,8,A,0,0,0,0,0,0.0384615384615385,0,0,2025-09-17,2025-09-17,A,0,2025,2025H2,4.34380542185368,2.19722457733622,0,0,0.07111264418842,0.0710242091164107,0
R076,R076,Markham Playground,R,2025-07-01,H2,2025-03-13,2025-03-13,110,7,7,A,0,0,0,0,0,0.0416666666666667,0,0,2025-08-18,2025-08-18,A,0,2025,2025H2,4.70953020131233,2.07944154167984,0,0,0.075401329045775,0.0753021578732907,0
R085,R085,E.M.T. Christopher J. Prescott Playground,R,2025-07-01,H2,2025-03-17,2025-03-17,106,7,7,A,0,0,0,0,0,0.0416666666666667,0,0,2025-08-15,2025-08-15,A,0,2025,2025H2,4.67282883446191,2.07944154167984,0,0,0.0749604476583633,0.0748623918057151,0
R087,R087,Dongan Playground,R,2025-07-01,H2,2025-05-12,2025-05-12,50,7,4,N,0,0,0,0,0,0.0555555555555556,0.428571428571429,1,2025-10-14,2025-10-14,A,0,2025,2025H2,3.93182563272433,2.07944154167984,0,0,0.066552016435413,0.0664747045954375,0
R090,R090,Lieutenant John H. Martinson Playground,R,2025-07-01,H2,2025-04-10,2025-04-10,82,7,5,A,0,0,0,0,0,0.15,0.285714285714286,0,2025-09-24,2025-09-24,A,0,2025,2025H2,4.4188406077966,2.07944154167984,0,0,0.0719737700331806,0.0718831999256541,0
X002-07,X002,River Park,X,2025-07-01,H2,2025-06-06,2025-06-06,25,8,8,A,0,0,0,0,0,0.0384615384615385,0,0,2025-10-31,2025-10-31,A,0,2025,2025H2,3.25809653802148,2.19722457733622,0,0,0.0695001561309959,0.0692309996006543,0
X002-14,X002,Rosewood Playground,X,2025-07-01,H2,2025-06-24,2025-06-24,7,7,7,U,1,0,0,0,1,0.291666666666667,0,0,2025-11-19,2025-11-19,A,0,2025,2025H2,2.07944154167984,2.07944154167984,0,0,0.200499395254403,0.199741026691068,0
X002-ZN04,X002,Allerton Fields In Bronx Park,X,2025-07-01,H2,2025-06-06,2025-06-06,25,8,7,A,0,0,0,0,0,0.0416666666666667,0.125,0,2025-12-09,2025-12-09,A,0,2025,2025H2,3.25809653802148,2.19722457733622,0,0,0.0695001561309959,0.0692309996006543,0
X004-01,X004,227th Street Playground,X,2025-07-01,H2,2025-03-10,2025-03-10,113,7,6,A,0,0,0,0,0,0.136363636363636,0.142857142857143,0,2025-08-07,2025-08-07,A,0,2025,2025H2,4.7361984483945,2.07944154167984,0,0,0.0879427697020189,0.0875818469390755,0
X004-03,X004,Parque De Los Ninos,X,2025-07-01,H2,2025-04-28,2025-04-28,64,7,7,A,0,0,0,0,0.333333333333333,0.125,0,0,2025-09-23,2025-09-23,A,0,2025,2025H2,4.17438726989564,2.07944154167984,3,1.38629436111989,0.113518639011897,0.116197121928678,3
X010-ZN03,X010,Crotona Tennis House & Courts,X,2025-07-01,H2,2025-02-28,2025-02-28,123,8,8,A,0,0,0,0,0,0.0384615384615385,0,0,2025-07-11,2025-07-11,A,0,2025,2025H2,4.82028156560504,2.19722457733622,0,0,0.0891149848082314,0.0887481612736639,0
X010A-02,X010A,175th Street Playground,X,2025-07-01,H2,2025-05-22,2025-05-22,40,7,5,A,0,0,0,0,0.333333333333333,0.25,0.285714285714286,0,2025-10-07,2025-10-07,A,0,2025,2025H2,3.71357206670431,2.07944154167984,0,0,0.105749808731793,0.105321498677821,0
X013-01,X013,University Avenue Playground,X,2025-07-01,H2,2025-05-21,2025-05-21,41,8,8,A,0,0,0,0,0,0.0384615384615385,0,0,2025-10-27,2025-10-27,U,1,2025,2025H2,3.73766961828337,2.19722457733622,0,0,0.0750534431949426,0.0747569074788794,0
X020,X020,Fort Independence Playground,X,2025-07-01,H2,2025-06-02,2025-06-02,29,7,7,A,0,0,0,0,0,0.0416666666666667,0,0,2025-10-27,2025-10-27,A,0,2025,2025H2,3.40119738166216,2.07944154167984,0,0,0.0711161719697011,0.0708390753205889,0
X021,X021,Drew Playground,X,2025-07-01,H2,2025-02-20,2025-02-20,131,7,7,A,0,0,0,0,0,0.0416666666666667,0,0,2025-07-15,2025-07-15,A,0,2025,2025H2,4.88280192258637,2.07944154167984,0,0,0.0899957086582956,0.0896244477042626,0
X030-ZN02,X030,Macombs Dam Park Zone 2 Lower,X,2025-07-01,H2,2025-03-04,2025-03-04,119,7,7,A,0,0,0,0,0,0.0416666666666667,0,0,2025-08-06,2025-08-06,A,0,2025,2025H2,4.78749174278205,2.07944154167984,1,0.693147180559945,0.0886561895911885,0.0895469468533291,1
X034-ZN01,X034,Foster Park Zone 1,X,2025-07-01,H2,2025-03-13,2025-03-13,110,7,7,A,0,0,0,0,0,0.0416666666666667,0,0,2025-08-06,2025-08-06,A,0,2025,2025H2,4.70953020131233,2.07944154167984,1,0.693147180559945,0.0875739037230079,0.0884562826573806,1
X039-ZN18,X039,Orchard Bch. Pavilion,X,2025-07-01,H2,2025-04-17,2025-04-17,75,7,2,N,0,0,0,0,0,0.0714285714285714,0.714285714285714,1,2025-10-16,2025-10-16,A,0,2025,2025H2,4.33073334028633,2.07944154167984,0,0,0.0824836737280914,0.0821501423167779,0
X040,X040,Poe Park,X,2025-07-01,H2,2025-03-13,2025-03-13,110,7,7,A,0,0,0,0,0,0.125,0,0,2025-08-07,2025-08-07,A,0,2025,2025H2,4.70953020131233,2.07944154167984,0,0,0.0875739037230079,0.0872148364851438,0
X045-01,X045,St Mary's Playground East,X,2025-07-01,H2,2025-01-30,2025-01-30,152,7,6,A,0,0,1,0,0,0.0454545454545455,0.142857142857143,0,2025-07-08,2025-07-08,A,0,2025,2025H2,5.03043792139244,2.07944154167984,0,0,0.0921066491891753,0.0917247395000712,0
X045-03,X045,St Mary's Playground West,X,2025-07-01,H2,2025-05-13,2025-05-13,49,7,7,A,0,0,0,0,0.333333333333333,0.125,0,0,2025-09-29,2025-09-29,A,0,2025,2025H2,3.91202300542815,2.07944154167984,0,0,0.109036324927276,0.108591918665734,0
X047-ZN01,X047,Franz Sigel Park Zone 1,X,2025-07-01,H2,2025-03-04,2025-03-04,119,8,6,A,0,0,0,0,0,0.0454545454545455,0.25,0,2025-07-23,2025-07-23,A,0,2025,2025H2,4.78749174278205,2.19722457733622,0,0,0.0886561895911885,0.0882916763037403,0
X080,X080,Henry Hudson Park,X,2025-07-01,H2,2025-04-23,2025-04-23,69,7,7,A,0,0,0,0,0,0.208333333333333,0,0,2025-09-12,2025-09-12,A,0,2025,2025H2,4.24849524204936,2.07944154167984,0,0,0.0814147289549666,0.0810865419409633,0
X085,X085,Slattery Playground,X,2025-07-01,H2,2025-06-20,2025-06-20,11,7,7,A,0,0,0,0,0,0.125,0,0,2025-11-24,2025-11-24,U,1,2025,2025H2,2.484906649788,2.07944154167984,0,0,0.0613424039798614,0.0611129299282096,0
X092-05,X092,Van Cortlandt Classic Plgd,X,2025-07-01,H2,2025-03-06,2025-03-06,117,7,7,A,0,0,0,0,0,0.0416666666666667,0,0,2025-07-23,2025-07-23,A,0,2025,2025H2,4.77068462446567,2.07944154167984,0,0,0.0884218518445555,0.0880585181947861,0
X092-26,X092,Sachkerah Woods Playground,X,2025-07-01,H2,2025-02-25,2025-02-25,126,7,7,A,0,0,1,0,0,0.125,0,0,2025-07-15,2025-07-15,A,0,2025,2025H2,4.84418708645859,2.07944154167984,0,0,0.0894508198131013,0.0890823046080362,0
X092-ZN02,X092,Van Cortlandt Stadium,X,2025-07-01,H2,2025-05-29,2025-05-29,33,9,3,A,0,0,0,0,0,0.0625,0.666666666666667,0,2025-10-07,2025-10-07,A,0,2025,2025H2,3.52636052461616,2.30258509299405,0,0,0.0725579959938704,0.0722737956611399,0
X092-ZN03,X092,Van Cortlandt Pool,X,2025-07-01,H2,2025-04-01,2025-04-01,91,8,8,U,1,1,1,0,0.333333333333333,0.115384615384615,0,0,2025-09-03,2025-09-03,A,0,2025,2025H2,4.52178857704904,2.19722457733622,0,0,0.151513094255221,0.150900847374808,0
X092-ZN07,X092,Stables Area,X,2025-07-01,H2,2025-05-22,2025-05-22,40,8,8,A,0,0,0,0,0,0.0384615384615385,0,0,2025-10-21,2025-10-21,A,0,2025,2025H2,3.71357206670431,2.19722457733622,0,0,0.0747649282628452,0.0744698212436037,0
X092-ZN11,X092,Indian Memorial To Indian Field,X,2025-07-01,H2,2025-02-25,2025-02-25,126,8,8,A,0,0,0,0,0,0.0384615384615385,0,0,2025-07-23,2025-07-23,A,0,2025,2025H2,4.84418708645859,2.19722457733622,0,0,0.0894508198131013,0.0890823046080362,0
X092-ZN12,X092,Allen Shandler Rec Area,X,2025-07-01,H2,2025-02-25,2025-02-25,126,8,7,U,1,0,0,0,0.333333333333333,0.125,0.125,0,2025-08-15,2025-08-15,A,0,2025,2025H2,4.84418708645859,2.19722457733622,0,0,0.158813775970379,0.158167691546229,0
X102,X102,Ciccarone Park,X,2025-07-01,H2,2025-02-18,2025-02-18,133,7,7,A,0,0,0,0,0,0.0416666666666667,0,0,2025-07-25,2025-07-25,U,1,2025,2025H2,4.89783979995091,2.07944154167984,0,0,0.0902087141706991,0.0898363795197579,0
X103,X103,People's Park,X,2025-07-01,H2,2025-04-14,2025-04-14,78,7,3,N,0,0,0,0,0,0.0625,0.571428571428571,1,2025-09-05,2025-09-05,A,0,2025,2025H2,4.36944785246702,2.07944154167984,0,0,0.0829913009948932,0.0826552292637249,0
X111,X111,Cedar Playground,X,2025-07-01,H2,2025-04-08,2025-04-08,84,7,5,A,0,0,0,0,0,0.05,0.285714285714286,0,2025-10-08,2025-10-08,U,1,2025,2025H2,4.44265125649032,2.07944154167984,0,0,0.0839589202705903,0.0836180022483537,0
X112,X112,Hilton White Playground,X,2025-07-01,H2,2025-03-20,2025-03-20,103,7,7,A,0,0,0,0,0,0.0416666666666667,0,0,2025-08-18,2025-08-18,A,0,2025,2025H2,4.64439089914137,2.07944154167984,0,0,0.0866787940982856,0.0863242269012168,0
X113,X113,Hunts Point Playground,X,2025-07-01,H2,2025-03-19,2025-03-19,104,7,6,A,0,1,0,0,0,0.0454545454545455,0.142857142857143,0,2025-08-25,2025-08-25,A,0,2025,2025H2,4.65396035015752,2.07944154167984,0,0,0.0868097715803735,0.0864545461524759,0
X115,X115,Mott Playground,X,2025-07-01,H2,2025-03-13,2025-03-13,110,7,6,A,0,1,0,0,0,0.136363636363636,0.142857142857143,0,2025-08-14,2025-08-14,A,0,2025,2025H2,4.70953020131233,2.07944154167984,1,0.693147180559945,0.0875739037230079,0.0884562826573806,1
X116,X116,Rev J Polite Playground,X,2025-07-01,H2,2025-06-02,2025-06-02,29,8,7,A,0,0,0,0,0,0.0416666666666667,0.125,0,2025-11-24,2025-11-24,A,0,2025,2025H2,3.40119738166216,2.19722457733622,0,0,0.0711161719697011,0.0708390753205889,0
X118-02,X118,Soundview Metcalf Playground,X,2025-07-01,H2,2025-04-10,2025-04-10,82,8,8,A,0,0,0,0,0,0.0384615384615385,0,0,2025-10-07,2025-10-07,A,0,2025,2025H2,4.4188406077966,2.19722457733622,0,0,0.0836430664258562,0.0833037309203313,0
X118-ZN04,X118,Soundview Park Zone 4,X,2025-07-01,H2,2025-04-01,2025-04-01,91,7,7,A,0,0,0,0,0,0.125,0,0,2025-08-06,2025-08-06,A,0,2025,2025H2,4.52178857704904,2.07944154167984,0,0,0.0850164930805633,0.0846702723904689,0
X121,X121,Bufano Park,X,2025-07-01,H2,2025-02-21,2025-02-21,130,7,7,A,0,0,1,0,0,0.0416666666666667,0,0,2025-08-01,2025-08-01,A,0,2025,2025H2,4.87519732320115,2.07944154167984,0,0,0.0898881651848391,0.0895174462528836,0
X122,X122,Colucci Playground,X,2025-07-01,H2,2025-05-05,2025-05-05,57,7,7,A,0,0,0,0,0,0.0416666666666667,0,0,2025-10-14,2025-10-14,A,0,2025,2025H2,4.06044301054642,2.07944154167984,0,0,0.0790177010607873,0.0787014728810031,0
X123,X123,Noble Playground,X,2025-07-01,H2,2025-04-28,2025-04-28,64,7,4,A,0,0,0,0,0,0.0555555555555556,0.428571428571429,0,2025-10-16,2025-10-16,A,0,2025,2025H2,4.17438726989564,2.07944154167984,0,0,0.0804622913725402,0.0801388604401363,0
X124,X124,Watson Gleason Playground,X,2025-07-01,H2,2025-02-13,2025-02-13,138,7,7,A,0,0,0,0,0,0.0416666666666667,0,0,2025-07-17,2025-07-17,A,0,2025,2025H2,4.93447393313069,2.07944154167984,0,0,0.0907295238736637,0.0903545631859291,0
X126-ZN04,X126,Ferry Point Park Zone 4,X,2025-07-01,H2,2025-02-11,2025-02-11,140,7,7,A,0,1,0,0,0,0.0416666666666667,0,0,2025-07-10,2025-07-10,A,0,2025,2025H2,4.94875989037817,2.07944154167984,1,0.693147180559945,0.0909333529846543,0.0918416018934921,1
X131,X131,Lozada Playground,X,2025-07-01,H2,2025-04-14,2025-04-14,78,7,6,A,0,0,0,0,0.666666666666667,0.227272727272727,0.142857142857143,0,2025-09-29,2025-09-29,A,0,2025,2025H2,4.36944785246702,2.07944154167984,0,0,0.162355901487119,0.161683706254336,0
X141,X141,Rienzi Playground,X,2025-07-01,H2,2025-03-25,2025-03-25,98,7,7,A,0,1,0,0,0,0.208333333333333,0,0,2025-09-08,2025-09-08,A,0,2025,2025H2,4.59511985013459,2.07944154167984,0,0,0.086007246734797,0.085656053092374,0
X146,X146,Flynn Playground,X,2025-07-01,H2,2025-02-24,2025-02-24,127,7,6,A,0,0,1,0,0,0.227272727272727,0.142857142857143,0,2025-08-04,2025-08-04,A,0,2025,2025H2,4.85203026391962,2.07944154167984,0,0,0.0895612525448601,0.0891921809606634,0
X148L,X148L,Virginia Playground,X,2025-07-01,H2,2025-06-16,2025-06-16,15,8,8,A,0,0,0,0,0,0.0384615384615385,0,0,2025-11-05,2025-11-05,A,0,2025,2025H2,2.77258872223978,2.19722457733622,0,0,0.0642674955907575,0.0640238754797754,0
X148M1,X148M1,Havemeyer Playground,X,2025-07-01,H2,2025-06-05,2025-06-05,26,8,4,A,0,0,0,0,0,0.0555555555555556,0.5,0,2025-10-28,2025-10-28,A,0,2025,2025H2,3.29583686600433,2.19722457733622,0,0,0.0699230228000664,0.0696517908521395,0
X151,X151,P.O. Serrano Playground,X,2025-07-01,H2,2025-06-16,2025-06-16,15,8,7,A,0,0,0,0,0,0.0416666666666667,0.125,0,2025-11-19,2025-11-19,A,0,2025,2025H2,2.77258872223978,2.19722457733622,0,0,0.0642674955907575,0.0640238754797754,0
X152,X152,Vinmont Veteran Park,X,2025-07-01,H2,2025-06-02,2025-06-02,29,8,8,A,0,0,0,0,0.333333333333333,0.115384615384615,0,0,2025-10-27,2025-10-27,A,0,2025,2025H2,3.40119738166216,2.19722457733622,0,0,0.100753562302575,0.100349678883375,0
X157,X157,Mazzei Playground,X,2025-07-01,H2,2025-06-03,2025-06-03,28,8,8,A,0,0,0,0,0,0.0384615384615385,0,0,2025-11-05,2025-11-05,A,0,2025,2025H2,3.36729582998647,2.19722457733622,0,0,0.0707302185266317,0.070455020354868,0
X159,X159,Captain William Harry Thompson Playground,X,2025-07-01,H2,2025-06-16,2025-06-16,15,8,8,A,0,0,0,0,0,0.0384615384615385,0,0,2025-11-05,2025-11-05,A,0,2025,2025H2,2.77258872223978,2.19722457733622,0,0,0.0642674955907575,0.0640238754797754,0
X160,X160,Caserta Playground,X,2025-07-01,H2,2025-04-11,2025-04-11,81,7,7,A,0,0,0,0,0,0.0416666666666667,0,0,2025-09-08,2025-09-08,A,0,2025,2025H2,4.40671924726425,2.07944154167984,1,0.693147180559945,0.0834826888165655,0.0843330127902888,1
X161,X161,Gun Hill Playground,X,2025-07-01,H2,2025-03-25,2025-03-25,98,7,6,A,0,1,0,0,0,0.0454545454545455,0.142857142857143,0,2025-08-18,2025-08-18,A,0,2025,2025H2,4.59511985013459,2.07944154167984,5,1.79175946922806,0.086007246734797,0.0888455480868509,5
X162,X162,Parkside Playground,X,2025-07-01,H2,2025-03-11,2025-03-11,112,7,7,A,0,0,0,0,0,0.0416666666666667,0,0,2025-08-18,2025-08-18,A,0,2025,2025H2,4.72738781871234,2.07944154167984,0,0,0.0878207490906973,0.0874604402041755,0
X163,X163,Loreto Playground,X,2025-07-01,H2,2025-04-01,2025-04-01,91,7,7,A,0,0,0,0,0,0.0416666666666667,0,0,2025-09-08,2025-09-08,A,0,2025,2025H2,4.52178857704904,2.07944154167984,0,0,0.0850164930805633,0.0846702723904689,0
X165,X165,Edenwald Playground,X,2025-07-01,H2,2025-03-20,2025-03-20,103,7,6,A,0,1,0,0,0,0.0454545454545455,0.142857142857143,0,2025-08-06,2025-08-06,A,0,2025,2025H2,4.64439089914137,2.07944154167984,0,0,0.0866787940982856,0.0863242269012168,0
X168,X168,Nelson Playground,X,2025-07-01,H2,2025-02-20,2025-02-20,131,7,7,A,0,0,0,0,0.333333333333333,0.125,0,0,2025-07-28,2025-07-28,U,1,2025,2025H2,4.88280192258637,2.07944154167984,1,0.693147180559945,0.126430164927595,0.127615527105012,1
X169,X169,Agnes Haywood Playground,X,2025-07-01,H2,2025-05-19,2025-05-19,43,8,8,A,0,0,1,0,0,0.0384615384615385,0,0,2025-11-05,2025-11-05,A,0,2025,2025H2,3.78418963391826,2.19722457733622,0,0,0.0756133130115124,0.0753140030619123,0
X170,X170,The Pearly Gates,X,2025-07-01,H2,2025-03-31,2025-03-31,92,7,7,A,0,0,0,0,0.333333333333333,0.208333333333333,0,0,2025-09-02,2025-09-02,A,0,2025,2025H2,4.53259949315326,2.07944154167984,0,0,0.11989724571145,0.119399554777239,0
X172,X172,Allerton Playground,X,2025-07-01,H2,2025-05-19,2025-05-19,43,8,8,A,0,0,0,0,0,0.0384615384615385,0,0,2025-10-07,2025-10-07,A,0,2025,2025H2,3.78418963391826,2.19722457733622,0,0,0.0756133130115124,0.0753140030619123,0
X174,X174,Webster Playground,X,2025-07-01,H2,2025-02-18,2025-02-18,133,7,7,A,0,0,0,0,0,0.0416666666666667,0,0,2025-07-16,2025-07-16,A,0,2025,2025H2,4.89783979995091,2.07944154167984,1,0.693147180559945,0.0902087141706991,0.0911114168791674,1
X175,X175,Riverbend Playground,X,2025-07-01,H2,2025-04-25,2025-04-25,67,7,7,A,0,0,0,0,0,0.0416666666666667,0,0,2025-10-07,2025-10-07,A,0,2025,2025H2,4.21950770517611,2.07944154167984,0,0,0.0810409629498294,0.0807146430351435,0
X176,X176,Taylor Playground,X,2025-07-01,H2,2025-03-11,2025-03-11,112,7,7,A,0,1,0,0,0,0.0416666666666667,0,0,2025-07-17,2025-07-17,A,0,2025,2025H2,4.72738781871234,2.07944154167984,0,0,0.0878207490906973,0.0874604402041755,0
X177,X177,Castle Hill Playground,X,2025-07-01,H2,2025-02-13,2025-02-13,138,7,7,A,0,0,0,0,0,0.0416666666666667,0,0,2025-07-17,2025-07-17,A,0,2025,2025H2,4.93447393313069,2.07944154167984,1,0.693147180559945,0.0907295238736637,0.0916362146054948,1
X178,X178,Matthews Muliner Playground,X,2025-07-01,H2,2025-02-13,2025-02-13,138,7,7,A,0,0,0,0,0,0.0416666666666667,0,0,2025-07-15,2025-07-15,U,1,2025,2025H2,4.93447393313069,2.07944154167984,0,0,0.0907295238736637,0.0903545631859291,0
X179,X179,Al Quiñones Playground,X,2025-07-01,H2,2025-04-14,2025-04-14,78,7,7,A,0,0,0,0,0,0.0416666666666667,0,0,2025-09-05,2025-09-05,A,0,2025,2025H2,4.36944785246702,2.07944154167984,0,0,0.0829913009948932,0.0826552292637249,0
X182,X182,Millbrook Playground,X,2025-07-01,H2,2025-05-13,2025-05-13,49,7,7,A,0,0,0,0,0,0.125,0,0,2025-09-29,2025-09-29,A,0,2025,2025H2,3.91202300542815,2.07944154167984,0,0,0.0771715900661583,0.0768645463817533,0
X188,X188,Wakefield Playground,X,2025-07-01,H2,2025-02-27,2025-02-27,124,7,7,A,0,1,0,0,0,0.0416666666666667,0,0,2025-08-06,2025-08-06,A,0,2025,2025H2,4.8283137373023,2.07944154167984,1,0.693147180559945,0.0892276971165254,0.0901228616707298,1
X190,X190,Tiffany Playground,X,2025-07-01,H2,2025-05-01,2025-05-01,61,8,8,A,0,0,0,0,0,0.0384615384615385,0,0,2025-09-17,2025-09-17,A,0,2025,2025H2,4.12713438504509,2.19722457733622,0,0,0.0798603151697382,0.0795398873352385,0
X193,X193,Stars & Stripes Playground,X,2025-07-01,H2,2025-06-06,2025-06-06,25,8,7,A,0,1,0,0,0,0.208333333333333,0.125,0,2025-10-14,2025-10-14,A,0,2025,2025H2,3.25809653802148,2.19722457733622,0,0,0.0695001561309959,0.0692309996006543,0
X194,X194,Captain Rivera Playground,X,2025-07-01,H2,2025-02-24,2025-02-24,127,7,7,A,0,0,0,0,0.333333333333333,0.208333333333333,0,0,2025-07-28,2025-07-28,A,0,2025,2025H2,4.85203026391962,2.07944154167984,0,0,0.125844144230568,0.125317260270854,0
X197,X197,Mosholu Playground,X,2025-07-01,H2,2025-04-16,2025-04-16,76,7,6,N,0,0,0,0,0,0.0454545454545455,0.142857142857143,1,2025-09-15,2025-09-15,A,0,2025,2025H2,4.34380542185368,2.07944154167984,0,0,0.0826547589534332,0.0823203715455839,0
X200,X200,Clark Playground,X,2025-07-01,H2,2025-03-05,2025-03-05,118,7,7,A,0,0,0,0,0.333333333333333,0.291666666666667,0,0,2025-07-28,2025-07-28,A,0,2025,2025H2,4.77912349311153,2.07944154167984,2,1.09861228866811,0.124464972203275,0.126636252880558,2
X201-01,X201,Seton Park Playground,X,2025-07-01,H2,2025-03-06,2025-03-06,117,7,3,N,0,0,0,0,0,0.0625,0.571428571428571,1,2025-08-11,2025-08-11,A,0,2025,2025H2,4.77068462446567,2.07944154167984,0,0,0.0884218518445555,0.0880585181947861,0
X202,X202,Marble Hill Playground,X,2025-07-01,H2,2025-05-07,2025-05-07,55,7,7,A,0,0,0,0,0,0.0416666666666667,0,0,2025-10-03,2025-10-03,A,0,2025,2025H2,4.02535169073515,2.07944154167984,0,0,0.0785776091165467,0.078263572527276,0
X203,X203,Randall Playground,X,2025-07-01,H2,2025-06-05,2025-06-05,26,8,8,A,0,0,0,0,0,0.0384615384615385,0,0,2025-11-05,2025-11-05,A,0,2025,2025H2,3.29583686600433,2.19722457733622,0,0,0.0699230228000664,0.0696517908521395,0
X204,X204,Story Playground,X,2025-07-01,H2,2025-05-12,2025-05-12,50,7,5,N,0,0,0,0,0,0.05,0.285714285714286,1,2025-10-16,2025-10-16,A,0,2025,2025H2,3.93182563272433,2.07944154167984,0,0,0.0774155991248986,0.0771073428359966,0
X214,X214,Magenta Playground,X,2025-07-01,H2,2025-05-01,2025-05-01,61,7,5,N,1,0,0,0,0.333333333333333,0.15,0.285714285714286,1,2025-09-23,2025-09-23,A,0,2025,2025H2,4.12713438504509,2.07944154167984,4,1.6094379124341,0.142954051027185,0.146831673551836,4
X216,X216,Abigail Playground,X,2025-07-01,H2,2025-04-07,2025-04-07,85,7,7,A,0,0,1,0,0,0.125,0,0,2025-08-25,2025-08-25,A,0,2025,2025H2,4.45434729625351,2.07944154167984,0,0,0.0841144674660764,0.0837727699077326,0
X217,X217,Willis Playground,X,2025-07-01,H2,2025-01-30,2025-01-30,152,7,6,U,1,1,1,0,0.333333333333333,0.227272727272727,0.142857142857143,0,2025-07-28,2025-07-28,A,0,2025,2025H2,5.03043792139244,2.07944154167984,0,0,0.163159995057289,0.162493837365327,0
X219,X219,Arcilla Playground,X,2025-07-01,H2,2025-05-16,2025-05-16,46,7,6,A,0,0,0,0,0.333333333333333,0.136363636363636,0.142857142857143,0,2025-10-17,2025-10-17,A,0,2025,2025H2,3.85014760171006,2.07944154167984,0,0,0.108002111480822,0.107562772454541,0
X221,X221,Space Time Playground,X,2025-07-01,H2,2025-05-12,2025-05-12,50,7,7,A,0,0,0,0,0.333333333333333,0.208333333333333,0,0,2025-11-05,2025-11-05,A,0,2025,2025H2,3.93182563272433,2.07944154167984,0,0,0.109369146397662,0.108923109087623,0
X222,X222,Gouverneur Playground,X,2025-07-01,H2,2025-03-31,2025-03-31,92,7,7,A,0,0,0,0,0,0.0416666666666667,0,0,2025-09-05,2025-09-05,A,0,2025,2025H2,4.53259949315326,2.07944154167984,0,0,0.0851619023233578,0.0848149520880738,0
X232,X232,Burns Playground,X,2025-07-01,H2,2025-05-01,2025-05-01,61,7,7,A,0,0,0,0,0,0.0416666666666667,0,0,2025-10-07,2025-10-07,A,0,2025,2025H2,4.12713438504509,2.07944154167984,0,0,0.0798603151697382,0.0795398873352385,0
X235,X235,Grove Hill Playground,X,2025-07-01,H2,2025-02-06,2025-02-06,145,7,7,A,0,0,0,0,0,0.125,0,0,2025-07-28,2025-07-28,A,0,2025,2025H2,4.98360662170834,2.07944154167984,0,0,0.0914322684859741,0.0910537626654703,0
X263,X263,Quarry Ballfields,X,2025-07-01,H2,2025-06-25,2025-06-25,6,8,5,A,0,1,0,0,0,0.05,0.375,0,2025-11-24,2025-11-24,A,0,2025,2025H2,1.94591014905531,2.19722457733622,0,0,0.0561943749364763,0.0559895374928258,0
X266,X266,Vidalia Park,X,2025-07-01,H2,2025-03-19,2025-03-19,104,7,5,U,1,1,1,0,0.333333333333333,0.25,0.285714285714286,0,2025-08-11,2025-08-11,A,0,2025,2025H2,4.65396035015752,2.07944154167984,0,0,0.154472205929547,0.153846227453529,0
X307,X307,Barretto Point Park,X,2025-07-01,H2,2025-05-08,2025-05-08,54,7,7,A,0,0,0,0,0,0.0416666666666667,0,0,2025-10-20,2025-10-20,U,1,2025,2025H2,4.00733318523247,2.07944154167984,0,0,0.0783525052143872,0.0780395891047462,0
X344,X344,Mill Pond Park,X,2025-07-01,H2,2025-06-05,2025-06-05,26,8,8,A,0,0,0,0,0,0.0384615384615385,0,0,2025-09-16,2025-09-16,A,0,2025,2025H2,3.29583686600433,2.19722457733622,0,0,0.0699230228000664,0.0696517908521395,0
B001,B001,American Playground,B,2026-01-01,H1,2025-12-16,2025-12-16,16,8,7,N,0,0,0,0,0,0.0416666666666667,0.125,1,2026-04-28,2026-04-28,U,1,2026,2026H1,2.83321334405622,2.19722457733622,0,0,0.0816955407097708,0.0813502655475482,0
B007,B007,Bensonhurst Park,B,2026-01-01,H1,2025-12-17,2025-12-17,15,8,7,N,1,0,0,0,0.666666666666667,0.208333333333333,0.125,1,2026-04-23,2026-04-23,U,1,2026,2026H1,2.77258872223978,2.19722457733622,0,0,0.198461740936221,0.197640265045483,0
B008,B008,Betsy Head Park,B,2026-01-01,H1,2025-10-02,2025-10-02,91,7,7,A,0,0,0,0,0,0.125,0,0,2026-03-31,2026-03-31,U,1,2026,2026H1,4.52178857704904,2.07944154167984,0,0,0.10642507307254,0.105950690452258,0
B012,B012,Brower Park,B,2026-01-01,H1,2025-10-30,2025-10-30,63,8,8,A,0,0,0,0,0.333333333333333,0.269230769230769,0,0,2026-04-22,2026-04-22,A,0,2026,2026H1,4.15888308335967,2.19722457733622,1,0.693147180559945,0.140674388699085,0.141926134615491,1
B016,B016,Maria Hernandez Park,B,2026-01-01,H1,2025-09-17,2025-09-17,106,7,7,A,0,1,0,0,0,0.125,0,0,2026-02-13,2026-02-13,A,0,2026,2026H1,4.67282883446191,2.07944154167984,5,1.79175946922806,0.108932352360417,0.11237856888639,5
B017,B017,Bushwick Playground,B,2026-01-01,H1,2025-11-03,2025-11-03,59,8,8,A,0,0,0,0,0,0.115384615384615,0,0,2026-04-01,2026-04-01,A,0,2026,2026H1,4.0943445622221,2.19722457733622,0,0,0.0996033249198758,0.0991647241855008,0
B018-ZN01,B018,Canarsie Park Zone 1,B,2026-01-01,H1,2025-10-10,2025-10-10,83,8,8,A,0,0,0,0,0,0.115384615384615,0,0,2026-03-24,2026-03-24,A,0,2026,2026H1,4.43081679884331,2.19722457733622,0,0,0.104939579134069,0.104472993969642,0
B019,B019,Carroll Park,B,2026-01-01,H1,2025-08-01,2025-08-01,153,7,7,A,0,0,0,0,0,0.125,0,0,2026-01-05,2026-01-05,A,0,2026,2026H1,5.03695260241363,2.07944154167984,2,1.09861228866811,0.115190769603854,0.117187288974447,2
B021,B021,Commodore Barry Park,B,2026-01-01,H1,2025-09-30,2025-09-30,93,8,5,A,0,1,0,0,0,0.05,0.375,0,2026-02-26,2026-02-26,U,1,2026,2026H1,4.54329478227,2.19722457733622,0,0,0.106778948351196,0.106302707870066,0
B028-03,B028,Dyker Plgd,B,2026-01-01,H1,2025-10-14,2025-10-14,79,8,8,A,0,0,0,0,0,0.0384615384615385,0,0,2026-03-18,2026-03-18,A,0,2026,2026H1,4.38202663467388,2.19722457733622,0,0,0.104150439374493,0.103687995386037,0
B028-ZN01,B028,Dyker Beach Park Zone 1,B,2026-01-01,H1,2025-09-04,2025-09-04,119,7,7,A,0,0,0,0,0,0.0416666666666667,0,0,2026-01-08,2026-01-08,A,0,2026,2026H1,4.78749174278205,2.07944154167984,0,0,0.110870247810161,0.110372520740755,0
B032-01,B032,Fort Greene Plgd,B,2026-01-01,H1,2025-11-19,2025-11-19,43,8,8,A,0,0,0,0,0,0.115384615384615,0,0,2026-03-27,2026-03-27,A,0,2026,2026H1,3.78418963391826,2.19722457733622,2,1.09861228866811,0.0948996043613271,0.0966078694267283,2
B038,B038,Fulton Park,B,2026-01-01,H1,2025-12-01,2025-12-01,31,7,7,A,0,0,0,0,0.666666666666667,0.208333333333333,0,0,2026-05-11,2026-05-11,A,0,2026,2026H1,3.46573590279973,2.07944154167984,0,0,0.175278747054671,0.174516358105873,0
B043,B043,Greenpoint Playground,B,2026-01-01,H1,2025-12-09,2025-12-09,23,7,7,A,0,1,0,0,0,0.0416666666666667,0,0,2026-04-17,2026-04-17,A,0,2026,2026H1,3.17805383034795,2.07944154167984,0,0,0.0862781069430619,0.0859090713032754,0
B050,B050,Van Voorhees Playground,B,2026-01-01,H1,2025-08-26,2025-08-26,128,7,7,A,0,0,0,0,0,0.0416666666666667,0,0,2026-02-09,2026-02-09,A,0,2026,2026H1,4.85981240436167,2.07944154167984,0,0,0.112107989676395,0.111603760567019,0
B051,B051,Kelly Park Playground,B,2026-01-01,H1,2025-10-01,2025-10-01,92,8,4,A,0,1,0,0,0,0.0555555555555556,0.5,0,2026-02-27,2026-02-27,A,0,2026,2026H1,4.53259949315326,2.19722457733622,0,0,0.106602832692256,0.106127516841494,0
B056,B056,Martin Luther King Jr. Playground,B,2026-01-01,H1,2025-12-01,2025-12-01,31,8,7,A,0,1,0,0,0,0.125,0.125,0,2026-05-15,2026-05-15,U,1,2026,2026H1,3.46573590279973,2.19722457733622,1,0.693147180559945,0.0902778889535413,0.0911637327824936,1
B057-06,B057,Seba Playground,B,2026-01-01,H1,2025-11-14,2025-11-14,48,8,8,A,0,1,0,0,0.333333333333333,0.192307692307692,0,0,2026-04-07,2026-04-07,A,0,2026,2026H1,3.89182029811063,2.19722457733622,0,0,0.135188520684835,0.134591366843638,0
B057-ZN01,B057,Marine Park Zone 1,B,2026-01-01,H1,2025-08-15,2025-08-15,139,8,8,A,0,0,0,0,0,0.0384615384615385,0,0,2026-01-15,2026-01-15,A,0,2026,2026H1,4.9416424226093,2.19722457733622,0,0,0.113523023283796,0.113011360402145,0
B058-ZN01,B058,McCarren Park Zone 1,B,2026-01-01,H1,2025-10-17,2025-10-17,76,8,7,A,0,0,0,0,0,0.208333333333333,0.125,0,2026-02-26,2026-02-26,A,0,2026,2026H1,4.34380542185368,2.19722457733622,2,1.09861228866811,0.103535911296438,0.105369448428428,2
B066,B066,Owl's Head Park,B,2026-01-01,H1,2025-08-26,2025-08-26,128,7,7,A,0,0,0,0,0,0.0416666666666667,0,0,2026-01-23,2026-01-23,A,0,2026,2026H1,4.85981240436167,2.07944154167984,0,0,0.112107989676395,0.111603760567019,0
B073-ZN10,B073,Willink Hill,B,2026-01-01,H1,2025-11-21,2025-11-21,41,8,4,A,0,0,0,0,0.333333333333333,0.166666666666667,0.5,0,2026-03-17,2026-03-17,U,1,2026,2026H1,3.73766961828337,2.19722457733622,3,1.38629436111989,0.132104917784682,0.135103772874705,3
B073-ZN14,B073,Middle Long Meadow,B,2026-01-01,H1,2025-08-19,2025-08-19,135,7,7,A,0,0,0,0,0,0.0416666666666667,0,0,2026-01-08,2026-01-08,U,1,2026,2026H1,4.91265488573605,2.07944154167984,0,0,0.113019988002576,0.112510967805033,0
B073-ZN20,B073,Lookout Hill,B,2026-01-01,H1,2025-07-31,2025-07-31,154,7,7,A,0,0,0,0,0,0.0416666666666667,0,0,2026-01-07,2026-01-07,A,0,2026,2026H1,5.04342511691925,2.07944154167984,0,0,0.115304795545487,0.114783772214699,0
B079,B079,Saratoga Park,B,2026-01-01,H1,2025-11-17,2025-11-17,45,8,8,A,0,0,0,0,0,0.115384615384615,0,0,2026-04-20,2026-04-20,A,0,2026,2026H1,3.8286413964891,2.19722457733622,1,0.693147180559945,0.0955613296216286,0.0964862687149647,1
B080,B080,Asser Levy Park,B,2026-01-01,H1,2025-12-09,2025-12-09,23,8,8,A,0,0,0,0,0,0.115384615384615,0,0,2026-05-28,2026-05-28,A,0,2026,2026H1,3.17805383034795,2.19722457733622,0,0,0.0862781069430619,0.0859090713032754,0
B082-ZN04,B082,Shore Road Park Zone 4,B,2026-01-01,H1,2025-09-11,2025-09-11,112,7,7,A,0,0,0,0,0,0.0416666666666667,0,0,2026-01-16,2026-01-16,U,1,2026,2026H1,4.72738781871234,2.07944154167984,1,0.693147180559945,0.109850708105901,0.110876693448505,1
B082-ZN05,B082,Shore Road Park Zone 5,B,2026-01-01,H1,2025-09-04,2025-09-04,119,7,7,A,0,0,0,0,0,0.0416666666666667,0,0,2026-01-23,2026-01-23,A,0,2026,2026H1,4.78749174278205,2.07944154167984,0,0,0.110870247810161,0.110372520740755,0
B102,B102,Crispus Attucks Playground,B,2026-01-01,H1,2025-09-08,2025-09-08,115,7,7,A,0,0,0,0,0,0.0416666666666667,0,0,2026-02-03,2026-02-03,U,1,2026,2026H1,4.75359019110636,2.07944154167984,1,0.693147180559945,0.110294163308911,0.111323178519189,1
B103,B103,Cypress Hills Playground,B,2026-01-01,H1,2025-08-07,2025-08-07,147,6,6,A,0,1,0,0,0.333333333333333,0.227272727272727,0,0,2026-01-05,2026-01-05,U,1,2026,2026H1,4.99721227376412,1.94591014905531,0,0,0.159110791121478,0.158393560335955,0
B110,B110,Marion Hopkinson Playground,B,2026-01-01,H1,2025-09-08,2025-09-08,115,7,7,U,1,0,0,0,0.333333333333333,0.125,0,0,2026-02-13,2026-02-13,U,1,2026,2026H1,4.75359019110636,2.07944154167984,0,0,0.192404449353814,0.191572554990652,0
B111,B111,Washington Park,B,2026-01-01,H1,2025-11-17,2025-11-17,45,8,8,A,0,1,0,0,0,0.0384615384615385,0,0,2026-03-30,2026-03-30,A,0,2026,2026H1,3.8286413964891,2.19722457733622,1,0.693147180559945,0.0955613296216286,0.0964862687149647,1
B113A,B113A,Cadman Plaza Park,B,2026-01-01,H1,2025-10-17,2025-10-17,76,8,4,A,0,0,0,0,0,0.0555555555555556,0.5,0,2026-03-17,2026-03-17,A,0,2026,2026H1,4.34380542185368,2.19722457733622,4,1.6094379124341,0.103535911296438,0.106450766378294,4
B124,B124,William Sheridan Playground,B,2026-01-01,H1,2025-08-18,2025-08-18,136,7,6,A,0,0,0,0,0,0.0454545454545455,0.142857142857143,0,2026-01-20,2026-01-20,A,0,2026,2026H1,4.91998092582813,2.07944154167984,0,0,0.113146936489413,0.112637249372601,0
B126-ZN03,B126,Red Hook Park Zone 3,B,2026-01-01,H1,2025-12-02,2025-12-02,30,9,8,U,1,0,0,0,0.666666666666667,0.192307692307692,0.111111111111111,0,2026-04-10,2026-04-10,A,0,2026,2026H1,3.43398720448515,2.30258509299405,2,1.09861228866811,0.21726703587371,0.220556009873388,2
B128,B128,Colonel David Marcus Playground,B,2026-01-01,H1,2025-10-28,2025-10-28,65,8,8,A,0,0,0,0,0.333333333333333,0.115384615384615,0,0,2026-04-06,2026-04-06,A,0,2026,2026H1,4.18965474202643,2.19722457733622,0,0,0.141318305201046,0.14069022970857,0
B129-ZN01,B129,Kaiser Park Zone 1,B,2026-01-01,H1,2025-11-20,2025-11-20,42,8,8,A,0,1,0,0,0,0.0384615384615385,0,0,2026-04-15,2026-04-15,A,0,2026,2026H1,3.76120011569356,2.19722457733622,0,0,0.0945589855365651,0.0941467846161837,0
B130,B130,Greenwood Playground,B,2026-01-01,H1,2025-09-02,2025-09-02,121,7,7,A,0,0,0,0,0,0.0416666666666667,0,0,2026-01-16,2026-01-16,A,0,2026,2026H1,4.80402104473326,2.07944154167984,0,0,0.111152082015314,0.110652874471793,0
B137,B137,Sixteen Sycamores Playground,B,2026-01-01,H1,2025-12-08,2025-12-08,24,8,7,N,0,0,0,0,0,0.125,0.125,1,2026-05-21,2026-05-21,U,1,2026,2026H1,3.2188758248682,2.19722457733622,6,1.94591014905531,0.0868357452337556,0.0899621532956405,6
B139,B139,Heckscher Playground,B,2026-01-01,H1,2025-11-25,2025-11-25,37,7,7,A,0,0,0,0,0,0.125,0,0,2026-04-30,2026-04-30,U,1,2026,2026H1,3.63758615972639,2.07944154167984,0,0,0.0927462012241309,0.0923434705742222,0
B140,B140,Banneker Playground,B,2026-01-01,H1,2025-12-29,2025-12-29,3,8,7,A,0,0,0,0,0,0.0416666666666667,0.125,0,2026-05-11,2026-05-11,A,0,2026,2026H1,1.38629436111989,2.19722457733622,1,0.693147180559945,0.0647961448455822,0.0654790890865522,1
B148,B148,Rolph Henry Playground,B,2026-01-01,H1,2025-12-16,2025-12-16,16,8,8,A,0,0,0,0,0,0.192307692307692,0,0,2026-05-18,2026-05-18,A,0,2026,2026H1,2.83321334405622,2.19722457733622,0,0,0.0816955407097708,0.0813502655475482,0
B150,B150,Kolbert Playground,B,2026-01-01,H1,2025-09-30,2025-09-30,93,7,7,A,0,0,0,0,0.333333333333333,0.291666666666667,0,0,2026-03-06,2026-03-06,A,0,2026,2026H1,4.54329478227,2.07944154167984,0,0,0.148896293107607,0.148230121635862,0
B152,B152,Rappaport Playground,B,2026-01-01,H1,2025-09-04,2025-09-04,119,7,7,A,0,0,0,1,0,0.0416666666666667,0,0,2026-03-06,2026-03-06,A,0,2026,2026H1,4.78749174278205,2.07944154167984,0,0,0.110870247810161,0.110372520740755,0
B161,B161,James Forten Playground,B,2026-01-01,H1,2025-10-28,2025-10-28,65,7,7,A,0,0,1,0,0,0.0416666666666667,0,0,2026-03-16,2026-03-16,A,0,2026,2026H1,4.18965474202643,2.07944154167984,1,0.693147180559945,0.101089898789813,0.102054730024954,1
B163,B163,Sperandeo Brothers Playground,B,2026-01-01,H1,2025-09-09,2025-09-09,114,7,7,U,1,0,0,0,0.666666666666667,0.208333333333333,0,0,2026-01-23,2026-01-23,U,1,2026,2026H1,4.74493212836325,2.07944154167984,0,0,0.258233892062962,0.257158072132867,0
B166D,B166D,McGuire Fields,B,2026-01-01,H1,2025-10-02,2025-10-02,91,7,7,A,0,0,0,0,0,0.0416666666666667,0,0,2026-02-18,2026-02-18,A,0,2026,2026H1,4.52178857704904,2.07944154167984,0,0,0.10642507307254,0.105950690452258,0
B167,B167,La Guardia Playground,B,2026-01-01,H1,2025-08-21,2025-08-21,133,7,7,A,0,0,0,0,0.333333333333333,0.208333333333333,0,0,2026-01-20,2026-01-20,A,0,2026,2026H1,4.89783979995091,2.07944154167984,0,0,0.156827107405316,0.156121259363873,0
B192,B192,Russell Pedersen Playground,B,2026-01-01,H1,2025-09-29,2025-09-29,94,7,4,A,0,0,0,0,0.333333333333333,0.166666666666667,0.428571428571429,0,2026-03-04,2026-03-04,A,0,2026,2026H1,4.55387689160054,2.07944154167984,0,0,0.149128136003767,0.148460801666438,0
B193,B193,Hamilton Metz Field,B,2026-01-01,H1,2025-07-11,2025-07-11,174,7,7,A,0,0,0,0,0,0.0416666666666667,0,0,2026-01-14,2026-01-14,A,0,2026,2026H1,5.16478597392351,2.07944154167984,0,0,0.117461037042929,0.116928686914184,0
B207,B207,Sarsfield Playground,B,2026-01-01,H1,2025-08-21,2025-08-21,133,7,7,U,1,0,0,0,0.333333333333333,0.208333333333333,0,0,2026-01-13,2026-01-13,A,0,2026,2026H1,4.89783979995091,2.07944154167984,0,0,0.196306739839001,0.195456859347954,0
B208,B208,Pfc Norton Playground,B,2026-01-01,H1,2025-08-29,2025-08-29,125,7,7,A,0,0,0,0,0,0.0416666666666667,0,0,2026-01-30,2026-01-30,U,1,2026,2026H1,4.83628190695148,2.07944154167984,0,0,0.111703954358229,0.111201847754614,0
B209,B209,Galapo Playground,B,2026-01-01,H1,2025-11-21,2025-11-21,41,8,8,U,1,0,0,0,0.666666666666667,0.346153846153846,0,0,2026-04-16,2026-04-16,A,0,2026,2026H1,3.73766961828337,2.19722457733622,0,0,0.226322135214186,0.22537916382075,0
B210A,B210A,John Allen Payne Playground,B,2026-01-01,H1,2025-11-05,2025-11-05,57,7,7,A,0,0,0,0,0,0.0416666666666667,0,0,2026-03-27,2026-03-27,A,0,2026,2026H1,4.06044301054642,2.07944154167984,0,0,0.0990792599218214,0.0986434047207835,0
B210J,B210J,Pena Herrera Playground,B,2026-01-01,H1,2025-10-14,2025-10-14,79,8,8,A,0,0,0,0,0,0.0384615384615385,0,0,2026-03-18,2026-03-18,A,0,2026,2026H1,4.38202663467388,2.19722457733622,0,0,0.104150439374493,0.103687995386037,0
B214-01,B214,Linden Park,B,2026-01-01,H1,2025-10-20,2025-10-20,73,7,7,A,0,1,0,0,0,0.0416666666666667,0,0,2026-03-23,2026-03-23,U,1,2026,2026H1,4.30406509320417,2.07944154167984,0,0,0.102900361650719,0.102444475960889,0
B216,B216,Raymond Bush Playground,B,2026-01-01,H1,2025-12-29,2025-12-29,3,8,7,A,0,0,1,0,0.666666666666667,0.291666666666667,0.125,0,2026-05-04,2026-05-04,A,0,2026,2026H1,1.38629436111989,2.19722457733622,0,0,0.129212490978103,0.128672630910257,0
B218,B218,Paerdegat Park,B,2026-01-01,H1,2025-10-27,2025-10-27,66,7,7,A,0,0,0,0,0,0.0416666666666667,0,0,2026-03-25,2026-03-25,A,0,2026,2026H1,4.20469261939097,2.07944154167984,1,0.693147180559945,0.101326238714259,0.102292752552697,1
B220,B220,Washington Hall Park,B,2026-01-01,H1,2025-09-08,2025-09-08,115,7,7,A,0,0,0,0,0.333333333333333,0.125,0,0,2026-02-03,2026-02-03,A,0,2026,2026H1,4.75359019110636,2.07944154167984,0,0,0.153559664936907,0.152870136930955,0
B222,B222,Pierrepont Playground,B,2026-01-01,H1,2025-10-14,2025-10-14,79,7,7,A,0,0,0,0,0,0.0416666666666667,0,0,2026-03-04,2026-03-04,A,0,2026,2026H1,4.38202663467388,2.07944154167984,0,0,0.104150439374493,0.103687995386037,0
B223B,B223B,Dimattina Playground,B,2026-01-01,H1,2025-12-09,2025-12-09,23,7,6,N,0,0,0,0,0.333333333333333,0.136363636363636,0.142857142857143,1,2026-04-27,2026-04-27,A,0,2026,2026H1,3.17805383034795,2.07944154167984,2,1.09861228866811,0.121408302312289,0.123515132888282,2
B223R,B223R,Jaime Campiz Playground,B,2026-01-01,H1,2025-12-09,2025-12-09,23,8,8,U,1,0,0,0,0.333333333333333,0.192307692307692,0,0,2026-04-16,2026-04-16,A,0,2026,2026H1,3.17805383034795,2.19722457733622,3,1.38629436111989,0.153595844477935,0.157004935907035,3
B224,B224,P.O. Reinaldo Salgado Playground,B,2026-01-01,H1,2025-11-03,2025-11-03,59,7,7,A,0,0,0,0,0.333333333333333,0.208333333333333,0,0,2026-04-01,2026-04-01,A,0,2026,2026H1,4.0943445622221,2.07944154167984,0,0,0.139331848957727,0.138713784916899,0
B225,B225,St. Andrew's Playground,B,2026-01-01,H1,2025-08-04,2025-08-04,150,7,7,A,0,0,0,0,0,0.0416666666666667,0,0,2026-01-13,2026-01-13,A,0,2026,2026H1,5.01727983681492,2.07944154167984,0,0,0.114844797491328,0.114326190705431,0
B228,B228,Dr. Green Playground,B,2026-01-01,H1,2025-08-20,2025-08-20,134,7,6,A,0,0,0,0,0,0.227272727272727,0.142857142857143,0,2026-02-09,2026-02-09,U,1,2026,2026H1,4.90527477843843,2.07944154167984,0,0,0.112892228299566,0.11238387928142,0
B230,B230,Nicholas Naquan Heyward Jr. Park,B,2026-01-01,H1,2025-10-14,2025-10-14,79,7,7,A,0,0,0,0,0,0.0416666666666667,0,0,2026-03-03,2026-03-03,U,1,2026,2026H1,4.38202663467388,2.07944154167984,4,1.6094379124341,0.104150439374493,0.107079691435228,4
B232,B232,Dean Playground,B,2026-01-01,H1,2025-08-25,2025-08-25,129,7,7,A,0,0,0,0,0.333333333333333,0.125,0,0,2026-01-21,2026-01-21,A,0,2026,2026H1,4.86753445045558,2.07944154167984,1,0.693147180559945,0.156135988382731,0.157478553956556,1
B235,B235,Herman Dolgon Playground,B,2026-01-01,H1,2025-10-01,2025-10-01,92,7,7,A,0,0,0,0,0.333333333333333,0.291666666666667,0,0,2026-02-27,2026-02-27,U,1,2026,2026H1,4.53259949315326,2.07944154167984,0,0,0.148662272810112,0.147997275296155,0
B236,B236,Glenwood Playground,B,2026-01-01,H1,2025-10-17,2025-10-17,76,8,8,A,0,0,0,0,0,0.0384615384615385,0,0,2026-03-23,2026-03-23,A,0,2026,2026H1,4.34380542185368,2.19722457733622,1,0.693147180559945,0.103535911296438,0.104518067704611,1
B244,B244,McDonald Playground,B,2026-01-01,H1,2025-10-01,2025-10-01,92,7,6,A,0,0,0,0,0,0.0454545454545455,0.142857142857143,0,2026-02-27,2026-02-27,U,1,2026,2026H1,4.53259949315326,2.07944154167984,0,0,0.106602832692256,0.106127516841494,0
B247-01,B247,Breukelen Plgd,B,2026-01-01,H1,2025-12-05,2025-12-05,27,8,8,A,0,0,0,0,0,0.115384615384615,0,0,2026-04-21,2026-04-21,A,0,2026,2026H1,3.3322045101752,2.19722457733622,0,0,0.0884009724249064,0.0880208961523531,0
B250,B250,Nostrand Playground,B,2026-01-01,H1,2025-08-18,2025-08-18,136,7,7,A,0,0,0,0,0,0.0416666666666667,0,0,2026-01-27,2026-01-27,A,0,2026,2026H1,4.91998092582813,2.07944154167984,0,0,0.113146936489413,0.112637249372601,0
B251-04,B251,Pat Parlato Plgd,B,2026-01-01,H1,2025-09-23,2025-09-23,100,7,7,A,0,0,0,1,0,0.0416666666666667,0,0,2026-01-30,2026-01-30,A,0,2026,2026H1,4.61512051684126,2.07944154167984,0,0,0.107968326371349,0.107485840761857,0
B253,B253,Albert L. Parham Playground,B,2026-01-01,H1,2025-10-14,2025-10-14,79,8,7,A,0,0,0,0,0,0.0416666666666667,0.125,0,2026-03-17,2026-03-17,A,0,2026,2026H1,4.38202663467388,2.19722457733622,0,0,0.104150439374493,0.103687995386037,0
B254,B254,Wingate Park,B,2026-01-01,H1,2025-12-16,2025-12-16,16,8,7,N,0,0,0,0,0,0.125,0.125,1,2026-04-27,2026-04-27,A,0,2026,2026H1,2.83321334405622,2.19722457733622,0,0,0.0816955407097708,0.0813502655475482,0
B258,B258,Brevoort Playground,B,2026-01-01,H1,2025-12-29,2025-12-29,3,7,7,A,0,0,0,0,0,0.0416666666666667,0,0,2026-05-18,2026-05-18,A,0,2026,2026H1,1.38629436111989,2.07944154167984,0,0,0.0647961448455822,0.0645372867845328,0
B259,B259,Underwood Park,B,2026-01-01,H1,2025-11-19,2025-11-19,43,7,7,A,0,0,0,0,0,0.0416666666666667,0,0,2026-05-21,2026-05-21,U,1,2026,2026H1,3.78418963391826,2.07944154167984,1,0.693147180559945,0.0948996043613271,0.0958196995657623,1
B262,B262,Potomac Playground,B,2026-01-01,H1,2025-08-14,2025-08-14,140,7,7,A,0,0,0,0,0,0.125,0,0,2026-01-14,2026-01-14,A,0,2026,2026H1,4.94875989037817,2.07944154167984,1,0.693147180559945,0.11364683442917,0.114698555634553,1
B263,B263,Sumner Playground,B,2026-01-01,H1,2025-08-04,2025-08-04,150,7,7,A,0,0,0,1,0,0.0416666666666667,0,0,2026-01-14,2026-01-14,A,0,2026,2026H1,5.01727983681492,2.07944154167984,1,0.693147180559945,0.114844797491328,0.115904546507928,1
B264,B264,Roebling Playground,B,2026-01-01,H1,2025-09-12,2025-09-12,111,7,5,A,0,0,0,0,0.333333333333333,0.15,0.285714285714286,0,2026-02-17,2026-02-17,U,1,2026,2026H1,4.71849887129509,2.07944154167984,0,0,0.152773276590464,0.152087682086922,0
B267,B267,Winthrop Playground,B,2026-01-01,H1,2025-10-20,2025-10-20,73,7,7,U,1,1,0,0,0.333333333333333,0.125,0,0,2026-03-02,2026-03-02,A,0,2026,2026H1,4.30406509320417,2.07944154167984,0,0,0.180623695126994,0.179846586528757,0
B268,B268,Nautilus Playground,B,2026-01-01,H1,2025-12-26,2025-12-26,6,8,8,A,0,0,0,0,0,0.0384615384615385,0,0,2026-05-04,2026-05-04,U,1,2026,2026H1,1.94591014905531,2.19722457733622,0,0,0.0709075191373854,0.0706176743759414,0
B269,B269,Jesse Owens Playground,B,2026-01-01,H1,2025-11-17,2025-11-17,45,7,7,U,1,1,1,0,0.666666666666667,0.208333333333333,0,0,2026-04-01,2026-04-01,U,1,2026,2026H1,3.8286413964891,2.07944154167984,0,0,0.229086106304017,0.228131344205686,0
B271,B271,Railroad Playground,B,2026-01-01,H1,2025-12-08,2025-12-08,24,7,7,A,0,1,0,0,0,0.0416666666666667,0,0,2026-05-01,2026-05-01,A,0,2026,2026H1,3.2188758248682,2.07944154167984,0,0,0.0868357452337556,0.0864638113218821,0
B274,B274,Bayview Playground,B,2026-01-01,H1,2025-09-04,2025-09-04,119,7,7,U,1,0,0,0,0.333333333333333,0.208333333333333,0,0,2026-01-21,2026-01-21,A,0,2026,2026H1,4.78749174278205,2.07944154167984,0,0,0.193316222825077,0.192480118483075,0
B277,B277,Benson Playground,B,2026-01-01,H1,2025-09-17,2025-09-17,106,7,5,U,1,0,0,0,0.333333333333333,0.35,0.285714285714286,0,2026-03-04,2026-03-04,A,0,2026,2026H1,4.67282883446191,2.07944154167984,1,0.693147180559945,0.19024560147266,0.191814285306694,1
B284,B284,Marc And Jason's Playground,B,2026-01-01,H1,2025-09-22,2025-09-22,101,8,8,A,0,0,1,0,0,0.0384615384615385,0,0,2026-02-02,2026-02-02,A,0,2026,2026H1,4.62497281328427,2.19722457733622,0,0,0.108132377925739,0.107649030829628,0
B286,B286,Bartlett Playground,B,2026-01-01,H1,2025-09-12,2025-09-12,111,7,7,A,0,0,0,0,0.333333333333333,0.125,0,0,2026-03-09,2026-03-09,A,0,2026,2026H1,4.71849887129509,2.07944154167984,0,0,0.152773276590464,0.152087682086922,0
B288,B288,Slope Park Playground,B,2026-01-01,H1,2025-09-16,2025-09-16,107,7,7,A,0,0,0,0,0,0.0416666666666667,0,0,2026-02-05,2026-02-05,A,0,2026,2026H1,4.68213122712422,2.07944154167984,0,0,0.109088455490565,0.108600087340189,0
B292,B292,Pratt Playground,B,2026-01-01,H1,2025-10-14,2025-10-14,79,7,7,A,0,0,0,0,0,0.0416666666666667,0,0,2026-03-17,2026-03-17,A,0,2026,2026H1,4.38202663467388,2.07944154167984,0,0,0.104150439374493,0.103687995386037,0
B294,B294,Jackie Robinson Park Playground,B,2026-01-01,H1,2025-09-08,2025-09-08,115,7,7,A,0,0,0,0,0,0.125,0,0,2026-02-20,2026-02-20,U,1,2026,2026H1,4.75359019110636,2.07944154167984,0,0,0.110294163308911,0.109799462311449,0
B297,B297,Albemarle Playground,B,2026-01-01,H1,2025-11-05,2025-11-05,57,7,6,A,0,0,1,0,0,0.0454545454545455,0.142857142857143,0,2026-04-06,2026-04-06,A,0,2026,2026H1,4.06044301054642,2.07944154167984,0,0,0.0990792599218214,0.0986434047207835,0
B298,B298,Stockton Playground,B,2026-01-01,H1,2025-10-20,2025-10-20,73,7,7,A,0,0,0,0,0,0.0416666666666667,0,0,2026-03-16,2026-03-16,U,1,2026,2026H1,4.30406509320417,2.07944154167984,0,0,0.102900361650719,0.102444475960889,0
B300,B300,Oracle Playground,B,2026-01-01,H1,2025-09-30,2025-09-30,93,7,7,A,0,1,0,0,0,0.0416666666666667,0,0,2026-02-24,2026-02-24,A,0,2026,2026H1,4.54329478227,2.07944154167984,0,0,0.106778948351196,0.106302707870066,0
B301,B301,Greene Playground,B,2026-01-01,H1,2025-07-31,2025-07-31,154,7,4,A,0,0,0,0,0,0.0555555555555556,0.428571428571429,0,2026-01-14,2026-01-14,A,0,2026,2026H1,5.04342511691925,2.07944154167984,4,1.6094379124341,0.115304795545487,0.118490436623529,4
B304,B304,Kennedy King Playground,B,2026-01-01,H1,2025-12-08,2025-12-08,24,8,8,U,1,0,0,0,0.333333333333333,0.115384615384615,0,0,2026-06-05,2026-06-05,U,1,2026,2026H1,3.2188758248682,2.19722457733622,0,0,0.1545149988356,0.153861498474771,0
B306,B306,Playground 286,B,2026-01-01,H1,2025-10-28,2025-10-28,65,7,6,A,0,0,0,0,0.333333333333333,0.227272727272727,0.142857142857143,0,2026-04-10,2026-04-10,U,1,2026,2026H1,4.18965474202643,2.07944154167984,1,0.693147180559945,0.141318305201046,0.142573968252664,1
B307,B307,Tiger Playground,B,2026-01-01,H1,2025-12-29,2025-12-29,3,8,4,N,0,0,0,0,0,0.0555555555555556,0.5,1,2026-06-08,2026-06-08,U,1,2026,2026H1,1.38629436111989,2.19722457733622,1,0.693147180559945,0.0647961448455822,0.0654790890865522,1
B308,B308,Yak Playground,B,2026-01-01,H1,2025-11-21,2025-11-21,41,7,7,A,0,1,0,0,0,0.125,0,0,2026-04-10,2026-04-10,A,0,2026,2026H1,3.73766961828337,2.07944154167984,0,0,0.0942114856637029,0.0938011009161892,0
B309,B309,Pink Playground,B,2026-01-01,H1,2025-08-20,2025-08-20,134,7,7,U,1,0,0,0,0.333333333333333,0.125,0,0,2026-01-14,2026-01-14,A,0,2026,2026H1,4.90527477843843,2.07944154167984,0,0,0.196509485271561,0.195658672616891,0
B313,B313,El Shabazz Playground,B,2026-01-01,H1,2025-08-14,2025-08-14,140,7,7,A,0,0,0,0,0.333333333333333,0.125,0,0,2026-01-15,2026-01-15,A,0,2026,2026H1,4.94875989037817,2.07944154167984,0,0,0.157993953879211,0.157282287327471,0
B315,B315,Surf Playground,B,2026-01-01,H1,2025-12-02,2025-12-02,30,7,6,U,1,0,0,0,0.666666666666667,0.227272727272727,0.142857142857143,0,2026-04-28,2026-04-28,U,1,2026,2026H1,3.43398720448515,2.07944154167984,1,0.693147180559945,0.21726703587371,0.219001758603544,1
B316,B316,DiGilio Playground,B,2026-01-01,H1,2025-12-08,2025-12-08,24,7,7,A,0,0,0,0,0,0.0416666666666667,0,0,2026-04-16,2026-04-16,A,0,2026,2026H1,3.2188758248682,2.07944154167984,0,0,0.0868357452337556,0.0864638113218821,0
B320,B320,Park Slope Playground,B,2026-01-01,H1,2025-12-09,2025-12-09,23,8,8,A,0,0,0,0,0,0.0384615384615385,0,0,2026-05-18,2026-05-18,A,0,2026,2026H1,3.17805383034795,2.19722457733622,2,1.09861228866811,0.0862781069430619,0.0878573701703088,2
B321,B321,Edmonds Playground,B,2026-01-01,H1,2025-12-22,2025-12-22,10,8,8,A,0,0,0,0,0,0.115384615384615,0,0,2026-06-15,2026-06-15,A,0,2026,2026H1,2.39789527279837,2.19722457733622,1,0.693147180559945,0.0762276874921232,0.0770047202808676,1
B323,B323,Hattie Carthan Playground,B,2026-01-01,H1,2025-12-29,2025-12-29,3,8,7,N,1,0,0,0,0.333333333333333,0.125,0.125,1,2026-05-18,2026-05-18,U,1,2026,2026H1,1.38629436111989,2.19722457733622,3,1.38629436111989,0.117508316168835,0.120273645175875,3
B329-01,B329,Lindower Park Playground,B,2026-01-01,H1,2025-08-07,2025-08-07,147,7,7,A,0,0,0,0,0,0.0416666666666667,0,0,2026-01-13,2026-01-13,A,0,2026,2026H1,4.99721227376412,2.07944154167984,0,0,0.114492814385705,0.113976056721679,0
B334,B334,Fermi Playground,B,2026-01-01,H1,2025-08-25,2025-08-25,129,7,7,U,1,0,0,0,0.333333333333333,0.208333333333333,0,0,2026-01-23,2026-01-23,A,0,2026,2026H1,4.86753445045558,2.07944154167984,3,1.38629436111989,0.195481974809747,0.199539663122748,3
B335,B335,Bildersee Playground,B,2026-01-01,H1,2025-11-05,2025-11-05,57,7,5,A,0,1,0,0,0,0.15,0.285714285714286,0,2026-04-07,2026-04-07,U,1,2026,2026H1,4.06044301054642,2.07944154167984,0,0,0.0990792599218214,0.0986434047207835,0
B337,B337,Century Playground,B,2026-01-01,H1,2025-10-14,2025-10-14,79,7,7,U,1,0,1,0,0.333333333333333,0.125,0,0,2026-03-25,2026-03-25,A,0,2026,2026H1,4.38202663467388,2.07944154167984,0,0,0.182625771742276,0.181839303536408,0
B339,B339,Newport Playground,B,2026-01-01,H1,2025-10-07,2025-10-07,86,7,6,A,0,0,0,0,0.333333333333333,0.136363636363636,0.142857142857143,0,2026-02-17,2026-02-17,U,1,2026,2026H1,4.46590811865458,2.07944154167984,0,0,0.147209862373059,0.146552154619983,0
B342,B342,100% Playground,B,2026-01-01,H1,2025-11-14,2025-11-14,48,8,8,U,1,0,0,0,0.333333333333333,0.115384615384615,0,0,2026-04-30,2026-04-30,A,0,2026,2026H1,3.89182029811063,2.19722457733622,0,0,0.170321213925236,0.169592558635784,0
B348,B348,Willoughby Playground,B,2026-01-01,H1,2025-11-17,2025-11-17,45,8,8,A,0,0,1,0,0,0.115384615384615,0,0,2026-05-04,2026-05-04,A,0,2026,2026H1,3.8286413964891,2.19722457733622,1,0.693147180559945,0.0955613296216286,0.0964862687149647,1
B350,B350,Stroud Playground,B,2026-01-01,H1,2025-09-09,2025-09-09,114,7,7,A,0,0,0,0,0.333333333333333,0.208333333333333,0,0,2026-02-20,2026-02-20,U,1,2026,2026H1,4.74493212836325,2.07944154167984,1,0.693147180559945,0.153365332375552,0.154692114350479,1
B352,B352,Curtis Playground,B,2026-01-01,H1,2025-10-30,2025-10-30,63,8,8,A,0,0,0,0,0,0.0384615384615385,0,0,2026-04-07,2026-04-07,U,1,2026,2026H1,4.15888308335967,2.19722457733622,0,0,0.100607806423745,0.100163941730192,0
B357,B357,Jackie Robinson Playground,B,2026-01-01,H1,2025-10-17,2025-10-17,76,7,7,A,0,0,0,0,0,0.0416666666666667,0,0,2026-03-16,2026-03-16,A,0,2026,2026H1,4.34380542185368,2.07944154167984,0,0,0.103535911296438,0.103076691595804,0
B359,B359,Eleanor Roosevelt Playground,B,2026-01-01,H1,2025-09-08,2025-09-08,115,7,7,U,1,0,0,0,0.333333333333333,0.125,0,0,2026-02-02,2026-02-02,A,0,2026,2026H1,4.75359019110636,2.07944154167984,1,0.693147180559945,0.192404449353814,0.193983776424967,1
B364,B364,Woods Playground,B,2026-01-01,H1,2025-10-07,2025-10-07,86,7,6,A,0,0,0,0,0,0.0454545454545455,0.142857142857143,0,2026-03-04,2026-03-04,A,0,2026,2026H1,4.46590811865458,2.07944154167984,1,0.693147180559945,0.105510410638256,0.106506409687626,1
B380,B380,Robert E. Venable Park,B,2026-01-01,H1,2025-09-09,2025-09-09,114,7,6,U,1,1,0,0,0.666666666666667,0.409090909090909,0.142857142857143,0,2026-01-30,2026-01-30,U,1,2026,2026H1,4.74493212836325,2.07944154167984,0,0,0.258233892062962,0.257158072132867,0
BT15,BT15,Bush Terminal Park,B,2026-01-01,H1,2025-08-01,2025-08-01,153,7,7,A,0,0,0,0,0,0.0416666666666667,0,0,2026-02-03,2026-02-03,A,0,2026,2026H1,5.03695260241363,2.07944154167984,0,0,0.115190769603854,0.114670345291314,0
M005-ZN01,M005,Battery Park Zone 1,M,2026-01-01,H1,2025-10-01,2025-10-01,92,8,8,A,0,0,0,0,0,0.115384615384615,0,0,2026-02-20,2026-02-20,A,0,2026,2026H1,4.53259949315326,2.19722457733622,0,0,0.0988589832868177,0.0976230515880924,0
M009,M009,Bennett Park,M,2026-01-01,H1,2025-12-03,2025-12-03,29,8,7,U,1,0,0,0,0.333333333333333,0.125,0.125,0,2026-04-17,2026-04-17,A,0,2026,2026H1,3.40119738166216,2.19722457733622,0,0,0.14777431687617,0.146019444352822,0
M010-ZN05,M010,"Dairy, Chess & Checkers House, Carousel",M,2026-01-01,H1,2025-10-21,2025-10-21,72,2,2,U,1,0,0,0,0.5,0.214285714285714,0,0,2026-03-17,2026-03-17,U,1,2026,2026H1,4.29045944114839,1.09861228866811,0,0,0.196529202331011,0.19427485153633,0
M010-ZN10&11,M010,Sheep Meadow,M,2026-01-01,H1,2025-12-02,2025-12-02,30,8,8,A,0,0,1,0,0,0.0384615384615385,0,0,2026-04-16,2026-04-16,A,0,2026,2026H1,3.43398720448515,2.19722457733622,2,1.09861228866811,0.0831896177928721,0.0840216066194452,2
M010-ZN16,M010,Pilgrim Hill & Conservatory Water,M,2026-01-01,H1,2025-12-23,2025-12-23,9,8,8,A,0,0,0,0,0,0.0384615384615385,0,0,2026-06-09,2026-06-09,A,0,2026,2026H1,2.30258509299405,2.19722457733622,0,0,0.0694444834839972,0.0685809487988462,0
M010-ZN18&19,M010,The Ramble,M,2026-01-01,H1,2025-09-10,2025-09-10,113,7,7,U,1,1,1,0,0.666666666666667,0.208333333333333,0,0,2026-02-04,2026-02-04,U,1,2026,2026H1,4.7361984483945,2.07944154167984,0,0,0.242187574528014,0.239523045363515,0
M010-ZN24&25,M010,"Belvdre. Cstl., Turtle Pond, Shkspr Grdn",M,2026-01-01,H1,2025-09-11,2025-09-11,112,7,5,A,0,0,0,0,0,0.15,0.285714285714286,0,2026-02-05,2026-02-05,A,0,2026,2026H1,4.72738781871234,2.07944154167984,2,1.09861228866811,0.101897835979739,0.102868576354346,2
M010-ZN34,M010,Reservoir (Northwest),M,2026-01-01,H1,2025-12-02,2025-12-02,30,7,7,A,0,0,0,0,0,0.0416666666666667,0,0,2026-04-10,2026-04-10,U,1,2026,2026H1,3.43398720448515,2.07944154167984,0,0,0.0831896177928721,0.0821507076380261,0
M011,M011,Chelsea Park,M,2026-01-01,H1,2025-08-12,2025-08-12,142,7,7,A,0,0,1,0,0,0.0416666666666667,0,0,2026-01-12,2026-01-12,A,0,2026,2026H1,4.96284463025991,2.07944154167984,4,1.6094379124341,0.105681464697865,0.107771963396283,4
M015,M015,Columbus Park,M,2026-01-01,H1,2025-09-19,2025-09-19,104,8,8,A,0,0,0,0,0,0.115384615384615,0,0,2026-02-19,2026-02-19,U,1,2026,2026H1,4.65396035015752,2.19722457733622,4,1.6094379124341,0.100742702867329,0.102753255961925,4
M018,M018,Carmansville Playground,M,2026-01-01,H1,2025-12-23,2025-12-23,9,8,8,A,0,1,0,0,0,0.0384615384615385,0,0,2026-04-24,2026-04-24,A,0,2026,2026H1,2.30258509299405,2.19722457733622,1,0.693147180559945,0.0694444834839972,0.0695773718684108,1
M022,M022,De Witt Clinton Park,M,2026-01-01,H1,2025-08-25,2025-08-25,129,8,7,A,0,0,0,0,0,0.0416666666666667,0.125,0,2026-01-12,2026-01-12,A,0,2026,2026H1,4.86753445045558,2.19722457733622,1,0.693147180559945,0.104135191774762,0.104272118424475,1
M028-ZN04,M028,Fort Washington Park Zone 4,M,2026-01-01,H1,2025-10-09,2025-10-09,84,7,7,A,0,0,0,0,0,0.125,0,0,2026-03-24,2026-03-24,A,0,2026,2026H1,4.44265125649032,2.07944154167984,1,0.693147180559945,0.0974831357532967,0.097620844146902,1
M029-ZN01,M029,Fort Tryon Park Zone 1,M,2026-01-01,H1,2025-12-24,2025-12-24,8,8,8,A,0,0,0,0,0,0.115384615384615,0,0,2026-04-28,2026-04-28,A,0,2026,2026H1,2.19722457733622,2.19722457733622,0,0,0.0682773194475654,0.0674287646877698,0
M037-10,M037,Adventure Plgd,M,2026-01-01,H1,2025-09-29,2025-09-29,94,4,4,U,1,1,0,0,0.666666666666667,0.277777777777778,0,0,2026-02-25,2026-02-25,A,0,2026,2026H1,4.55387689160054,1.6094379124341,4,1.6094379124341,0.23645328421526,0.24034728896605,4
M041,M041,Alexander Hamilton Playground,M,2026-01-01,H1,2025-10-02,2025-10-02,91,8,8,A,0,0,0,0,0.333333333333333,0.115384615384615,0,0,2026-03-05,2026-03-05,U,1,2026,2026H1,4.52178857704904,2.19722457733622,1,0.693147180559945,0.138113733678489,0.138266490008688,1
M042-ZN01,M042,Inwood Hill Park Zone 1,M,2026-01-01,H1,2025-11-06,2025-11-06,56,8,8,A,0,0,1,0,0,0.0384615384615385,0,0,2026-04-07,2026-04-07,A,0,2026,2026H1,4.04305126783455,2.19722457733622,1,0.693147180559945,0.0915754879380139,0.0917133256601483,1
M045,M045,John Jay Park,M,2026-01-01,H1,2025-11-25,2025-11-25,37,7,7,A,0,0,1,0,0.333333333333333,0.125,0,0,2026-04-01,2026-04-01,A,0,2026,2026H1,3.63758615972639,2.07944154167984,2,1.09861228866811,0.1209130290685,0.122038831078915,2
M056-02,M056,Morningside Plgd,M,2026-01-01,H1,2025-09-03,2025-09-03,120,7,7,A,0,1,0,0,0,0.0416666666666667,0,0,2026-01-15,2026-01-15,A,0,2026,2026H1,4.79579054559674,2.07944154167984,0,0,0.102984470692379,0.101697274061585,0
M071-04,M071,Neufeld Plgd,M,2026-01-01,H1,2025-08-05,2025-08-05,149,7,7,A,0,1,0,0,0,0.125,0,0,2026-01-09,2026-01-09,A,0,2026,2026H1,5.01063529409626,2.07944154167984,1,0.693147180559945,0.106464397310746,0.106600899496841,1
M071-31,M071,Claremont Playground,M,2026-01-01,H1,2025-12-10,2025-12-10,22,8,5,N,0,0,0,0,0,0.05,0.375,1,2026-04-17,2026-04-17,A,0,2026,2026H1,3.13549421592915,2.19722457733622,1,0.693147180559945,0.0793399034157453,0.0794761471040732,1
M071-ZN17,M071,Wildlife Sanct. & 119 St Tennis Courts,M,2026-01-01,H1,2025-12-04,2025-12-04,28,7,7,U,1,0,0,0,0.333333333333333,0.125,0,0,2026-05-20,2026-05-20,A,0,2026,2026H1,3.36729582998647,2.07944154167984,0,0,0.147038188971373,0.145291532502816,0
M071-ZN20,M071,Hudson Beach Volleyball Courts & Café,M,2026-01-01,H1,2025-12-04,2025-12-04,28,9,5,N,0,0,0,0,0,0.15,0.444444444444444,1,2026-05-05,2026-05-05,A,0,2026,2026H1,3.36729582998647,2.30258509299405,0,0,0.0823150183889345,0.0812872033809555,0
M072-01,M072,Riverbank Plgd,M,2026-01-01,H1,2025-10-06,2025-10-06,87,7,7,A,0,1,0,0,0.333333333333333,0.208333333333333,0,0,2026-03-12,2026-03-12,A,0,2026,2026H1,4.47733681447821,2.07944154167984,1,0.693147180559945,0.137202048811706,0.137355164300774,1
M076,M076,St. Vartan Park,M,2026-01-01,H1,2025-11-17,2025-11-17,45,8,8,A,0,0,0,0,0,0.0384615384615385,0,0,2026-05-20,2026-05-20,A,0,2026,2026H1,3.8286413964891,2.19722457733622,0,0,0.0885400679071014,0.0874334965214105,0
M077-02,M077,St Nicholas,M,2026-01-01,H1,2025-08-22,2025-08-22,132,7,6,N,0,0,0,0,0,0.0454545454545455,0.142857142857143,1,2026-01-12,2026-01-12,A,0,2026,2026H1,4.89034912822175,2.07944154167984,0,0,0.104503497447046,0.103197493778245,0
M077-04,M077,St Nicholas,M,2026-01-01,H1,2025-09-11,2025-09-11,112,8,8,A,0,0,1,0,0,0.115384615384615,0,0,2026-02-18,2026-02-18,A,0,2026,2026H1,4.72738781871234,2.19722457733622,0,0,0.101897835979739,0.100624115955554,0
M079,M079,St. Catherine's Park,M,2026-01-01,H1,2025-09-10,2025-09-10,113,8,8,A,0,0,0,0,0,0.0384615384615385,0,0,2026-02-17,2026-02-17,A,0,2026,2026H1,4.7361984483945,2.19722457733622,5,1.79175946922806,0.102037227791099,0.104449496503651,5
M081-02,M081,Catbird Playground,M,2026-01-01,H1,2025-10-22,2025-10-22,71,8,7,A,0,0,0,0,0,0.0416666666666667,0.125,0,2026-03-04,2026-03-04,A,0,2026,2026H1,4.27666611901606,2.19722457733622,0,0,0.0949890203207945,0.0938014193585455,0
M081-ZN02,M081,Carl Schurz Promenade,M,2026-01-01,H1,2025-10-31,2025-10-31,62,7,7,A,0,0,0,0,0,0.0416666666666667,0,0,2026-03-18,2026-03-18,A,0,2026,2026H1,4.14313472639153,2.07944154167984,0,0,0.0930241728985118,0.0918611963757362,0
M098-ZN01,M098,Washington Square Park Western Half,M,2026-01-01,H1,2025-08-08,2025-08-08,146,7,7,A,0,0,0,0,0,0.0416666666666667,0,0,2026-01-08,2026-01-08,A,0,2026,2026H1,4.99043258677874,2.07944154167984,4,1.6094379124341,0.106132804068793,0.108230540202673,4
M105,M105,Sara D. Roosevelt Park,M,2026-01-01,H1,2025-12-17,2025-12-17,15,8,7,N,0,0,0,0,0,0.0416666666666667,0.125,1,2026-04-28,2026-04-28,A,0,2026,2026H1,2.77258872223978,2.19722457733622,5,1.79175946922806,0.0748790692865401,0.0767360031950887,5
M107-ZN06,M107,Wards Meadow,M,2026-01-01,H1,2025-09-25,2025-09-25,98,8,8,A,0,0,1,0,0,0.0384615384615385,0,0,2026-03-06,2026-03-06,A,0,2026,2026H1,4.59511985013459,2.19722457733622,0,0,0.0998254534426577,0.0985774878153634,0
M158,M158,Robert Moses Playground,M,2026-01-01,H1,2025-09-15,2025-09-15,108,8,8,A,0,0,0,0,0,0.0384615384615385,0,0,2026-01-15,2026-01-15,A,0,2026,2026H1,4.69134788222914,2.19722457733622,0,0,0.101329409214775,0.100062746471505,0
M159,M159,Frederick Johnson Playground,M,2026-01-01,H1,2025-12-02,2025-12-02,30,8,5,U,1,0,0,0,0.666666666666667,0.25,0.375,0,2026-04-13,2026-04-13,U,1,2026,2026H1,3.43398720448515,2.19722457733622,0,0,0.203313747875772,0.201011403338464,0
M160,M160,Fred Samuel Playground,M,2026-01-01,H1,2025-12-02,2025-12-02,30,8,8,U,1,0,1,0,0.333333333333333,0.115384615384615,0,0,2026-05-20,2026-05-20,A,0,2026,2026H1,3.43398720448515,2.19722457733622,2,1.09861228866811,0.148489200557083,0.149827838401434,2
M165,M165,Baruch Playground,M,2026-01-01,H1,2025-11-24,2025-11-24,38,8,8,A,0,0,0,0,0.333333333333333,0.192307692307692,0,0,2026-04-16,2026-04-16,U,1,2026,2026H1,3.66356164612965,2.19722457733622,1,0.693147180559945,0.121390870521806,0.121548733759507,1
M186,M186,Brigadier General Charles Young Playground,M,2026-01-01,H1,2025-10-20,2025-10-20,73,7,5,A,0,0,0,0,0,0.05,0.285714285714286,0,2026-02-18,2026-02-18,A,0,2026,2026H1,4.30406509320417,2.07944154167984,1,0.693147180559945,0.0953967484024258,0.0955345651793987,1
M190,M190,Sheltering Arms Playground,M,2026-01-01,H1,2025-12-23,2025-12-23,9,8,3,A,0,0,0,0,0,0.0625,0.625,0,2026-04-24,2026-04-24,U,1,2026,2026H1,2.30258509299405,2.19722457733622,1,0.693147180559945,0.0694444834839972,0.0695773718684108,1
M192,M192,Stanley Isaacs Playground,M,2026-01-01,H1,2025-12-01,2025-12-01,31,8,6,A,0,0,0,0,0.666666666666667,0.318181818181818,0.25,0,2026-04-20,2026-04-20,A,0,2026,2026H1,3.46573590279973,2.19722457733622,1,0.693147180559945,0.163458897732029,0.163631424902338,1
M193,M193,Abraham Lincoln Playground,M,2026-01-01,H1,2025-12-23,2025-12-23,9,8,7,N,0,0,0,0,0,0.125,0.125,1,2026-05-05,2026-05-05,U,1,2026,2026H1,2.30258509299405,2.19722457733622,1,0.693147180559945,0.0694444834839972,0.0695773718684108,1
M194,M194,Alfred E. Smith Playground,M,2026-01-01,H1,2025-10-10,2025-10-10,83,7,5,U,1,0,0,0,1,0.35,0.285714285714286,0,2026-03-16,2026-03-16,U,1,2026,2026H1,4.43081679884331,2.07944154167984,7,2.07944154167984,0.307316337634495,0.314109330306191,7
M198,M198,"Martin Luther King, Jr. Playground",M,2026-01-01,H1,2025-09-09,2025-09-09,114,7,7,A,0,0,0,0,0,0.0416666666666667,0,0,2026-02-02,2026-02-02,A,0,2026,2026H1,4.74493212836325,2.07944154167984,1,0.693147180559945,0.10217556897148,0.102312793204243,1
M208A,M208A,Alice Kornegay Triangle,M,2026-01-01,H1,2025-12-05,2025-12-05,27,8,6,U,1,0,0,0,0.333333333333333,0.227272727272727,0.25,0,2026-04-09,2026-04-09,U,1,2026,2026H1,3.3322045101752,2.19722457733622,4,1.6094379124341,0.146279425945139,0.149047061852298,4
M211B,M211B,Langston Hughes Playground,M,2026-01-01,H1,2025-10-17,2025-10-17,76,8,8,A,0,0,0,0,0.333333333333333,0.269230769230769,0,0,2026-03-19,2026-03-19,A,0,2026,2026H1,4.34380542185368,2.19722457733622,0,0,0.134493787931616,0.132852674882277,0
M215,M215,Cherry Tree Park,M,2026-01-01,H1,2025-07-30,2025-07-30,155,7,7,U,1,1,1,0,0.333333333333333,0.208333333333333,0,0,2026-01-12,2026-01-12,U,1,2026,2026H1,5.04985600724954,2.07944154167984,0,0,0.187350136022379,0.185170431484582,0
M216,M216,Holcombe Rucker Park,M,2026-01-01,H1,2025-11-17,2025-11-17,45,8,8,A,0,0,0,0,0,0.115384615384615,0,0,2026-04-06,2026-04-06,A,0,2026,2026H1,3.8286413964891,2.19722457733622,0,0,0.0885400679071014,0.0874334965214105,0
M217,M217,Howard Bennett Playground,M,2026-01-01,H1,2025-12-22,2025-12-22,10,8,8,U,1,0,0,0,0.333333333333333,0.115384615384615,0,0,2026-04-28,2026-04-28,A,0,2026,2026H1,2.39789527279837,2.19722457733622,2,1.09861228866811,0.127248511841392,0.12845111795264,2
M219,M219,Tecumseh Playground,M,2026-01-01,H1,2025-10-27,2025-10-27,66,8,4,A,0,0,0,0,0,0.0555555555555556,0.5,0,2026-04-03,2026-04-03,A,0,2026,2026H1,4.20469261939097,2.19722457733622,3,1.38629436111989,0.0939253942644576,0.0953919879160913,3
M220,M220,Frederick Douglass Playground,M,2026-01-01,H1,2025-10-17,2025-10-17,76,8,8,A,0,0,0,0,0,0.0384615384615385,0,0,2026-03-04,2026-03-04,A,0,2026,2026H1,4.34380542185368,2.19722457733622,3,1.38629436111989,0.0959909120149071,0.0974834832027267,3
M223,M223,Jacob H. Schiff Playground,M,2026-01-01,H1,2025-09-09,2025-09-09,114,6,6,A,0,0,0,0,0.333333333333333,0.227272727272727,0,0,2026-02-18,2026-02-18,U,1,2026,2026H1,4.74493212836325,1.94591014905531,2,1.09861228866811,0.142767396770728,0.144032051672812,2
M226,M226,Augustus St. Gaudens Playground,M,2026-01-01,H1,2025-08-25,2025-08-25,129,8,5,A,0,0,0,0,0,0.05,0.375,0,2026-01-15,2026-01-15,A,0,2026,2026H1,4.86753445045558,2.19722457733622,4,1.6094379124341,0.104135191774762,0.106200808493552,4
M230,M230,Poor Richard's Playground,M,2026-01-01,H1,2025-09-09,2025-09-09,114,6,3,A,0,0,0,0,0.333333333333333,0.1875,0.5,0,2026-02-04,2026-02-04,U,1,2026,2026H1,4.74493212836325,1.94591014905531,2,1.09861228866811,0.142767396770728,0.144032051672812,2
M233,M233,Matthew P. Sapolin Playground,M,2026-01-01,H1,2025-12-23,2025-12-23,9,8,2,N,0,0,0,0,0,0.0714285714285714,0.75,1,2026-05-20,2026-05-20,A,0,2026,2026H1,2.30258509299405,2.19722457733622,8,2.19722457733622,0.0694444834839972,0.0717857505460754,8
M234,M234,Wright Brothers Playground,M,2026-01-01,H1,2025-10-09,2025-10-09,84,7,7,A,0,1,0,0,0.333333333333333,0.125,0,0,2026-03-20,2026-03-20,A,0,2026,2026H1,4.44265125649032,2.07944154167984,0,0,0.136494184003956,0.134829822454117,0
M235,M235,Sol Lain Plgd,M,2026-01-01,H1,2025-11-24,2025-11-24,38,8,6,A,0,0,0,0,0,0.0454545454545455,0.25,0,2026-04-01,2026-04-01,A,0,2026,2026H1,3.66356164612965,2.19722457733622,1,0.693147180559945,0.0862652238939861,0.086402692271812,1
M236,M236,Samuel Seabury Playground,M,2026-01-01,H1,2025-11-25,2025-11-25,37,8,6,N,0,0,0,0,0,0.0454545454545455,0.25,1,2026-04-24,2026-04-24,A,0,2026,2026H1,3.63758615972639,2.19722457733622,1,0.693147180559945,0.0859121304508706,0.0860495572092309,1
M237,M237,Corporal John A. Seravalli Playground,M,2026-01-01,H1,2025-10-08,2025-10-08,85,8,8,U,1,0,0,0,0.333333333333333,0.115384615384615,0,0,2026-02-27,2026-02-27,A,0,2026,2026H1,4.45434729625351,2.19722457733622,4,1.6094379124341,0.172186591802467,0.175306547070055,4
M238,M238,Bloomingdale Playground,M,2026-01-01,H1,2025-10-02,2025-10-02,91,8,6,A,0,0,0,0,0,0.0454545454545455,0.25,0,2026-02-18,2026-02-18,U,1,2026,2026H1,4.52178857704904,2.19722457733622,2,1.09861228866811,0.0986927100249911,0.0996405299844302,2
M240,M240,Audubon Playground,M,2026-01-01,H1,2025-09-29,2025-09-29,94,8,3,N,0,0,0,0,0,0.0625,0.625,1,2026-03-20,2026-03-20,A,0,2026,2026H1,4.55387689160054,2.19722457733622,3,1.38629436111989,0.0991869609535737,0.100719331057035,3
M245,M245,Renaissance Playground,M,2026-01-01,H1,2025-08-07,2025-08-07,147,7,7,U,1,0,0,0,0.333333333333333,0.125,0,0,2026-01-12,2026-01-12,A,0,2026,2026H1,4.99721227376412,2.07944154167984,0,0,0.185969292837361,0.183803829522354,0
M251,M251,Bleecker Playground,M,2026-01-01,H1,2025-12-16,2025-12-16,16,8,7,N,0,0,0,0,0,0.0416666666666667,0.125,1,2026-06-08,2026-06-08,U,1,2026,2026H1,2.83321334405622,2.19722457733622,6,1.94591014905531,0.0756078864528408,0.0777270545693358,6
M256,M256,MacArthur Playground,M,2026-01-01,H1,2025-10-22,2025-10-22,71,7,7,A,0,0,0,0,0,0.0416666666666667,0,0,2026-03-04,2026-03-04,A,0,2026,2026H1,4.27666611901606,2.07944154167984,0,0,0.0949890203207945,0.0938014193585455,0
M258,M258,East River Playground,M,2026-01-01,H1,2025-12-15,2025-12-15,17,8,8,A,0,0,0,0,0,0.0384615384615385,0,0,2026-05-13,2026-05-13,A,0,2026,2026H1,2.89037175789616,2.19722457733622,0,0,0.0763009935748081,0.0753497197706286,0
M300,M300,Sherman Creek,M,2026-01-01,H1,2025-07-22,2025-07-22,163,7,7,A,0,0,0,0,0,0.0416666666666667,0,0,2026-01-08,2026-01-08,A,0,2026,2026H1,5.0998664278242,2.07944154167984,0,0,0.107939911377656,0.106591502480074,0
M308,M308,Washington Market Park,M,2026-01-01,H1,2025-07-17,2025-07-17,168,7,6,N,0,0,0,0,0.333333333333333,0.136363636363636,0.142857142857143,1,2026-01-13,2026-01-13,A,0,2026,2026H1,5.12989871492307,2.07944154167984,1,0.693147180559945,0.15110241837786,0.151249131658835,1
M360-ZN01,M360,The High Line Zone 1,M,2026-01-01,H1,2025-10-01,2025-10-01,92,8,8,A,0,0,0,0,0.333333333333333,0.115384615384615,0,0,2026-02-03,2026-02-03,U,1,2026,2026H1,4.53259949315326,2.19722457733622,0,0,0.138336228180563,0.136650528513249,0
M360-ZN02,M360,The High Line Zone 2,M,2026-01-01,H1,2025-08-27,2025-08-27,127,7,5,A,0,1,0,0,0,0.05,0.285714285714286,0,2026-01-08,2026-01-08,U,1,2026,2026H1,4.85203026391962,2.07944154167984,1,0.693147180559945,0.10388555712432,0.104022524734421,1
M399,M399,Bella Abzug Park,M,2026-01-01,H1,2025-08-25,2025-08-25,129,7,7,A,0,0,0,0,0.333333333333333,0.208333333333333,0,0,2026-01-12,2026-01-12,A,0,2026,2026H1,4.86753445045558,2.07944154167984,1,0.693147180559945,0.145379469740902,0.145529053936457,1
Q002,Q002,Grover Cleveland Playground,Q,2026-01-01,H1,2025-12-01,2025-12-01,31,7,7,U,1,1,0,0,0.666666666666667,0.291666666666667,0,0,2026-05-04,2026-05-04,A,0,2026,2026H1,3.46573590279973,2.07944154167984,3,1.38629436111989,0.179350611019448,0.183347140066299,3
Q004-01,Q004,Charybdis Playground,Q,2026-01-01,H1,2025-11-05,2025-11-05,57,7,7,A,0,0,0,0,0,0.0416666666666667,0,0,2026-04-03,2026-04-03,A,0,2026,2026H1,4.06044301054642,2.07944154167984,0,0,0.0792872029001863,0.0790225508700827,0
Q004-ZN01,Q004,Astoria Park Zone 1,Q,2026-01-01,H1,2025-12-12,2025-12-12,20,8,8,A,0,0,0,0,0,0.0384615384615385,0,0,2026-06-03,2026-06-03,A,0,2026,2026H1,3.04452243772342,2.19722457733622,0,0,0.0673834130935505,0.0671701802052946,0
Q005-ZN01,Q005,Baisley Pond Park Zone 1,Q,2026-01-01,H1,2025-09-11,2025-09-11,112,7,7,A,0,0,0,0,0.666666666666667,0.208333333333333,0,0,2026-02-04,2026-02-04,U,1,2026,2026H1,4.72738781871234,2.07944154167984,0,0,0.171467474012097,0.170855952491899,0
Q005-ZN03,Q005,Baisley Pond Park Zone 3,Q,2026-01-01,H1,2025-09-11,2025-09-11,112,7,7,U,1,1,1,1,0.333333333333333,0.208333333333333,0,0,2026-02-04,2026-02-04,A,0,2026,2026H1,4.72738781871234,2.07944154167984,1,0.693147180559945,0.156624239675013,0.158135993189152,1
Q005-ZN04,Q005,Baisley Pond Park Zone 4,Q,2026-01-01,H1,2025-08-19,2025-08-19,135,7,7,A,0,0,0,0,0.666666666666667,0.208333333333333,0,0,2026-01-30,2026-01-30,U,1,2026,2026H1,4.91265488573605,2.07944154167984,1,0.693147180559945,0.176062836176558,0.177684977885003,1
Q011,Q011,Poppenhusen Playground,Q,2026-01-01,H1,2025-12-10,2025-12-10,22,8,6,N,0,0,0,0,0.333333333333333,0.136363636363636,0.25,1,2026-05-18,2026-05-18,A,0,2026,2026H1,3.13549421592915,2.19722457733622,0,0,0.0969932675913909,0.0966712215037994,0
Q012-ZN01,Q012,Crocheron Park Zone 1,Q,2026-01-01,H1,2025-12-03,2025-12-03,29,8,8,A,0,0,0,0,0,0.0384615384615385,0,0,2026-04-24,2026-04-24,A,0,2026,2026H1,3.40119738166216,2.19722457733622,0,0,0.0713608125745694,0.0711305536281622,0
Q012B,Q012B,John Golden Park,Q,2026-01-01,H1,2025-10-01,2025-10-01,92,8,8,U,1,0,0,0,0.333333333333333,0.269230769230769,0,0,2026-01-30,2026-01-30,A,0,2026,2026H1,4.53259949315326,2.19722457733622,0,0,0.152229947022957,0.151707952578265,0
Q014,Q014,Astoria Heights Playground,Q,2026-01-01,H1,2025-12-01,2025-12-01,31,8,8,A,0,0,1,0,0,0.0384615384615385,0,0,2026-04-21,2026-04-21,A,0,2026,2026H1,3.46573590279973,2.19722457733622,0,0,0.0721032817358191,0.0718698260942568,0
Q015-08,Q015,Dry Harbor Playground,Q,2026-01-01,H1,2025-09-22,2025-09-22,101,7,7,A,0,0,0,0,0,0.0416666666666667,0,0,2026-03-04,2026-03-04,A,0,2026,2026H1,4.62497281328427,2.07944154167984,0,0,0.0867059193021592,0.0864086171089424,0
Q015-ZN04,Q015,Victory Field,Q,2026-01-01,H1,2025-08-26,2025-08-26,128,7,7,A,0,0,0,0,0,0.0416666666666667,0,0,2026-01-22,2026-01-22,A,0,2026,2026H1,4.85981240436167,2.07944154167984,0,0,0.0899732340813992,0.0896614366407614,0
Q020-ZN01,Q020,Highland Park Zone 1,Q,2026-01-01,H1,2025-08-26,2025-08-26,128,7,7,A,0,0,0,0,0,0.0416666666666667,0,0,2026-01-22,2026-01-22,A,0,2026,2026H1,4.85981240436167,2.07944154167984,0,0,0.0899732340813992,0.0896614366407614,0
Q021-ZN02,Q021,Cunningham Park Zone 2,Q,2026-01-01,H1,2025-11-21,2025-11-21,41,8,8,A,0,0,0,0,0,0.0384615384615385,0,0,2026-03-27,2026-03-27,A,0,2026,2026H1,3.73766961828337,2.19722457733622,0,0,0.0753105299467017,0.0750632039985827,0
Q021-ZN03,Q021,Cunningham Park Zone 3,Q,2026-01-01,H1,2025-12-24,2025-12-24,8,8,8,A,0,0,1,0,0,0.0384615384615385,0,0,2026-04-29,2026-04-29,A,0,2026,2026H1,2.19722457733622,2.19722457733622,0,0,0.0587462380099197,0.0585693246568461,0
Q022,Q022,Margaret I. Carman Green - Weeping Beech,Q,2026-01-01,H1,2025-10-02,2025-10-02,91,7,6,A,0,0,0,0,0,0.0454545454545455,0.142857142857143,0,2026-03-03,2026-03-03,A,0,2026,2026H1,4.52178857704904,2.07944154167984,0,0,0.0853045596525945,0.0850134542656253,0
Q023,Q023,Rufus King Park,Q,2026-01-01,H1,2025-10-10,2025-10-10,83,8,8,A,0,0,0,0,0,0.115384615384615,0,0,2026-03-26,2026-03-26,A,0,2026,2026H1,4.43081679884331,2.19722457733622,3,1.38629436111989,0.0840861272043665,0.0862106371737414,3
Q026,Q026,Park Of The Americas,Q,2026-01-01,H1,2025-12-16,2025-12-16,16,8,8,A,0,0,0,0,0,0.0384615384615385,0,0,2026-05-11,2026-05-11,A,0,2026,2026H1,2.83321334405622,2.19722457733622,14,2.70805020110221,0.065125030383026,0.0686946213408563,14
Q031,Q031,Lawrence Virgilio Playground,Q,2026-01-01,H1,2025-08-04,2025-08-04,150,6,6,A,0,0,0,0,0,0.0454545454545455,0,0,2026-02-02,2026-02-02,A,0,2026,2026H1,5.01727983681492,1.94591014905531,1,0.693147180559945,0.0922258101827824,0.0932053612827764,1
Q044,Q044,L/CPL Thomas P. Noonan Jr. Playground,Q,2026-01-01,H1,2025-12-16,2025-12-16,16,8,8,A,0,0,0,0,0,0.0384615384615385,0,0,2026-04-27,2026-04-27,A,0,2026,2026H1,2.83321334405622,2.19722457733622,1,0.693147180559945,0.065125030383026,0.0658683985775183,1
Q052,Q052,Captain Tilly Park,Q,2026-01-01,H1,2025-09-16,2025-09-16,107,7,4,A,0,0,0,0,0.333333333333333,0.166666666666667,0.428571428571429,0,2026-02-13,2026-02-13,A,0,2026,2026H1,4.68213122712422,2.07944154167984,0,0,0.123048728787708,0.122613793006626,0
Q066B,Q066B,Triborough Bridge Playground B,Q,2026-01-01,H1,2025-10-10,2025-10-10,83,8,7,A,0,0,0,0,0,0.0416666666666667,0.125,0,2026-03-16,2026-03-16,A,0,2026,2026H1,4.43081679884331,2.19722457733622,0,0,0.0840861272043665,0.0838003991822229,0
Q082,Q082,Wayanda Park,Q,2026-01-01,H1,2025-08-12,2025-08-12,142,7,7,U,1,1,1,0,0.333333333333333,0.291666666666667,0,0,2026-01-14,2026-01-14,U,1,2026,2026H1,4.96284463025991,2.07944154167984,0,0,0.162073234048262,0.161510567265338,0
Q085,Q085,Gorman Playground,Q,2026-01-01,H1,2025-12-29,2025-12-29,3,8,8,A,0,0,0,0,0,0.0384615384615385,0,0,2026-05-18,2026-05-18,A,0,2026,2026H1,1.38629436111989,2.19722457733622,4,1.6094379124341,0.0514612920484024,0.0530941650106174,4
Q095,Q095,Vito Locascio Field,Q,2026-01-01,H1,2025-11-25,2025-11-25,37,8,8,A,0,0,0,0,0,0.0384615384615385,0,0,2026-03-30,2026-03-30,A,0,2026,2026H1,3.63758615972639,2.19722457733622,0,0,0.0741151610087738,0.0738730160066755,0
Q098,Q098,Frank D. O'Connor Playground,Q,2026-01-01,H1,2025-08-07,2025-08-07,147,7,7,A,0,0,0,0,0,0.0416666666666667,0,0,2026-01-12,2026-01-12,A,0,2026,2026H1,4.99721227376412,2.07944154167984,3,1.38629436111989,0.091935950799408,0.0942273102835773,3
Q099-20,Q099,Albert H. Mauro Playground,Q,2026-01-01,H1,2025-11-03,2025-11-03,59,8,8,U,1,1,1,0,0.333333333333333,0.115384615384615,0,0,2026-03-19,2026-03-19,A,0,2026,2026H1,4.0943445622221,2.19722457733622,0,0,0.142713142817725,0.142230557319199,0
Q099-ZN08,Q099,South Of Fountain Of The Planets,Q,2026-01-01,H1,2025-10-16,2025-10-16,77,8,8,A,0,1,0,0,0,0.115384615384615,0,0,2026-03-19,2026-03-19,A,0,2026,2026H1,4.35670882668959,2.19722457733622,0,0,0.0831052653883729,0.0828238588440296,0
Q099-ZN17,Q099,College Point Blvd Soccer Fields,Q,2026-01-01,H1,2025-10-30,2025-10-30,63,8,4,A,0,0,1,0,0,0.166666666666667,0.5,0,2026-03-31,2026-03-31,A,0,2026,2026H1,4.15888308335967,2.19722457733622,0,0,0.0805377032290322,0.0802675759249518,0
Q099-ZN19,Q099,Ballfields,Q,2026-01-01,H1,2025-09-24,2025-09-24,99,8,8,A,0,0,0,0,0,0.0384615384615385,0,0,2026-02-18,2026-02-18,U,1,2026,2026H1,4.60517018598809,2.19722457733622,0,0,0.0864353711712818,0.0861392663249492,0
Q099-ZN20,Q099,Meadow Lake North,Q,2026-01-01,H1,2025-10-30,2025-10-30,63,8,8,A,0,0,0,0,0,0.0384615384615385,0,0,2026-03-19,2026-03-19,A,0,2026,2026H1,4.15888308335967,2.19722457733622,0,0,0.0805377032290322,0.0802675759249518,0
Q099-ZN25,Q099,Meadow Lake NE,Q,2026-01-01,H1,2025-12-10,2025-12-10,22,8,8,A,0,0,0,0,0,0.0384615384615385,0,0,2026-05-21,2026-05-21,U,1,2026,2026H1,3.13549421592915,2.19722457733622,0,0,0.0683778869832807,0.0681604132078492,0
Q103,Q103,Raymond O’Connor Park,Q,2026-01-01,H1,2025-09-05,2025-09-05,118,7,7,A,0,0,0,0,0,0.125,0,0,2026-01-20,2026-01-20,A,0,2026,2026H1,4.77912349311153,2.07944154167984,0,0,0.0888382876331669,0.0885315325087838,0
Q104,Q104,Queensbridge Park,Q,2026-01-01,H1,2025-10-02,2025-10-02,91,8,7,A,0,1,0,0,0,0.0416666666666667,0.125,0,2026-02-27,2026-02-27,A,0,2026,2026H1,4.52178857704904,2.19722457733622,0,0,0.0853045596525945,0.0850134542656253,0
Q106,Q106,Daniel M. O'Connell Playground,Q,2026-01-01,H1,2025-10-27,2025-10-27,66,7,7,A,0,0,0,0,0.333333333333333,0.125,0,0,2026-03-23,2026-03-23,A,0,2026,2026H1,4.20469261939097,2.07944154167984,0,0,0.114420741829583,0.114023388821749,0
Q119,Q119,Frederick B. Judge Playground,Q,2026-01-01,H1,2025-08-14,2025-08-14,140,7,7,A,0,1,0,0,0,0.0416666666666667,0,0,2026-02-17,2026-02-17,A,0,2026,2026H1,4.94875989037817,2.07944154167984,2,1.09861228866811,0.0912394688408828,0.0929724600665294,2
Q128,Q128,London Planetree Playground,Q,2026-01-01,H1,2025-11-06,2025-11-06,56,7,7,A,0,0,0,0,0,0.125,0,0,2026-03-19,2026-03-19,A,0,2026,2026H1,4.04305126783455,2.07944154167984,0,0,0.0790681253854115,0.0788044313031783,0
Q129,Q129,"Phil """"Scooter"""" Rizzuto Park",Q,2026-01-01,H1,2025-09-22,2025-09-22,101,7,7,A,0,0,0,0,0,0.0416666666666667,0,0,2026-02-17,2026-02-17,A,0,2026,2026H1,4.62497281328427,2.07944154167984,0,0,0.0867059193021592,0.0864086171089424,0
Q134,Q134,Jack Breininger Park,Q,2026-01-01,H1,2025-10-27,2025-10-27,66,7,7,A,0,1,0,0,0,0.0416666666666667,0,0,2026-04-07,2026-04-07,A,0,2026,2026H1,4.20469261939097,2.07944154167984,0,0,0.0811257439838757,0.0808530377693429,0
Q141,Q141,Murray Playground,Q,2026-01-01,H1,2025-10-10,2025-10-10,83,7,7,U,1,0,1,0,0.666666666666667,0.208333333333333,0,0,2026-03-18,2026-03-18,A,0,2026,2026H1,4.43081679884331,2.07944154167984,3,1.38629436111989,0.205215033991568,0.209604040943847,3
Q162H,Q162H,Beach 30th Street Playground,Q,2026-01-01,H1,2025-10-28,2025-10-28,65,8,7,U,1,0,0,0,0.333333333333333,0.125,0.125,0,2026-03-26,2026-03-26,A,0,2026,2026H1,4.18965474202643,2.19722457733622,0,0,0.144739699156697,0.144248718210813,0
Q162J,Q162J,Beach 17 Playground,Q,2026-01-01,H1,2025-08-22,2025-08-22,132,7,7,A,0,0,0,0,0,0.208333333333333,0,0,2026-01-29,2026-01-29,A,0,2026,2026H1,4.89034912822175,2.07944154167984,0,0,0.0904061523101614,0.0900924295759466,0
Q162J01,Q162J01,Beach 9 Playground,Q,2026-01-01,H1,2025-07-09,2025-07-09,176,7,6,A,0,0,1,0,0,0.0454545454545455,0.142857142857143,0,2026-01-05,2026-01-05,A,0,2026,2026H1,5.17614973257383,2.07944154167984,0,0,0.0945496658085082,0.0942174653215504,0
Q163-ZN05B,Q163,Rockaway Beach 05b,Q,2026-01-01,H1,2025-09-11,2025-09-11,112,7,7,A,0,0,0,0,0,0.0416666666666667,0,0,2026-02-20,2026-02-20,A,0,2026,2026H1,4.72738781871234,2.07944154167984,0,0,0.0881174024214752,0.0878138461179342,0
Q163-ZN06B,Q163,Rockaway Beach 06b,Q,2026-01-01,H1,2025-12-10,2025-12-10,22,8,6,A,0,0,0,0,0,0.0454545454545455,0.25,0,2026-05-01,2026-05-01,A,0,2026,2026H1,3.13549421592915,2.19722457733622,0,0,0.0683778869832807,0.0681604132078492,0
Q205A,Q205A,Big Bush Playground,Q,2026-01-01,H1,2025-10-06,2025-10-06,87,7,6,A,0,0,0,0,0,0.0454545454545455,0.142857142857143,0,2026-03-06,2026-03-06,A,0,2026,2026H1,4.47733681447821,2.07944154167984,0,0,0.0847072066331105,0.0844187388237959,0
Q211,Q211,Maple Playground,Q,2026-01-01,H1,2025-11-14,2025-11-14,48,8,5,U,1,0,1,1,0.333333333333333,0.15,0.375,0,2026-04-13,2026-04-13,A,0,2026,2026H1,3.89182029811063,2.19722457733622,1,0.693147180559945,0.138485443541843,0.139874182995911,1
Q212,Q212,Queens Valley Playground,Q,2026-01-01,H1,2025-12-22,2025-12-22,10,8,8,A,0,1,0,0,0,0.0384615384615385,0,0,2026-05-19,2026-05-19,A,0,2026,2026H1,2.39789527279837,2.19722457733622,0,0,0.0606929351613809,0.0605079224492692,0
Q218,Q218,Dutch Kills Playground,Q,2026-01-01,H1,2025-11-17,2025-11-17,45,8,8,A,0,1,0,0,0,0.115384615384615,0,0,2026-05-04,2026-05-04,A,0,2026,2026H1,3.8286413964891,2.19722457733622,0,0,0.0764124101589415,0.0761602970062883,0
Q220G,Q220G,Hoover - Manton Playgrounds,Q,2026-01-01,H1,2025-09-22,2025-09-22,101,7,7,A,0,0,0,0,0,0.0416666666666667,0,0,2026-02-24,2026-02-24,A,0,2026,2026H1,4.62497281328427,2.07944154167984,0,0,0.0867059193021592,0.0864086171089424,0
Q226-01,Q226,Hallets Cove Playground (area A),Q,2026-01-01,H1,2025-11-05,2025-11-05,57,8,8,A,0,0,0,0,0.333333333333333,0.115384615384615,0,0,2026-04-21,2026-04-21,A,0,2026,2026H1,4.06044301054642,2.19722457733622,0,0,0.111919546914019,0.111533061099949,0
Q266,Q266,Westbourne Playground,Q,2026-01-01,H1,2025-11-17,2025-11-17,45,7,7,A,0,0,1,0,0.333333333333333,0.125,0,0,2026-05-04,2026-05-04,A,0,2026,2026H1,3.8286413964891,2.07944154167984,0,0,0.108000360000804,0.107630869016249,0
Q300-04,Q300,Captain Mario Fajardo Park,Q,2026-01-01,H1,2025-09-17,2025-09-17,106,7,7,A,0,0,0,0,0,0.0416666666666667,0,0,2026-02-17,2026-02-17,A,0,2026,2026H1,4.67282883446191,2.07944154167984,0,0,0.0873629059488653,0.0870626942573182,0
Q300-ZN03,Q300,Captain Mario Fajardo Park,Q,2026-01-01,H1,2025-09-17,2025-09-17,106,7,7,A,0,0,0,0,0,0.0416666666666667,0,0,2026-03-25,2026-03-25,U,1,2026,2026H1,4.67282883446191,2.07944154167984,0,0,0.0873629059488653,0.0870626942573182,0
Q302,Q302,Evergreen Park,Q,2026-01-01,H1,2025-09-12,2025-09-12,111,7,6,A,0,1,0,0,0,0.318181818181818,0.142857142857143,0,2026-02-09,2026-02-09,A,0,2026,2026H1,4.71849887129509,2.07944154167984,1,0.693147180559945,0.0879940769839872,0.0889386321115519,1
Q303,Q303,Travers Park,Q,2026-01-01,H1,2025-12-10,2025-12-10,22,8,8,U,1,0,0,0,0.333333333333333,0.192307692307692,0,0,2026-05-18,2026-05-18,A,0,2026,2026H1,3.13549421592915,2.19722457733622,1,0.693147180559945,0.12361868007075,0.124898884830554,1
Q304,Q304,Ehrenreich-Austin Playground,Q,2026-01-01,H1,2025-10-14,2025-10-14,79,8,7,A,0,0,0,0,0,0.0416666666666667,0.125,0,2026-03-25,2026-03-25,A,0,2026,2026H1,4.38202663467388,2.19722457733622,0,0,0.0834391854848584,0.0831563085130164,0
Q307,Q307,Delphin H. Greene Playground,Q,2026-01-01,H1,2025-08-21,2025-08-21,133,7,7,U,1,0,0,0,0.333333333333333,0.291666666666667,0,0,2026-01-22,2026-01-22,A,0,2026,2026H1,4.89783979995091,2.07944154167984,0,0,0.160553772483823,0.159997375303226,0
Q308,Q308,Bowne Playground,Q,2026-01-01,H1,2025-12-05,2025-12-05,27,7,6,A,0,0,0,0,0,0.0454545454545455,0.142857142857143,0,2026-04-13,2026-04-13,A,0,2026,2026H1,3.3322045101752,2.07944154167984,1,0.693147180559945,0.0705749095175721,0.0713681581614493,1
Q314,Q314,Fresh Meadows Playground,Q,2026-01-01,H1,2025-11-20,2025-11-20,42,8,8,A,0,0,0,0,0,0.115384615384615,0,0,2026-04-13,2026-04-13,A,0,2026,2026H1,3.76120011569356,2.19722457733622,0,0,0.0755941317786275,0.0753455747349078,0
Q317,Q317,Tall Oak Playground,Q,2026-01-01,H1,2025-11-05,2025-11-05,57,8,8,A,0,0,0,0,0,0.115384615384615,0,0,2026-03-30,2026-03-30,A,0,2026,2026H1,4.06044301054642,2.19722457733622,0,0,0.0792872029001863,0.0790225508700827,0
Q319,Q319,Annadale Playground,Q,2026-01-01,H1,2025-08-08,2025-08-08,146,7,6,A,0,0,1,0,0,0.0454545454545455,0.142857142857143,0,2026-01-12,2026-01-12,A,0,2026,2026H1,4.99043258677874,2.07944154167984,0,0,0.0918382089979272,0.0915181102095405,0
Q320,Q320,Vleigh Playground,Q,2026-01-01,H1,2025-10-14,2025-10-14,79,7,7,A,0,0,1,0,0,0.125,0,0,2026-03-06,2026-03-06,A,0,2026,2026H1,4.38202663467388,2.07944154167984,0,0,0.0834391854848584,0.0831563085130164,0
Q322,Q322,Bellaire Playground,Q,2026-01-01,H1,2025-08-21,2025-08-21,133,7,6,A,0,0,0,0,0.666666666666667,0.227272727272727,0.142857142857143,0,2026-02-09,2026-02-09,U,1,2026,2026H1,4.89783979995091,2.07944154167984,0,0,0.175691829098611,0.175062785012618,0
Q327,Q327,Castlewood Playground,Q,2026-01-01,H1,2025-12-02,2025-12-02,30,8,7,A,0,0,0,0,0,0.0416666666666667,0.125,0,2026-04-21,2026-04-21,U,1,2026,2026H1,3.43398720448515,2.19722457733622,0,0,0.071737149661795,0.0715052710921093,0
Q329,Q329,Pomonok Playground,Q,2026-01-01,H1,2025-09-22,2025-09-22,101,7,7,A,0,0,0,0,0,0.0416666666666667,0,0,2026-02-06,2026-02-06,A,0,2026,2026H1,4.62497281328427,2.07944154167984,0,0,0.0867059193021592,0.0864086171089424,0
Q330,Q330,Locust Manor Playground,Q,2026-01-01,H1,2025-11-19,2025-11-19,43,8,7,A,0,0,0,0,0.333333333333333,0.375,0.125,0,2026-04-20,2026-04-20,A,0,2026,2026H1,3.78418963391826,2.19722457733622,0,0,0.107262714578452,0.106896417155937,0
Q336,Q336,Judge Moses Weinstein Playground,Q,2026-01-01,H1,2025-11-06,2025-11-06,56,8,7,A,0,0,0,0,0.333333333333333,0.208333333333333,0.125,0,2026-03-23,2026-03-23,A,0,2026,2026H1,4.04305126783455,2.19722457733622,0,0,0.111621234506924,0.111236043764867,0
Q337,Q337,Maurice A FitzGerald Playground,Q,2026-01-01,H1,2025-11-06,2025-11-06,56,8,8,A,0,0,0,0,0.333333333333333,0.192307692307692,0,0,2026-04-16,2026-04-16,U,1,2026,2026H1,4.04305126783455,2.19722457733622,1,0.693147180559945,0.111621234506924,0.112777170176899,1
Q338,Q338,Admiral Playground,Q,2026-01-01,H1,2025-12-02,2025-12-02,30,8,8,A,0,0,0,0,0,0.0384615384615385,0,0,2026-04-27,2026-04-27,A,0,2026,2026H1,3.43398720448515,2.19722457733622,0,0,0.071737149661795,0.0715052710921093,0
Q339,Q339,Cambria Playground,Q,2026-01-01,H1,2025-12-29,2025-12-29,3,8,8,A,0,0,0,0,0.333333333333333,0.115384615384615,0,0,2026-05-18,2026-05-18,A,0,2026,2026H1,1.38629436111989,2.19722457733622,0,0,0.0735562214172473,0.0733329067962819,0
Q340,Q340,Torsney Playground,Q,2026-01-01,H1,2025-10-01,2025-10-01,92,8,8,U,1,0,0,0,0.333333333333333,0.115384615384615,0,0,2026-03-06,2026-03-06,A,0,2026,2026H1,4.53259949315326,2.19722457733622,1,0.693147180559945,0.152229947022957,0.153712822170104,1
Q343,Q343,Whitestone Playground,Q,2026-01-01,H1,2025-09-04,2025-09-04,119,7,7,A,0,0,0,0,0,0.125,0,0,2026-02-05,2026-02-05,U,1,2026,2026H1,4.78749174278205,2.07944154167984,0,0,0.0889553897837548,0.0886481147456565,0
Q344,Q344,Emerald Playground,Q,2026-01-01,H1,2025-11-13,2025-11-13,49,8,8,A,0,0,0,0,0,0.0384615384615385,0,0,2026-04-06,2026-04-06,A,0,2026,2026H1,3.91202300542815,2.19722457733622,0,0,0.0774353248632037,0.0771787580649283,0
Q345,Q345,Redfern Playground,Q,2026-01-01,H1,2025-11-17,2025-11-17,45,8,7,A,0,0,0,0,0.333333333333333,0.208333333333333,0.125,0,2026-04-21,2026-04-21,A,0,2026,2026H1,3.8286413964891,2.19722457733622,0,0,0.108000360000804,0.107630869016249,0
Q346,Q346,Challenge Playground,Q,2026-01-01,H1,2025-12-29,2025-12-29,3,8,5,N,0,0,0,0,0,0.05,0.375,1,2026-05-21,2026-05-21,A,0,2026,2026H1,1.38629436111989,2.19722457733622,0,0,0.0514612920484024,0.0513141657892656,0
Q348,Q348,Willow Lake Playground,Q,2026-01-01,H1,2025-08-21,2025-08-21,133,7,7,A,0,0,1,0,0,0.125,0,0,2026-01-27,2026-01-27,A,0,2026,2026H1,4.89783979995091,2.07944154167984,0,0,0.0905126335035422,0.0901984370608775,0
Q349,Q349,Telephone Playground,Q,2026-01-01,H1,2025-11-19,2025-11-19,43,8,8,A,0,0,0,0,0,0.0384615384615385,0,0,2026-03-27,2026-03-27,U,1,2026,2026H1,3.78418963391826,2.19722457733622,0,0,0.0758721602195181,0.0756223955739108,0
Q351,Q351,Peters Field,Q,2026-01-01,H1,2025-09-10,2025-09-10,113,7,7,A,0,0,0,0,0,0.0416666666666667,0,0,2026-02-02,2026-02-02,A,0,2026,2026H1,4.7361984483945,2.07944154167984,0,0,0.0882397953391087,0.0879356961537184,0
Q354,Q354,Playground Seventy Five,Q,2026-01-01,H1,2025-09-29,2025-09-29,94,7,7,A,0,1,0,0,0,0.0416666666666667,0,0,2026-02-20,2026-02-20,A,0,2026,2026H1,4.55387689160054,2.07944154167984,0,0,0.0857381410126468,0.0854451196911269,0
Q356,Q356,Alley Park,Q,2026-01-01,H1,2025-09-17,2025-09-17,106,7,7,A,0,0,0,0,0,0.125,0,0,2026-02-02,2026-02-02,A,0,2026,2026H1,4.67282883446191,2.07944154167984,0,0,0.0873629059488653,0.0870626942573182,0
Q358,Q358,Detective William T. Gunn Playground,Q,2026-01-01,H1,2025-10-10,2025-10-10,83,8,3,A,0,0,0,0,0,0.0625,0.625,0,2026-03-23,2026-03-23,A,0,2026,2026H1,4.43081679884331,2.19722457733622,0,0,0.0840861272043665,0.0838003991822229,0
Q360J,Q360J,Crowley Playground,Q,2026-01-01,H1,2025-10-06,2025-10-06,87,7,5,A,0,0,0,0,0,0.05,0.285714285714286,0,2026-03-06,2026-03-06,A,0,2026,2026H1,4.47733681447821,2.07944154167984,0,0,0.0847072066331105,0.0844187388237959,0
Q360M,Q360M,Frontera Park,Q,2026-01-01,H1,2025-12-01,2025-12-01,31,7,7,A,0,0,0,0,0,0.0416666666666667,0,0,2026-05-04,2026-05-04,A,0,2026,2026H1,3.46573590279973,2.07944154167984,0,0,0.0721032817358191,0.0718698260942568,0
Q361,Q361,Moore Homestead Playground,Q,2026-01-01,H1,2025-12-08,2025-12-08,24,8,8,A,0,0,0,0,0,0.0384615384615385,0,0,2026-04-21,2026-04-21,U,1,2026,2026H1,3.2188758248682,2.19722457733622,4,1.6094379124341,0.0693013159163204,0.0714297553854864,4
Q362,Q362,Playground Ninety,Q,2026-01-01,H1,2025-08-08,2025-08-08,146,7,6,A,0,0,0,0,0,0.0454545454545455,0.142857142857143,0,2026-01-13,2026-01-13,A,0,2026,2026H1,4.99043258677874,2.07944154167984,0,0,0.0918382089979272,0.0915181102095405,0
Q363,Q363,Northern Playground,Q,2026-01-01,H1,2025-10-06,2025-10-06,87,8,8,U,1,0,1,0,0.666666666666667,0.192307692307692,0,0,2026-03-06,2026-03-06,A,0,2026,2026H1,4.47733681447821,2.19722457733622,1,0.693147180559945,0.206529056949047,0.208369461980673,1
Q364,Q364,Marie Curie Playground,Q,2026-01-01,H1,2025-08-21,2025-08-21,133,7,7,A,0,0,0,0,0,0.0416666666666667,0,0,2026-01-20,2026-01-20,A,0,2026,2026H1,4.89783979995091,2.07944154167984,0,0,0.0905126335035422,0.0901984370608775,0
Q367,Q367,Hammel Playground,Q,2026-01-01,H1,2025-12-29,2025-12-29,3,8,7,A,0,0,0,0,0.333333333333333,0.125,0.125,0,2026-05-04,2026-05-04,A,0,2026,2026H1,1.38629436111989,2.19722457733622,0,0,0.0735562214172473,0.0733329067962819,0
Q369,Q369,Louis Pasteur Park,Q,2026-01-01,H1,2025-11-05,2025-11-05,57,7,7,A,0,0,0,0,0,0.0416666666666667,0,0,2026-03-19,2026-03-19,A,0,2026,2026H1,4.06044301054642,2.07944154167984,0,0,0.0792872029001863,0.0790225508700827,0
Q373,Q373,Helen Marshall Playground,Q,2026-01-01,H1,2025-08-25,2025-08-25,129,7,7,A,0,0,0,0,0.333333333333333,0.125,0,0,2026-01-13,2026-01-13,A,0,2026,2026H1,4.86753445045558,2.07944154167984,3,1.38629436111989,0.12654725102608,0.129551787835741,3
Q378,Q378,Ampere Playground,Q,2026-01-01,H1,2025-12-09,2025-12-09,23,8,8,A,0,1,0,0,0,0.115384615384615,0,0,2026-04-27,2026-04-27,A,0,2026,2026H1,3.17805383034795,2.19722457733622,1,0.693147180559945,0.0688477899260791,0.0696253681596375,1
Q385,Q385,Ditmars Playground,Q,2026-01-01,H1,2025-09-23,2025-09-23,100,7,7,A,0,0,0,0,0,0.0416666666666667,0,0,2026-02-24,2026-02-24,A,0,2026,2026H1,4.61512051684126,2.07944154167984,0,0,0.0865712192513738,0.0862745132492684,0
Q389,Q389,Bayside Playground,Q,2026-01-01,H1,2025-09-09,2025-09-09,114,6,4,A,0,0,0,0,0,0.0555555555555556,0.333333333333333,0,2026-02-13,2026-02-13,A,0,2026,2026H1,4.74493212836325,1.94591014905531,0,0,0.0883612708309694,0.0880566327441852,0
Q391,Q391,Joseph Austin Playground,Q,2026-01-01,H1,2025-09-29,2025-09-29,94,7,7,A,0,0,1,0,0.333333333333333,0.208333333333333,0,0,2026-02-20,2026-02-20,A,0,2026,2026H1,4.55387689160054,2.07944154167984,1,0.693147180559945,0.120677513796091,0.121901835683431,1
Q397,Q397,Auburndale Playground,Q,2026-01-01,H1,2025-09-04,2025-09-04,119,7,6,A,0,0,0,0,0.333333333333333,0.136363636363636,0.142857142857143,0,2026-02-05,2026-02-05,U,1,2026,2026H1,4.78749174278205,2.07944154167984,0,0,0.125026541470308,0.124582975098586,0
Q398,Q398,Rosemary's Playground,Q,2026-01-01,H1,2025-10-30,2025-10-30,63,7,7,A,0,0,1,0,0,0.0416666666666667,0,0,2026-04-20,2026-04-20,A,0,2026,2026H1,4.15888308335967,2.07944154167984,0,0,0.0805377032290322,0.0802675759249518,0
Q399,Q399,Bay Terrace Playground,Q,2026-01-01,H1,2025-08-21,2025-08-21,133,7,7,A,0,1,0,0,0,0.125,0,0,2026-01-16,2026-01-16,A,0,2026,2026H1,4.89783979995091,2.07944154167984,0,0,0.0905126335035422,0.0901984370608775,0
Q405,Q405,Hollis Playground,Q,2026-01-01,H1,2025-10-22,2025-10-22,71,7,5,N,0,0,0,0,0,0.15,0.285714285714286,1,2026-03-09,2026-03-09,A,0,2026,2026H1,4.27666611901606,2.07944154167984,0,0,0.0820575515641909,0.0817807534793773,0
Q406,Q406,Springfield Park North,Q,2026-01-01,H1,2025-09-02,2025-09-02,121,7,7,A,0,1,0,0,0.333333333333333,0.208333333333333,0,0,2026-02-25,2026-02-25,A,0,2026,2026H1,4.80402104473326,2.07944154167984,0,0,0.125339288403589,0.124894356920497,0
Q407,Q407,Lanett Playground,Q,2026-01-01,H1,2025-10-27,2025-10-27,66,7,7,A,0,1,0,0,0,0.125,0,0,2026-03-26,2026-03-26,U,1,2026,2026H1,4.20469261939097,2.07944154167984,0,0,0.0811257439838757,0.0808530377693429,0
Q422,Q422,Seaside Playground,Q,2026-01-01,H1,2025-11-25,2025-11-25,37,7,7,A,0,1,0,0,0,0.0416666666666667,0,0,2026-05-04,2026-05-04,A,0,2026,2026H1,3.63758615972639,2.07944154167984,1,0.693147180559945,0.0741151610087738,0.0749401419704549,1
Q426,Q426,North Rochdale Playground,Q,2026-01-01,H1,2025-10-31,2025-10-31,62,7,6,A,0,0,0,0,0.333333333333333,0.227272727272727,0.142857142857143,0,2026-03-13,2026-03-13,U,1,2026,2026H1,4.14313472639153,2.07944154167984,0,0,0.113347466965174,0.11295477896594,0
Q429,Q429,Spirit Playground,Q,2026-01-01,H1,2025-08-04,2025-08-04,150,7,4,A,0,0,0,0,0,0.0555555555555556,0.428571428571429,0,2026-01-21,2026-01-21,A,0,2026,2026H1,5.01727983681492,2.07944154167984,0,0,0.0922258101827824,0.0919039837591677,0
Q436,Q436,Athens Square,Q,2026-01-01,H1,2025-11-17,2025-11-17,45,8,8,A,0,0,0,0,0,0.0384615384615385,0,0,2026-04-03,2026-04-03,A,0,2026,2026H1,3.8286413964891,2.19722457733622,1,0.693147180559945,0.0764124101589415,0.0772577074176302,1
Q448-ZN02A,Q448,Roy Wilkins Rec Center Zone 2A,Q,2026-01-01,H1,2025-12-17,2025-12-17,15,8,8,A,0,0,0,0,0,0.0384615384615385,0,0,2026-05-28,2026-05-28,A,0,2026,2026H1,2.77258872223978,2.19722457733622,0,0,0.0644902123384544,0.0642892518534181,0
Q450,Q450,Corona Golf Playground,Q,2026-01-01,H1,2025-10-06,2025-10-06,87,7,7,A,0,0,0,0,0,0.0416666666666667,0,0,2026-03-06,2026-03-06,A,0,2026,2026H1,4.47733681447821,2.07944154167984,0,0,0.0847072066331105,0.0844187388237959,0
Q492,Q492,Elmhurst Park,Q,2026-01-01,H1,2025-08-25,2025-08-25,129,7,7,A,0,0,0,0,0,0.0416666666666667,0,0,2026-01-20,2026-01-20,A,0,2026,2026H1,4.86753445045558,2.07944154167984,0,0,0.0900825325038743,0.0897702490856487,0
R006-ZN02,R006,Conference House Park Zone 2,R,2026-01-01,H1,2025-10-28,2025-10-28,65,8,8,A,0,0,0,0,0,0.0384615384615385,0,0,2026-03-12,2026-03-12,A,0,2026,2026H1,4.18965474202643,2.19722457733622,0,0,0.0681365402787475,0.06806956185399,0
R015,R015,Walker Park,R,2026-01-01,H1,2025-12-22,2025-12-22,10,9,9,A,0,0,0,0,0,0.0357142857142857,0,0,2026-04-30,2026-04-30,A,0,2026,2026H1,2.39789527279837,2.30258509299405,0,0,0.0509198358114746,0.0508886824982195,0
R025,R025,Mahoney Playground,R,2026-01-01,H1,2025-07-31,2025-07-31,154,8,8,A,0,0,1,0,0,0.0384615384615385,0,0,2026-01-09,2026-01-09,A,0,2026,2026H1,5.04342511691925,2.19722457733622,0,0,0.0781203564973212,0.0780303114943578,0
R026,R026,Gerard P. Dugan Playground,R,2026-01-01,H1,2025-11-06,2025-11-06,56,8,8,A,0,0,0,0,0,0.0384615384615385,0,0,2026-04-16,2026-04-16,A,0,2026,2026H1,4.04305126783455,2.19722457733622,0,0,0.0665457781379979,0.0664823365605768,0
R033,R033,Levy Playground,R,2026-01-01,H1,2025-10-06,2025-10-06,87,8,8,A,0,0,0,0,0.333333333333333,0.269230769230769,0,0,2026-02-19,2026-02-19,A,0,2026,2026H1,4.47733681447821,2.19722457733622,0,0,0.101089287158767,0.100963526776903,0
R034,R034,Austin J. McDonald Playground,R,2026-01-01,H1,2025-12-16,2025-12-16,16,8,8,A,0,0,0,0,0,0.0384615384615385,0,0,2026-04-23,2026-04-23,A,0,2026,2026H1,2.83321334405622,2.19722457733622,0,0,0.0546797968416647,0.0546413231106032,0
R035,R035,De Matti Park,R,2026-01-01,H1,2025-11-06,2025-11-06,56,8,8,A,0,0,0,0,0,0.0384615384615385,0,0,2026-03-16,2026-03-16,A,0,2026,2026H1,4.04305126783455,2.19722457733622,0,0,0.0665457781379979,0.0664823365605768,0
R045-01,R045,Schmul Park,R,2026-01-01,H1,2025-10-14,2025-10-14,79,7,4,N,1,0,0,0,0.333333333333333,0.166666666666667,0.428571428571429,1,2026-03-23,2026-03-23,A,0,2026,2026H1,4.38202663467388,2.07944154167984,0,0,0.126843829638244,0.126687660057933,0
R046-06,R046,Midland Playground,R,2026-01-01,H1,2025-11-14,2025-11-14,48,8,6,A,0,0,0,0,0,0.0454545454545455,0.25,0,2026-04-14,2026-04-14,A,0,2026,2026H1,3.89182029811063,2.19722457733622,0,0,0.0649409989794149,0.0648810832733695,0
R046-ZN03,R046,South Beach Zone 3,R,2026-01-01,H1,2025-09-12,2025-09-12,111,8,8,A,0,0,0,0,0,0.0384615384615385,0,0,2026-02-12,2026-02-12,A,0,2026,2026H1,4.71849887129509,2.19722457733622,0,0,0.0741719444345599,0.0740911919520593,0
R061,R061,Rev. Dr. Maggie Howard Playground,R,2026-01-01,H1,2025-12-01,2025-12-01,31,8,8,A,0,0,0,0,0,0.0384615384615385,0,0,2026-03-30,2026-03-30,A,0,2026,2026H1,3.46573590279973,2.19722457733622,0,0,0.0606113880675367,0.0605607622965046,0
R062,R062,Arrochar Playground,R,2026-01-01,H1,2025-10-06,2025-10-06,87,7,7,A,0,0,0,0,0,0.0416666666666667,0,0,2026-03-05,2026-03-05,A,0,2026,2026H1,4.47733681447821,2.07944154167984,0,0,0.0713609778416139,0.0712867082389615,0
R063,R063,Old Town Playground,R,2026-01-01,H1,2025-10-15,2025-10-15,78,8,8,A,0,0,0,0,0,0.0384615384615385,0,0,2026-03-05,2026-03-05,A,0,2026,2026H1,4.36944785246702,2.19722457733622,0,0,0.0701355366371279,0.0700640568223336,0
R064,R064,Christopher J. Igneri Playground,R,2026-01-01,H1,2025-10-14,2025-10-14,79,8,8,A,0,0,0,0,0,0.0384615384615385,0,0,2026-03-05,2026-03-05,A,0,2026,2026H1,4.38202663467388,2.19722457733622,0,0,0.0702774027090176,0.0702056010898712,0
R065-ZN08,R065,Willowbrook Park Recreational Area,R,2026-01-01,H1,2025-12-03,2025-12-03,29,8,7,A,0,0,0,0,0.333333333333333,0.125,0.125,0,2026-04-02,2026-04-02,A,0,2026,2026H1,3.40119738166216,2.19722457733622,0,0,0.085402583912507,0.085313726144986,0
R067,R067,Gen. Douglas MacArthur Park,R,2026-01-01,H1,2025-10-06,2025-10-06,87,8,8,A,0,0,0,0,0,0.0384615384615385,0,0,2026-02-12,2026-02-12,A,0,2026,2026H1,4.47733681447821,2.19722457733622,0,0,0.0713609778416139,0.0712867082389615,0
R068,R068,The Big Park,R,2026-01-01,H1,2025-09-19,2025-09-19,104,8,8,A,0,0,0,0,0,0.0384615384615385,0,0,2026-03-05,2026-03-05,U,1,2026,2026H1,4.65396035015752,2.19722457733622,0,0,0.0734098588953337,0.0733308752435909,0
R069,R069,Terrace Playground,R,2026-01-01,H1,2025-09-17,2025-09-17,106,8,8,A,0,0,0,0,0,0.0384615384615385,0,0,2026-02-09,2026-02-09,A,0,2026,2026H1,4.67282883446191,2.19722457733622,0,0,0.0736319133568551,0.0735524151585977,0
R076,R076,Markham Playground,R,2026-01-01,H1,2025-08-18,2025-08-18,136,7,7,A,0,0,0,0,0,0.0416666666666667,0,0,2026-01-20,2026-01-20,A,0,2026,2026H1,4.91998092582813,2.07944154167984,0,0,0.0765981309731111,0.0765116934063523,0
R085,R085,E.M.T. Christopher J. Prescott Playground,R,2026-01-01,H1,2025-08-15,2025-08-15,139,7,7,A,0,0,0,0,0,0.0416666666666667,0,0,2026-01-15,2026-01-15,A,0,2026,2026H1,4.9416424226093,2.07944154167984,0,0,0.0768632629017712,0.0767761992216489,0
R087,R087,Dongan Playground,R,2026-01-01,H1,2025-10-14,2025-10-14,79,6,3,A,0,0,0,0,0,0.0625,0.5,0,2026-03-16,2026-03-16,A,0,2026,2026H1,4.38202663467388,1.94591014905531,0,0,0.0702774027090176,0.0702056010898712,0
R090,R090,Lieutenant John H. Martinson Playground,R,2026-01-01,H1,2025-09-24,2025-09-24,99,7,5,A,0,0,0,0,0,0.05,0.285714285714286,0,2026-02-04,2026-02-04,A,0,2026,2026H1,4.60517018598809,2.07944154167984,0,0,0.0728385259227631,0.072760862924304,0
X002-07,X002,River Park,X,2026-01-01,H1,2025-10-31,2025-10-31,62,8,8,A,0,0,0,0,0,0.0384615384615385,0,0,2026-04-06,2026-04-06,A,0,2026,2026H1,4.14313472639153,2.19722457733622,0,0,0.0786523993803822,0.0783541122245193,0
X002-14,X002,Rosewood Playground,X,2026-01-01,H1,2025-11-19,2025-11-19,43,7,7,A,0,1,0,0,0.666666666666667,0.291666666666667,0,0,2026-04-29,2026-04-29,U,1,2026,2026H1,3.78418963391826,2.07944154167984,0,0,0.146635527013227,0.146064835486909,0
X002-ZN04,X002,Allerton Fields In Bronx Park,X,2026-01-01,H1,2025-12-09,2025-12-09,23,7,7,A,0,0,0,0,0,0.0416666666666667,0,0,2026-04-21,2026-04-21,A,0,2026,2026H1,3.17805383034795,2.07944154167984,0,0,0.0673869260261178,0.0671420986501136,0
X004-01,X004,227th Street Playground,X,2026-01-01,H1,2025-08-07,2025-08-07,147,7,6,A,0,0,0,0,0,0.136363636363636,0.142857142857143,0,2026-01-09,2026-01-09,A,0,2026,2026H1,4.99721227376412,2.07944154167984,0,0,0.090032553353724,0.0896793320089944,0
X004-03,X004,Parque De Los Ninos,X,2026-01-01,H1,2025-09-23,2025-09-23,100,7,7,A,0,0,0,0,0,0.125,0,0,2026-03-23,2026-03-23,A,0,2026,2026H1,4.61512051684126,2.07944154167984,1,0.693147180559945,0.084768522248149,0.085646469515738,1
X008-ZN01,X008,Claremont Zone 1,X,2026-01-01,H1,2025-10-21,2025-10-21,72,8,7,N,1,0,0,0,0.333333333333333,0.208333333333333,0.125,1,2026-04-14,2026-04-14,U,1,2026,2026H1,4.29045944114839,2.19722457733622,0,0,0.144048050304163,0.14349796867376,0
X010-ZN03,X010,Crotona Tennis House & Courts,X,2026-01-01,H1,2025-10-31,2025-10-31,62,8,8,A,0,0,0,0,0,0.0384615384615385,0,0,2026-02-26,2026-02-26,A,0,2026,2026H1,4.14313472639153,2.19722457733622,0,0,0.0786523993803822,0.0783541122245193,0
X013-01,X013,University Avenue Playground,X,2026-01-01,H1,2025-10-27,2025-10-27,66,7,7,U,1,1,0,1,0.333333333333333,0.125,0,0,2026-03-13,2026-03-13,A,0,2026,2026H1,4.20469261939097,2.07944154167984,0,0,0.142230611010606,0.14168871070888,0
X020,X020,Fort Independence Playground,X,2026-01-01,H1,2025-10-27,2025-10-27,66,7,7,A,0,1,0,0,0,0.0416666666666667,0,0,2026-04-14,2026-04-14,U,1,2026,2026H1,4.20469261939097,2.07944154167984,0,0,0.0794265796706269,0.0791245808936789,0
X021,X021,Drew Playground,X,2026-01-01,H1,2025-11-24,2025-11-24,38,8,8,U,1,1,1,0,0.333333333333333,0.115384615384615,0,0,2026-04-20,2026-04-20,A,0,2026,2026H1,3.66356164612965,2.19722457733622,0,0,0.131201323079045,0.130709129063639,0
X030-ZN02,X030,Macombs Dam Park Zone 2 Lower,X,2026-01-01,H1,2025-12-12,2025-12-12,20,8,8,U,1,0,0,0,0.333333333333333,0.115384615384615,0,0,2026-04-23,2026-04-23,U,1,2026,2026H1,3.04452243772342,2.19722457733622,1,0.693147180559945,0.119483344037425,0.12067857412735,1
X034-ZN01,X034,Foster Park Zone 1,X,2026-01-01,H1,2025-12-18,2025-12-18,14,8,8,A,0,1,0,0,0,0.0384615384615385,0,0,2026-04-14,2026-04-14,A,0,2026,2026H1,2.70805020110221,2.19722457733622,0,0,0.0624593939900843,0.0622375594323501,0
X044,X044,St. James Park,X,2026-01-01,H1,2025-12-03,2025-12-03,29,8,7,N,0,0,0,0,0,0.0416666666666667,0.125,1,2026-04-24,2026-04-24,A,0,2026,2026H1,3.40119738166216,2.19722457733622,0,0,0.0698506255337817,0.0695942044859591,0
X045-03,X045,St Mary's Playground West,X,2026-01-01,H1,2025-09-29,2025-09-29,94,7,7,A,0,0,1,0,0,0.125,0,0,2026-02-26,2026-02-26,A,0,2026,2026H1,4.55387689160054,2.07944154167984,0,0,0.0839511970704436,0.0836274261184781,0
X047-ZN01,X047,Franz Sigel Park Zone 1,X,2026-01-01,H1,2025-10-28,2025-10-28,65,9,7,U,1,0,0,0,0.333333333333333,0.125,0.222222222222222,0,2026-04-14,2026-04-14,A,0,2026,2026H1,4.18965474202643,2.30258509299405,0,0,0.141913929405304,0.141373455050576,0
X080,X080,Henry Hudson Park,X,2026-01-01,H1,2025-09-12,2025-09-12,111,7,7,A,0,0,0,0,0,0.125,0,0,2026-02-12,2026-02-12,A,0,2026,2026H1,4.71849887129509,2.07944154167984,1,0.693147180559945,0.0861645463006421,0.0870536943818238,1
X085,X085,Slattery Playground,X,2026-01-01,H1,2025-11-24,2025-11-24,38,8,8,U,1,1,1,0,0.333333333333333,0.192307692307692,0,0,2026-04-22,2026-04-22,A,0,2026,2026H1,3.66356164612965,2.19722457733622,1,0.693147180559945,0.131201323079045,0.132479831243874,1
X092-05,X092,Van Cortlandt Classic Plgd,X,2026-01-01,H1,2025-12-03,2025-12-03,29,8,8,A,0,1,0,0,0,0.0384615384615385,0,0,2026-04-10,2026-04-10,A,0,2026,2026H1,3.40119738166216,2.19722457733622,0,0,0.0698506255337817,0.0695942044859591,0
X092-26,X092,Sachkerah Woods Playground,X,2026-01-01,H1,2025-11-18,2025-11-18,44,7,7,A,0,0,0,0,0,0.125,0,0,2026-04-10,2026-04-10,A,0,2026,2026H1,3.80666248977032,2.07944154167984,0,0,0.074541543854932,0.0742628903794844,0
X092-ZN02,X092,Van Cortlandt Stadium,X,2026-01-01,H1,2025-10-07,2025-10-07,86,8,4,A,0,0,0,0,0,0.0555555555555556,0.5,0,2026-03-05,2026-03-05,U,1,2026,2026H1,4.46590811865458,2.19722457733622,1,0.693147180559945,0.0827897361617815,0.083651682894452,1
X092-ZN03,X092,Van Cortlandt Pool,X,2026-01-01,H1,2025-09-03,2025-09-03,120,8,8,A,0,1,0,0,0.333333333333333,0.115384615384615,0,0,2026-01-21,2026-01-21,A,0,2026,2026H1,4.79579054559674,2.19722457733622,0,0,0.122684738109287,0.122197309560741,0
X092-ZN07,X092,Stables Area,X,2026-01-01,H1,2025-10-21,2025-10-21,72,8,8,A,0,0,0,0,0,0.0384615384615385,0,0,2026-03-18,2026-03-18,A,0,2026,2026H1,4.29045944114839,2.19722457733622,0,0,0.0805168321840763,0.0802095993929174,0
X092-ZN11,X092,Indian Memorial To Indian Field,X,2026-01-01,H1,2025-12-03,2025-12-03,29,9,9,A,0,0,0,0,0,0.0357142857142857,0,0,2026-04-02,2026-04-02,U,1,2026,2026H1,3.40119738166216,2.30258509299405,0,0,0.0698506255337817,0.0695942044859591,0
X102,X102,Ciccarone Park,X,2026-01-01,H1,2025-12-01,2025-12-01,31,8,8,A,0,1,0,0,0.333333333333333,0.115384615384615,0,0,2026-04-16,2026-04-16,A,0,2026,2026H1,3.46573590279973,2.19722457733622,0,0,0.100016048872564,0.0996357930930086,0
X108,X108,Belmont Playground,X,2026-01-01,H1,2025-10-30,2025-10-30,63,7,6,N,1,0,0,0,0.333333333333333,0.136363636363636,0.142857142857143,1,2026-04-07,2026-04-07,A,0,2026,2026H1,4.15888308335967,2.07944154167984,0,0,0.141267745435773,0.140730181031012,0
X112,X112,Hilton White Playground,X,2026-01-01,H1,2025-08-18,2025-08-18,136,7,7,A,0,0,0,0,0,0.0416666666666667,0,0,2026-01-05,2026-01-05,U,1,2026,2026H1,4.91998092582813,2.07944154167984,0,0,0.0889453275131584,0.08859738522331,0
X113,X113,Hunts Point Playground,X,2026-01-01,H1,2025-08-25,2025-08-25,129,7,6,A,0,0,0,0,0,0.0454545454545455,0.142857142857143,0,2026-01-12,2026-01-12,A,0,2026,2026H1,4.86753445045558,2.07944154167984,0,0,0.0882137796634815,0.0878693862104898,0
X116,X116,Rev J Polite Playground,X,2026-01-01,H1,2025-11-24,2025-11-24,38,8,7,A,0,0,0,0,0,0.0416666666666667,0.125,0,2026-04-07,2026-04-07,A,0,2026,2026H1,3.66356164612965,2.19722457733622,1,0.693147180559945,0.0728537960773484,0.0736331389953276,1
X118-02,X118,Soundview Metcalf Playground,X,2026-01-01,H1,2025-10-07,2025-10-07,86,7,7,A,0,0,0,0,0,0.0416666666666667,0,0,2026-02-13,2026-02-13,A,0,2026,2026H1,4.46590811865458,2.07944154167984,0,0,0.0827897361617815,0.0824715664800633,0
X118-ZN04,X118,Soundview Park Zone 4,X,2026-01-01,H1,2025-12-17,2025-12-17,15,8,8,A,0,0,0,0,0,0.0384615384615385,0,0,2026-05-21,2026-05-21,U,1,2026,2026H1,2.77258872223978,2.19722457733622,0,0,0.0631155434782428,0.0628906633205956,0
X121,X121,Bufano Park,X,2026-01-01,H1,2025-08-01,2025-08-01,153,7,7,A,0,0,0,0,0,0.0416666666666667,0,0,2026-01-13,2026-01-13,A,0,2026,2026H1,5.03695260241363,2.07944154167984,0,0,0.0905966529621537,0.0902406904398671,0
X122,X122,Colucci Playground,X,2026-01-01,H1,2025-10-14,2025-10-14,79,7,7,A,0,0,0,0,0,0.0416666666666667,0,0,2026-03-24,2026-03-24,A,0,2026,2026H1,4.38202663467388,2.07944154167984,0,0,0.0816958745851237,0.0813829725588873,0
X123,X123,Noble Playground,X,2026-01-01,H1,2025-10-16,2025-10-16,77,7,5,A,0,0,0,0,0,0.05,0.285714285714286,0,2026-03-09,2026-03-09,A,0,2026,2026H1,4.35670882668959,2.07944154167984,0,0,0.0813683117877846,0.0810569857072213,0
X124,X124,Watson Gleason Playground,X,2026-01-01,H1,2025-12-05,2025-12-05,27,8,8,A,0,0,1,0,0,0.0384615384615385,0,0,2026-04-13,2026-04-13,A,0,2026,2026H1,3.3322045101752,2.19722457733622,0,0,0.0690801170853861,0.0688273284009851,0
X126-ZN04,X126,Ferry Point Park Zone 4,X,2026-01-01,H1,2025-11-21,2025-11-21,41,8,8,U,1,0,0,0,0.333333333333333,0.115384615384615,0,0,2026-03-26,2026-03-26,A,0,2026,2026H1,3.73766961828337,2.19722457733622,0,0,0.132667709331714,0.132168903510865,0
X146,X146,Flynn Playground,X,2026-01-01,H1,2025-12-22,2025-12-22,10,8,7,A,0,1,0,0,0,0.125,0.125,0,2026-05-11,2026-05-11,A,0,2026,2026H1,2.39789527279837,2.19722457733622,1,0.693147180559945,0.0593940698823073,0.0600551209558523,1
X148L,X148L,Virginia Playground,X,2026-01-01,H1,2025-11-05,2025-11-05,57,8,8,A,0,0,0,0,0,0.0384615384615385,0,0,2026-03-23,2026-03-23,A,0,2026,2026H1,4.06044301054642,2.19722457733622,0,0,0.0776232934891637,0.0773299334647267,0
X148M1,X148M1,Havemeyer Playground,X,2026-01-01,H1,2025-10-28,2025-10-28,65,8,5,A,0,0,0,0,0,0.05,0.375,0,2026-03-23,2026-03-23,U,1,2026,2026H1,4.18965474202643,2.19722457733622,0,0,0.0792368161553078,0.0789357275449318,0
X151,X151,P.O. Serrano Playground,X,2026-01-01,H1,2025-11-19,2025-11-19,43,8,7,A,0,1,0,0,0,0.0416666666666667,0.125,0,2026-04-20,2026-04-20,A,0,2026,2026H1,3.78418963391826,2.19722457733622,0,0,0.0742741369429831,0.0739967559912309,0
X152,X152,Vinmont Veteran Park,X,2026-01-01,H1,2025-10-27,2025-10-27,66,8,8,A,0,0,0,0,0,0.115384615384615,0,0,2026-03-16,2026-03-16,A,0,2026,2026H1,4.20469261939097,2.19722457733622,1,0.693147180559945,0.0794265796706269,0.0802609935160875,1
X157,X157,Mazzei Playground,X,2026-01-01,H1,2025-11-05,2025-11-05,57,7,7,A,0,0,0,0,0,0.0416666666666667,0,0,2026-04-01,2026-04-01,A,0,2026,2026H1,4.06044301054642,2.07944154167984,0,0,0.0776232934891637,0.0773299334647267,0
X159,X159,Captain William Harry Thompson Playground,X,2026-01-01,H1,2025-11-05,2025-11-05,57,8,8,A,0,0,0,0,0,0.0384615384615385,0,0,2026-04-01,2026-04-01,A,0,2026,2026H1,4.06044301054642,2.19722457733622,0,0,0.0776232934891637,0.0773299334647267,0
X160,X160,Caserta Playground,X,2026-01-01,H1,2025-09-08,2025-09-08,115,7,7,A,0,0,0,0,0,0.0416666666666667,0,0,2026-01-28,2026-01-28,A,0,2026,2026H1,4.75359019110636,2.07944154167984,1,0.693147180559945,0.0866431349875308,0.08753610642973,1
X163,X163,Loreto Playground,X,2026-01-01,H1,2025-09-08,2025-09-08,115,7,7,A,0,0,0,0,0,0.0416666666666667,0,0,2026-02-13,2026-02-13,A,0,2026,2026H1,4.75359019110636,2.07944154167984,0,0,0.0866431349875308,0.0863063517942813,0
X168,X168,Nelson Playground,X,2026-01-01,H1,2025-07-28,2025-07-28,157,7,7,U,1,0,0,0,0.666666666666667,0.208333333333333,0,0,2026-01-12,2026-01-12,U,1,2026,2026H1,5.06259503302697,2.07944154167984,0,0,0.21962147243718,0.218781311940795,0
X172,X172,Allerton Playground,X,2026-01-01,H1,2025-10-07,2025-10-07,86,7,7,A,0,0,0,0,0,0.0416666666666667,0,0,2026-03-02,2026-03-02,A,0,2026,2026H1,4.46590811865458,2.07944154167984,0,0,0.0827897361617815,0.0824715664800633,0
X174,X174,Webster Playground,X,2026-01-01,H1,2025-12-01,2025-12-01,31,8,8,A,0,0,0,0,0,0.0384615384615385,0,0,2026-04-24,2026-04-24,A,0,2026,2026H1,3.46573590279973,2.19722457733622,0,0,0.0705785762423896,0.0703187182030173,0
X175,X175,Riverbend Playground,X,2026-01-01,H1,2025-10-07,2025-10-07,86,7,7,A,0,0,0,0,0,0.0416666666666667,0,0,2026-03-04,2026-03-04,U,1,2026,2026H1,4.46590811865458,2.07944154167984,0,0,0.0827897361617815,0.0824715664800633,0
X176,X176,Taylor Playground,X,2026-01-01,H1,2025-12-02,2025-12-02,30,8,8,A,0,0,0,0,0,0.0384615384615385,0,0,2026-05-19,2026-05-19,A,0,2026,2026H1,3.43398720448515,2.19722457733622,1,0.693147180559945,0.0702196005401341,0.0709763900114872,1
X177,X177,Castle Hill Playground,X,2026-01-01,H1,2025-07-17,2025-07-17,168,7,7,A,0,0,0,0,0,0.0416666666666667,0,0,2026-01-14,2026-01-14,A,0,2026,2026H1,5.12989871492307,2.07944154167984,0,0,0.0919284303522675,0.0915659905557471,0
X178,X178,Matthews Muliner Playground,X,2026-01-01,H1,2025-11-18,2025-11-18,44,8,8,U,1,0,0,0,0.666666666666667,0.192307692307692,0,0,2026-04-01,2026-04-01,A,0,2026,2026H1,3.80666248977032,2.19722457733622,0,0,0.18469369613425,0.183998857007619,0
X179,X179,Al Quiñones Playground,X,2026-01-01,H1,2025-09-05,2025-09-05,118,7,7,A,0,0,0,0,0,0.0416666666666667,0,0,2026-02-17,2026-02-17,A,0,2026,2026H1,4.77912349311153,2.07944154167984,1,0.693147180559945,0.0869928787874072,0.0878886389565463,1
X182,X182,Millbrook Playground,X,2026-01-01,H1,2025-09-29,2025-09-29,94,7,7,A,0,0,0,0,0,0.0416666666666667,0,0,2026-02-27,2026-02-27,U,1,2026,2026H1,4.55387689160054,2.07944154167984,0,0,0.0839511970704436,0.0836274261184781,0
X188,X188,Wakefield Playground,X,2026-01-01,H1,2025-08-06,2025-08-06,148,7,7,A,0,0,0,0,0,0.0416666666666667,0,0,2026-01-13,2026-01-13,A,0,2026,2026H1,5.00394630594546,2.07944154167984,1,0.693147180559945,0.0901279172945772,0.0910484761938086,1
X190,X190,Tiffany Playground,X,2026-01-01,H1,2025-09-17,2025-09-17,106,7,7,A,0,0,0,0,0,0.0416666666666667,0,0,2026-02-17,2026-02-17,U,1,2026,2026H1,4.67282883446191,2.07944154167984,0,0,0.0855452673460805,0.0852137959044977,0
X193,X193,Stars & Stripes Playground,X,2026-01-01,H1,2025-10-14,2025-10-14,79,8,7,A,0,0,1,0,0,0.125,0.125,0,2026-03-24,2026-03-24,A,0,2026,2026H1,4.38202663467388,2.19722457733622,0,0,0.0816958745851237,0.0813829725588873,0
X194,X194,Captain Rivera Playground,X,2026-01-01,H1,2025-07-28,2025-07-28,157,7,7,A,0,0,0,0,0,0.125,0,0,2026-01-21,2026-01-21,A,0,2026,2026H1,5.06259503302697,2.07944154167984,0,0,0.0909623252438205,0.0906045850069257,0
X200,X200,Clark Playground,X,2026-01-01,H1,2025-12-09,2025-12-09,23,8,7,N,0,0,0,0,0,0.208333333333333,0.125,1,2026-04-21,2026-04-21,A,0,2026,2026H1,3.17805383034795,2.19722457733622,0,0,0.0673869260261178,0.0671420986501136,0
X201-01,X201,Seton Park Playground,X,2026-01-01,H1,2025-12-17,2025-12-17,15,8,4,A,0,0,0,0,0,0.0555555555555556,0.5,0,2026-05-20,2026-05-20,A,0,2026,2026H1,2.77258872223978,2.19722457733622,0,0,0.0631155434782428,0.0628906633205956,0
X202,X202,Marble Hill Playground,X,2026-01-01,H1,2025-10-03,2025-10-03,90,7,7,A,0,0,0,0,0,0.0416666666666667,0,0,2026-03-06,2026-03-06,A,0,2026,2026H1,4.51085950651685,2.07944154167984,1,0.693147180559945,0.0833813962071597,0.0842481424503728,1
X203,X203,Randall Playground,X,2026-01-01,H1,2025-11-05,2025-11-05,57,8,8,A,0,0,0,0,0,0.0384615384615385,0,0,2026-04-01,2026-04-01,A,0,2026,2026H1,4.06044301054642,2.19722457733622,0,0,0.0776232934891637,0.0773299334647267,0
X204,X204,Story Playground,X,2026-01-01,H1,2025-10-16,2025-10-16,77,7,5,A,0,0,0,0,0,0.05,0.285714285714286,0,2026-03-09,2026-03-09,A,0,2026,2026H1,4.35670882668959,2.07944154167984,0,0,0.0813683117877846,0.0810569857072213,0
X214,X214,Magenta Playground,X,2026-01-01,H1,2025-09-23,2025-09-23,100,7,5,A,0,0,0,0,0.333333333333333,0.15,0.285714285714286,0,2026-02-13,2026-02-13,U,1,2026,2026H1,4.61512051684126,2.07944154167984,7,2.07944154167984,0.119364350858822,0.12384921116067,7
X216,X216,Abigail Playground,X,2026-01-01,H1,2025-08-25,2025-08-25,129,7,7,A,0,0,1,0,0,0.125,0,0,2026-02-02,2026-02-02,A,0,2026,2026H1,4.86753445045558,2.07944154167984,0,0,0.0882137796634815,0.0878693862104898,0
X217,X217,Willis Playground,X,2026-01-01,H1,2025-12-22,2025-12-22,10,8,8,A,0,0,0,0,0.333333333333333,0.192307692307692,0,0,2026-05-11,2026-05-11,U,1,2026,2026H1,2.39789527279837,2.19722457733622,0,0,0.0845911973157462,0.0842829767160711,0
X219,X219,Arcilla Playground,X,2026-01-01,H1,2025-10-17,2025-10-17,76,7,6,A,0,0,0,0,0.333333333333333,0.136363636363636,0.142857142857143,0,2026-03-25,2026-03-25,A,0,2026,2026H1,4.34380542185368,2.07944154167984,0,0,0.114524159703393,0.114075403585238,0
X221,X221,Space Time Playground,X,2026-01-01,H1,2025-11-05,2025-11-05,57,7,7,A,0,0,0,0,0,0.208333333333333,0,0,2026-04-20,2026-04-20,A,0,2026,2026H1,4.06044301054642,2.07944154167984,0,0,0.0776232934891637,0.0773299334647267,0
X222,X222,Gouverneur Playground,X,2026-01-01,H1,2025-09-05,2025-09-05,118,7,7,A,0,0,0,0,0,0.0416666666666667,0,0,2026-02-05,2026-02-05,A,0,2026,2026H1,4.77912349311153,2.07944154167984,0,0,0.0869928787874072,0.0866544020861391,0
X232,X232,Burns Playground,X,2026-01-01,H1,2025-10-07,2025-10-07,86,7,7,A,0,1,0,0,0,0.0416666666666667,0,0,2026-03-02,2026-03-02,A,0,2026,2026H1,4.46590811865458,2.07944154167984,0,0,0.0827897361617815,0.0824715664800633,0
X235,X235,Grove Hill Playground,X,2026-01-01,H1,2025-12-09,2025-12-09,23,8,8,A,0,0,0,0,0,0.115384615384615,0,0,2026-04-27,2026-04-27,A,0,2026,2026H1,3.17805383034795,2.19722457733622,1,0.693147180559945,0.0673869260261178,0.0681191453492903,1
X255,X255,Bill Rainey Park,X,2026-01-01,H1,2025-12-05,2025-12-05,27,8,7,A,0,0,0,0,0,0.0416666666666667,0.125,0,2026-04-23,2026-04-23,A,0,2026,2026H1,3.3322045101752,2.19722457733622,1,0.693147180559945,0.0690801170853861,0.069827062793732,1
X266,X266,Vidalia Park,X,2026-01-01,H1,2025-08-11,2025-08-11,143,7,5,A,0,0,0,0,0.333333333333333,0.25,0.285714285714286,0,2026-01-05,2026-01-05,A,0,2026,2026H1,4.969813299576,2.07944154167984,0,0,0.12595777296573,0.125454825418709,0
X307,X307,Barretto Point Park,X,2026-01-01,H1,2025-10-20,2025-10-20,73,7,7,U,1,0,0,0,0.333333333333333,0.125,0,0,2026-03-16,2026-03-16,A,0,2026,2026H1,4.30406509320417,2.07944154167984,0,0,0.144338129043615,0.143786741971685,0
X344,X344,Mill Pond Park,X,2026-01-01,H1,2025-09-16,2025-09-16,107,8,8,A,0,0,0,0,0,0.0384615384615385,0,0,2026-01-15,2026-01-15,A,0,2026,2026H1,4.68213122712422,2.19722457733622,0,0,0.0856710783384686,0.0853389985273416,0
