prop_id,parent,site_name,borough,asof,half,last_date,max_available,days_since,n_history,n_rated,last_status,last_fail,last_struct,last_amenity,last_litter,recent_rate,history_rate,unknown_rate,last_n,log_days,log_history,risk_score,last_three,priority_order
M010-ZN12&13,M010,The Mall And Rumsey Playfield,M,2026-07-01,H2,2024-10-25,2024-10-25,614,1,1,U,1,1,0,0,1,0.25,0,0,6.42162226780652,0.693147180559945,0.456313235844103,1,1
M028-02,M028,Lily Brown Playground,M,2026-07-01,H2,2026-02-24,2026-02-24,127,7,4,N,1,0,0,0,1,0.388888888888889,0.428571428571429,1,4.85203026391962,2.07944154167984,0.406030426995413,1,2
M132,M132,Little Flower Playground,M,2026-07-01,H2,2026-03-16,2026-03-16,107,8,4,N,1,0,0,0,1,0.388888888888889,0.5,1,4.68213122712422,2.19722457733622,0.400684856724412,1,3
M194,M194,Alfred E. Smith Playground,M,2026-07-01,H2,2026-03-16,2026-03-16,107,7,6,U,1,0,0,0,1,0.409090909090909,0.142857142857143,0,4.68213122712422,2.07944154167984,0.400684856724412,1,4
B315,B315,Surf Playground,B,2026-07-01,H2,2026-04-28,2026-04-28,64,7,7,U,1,0,0,0,1,0.291666666666667,0,0,4.17438726989564,2.07944154167984,0.355365935170727,1,5
M027,M027,Downing Street Playground,M,2026-07-01,H2,2026-06-08,2026-06-08,23,8,3,N,1,0,0,0,1,0.4375,0.625,1,3.17805383034795,2.19722457733622,0.354514551647815,1,6
B096,B096,Sgt. William Dougherty Playground,B,2026-07-01,H2,2026-05-19,2026-05-19,43,8,8,U,1,0,0,0,1,0.423076923076923,0,0,3.78418963391826,2.19722457733622,0.343767716102881,1,7
Q105,Q105,Howard Von Dohlen Playground,Q,2026-07-01,H2,2026-03-23,2026-03-23,100,7,1,N,1,0,0,0,1,0.25,0.857142857142857,1,4.61512051684126,2.07944154167984,0.33685406382946,1,8
B109,B109,Bill Brown Playground,B,2026-07-01,H2,2026-06-04,2026-06-04,27,8,7,U,1,0,0,0,1,0.375,0.125,0,3.3322045101752,2.19722457733622,0.330562840648598,1,9
B163,B163,Sperandeo Brothers Playground,B,2026-07-01,H2,2026-06-05,2026-06-05,26,8,8,U,1,0,0,0,1,0.346153846153846,0,0,3.29583686600433,2.19722457733622,0.329511527285429,1,10
M105-01,M105,Houston St Plgd,M,2026-07-01,H2,2026-06-22,2026-06-22,9,8,8,U,1,0,1,0,1,0.346153846153846,0,0,2.30258509299405,2.19722457733622,0.328779407894869,1,11
M037-03,M037,Quisqueya Plgd,M,2026-07-01,H2,2026-06-23,2026-06-23,8,8,1,U,1,1,0,0,1,0.25,0.875,0,2.19722457733622,2.19722457733622,0.325746763037774,1,12
B529,B529,Bushwick Inlet Park,B,2026-07-01,H2,2024-12-09,2024-12-09,569,4,4,U,1,0,0,0,0.666666666666667,0.388888888888889,0,0,6.3456363608286,1.6094379124341,0.309855182682125,0.666666666666667,13
B197,B197,Mellett Playground,B,2026-07-01,H2,2026-06-22,2026-06-22,9,8,6,N,1,0,0,0,1,0.409090909090909,0.25,1,2.30258509299405,2.19722457733622,0.301481820787309,1,14
Q082,Q082,Wayanda Park,Q,2026-07-01,H2,2026-06-04,2026-06-04,27,8,8,U,1,0,0,0,1,0.346153846153846,0,0,3.3322045101752,2.19722457733622,0.300467662005531,1,15
M239,M239,P.S. 155 Playground,M,2026-07-01,H2,2026-02-25,2026-02-25,126,8,3,N,1,0,0,0,0.666666666666667,0.3125,0.625,1,4.84418708645859,2.19722457733622,0.295139234557335,0.666666666666667,16
M010-ZN05,M010,"Dairy, Chess & Checkers House, Carousel",M,2026-07-01,H2,2026-03-17,2026-03-17,106,3,3,U,1,0,0,0,0.666666666666667,0.3125,0,0,4.67282883446191,1.38629436111989,0.290500149871369,0.666666666666667,17
M208A,M208A,Alice Kornegay Triangle,M,2026-07-01,H2,2026-04-09,2026-04-09,83,8,6,U,1,0,0,0,0.666666666666667,0.318181818181818,0.25,0,4.43081679884331,2.19722457733622,0.284022252260695,0.666666666666667,18
M159,M159,Frederick Johnson Playground,M,2026-07-01,H2,2026-04-13,2026-04-13,79,8,6,U,1,0,0,0,0.666666666666667,0.318181818181818,0.25,0,4.38202663467388,2.19722457733622,0.282726898121817,0.666666666666667,19
X168,X168,Nelson Playground,X,2026-07-01,H2,2026-06-11,2026-06-11,20,7,7,U,1,1,1,0,1,0.375,0,0,3.04452243772342,2.07944154167984,0.282054491003563,1,20
M165,M165,Baruch Playground,M,2026-07-01,H2,2026-04-16,2026-04-16,76,8,8,U,1,1,1,0,0.666666666666667,0.269230769230769,0,0,4.34380542185368,2.19722457733622,0.281714648342452,0.666666666666667,21
B110,B110,Marion Hopkinson Playground,B,2026-07-01,H2,2026-02-13,2026-02-13,138,7,7,U,1,1,0,1,0.666666666666667,0.208333333333333,0,0,4.93447393313069,2.07944154167984,0.271843438954773,0.666666666666667,22
B339,B339,Newport Playground,B,2026-07-01,H2,2026-02-17,2026-02-17,134,7,6,U,1,0,0,0,0.666666666666667,0.227272727272727,0.142857142857143,0,4.90527477843843,2.07944154167984,0.271088452782812,0.666666666666667,23
B350,B350,Stroud Playground,B,2026-07-01,H2,2026-02-20,2026-02-20,131,7,7,U,1,0,0,0,0.666666666666667,0.208333333333333,0,0,4.88280192258637,2.07944154167984,0.270508282430542,0.666666666666667,24
B018-ZN02,B018,Canarsie Park Zone 2,B,2026-07-01,H2,2026-02-27,2026-02-27,124,3,3,U,1,0,0,0,0.666666666666667,0.3125,0,0,4.8283137373023,1.38629436111989,0.269104836314845,0.666666666666667,25
M037-10,M037,Adventure Plgd,M,2026-07-01,H2,2026-02-25,2026-02-25,126,5,5,A,0,1,0,0,0.666666666666667,0.25,0,0,4.84418708645859,1.79175946922806,0.26270133186044,0.666666666666667,26
M391-ZN01,M391,East River Waterfront Esplanade Zone 1,M,2026-07-01,H2,2026-02-27,2026-02-27,124,7,7,A,0,1,0,0,0.666666666666667,0.291666666666667,0,0,4.8283137373023,2.07944154167984,0.262299574318803,0.666666666666667,27
B269,B269,Jesse Owens Playground,B,2026-07-01,H2,2026-04-01,2026-04-01,91,7,7,U,1,0,0,0,0.666666666666667,0.291666666666667,0,0,4.52178857704904,2.07944154167984,0.261295955658639,0.666666666666667,28
B306,B306,Playground 286,B,2026-07-01,H2,2026-04-10,2026-04-10,82,7,6,U,1,0,0,0,0.666666666666667,0.318181818181818,0.142857142857143,0,4.4188406077966,2.07944154167984,0.258706401040464,0.666666666666667,29
M200A,M200A,Anibal Aviles Playground,M,2026-07-01,H2,2026-03-20,2026-03-20,103,7,4,A,0,0,0,0,0.666666666666667,0.277777777777778,0.428571428571429,0,4.64439089914137,2.07944154167984,0.257673410974234,0.666666666666667,30
B007,B007,Bensonhurst Park,B,2026-07-01,H2,2026-04-23,2026-04-23,69,8,7,U,1,0,0,0,0.666666666666667,0.291666666666667,0.125,0,4.24849524204936,2.19722457733622,0.254458385880442,0.666666666666667,31
Q005-ZN01,Q005,Baisley Pond Park Zone 1,Q,2026-07-01,H2,2026-02-04,2026-02-04,147,7,7,U,1,0,0,0,0.666666666666667,0.291666666666667,0,0,4.99721227376412,2.07944154167984,0.246657577135626,0.666666666666667,32
B169-ZN06B,B169,Coney Island Beach Zone 6b,B,2026-07-01,H2,2026-05-13,2026-05-13,49,9,4,N,1,0,0,0,0.666666666666667,0.277777777777778,0.555555555555556,1,3.91202300542815,2.30258509299405,0.246203586554344,0.666666666666667,33
Q322,Q322,Bellaire Playground,Q,2026-07-01,H2,2026-02-09,2026-02-09,142,7,6,U,1,0,0,0,0.666666666666667,0.318181818181818,0.142857142857143,0,4.96284463025991,2.07944154167984,0.245823616507285,0.666666666666667,34
B082-ZN04,B082,Shore Road Park Zone 4,B,2026-07-01,H2,2026-05-15,2026-05-15,47,8,8,U,1,0,0,0,0.666666666666667,0.192307692307692,0,0,3.87120101090789,2.19722457733622,0.245214447176511,0.666666666666667,35
B323,B323,Hattie Carthan Playground,B,2026-07-01,H2,2026-05-18,2026-05-18,44,8,7,U,1,0,0,0,0.666666666666667,0.208333333333333,0.125,0,3.80666248977032,2.19722457733622,0.24365612537425,0.666666666666667,36
B311,B311,Ten Eyck Playground,B,2026-07-01,H2,2026-05-19,2026-05-19,43,7,6,N,1,0,0,0,0.666666666666667,0.318181818181818,0.142857142857143,1,3.78418963391826,2.07944154167984,0.243115082935307,0.666666666666667,37
M058-ZN01,M058,Marcus Garvey Park Zone 1,M,2026-07-01,H2,2026-05-12,2026-05-12,50,8,3,N,0,0,0,0,0.666666666666667,0.3125,0.625,1,3.93182563272433,2.19722457733622,0.240259722286327,0.666666666666667,38
B223PC,B223PC,Strawberry Playground,B,2026-07-01,H2,2026-02-24,2026-02-24,127,7,6,N,0,0,0,0,0.666666666666667,0.318181818181818,0.142857142857143,1,4.85203026391962,2.07944154167984,0.239123560439508,0.666666666666667,39
Q021-ZN01,Q021,Cunningham Park Zone 1,Q,2026-07-01,H2,2026-03-27,2026-03-27,96,7,3,N,1,0,0,0,0.666666666666667,0.3125,0.571428571428571,1,4.57471097850338,2.07944154167984,0.236537719277627,0.666666666666667,40
M215,M215,Cherry Tree Park,M,2026-07-01,H2,2026-05-20,2026-05-20,42,8,8,A,0,0,0,0,0.666666666666667,0.269230769230769,0,0,3.76120011569356,2.19722457733622,0.236211476929247,0.666666666666667,41
B073-ZN28,B073,East Parade Grounds,B,2026-07-01,H2,2026-03-12,2026-03-12,111,8,4,N,0,0,0,0,0.666666666666667,0.277777777777778,0.5,1,4.71849887129509,2.19722457733622,0.235961725430371,0.666666666666667,42
X214,X214,Magenta Playground,X,2026-07-01,H2,2026-02-13,2026-02-13,138,7,5,U,1,1,0,0,0.666666666666667,0.25,0.285714285714286,0,4.93447393313069,2.07944154167984,0.235712442844742,0.666666666666667,43
B304,B304,Kennedy King Playground,B,2026-07-01,H2,2026-06-05,2026-06-05,26,7,7,U,1,0,0,0,0.666666666666667,0.208333333333333,0,0,3.29583686600433,2.07944154167984,0.231560112531617,0.666666666666667,44
B309,B309,Pink Playground,B,2026-07-01,H2,2026-06-05,2026-06-05,26,8,8,U,1,0,0,0,0.666666666666667,0.192307692307692,0,0,3.29583686600433,2.19722457733622,0.231560112531617,0.666666666666667,45
X001-ZN02,X001,Aqueduct Walk Zone 2,X,2026-07-01,H2,2026-03-24,2026-03-24,99,7,6,N,1,0,0,0,0.666666666666667,0.318181818181818,0.142857142857143,1,4.60517018598809,2.07944154167984,0.228044837679104,0.666666666666667,46
B142,B142,Bedford Playground,B,2026-07-01,H2,2026-04-16,2026-04-16,76,7,4,N,0,0,0,0,0.666666666666667,0.277777777777778,0.428571428571429,1,4.34380542185368,2.07944154167984,0.227244677289922,0.666666666666667,47
B209,B209,Galapo Playground,B,2026-07-01,H2,2026-04-16,2026-04-16,76,7,7,A,0,0,0,0,0.666666666666667,0.291666666666667,0,0,4.34380542185368,2.07944154167984,0.227244677289922,0.666666666666667,48
M230,M230,Poor Richard's Playground,M,2026-07-01,H2,2026-06-24,2026-06-24,7,8,5,U,1,0,0,0,0.666666666666667,0.35,0.375,0,2.07944154167984,2.19722457733622,0.225829484890475,0.666666666666667,49
X008-ZN01,X008,Claremont Zone 1,X,2026-07-01,H2,2026-04-14,2026-04-14,78,8,7,U,1,0,0,0,0.666666666666667,0.208333333333333,0.125,0,4.36944785246702,2.19722457733622,0.222665138599475,0.666666666666667,50
X030-ZN02,X030,Macombs Dam Park Zone 2 Lower,X,2026-07-01,H2,2026-04-23,2026-04-23,69,8,8,U,1,1,1,0,0.666666666666667,0.192307692307692,0,0,4.24849524204936,2.19722457733622,0.219940117472286,0.666666666666667,51
X002-14,X002,Rosewood Playground,X,2026-07-01,H2,2026-04-29,2026-04-29,63,7,7,U,1,0,0,0,0.666666666666667,0.375,0,0,4.15888308335967,2.07944154167984,0.21793668151154,0.666666666666667,52
Q141,Q141,Murray Playground,Q,2026-07-01,H2,2026-03-18,2026-03-18,105,7,7,A,0,1,0,0,0.666666666666667,0.208333333333333,0,0,4.66343909411207,2.07944154167984,0.21055586190482,0.666666666666667,53
Q102-ZN01,Q102,Juniper Valley Park Zone 1,Q,2026-07-01,H2,2026-06-03,2026-06-03,28,8,8,U,1,0,0,0,0.666666666666667,0.192307692307692,0,0,3.36729582998647,2.19722457733622,0.209223591704322,0.666666666666667,54
M028-ZN02A,M028,Fort Washington Park Zone 2A,M,2026-07-01,H2,2026-01-28,2026-01-28,154,7,7,U,1,0,0,0,0.333333333333333,0.208333333333333,0,0,5.04342511691925,2.07944154167984,0.208559120845165,0.333333333333333,55
M144-ZN05,M144,East River Park Zone 5,M,2026-07-01,H2,2025-01-23,2025-01-23,524,5,4,N,0,0,0,0,0.333333333333333,0.166666666666667,0.2,1,6.26339826259162,1.79175946922806,0.208241605317072,0.333333333333333,56
M259,M259,McKinley Playground,M,2026-07-01,H2,2026-02-13,2026-02-13,138,7,3,N,1,0,0,0,0.333333333333333,0.1875,0.571428571428571,1,4.93447393313069,2.07944154167984,0.206217714115179,0.333333333333333,57
M223,M223,Jacob H. Schiff Playground,M,2026-07-01,H2,2026-02-18,2026-02-18,133,7,7,U,1,0,0,0,0.333333333333333,0.291666666666667,0,0,4.89783979995091,2.07944154167984,0.205434815493434,0.333333333333333,58
M238,M238,Bloomingdale Playground,M,2026-07-01,H2,2026-02-18,2026-02-18,133,7,5,U,1,0,0,0,0.333333333333333,0.15,0.285714285714286,0,4.89783979995091,2.07944154167984,0.205434815493434,0.333333333333333,59
M015,M015,Columbus Park,M,2026-07-01,H2,2026-02-19,2026-02-19,132,7,7,U,1,1,1,0,0.333333333333333,0.208333333333333,0,0,4.89034912822175,2.07944154167984,0.205275005930886,0.333333333333333,60
Q053,Q053,Equity Playground,Q,2026-07-01,H2,2026-06-08,2026-06-08,23,7,3,N,1,0,0,0,0.666666666666667,0.3125,0.571428571428571,1,3.17805383034795,2.07944154167984,0.205159622494937,0.666666666666667,61
Q012B,Q012B,John Golden Park,Q,2026-07-01,H2,2026-06-10,2026-06-10,21,8,8,U,1,1,1,0,0.666666666666667,0.269230769230769,0,0,3.09104245335832,2.19722457733622,0.2033108106868,0.666666666666667,62
M144-ZN06,M144,East River Park Zone 6,M,2026-07-01,H2,2025-05-14,2025-05-14,413,5,3,N,0,0,0,0,0.333333333333333,0.1875,0.4,1,6.02586597382531,1.79175946922806,0.203167788532176,0.333333333333333,63
M041,M041,Alexander Hamilton Playground,M,2026-07-01,H2,2026-03-05,2026-03-05,118,8,8,U,1,1,0,1,0.333333333333333,0.192307692307692,0,0,4.77912349311153,2.19722457733622,0.202912914831925,0.333333333333333,64
M010-ZN18&19,M010,The Ramble,M,2026-07-01,H2,2026-06-23,2026-06-23,8,8,8,A,0,0,0,0,0.666666666666667,0.269230769230769,0,0,2.19722457733622,2.19722457733622,0.201324712313061,0.666666666666667,65
X178,X178,Matthews Muliner Playground,X,2026-07-01,H2,2026-04-01,2026-04-01,91,7,7,A,0,1,0,0,0.666666666666667,0.208333333333333,0,0,4.52178857704904,2.07944154167984,0.199135284100555,0.666666666666667,66
M071-03,M071,Classic Plgd,M,2026-07-01,H2,2026-03-30,2026-03-30,93,7,6,N,1,0,0,0,0.333333333333333,0.227272727272727,0.142857142857143,1,4.54329478227,2.07944154167984,0.197971835317416,0.333333333333333,67
X042,X042,Rose Hill Park,X,2026-07-01,H2,2026-01-20,2026-01-20,162,4,2,N,1,0,0,0,0.5,0.214285714285714,0.5,1,5.09375020080676,1.6094379124341,0.197804720946246,0.5,68
X038-02,X038,Fort #4 Playground,X,2026-07-01,H2,2026-01-21,2026-01-21,161,3,2,U,1,0,0,0,0.5,0.214285714285714,0.333333333333333,0,5.08759633523238,1.38629436111989,0.197677087975573,0.5,69
M019,M019,Coleman Playground,M,2026-07-01,H2,2026-04-01,2026-04-01,91,7,3,N,1,0,0,0,0.333333333333333,0.1875,0.571428571428571,1,4.52178857704904,2.07944154167984,0.197525777046142,0.333333333333333,70
M029-02,M029,Anne Loftus Plgd,M,2026-07-01,H2,2026-04-02,2026-04-02,90,8,8,U,1,0,0,0,0.333333333333333,0.192307692307692,0,0,4.51085950651685,2.19722457733622,0.197299388689934,0.333333333333333,71
Q099-18,Q099,Playground For All Children,Q,2026-07-01,H2,2026-06-16,2026-06-16,15,8,6,U,1,0,0,0,0.666666666666667,0.409090909090909,0.25,0,2.77258872223978,2.19722457733622,0.196650326952146,0.666666666666667,72
M010-ZN34,M010,Reservoir (Northwest),M,2026-07-01,H2,2026-04-10,2026-04-10,82,7,7,U,1,0,0,0,0.333333333333333,0.125,0,0,4.4188406077966,2.07944154167984,0.195401039051591,0.333333333333333,73
M056-ZN01,M056,Morningside Park Zone 1,M,2026-07-01,H2,2026-04-10,2026-04-10,82,8,5,U,1,0,0,0,0.333333333333333,0.25,0.375,0,4.4188406077966,2.19722457733622,0.195401039051591,0.333333333333333,74
X028,X028,Joyce Kilmer Park,X,2026-07-01,H2,2026-06-12,2026-06-12,19,3,3,U,1,0,0,0,0.666666666666667,0.3125,0,0,2.99573227355399,1.38629436111989,0.193129878399251,0.666666666666667,75
M190,M190,Sheltering Arms Playground,M,2026-07-01,H2,2026-04-24,2026-04-24,68,8,4,U,1,0,0,0,0.333333333333333,0.166666666666667,0.5,0,4.23410650459726,2.19722457733622,0.191631806575829,0.333333333333333,76
B208,B208,Pfc Norton Playground,B,2026-07-01,H2,2026-01-30,2026-01-30,152,7,7,U,1,0,0,0,0.333333333333333,0.125,0,0,5.03043792139244,2.07944154167984,0.18818129078827,0.333333333333333,77
M193,M193,Abraham Lincoln Playground,M,2026-07-01,H2,2026-05-05,2026-05-05,57,8,7,U,1,0,0,0,0.333333333333333,0.208333333333333,0.125,0,4.06044301054642,2.19722457733622,0.188139273841878,0.333333333333333,78
B042,B042,Gravesend Park,B,2026-07-01,H2,2026-02-02,2026-02-02,149,7,7,U,1,0,0,0,0.333333333333333,0.208333333333333,0,0,5.01063529409626,2.07944154167984,0.187786095889779,0.333333333333333,79
B266,B266,Star Spangled Playground,B,2026-07-01,H2,2026-02-02,2026-02-02,149,7,3,N,1,0,0,0,0.333333333333333,0.1875,0.571428571428571,1,5.01063529409626,2.07944154167984,0.187786095889779,0.333333333333333,80
B102,B102,Crispus Attucks Playground,B,2026-07-01,H2,2026-02-03,2026-02-03,148,7,7,U,1,1,0,0,0.333333333333333,0.125,0,0,5.00394630594546,2.07944154167984,0.187652750068775,0.333333333333333,81
M308,M308,Washington Market Park,M,2026-07-01,H2,2026-05-11,2026-05-11,51,8,7,U,1,0,0,0,0.333333333333333,0.208333333333333,0.125,0,3.95124371858143,2.19722457733622,0.185968333559414,0.333333333333333,82
B264,B264,Roebling Playground,B,2026-07-01,H2,2026-02-17,2026-02-17,134,7,5,U,1,0,0,0,0.333333333333333,0.25,0.285714285714286,0,4.90527477843843,2.07944154167984,0.18569417682031,0.333333333333333,83
B294,B294,Jackie Robinson Park Playground,B,2026-07-01,H2,2026-02-20,2026-02-20,131,7,7,U,1,0,0,0,0.333333333333333,0.125,0,0,4.88280192258637,2.07944154167984,0.185250316182322,0.333333333333333,84
B021,B021,Commodore Barry Park,B,2026-07-01,H2,2026-02-26,2026-02-26,125,8,6,U,1,0,0,0,0.333333333333333,0.136363636363636,0.25,0,4.83628190695148,2.19722457733622,0.184334106620016,0.333333333333333,85
B235,B235,Herman Dolgon Playground,B,2026-07-01,H2,2026-02-27,2026-02-27,124,7,7,U,1,0,0,0,0.333333333333333,0.375,0,0,4.8283137373023,2.07944154167984,0.184177526197274,0.333333333333333,86
B244,B244,McDonald Playground,B,2026-07-01,H2,2026-02-27,2026-02-27,124,7,7,U,1,0,0,0,0.333333333333333,0.125,0,0,4.8283137373023,2.07944154167984,0.184177526197274,0.333333333333333,87
B541,B541,Berriman Playground,B,2026-07-01,H2,2026-03-02,2026-03-02,121,7,7,U,1,0,0,0,0.333333333333333,0.125,0,0,4.80402104473326,2.07944154167984,0.183700792437076,0.333333333333333,88
B230,B230,Nicholas Naquan Heyward Jr. Park,B,2026-07-01,H2,2026-03-03,2026-03-03,120,7,7,U,1,1,1,0,0.333333333333333,0.125,0,0,4.79579054559674,2.07944154167984,0.18353948942861,0.333333333333333,89
M022,M022,De Witt Clinton Park,M,2026-07-01,H2,2026-05-19,2026-05-19,43,8,7,U,1,1,0,0,0.333333333333333,0.125,0.125,0,3.78418963391826,2.19722457733622,0.182684693872524,0.333333333333333,90
B380,B380,Robert E. Venable Park,B,2026-07-01,H2,2026-06-23,2026-06-23,8,8,7,A,0,1,0,0,0.666666666666667,0.458333333333333,0.125,0,2.19722457733622,2.19722457733622,0.181744012135277,0.666666666666667,91
B298,B298,Stockton Playground,B,2026-07-01,H2,2026-03-16,2026-03-16,107,7,7,U,1,0,1,0,0.333333333333333,0.125,0,0,4.68213122712422,2.07944154167984,0.181323192036145,0.333333333333333,92
B073-ZN10,B073,Willink Hill,B,2026-07-01,H2,2026-03-17,2026-03-17,106,7,4,U,1,0,0,0,0.333333333333333,0.277777777777778,0.428571428571429,0,4.67282883446191,2.07944154167984,0.181142725829438,0.333333333333333,93
B243,B243,Golconda Playground,B,2026-07-01,H2,2026-03-17,2026-03-17,106,7,3,N,1,0,0,0,0.333333333333333,0.1875,0.571428571428571,1,4.67282883446191,2.07944154167984,0.181142725829438,0.333333333333333,94
B052-01,B052,Millennium Playground,B,2026-07-01,H2,2026-03-18,2026-03-18,105,7,6,U,1,0,0,0,0.333333333333333,0.227272727272727,0.142857142857143,0,4.66343909411207,2.07944154167984,0.180960706967354,0.333333333333333,95
M082,M082,Seward Park,M,2026-07-01,H2,2026-02-17,2026-02-17,134,7,4,N,0,0,0,0,0.333333333333333,0.166666666666667,0.428571428571429,1,4.90527477843843,2.07944154167984,0.180477396677381,0.333333333333333,96
B214-01,B214,Linden Park,B,2026-07-01,H2,2026-03-23,2026-03-23,100,7,7,U,1,0,0,0,0.333333333333333,0.125,0,0,4.61512051684126,2.07944154167984,0.180026310819505,0.333333333333333,97
M237,M237,Corporal John A. Seravalli Playground,M,2026-07-01,H2,2026-02-27,2026-02-27,124,8,8,A,0,0,0,0,0.333333333333333,0.115384615384615,0,0,4.8283137373023,2.19722457733622,0.178993988211801,0.333333333333333,98
B008,B008,Betsy Head Park,B,2026-07-01,H2,2026-03-31,2026-03-31,92,7,7,U,1,0,0,0,0.333333333333333,0.208333333333333,0,0,4.53259949315326,2.07944154167984,0.178439214139396,0.333333333333333,99
M077-03,M077,Arlington Edinboro Playground,M,2026-07-01,H2,2026-03-05,2026-03-05,118,7,6,N,0,0,0,0,0.333333333333333,0.227272727272727,0.142857142857143,1,4.77912349311153,2.07944154167984,0.178050860842683,0.333333333333333,100
B335,B335,Bildersee Playground,B,2026-07-01,H2,2026-04-07,2026-04-07,85,7,6,U,1,1,0,1,0.333333333333333,0.227272727272727,0.142857142857143,0,4.45434729625351,2.07944154167984,0.176944355557311,0.333333333333333,101
B352,B352,Curtis Playground,B,2026-07-01,H2,2026-04-07,2026-04-07,85,7,7,U,1,0,0,0,0.333333333333333,0.125,0,0,4.45434729625351,2.07944154167984,0.176944355557311,0.333333333333333,102
Q051-01,Q051,174 St Playground,Q,2026-07-01,H2,2026-06-12,2026-06-12,19,8,7,A,0,0,0,0,0.666666666666667,0.208333333333333,0.125,0,2.99573227355399,2.19722457733622,0.176591732304659,0.666666666666667,103
M005-ZN02,M005,Battery Park Zone 2,M,2026-07-01,H2,2026-03-17,2026-03-17,106,8,7,N,0,0,0,0,0.333333333333333,0.375,0.125,1,4.67282883446191,2.19722457733622,0.176026171035941,0.333333333333333,104
B125-ZN02,B125,Calvert Vaux Park Zone 2,B,2026-07-01,H2,2026-04-15,2026-04-15,77,7,7,U,1,0,0,0,0.333333333333333,0.125,0,0,4.35670882668959,2.07944154167984,0.175092967571552,0.333333333333333,105
B001,B001,American Playground,B,2026-07-01,H2,2026-04-28,2026-04-28,64,8,7,U,1,0,0,0,0.333333333333333,0.125,0.125,0,4.17438726989564,2.19722457733622,0.17167675764309,0.333333333333333,106
M251,M251,Bleecker Playground,M,2026-07-01,H2,2026-06-08,2026-06-08,23,8,7,U,1,0,0,0,0.333333333333333,0.125,0.125,0,3.17805383034795,2.19722457733622,0.17114861509062,0.333333333333333,107
B139,B139,Heckscher Playground,B,2026-07-01,H2,2026-04-30,2026-04-30,62,7,7,U,1,0,0,0,0.333333333333333,0.208333333333333,0,0,4.14313472639153,2.07944154167984,0.171096504344209,0.333333333333333,108
M056-02,M056,Morningside Plgd,M,2026-07-01,H2,2026-06-09,2026-06-09,22,8,8,U,1,0,0,0,0.333333333333333,0.115384615384615,0,0,3.13549421592915,2.19722457733622,0.170360741758934,0.333333333333333,109
B125-01,B125,Calvert Vaux Park Playground,B,2026-07-01,H2,2026-05-04,2026-05-04,58,7,7,U,1,0,0,0,0.333333333333333,0.125,0,0,4.07753744390572,2.07944154167984,0.169883649779396,0.333333333333333,110
B268,B268,Nautilus Playground,B,2026-07-01,H2,2026-05-04,2026-05-04,58,8,8,U,1,0,0,0,0.333333333333333,0.115384615384615,0,0,4.07753744390572,2.19722457733622,0.169883649779396,0.333333333333333,111
Q099-01,Q099,World's Fair Playground,Q,2026-07-01,H2,2026-01-12,2026-01-12,170,7,6,U,1,1,0,0,0.333333333333333,0.136363636363636,0.142857142857143,0,5.14166355650266,2.07944154167984,0.169840071416888,0.333333333333333,112
M009,M009,Bennett Park,M,2026-07-01,H2,2026-04-17,2026-04-17,75,8,8,A,0,0,0,0,0.333333333333333,0.115384615384615,0,0,4.33073334028633,2.19722457733622,0.169632905897352,0.333333333333333,113
M192,M192,Stanley Isaacs Playground,M,2026-07-01,H2,2026-04-20,2026-04-20,72,8,7,A,0,0,0,0,0.333333333333333,0.291666666666667,0.125,0,4.29045944114839,2.19722457733622,0.168892530755004,0.333333333333333,114
M158,M158,Robert Moses Playground,M,2026-07-01,H2,2026-06-12,2026-06-12,19,8,8,U,1,0,0,0,0.333333333333333,0.115384615384615,0,0,2.99573227355399,2.19722457733622,0.167793708882602,0.333333333333333,115
Q343,Q343,Whitestone Playground,Q,2026-07-01,H2,2026-02-05,2026-02-05,146,7,7,U,1,0,0,0,0.333333333333333,0.208333333333333,0,0,4.99043258677874,2.07944154167984,0.167070538426608,0.333333333333333,116
M099,M099,J. Hood Wright Park,M,2026-07-01,H2,2026-04-28,2026-04-28,64,8,7,N,0,0,0,0,0.333333333333333,0.208333333333333,0.125,1,4.17438726989564,2.19722457733622,0.166773123215856,0.333333333333333,117
M217,M217,Howard Bennett Playground,M,2026-07-01,H2,2026-04-28,2026-04-28,64,8,8,A,0,0,0,0,0.333333333333333,0.115384615384615,0,0,4.17438726989564,2.19722457733622,0.166773123215856,0.333333333333333,118
Q425,Q425,Yellowstone Park,Q,2026-07-01,H2,2026-02-09,2026-02-09,142,7,7,U,1,0,0,0,0.333333333333333,0.125,0,0,4.96284463025991,2.07944154167984,0.166569224599125,0.333333333333333,119
X238,X238,Saw Mill Playground,X,2026-07-01,H2,2026-06-15,2026-06-15,16,7,7,A,0,0,0,0,0.666666666666667,0.208333333333333,0,0,2.83321334405622,2.07944154167984,0.166246033942316,0.666666666666667,120
B056,B056,Martin Luther King Jr. Playground,B,2026-07-01,H2,2026-05-15,2026-05-15,47,8,8,U,1,0,0,0,0.333333333333333,0.192307692307692,0,0,3.87120101090789,2.19722457733622,0.166113195334434,0.333333333333333,121
B334,B334,Fermi Playground,B,2026-07-01,H2,2026-01-23,2026-01-23,159,7,7,A,0,0,1,0,0.333333333333333,0.208333333333333,0,0,5.07517381523383,2.07944154167984,0.165557569959376,0.333333333333333,122
Q099-ZN19,Q099,Ballfields,Q,2026-07-01,H2,2026-02-18,2026-02-18,133,7,7,U,1,0,0,0,0.333333333333333,0.125,0,0,4.89783979995091,2.07944154167984,0.165392751190943,0.333333333333333,123
B347,B347,Carver Playground,B,2026-07-01,H2,2026-02-02,2026-02-02,149,7,3,N,0,0,0,0,0.333333333333333,0.1875,0.571428571428571,1,5.01063529409626,2.07944154167984,0.164395206992593,0.333333333333333,124
B359,B359,Eleanor Roosevelt Playground,B,2026-07-01,H2,2026-02-02,2026-02-02,149,7,7,A,0,0,0,0,0.333333333333333,0.125,0,0,5.01063529409626,2.07944154167984,0.164395206992593,0.333333333333333,125
B055,B055,Sternberg Park,B,2026-07-01,H2,2026-02-06,2026-02-06,145,7,5,N,0,0,0,0,0.333333333333333,0.15,0.285714285714286,1,4.98360662170834,2.07944154167984,0.163910361546691,0.333333333333333,126
M010-ZN40,M010,Conservatory Garden,M,2026-07-01,H2,2026-06-16,2026-06-16,15,8,4,U,1,1,0,0,0.333333333333333,0.166666666666667,0.5,0,2.77258872223978,2.19722457733622,0.163759341207571,0.333333333333333,127
B137,B137,Sixteen Sycamores Playground,B,2026-07-01,H2,2026-05-21,2026-05-21,41,8,7,U,1,1,1,0,0.333333333333333,0.208333333333333,0.125,0,3.73766961828337,2.19722457733622,0.16370903594498,0.333333333333333,128
B259,B259,Underwood Park,B,2026-07-01,H2,2026-05-21,2026-05-21,41,7,7,U,1,0,1,0,0.333333333333333,0.125,0,0,3.73766961828337,2.07944154167984,0.16370903594498,0.333333333333333,129
B169-ZN02B,B169,Coney Island Beach Zone 2b,B,2026-07-01,H2,2026-02-13,2026-02-13,138,8,7,A,0,0,0,0,0.333333333333333,0.125,0.125,0,4.93447393313069,2.19722457733622,0.163031955276774,0.333333333333333,130
Q027-02,Q027,Laurelton Parkway West Playground,Q,2026-07-01,H2,2026-03-09,2026-03-09,114,8,8,U,1,0,0,0,0.333333333333333,0.115384615384615,0,0,4.74493212836325,2.19722457733622,0.162651670122171,0.333333333333333,131
Q426,Q426,North Rochdale Playground,Q,2026-07-01,H2,2026-03-13,2026-03-13,110,7,6,U,1,0,0,0,0.333333333333333,0.318181818181818,0.142857142857143,0,4.70953020131233,2.07944154167984,0.162022284290343,0.333333333333333,132
B061,B061,McLaughlin Park,B,2026-07-01,H2,2026-02-24,2026-02-24,127,7,6,N,0,0,0,0,0.333333333333333,0.136363636363636,0.142857142857143,1,4.85203026391962,2.07944154167984,0.161566529111577,0.333333333333333,133
B372,B372,Friends Field,B,2026-07-01,H2,2026-02-26,2026-02-26,125,7,6,N,0,0,0,0,0.333333333333333,0.136363636363636,0.142857142857143,1,4.83628190695148,2.07944154167984,0.161287816702887,0.333333333333333,134
Q510,Q510,Maspeth Park,Q,2026-07-01,H2,2026-03-18,2026-03-18,105,6,5,N,1,0,0,0,0.333333333333333,0.25,0.166666666666667,1,4.66343909411207,1.94591014905531,0.161205808752574,0.333333333333333,135
B267,B267,Winthrop Playground,B,2026-07-01,H2,2026-03-02,2026-03-02,121,7,7,A,0,0,0,0,0.333333333333333,0.125,0,0,4.80402104473326,2.07944154167984,0.16071808082263,0.333333333333333,136
B058-ZN03,B058,McCarren Park Zone 3,B,2026-07-01,H2,2026-05-28,2026-05-28,34,7,6,U,1,1,0,0,0.333333333333333,0.136363636363636,0.142857142857143,0,3.55534806148941,2.07944154167984,0.160471728273663,0.333333333333333,137
B277,B277,Benson Playground,B,2026-07-01,H2,2026-03-04,2026-03-04,119,7,6,A,0,0,0,0,0.333333333333333,0.318181818181818,0.142857142857143,0,4.78749174278205,2.07944154167984,0.160426799684686,0.333333333333333,138
B150,B150,Kolbert Playground,B,2026-07-01,H2,2026-03-06,2026-03-06,117,7,7,A,0,0,0,0,0.333333333333333,0.208333333333333,0,0,4.77068462446567,2.07944154167984,0.160131060849815,0.333333333333333,139
Q300-ZN03,Q300,Captain Mario Fajardo Park,Q,2026-07-01,H2,2026-03-25,2026-03-25,98,7,7,U,1,0,0,0,0.333333333333333,0.125,0,0,4.59511985013459,2.07944154167984,0.16000169432361,0.333333333333333,140
Q407,Q407,Lanett Playground,Q,2026-07-01,H2,2026-03-26,2026-03-26,97,7,7,U,1,0,0,0,0.333333333333333,0.208333333333333,0,0,4.58496747867057,2.07944154167984,0.159823383296594,0.333333333333333,141
M360-ZN02,M360,The High Line Zone 2,M,2026-07-01,H2,2026-05-19,2026-05-19,43,8,6,A,0,0,0,0,0.333333333333333,0.136363636363636,0.25,0,3.78418963391826,2.19722457733622,0.159804219262448,0.333333333333333,142
Q349,Q349,Telephone Playground,Q,2026-07-01,H2,2026-03-27,2026-03-27,96,7,7,U,1,0,0,0,0.333333333333333,0.125,0,0,4.57471097850338,2.07944154167984,0.159643406839868,0.333333333333333,143
M071-ZN17,M071,Wildlife Sanct. & 119 St Tennis Courts,M,2026-07-01,H2,2026-05-20,2026-05-20,42,7,7,A,0,0,0,0,0.333333333333333,0.125,0,0,3.76120011569356,2.07944154167984,0.159401077154888,0.333333333333333,144
M160,M160,Fred Samuel Playground,M,2026-07-01,H2,2026-05-20,2026-05-20,42,8,8,A,0,0,0,0,0.333333333333333,0.115384615384615,0,0,3.76120011569356,2.19722457733622,0.159401077154888,0.333333333333333,145
X190,X190,Tiffany Playground,X,2026-07-01,H2,2026-02-17,2026-02-17,134,7,7,U,1,0,0,0,0.333333333333333,0.125,0,0,4.90527477843843,2.07944154167984,0.1585206481081,0.333333333333333,146
B100,B100,Seth Low Playground/ Bealin Square,B,2026-07-01,H2,2026-03-18,2026-03-18,105,7,7,A,0,0,0,0,0.333333333333333,0.125,0,0,4.66343909411207,2.07944154167984,0.158254345993022,0.333333333333333,147
X182,X182,Millbrook Playground,X,2026-07-01,H2,2026-02-27,2026-02-27,124,7,7,U,1,0,0,0,0.333333333333333,0.125,0,0,4.8283137373023,2.07944154167984,0.157183096109047,0.333333333333333,148
B337,B337,Century Playground,B,2026-07-01,H2,2026-03-25,2026-03-25,98,7,7,A,0,0,0,0,0.333333333333333,0.125,0,0,4.59511985013459,2.07944154167984,0.157068149123416,0.333333333333333,149
B052-03,B052,Leif Ericson Park Playground,B,2026-07-01,H2,2026-03-27,2026-03-27,96,7,7,A,0,0,0,0,0.333333333333333,0.125,0,0,4.57471097850338,2.07944154167984,0.156715205094094,0.333333333333333,150
B310,B310,Bushwick Playground,B,2026-07-01,H2,2026-06-04,2026-06-04,27,8,7,U,1,0,0,0,0.333333333333333,0.208333333333333,0.125,0,3.3322045101752,2.19722457733622,0.156580284130619,0.333333333333333,151
X175,X175,Riverbend Playground,X,2026-07-01,H2,2026-03-04,2026-03-04,119,7,7,U,1,0,0,0,0.333333333333333,0.125,0,0,4.78749174278205,2.07944154167984,0.1564773603557,0.333333333333333,152
X092-ZN02,X092,Van Cortlandt Stadium,X,2026-07-01,H2,2026-03-05,2026-03-05,118,8,5,U,1,0,0,0,0.333333333333333,0.15,0.375,0,4.77912349311153,2.19722457733622,0.156333008168672,0.333333333333333,153
Q337,Q337,Maurice A FitzGerald Playground,Q,2026-07-01,H2,2026-04-16,2026-04-16,76,7,7,U,1,0,0,0,0.333333333333333,0.208333333333333,0,0,4.34380542185368,2.07944154167984,0.155634919207907,0.333333333333333,154
M017,M017,Corlears Hook Park,M,2026-07-01,H2,2026-06-22,2026-06-22,9,8,7,U,1,1,1,1,0.333333333333333,0.125,0.125,0,2.30258509299405,2.19722457733622,0.155517450736802,0.333333333333333,155
X111,X111,Cedar Playground,X,2026-07-01,H2,2026-03-13,2026-03-13,110,7,5,N,1,0,0,0,0.333333333333333,0.15,0.285714285714286,1,4.70953020131233,2.07944154167984,0.155136724998,0.333333333333333,156
Q327,Q327,Castlewood Playground,Q,2026-07-01,H2,2026-04-21,2026-04-21,71,8,7,U,1,0,0,0,0.333333333333333,0.125,0.125,0,4.27666611901606,2.19722457733622,0.154484902104552,0.333333333333333,157
Q361,Q361,Moore Homestead Playground,Q,2026-07-01,H2,2026-04-21,2026-04-21,71,7,7,U,1,0,1,1,0.333333333333333,0.125,0,0,4.27666611901606,2.07944154167984,0.154484902104552,0.333333333333333,158
B126-ZN03,B126,Red Hook Park Zone 3,B,2026-07-01,H2,2026-04-10,2026-04-10,82,8,7,A,0,0,0,0,0.333333333333333,0.208333333333333,0.125,0,4.4188406077966,2.19722457733622,0.154040904527133,0.333333333333333,159
B307,B307,Tiger Playground,B,2026-07-01,H2,2026-06-08,2026-06-08,23,8,5,U,1,0,0,0,0.333333333333333,0.15,0.375,0,3.17805383034795,2.19722457733622,0.153937145426114,0.333333333333333,160
X148M1,X148M1,Havemeyer Playground,X,2026-07-01,H2,2026-03-23,2026-03-23,100,8,6,U,1,0,0,0,0.333333333333333,0.136363636363636,0.25,0,4.61512051684126,2.19722457733622,0.153525815608214,0.333333333333333,161
B225,B225,St. Andrew's Playground,B,2026-07-01,H2,2026-06-09,2026-06-09,22,8,8,U,1,0,0,0,0.333333333333333,0.115384615384615,0,0,3.13549421592915,2.19722457733622,0.153213858046074,0.333333333333333,162
B223R,B223R,Jaime Campiz Playground,B,2026-07-01,H2,2026-04-16,2026-04-16,76,7,7,A,0,0,0,0,0.333333333333333,0.125,0,0,4.34380542185368,2.07944154167984,0.152766875867741,0.333333333333333,163
B114-01,B114,Monsignor Mcgolrick Playground,B,2026-07-01,H2,2026-04-17,2026-04-17,75,7,7,A,0,0,0,0,0.333333333333333,0.125,0,0,4.33073334028633,2.07944154167984,0.15254580941656,0.333333333333333,164
M105-08,M105,Hester St Plgd,M,2026-07-01,H2,2026-06-04,2026-06-04,27,8,7,A,0,0,0,0,0.333333333333333,0.208333333333333,0.125,0,3.3322045101752,2.19722457733622,0.152028710867353,0.333333333333333,165
X092-ZN11,X092,Indian Memorial To Indian Field,X,2026-07-01,H2,2026-04-02,2026-04-02,90,8,8,U,1,0,0,0,0.333333333333333,0.115384615384615,0,0,4.51085950651685,2.19722457733622,0.151762752562917,0.333333333333333,166
M245,M245,Renaissance Playground,M,2026-07-01,H2,2026-06-05,2026-06-05,26,8,8,A,0,0,0,0,0.333333333333333,0.115384615384615,0,0,3.29583686600433,2.19722457733622,0.151416773613788,0.333333333333333,167
B223B,B223B,Dimattina Playground,B,2026-07-01,H2,2026-04-27,2026-04-27,65,7,6,A,0,0,0,0,0.333333333333333,0.136363636363636,0.142857142857143,0,4.18965474202643,2.07944154167984,0.150176647188373,0.333333333333333,168
B342,B342,100% Playground,B,2026-07-01,H2,2026-04-30,2026-04-30,62,8,8,A,0,0,0,0,0.333333333333333,0.115384615384615,0,0,4.14313472639153,2.19722457733622,0.149402095737492,0.333333333333333,169
X020,X020,Fort Independence Playground,X,2026-07-01,H2,2026-04-14,2026-04-14,78,7,7,U,1,0,0,0,0.333333333333333,0.125,0,0,4.36944785246702,2.07944154167984,0.149398074330037,0.333333333333333,170
B216,B216,Raymond Bush Playground,B,2026-07-01,H2,2026-05-04,2026-05-04,58,7,6,A,0,0,0,0,0.333333333333333,0.318181818181818,0.142857142857143,0,4.07753744390572,2.07944154167984,0.148315509873893,0.333333333333333,171
M360-ZN01,M360,The High Line Zone 1,M,2026-07-01,H2,2026-06-11,2026-06-11,20,9,9,A,0,1,0,0,0.333333333333333,0.178571428571429,0,0,3.04452243772342,2.30258509299405,0.14724322818095,0.333333333333333,172
Q362,Q362,Playground Ninety,Q,2026-07-01,H2,2026-05-18,2026-05-18,44,8,8,U,1,0,0,0,0.333333333333333,0.115384615384615,0,0,3.80666248977032,2.19722457733622,0.146627942194219,0.333333333333333,173
Q373,Q373,Helen Marshall Playground,Q,2026-07-01,H2,2026-05-18,2026-05-18,44,8,8,U,1,1,1,0,0.333333333333333,0.192307692307692,0,0,3.80666248977032,2.19722457733622,0.146627942194219,0.333333333333333,174
B038,B038,Fulton Park,B,2026-07-01,H2,2026-05-11,2026-05-11,51,7,7,A,0,0,0,0,0.333333333333333,0.208333333333333,0,0,3.95124371858143,2.07944154167984,0.146241903053668,0.333333333333333,175
X039-01,X039,Playground For All Children,X,2026-07-01,H2,2026-04-29,2026-04-29,63,7,7,U,1,1,1,0,0.333333333333333,0.125,0,0,4.15888308335967,2.07944154167984,0.14593340298152,0.333333333333333,176
Q099-ZN25,Q099,Meadow Lake NE,Q,2026-07-01,H2,2026-05-21,2026-05-21,41,8,8,U,1,0,0,0,0.333333333333333,0.115384615384615,0,0,3.73766961828337,2.19722457733622,0.145502875981782,0.333333333333333,177
Q005-05,Q005,157 St Playground,Q,2026-07-01,H2,2026-02-24,2026-02-24,127,7,6,N,0,0,0,0,0.333333333333333,0.136363636363636,0.142857142857143,1,4.85203026391962,2.07944154167984,0.143557737054498,0.333333333333333,178
Q318,Q318,Playground Eighty LXXX,Q,2026-07-01,H2,2026-02-25,2026-02-25,126,7,5,N,0,0,0,0,0.333333333333333,0.15,0.285714285714286,1,4.84418708645859,2.07944154167984,0.143431710601957,0.333333333333333,179
Q406,Q406,Springfield Park North,Q,2026-07-01,H2,2026-02-25,2026-02-25,126,7,7,A,0,0,0,0,0.333333333333333,0.125,0,0,4.84418708645859,2.07944154167984,0.143431710601957,0.333333333333333,180
Q387A,Q387A,Bayside Fields,Q,2026-07-01,H2,2026-03-02,2026-03-02,121,7,6,N,0,0,0,0,0.333333333333333,0.136363636363636,0.142857142857143,1,4.80402104473326,2.07944154167984,0.142787754144119,0.333333333333333,181
Q347,Q347,Colden Playground,Q,2026-07-01,H2,2026-03-03,2026-03-03,120,7,3,N,0,0,0,0,0.333333333333333,0.1875,0.571428571428571,1,4.79579054559674,2.07944154167984,0.142656097651932,0.333333333333333,182
X217,X217,Willis Playground,X,2026-07-01,H2,2026-05-11,2026-05-11,51,7,7,U,1,0,1,0,0.333333333333333,0.208333333333333,0,0,3.95124371858143,2.07944154167984,0.142582367052814,0.333333333333333,183
Q340,Q340,Torsney Playground,Q,2026-07-01,H2,2026-03-06,2026-03-06,117,7,7,A,0,0,0,0,0.333333333333333,0.125,0,0,4.77068462446567,2.07944154167984,0.142255124032299,0.333333333333333,184
Q363,Q363,Northern Playground,Q,2026-07-01,H2,2026-03-06,2026-03-06,117,7,7,A,0,0,0,0,0.333333333333333,0.208333333333333,0,0,4.77068462446567,2.07944154167984,0.142255124032299,0.333333333333333,185
Q396,Q396,Montbellier Park,Q,2026-07-01,H2,2026-03-09,2026-03-09,114,7,4,N,0,0,0,0,0.333333333333333,0.166666666666667,0.428571428571429,1,4.74493212836325,2.07944154167984,0.14184480098665,0.333333333333333,186
X121,X121,Bufano Park,X,2026-07-01,H2,2026-05-15,2026-05-15,47,7,7,U,1,1,1,0,0.333333333333333,0.125,0,0,3.87120101090789,2.07944154167984,0.141307812496416,0.333333333333333,187
Q448-01,Q448,Nautilus Playground,Q,2026-07-01,H2,2026-03-13,2026-03-13,110,7,6,A,0,1,0,0,0.333333333333333,0.227272727272727,0.142857142857143,0,4.70953020131233,2.07944154167984,0.141282343397935,0.333333333333333,188
Q099-20,Q099,Albert H. Mauro Playground,Q,2026-07-01,H2,2026-03-19,2026-03-19,104,7,7,A,0,0,0,0,0.333333333333333,0.125,0,0,4.65396035015752,2.07944154167984,0.140403221748998,0.333333333333333,189
X113,X113,Hunts Point Playground,X,2026-07-01,H2,2026-05-18,2026-05-18,44,8,7,U,1,0,1,1,0.333333333333333,0.125,0.125,0,3.80666248977032,2.19722457733622,0.140287081212726,0.333333333333333,190
X092-ZN04,X092,"V. C. Mansion, Tennis Courts, Mem. Grove",X,2026-07-01,H2,2026-01-29,2026-01-29,153,7,7,A,0,0,0,0,0.333333333333333,0.125,0,0,5.03695260241363,2.07944154167984,0.140217642425344,0.333333333333333,191
Q005-11,Q005,Baisley Park South Playground,Q,2026-07-01,H2,2026-03-23,2026-03-23,100,7,6,A,0,0,1,0,0.333333333333333,0.136363636363636,0.142857142857143,0,4.61512051684126,2.07944154167984,0.13979149185261,0.333333333333333,192
Q336,Q336,Judge Moses Weinstein Playground,Q,2026-07-01,H2,2026-03-23,2026-03-23,100,8,7,A,0,0,1,0,0.333333333333333,0.208333333333333,0.125,0,4.61512051684126,2.19722457733622,0.13979149185261,0.333333333333333,193
B164,B164,Bath Beach Park,B,2026-07-01,H2,2026-06-22,2026-06-22,9,8,3,U,1,0,0,0,0.333333333333333,0.1875,0.625,0,2.30258509299405,2.19722457733622,0.139613140609785,0.333333333333333,194
X040,X040,Poe Park,X,2026-07-01,H2,2026-05-20,2026-05-20,42,8,7,N,1,0,0,0,0.333333333333333,0.208333333333333,0.125,1,3.76120011569356,2.19722457733622,0.139571764870434,0.333333333333333,195
Q162H,Q162H,Beach 30th Street Playground,Q,2026-07-01,H2,2026-03-26,2026-03-26,97,7,7,A,0,0,0,0,0.333333333333333,0.125,0,0,4.58496747867057,2.07944154167984,0.139318119982331,0.333333333333333,196
X118-ZN04,X118,Soundview Park Zone 4,X,2026-07-01,H2,2026-05-21,2026-05-21,41,8,8,U,1,0,0,0,0.333333333333333,0.115384615384615,0,0,3.73766961828337,2.19722457733622,0.139202731679368,0.333333333333333,197
Q332,Q332,Woodtree Playground,Q,2026-07-01,H2,2026-04-03,2026-04-03,89,7,4,N,0,0,0,0,0.333333333333333,0.166666666666667,0.428571428571429,1,4.49980967033027,2.07944154167984,0.13798848166352,0.333333333333333,198
X010A-02,X010A,175th Street Playground,X,2026-07-01,H2,2026-02-25,2026-02-25,126,7,5,N,0,0,0,0,0.333333333333333,0.25,0.285714285714286,1,4.84418708645859,2.07944154167984,0.137206846026746,0.333333333333333,199
X017,X017,Richman (Echo) Park,X,2026-07-01,H2,2026-02-25,2026-02-25,126,7,5,N,0,0,0,0,0.333333333333333,0.15,0.285714285714286,1,4.84418708645859,2.07944154167984,0.137206846026746,0.333333333333333,200
Q319,Q319,Annadale Playground,Q,2026-07-01,H2,2026-06-08,2026-06-08,23,8,7,U,1,1,1,0,0.333333333333333,0.125,0.125,0,3.17805383034795,2.19722457733622,0.136640162017449,0.333333333333333,201
X008-ZN03,X008,Claremont Zone 3,X,2026-07-01,H2,2026-05-28,2026-05-28,34,8,6,U,1,0,0,0,0.333333333333333,0.136363636363636,0.25,0,3.55534806148941,2.19722457733622,0.136371007358941,0.333333333333333,202
Q211,Q211,Maple Playground,Q,2026-07-01,H2,2026-04-13,2026-04-13,79,8,6,A,0,0,1,0,0.333333333333333,0.136363636363636,0.25,0,4.38202663467388,2.19722457733622,0.136167021971085,0.333333333333333,203
X013-01,X013,University Avenue Playground,X,2026-07-01,H2,2026-03-13,2026-03-13,110,7,7,A,0,0,0,0,0.333333333333333,0.125,0,0,4.70953020131233,2.07944154167984,0.135136043784756,0.333333333333333,204
Q121-01,Q121,173 St Playground (det. Williams),Q,2026-07-01,H2,2026-04-20,2026-04-20,72,7,7,A,0,0,0,0,0.333333333333333,0.125,0,0,4.29045944114839,2.07944154167984,0.134765006900546,0.333333333333333,205
X307,X307,Barretto Point Park,X,2026-07-01,H2,2026-03-16,2026-03-16,107,7,7,A,0,0,0,0,0.333333333333333,0.125,0,0,4.68213122712422,2.07944154167984,0.134717934980211,0.333333333333333,206
B274,B274,Bayview Playground,B,2026-07-01,H2,2026-06-08,2026-06-08,23,8,8,A,0,0,0,0,0.333333333333333,0.192307692307692,0,0,3.17805383034795,2.19722457733622,0.134066576466643,0.333333333333333,207
M071-ZN22,M071,Skate Park And Basketball Courts,M,2026-07-01,H2,2025-06-13,2025-06-13,383,1,1,A,0,0,0,0,0,0.0833333333333333,0,0,5.95064255258773,0.693147180559945,0.134054654056935,0,208
X131,X131,Lozada Playground,X,2026-07-01,H2,2026-03-25,2026-03-25,98,7,6,N,0,0,0,0,0.333333333333333,0.227272727272727,0.142857142857143,1,4.59511985013459,2.07944154167984,0.133397377507736,0.333333333333333,209
X126-ZN04,X126,Ferry Point Park Zone 4,X,2026-07-01,H2,2026-03-26,2026-03-26,97,8,8,A,0,1,0,0,0.333333333333333,0.115384615384615,0,0,4.58496747867057,2.19722457733622,0.133244012185374,0.333333333333333,210
X160,X160,Caserta Playground,X,2026-07-01,H2,2026-06-04,2026-06-04,27,8,8,U,1,0,0,0,0.333333333333333,0.115384615384615,0,0,3.3322045101752,2.19722457733622,0.132971437457791,0.333333333333333,211
M010-ZN39,M010,Conservatory Gardens West Landscape,M,2026-07-01,H2,2025-07-30,2025-07-30,336,1,1,A,0,0,0,0,0,0.0833333333333333,0,0,5.82008293035236,0.693147180559945,0.132085543186497,0,212
Q002,Q002,Grover Cleveland Playground,Q,2026-07-01,H2,2026-05-04,2026-05-04,58,7,7,A,0,0,0,0,0.333333333333333,0.291666666666667,0,0,4.07753744390572,2.07944154167984,0.13155197907281,0.333333333333333,213
Q266,Q266,Westbourne Playground,Q,2026-07-01,H2,2026-05-04,2026-05-04,58,7,7,A,0,0,0,0,0.333333333333333,0.125,0,0,4.07753744390572,2.07944154167984,0.13155197907281,0.333333333333333,214
B073-ZN14,B073,Middle Long Meadow,B,2026-07-01,H2,2026-06-12,2026-06-12,19,8,8,A,0,0,0,0,0.333333333333333,0.115384615384615,0,0,2.99573227355399,2.19722457733622,0.131323394327043,0.333333333333333,215
B207,B207,Sarsfield Playground,B,2026-07-01,H2,2026-06-12,2026-06-12,19,8,8,A,0,1,0,0,0.333333333333333,0.192307692307692,0,0,2.99573227355399,2.19722457733622,0.131323394327043,0.333333333333333,216
B248,B248,Fox Playground,B,2026-07-01,H2,2026-06-12,2026-06-12,19,8,6,N,0,0,0,0,0.333333333333333,0.136363636363636,0.25,1,2.99573227355399,2.19722457733622,0.131323394327043,0.333333333333333,217
X108,X108,Belmont Playground,X,2026-07-01,H2,2026-04-07,2026-04-07,85,7,6,A,0,0,0,0,0.333333333333333,0.136363636363636,0.142857142857143,0,4.45434729625351,2.07944154167984,0.131284100467639,0.333333333333333,218
X353,X353,Yolanda García Park,X,2026-07-01,H2,2026-04-07,2026-04-07,85,7,6,A,0,1,0,0,0.333333333333333,0.136363636363636,0.142857142857143,0,4.45434729625351,2.07944154167984,0.131284100467639,0.333333333333333,219
X047-ZN01,X047,Franz Sigel Park Zone 1,X,2026-07-01,H2,2026-04-14,2026-04-14,78,8,6,A,0,0,0,0,0.333333333333333,0.136363636363636,0.25,0,4.36944785246702,2.19722457733622,0.130023375786218,0.333333333333333,220
X102,X102,Ciccarone Park,X,2026-07-01,H2,2026-04-16,2026-04-16,76,8,8,A,0,0,0,0,0.333333333333333,0.115384615384615,0,0,4.34380542185368,2.19722457733622,0.129644625309726,0.333333333333333,221
X021,X021,Drew Playground,X,2026-07-01,H2,2026-04-20,2026-04-20,72,8,8,A,0,0,0,0,0.333333333333333,0.115384615384615,0,0,4.29045944114839,2.19722457733622,0.128859688920108,0.333333333333333,222
X085,X085,Slattery Playground,X,2026-07-01,H2,2026-04-22,2026-04-22,70,7,7,A,0,0,0,0,0.333333333333333,0.125,0,0,4.26267987704132,2.07944154167984,0.12845254415616,0.333333333333333,223
M071-13,M071,Hippo Plgd,M,2026-07-01,H2,2025-10-17,2025-10-17,257,6,6,A,0,0,0,0,0,0.0454545454545455,0,0,5.55295958492162,1.94591014905531,0.128133155116014,0,224
Q011,Q011,Poppenhusen Playground,Q,2026-07-01,H2,2026-05-18,2026-05-18,44,7,5,A,0,0,1,0,0.333333333333333,0.15,0.285714285714286,0,3.80666248977032,2.07944154167984,0.127558615071859,0.333333333333333,225
Q303,Q303,Travers Park,Q,2026-07-01,H2,2026-05-18,2026-05-18,44,8,8,A,0,1,0,0,0.333333333333333,0.192307692307692,0,0,3.80666248977032,2.19722457733622,0.127558615071859,0.333333333333333,226
Q307,Q307,Delphin H. Greene Playground,Q,2026-07-01,H2,2026-05-29,2026-05-29,33,8,8,A,0,0,0,0,0.333333333333333,0.192307692307692,0,0,3.52636052461616,2.19722457733622,0.123535702913552,0.333333333333333,227
X030-ZN01,X030,Macombs Dam Park Zone 1 Upper,X,2026-07-01,H2,2026-05-13,2026-05-13,49,8,8,A,0,0,0,0,0.333333333333333,0.192307692307692,0,0,3.91202300542815,2.19722457733622,0.123406978718747,0.333333333333333,228
M283-ZN01,M283,Battery Park City Zone 1,M,2026-07-01,H2,2026-01-13,2026-01-13,169,7,1,A,0,0,0,0,0,0.0833333333333333,0.857142857142857,0,5.13579843705026,2.07944154167984,0.122162886785681,0,229
M069,M069,Vesuvio Playground,M,2026-07-01,H2,2026-01-27,2026-01-27,155,7,6,N,0,0,0,0,0,0.0454545454545455,0.142857142857143,1,5.04985600724954,2.07944154167984,0.12096305549966,0,230
M014-02,M014,Plgd One Fifty Two CLII,M,2026-07-01,H2,2026-02-02,2026-02-02,149,7,7,A,0,0,0,0,0,0.0416666666666667,0,0,5.01063529409626,2.07944154167984,0.120418885157857,0,231
M014-03,M014,"Playground One Forty Nine, CIL",M,2026-07-01,H2,2026-02-02,2026-02-02,149,7,4,N,0,0,0,0,0,0.166666666666667,0.428571428571429,1,5.01063529409626,2.07944154167984,0.120418885157857,0,232
M198,M198,"Martin Luther King, Jr. Playground",M,2026-07-01,H2,2026-02-02,2026-02-02,149,7,7,A,0,0,1,0,0,0.0416666666666667,0,0,5.01063529409626,2.07944154167984,0.120418885157857,0,233
M369,M369,Pier 42,M,2026-07-01,H2,2026-02-03,2026-02-03,148,4,2,N,0,0,0,0,0,0.0714285714285714,0.5,1,5.00394630594546,1.6094379124341,0.120326289530748,0,234
M056-01,M056,Playground 123,M,2026-07-01,H2,2026-02-06,2026-02-06,145,7,7,A,0,0,0,0,0,0.125,0,0,4.98360662170834,2.07944154167984,0.1200451049151,0,235
B103,B103,Cypress Hills Playground,B,2026-07-01,H2,2026-06-23,2026-06-23,8,7,7,A,0,1,0,0,0.333333333333333,0.208333333333333,0,0,2.19722457733622,2.07944154167984,0.119865577406952,0.333333333333333,236
B228,B228,Dr. Green Playground,B,2026-07-01,H2,2026-06-23,2026-06-23,8,8,7,A,0,0,0,0,0.333333333333333,0.208333333333333,0.125,0,2.19722457733622,2.19722457733622,0.119865577406952,0.333333333333333,237
M042-ZN02,M042,Inwood Hill Park Zone 2,M,2026-07-01,H2,2026-02-12,2026-02-12,139,6,3,N,0,0,0,0,0,0.0625,0.5,1,4.9416424226093,1.94591014905531,0.119466766465504,0,238
M089-01,M089,Evelyn's Playground,M,2026-07-01,H2,2026-02-12,2026-02-12,139,7,6,N,0,0,0,0,0,0.0454545454545455,0.142857142857143,1,4.9416424226093,2.07944154167984,0.119466766465504,0,239
M104-ZN02,M104,Sunken Meadow,M,2026-07-01,H2,2026-02-13,2026-02-13,138,7,5,N,0,0,0,0,0,0.05,0.285714285714286,1,4.93447393313069,2.07944154167984,0.119368213580267,0,240
M079,M079,St. Catherine's Park,M,2026-07-01,H2,2026-02-17,2026-02-17,134,7,7,A,0,0,0,0,0,0.0416666666666667,0,0,4.90527477843843,2.07944154167984,0.118967507500941,0,241
M010-ZN08,M010,Central Park West,M,2026-07-01,H2,2026-02-18,2026-02-18,133,8,8,A,0,1,0,0,0,0.0384615384615385,0,0,4.89783979995091,2.19722457733622,0.1188656617615,0,242
M077-04,M077,St Nicholas,M,2026-07-01,H2,2026-02-18,2026-02-18,133,7,7,A,0,0,0,0,0,0.0416666666666667,0,0,4.89783979995091,2.07944154167984,0.1188656617615,0,243
M186,M186,Brigadier General Charles Young Playground,M,2026-07-01,H2,2026-02-18,2026-02-18,133,7,5,A,0,0,0,0,0,0.05,0.285714285714286,0,4.89783979995091,2.07944154167984,0.1188656617615,0,244
M005-ZN01,M005,Battery Park Zone 1,M,2026-07-01,H2,2026-02-20,2026-02-20,131,7,7,A,0,0,0,0,0,0.0416666666666667,0,0,4.88280192258637,2.07944154167984,0.118659900623988,0,245
M140-01,M140,Ten Mile River Plgd,M,2026-07-01,H2,2026-02-25,2026-02-25,126,7,4,N,0,0,0,0,0,0.0555555555555556,0.428571428571429,1,4.84418708645859,2.07944154167984,0.118132950858778,0,246
M081-02,M081,Catbird Playground,M,2026-07-01,H2,2026-03-04,2026-03-04,119,7,6,A,0,0,0,0,0,0.0454545454545455,0.142857142857143,0,4.78749174278205,2.07944154167984,0.117362941928945,0,247
M220,M220,Frederick Douglass Playground,M,2026-07-01,H2,2026-03-04,2026-03-04,119,8,8,A,0,0,0,0,0,0.0384615384615385,0,0,4.78749174278205,2.19722457733622,0.117362941928945,0,248
M256,M256,MacArthur Playground,M,2026-07-01,H2,2026-03-04,2026-03-04,119,7,7,A,0,0,0,0,0,0.0416666666666667,0,0,4.78749174278205,2.07944154167984,0.117362941928945,0,249
M071-ZN18,M071,101st St. Soccer Field,M,2026-07-01,H2,2026-03-05,2026-03-05,118,7,7,A,0,1,0,0,0,0.0416666666666667,0,0,4.77912349311153,2.07944154167984,0.117249657640526,0,250
M107-ZN06,M107,Wards Meadow,M,2026-07-01,H2,2026-03-06,2026-03-06,117,7,7,A,0,0,0,0,0,0.0416666666666667,0,0,4.77068462446567,2.07944154167984,0.117135513394624,0,251
X112,X112,Hilton White Playground,X,2026-07-01,H2,2026-06-01,2026-06-01,30,8,8,A,0,0,0,0,0.333333333333333,0.115384615384615,0,0,3.43398720448515,2.19722457733622,0.116803685511135,0.333333333333333,252
M010-195,M010,Bendheim Plgd,M,2026-07-01,H2,2026-03-09,2026-03-09,114,7,4,N,0,0,0,0,0,0.0555555555555556,0.428571428571429,1,4.74493212836325,2.07944154167984,0.116787780474614,0,253
M072-01,M072,Riverbank Plgd,M,2026-07-01,H2,2026-03-12,2026-03-12,111,7,7,A,0,0,0,0,0,0.208333333333333,0,0,4.71849887129509,2.07944154167984,0.116431787296926,0,254
X002-05A,X002,Waring Plgd,X,2026-07-01,H2,2026-06-03,2026-06-03,28,8,8,A,0,0,1,0,0.333333333333333,0.115384615384615,0,0,3.36729582998647,2.19722457733622,0.115907215390384,0.333333333333333,255
M010-145,M010,Ancient Plgd,M,2026-07-01,H2,2026-03-18,2026-03-18,105,7,5,A,0,0,0,0,0,0.05,0.285714285714286,0,4.66343909411207,2.07944154167984,0.115693287345104,0,256
M010-ZN36,M010,North Meadow Recreation Center,M,2026-07-01,H2,2026-03-18,2026-03-18,105,6,1,A,0,0,0,0,0,0.0833333333333333,0.833333333333333,0,4.66343909411207,1.94591014905531,0.115693287345104,0,257
M081-ZN02,M081,Carl Schurz Promenade,M,2026-07-01,H2,2026-03-18,2026-03-18,105,7,7,A,0,0,0,0,0,0.0416666666666667,0,0,4.66343909411207,2.07944154167984,0.115693287345104,0,258
M104-ZN01,M104,Bronx Shore,M,2026-07-01,H2,2026-03-18,2026-03-18,105,8,8,A,0,0,0,0,0,0.0384615384615385,0,0,4.66343909411207,2.19722457733622,0.115693287345104,0,259
M211B,M211B,Langston Hughes Playground,M,2026-07-01,H2,2026-03-19,2026-03-19,104,8,8,A,0,0,1,0,0,0.192307692307692,0,0,4.65396035015752,2.19722457733622,0.115566563379173,0,260
M063,M063,Gertrude Ederle Recreation Center,M,2026-07-01,H2,2026-03-20,2026-03-20,103,7,5,A,0,0,0,0,0,0.05,0.285714285714286,0,4.64439089914137,2.07944154167984,0.115438749149108,0,261
M199,M199,Monsignor Kett Playground,M,2026-07-01,H2,2026-03-20,2026-03-20,103,6,1,A,0,0,0,0,0,0.0833333333333333,0.833333333333333,0,4.64439089914137,1.94591014905531,0.115438749149108,0,262
M234,M234,Wright Brothers Playground,M,2026-07-01,H2,2026-03-20,2026-03-20,103,7,7,A,0,1,0,0,0,0.125,0,0,4.64439089914137,2.07944154167984,0.115438749149108,0,263
M240,M240,Audubon Playground,M,2026-07-01,H2,2026-03-20,2026-03-20,103,8,4,A,0,1,0,0,0,0.0555555555555556,0.5,0,4.64439089914137,2.19722457733622,0.115438749149108,0,264
M028-ZN04,M028,Fort Washington Park Zone 4,M,2026-07-01,H2,2026-03-24,2026-03-24,99,7,7,A,0,0,0,0,0,0.125,0,0,4.60517018598809,2.07944154167984,0.114916181841175,0,265
M353-ZN02,M353,North Riverside Blvd and Slopes,M,2026-07-01,H2,2026-03-24,2026-03-24,99,7,2,N,0,0,0,0,0,0.0714285714285714,0.714285714285714,1,4.60517018598809,2.07944154167984,0.114916181841175,0,266
M071-08,M071,River Run Plgd,M,2026-07-01,H2,2026-03-30,2026-03-30,93,7,7,A,0,0,0,0,0,0.208333333333333,0,0,4.54329478227,2.07944154167984,0.114095954563192,0,267
Q306,Q306,The Painter's Playground,Q,2026-07-01,H2,2026-06-15,2026-06-15,16,7,6,A,0,0,0,0,0.333333333333333,0.136363636363636,0.142857142857143,0,2.83321334405622,2.07944154167984,0.11405371183067,0.333333333333333,268
Q335,Q335,Russell Sage Playground,Q,2026-07-01,H2,2026-06-15,2026-06-15,16,8,6,A,0,0,0,0,0.333333333333333,0.136363636363636,0.25,0,2.83321334405622,2.19722457733622,0.11405371183067,0.333333333333333,269
M045,M045,John Jay Park,M,2026-07-01,H2,2026-04-01,2026-04-01,91,7,7,A,0,0,0,0,0,0.125,0,0,4.52178857704904,2.07944154167984,0.113812062548333,0,270
M235,M235,Sol Lain Plgd,M,2026-07-01,H2,2026-04-01,2026-04-01,91,8,7,A,0,0,0,0,0,0.0416666666666667,0.125,0,4.52178857704904,2.19722457733622,0.113812062548333,0,271
M037-04,M037,Wallenberg Plgd,M,2026-07-01,H2,2026-04-03,2026-04-03,89,8,6,N,0,0,0,0,0,0.136363636363636,0.25,1,4.49980967033027,2.19722457733622,0.113522566952147,0,272
M219,M219,Tecumseh Playground,M,2026-07-01,H2,2026-04-03,2026-04-03,89,7,5,A,0,0,0,0,0,0.05,0.285714285714286,0,4.49980967033027,2.07944154167984,0.113522566952147,0,273
Q005-ZN03,Q005,Baisley Pond Park Zone 3,Q,2026-07-01,H2,2026-06-16,2026-06-16,15,8,8,A,0,0,0,0,0.333333333333333,0.115384615384615,0,0,2.77258872223978,2.19722457733622,0.113255274504051,0.333333333333333,274
Q005-ZN04,Q005,Baisley Pond Park Zone 4,Q,2026-07-01,H2,2026-06-16,2026-06-16,15,8,8,A,0,0,0,0,0.333333333333333,0.269230769230769,0,0,2.77258872223978,2.19722457733622,0.113255274504051,0.333333333333333,275
M216,M216,Holcombe Rucker Park,M,2026-07-01,H2,2026-04-06,2026-04-06,86,8,8,A,0,1,0,0,0,0.115384615384615,0,0,4.46590811865458,2.19722457733622,0.113077291063116,0,276
M042-ZN01,M042,Inwood Hill Park Zone 1,M,2026-07-01,H2,2026-04-07,2026-04-07,85,8,8,A,0,0,0,0,0,0.0384615384615385,0,0,4.45434729625351,2.19722457733622,0.112925795599097,0,277
M047,M047,Thomas Jefferson Park,M,2026-07-01,H2,2026-04-09,2026-04-09,83,3,2,N,0,0,0,0,0,0.0714285714285714,0.333333333333333,1,4.43081679884331,1.38629436111989,0.112617994082525,0,278
M081-ZN01,M081,Carl Schurz Main Lawn,M,2026-07-01,H2,2026-04-09,2026-04-09,83,7,7,A,0,0,1,0,0,0.0416666666666667,0,0,4.43081679884331,2.07944154167984,0.112617994082525,0,279
M008,M008,Bryant Park,M,2026-07-01,H2,2026-04-10,2026-04-10,82,7,7,A,0,0,0,0,0,0.0416666666666667,0,0,4.4188406077966,2.07944154167984,0.112461615449517,0,280
M107-01,M107,Scylla Playground,M,2026-07-01,H2,2026-04-13,2026-04-13,79,8,4,A,0,0,0,0,0,0.0555555555555556,0.5,0,4.38202663467388,2.19722457733622,0.111982105378526,0,281
M010-ZN20,M010,Bethesda Terrace,M,2026-07-01,H2,2026-04-15,2026-04-15,77,8,6,A,0,0,0,0,0,0.0454545454545455,0.25,0,4.35670882668959,2.19722457733622,0.111653373104136,0,282
M010-ZN10&11,M010,Sheep Meadow,M,2026-07-01,H2,2026-04-16,2026-04-16,76,8,8,A,0,1,0,0,0,0.0384615384615385,0,0,4.34380542185368,2.19722457733622,0.111486157108785,0,283
M154,M154,Mathews-Palmer Playground,M,2026-07-01,H2,2026-04-16,2026-04-16,76,8,6,N,0,0,0,0,0,0.0454545454545455,0.25,1,4.34380542185368,2.19722457733622,0.111486157108785,0,284
R068,R068,The Big Park,R,2026-07-01,H2,2026-03-05,2026-03-05,118,7,7,U,1,0,0,0,0.333333333333333,0.125,0,0,4.77912349311153,2.07944154167984,0.11146962008499,0.333333333333333,285
M071-31,M071,Claremont Playground,M,2026-07-01,H2,2026-04-17,2026-04-17,75,7,5,A,0,0,0,0,0,0.05,0.285714285714286,0,4.33073334028633,2.07944154167984,0.1113169785818,0,286
M108Q,M108Q,Twenty-Four Sycamores Park,M,2026-07-01,H2,2026-04-20,2026-04-20,72,8,4,N,0,0,0,0,0,0.0555555555555556,0.5,1,4.29045944114839,2.19722457733622,0.110797165996473,0,287
M010-031,M010,Heckscher Plgd,M,2026-07-01,H2,2026-04-24,2026-04-24,68,8,8,A,0,1,0,0,0,0.115384615384615,0,0,4.23410650459726,2.19722457733622,0.110073389850961,0,288
M018,M018,Carmansville Playground,M,2026-07-01,H2,2026-04-24,2026-04-24,68,8,8,A,0,1,0,0,0,0.0384615384615385,0,0,4.23410650459726,2.19722457733622,0.110073389850961,0,289
M236,M236,Samuel Seabury Playground,M,2026-07-01,H2,2026-04-24,2026-04-24,68,8,7,A,0,1,0,0,0,0.0416666666666667,0.125,0,4.23410650459726,2.19722457733622,0.110073389850961,0,290
M029-ZN01,M029,Fort Tryon Park Zone 1,M,2026-07-01,H2,2026-04-28,2026-04-28,64,8,8,A,0,0,0,0,0,0.115384615384615,0,0,4.17438726989564,2.19722457733622,0.109310903397275,0,291
M105,M105,Sara D. Roosevelt Park,M,2026-07-01,H2,2026-04-28,2026-04-28,64,8,7,A,0,0,0,0,0,0.0416666666666667,0.125,0,4.17438726989564,2.19722457733622,0.109310903397275,0,292
B262,B262,Potomac Playground,B,2026-07-01,H2,2026-01-14,2026-01-14,168,7,7,A,0,0,1,0,0,0.125,0,0,5.12989871492307,2.07944154167984,0.109153423702091,0,293
M077-02,M077,St Nicholas,M,2026-07-01,H2,2026-04-29,2026-04-29,63,8,7,A,0,0,0,0,0,0.0416666666666667,0.125,0,4.15888308335967,2.19722457733622,0.109113707269796,0,294
B529-ZN01,B529,Bushwick Inlet Zone 1,B,2026-07-01,H2,2026-01-15,2026-01-15,167,3,3,A,0,0,0,0,0,0.0625,0,0,5.12396397940326,1.38629436111989,0.109077998990007,0,295
M161,M161,McCaffrey Playground,M,2026-07-01,H2,2026-04-30,2026-04-30,62,7,6,N,0,0,0,0,0,0.0454545454545455,0.142857142857143,1,4.14313472639153,2.07944154167984,0.108913725216246,0,296
M231,M231,Damrosch Park,M,2026-07-01,H2,2026-05-01,2026-05-01,61,8,1,N,0,0,0,0,0,0.0833333333333333,0.875,1,4.12713438504509,2.19722457733622,0.108710872874754,0,297
B124,B124,William Sheridan Playground,B,2026-07-01,H2,2026-01-20,2026-01-20,162,7,7,A,0,0,0,0,0,0.0416666666666667,0,0,5.09375020080676,2.07944154167984,0.108694720073225,0,298
B141,B141,City Line Park,B,2026-07-01,H2,2026-01-23,2026-01-23,159,7,2,N,0,0,0,0,0,0.0714285714285714,0.714285714285714,1,5.07517381523383,2.07944154167984,0.108459655534775,0,299
B210W,B210W,John J Carty Park,B,2026-07-01,H2,2026-01-23,2026-01-23,159,7,7,A,0,0,0,0,0,0.0416666666666667,0,0,5.07517381523383,2.07944154167984,0.108459655534775,0,300
X002-04,X002,Ben Abrams Playground,X,2026-07-01,H2,2026-06-16,2026-06-16,15,8,7,A,0,0,0,0,0.333333333333333,0.208333333333333,0.125,0,2.77258872223978,2.19722457733622,0.108174659522026,0.333333333333333,301
B250,B250,Nostrand Playground,B,2026-07-01,H2,2026-01-27,2026-01-27,155,7,7,A,0,0,0,0,0,0.0416666666666667,0,0,5.04985600724954,2.07944154167984,0.108140004464237,0,302
M244,M244,Sol Bloom Playground,M,2026-07-01,H2,2026-05-04,2026-05-04,58,8,3,N,0,0,0,0,0,0.0625,0.625,1,4.07753744390572,2.19722457733622,0.108084189484601,0,303
B251-04,B251,Pat Parlato Plgd,B,2026-07-01,H2,2026-01-30,2026-01-30,152,7,7,A,0,0,0,0,0,0.0416666666666667,0,0,5.03043792139244,2.07944154167984,0.107895401822403,0,304
M071-ZN20,M071,Hudson Beach Volleyball Courts & Café,M,2026-07-01,H2,2026-05-05,2026-05-05,57,8,5,A,0,0,0,0,0,0.05,0.375,0,4.06044301054642,2.19722457733622,0.107868929130061,0,305
B284,B284,Marc And Jason's Playground,B,2026-07-01,H2,2026-02-02,2026-02-02,149,7,7,A,0,1,0,0,0,0.0416666666666667,0,0,5.01063529409626,2.07944154167984,0.107646456278901,0,306
B220,B220,Washington Hall Park,B,2026-07-01,H2,2026-02-03,2026-02-03,148,7,7,A,0,0,0,0,0,0.125,0,0,5.00394630594546,2.07944154167984,0.107562480929454,0,307
B223F,B223F,Squibb Park,B,2026-07-01,H2,2026-02-03,2026-02-03,148,7,6,N,0,0,0,0,0,0.0454545454545455,0.142857142857143,1,5.00394630594546,2.07944154167984,0.107562480929454,0,308
X092-ZN12,X092,Allen Shandler Rec Area,X,2026-07-01,H2,2026-06-17,2026-06-17,14,8,6,A,0,0,0,0,0.333333333333333,0.136363636363636,0.25,0,2.70805020110221,2.19722457733622,0.107363339758828,0.333333333333333,309
Q397,Q397,Auburndale Playground,Q,2026-07-01,H2,2026-06-22,2026-06-22,9,8,7,A,0,0,0,0,0.333333333333333,0.208333333333333,0.125,0,2.30258509299405,2.19722457733622,0.107229283899948,0.333333333333333,310
B050,B050,Van Voorhees Playground,B,2026-07-01,H2,2026-02-09,2026-02-09,142,7,7,A,0,0,0,0,0,0.0416666666666667,0,0,4.96284463025991,2.07944154167984,0.107047743247429,0,311
B016,B016,Maria Hernandez Park,B,2026-07-01,H2,2026-02-13,2026-02-13,138,7,7,A,0,0,0,0,0,0.0416666666666667,0,0,4.93447393313069,2.07944154167984,0.106693708039438,0,312
B362,B362,Chester Playground,B,2026-07-01,H2,2026-02-17,2026-02-17,134,7,1,N,0,0,0,0,0,0.0833333333333333,0.857142857142857,1,4.90527477843843,2.07944154167984,0.106330411635147,0,313
M104-ZN03,M104,Stadium Area,M,2026-07-01,H2,2026-05-12,2026-05-12,50,8,8,A,0,0,0,0,0,0.0384615384615385,0,0,3.93182563272433,2.19722457733622,0.10626138096943,0,314
B166D,B166D,McGuire Fields,B,2026-07-01,H2,2026-02-18,2026-02-18,133,7,7,A,0,0,0,0,0,0.0416666666666667,0,0,4.89783979995091,2.07944154167984,0.106238079746536,0,315
B073-20,B073,Harmony Playground,B,2026-07-01,H2,2026-02-19,2026-02-19,132,7,7,A,0,0,0,0,0,0.0416666666666667,0,0,4.89034912822175,2.07944154167984,0.10614512767593,0,316
B431-ZN06,B431,Brooklyn Bridge Park Zone 6,B,2026-07-01,H2,2026-02-19,2026-02-19,132,7,7,A,0,0,0,0,0,0.0416666666666667,0,0,4.89034912822175,2.07944154167984,0.10614512767593,0,317
M010-ZN42&43,M010,Frawleys' Run,M,2026-07-01,H2,2026-05-13,2026-05-13,49,8,8,A,0,1,0,0,0,0.0384615384615385,0,0,3.91202300542815,2.19722457733622,0.106015757542496,0,318
M258,M258,East River Playground,M,2026-07-01,H2,2026-05-13,2026-05-13,49,8,8,A,0,1,0,0,0,0.0384615384615385,0,0,3.91202300542815,2.19722457733622,0.106015757542496,0,319
M300,M300,Sherman Creek,M,2026-07-01,H2,2026-05-13,2026-05-13,49,8,8,A,0,0,0,0,0,0.0384615384615385,0,0,3.91202300542815,2.19722457733622,0.106015757542496,0,320
B159-01,B159,Mt Prospect Park Playground,B,2026-07-01,H2,2026-02-24,2026-02-24,127,7,5,N,0,0,0,0,0,0.05,0.285714285714286,1,4.85203026391962,2.07944154167984,0.105670747591822,0,321
B234,B234,Tilden Playground,B,2026-07-01,H2,2026-02-24,2026-02-24,127,7,6,N,0,0,0,0,0,0.0454545454545455,0.142857142857143,1,4.85203026391962,2.07944154167984,0.105670747591822,0,322
B300,B300,Oracle Playground,B,2026-07-01,H2,2026-02-24,2026-02-24,127,7,7,A,0,0,0,0,0,0.0416666666666667,0,0,4.85203026391962,2.07944154167984,0.105670747591822,0,323
B058-ZN01,B058,McCarren Park Zone 1,B,2026-07-01,H2,2026-02-26,2026-02-26,125,7,6,A,0,0,0,0,0,0.136363636363636,0.142857142857143,0,4.83628190695148,2.07944154167984,0.105476328649949,0,324
B051,B051,Kelly Park Playground,B,2026-07-01,H2,2026-02-27,2026-02-27,124,7,4,A,0,0,0,0,0,0.0555555555555556,0.428571428571429,0,4.8283137373023,2.07944154167984,0.105378079084503,0,325
B060-01,B060,McKinley Park Playground,B,2026-07-01,H2,2026-03-04,2026-03-04,119,7,4,N,0,0,0,0,0,0.166666666666667,0.428571428571429,1,4.78749174278205,2.07944154167984,0.10487599897432,0,326
B192,B192,Russell Pedersen Playground,B,2026-07-01,H2,2026-03-04,2026-03-04,119,7,4,A,0,0,0,0,0,0.166666666666667,0.428571428571429,0,4.78749174278205,2.07944154167984,0.10487599897432,0,327
B222,B222,Pierrepont Playground,B,2026-07-01,H2,2026-03-04,2026-03-04,119,7,7,A,0,0,0,0,0,0.0416666666666667,0,0,4.78749174278205,2.07944154167984,0.10487599897432,0,328
B364,B364,Woods Playground,B,2026-07-01,H2,2026-03-04,2026-03-04,119,7,6,A,0,0,0,0,0,0.0454545454545455,0.142857142857143,0,4.78749174278205,2.07944154167984,0.10487599897432,0,329
B169-ZN04A,B169,Coney Island Beach Zone 4a,B,2026-07-01,H2,2026-03-05,2026-03-05,118,7,1,N,0,0,0,0,0,0.0833333333333333,0.857142857142857,1,4.77912349311153,2.07944154167984,0.104773336927634,0,330
B152,B152,Rappaport Playground,B,2026-07-01,H2,2026-03-06,2026-03-06,117,7,7,A,0,0,0,0,0,0.0416666666666667,0,0,4.77068462446567,2.07944154167984,0.104669898394211,0,331
B286,B286,Bartlett Playground,B,2026-07-01,H2,2026-03-09,2026-03-09,114,7,7,A,0,0,0,0,0,0.125,0,0,4.74493212836325,2.07944154167984,0.104354797264865,0,332
M076,M076,St. Vartan Park,M,2026-07-01,H2,2026-05-20,2026-05-20,42,7,7,A,0,0,0,0,0,0.0416666666666667,0,0,3.76120011569356,2.07944154167984,0.104161387420005,0,333
M233,M233,Matthew P. Sapolin Playground,M,2026-07-01,H2,2026-05-20,2026-05-20,42,8,3,A,0,1,0,0,0,0.0625,0.625,0,3.76120011569356,2.19722457733622,0.104161387420005,0,334
B161,B161,James Forten Playground,B,2026-07-01,H2,2026-03-16,2026-03-16,107,7,7,A,0,0,0,0,0,0.0416666666666667,0,0,4.68213122712422,2.07944154167984,0.103589892985309,0,335
B357,B357,Jackie Robinson Playground,B,2026-07-01,H2,2026-03-16,2026-03-16,107,7,7,A,0,0,0,0,0,0.0416666666666667,0,0,4.68213122712422,2.07944154167984,0.103589892985309,0,336
B113A,B113A,Cadman Plaza Park,B,2026-07-01,H2,2026-03-17,2026-03-17,106,8,5,A,0,0,0,0,0,0.05,0.375,0,4.67282883446191,2.19722457733622,0.103477013989815,0,337
B253,B253,Albert L. Parham Playground,B,2026-07-01,H2,2026-03-17,2026-03-17,106,8,7,A,0,0,0,0,0,0.0416666666666667,0.125,0,4.67282883446191,2.19722457733622,0.103477013989815,0,338
B292,B292,Pratt Playground,B,2026-07-01,H2,2026-03-17,2026-03-17,106,7,7,A,0,1,0,0,0,0.0416666666666667,0,0,4.67282883446191,2.07944154167984,0.103477013989815,0,339
B028-03,B028,Dyker Plgd,B,2026-07-01,H2,2026-03-18,2026-03-18,105,7,7,A,0,0,0,0,0,0.0416666666666667,0,0,4.66343909411207,2.07944154167984,0.103363185437305,0,340
B210J,B210J,Pena Herrera Playground,B,2026-07-01,H2,2026-03-18,2026-03-18,105,7,7,A,0,0,0,0,0,0.0416666666666667,0,0,4.66343909411207,2.07944154167984,0.103363185437305,0,341
B236,B236,Glenwood Playground,B,2026-07-01,H2,2026-03-23,2026-03-23,100,7,7,A,0,0,0,0,0,0.0416666666666667,0,0,4.61512051684126,2.07944154167984,0.102779186492456,0,342
B018-ZN01,B018,Canarsie Park Zone 1,B,2026-07-01,H2,2026-03-24,2026-03-24,99,7,7,A,0,0,0,0,0,0.0416666666666667,0,0,4.60517018598809,2.07944154167984,0.10265928589845,0,343
B218,B218,Paerdegat Park,B,2026-07-01,H2,2026-03-25,2026-03-25,98,7,7,A,0,0,0,0,0,0.0416666666666667,0,0,4.59511985013459,2.07944154167984,0.102538306015354,0,344
B032-01,B032,Fort Greene Plgd,B,2026-07-01,H2,2026-03-27,2026-03-27,96,7,7,A,0,0,0,0,0,0.125,0,0,4.57471097850338,2.07944154167984,0.102293024860857,0,345
B032-ZN03,B032,Fort Greene Park Zone 3,B,2026-07-01,H2,2026-03-27,2026-03-27,96,8,8,A,0,0,0,0,0,0.0384615384615385,0,0,4.57471097850338,2.19722457733622,0.102293024860857,0,346
B210A,B210A,John Allen Payne Playground,B,2026-07-01,H2,2026-03-27,2026-03-27,96,7,7,A,0,0,0,0,0,0.0416666666666667,0,0,4.57471097850338,2.07944154167984,0.102293024860857,0,347
B111,B111,Washington Park,B,2026-07-01,H2,2026-03-30,2026-03-30,93,8,8,A,0,0,0,0,0,0.0384615384615385,0,0,4.54329478227,2.19722457733622,0.101916469801175,0,348
B285,B285,Harry Maze Playground,B,2026-07-01,H2,2026-03-31,2026-03-31,92,8,6,A,0,0,0,0,0,0.0454545454545455,0.25,0,4.53259949315326,2.19722457733622,0.101788556530153,0,349
Q428,Q428,Horace Harding Playground,Q,2026-07-01,H2,2025-10-06,2025-10-06,268,6,2,N,0,0,0,0,0,0.0714285714285714,0.666666666666667,1,5.59471137960184,1.94591014905531,0.101736236722698,0,350
B017,B017,Bushwick Playground,B,2026-07-01,H2,2026-04-01,2026-04-01,91,8,8,A,0,0,1,0,0,0.115384615384615,0,0,4.52178857704904,2.19722457733622,0.101659405071244,0,351
B224,B224,P.O. Reinaldo Salgado Playground,B,2026-07-01,H2,2026-04-01,2026-04-01,91,7,7,A,0,0,1,0,0,0.125,0,0,4.52178857704904,2.07944154167984,0.101659405071244,0,352
M098-ZN01,M098,Washington Square Park Western Half,M,2026-07-01,H2,2026-05-29,2026-05-29,33,8,8,A,0,0,1,0,0,0.0384615384615385,0,0,3.52636052461616,2.19722457733622,0.101331093224832,0,353
B128,B128,Colonel David Marcus Playground,B,2026-07-01,H2,2026-04-06,2026-04-06,86,7,7,A,0,0,0,0,0,0.125,0,0,4.46590811865458,2.07944154167984,0.100994149826713,0,354
B297,B297,Albemarle Playground,B,2026-07-01,H2,2026-04-06,2026-04-06,86,7,6,A,0,0,0,0,0,0.0454545454545455,0.142857142857143,0,4.46590811865458,2.07944154167984,0.100994149826713,0,355
B057-06,B057,Seba Playground,B,2026-07-01,H2,2026-04-07,2026-04-07,85,7,7,A,0,0,0,0,0,0.125,0,0,4.45434729625351,2.07944154167984,0.100857001893341,0,356
B169-ZN05A,B169,Coney Island Beach Zone 5a,B,2026-07-01,H2,2026-04-07,2026-04-07,85,8,8,A,0,0,0,0,0,0.0384615384615385,0,0,4.45434729625351,2.19722457733622,0.100857001893341,0,357
B077-01,B077,Coffey Park Playground,B,2026-07-01,H2,2026-04-10,2026-04-10,82,8,8,A,0,0,0,0,0,0.0384615384615385,0,0,4.4188406077966,2.19722457733622,0.100436813561188,0,358
B251-ZN02,B251,Manhattan Beach Zone 2,B,2026-07-01,H2,2026-04-10,2026-04-10,82,6,2,N,0,0,0,0,0,0.0714285714285714,0.666666666666667,1,4.4188406077966,1.94591014905531,0.100436813561188,0,359
B308,B308,Yak Playground,B,2026-07-01,H2,2026-04-10,2026-04-10,82,7,7,A,0,0,0,0,0,0.125,0,0,4.4188406077966,2.07944154167984,0.100436813561188,0,360
M226,M226,Augustus St. Gaudens Playground,M,2026-07-01,H2,2026-06-01,2026-06-01,30,8,4,N,0,0,0,0,0,0.0555555555555556,0.5,1,3.43398720448515,2.19722457733622,0.100236629139784,0,361
M011,M011,Chelsea Park,M,2026-07-01,H2,2026-06-02,2026-06-02,29,8,8,A,0,0,0,0,0,0.0384615384615385,0,0,3.40119738166216,2.19722457733622,0.0998506594018117,0,362
M229,M229,Happy Warrior Playground,M,2026-07-01,H2,2026-06-02,2026-06-02,29,8,2,N,0,0,0,0,0,0.0714285714285714,0.75,1,3.40119738166216,2.19722457733622,0.0998506594018117,0,363
M399,M399,Bella Abzug Park,M,2026-07-01,H2,2026-06-02,2026-06-02,29,8,8,A,0,0,0,0,0,0.192307692307692,0,0,3.40119738166216,2.19722457733622,0.0998506594018117,0,364
B129-ZN01,B129,Kaiser Park Zone 1,B,2026-07-01,H2,2026-04-15,2026-04-15,77,8,8,A,0,0,0,0,0,0.0384615384615385,0,0,4.35670882668959,2.19722457733622,0.0997052830367818,0,365
B169-ZN07A,B169,Coney Island Beach Zone 7a,B,2026-07-01,H2,2026-04-15,2026-04-15,77,7,3,N,0,0,0,0,0,0.0625,0.571428571428571,1,4.35670882668959,2.07944154167984,0.0997052830367818,0,366
B025-01,B025,Carnegie Plgd,B,2026-07-01,H2,2026-04-16,2026-04-16,76,7,4,A,0,0,0,0,0,0.0555555555555556,0.428571428571429,0,4.34380542185368,2.07944154167984,0.0995539556134719,0,367
B316,B316,DiGilio Playground,B,2026-07-01,H2,2026-04-16,2026-04-16,76,7,7,A,0,0,0,0,0,0.0416666666666667,0,0,4.34380542185368,2.07944154167984,0.0995539556134719,0,368
M071-04,M071,Neufeld Plgd,M,2026-07-01,H2,2026-06-03,2026-06-03,28,8,8,A,0,0,0,0,0,0.115384615384615,0,0,3.36729582998647,2.19722457733622,0.099452993342067,0,369
B043,B043,Greenpoint Playground,B,2026-07-01,H2,2026-04-17,2026-04-17,75,7,7,A,0,0,0,0,0,0.0416666666666667,0,0,4.33073334028633,2.07944154167984,0.0994008583386978,0,370
M065,M065,Luther Gulick Park,M,2026-07-01,H2,2026-06-04,2026-06-04,27,8,8,A,0,0,1,0,0,0.115384615384615,0,0,3.3322045101752,2.19722457733622,0.0990428557577281,0,371
B079,B079,Saratoga Park,B,2026-07-01,H2,2026-04-20,2026-04-20,72,8,8,A,0,0,0,0,0,0.115384615384615,0,0,4.29045944114839,2.19722457733622,0.0989304955372382,0,372
B131,B131,Rudd Playground,B,2026-07-01,H2,2026-04-20,2026-04-20,72,7,3,N,0,0,0,0,0,0.0625,0.571428571428571,1,4.29045944114839,2.07944154167984,0.0989304955372382,0,373
B395,B395,Green Central Knoll,B,2026-07-01,H2,2026-04-20,2026-04-20,72,8,8,A,0,0,0,0,0,0.0384615384615385,0,0,4.29045944114839,2.19722457733622,0.0989304955372382,0,374
B247-01,B247,Breukelen Plgd,B,2026-07-01,H2,2026-04-21,2026-04-21,71,8,8,A,0,0,0,0,0,0.115384615384615,0,0,4.27666611901606,2.19722457733622,0.098769858027222,0,375
B012,B012,Brower Park,B,2026-07-01,H2,2026-04-22,2026-04-22,70,8,8,A,0,0,0,0,0,0.269230769230769,0,0,4.26267987704132,2.19722457733622,0.0986072109500419,0,376
B054-01,B054,Lincoln Terrace Park / Arthur S. Somers Playground,B,2026-07-01,H2,2026-04-22,2026-04-22,70,7,6,A,0,0,0,0,0,0.0454545454545455,0.142857142857143,0,4.26267987704132,2.07944154167984,0.0986072109500419,0,377
B245,B245,St. John's Park,B,2026-07-01,H2,2026-04-23,2026-04-23,69,8,8,A,0,0,0,0,0,0.0384615384615385,0,0,4.24849524204936,2.19722457733622,0.0984425004231726,0,378
B087-01,B087,Sunset Park Playground,B,2026-07-01,H2,2026-04-27,2026-04-27,65,7,7,A,0,0,0,0,0,0.125,0,0,4.18965474202643,2.07944154167984,0.0977618650648349,0,379
B254,B254,Wingate Park,B,2026-07-01,H2,2026-04-27,2026-04-27,65,8,7,A,0,0,0,0,0,0.125,0.125,0,4.18965474202643,2.19722457733622,0.0977618650648349,0,380
R033,R033,Levy Playground,R,2026-07-01,H2,2026-02-19,2026-02-19,132,8,8,A,0,0,0,0,0.333333333333333,0.269230769230769,0,0,4.89034912822175,2.19722457733622,0.0977306819365995,0.333333333333333,381
B169-ZN05B,B169,Coney Island Beach Zone 5b,B,2026-07-01,H2,2026-04-28,2026-04-28,64,8,2,N,0,0,0,0,0,0.0714285714285714,0.75,1,4.17438726989564,2.19722457733622,0.0975859460358546,0,382
B169-ZN07C,B169,Coney Island Beach Zone 7c,B,2026-07-01,H2,2026-04-28,2026-04-28,64,8,3,N,0,0,0,0,0,0.0625,0.625,1,4.17438726989564,2.19722457733622,0.0975859460358546,0,383
B049,B049,Irving Square Park,B,2026-07-01,H2,2026-04-30,2026-04-30,62,3,2,A,0,1,0,0,0,0.0714285714285714,0.333333333333333,0,4.14313472639153,1.38629436111989,0.097226719741805,0,384
B271,B271,Railroad Playground,B,2026-07-01,H2,2026-05-01,2026-05-01,61,7,7,A,0,1,0,0,0,0.0416666666666667,0,0,4.12713438504509,2.07944154167984,0.0970432639700839,0,385
Q050-ZN08A,Q050,Rockaway Beach 08a,Q,2026-07-01,H2,2026-01-07,2026-01-07,175,7,3,N,0,0,0,0,0,0.0625,0.571428571428571,1,5.17048399503815,2.07944154167984,0.0967784891474641,0,386
M010-ZN16,M010,Pilgrim Hill & Conservatory Water,M,2026-07-01,H2,2026-06-09,2026-06-09,22,8,8,A,0,0,0,0,0,0.0384615384615385,0,0,3.13549421592915,2.19722457733622,0.0967715320406329,0,387
M010-ZN46,M010,The Great Hill,M,2026-07-01,H2,2026-06-09,2026-06-09,22,9,5,A,0,0,0,0,0,0.05,0.444444444444444,0,3.13549421592915,2.30258509299405,0.0967715320406329,0,388
B348,B348,Willoughby Playground,B,2026-07-01,H2,2026-05-04,2026-05-04,58,7,7,A,0,0,0,1,0,0.125,0,0,4.07753744390572,2.07944154167984,0.0964765601269064,0,389
Q429,Q429,Spirit Playground,Q,2026-07-01,H2,2026-01-21,2026-01-21,161,7,5,A,0,0,1,0,0,0.05,0.285714285714286,0,5.08759633523238,2.07944154167984,0.0958353648460075,0,390
Q342,Q342,Electric Playground,Q,2026-07-01,H2,2026-01-26,2026-01-26,156,7,6,N,0,0,0,0,0,0.136363636363636,0.142857142857143,1,5.05624580534831,2.07944154167984,0.0954807944477732,0,391
Q348,Q348,Willow Lake Playground,Q,2026-07-01,H2,2026-01-27,2026-01-27,155,7,7,A,0,0,0,0,0,0.0416666666666667,0,0,5.04985600724954,2.07944154167984,0.095408670762694,0,392
Q099-15,Q099,Triassic Playground,Q,2026-07-01,H2,2026-01-30,2026-01-30,152,7,3,N,0,0,0,0,0,0.0625,0.571428571428571,1,5.03043792139244,2.07944154167984,0.0951897916500509,0,393
M386,M386,Imagination Playground,M,2026-07-01,H2,2026-06-12,2026-06-12,19,8,6,A,0,0,1,0,0,0.136363636363636,0.25,0,2.99573227355399,2.19722457733622,0.0951861359717746,0,394
B140,B140,Banneker Playground,B,2026-07-01,H2,2026-05-11,2026-05-11,51,7,7,A,0,1,0,0,0,0.0416666666666667,0,0,3.95124371858143,2.07944154167984,0.0950468337741708,0,395
Q001A-01,Q001A,Alley Athletic Playground,Q,2026-07-01,H2,2026-02-02,2026-02-02,149,5,5,A,0,0,0,0,0,0.05,0,0,5.01063529409626,1.79175946922806,0.0949670408674945,0,396
Q031,Q031,Lawrence Virgilio Playground,Q,2026-07-01,H2,2026-02-02,2026-02-02,149,6,6,A,0,0,1,0,0,0.0454545454545455,0,0,5.01063529409626,1.94591014905531,0.0949670408674945,0,397
Q067A,Q067A,General Hart Playground,Q,2026-07-01,H2,2026-02-02,2026-02-02,149,7,5,N,0,0,0,0,0,0.15,0.285714285714286,1,5.01063529409626,2.07944154167984,0.0949670408674945,0,398
Q356,Q356,Alley Park,Q,2026-07-01,H2,2026-02-02,2026-02-02,149,7,7,A,0,0,0,0,0,0.125,0,0,5.01063529409626,2.07944154167984,0.0949670408674945,0,399
Q390,Q390,Clintonville Playground,Q,2026-07-01,H2,2026-02-05,2026-02-05,146,7,5,N,0,0,0,0,0,0.15,0.285714285714286,1,4.99043258677874,2.07944154167984,0.0947402706696631,0,400
Q118,Q118,Police Officer Nicholas Demutiis Park,Q,2026-07-01,H2,2026-02-06,2026-02-06,145,7,5,N,0,0,0,0,0,0.05,0.285714285714286,1,4.98360662170834,2.07944154167984,0.0946637606109853,0,401
Q329,Q329,Pomonok Playground,Q,2026-07-01,H2,2026-02-06,2026-02-06,145,7,7,A,0,1,0,0,0,0.0416666666666667,0,0,4.98360662170834,2.07944154167984,0.0946637606109853,0,402
R045-01,R045,Schmul Park,R,2026-07-01,H2,2026-03-23,2026-03-23,100,7,4,A,0,0,0,0,0.333333333333333,0.166666666666667,0.428571428571429,0,4.61512051684126,2.07944154167984,0.0946033286699388,0.333333333333333,403
Q008-02,Q008,Brookville Park Playground,Q,2026-07-01,H2,2026-02-09,2026-02-09,142,7,7,A,0,0,0,0,0,0.0416666666666667,0,0,4.96284463025991,2.07944154167984,0.0944313860661181,0,404
Q046,Q046,Josephine Caminiti Playground,Q,2026-07-01,H2,2026-02-09,2026-02-09,142,7,5,N,0,0,0,0,0,0.05,0.285714285714286,1,4.96284463025991,2.07944154167984,0.0944313860661181,0,405
Q051,Q051,Archie Spigner Park,Q,2026-07-01,H2,2026-02-12,2026-02-12,139,1,1,A,0,0,0,0,0,0.0833333333333333,0,0,4.9416424226093,0.693147180559945,0.0941946119167825,0,406
Q413,Q413,Rochdale Park,Q,2026-07-01,H2,2026-02-12,2026-02-12,139,7,6,A,0,0,0,0,0,0.0454545454545455,0.142857142857143,0,4.9416424226093,2.07944154167984,0.0941946119167825,0,407
Q021-03,Q021,210 St Playground,Q,2026-07-01,H2,2026-02-13,2026-02-13,138,7,5,A,0,0,1,0,0,0.05,0.285714285714286,0,4.93447393313069,2.07944154167984,0.0941146787239703,0,408
Q052,Q052,Captain Tilly Park,Q,2026-07-01,H2,2026-02-13,2026-02-13,138,8,5,A,0,0,0,0,0,0.15,0.375,0,4.93447393313069,2.19722457733622,0.0941146787239703,0,409
Q389,Q389,Bayside Playground,Q,2026-07-01,H2,2026-02-13,2026-02-13,138,7,5,A,0,0,0,0,0,0.05,0.285714285714286,0,4.93447393313069,2.07944154167984,0.0941146787239703,0,410
Q024-02,Q024,Playground,Q,2026-07-01,H2,2026-02-17,2026-02-17,134,7,7,A,0,0,0,0,0,0.0416666666666667,0,0,4.90527477843843,2.07944154167984,0.0937897174106609,0,411
Q086-01,Q086,Leonardo Ingravallo Playground,Q,2026-07-01,H2,2026-02-17,2026-02-17,134,7,6,N,0,0,0,0,0,0.0454545454545455,0.142857142857143,1,4.90527477843843,2.07944154167984,0.0937897174106609,0,412
Q119,Q119,Frederick B. Judge Playground,Q,2026-07-01,H2,2026-02-17,2026-02-17,134,7,7,A,0,0,0,0,0,0.0416666666666667,0,0,4.90527477843843,2.07944154167984,0.0937897174106609,0,413
Q129,Q129,"Phil """"Scooter"""" Rizzuto Park",Q,2026-07-01,H2,2026-02-17,2026-02-17,134,7,7,A,0,0,0,0,0,0.0416666666666667,0,0,4.90527477843843,2.07944154167984,0.0937897174106609,0,414
Q300-04,Q300,Captain Mario Fajardo Park,Q,2026-07-01,H2,2026-02-17,2026-02-17,134,7,7,A,0,1,0,0,0,0.0416666666666667,0,0,4.90527477843843,2.07944154167984,0.0937897174106609,0,415
Q163-ZN05B,Q163,Rockaway Beach 05b,Q,2026-07-01,H2,2026-02-20,2026-02-20,131,7,7,A,0,0,0,0,0,0.0416666666666667,0,0,4.88280192258637,2.07944154167984,0.0935402993627457,0,416
Q354,Q354,Playground Seventy Five,Q,2026-07-01,H2,2026-02-20,2026-02-20,131,7,7,A,0,1,0,0,0,0.0416666666666667,0,0,4.88280192258637,2.07944154167984,0.0935402993627457,0,417
Q391,Q391,Joseph Austin Playground,Q,2026-07-01,H2,2026-02-20,2026-02-20,131,7,7,A,0,0,0,0,0,0.208333333333333,0,0,4.88280192258637,2.07944154167984,0.0935402993627457,0,418
B148,B148,Rolph Henry Playground,B,2026-07-01,H2,2026-05-18,2026-05-18,44,8,8,A,0,0,0,0,0,0.192307692307692,0,0,3.80666248977032,2.19722457733622,0.0934333861210162,0,419
B258,B258,Brevoort Playground,B,2026-07-01,H2,2026-05-18,2026-05-18,44,7,7,A,0,0,0,0,0,0.0416666666666667,0,0,3.80666248977032,2.07944154167984,0.0934333861210162,0,420
B320,B320,Park Slope Playground,B,2026-07-01,H2,2026-05-18,2026-05-18,44,8,8,A,0,0,0,0,0,0.0384615384615385,0,0,3.80666248977032,2.19722457733622,0.0934333861210162,0,421
Q048-01,Q048,Rainey Park Playground,Q,2026-07-01,H2,2026-02-24,2026-02-24,127,7,2,N,0,0,0,0,0,0.0714285714285714,0.714285714285714,1,4.85203026391962,2.07944154167984,0.0931997408688532,0,422
Q220G,Q220G,Hoover - Manton Playgrounds,Q,2026-07-01,H2,2026-02-24,2026-02-24,127,7,7,A,0,1,0,0,0,0.0416666666666667,0,0,4.85203026391962,2.07944154167984,0.0931997408688532,0,423
Q385,Q385,Ditmars Playground,Q,2026-07-01,H2,2026-02-24,2026-02-24,127,7,7,A,0,0,0,0,0,0.0416666666666667,0,0,4.85203026391962,2.07944154167984,0.0931997408688532,0,424
B057-ZN01,B057,Marine Park Zone 1,B,2026-07-01,H2,2026-05-19,2026-05-19,43,8,8,A,0,0,0,0,0,0.0384615384615385,0,0,3.78418963391826,2.19722457733622,0.0931848182352602,0,425
B057-ZN06,B057,Marine Park Zone 6,B,2026-07-01,H2,2026-05-19,2026-05-19,43,7,7,A,0,0,0,0,0,0.0416666666666667,0,0,3.78418963391826,2.07944154167984,0.0931848182352602,0,426
B082-ZN05,B082,Shore Road Park Zone 5,B,2026-07-01,H2,2026-05-19,2026-05-19,43,8,8,A,0,0,0,0,0,0.0384615384615385,0,0,3.78418963391826,2.19722457733622,0.0931848182352602,0,427
Q102-02,Q102,Juniper North Playground Tennis,Q,2026-07-01,H2,2026-02-25,2026-02-25,126,7,6,N,0,0,0,0,0,0.0454545454545455,0.142857142857143,1,4.84418708645859,2.07944154167984,0.0931131163289512,0,428
Q328,Q328,Bellerose Playground,Q,2026-07-01,H2,2026-02-25,2026-02-25,126,7,6,N,0,0,0,0,0,0.0454545454545455,0.142857142857143,1,4.84418708645859,2.07944154167984,0.0931131163289512,0,429
Q404,Q404,East Springfield Playground,Q,2026-07-01,H2,2026-02-25,2026-02-25,126,7,6,N,0,0,0,0,0,0.136363636363636,0.142857142857143,1,4.84418708645859,2.07944154167984,0.0931131163289512,0,430
Q408,Q408,Harold Schneiderman Playground,Q,2026-07-01,H2,2026-02-25,2026-02-25,126,6,4,N,0,0,0,0,0,0.0555555555555556,0.333333333333333,1,4.84418708645859,1.94591014905531,0.0931131163289512,0,431
Q423,Q423,Reiff Playground,Q,2026-07-01,H2,2026-02-25,2026-02-25,126,7,6,N,0,0,0,0,0,0.0454545454545455,0.142857142857143,1,4.84418708645859,2.07944154167984,0.0931131163289512,0,432
Q107,Q107,Springfield Park,Q,2026-07-01,H2,2026-02-26,2026-02-26,125,7,6,N,0,0,0,0,0,0.0454545454545455,0.142857142857143,1,4.83628190695148,2.07944154167984,0.0930258801154316,0,433
Q104,Q104,Queensbridge Park,Q,2026-07-01,H2,2026-02-27,2026-02-27,124,7,7,A,0,0,0,0,0,0.0416666666666667,0,0,4.8283137373023,2.07944154167984,0.0929380230187104,0,434
B073-10,B073,Lincoln Rd Plgd,B,2026-07-01,H2,2026-05-20,2026-05-20,42,8,8,A,0,0,0,0,0,0.0384615384615385,0,0,3.76120011569356,2.19722457733622,0.092931149755295,0,435
B073-ZN20,B073,Lookout Hill,B,2026-07-01,H2,2026-05-20,2026-05-20,42,8,8,A,0,0,0,0,0,0.0384615384615385,0,0,3.76120011569356,2.19722457733622,0.092931149755295,0,436
Q131-01,Q131,Virginia Principe Playground,Q,2026-07-01,H2,2026-03-02,2026-03-02,121,7,7,A,0,1,0,0,0,0.0416666666666667,0,0,4.80402104473326,2.07944154167984,0.0926706310886439,0,437
Q006-01,Q006,Bowne Playground,Q,2026-07-01,H2,2026-03-03,2026-03-03,120,7,7,A,0,1,0,0,0,0.0416666666666667,0,0,4.79579054559674,2.07944154167984,0.0925801939884815,0,438
Q022,Q022,Margaret I. Carman Green - Weeping Beech,Q,2026-07-01,H2,2026-03-03,2026-03-03,120,7,6,A,0,0,0,0,0,0.0454545454545455,0.142857142857143,0,4.79579054559674,2.07944154167984,0.0925801939884815,0,439
Q015-08,Q015,Dry Harbor Playground,Q,2026-07-01,H2,2026-03-04,2026-03-04,119,7,7,A,0,0,0,0,0,0.0416666666666667,0,0,4.78749174278205,2.07944154167984,0.0924890866143944,0,440
Q015-ZN06,Q015,The Bandshell,Q,2026-07-01,H2,2026-03-05,2026-03-05,118,7,3,N,0,0,0,0,0,0.0625,0.571428571428571,1,4.77912349311153,2.07944154167984,0.0923972983686983,0,441
Q015-ZN07,Q015,Tennis Courts - Forest Parkway,Q,2026-07-01,H2,2026-03-05,2026-03-05,118,7,3,N,0,0,0,0,0,0.0625,0.571428571428571,1,4.77912349311153,2.07944154167984,0.0923972983686983,0,442
Q205A,Q205A,Big Bush Playground,Q,2026-07-01,H2,2026-03-06,2026-03-06,117,7,7,A,0,0,0,0,0,0.0416666666666667,0,0,4.77068462446567,2.07944154167984,0.0923048183954644,0,443
Q320,Q320,Vleigh Playground,Q,2026-07-01,H2,2026-03-06,2026-03-06,117,7,7,A,0,0,0,0,0,0.125,0,0,4.77068462446567,2.07944154167984,0.0923048183954644,0,444
Q360J,Q360J,Crowley Playground,Q,2026-07-01,H2,2026-03-06,2026-03-06,117,7,5,A,0,0,0,0,0,0.05,0.285714285714286,0,4.77068462446567,2.07944154167984,0.0923048183954644,0,445
Q450,Q450,Corona Golf Playground,Q,2026-07-01,H2,2026-03-06,2026-03-06,117,7,7,A,0,0,0,0,0,0.0416666666666667,0,0,4.77068462446567,2.07944154167984,0.0923048183954644,0,446
X004-01,X004,227th Street Playground,X,2026-07-01,H2,2026-01-09,2026-01-09,173,7,6,A,0,0,0,0,0,0.136363636363636,0.142857142857143,0,5.15905529921453,2.07944154167984,0.0922348540184423,0,447
Q405,Q405,Hollis Playground,Q,2026-07-01,H2,2026-03-09,2026-03-09,114,7,5,A,0,0,0,0,0,0.15,0.285714285714286,0,4.74493212836325,2.07944154167984,0.0920231154956807,0,448
Q121,Q121,Detective Keith L Williams Park,Q,2026-07-01,H2,2026-03-13,2026-03-13,110,7,6,A,0,0,0,0,0,0.0454545454545455,0.142857142857143,0,4.70953020131233,2.07944154167984,0.0916371199645277,0,449
Q066B,Q066B,Triborough Bridge Playground B,Q,2026-07-01,H2,2026-03-16,2026-03-16,107,7,7,A,0,0,0,0,0,0.0416666666666667,0,0,4.68213122712422,2.07944154167984,0.0913393824575836,0,450
Q066F,Q066F,Hoyt Playground,Q,2026-07-01,H2,2026-03-16,2026-03-16,107,2,2,A,0,0,0,0,0,0.0714285714285714,0,0,4.68213122712422,1.09861228866811,0.0913393824575836,0,451
Q001-04,Q001,Horatio Playground,Q,2026-07-01,H2,2026-03-17,2026-03-17,106,7,7,A,0,0,0,0,0,0.0416666666666667,0,0,4.67282883446191,2.07944154167984,0.091238493806282,0,452
X156,X156,Eastchester Playground,X,2026-07-01,H2,2026-01-27,2026-01-27,155,7,4,N,0,0,0,0,0,0.0555555555555556,0.428571428571429,1,5.04985600724954,2.07944154167984,0.0910464506647717,0,453
Q099-ZN08,Q099,South Of Fountain Of The Planets,Q,2026-07-01,H2,2026-03-19,2026-03-19,104,8,8,A,0,0,0,0,0,0.0384615384615385,0,0,4.65396035015752,2.19722457733622,0.0910341644137013,0,454
Q099-ZN20,Q099,Meadow Lake North,Q,2026-07-01,H2,2026-03-19,2026-03-19,104,8,8,A,0,0,0,0,0,0.0384615384615385,0,0,4.65396035015752,2.19722457733622,0.0910341644137013,0,455
Q128,Q128,London Planetree Playground,Q,2026-07-01,H2,2026-03-19,2026-03-19,104,7,7,A,0,0,0,0,0,0.125,0,0,4.65396035015752,2.07944154167984,0.0910341644137013,0,456
Q300A1,Q300A1,Holy Cow Playground,Q,2026-07-01,H2,2026-03-19,2026-03-19,104,7,6,A,0,0,0,0,0,0.0454545454545455,0.142857142857143,0,4.65396035015752,2.07944154167984,0.0910341644137013,0,457
Q369,Q369,Louis Pasteur Park,Q,2026-07-01,H2,2026-03-19,2026-03-19,104,7,7,A,0,0,0,0,0,0.0416666666666667,0,0,4.65396035015752,2.07944154167984,0.0910341644137013,0,458
B080,B080,Asser Levy Park,B,2026-07-01,H2,2026-05-28,2026-05-28,34,8,8,A,0,0,0,0,0,0.0384615384615385,0,0,3.55534806148941,2.19722457733622,0.0906872545088867,0,459
X216,X216,Abigail Playground,X,2026-07-01,H2,2026-02-02,2026-02-02,149,7,7,A,0,0,0,0,0,0.125,0,0,5.01063529409626,2.07944154167984,0.090622989864143,0,460
Q106,Q106,Daniel M. O'Connell Playground,Q,2026-07-01,H2,2026-03-23,2026-03-23,100,7,7,A,0,0,0,0,0,0.125,0,0,4.61512051684126,2.07944154167984,0.090614858330656,0,461
Q358,Q358,Detective William T. Gunn Playground,Q,2026-07-01,H2,2026-03-23,2026-03-23,100,7,3,A,0,0,1,0,0,0.0625,0.571428571428571,0,4.61512051684126,2.07944154167984,0.090614858330656,0,462
Q126,Q126,Francis Lewis Park,Q,2026-07-01,H2,2026-03-24,2026-03-24,99,7,7,A,0,0,0,0,0,0.208333333333333,0,0,4.60517018598809,2.07944154167984,0.0905077169545531,0,463
X092-06,X092,Woodlawn Plgd,X,2026-07-01,H2,2026-02-04,2026-02-04,147,7,5,N,0,0,0,0,0,0.05,0.285714285714286,1,4.99721227376412,2.07944154167984,0.0904784710732328,0,464
X222,X222,Gouverneur Playground,X,2026-07-01,H2,2026-02-05,2026-02-05,146,7,7,A,0,0,0,0,0,0.0416666666666667,0,0,4.99043258677874,2.07944154167984,0.0904055565641778,0,465
Q304,Q304,Ehrenreich-Austin Playground,Q,2026-07-01,H2,2026-03-25,2026-03-25,98,7,7,A,0,0,0,0,0,0.0416666666666667,0,0,4.59511985013459,2.07944154167984,0.090399614576824,0,466
B088,B088,Herbert Von King Park,B,2026-07-01,H2,2026-05-29,2026-05-29,33,8,8,A,0,0,0,0,0,0.0384615384615385,0,0,3.52636052461616,2.19722457733622,0.0903752212499363,0,467
BT15,BT15,Bush Terminal Park,B,2026-07-01,H2,2026-05-29,2026-05-29,33,8,8,A,0,0,0,0,0,0.0384615384615385,0,0,3.52636052461616,2.19722457733622,0.0903752212499363,0,468
Q023,Q023,Rufus King Park,Q,2026-07-01,H2,2026-03-26,2026-03-26,97,8,8,A,0,0,0,0,0,0.115384615384615,0,0,4.58496747867057,2.19722457733622,0.0902905327700656,0,469
Q021-ZN02,Q021,Cunningham Park Zone 2,Q,2026-07-01,H2,2026-03-27,2026-03-27,96,8,8,A,0,1,0,0,0,0.0384615384615385,0,0,4.57471097850338,2.19722457733622,0.0901804525612547,0,470
X115,X115,Mott Playground,X,2026-07-01,H2,2026-02-09,2026-02-09,142,7,5,N,0,0,0,0,0,0.15,0.285714285714286,1,4.96284463025991,2.07944154167984,0.0901093978049968,0,471
X141,X141,Rienzi Playground,X,2026-07-01,H2,2026-02-10,2026-02-10,141,7,6,N,0,0,0,0,0,0.136363636363636,0.142857142857143,1,4.95582705760126,2.07944154167984,0.0900342032172892,0,472
X080,X080,Henry Hudson Park,X,2026-07-01,H2,2026-02-12,2026-02-12,139,7,7,A,0,0,0,0,0,0.125,0,0,4.9416424226093,2.07944154167984,0.0898823848570281,0,473
Q095,Q095,Vito Locascio Field,Q,2026-07-01,H2,2026-03-30,2026-03-30,93,8,8,A,0,0,1,0,0,0.0384615384615385,0,0,4.54329478227,2.19722457733622,0.089844023138692,0,474
Q293,Q293,Saul Weprin Playground,Q,2026-07-01,H2,2026-03-30,2026-03-30,93,7,4,N,0,0,0,0,0,0.0555555555555556,0.428571428571429,1,4.54329478227,2.07944154167984,0.089844023138692,0,475
Q317,Q317,Tall Oak Playground,Q,2026-07-01,H2,2026-03-30,2026-03-30,93,7,7,A,0,0,0,0,0,0.125,0,0,4.54329478227,2.07944154167984,0.089844023138692,0,476
X118-02,X118,Soundview Metcalf Playground,X,2026-07-01,H2,2026-02-13,2026-02-13,138,7,7,A,0,0,0,0,0,0.0416666666666667,0,0,4.93447393313069,2.07944154167984,0.0898057481999461,0,477
X163,X163,Loreto Playground,X,2026-07-01,H2,2026-02-13,2026-02-13,138,7,7,A,0,0,0,0,0,0.0416666666666667,0,0,4.93447393313069,2.07944154167984,0.0898057481999461,0,478
Q099-ZN17,Q099,College Point Blvd Soccer Fields,Q,2026-07-01,H2,2026-03-31,2026-03-31,92,7,3,A,0,0,0,0,0,0.0625,0.571428571428571,0,4.53259949315326,2.07944154167984,0.0897297478860329,0,479
Q015-ZN05,Q015,Carousel,Q,2026-07-01,H2,2026-04-02,2026-04-02,90,8,7,A,0,1,0,0,0,0.0416666666666667,0.125,0,4.51085950651685,2.19722457733622,0.0894978678470783,0,480
Q020-01,Q020,Lower Highland Playground,Q,2026-07-01,H2,2026-04-02,2026-04-02,90,7,7,A,0,0,0,0,0,0.0416666666666667,0,0,4.51085950651685,2.07944154167984,0.0894978678470783,0,481
Q471-ZN01,Q471,Hunter's Point South Park Zone 1,Q,2026-07-01,H2,2026-04-02,2026-04-02,90,7,7,A,0,1,0,0,0,0.0416666666666667,0,0,4.51085950651685,2.07944154167984,0.0894978678470783,0,482
X103,X103,People's Park,X,2026-07-01,H2,2026-02-17,2026-02-17,134,7,4,N,0,0,0,0,0,0.0555555555555556,0.428571428571429,1,4.90527477843843,2.07944154167984,0.0894941950360816,0,483
X179,X179,Al Quiñones Playground,X,2026-07-01,H2,2026-02-17,2026-02-17,134,7,7,A,0,0,0,0,0,0.0416666666666667,0,0,4.90527477843843,2.07944154167984,0.0894941950360816,0,484
B019,B019,Carroll Park,B,2026-07-01,H2,2026-06-01,2026-06-01,30,8,8,A,0,0,0,0,0,0.0384615384615385,0,0,3.43398720448515,2.19722457733622,0.0893873199784881,0,485
B329-01,B329,Lindower Park Playground,B,2026-07-01,H2,2026-06-01,2026-06-01,30,8,8,A,0,0,0,0,0,0.0384615384615385,0,0,3.43398720448515,2.19722457733622,0.0893873199784881,0,486
Q004-01,Q004,Charybdis Playground,Q,2026-07-01,H2,2026-04-03,2026-04-03,89,7,7,A,0,0,0,0,0,0.0416666666666667,0,0,4.49980967033027,2.07944154167984,0.0893802168351819,0,487
Q436,Q436,Athens Square,Q,2026-07-01,H2,2026-04-03,2026-04-03,89,8,8,A,0,0,0,0,0,0.0384615384615385,0,0,4.49980967033027,2.19722457733622,0.0893802168351819,0,488
B066,B066,Owl's Head Park,B,2026-07-01,H2,2026-06-02,2026-06-02,29,8,8,A,0,0,0,0,0,0.0384615384615385,0,0,3.40119738166216,2.19722457733622,0.089038992337563,0,489
Q344,Q344,Emerald Playground,Q,2026-07-01,H2,2026-04-06,2026-04-06,86,7,7,A,0,0,0,0,0,0.0416666666666667,0,0,4.46590811865458,2.07944154167984,0.0890201265640113,0,490
Q134,Q134,Jack Breininger Park,Q,2026-07-01,H2,2026-04-07,2026-04-07,85,7,7,A,0,1,0,0,0,0.0416666666666667,0,0,4.45434729625351,2.07944154167984,0.0888976311960291,0,491
X197,X197,Mosholu Playground,X,2026-07-01,H2,2026-02-25,2026-02-25,126,7,5,N,0,0,0,0,0,0.05,0.285714285714286,1,4.84418708645859,2.07944154167984,0.088845543860814,0,492
X010-ZN03,X010,Crotona Tennis House & Courts,X,2026-07-01,H2,2026-02-26,2026-02-26,125,8,8,A,0,0,0,0,0,0.0384615384615385,0,0,4.83628190695148,2.19722457733622,0.0887619145412686,0,493
X045-03,X045,St Mary's Playground West,X,2026-07-01,H2,2026-02-26,2026-02-26,125,7,7,A,0,1,0,0,0,0.125,0,0,4.83628190695148,2.07944154167984,0.0887619145412686,0,494
B193,B193,Hamilton Metz Field,B,2026-07-01,H2,2026-06-03,2026-06-03,28,7,7,A,0,0,0,0,0,0.0416666666666667,0,0,3.36729582998647,2.07944154167984,0.0886801428985263,0,495
X172,X172,Allerton Playground,X,2026-07-01,H2,2026-03-02,2026-03-02,121,7,7,A,0,0,0,0,0,0.0416666666666667,0,0,4.80402104473326,2.07944154167984,0.0884213613600837,0,496
X232,X232,Burns Playground,X,2026-07-01,H2,2026-03-02,2026-03-02,121,7,7,A,0,1,0,0,0,0.0416666666666667,0,0,4.80402104473326,2.07944154167984,0.0884213613600837,0,497
X039-ZN18,X039,Orchard Bch. Pavilion,X,2026-07-01,H2,2026-03-04,2026-03-04,119,7,3,N,0,0,0,0,0,0.0625,0.571428571428571,1,4.78749174278205,2.07944154167984,0.0882473316896412,0,498
X136-01,X136,Harris Playground,X,2026-07-01,H2,2026-03-04,2026-03-04,119,7,7,A,0,0,0,0,0,0.0416666666666667,0,0,4.78749174278205,2.07944154167984,0.0882473316896412,0,499
Q001-99,Q001,Alley Springfield Playground,Q,2026-07-01,H2,2026-04-13,2026-04-13,79,8,8,A,0,0,1,0,0,0.0384615384615385,0,0,4.38202663467388,2.19722457733622,0.088134787758584,0,500
Q089B-01,Q089B,Harvey Playground,Q,2026-07-01,H2,2026-04-13,2026-04-13,79,8,7,N,0,0,0,0,0,0.0416666666666667,0.125,1,4.38202663467388,2.19722457733622,0.088134787758584,0,501
Q308,Q308,Bowne Playground,Q,2026-07-01,H2,2026-04-13,2026-04-13,79,7,6,A,0,1,0,0,0,0.0454545454545455,0.142857142857143,0,4.38202663467388,2.07944154167984,0.088134787758584,0,502
Q314,Q314,Fresh Meadows Playground,Q,2026-07-01,H2,2026-04-13,2026-04-13,79,8,8,A,0,1,0,0,0,0.115384615384615,0,0,4.38202663467388,2.19722457733622,0.088134787758584,0,503
X150J-01,X150J,Playground,X,2026-07-01,H2,2026-03-06,2026-03-06,117,7,7,A,0,1,0,0,0,0.0416666666666667,0,0,4.77068462446567,2.07944154167984,0.088070694285975,0,504
X166,X166,Behagen Playground,X,2026-07-01,H2,2026-03-06,2026-03-06,117,7,6,A,0,0,0,0,0,0.136363636363636,0.142857142857143,0,4.77068462446567,2.07944154167984,0.088070694285975,0,505
X202,X202,Marble Hill Playground,X,2026-07-01,H2,2026-03-06,2026-03-06,117,7,7,A,0,1,0,0,0,0.0416666666666667,0,0,4.77068462446567,2.07944154167984,0.088070694285975,0,506
X123,X123,Noble Playground,X,2026-07-01,H2,2026-03-09,2026-03-09,114,7,6,A,0,0,0,0,0,0.0454545454545455,0.142857142857143,0,4.74493212836325,2.07944154167984,0.0878006634722722,0,507
X204,X204,Story Playground,X,2026-07-01,H2,2026-03-09,2026-03-09,114,7,5,A,0,0,0,0,0,0.05,0.285714285714286,0,4.74493212836325,2.07944154167984,0.0878006634722722,0,508
M089,M089,Union Square Park,M,2026-07-01,H2,2026-06-22,2026-06-22,9,8,7,A,0,1,0,0,0,0.0416666666666667,0.125,0,2.30258509299405,2.19722457733622,0.0876624806440343,0,509
Q300A-01,Q300A,Ella Fitzgerald Playground,Q,2026-07-01,H2,2026-04-17,2026-04-17,75,7,7,A,0,0,0,0,0,0.0416666666666667,0,0,4.33073334028633,2.07944154167984,0.0875973318479095,0,510
Q520,Q520,Arverne East Nature Preserve,Q,2026-07-01,H2,2026-04-17,2026-04-17,75,6,4,A,0,0,0,0,0,0.0555555555555556,0.333333333333333,0,4.33073334028633,1.94591014905531,0.0875973318479095,0,511
Q330,Q330,Locust Manor Playground,Q,2026-07-01,H2,2026-04-20,2026-04-20,72,7,7,A,0,0,1,0,0,0.291666666666667,0,0,4.29045944114839,2.07944154167984,0.0871774164538272,0,512
Q398,Q398,Rosemary's Playground,Q,2026-07-01,H2,2026-04-20,2026-04-20,72,7,7,A,0,0,1,0,0,0.0416666666666667,0,0,4.29045944114839,2.07944154167984,0.0871774164538272,0,513
X152,X152,Vinmont Veteran Park,X,2026-07-01,H2,2026-03-16,2026-03-16,107,7,7,A,0,0,0,0,0,0.125,0,0,4.68213122712422,2.07944154167984,0.0871452922235728,0,514
X247,X247,Fox Park,X,2026-07-01,H2,2026-03-16,2026-03-16,107,7,7,A,0,1,0,0,0,0.125,0,0,4.68213122712422,2.07944154167984,0.0871452922235728,0,515
Q014,Q014,Astoria Heights Playground,Q,2026-07-01,H2,2026-04-21,2026-04-21,71,8,8,A,0,0,1,0,0,0.0384615384615385,0,0,4.27666611901606,2.19722457733622,0.0870340195877463,0,516
Q041,Q041,Newtown Playground,Q,2026-07-01,H2,2026-04-21,2026-04-21,71,8,4,N,0,0,0,0,0,0.0555555555555556,0.5,1,4.27666611901606,2.19722457733622,0.0870340195877463,0,517
Q226-01,Q226,Hallets Cove Playground (area A),Q,2026-07-01,H2,2026-04-21,2026-04-21,71,7,7,A,0,0,1,0,0,0.125,0,0,4.27666611901606,2.07944154167984,0.0870340195877463,0,518
Q345,Q345,Redfern Playground,Q,2026-07-01,H2,2026-04-21,2026-04-21,71,8,8,A,0,0,0,0,0,0.192307692307692,0,0,4.27666611901606,2.19722457733622,0.0870340195877463,0,519
X092-ZN07,X092,Stables Area,X,2026-07-01,H2,2026-03-18,2026-03-18,105,7,7,A,0,0,0,0,0,0.0416666666666667,0,0,4.66343909411207,2.07944154167984,0.0869510829314688,0,520
X010-ZN01,X010,Crotona Park Lake,X,2026-07-01,H2,2026-03-19,2026-03-19,104,7,7,A,0,0,0,0,0,0.0416666666666667,0,0,4.65396035015752,2.07944154167984,0.0868527494868639,0,521
B223JB,B223JB,Susan Smith McKinney Steward Park,B,2026-07-01,H2,2026-06-08,2026-06-08,23,8,8,A,0,0,0,0,0,0.0384615384615385,0,0,3.17805383034795,2.19722457733622,0.0867008993003071,0,522
B263,B263,Sumner Playground,B,2026-07-01,H2,2026-06-08,2026-06-08,23,8,8,A,0,0,0,0,0,0.0384615384615385,0,0,3.17805383034795,2.19722457733622,0.0867008993003071,0,523
B301,B301,Greene Playground,B,2026-07-01,H2,2026-06-08,2026-06-08,23,8,5,A,0,0,0,0,0,0.05,0.375,0,3.17805383034795,2.19722457733622,0.0867008993003071,0,524
Q012-ZN01,Q012,Crocheron Park Zone 1,Q,2026-07-01,H2,2026-04-24,2026-04-24,68,8,8,A,0,0,0,0,0,0.0384615384615385,0,0,4.23410650459726,2.19722457733622,0.0865929093505801,0,525
M010-ZN24&25,M010,"Belvdre. Cstl., Turtle Pond, Shkspr Grdn",M,2026-07-01,H2,2026-06-23,2026-06-23,8,8,6,A,0,0,0,0,0,0.136363636363636,0.25,0,2.19722457733622,2.19722457733622,0.0865670513907895,0,526
X004-03,X004,Parque De Los Ninos,X,2026-07-01,H2,2026-03-23,2026-03-23,100,7,7,A,0,0,0,0,0,0.125,0,0,4.61512051684126,2.07944154167984,0.0864508713522315,0,527
X148L,X148L,Virginia Playground,X,2026-07-01,H2,2026-03-23,2026-03-23,100,8,8,A,0,1,0,0,0,0.0384615384615385,0,0,4.61512051684126,2.19722457733622,0.0864508713522315,0,528
X122,X122,Colucci Playground,X,2026-07-01,H2,2026-03-24,2026-03-24,99,7,7,A,0,0,0,0,0,0.0416666666666667,0,0,4.60517018598809,2.07944154167984,0.0863481859090982,0,529
X169,X169,Agnes Haywood Playground,X,2026-07-01,H2,2026-03-24,2026-03-24,99,7,6,N,0,0,0,0,0,0.0454545454545455,0.142857142857143,1,4.60517018598809,2.07944154167984,0.0863481859090982,0,530
X193,X193,Stars & Stripes Playground,X,2026-07-01,H2,2026-03-24,2026-03-24,99,7,7,A,0,0,1,0,0,0.0416666666666667,0,0,4.60517018598809,2.07944154167984,0.0863481859090982,0,531
X219,X219,Arcilla Playground,X,2026-07-01,H2,2026-03-25,2026-03-25,98,7,7,A,0,0,0,0,0,0.125,0,0,4.59511985013459,2.07944154167984,0.0862445805585797,0,532
Q044,Q044,L/CPL Thomas P. Noonan Jr. Playground,Q,2026-07-01,H2,2026-04-27,2026-04-27,65,8,8,A,0,1,0,0,0,0.0384615384615385,0,0,4.18965474202643,2.19722457733622,0.0861343494897378,0,533
Q338,Q338,Admiral Playground,Q,2026-07-01,H2,2026-04-27,2026-04-27,65,7,7,A,0,0,0,0,0,0.0416666666666667,0,0,4.18965474202643,2.07944154167984,0.0861343494897378,0,534
Q378,Q378,Ampere Playground,Q,2026-07-01,H2,2026-04-27,2026-04-27,65,7,7,A,0,1,0,0,0,0.125,0,0,4.18965474202643,2.07944154167984,0.0861343494897378,0,535
X039-ZN13,X039,Hunter Island Picnic Area,X,2026-07-01,H2,2026-03-27,2026-03-27,96,8,3,N,0,0,0,0,0,0.0625,0.625,1,4.57471097850338,2.19722457733622,0.0860345390920548,0,536
X196-02,X196,Haffen Park Playground,X,2026-07-01,H2,2026-03-27,2026-03-27,96,7,7,A,0,0,0,0,0,0.125,0,0,4.57471097850338,2.07944154167984,0.0860345390920548,0,537
Q021-ZN03,Q021,Cunningham Park Zone 3,Q,2026-07-01,H2,2026-04-29,2026-04-29,63,7,7,A,0,0,0,0,0,0.0416666666666667,0,0,4.15888308335967,2.07944154167984,0.0858182016098408,0,538
Q357B,Q357B,Real Good Playground,Q,2026-07-01,H2,2026-04-29,2026-04-29,63,8,5,N,0,0,0,0,0,0.05,0.375,1,4.15888308335967,2.19722457733622,0.0858182016098408,0,539
Q009-01,Q009,MacNeil Playground,Q,2026-07-01,H2,2026-04-30,2026-04-30,62,8,8,A,0,0,0,0,0,0.0384615384615385,0,0,4.14313472639153,2.19722457733622,0.0856568101308508,0,540
Q163-ZN06B,Q163,Rockaway Beach 06b,Q,2026-07-01,H2,2026-05-01,2026-05-01,61,8,7,A,0,0,0,0,0,0.0416666666666667,0.125,0,4.12713438504509,2.19722457733622,0.0854931180463862,0,541
X157,X157,Mazzei Playground,X,2026-07-01,H2,2026-04-01,2026-04-01,91,7,7,A,0,0,0,0,0,0.0416666666666667,0,0,4.52178857704904,2.07944154167984,0.0854920362538094,0,542
X159,X159,Captain William Harry Thompson Playground,X,2026-07-01,H2,2026-04-01,2026-04-01,91,7,7,A,0,0,0,0,0,0.0416666666666667,0,0,4.52178857704904,2.07944154167984,0.0854920362538094,0,543
X203,X203,Randall Playground,X,2026-07-01,H2,2026-04-01,2026-04-01,91,7,7,A,0,0,0,0,0,0.0416666666666667,0,0,4.52178857704904,2.07944154167984,0.0854920362538094,0,544
R017-ZN02,R017,North Park Phase 1,R,2026-07-01,H2,2026-05-20,2026-05-20,42,7,7,A,0,0,1,0,0.333333333333333,0.125,0,0,3.76120011569356,2.07944154167984,0.0854640603958963,0.333333333333333,545
M071-16,M071,Dinosaur Plgd,M,2026-07-01,H2,2026-06-24,2026-06-24,7,8,8,A,0,1,0,0,0,0.115384615384615,0,0,2.07944154167984,2.19722457733622,0.0853571468140941,0,546
Q218,Q218,Dutch Kills Playground,Q,2026-07-01,H2,2026-05-04,2026-05-04,58,7,7,A,0,1,0,0,0,0.125,0,0,4.07753744390572,2.07944154167984,0.084987515194131,0,547
Q305,Q305,Mafera Park,Q,2026-07-01,H2,2026-05-04,2026-05-04,58,8,7,N,0,0,0,0,0,0.125,0.125,1,4.07753744390572,2.19722457733622,0.084987515194131,0,548
Q360M,Q360M,Frontera Park,Q,2026-07-01,H2,2026-05-04,2026-05-04,58,7,7,A,0,0,0,0,0,0.0416666666666667,0,0,4.07753744390572,2.07944154167984,0.084987515194131,0,549
Q367,Q367,Hammel Playground,Q,2026-07-01,H2,2026-05-04,2026-05-04,58,8,8,A,0,0,0,0,0,0.115384615384615,0,0,4.07753744390572,2.19722457733622,0.084987515194131,0,550
Q422,Q422,Seaside Playground,Q,2026-07-01,H2,2026-05-04,2026-05-04,58,7,7,A,0,0,0,0,0,0.0416666666666667,0,0,4.07753744390572,2.07944154167984,0.084987515194131,0,551
X002-07,X002,River Park,X,2026-07-01,H2,2026-04-06,2026-04-06,86,7,7,A,0,0,0,0,0,0.0416666666666667,0,0,4.46590811865458,2.07944154167984,0.0849225782171261,0,552
B082-ZN02,B082,Shore Road Park Zone 2,B,2026-07-01,H2,2026-06-12,2026-06-12,19,8,3,N,0,0,0,0,0,0.0625,0.625,1,2.99573227355399,2.19722457733622,0.0848319373600665,0,553
X116,X116,Rev J Polite Playground,X,2026-07-01,H2,2026-04-07,2026-04-07,85,7,6,A,0,0,0,0,0,0.0454545454545455,0.142857142857143,0,4.45434729625351,2.07944154167984,0.0848051963536509,0,554
X010-10,X010,Playground Of The Stars,X,2026-07-01,H2,2026-04-09,2026-04-09,83,8,8,A,0,0,0,0,0,0.0384615384615385,0,0,4.43081679884331,2.19722457733622,0.0845667360285722,0,555
X092-05,X092,Van Cortlandt Classic Plgd,X,2026-07-01,H2,2026-04-10,2026-04-10,82,8,8,A,0,1,0,0,0,0.0384615384615385,0,0,4.4188406077966,2.19722457733622,0.084445601988498,0,556
X092-26,X092,Sachkerah Woods Playground,X,2026-07-01,H2,2026-04-10,2026-04-10,82,7,7,A,0,1,0,0,0,0.125,0,0,4.4188406077966,2.07944154167984,0.084445601988498,0,557
X124,X124,Watson Gleason Playground,X,2026-07-01,H2,2026-04-13,2026-04-13,79,8,8,A,0,1,0,0,0,0.0384615384615385,0,0,4.38202663467388,2.19722457733622,0.084074230111979,0,558
X187-01,X187,Angelo Campanaro Plgd,X,2026-07-01,H2,2026-04-13,2026-04-13,79,7,7,A,0,0,0,0,0,0.125,0,0,4.38202663467388,2.07944154167984,0.084074230111979,0,559
X034-ZN01,X034,Foster Park Zone 1,X,2026-07-01,H2,2026-04-14,2026-04-14,78,8,8,A,0,0,0,0,0,0.0384615384615385,0,0,4.36944785246702,2.19722457733622,0.0839476782793504,0,560
Q007-01,Q007,Bayswater Playground,Q,2026-07-01,H2,2026-05-11,2026-05-11,51,8,6,N,0,0,0,0,0,0.0454545454545455,0.25,1,3.95124371858143,2.19722457733622,0.0837122749538646,0,561
Q026,Q026,Park Of The Americas,Q,2026-07-01,H2,2026-05-11,2026-05-11,51,8,8,A,0,1,0,0,0,0.0384615384615385,0,0,3.95124371858143,2.19722457733622,0.0837122749538646,0,562
Q162E,Q162E,Beach 59th St Playground,Q,2026-07-01,H2,2026-05-11,2026-05-11,51,8,8,A,0,0,0,0,0,0.0384615384615385,0,0,3.95124371858143,2.19722457733622,0.0837122749538646,0,563
X263,X263,Quarry Ballfields,X,2026-07-01,H2,2026-04-16,2026-04-16,76,7,3,N,0,0,0,0,0,0.0625,0.571428571428571,1,4.34380542185368,2.07944154167984,0.0836902322840883,0,564
X126-ZN02,X126,Ferry Point Park Zone 2,X,2026-07-01,H2,2026-04-17,2026-04-17,75,8,8,A,0,0,0,0,0,0.0384615384615385,0,0,4.33073334028633,2.19722457733622,0.0835592668858183,0,565
Q162J01,Q162J01,Beach 9 Playground,Q,2026-07-01,H2,2026-05-12,2026-05-12,50,8,8,A,0,0,1,0,0,0.0384615384615385,0,0,3.93182563272433,2.19722457733622,0.083517751404985,0,566
B130,B130,Greenwood Playground,B,2026-07-01,H2,2026-06-15,2026-06-15,16,8,8,A,0,0,0,0,0,0.0384615384615385,0,0,2.83321334405622,2.19722457733622,0.0831968630959098,0,567
B167,B167,La Guardia Playground,B,2026-07-01,H2,2026-06-15,2026-06-15,16,8,8,A,0,0,0,0,0,0.192307692307692,0,0,2.83321334405622,2.19722457733622,0.0831968630959098,0,568
B288,B288,Slope Park Playground,B,2026-07-01,H2,2026-06-15,2026-06-15,16,8,8,A,0,0,0,0,0,0.0384615384615385,0,0,2.83321334405622,2.19722457733622,0.0831968630959098,0,569
B321,B321,Edmonds Playground,B,2026-07-01,H2,2026-06-15,2026-06-15,16,7,7,A,0,0,1,0,0,0.125,0,0,2.83321334405622,2.07944154167984,0.0831968630959098,0,570
X151,X151,P.O. Serrano Playground,X,2026-07-01,H2,2026-04-20,2026-04-20,72,7,7,A,0,0,1,0,0,0.0416666666666667,0,0,4.29045944114839,2.07944154167984,0.0831569445326777,0,571
X221,X221,Space Time Playground,X,2026-07-01,H2,2026-04-20,2026-04-20,72,7,7,A,0,0,0,0,0,0.125,0,0,4.29045944114839,2.07944154167984,0.0831569445326777,0,572
X344-01,X344,Mill Pond Playground,X,2026-07-01,H2,2026-04-20,2026-04-20,72,4,3,A,0,1,0,0,0,0.0625,0.25,0,4.29045944114839,1.6094379124341,0.0831569445326777,0,573
X002-ZN04,X002,Allerton Fields In Bronx Park,X,2026-07-01,H2,2026-04-21,2026-04-21,71,7,7,A,0,0,0,0,0,0.0416666666666667,0,0,4.27666611901606,2.07944154167984,0.0830195594224668,0,574
X004-02,X004,Olinville Playground,X,2026-07-01,H2,2026-04-21,2026-04-21,71,7,5,A,0,0,0,0,0,0.05,0.285714285714286,0,4.27666611901606,2.07944154167984,0.0830195594224668,0,575
X200,X200,Clark Playground,X,2026-07-01,H2,2026-04-21,2026-04-21,71,8,7,A,0,0,0,0,0,0.208333333333333,0.125,0,4.27666611901606,2.19722457733622,0.0830195594224668,0,576
X255,X255,Bill Rainey Park,X,2026-07-01,H2,2026-04-23,2026-04-23,69,8,7,A,0,0,0,0,0,0.0416666666666667,0.125,0,4.24849524204936,2.19722457733622,0.0827396112498149,0,577
X044,X044,St. James Park,X,2026-07-01,H2,2026-04-24,2026-04-24,68,7,6,A,0,0,0,0,0,0.0454545454545455,0.142857142857143,0,4.23410650459726,2.07944154167984,0.082596954726651,0,578
X104,X104,Williamsbridge Oval,X,2026-07-01,H2,2026-04-24,2026-04-24,68,6,6,A,0,0,0,0,0,0.0454545454545455,0,0,4.23410650459726,1.94591014905531,0.082596954726651,0,579
X174,X174,Webster Playground,X,2026-07-01,H2,2026-04-24,2026-04-24,68,8,8,A,0,0,0,0,0,0.0384615384615385,0,0,4.23410650459726,2.19722457733622,0.082596954726651,0,580
Q085,Q085,Gorman Playground,Q,2026-07-01,H2,2026-05-18,2026-05-18,44,8,8,A,0,0,0,0,0,0.0384615384615385,0,0,3.80666248977032,2.19722457733622,0.0822737420281591,0,581
Q339,Q339,Cambria Playground,Q,2026-07-01,H2,2026-05-18,2026-05-18,44,8,8,A,0,0,0,0,0,0.115384615384615,0,0,3.80666248977032,2.19722457733622,0.0822737420281591,0,582
X235,X235,Grove Hill Playground,X,2026-07-01,H2,2026-04-27,2026-04-27,65,7,7,A,0,1,0,0,0,0.125,0,0,4.18965474202643,2.07944154167984,0.0821576524249243,0,583
Q212,Q212,Queens Valley Playground,Q,2026-07-01,H2,2026-05-19,2026-05-19,43,8,8,A,0,0,0,0,0,0.0384615384615385,0,0,3.78418963391826,2.19722457733622,0.0820521758865474,0,584
B073-ZN23,B073,Lullwater & Boathouse,B,2026-07-01,H2,2026-06-17,2026-06-17,14,8,3,N,0,0,0,0,0,0.0625,0.625,1,2.70805020110221,2.19722457733622,0.0819572059714662,0,585
B169-ZN02A,B169,Coney Island Beach Zone 2a,B,2026-07-01,H2,2026-06-17,2026-06-17,14,8,2,A,0,0,0,0,0,0.0714285714285714,0.75,0,2.70805020110221,2.19722457733622,0.0819572059714662,0,586
X010-08,X010,Martin Van Buren Plgd,X,2026-07-01,H2,2026-04-29,2026-04-29,63,8,6,A,0,0,0,0,0,0.0454545454545455,0.25,0,4.15888308335967,2.19722457733622,0.0818547932617669,0,587
X029,X029,Lyons Square Playground,X,2026-07-01,H2,2026-04-29,2026-04-29,63,7,7,A,0,0,0,0,0,0.0416666666666667,0,0,4.15888308335967,2.07944154167984,0.0818547932617669,0,588
Q015-ZN04,Q015,Victory Field,Q,2026-07-01,H2,2026-05-20,2026-05-20,42,8,8,A,0,0,0,0,0,0.0384615384615385,0,0,3.76120011569356,2.19722457733622,0.0818260781852051,0,589
Q099-17,Q099,Lawrence Playground,Q,2026-07-01,H2,2026-05-21,2026-05-21,41,8,1,A,0,0,0,0,0,0.0833333333333333,0.875,0,3.73766961828337,2.19722457733622,0.081595247873983,0,590
Q346,Q346,Challenge Playground,Q,2026-07-01,H2,2026-05-21,2026-05-21,41,8,6,A,0,0,0,0,0,0.0454545454545455,0.25,0,3.73766961828337,2.19722457733622,0.081595247873983,0,591
B169-ZN04B,B169,Coney Island Beach Zone 4b,B,2026-07-01,H2,2026-06-18,2026-06-18,13,9,3,A,0,0,0,0,0,0.0625,0.666666666666667,0,2.63905732961526,2.30258509299405,0.0812810910250383,0,592
B313,B313,El Shabazz Playground,B,2026-07-01,H2,2026-06-18,2026-06-18,13,8,8,A,0,0,0,0,0,0.115384615384615,0,0,2.63905732961526,2.19722457733622,0.0812810910250383,0,593
X039-ZN02,X039,Pelham South Park Headquarters,X,2026-07-01,H2,2026-05-05,2026-05-05,57,8,8,A,0,0,0,0,0,0.0384615384615385,0,0,4.06044301054642,2.19722457733622,0.0808927507057745,0,594
X146,X146,Flynn Playground,X,2026-07-01,H2,2026-05-11,2026-05-11,51,7,7,A,0,1,0,0,0,0.0416666666666667,0,0,3.95124371858143,2.07944154167984,0.0798376323330739,0,595
Q001-ZN02,Q001,Alley Pond Park Zone 2,Q,2026-07-01,H2,2026-05-28,2026-05-28,34,8,8,A,0,0,0,0,0,0.0384615384615385,0,0,3.55534806148941,2.19722457733622,0.0798267258163382,0,596
Q448-ZN02A,Q448,Roy Wilkins Rec Center Zone 2A,Q,2026-07-01,H2,2026-05-28,2026-05-28,34,8,8,A,0,0,0,0,0,0.0384615384615385,0,0,3.55534806148941,2.19722457733622,0.0798267258163382,0,597
X344,X344,Mill Pond Park,X,2026-07-01,H2,2026-05-13,2026-05-13,49,8,8,A,0,0,0,0,0,0.0384615384615385,0,0,3.91202300542815,2.19722457733622,0.079461746711697,0,598
X188,X188,Wakefield Playground,X,2026-07-01,H2,2026-05-15,2026-05-15,47,8,8,A,0,1,0,0,0,0.0384615384615385,0,0,3.87120101090789,2.19722457733622,0.0790722325852903,0,599
Q364,Q364,Marie Curie Playground,Q,2026-07-01,H2,2026-06-01,2026-06-01,30,8,8,A,0,0,0,0,0,0.0384615384615385,0,0,3.43398720448515,2.19722457733622,0.0786690004926809,0,600
X014,X014,Horseshoe Playground,X,2026-07-01,H2,2026-05-18,2026-05-18,44,8,4,N,0,0,0,0,0,0.0555555555555556,0.5,1,3.80666248977032,2.19722457733622,0.0784599808847391,0,601
Q020-ZN01,Q020,Highland Park Zone 1,Q,2026-07-01,H2,2026-06-02,2026-06-02,29,8,8,A,0,0,0,0,0,0.0384615384615385,0,0,3.40119738166216,2.19722457733622,0.0783588462507086,0,602
Q020-ZN02,Q020,Highland Park Zone 2,Q,2026-07-01,H2,2026-06-02,2026-06-02,29,8,5,N,0,0,0,0,0,0.05,0.375,1,3.40119738166216,2.19722457733622,0.0783588462507086,0,603
Q099-ZN11,Q099,Passerelle,Q,2026-07-01,H2,2026-06-02,2026-06-02,29,8,8,A,0,0,0,0,0,0.0384615384615385,0,0,3.40119738166216,2.19722457733622,0.0783588462507086,0,604
X176,X176,Taylor Playground,X,2026-07-01,H2,2026-05-19,2026-05-19,43,8,8,A,0,0,0,0,0,0.0384615384615385,0,0,3.78418963391826,2.19722457733622,0.0782478096402132,0,605
B232,B232,Dean Playground,B,2026-07-01,H2,2026-06-22,2026-06-22,9,8,8,A,0,0,0,0,0,0.115384615384615,0,0,2.30258509299405,2.19722457733622,0.078056091098008,0,606
B376,B376,Fidler-Wyckoff House Park,B,2026-07-01,H2,2026-06-22,2026-06-22,9,5,3,A,0,0,0,0,0,0.0625,0.4,0,2.30258509299405,1.79175946922806,0.078056091098008,0,607
Q004-ZN01,Q004,Astoria Park Zone 1,Q,2026-07-01,H2,2026-06-03,2026-06-03,28,8,8,A,0,0,0,0,0,0.0384615384615385,0,0,3.36729582998647,2.19722457733622,0.0780393530510629,0,608
Q015-02,Q015,Sobelsohn Playground,Q,2026-07-01,H2,2026-06-03,2026-06-03,28,7,7,A,0,1,0,0,0,0.0416666666666667,0,0,3.36729582998647,2.07944154167984,0.0780393530510629,0,609
X201-01,X201,Seton Park Playground,X,2026-07-01,H2,2026-05-20,2026-05-20,42,8,4,A,0,0,0,0,0,0.0555555555555556,0.5,0,3.76120011569356,2.19722457733622,0.0780313038797052,0,610
B008-03,B008,Imagination Playground at Betsy Head,B,2026-07-01,H2,2026-06-23,2026-06-23,8,8,8,A,0,0,0,0,0,0.0384615384615385,0,0,2.19722457733622,2.19722457733622,0.0770705625647983,0,611
B028-ZN01,B028,Dyker Beach Park Zone 1,B,2026-07-01,H2,2026-06-23,2026-06-23,8,8,8,A,0,0,0,0,0,0.0384615384615385,0,0,2.19722457733622,2.19722457733622,0.0770705625647983,0,612
Q377,Q377,Playground Sixty Two LXII,Q,2026-07-01,H2,2026-06-08,2026-06-08,23,7,2,N,0,0,0,0,0,0.0714285714285714,0.714285714285714,1,3.17805383034795,2.07944154167984,0.0762777221777793,0,613
Q399,Q399,Bay Terrace Playground,Q,2026-07-01,H2,2026-06-08,2026-06-08,23,8,8,A,0,0,0,0,0,0.115384615384615,0,0,3.17805383034795,2.19722457733622,0.0762777221777793,0,614
Q415,Q415,Louis Armstrong Playground,Q,2026-07-01,H2,2026-06-08,2026-06-08,23,8,6,A,0,0,1,0,0,0.0454545454545455,0.25,0,3.17805383034795,2.19722457733622,0.0762777221777793,0,615
Q492,Q492,Elmhurst Park,Q,2026-07-01,H2,2026-06-08,2026-06-08,23,8,8,A,0,0,0,0,0,0.0384615384615385,0,0,3.17805383034795,2.19722457733622,0.0762777221777793,0,616
Q220C,Q220C,Dr. Charles R. Drew Park,Q,2026-07-01,H2,2026-06-09,2026-06-09,22,8,7,A,0,0,1,0,0,0.125,0.125,0,3.13549421592915,2.19722457733622,0.07588659616398,0,617
Q359,Q359,Haggerty Park,Q,2026-07-01,H2,2026-06-09,2026-06-09,22,7,6,A,0,0,0,0,0,0.136363636363636,0.142857142857143,0,3.13549421592915,2.07944154167984,0.07588659616398,0,618
Q103,Q103,Raymond O’Connor Park,Q,2026-07-01,H2,2026-06-11,2026-06-11,20,8,8,A,0,0,0,0,0,0.115384615384615,0,0,3.04452243772342,2.19722457733622,0.0750567253526608,0,619
X045-01,X045,St Mary's Playground East,X,2026-07-01,H2,2026-06-01,2026-06-01,30,8,7,N,0,0,0,0,0,0.0416666666666667,0.125,1,3.43398720448515,2.19722457733622,0.0750086781747723,0,620
Q010A-ZN02,Q010A,Little Bay Park Zone 2,Q,2026-07-01,H2,2026-06-12,2026-06-12,19,8,8,A,0,0,0,0,0,0.0384615384615385,0,0,2.99573227355399,2.19722457733622,0.0746150902034244,0,621
X002-05,X002,Brady Plgd,X,2026-07-01,H2,2026-06-03,2026-06-03,28,8,8,A,0,0,0,0,0,0.0384615384615385,0,0,3.36729582998647,2.19722457733622,0.0744059611099053,0,622
X177,X177,Castle Hill Playground,X,2026-07-01,H2,2026-06-04,2026-06-04,27,8,8,A,0,0,0,0,0,0.0384615384615385,0,0,3.3322045101752,2.19722457733622,0.0740906176760874,0,623
X266,X266,Vidalia Park,X,2026-07-01,H2,2026-06-04,2026-06-04,27,8,7,A,0,1,0,0,0,0.208333333333333,0.125,0,3.3322045101752,2.19722457733622,0.0740906176760874,0,624
X162,X162,Parkside Playground,X,2026-07-01,H2,2026-06-05,2026-06-05,26,7,6,A,0,0,0,0,0,0.0454545454545455,0.142857142857143,0,3.29583686600433,2.07944154167984,0.0737651025364773,0,625
Q221,Q221,Farm Playground,Q,2026-07-01,H2,2026-06-15,2026-06-15,16,8,5,A,0,0,0,0,0,0.05,0.375,0,2.83321334405622,2.19722457733622,0.0731611957374136,0,626
X161,X161,Gun Hill Playground,X,2026-07-01,H2,2026-06-11,2026-06-11,20,8,6,A,0,0,0,0,0,0.0454545454545455,0.25,0,3.04452243772342,2.19722457733622,0.0715514228179083,0,627
X165,X165,Edenwald Playground,X,2026-07-01,H2,2026-06-11,2026-06-11,20,8,6,A,0,0,0,0,0,0.0454545454545455,0.25,0,3.04452243772342,2.19722457733622,0.0715514228179083,0,628
X170,X170,The Pearly Gates,X,2026-07-01,H2,2026-06-11,2026-06-11,20,8,7,A,0,0,0,0,0,0.125,0.125,0,3.04452243772342,2.19722457733622,0.0715514228179083,0,629
Q015-03,Q015,Jackson Pond Playground,Q,2026-07-01,H2,2026-06-18,2026-06-18,13,8,5,A,0,0,0,0,0,0.05,0.375,0,2.63905732961526,2.19722457733622,0.0714585027663644,0,630
Q351,Q351,Peters Field,Q,2026-07-01,H2,2026-06-18,2026-06-18,13,8,8,A,0,0,0,0,0,0.0384615384615385,0,0,2.63905732961526,2.19722457733622,0.0714585027663644,0,631
X010-12,X010,Bathgate Playground,X,2026-07-01,H2,2026-06-12,2026-06-12,19,8,7,A,0,0,0,0,0,0.0416666666666667,0.125,0,2.99573227355399,2.19722457733622,0.071128826834908,0,632
X106,X106,Evelina Antonetty Playground,X,2026-07-01,H2,2026-06-15,2026-06-15,16,8,6,A,0,0,0,0,0,0.136363636363636,0.25,0,2.83321334405622,2.19722457733622,0.0697377438032239,0,633
X194,X194,Captain Rivera Playground,X,2026-07-01,H2,2026-06-15,2026-06-15,16,8,8,A,0,0,0,0,0,0.115384615384615,0,0,2.83321334405622,2.19722457733622,0.0697377438032239,0,634
X147A-ZN01,X147A,Starlight Park Zone 1,X,2026-07-01,H2,2026-06-16,2026-06-16,15,7,7,A,0,0,0,0,0,0.0416666666666667,0,0,2.77258872223978,2.07944154167984,0.06922530116753,0,635
R016-ZN02,R016,Cedar Grove Beach Zone 2,R,2026-07-01,H2,2025-09-05,2025-09-05,299,5,3,A,0,0,0,0,0,0.0625,0.4,0,5.7037824746562,1.79175946922806,0.0687866931813588,0,636
X092-ZN03,X092,Van Cortlandt Pool,X,2026-07-01,H2,2026-06-17,2026-06-17,14,8,8,A,0,0,0,0,0,0.115384615384615,0,0,2.70805020110221,2.19722457733622,0.0686836073233841,0,637
X171,X171,Spuyten Duyvil Playground,X,2026-07-01,H2,2026-06-17,2026-06-17,14,7,7,A,0,0,0,0,0,0.125,0,0,2.70805020110221,2.07944154167984,0.0686836073233841,0,638
Q098,Q098,Frank D. O'Connor Playground,Q,2026-07-01,H2,2026-06-22,2026-06-22,9,8,8,A,0,0,0,0,0,0.0384615384615385,0,0,2.30258509299405,2.19722457733622,0.0685941364010037,0,639
Q104-01,Q104,Vernon Playground,Q,2026-07-01,H2,2026-06-22,2026-06-22,9,8,8,A,0,0,0,0,0,0.115384615384615,0,0,2.30258509299405,2.19722457733622,0.0685941364010037,0,640
Q300-03,Q300,Silent Springs Playground,Q,2026-07-01,H2,2026-06-22,2026-06-22,9,8,8,A,0,0,0,0,0,0.192307692307692,0,0,2.30258509299405,2.19722457733622,0.0685941364010037,0,641
Q302,Q302,Evergreen Park,Q,2026-07-01,H2,2026-06-22,2026-06-22,9,8,8,A,0,1,0,0,0,0.269230769230769,0,0,2.30258509299405,2.19722457733622,0.0685941364010037,0,642
Q360N,Q360N,Hoffman Park,Q,2026-07-01,H2,2026-06-22,2026-06-22,9,8,6,N,0,0,0,0,0,0.0454545454545455,0.25,1,2.30258509299405,2.19722457733622,0.0685941364010037,0,643
Q445-01,Q445,136 St Playground,Q,2026-07-01,H2,2026-06-22,2026-06-22,9,8,7,A,0,0,0,0,0,0.0416666666666667,0.125,0,2.30258509299405,2.19722457733622,0.0685941364010037,0,644
Q162-ZN04C,Q162,Rockaway Beach 04c,Q,2026-07-01,H2,2026-06-23,2026-06-23,8,8,4,A,0,0,0,0,0,0.166666666666667,0.5,0,2.19722457733622,2.19722457733622,0.0677192984949545,0,645
Q162J,Q162J,Beach 17 Playground,Q,2026-07-01,H2,2026-06-23,2026-06-23,8,8,8,A,0,0,0,0,0,0.115384615384615,0,0,2.19722457733622,2.19722457733622,0.0677192984949545,0,646
Q163-ZN07B,Q163,Rockaway Beach 07b,Q,2026-07-01,H2,2026-06-23,2026-06-23,8,9,6,A,0,0,0,0,0,0.0454545454545455,0.333333333333333,0,2.19722457733622,2.30258509299405,0.0677192984949545,0,647
R085,R085,E.M.T. Christopher J. Prescott Playground,R,2026-07-01,H2,2026-01-15,2026-01-15,167,7,7,A,0,0,0,0,0,0.0416666666666667,0,0,5.12396397940326,2.07944154167984,0.0640868977714587,0,648
R005-ZN01,R005,Clove Lakes Park Zone 1,R,2026-07-01,H2,2026-01-23,2026-01-23,159,7,3,N,0,0,0,0,0,0.0625,0.571428571428571,1,5.07517381523383,2.07944154167984,0.0637053636446129,0,649
R090,R090,Lieutenant John H. Martinson Playground,R,2026-07-01,H2,2026-02-04,2026-02-04,147,7,6,A,0,0,0,0,0,0.0454545454545455,0.142857142857143,0,4.99721227376412,2.07944154167984,0.0631001037254361,0,650
R046-ZN03,R046,South Beach Zone 3,R,2026-07-01,H2,2026-02-12,2026-02-12,139,8,8,A,0,0,0,0,0,0.0384615384615385,0,0,4.9416424226093,2.19722457733622,0.0626719615735142,0,651
R067,R067,Gen. Douglas MacArthur Park,R,2026-07-01,H2,2026-02-12,2026-02-12,139,8,8,A,0,0,0,0,0,0.0384615384615385,0,0,4.9416424226093,2.19722457733622,0.0626719615735142,0,652
R089,R089,Greencroft Playground,R,2026-07-01,H2,2026-02-27,2026-02-27,124,7,5,N,0,0,0,0,0,0.05,0.285714285714286,1,4.8283137373023,2.07944154167984,0.0618072016031855,0,653
R062,R062,Arrochar Playground,R,2026-07-01,H2,2026-03-05,2026-03-05,118,7,7,A,0,0,0,0,0,0.0416666666666667,0,0,4.77912349311153,2.07944154167984,0.061435332376826,0,654
R063,R063,Old Town Playground,R,2026-07-01,H2,2026-03-05,2026-03-05,118,8,8,A,0,0,0,0,0,0.0384615384615385,0,0,4.77912349311153,2.19722457733622,0.061435332376826,0,655
R064,R064,Christopher J. Igneri Playground,R,2026-07-01,H2,2026-03-05,2026-03-05,118,8,8,A,0,0,0,0,0,0.0384615384615385,0,0,4.77912349311153,2.19722457733622,0.061435332376826,0,656
R006-ZN02,R006,Conference House Park Zone 2,R,2026-07-01,H2,2026-03-12,2026-03-12,111,8,8,A,0,0,0,0,0,0.0384615384615385,0,0,4.71849887129509,2.19722457733622,0.0609798979084893,0,657
R022-04,R022,Silver Lake Park Playground,R,2026-07-01,H2,2026-03-12,2026-03-12,111,7,7,A,0,0,0,0,0,0.0416666666666667,0,0,4.71849887129509,2.07944154167984,0.0609798979084893,0,658
R035,R035,De Matti Park,R,2026-07-01,H2,2026-03-16,2026-03-16,107,8,8,A,0,0,0,0,0,0.0384615384615385,0,0,4.68213122712422,2.19722457733622,0.0607082076559309,0,659
R087,R087,Dongan Playground,R,2026-07-01,H2,2026-03-16,2026-03-16,107,6,3,A,0,0,0,0,0,0.0625,0.5,0,4.68213122712422,1.94591014905531,0.0607082076559309,0,660
R038,R038,Midland Playground,R,2026-07-01,H2,2026-03-19,2026-03-19,104,8,8,A,0,0,0,0,0,0.0384615384615385,0,0,4.65396035015752,2.19722457733622,0.0604985313059534,0,661
R075A,R075A,Father Macris Park,R,2026-07-01,H2,2026-03-27,2026-03-27,96,3,3,A,0,0,0,0,0,0.0625,0,0,4.57471097850338,1.38629436111989,0.0599123056290331,0,662
R061,R061,Rev. Dr. Maggie Howard Playground,R,2026-07-01,H2,2026-03-30,2026-03-30,93,8,8,A,0,0,0,0,0,0.0384615384615385,0,0,4.54329478227,2.19722457733622,0.0596813881542266,0,663
R065-ZN08,R065,Willowbrook Park Recreational Area,R,2026-07-01,H2,2026-04-02,2026-04-02,90,8,7,A,0,1,0,0,0,0.125,0.125,0,4.51085950651685,2.19722457733622,0.0594438548784441,0,664
R109-01,R109,Corporal Thompson Playground,R,2026-07-01,H2,2026-04-13,2026-04-13,79,7,7,A,0,0,0,0,0,0.0416666666666667,0,0,4.38202663467388,2.07944154167984,0.0585090926990997,0,665
R046-06,R046,Midland Playground,R,2026-07-01,H2,2026-04-14,2026-04-14,78,8,6,A,0,0,0,0,0,0.0454545454545455,0.25,0,4.36944785246702,2.19722457733622,0.0584185681210944,0,666
R046-ZN02,R046,South Beach Zone 2,R,2026-07-01,H2,2026-04-14,2026-04-14,78,8,3,N,0,0,0,0,0,0.0625,0.625,1,4.36944785246702,2.19722457733622,0.0584185681210944,0,667
R046-ZN04,R046,Midland Beach Zone 4,R,2026-07-01,H2,2026-04-14,2026-04-14,78,7,5,A,0,0,0,0,0,0.05,0.285714285714286,0,4.36944785246702,2.07944154167984,0.0584185681210944,0,668
R026,R026,Gerard P. Dugan Playground,R,2026-07-01,H2,2026-04-16,2026-04-16,76,8,8,A,0,0,0,0,0,0.0384615384615385,0,0,4.34380542185368,2.19722457733622,0.0582344362997726,0,669
R034,R034,Austin J. McDonald Playground,R,2026-07-01,H2,2026-04-23,2026-04-23,69,8,8,A,0,0,0,0,0,0.0384615384615385,0,0,4.24849524204936,2.19722457733622,0.0575548009032568,0,670
R015,R015,Walker Park,R,2026-07-01,H2,2026-04-30,2026-04-30,62,8,8,A,0,0,0,0,0,0.0384615384615385,0,0,4.14313472639153,2.19722457733622,0.0568121689182969,0,671
R125,R125,Lopez Playground,R,2026-07-01,H2,2026-04-30,2026-04-30,62,6,6,A,0,0,0,0,0,0.136363636363636,0,0,4.14313472639153,1.94591014905531,0.0568121689182969,0,672
R025,R025,Mahoney Playground,R,2026-07-01,H2,2026-05-11,2026-05-11,51,8,8,A,0,0,1,0,0,0.0384615384615385,0,0,3.95124371858143,2.19722457733622,0.0554827149093223,0,673
R038A,R038A,Midland Field,R,2026-07-01,H2,2026-05-11,2026-05-11,51,8,4,N,0,0,0,0,0,0.0555555555555556,0.5,1,3.95124371858143,2.19722457733622,0.0554827149093223,0,674
R017-ZN01,R017,Owl Hollow Fields,R,2026-07-01,H2,2026-05-29,2026-05-29,33,2,1,A,0,0,0,0,0,0.0833333333333333,0.5,0,3.52636052461616,1.09861228866811,0.0526425834584075,0,675
R046-ZN01,R046,South Beach Zone 1,R,2026-07-01,H2,2026-06-02,2026-06-02,29,9,9,A,0,1,0,0,0,0.0357142857142857,0,0,3.40119738166216,2.30258509299405,0.0518324548235861,0,676
R069,R069,Terrace Playground,R,2026-07-01,H2,2026-06-04,2026-06-04,27,8,8,A,0,0,0,0,0,0.0384615384615385,0,0,3.3322045101752,2.19722457733622,0.0513909456000727,0,677
R076,R076,Markham Playground,R,2026-07-01,H2,2026-06-04,2026-06-04,27,8,8,A,0,0,0,0,0,0.0384615384615385,0,0,3.3322045101752,2.19722457733622,0.0513909456000727,0,678
R114,R114,Jennifer's Playground,R,2026-07-01,H2,2026-06-12,2026-06-12,19,8,8,A,0,1,0,0,0,0.0384615384615385,0,0,2.99573227355399,2.19722457733622,0.0492882754763262,0,679
R106-01,R106,Bloomingdale Playground,R,2026-07-01,H2,2026-06-16,2026-06-16,15,8,8,A,0,0,0,0,0,0.0384615384615385,0,0,2.77258872223978,2.19722457733622,0.0479390737543103,0,680
R031-ZN02,R031,Wolfe's Pond Park Zone 2,R,2026-07-01,H2,2026-06-18,2026-06-18,13,9,2,A,0,0,0,0,0,0.0714285714285714,0.777777777777778,0,2.63905732961526,2.30258509299405,0.0471485470241489,0,681
R153-ZN01,R153,Fairview Park Zone 1,R,2026-07-01,H2,2026-06-18,2026-06-18,13,8,8,A,0,0,0,0,0,0.115384615384615,0,0,2.63905732961526,2.19722457733622,0.0471485470241489,0,682
