prop_id,parent,site_name,borough,asof,half,last_date,max_available,days_since,n_history,n_rated,last_status,last_fail,last_struct,last_amenity,last_litter,recent_rate,history_rate,unknown_rate,last_n,log_days,log_history,risk_score,last_three,priority_order,lon,lat,register_matches,register_id,register_name,listed_status,nearest_alternative_m,alternatives_within400m
M010-ZN12&13,M010,The Mall And Rumsey Playfield,M,2026-07-01,H2,2024-10-25,2024-10-25,614,1,1,U,1,1,0,0,1,0.25,0,0,6.42162226780652,0.693147180559945,0.456313235844103,1,1,,,,,,,,
M028-02,M028,Lily Brown Playground,M,2026-07-01,H2,2026-02-24,2026-02-24,127,7,4,N,1,0,0,0,1,0.388888888888889,0.428571428571429,1,4.85203026391962,2.07944154167984,0.406030426995413,1,2,-73.9460142857143,40.8389,1,336,Lily Brown Playground,Not Operational,717.736270490332,0
M132,M132,Little Flower Playground,M,2026-07-01,H2,2026-03-16,2026-03-16,107,8,4,N,1,0,0,0,1,0.388888888888889,0.5,1,4.68213122712422,2.19722457733622,0.400684856724412,1,3,,,,,,,,
M194,M194,Alfred E. Smith Playground,M,2026-07-01,H2,2026-03-16,2026-03-16,107,7,6,U,1,0,0,0,1,0.409090909090909,0.142857142857143,0,4.68213122712422,2.07944154167984,0.400684856724412,1,4,-73.99736,40.71104,1,394,Alfred E. Smith Playground,Operational,265.862888610175,1
B315,B315,Surf Playground,B,2026-07-01,H2,2026-04-28,2026-04-28,64,7,7,U,1,0,0,0,1,0.291666666666667,0,0,4.17438726989564,2.07944154167984,0.355365935170727,1,5,-73.9927,40.57364,1,279,Surf Playground,Operational,221.367502060614,3
M027,M027,Downing Street Playground,M,2026-07-01,H2,2026-06-08,2026-06-08,23,8,3,N,1,0,0,0,1,0.4375,0.625,1,3.17805383034795,2.19722457733622,0.354514551647815,1,6,-74.00295,40.7300166666667,1,335,Downing Street Playground,Operational,201.244780499076,1
B096,B096,Sgt. William Dougherty Playground,B,2026-07-01,H2,2026-05-19,2026-05-19,43,8,8,U,1,0,0,0,1,0.423076923076923,0,0,3.78418963391826,2.19722457733622,0.343767716102881,1,7,-73.9369444444445,40.7235333333333,1,173,Sgt. William Dougherty Playground,Operational,572.255160497556,0
Q105,Q105,Howard Von Dohlen Playground,Q,2026-07-01,H2,2026-03-23,2026-03-23,100,7,1,N,1,0,0,0,1,0.25,0.857142857142857,1,4.61512051684126,2.07944154167984,0.33685406382946,1,8,-73.81308,40.69964,1,689,Howard Von Dohlen Playground,Operational,384.478218423245,1
B109,B109,Bill Brown Playground,B,2026-07-01,H2,2026-06-04,2026-06-04,27,8,7,U,1,0,0,0,1,0.375,0.125,0,3.3322045101752,2.19722457733622,0.330562840648598,1,9,-73.9455838709677,40.5917225806451,1,177,Bill Brown Playground,Operational,514.352126796046,0
B163,B163,Sperandeo Brothers Playground,B,2026-07-01,H2,2026-06-05,2026-06-05,26,8,8,U,1,0,0,0,1,0.346153846153846,0,0,3.29583686600433,2.19722457733622,0.329511527285429,1,10,-73.8842428571429,40.6776142857143,1,199,Sperandeo Brothers Playground,Operational,425.939424941651,0
M105-01,M105,Houston St Plgd,M,2026-07-01,H2,2026-06-22,2026-06-22,9,8,8,U,1,0,1,0,1,0.346153846153846,0,0,2.30258509299405,2.19722457733622,0.328779407894869,1,11,,,,,,,,
M037-03,M037,Quisqueya Plgd,M,2026-07-01,H2,2026-06-23,2026-06-23,8,8,1,U,1,1,0,0,1,0.25,0.875,0,2.19722457733622,2.19722457733622,0.325746763037774,1,12,-73.93116,40.84722,1,667,Quisqueya Playground,Not Operational,239.686122755433,1
B529,B529,Bushwick Inlet Park,B,2026-07-01,H2,2024-12-09,2024-12-09,569,4,4,U,1,0,0,0,0.666666666666667,0.388888888888889,0,0,6.3456363608286,1.6094379124341,0.309855182682125,0.666666666666667,13,-73.9607866666667,40.7218666666667,1,302,Bushwick Inlet Park,Operational,521.210643023183,0
B197,B197,Mellett Playground,B,2026-07-01,H2,2026-06-22,2026-06-22,9,8,6,N,1,0,0,0,1,0.409090909090909,0.25,1,2.30258509299405,2.19722457733622,0.301481820787309,1,14,-73.95736,40.59704,1,213,Mellett Playground,Operational,339.108331117961,1
Q082,Q082,Wayanda Park,Q,2026-07-01,H2,2026-06-04,2026-06-04,27,8,8,U,1,0,0,0,1,0.346153846153846,0,0,3.3322045101752,2.19722457733622,0.300467662005531,1,15,-73.7390166666667,40.7108333333333,1,481,Wayanda Park,Operational,1006.50533972454,0
M239,M239,P.S. 155 Playground,M,2026-07-01,H2,2026-02-25,2026-02-25,126,8,3,N,1,0,0,0,0.666666666666667,0.3125,0.625,1,4.84418708645859,2.19722457733622,0.295139234557335,0.666666666666667,16,-73.93532,40.79752,1,681,P.S. 155 Playground,Operational,416.880779147815,0
M010-ZN05,M010,"Dairy, Chess & Checkers House, Carousel",M,2026-07-01,H2,2026-03-17,2026-03-17,106,3,3,U,1,0,0,0,0.666666666666667,0.3125,0,0,4.67282883446191,1.38629436111989,0.290500149871369,0.666666666666667,17,-73.9746333333333,40.7691222222222,2,,,,,
M208A,M208A,Alice Kornegay Triangle,M,2026-07-01,H2,2026-04-09,2026-04-09,83,8,6,U,1,0,0,0,0.666666666666667,0.318181818181818,0.25,0,4.43081679884331,2.19722457733622,0.284022252260695,0.666666666666667,18,-73.93556,40.80656,1,398,Alice Kornegay Triangle,Operational,397.007986993595,1
M159,M159,Frederick Johnson Playground,M,2026-07-01,H2,2026-04-13,2026-04-13,79,8,6,U,1,0,0,0,0.666666666666667,0.318181818181818,0.25,0,4.38202663467388,2.19722457733622,0.282726898121817,0.666666666666667,19,,,,,,,,
X168,X168,Nelson Playground,X,2026-07-01,H2,2026-06-11,2026-06-11,20,7,7,U,1,1,1,0,1,0.375,0,0,3.04452243772342,2.07944154167984,0.282054491003563,1,20,-73.92656,40.83502,1,85,Nelson Playground,Operational,414.172536283116,0
M165,M165,Baruch Playground,M,2026-07-01,H2,2026-04-16,2026-04-16,76,8,8,U,1,1,1,0,0.666666666666667,0.269230769230769,0,0,4.34380542185368,2.19722457733622,0.281714648342452,0.666666666666667,21,-73.97696,40.71722,1,390,Baruch Playground,Operational,417.024833506095,0
B110,B110,Marion Hopkinson Playground,B,2026-07-01,H2,2026-02-13,2026-02-13,138,7,7,U,1,1,0,1,0.666666666666667,0.208333333333333,0,0,4.93447393313069,2.07944154167984,0.271843438954773,0.666666666666667,22,-73.91334,40.68184,1,178,Marion Hopkinson Playground,Operational,363.816267223116,1
B339,B339,Newport Playground,B,2026-07-01,H2,2026-02-17,2026-02-17,134,7,6,U,1,0,0,0,0.666666666666667,0.227272727272727,0.142857142857143,0,4.90527477843843,2.07944154167984,0.271088452782812,0.666666666666667,23,-73.90684,40.66092,1,288,Newport Playground,Operational,420.484894659536,0
B350,B350,Stroud Playground,B,2026-07-01,H2,2026-02-20,2026-02-20,131,7,7,U,1,0,0,0,0.666666666666667,0.208333333333333,0,0,4.88280192258637,2.07944154167984,0.270508282430542,0.666666666666667,24,-73.96226,40.675,1,292,Stroud Playground,Operational,328.943313523343,1
B018-ZN02,B018,Canarsie Park Zone 2,B,2026-07-01,H2,2026-02-27,2026-02-27,124,3,3,U,1,0,0,0,0.666666666666667,0.3125,0,0,4.8283137373023,1.38629436111989,0.269104836314845,0.666666666666667,25,,,,,,,,
M037-10,M037,Adventure Plgd,M,2026-07-01,H2,2026-02-25,2026-02-25,126,5,5,A,0,1,0,0,0.666666666666667,0.25,0,0,4.84418708645859,1.79175946922806,0.26270133186044,0.666666666666667,26,-73.9366,40.83686,1,1038,Adventure Playground,Operational,366.470536973575,1
M391-ZN01,M391,East River Waterfront Esplanade Zone 1,M,2026-07-01,H2,2026-02-27,2026-02-27,124,7,7,A,0,1,0,0,0.666666666666667,0.291666666666667,0,0,4.8283137373023,2.07944154167984,0.262299574318803,0.666666666666667,27,,,,,,,,
B269,B269,Jesse Owens Playground,B,2026-07-01,H2,2026-04-01,2026-04-01,91,7,7,U,1,0,0,0,0.666666666666667,0.291666666666667,0,0,4.52178857704904,2.07944154167984,0.261295955658639,0.666666666666667,28,-73.93244,40.69164,1,256,Jesse Owens Playground,Operational,309.600016903632,1
B306,B306,Playground 286,B,2026-07-01,H2,2026-04-10,2026-04-10,82,7,6,U,1,0,0,0,0.666666666666667,0.318181818181818,0.142857142857143,0,4.4188406077966,2.07944154167984,0.258706401040464,0.666666666666667,29,-73.93845,40.5906,1,272,Playground 286,Operational,304.934651340024,1
M200A,M200A,Anibal Aviles Playground,M,2026-07-01,H2,2026-03-20,2026-03-20,103,7,4,A,0,0,0,0,0.666666666666667,0.277777777777778,0.428571428571429,0,4.64439089914137,2.07944154167984,0.257673410974234,0.666666666666667,30,-73.9637333333333,40.8015555555556,0,,,,,
B007,B007,Bensonhurst Park,B,2026-07-01,H2,2026-04-23,2026-04-23,69,8,7,U,1,0,0,0,0.666666666666667,0.291666666666667,0.125,0,4.24849524204936,2.19722457733622,0.254458385880442,0.666666666666667,31,-73.9999777777778,40.5978444444445,1,125,Bensonhurst Park,Operational,330.922959888777,1
Q005-ZN01,Q005,Baisley Pond Park Zone 1,Q,2026-07-01,H2,2026-02-04,2026-02-04,147,7,7,U,1,0,0,0,0.666666666666667,0.291666666666667,0,0,4.99721227376412,2.07944154167984,0.246657577135626,0.666666666666667,32,-73.78718,40.68138,1,442,Baisley Pond Park Zone 1,Operational,363.6675027911,2
B169-ZN06B,B169,Coney Island Beach Zone 6b,B,2026-07-01,H2,2026-05-13,2026-05-13,49,9,4,N,1,0,0,0,0.666666666666667,0.277777777777778,0.555555555555556,1,3.91202300542815,2.30258509299405,0.246203586554344,0.666666666666667,33,-73.98854,40.57238,1,208,Coney Island Beach Zone 6b,Operational,236.109107621816,3
Q322,Q322,Bellaire Playground,Q,2026-07-01,H2,2026-02-09,2026-02-09,142,7,6,U,1,0,0,0,0.666666666666667,0.318181818181818,0.142857142857143,0,4.96284463025991,2.07944154167984,0.245823616507285,0.666666666666667,34,-73.75804,40.7217,1,545,Bellaire Playground,Operational,950.584038144538,0
B082-ZN04,B082,Shore Road Park Zone 4,B,2026-07-01,H2,2026-05-15,2026-05-15,47,8,8,U,1,0,0,0,0.666666666666667,0.192307692307692,0,0,3.87120101090789,2.19722457733622,0.245214447176511,0.666666666666667,35,-74.0356875,40.612,1,169,Shore Road Park Zone 4,Operational,567.110822798209,0
B323,B323,Hattie Carthan Playground,B,2026-07-01,H2,2026-05-18,2026-05-18,44,8,7,U,1,0,0,0,0.666666666666667,0.208333333333333,0.125,0,3.80666248977032,2.19722457733622,0.24365612537425,0.666666666666667,36,-73.94636,40.6856,1,283,Hattie Carthan Playground,Operational,434.453646074631,0
B311,B311,Ten Eyck Playground,B,2026-07-01,H2,2026-05-19,2026-05-19,43,7,6,N,1,0,0,0,0.666666666666667,0.318181818181818,0.142857142857143,1,3.78418963391826,2.07944154167984,0.243115082935307,0.666666666666667,37,-73.93894,40.70906,1,277,Ten Eyck Playground,Operational,502.236068616115,0
M058-ZN01,M058,Marcus Garvey Park Zone 1,M,2026-07-01,H2,2026-05-12,2026-05-12,50,8,3,N,0,0,0,0,0.666666666666667,0.3125,0.625,1,3.93182563272433,2.19722457733622,0.240259722286327,0.666666666666667,38,,,,,,,,
B223PC,B223PC,Strawberry Playground,B,2026-07-01,H2,2026-02-24,2026-02-24,127,7,6,N,0,0,0,0,0.666666666666667,0.318181818181818,0.142857142857143,1,4.85203026391962,2.07944154167984,0.239123560439508,0.666666666666667,39,,,,,,,,
Q021-ZN01,Q021,Cunningham Park Zone 1,Q,2026-07-01,H2,2026-03-27,2026-03-27,96,7,3,N,1,0,0,0,0.666666666666667,0.3125,0.571428571428571,1,4.57471097850338,2.07944154167984,0.236537719277627,0.666666666666667,40,,,,,,,,
M215,M215,Cherry Tree Park,M,2026-07-01,H2,2026-05-20,2026-05-20,42,8,8,A,0,0,0,0,0.666666666666667,0.269230769230769,0,0,3.76120011569356,2.19722457733622,0.236211476929247,0.666666666666667,41,-73.94722,40.78716,1,401,Cherry Tree Park,Operational,370.721634713405,1
B073-ZN28,B073,East Parade Grounds,B,2026-07-01,H2,2026-03-12,2026-03-12,111,8,4,N,0,0,0,0,0.666666666666667,0.277777777777778,0.5,1,4.71849887129509,2.19722457733622,0.235961725430371,0.666666666666667,42,,,,,,,,
X214,X214,Magenta Playground,X,2026-07-01,H2,2026-02-13,2026-02-13,138,7,5,U,1,1,0,0,0.666666666666667,0.25,0.285714285714286,0,4.93447393313069,2.07944154167984,0.235712442844742,0.666666666666667,43,-73.86784,40.87356,1,108,Magenta Playground,Not Operational,240.360607938935,2
B304,B304,Kennedy King Playground,B,2026-07-01,H2,2026-06-05,2026-06-05,26,7,7,U,1,0,0,0,0.666666666666667,0.208333333333333,0,0,3.29583686600433,2.07944154167984,0.231560112531617,0.666666666666667,44,-73.92176,40.6587,1,270,Kennedy King Playground,Operational,664.863150023104,0
B309,B309,Pink Playground,B,2026-07-01,H2,2026-06-05,2026-06-05,26,8,8,U,1,0,0,0,0.666666666666667,0.192307692307692,0,0,3.29583686600433,2.19722457733622,0.231560112531617,0.666666666666667,45,-73.8625285714286,40.6665,1,275,Pink Playground,Operational,864.875838548013,0
X001-ZN02,X001,Aqueduct Walk Zone 2,X,2026-07-01,H2,2026-03-24,2026-03-24,99,7,6,N,1,0,0,0,0.666666666666667,0.318181818181818,0.142857142857143,1,4.60517018598809,2.07944154167984,0.228044837679104,0.666666666666667,46,,,,,,,,
B142,B142,Bedford Playground,B,2026-07-01,H2,2026-04-16,2026-04-16,76,7,4,N,0,0,0,0,0.666666666666667,0.277777777777778,0.428571428571429,1,4.34380542185368,2.07944154167984,0.227244677289922,0.666666666666667,47,-73.9641,40.7081,1,193,Bedford Playground,Operational,263.576887159779,1
B209,B209,Galapo Playground,B,2026-07-01,H2,2026-04-16,2026-04-16,76,7,7,A,0,0,0,0,0.666666666666667,0.291666666666667,0,0,4.34380542185368,2.07944154167984,0.227244677289922,0.666666666666667,48,-73.9467714285715,40.5979,1,216,Galapo Playground,Operational,584.438565376769,0
M230,M230,Poor Richard's Playground,M,2026-07-01,H2,2026-06-24,2026-06-24,7,8,5,U,1,0,0,0,0.666666666666667,0.35,0.375,0,2.07944154167984,2.19722457733622,0.225829484890475,0.666666666666667,49,-73.94312,40.79298,1,409,Poor Richard's Playground,Operational,609.291162633665,0
X008-ZN01,X008,Claremont Zone 1,X,2026-07-01,H2,2026-04-14,2026-04-14,78,8,7,U,1,0,0,0,0.666666666666667,0.208333333333333,0.125,0,4.36944785246702,2.19722457733622,0.222665138599475,0.666666666666667,50,-73.9068285714286,40.8414857142857,1,11,Claremont Zone 1,Operational,392.666089003235,1
X030-ZN02,X030,Macombs Dam Park Zone 2 Lower,X,2026-07-01,H2,2026-04-23,2026-04-23,69,8,8,U,1,1,1,0,0.666666666666667,0.192307692307692,0,0,4.24849524204936,2.19722457733622,0.219940117472286,0.666666666666667,51,-73.9283666666667,40.8274777777778,1,26,Macombs Dam Park Zone 2 Lower,Operational,157.024252608653,1
X002-14,X002,Rosewood Playground,X,2026-07-01,H2,2026-04-29,2026-04-29,63,7,7,U,1,0,0,0,0.666666666666667,0.375,0,0,4.15888308335967,2.07944154167984,0.21793668151154,0.666666666666667,52,-73.87112,40.87298,1,6,Rosewood Playground,Operational,517.807562485044,0
Q141,Q141,Murray Playground,Q,2026-07-01,H2,2026-03-18,2026-03-18,105,7,7,A,0,1,0,0,0.666666666666667,0.208333333333333,0,0,4.66343909411207,2.07944154167984,0.21055586190482,0.666666666666667,53,-73.94895,40.74724,1,510,Murray Playground,Operational,791.806321943743,0
Q102-ZN01,Q102,Juniper Valley Park Zone 1,Q,2026-07-01,H2,2026-06-03,2026-06-03,28,8,8,U,1,0,0,0,0.666666666666667,0.192307692307692,0,0,3.36729582998647,2.19722457733622,0.209223591704322,0.666666666666667,54,-73.8845444444445,40.7187333333333,1,497,Juniper Valley Park Zone 1,Operational,640.802707721227,0
M028-ZN02A,M028,Fort Washington Park Zone 2A,M,2026-07-01,H2,2026-01-28,2026-01-28,154,7,7,U,1,0,0,0,0.333333333333333,0.208333333333333,0,0,5.04342511691925,2.07944154167984,0.208559120845165,0.333333333333333,55,-73.9461923076923,40.8471230769231,1,337,Fort Washington Park Zone 2A,Operational,460.830647439037,0
M144-ZN05,M144,East River Park Zone 5,M,2026-07-01,H2,2025-01-23,2025-01-23,524,5,4,N,0,0,0,0,0.333333333333333,0.166666666666667,0.2,1,6.26339826259162,1.79175946922806,0.208241605317072,0.333333333333333,56,-73.9740375,40.72180625,1,384,East River Park Zone 5,Operational,250.88776005642,1
M259,M259,McKinley Playground,M,2026-07-01,H2,2026-02-13,2026-02-13,138,7,3,N,1,0,0,0,0.333333333333333,0.1875,0.571428571428571,1,4.93447393313069,2.07944154167984,0.206217714115179,0.333333333333333,57,-73.9856142857143,40.7242571428571,1,422,McKinley Playground,Operational,456.499076768857,0
M223,M223,Jacob H. Schiff Playground,M,2026-07-01,H2,2026-02-18,2026-02-18,133,7,7,U,1,0,0,0,0.333333333333333,0.291666666666667,0,0,4.89783979995091,2.07944154167984,0.205434815493434,0.333333333333333,58,-73.9521111111111,40.8203666666667,1,406,Jacob H. Schiff Playground,Operational,300.355426643382,1
M238,M238,Bloomingdale Playground,M,2026-07-01,H2,2026-02-18,2026-02-18,133,7,5,U,1,0,0,0,0.333333333333333,0.15,0.285714285714286,0,4.89783979995091,2.07944154167984,0.205434815493434,0.333333333333333,59,-73.9662142857143,40.7993571428572,1,33,Bloomingdale Playground,Operational,289.236768281632,2
M015,M015,Columbus Park,M,2026-07-01,H2,2026-02-19,2026-02-19,132,7,7,U,1,1,1,0,0.333333333333333,0.208333333333333,0,0,4.89034912822175,2.07944154167984,0.205275005930886,0.333333333333333,60,,,,,,,,
Q053,Q053,Equity Playground,Q,2026-07-01,H2,2026-06-08,2026-06-08,23,7,3,N,1,0,0,0,0.666666666666667,0.3125,0.571428571428571,1,3.17805383034795,2.07944154167984,0.205159622494937,0.666666666666667,61,-73.8536428571429,40.6913857142857,1,478,Equity Playground,Operational,608.686295115795,0
Q012B,Q012B,John Golden Park,Q,2026-07-01,H2,2026-06-10,2026-06-10,21,8,8,U,1,1,1,0,0.666666666666667,0.269230769230769,0,0,3.09104245335832,2.19722457733622,0.2033108106868,0.666666666666667,62,-73.76774,40.77408,1,451,John Golden Park,Operational,265.439119748281,1
M144-ZN06,M144,East River Park Zone 6,M,2026-07-01,H2,2025-05-14,2025-05-14,413,5,3,N,0,0,0,0,0.333333333333333,0.1875,0.4,1,6.02586597382531,1.79175946922806,0.203167788532176,0.333333333333333,63,-73.97284,40.72386,1,385,East River Park Zone 6,Operational,248.868351457431,1
M041,M041,Alexander Hamilton Playground,M,2026-07-01,H2,2026-03-05,2026-03-05,118,8,8,U,1,1,0,1,0.333333333333333,0.192307692307692,0,0,4.77912349311153,2.19722457733622,0.202912914831925,0.333333333333333,64,-73.95108,40.82296,1,342,Alexander Hamilton Playground,Operational,300.214590492901,3
M010-ZN18&19,M010,The Ramble,M,2026-07-01,H2,2026-06-23,2026-06-23,8,8,8,A,0,0,0,0,0.666666666666667,0.269230769230769,0,0,2.19722457733622,2.19722457733622,0.201324712313061,0.666666666666667,65,,,,,,,,
X178,X178,Matthews Muliner Playground,X,2026-07-01,H2,2026-04-01,2026-04-01,91,7,7,A,0,1,0,0,0.666666666666667,0.208333333333333,0,0,4.52178857704904,2.07944154167984,0.199135284100555,0.666666666666667,66,-73.8615285714286,40.8469428571429,1,94,Matthews Muliner Playground,Operational,404.046122409918,0
M071-03,M071,Classic Plgd,M,2026-07-01,H2,2026-03-30,2026-03-30,93,7,6,N,1,0,0,0,0.333333333333333,0.227272727272727,0.142857142857143,1,4.54329478227,2.07944154167984,0.197971835317416,0.333333333333333,67,,,,,,,,
X042,X042,Rose Hill Park,X,2026-07-01,H2,2026-01-20,2026-01-20,162,4,2,N,1,0,0,0,0.5,0.214285714285714,0.5,1,5.09375020080676,1.6094379124341,0.197804720946246,0.5,68,-73.8907933333333,40.86174,1,35,Rose Hill Park,Operational,105.2291775741,3
X038-02,X038,Fort #4 Playground,X,2026-07-01,H2,2026-01-21,2026-01-21,161,3,2,U,1,0,0,0,0.5,0.214285714285714,0.333333333333333,0,5.08759633523238,1.38629436111989,0.197677087975573,0.5,69,-73.90106,40.87424,1,1050,Fort #4 Playground,Operational,490.262341477221,0
M019,M019,Coleman Playground,M,2026-07-01,H2,2026-04-01,2026-04-01,91,7,3,N,1,0,0,0,0.333333333333333,0.1875,0.571428571428571,1,4.52178857704904,2.07944154167984,0.197525777046142,0.333333333333333,70,-73.99344,40.71084,1,333,Coleman Playground,Not Operational,335.361488414161,2
M029-02,M029,Anne Loftus Plgd,M,2026-07-01,H2,2026-04-02,2026-04-02,90,8,8,U,1,0,0,0,0.333333333333333,0.192307692307692,0,0,4.51085950651685,2.19722457733622,0.197299388689934,0.333333333333333,71,,,,,,,,
Q099-18,Q099,Playground For All Children,Q,2026-07-01,H2,2026-06-16,2026-06-16,15,8,6,U,1,0,0,0,0.666666666666667,0.409090909090909,0.25,0,2.77258872223978,2.19722457733622,0.196650326952146,0.666666666666667,72,,,,,,,,
M010-ZN34,M010,Reservoir (Northwest),M,2026-07-01,H2,2026-04-10,2026-04-10,82,7,7,U,1,0,0,0,0.333333333333333,0.125,0,0,4.4188406077966,2.07944154167984,0.195401039051591,0.333333333333333,73,-73.9619142857143,40.7894142857143,1,321,Reservoir (Northwest),Operational,274.417928935277,1
M056-ZN01,M056,Morningside Park Zone 1,M,2026-07-01,H2,2026-04-10,2026-04-10,82,8,5,U,1,0,0,0,0.333333333333333,0.25,0.375,0,4.4188406077966,2.19722457733622,0.195401039051591,0.333333333333333,74,-73.9590333333333,40.8024555555556,1,346,Morningside Park Zone 1,Not Operational,347.537959461262,1
X028,X028,Joyce Kilmer Park,X,2026-07-01,H2,2026-06-12,2026-06-12,19,3,3,U,1,0,0,0,0.666666666666667,0.3125,0,0,2.99573227355399,1.38629436111989,0.193129878399251,0.666666666666667,75,-73.9216,40.8296,1,1055,Joyce Kilmer Park,Operational,315.516931031584,1
M190,M190,Sheltering Arms Playground,M,2026-07-01,H2,2026-04-24,2026-04-24,68,8,4,U,1,0,0,0,0.333333333333333,0.166666666666667,0.5,0,4.23410650459726,2.19722457733622,0.191631806575829,0.333333333333333,76,-73.95602,40.81532,1,678,Sheltering Arms Playground,Operational,192.317275018416,1
B208,B208,Pfc Norton Playground,B,2026-07-01,H2,2026-01-30,2026-01-30,152,7,7,U,1,0,0,0,0.333333333333333,0.125,0,0,5.03043792139244,2.07944154167984,0.18818129078827,0.333333333333333,77,-73.94476,40.61454,1,215,Pfc Norton Playground,Operational,851.075217574853,0
M193,M193,Abraham Lincoln Playground,M,2026-07-01,H2,2026-05-05,2026-05-05,57,8,7,U,1,0,0,0,0.333333333333333,0.208333333333333,0.125,0,4.06044301054642,2.19722457733622,0.188139273841878,0.333333333333333,78,-73.93706,40.81228,1,393,Abraham Lincoln Playground,Operational,227.28375615216,2
B042,B042,Gravesend Park,B,2026-07-01,H2,2026-02-02,2026-02-02,149,7,7,U,1,0,0,0,0.333333333333333,0.208333333333333,0,0,5.01063529409626,2.07944154167984,0.187786095889779,0.333333333333333,79,,,,,,,,
B266,B266,Star Spangled Playground,B,2026-07-01,H2,2026-02-02,2026-02-02,149,7,3,N,1,0,0,0,0.333333333333333,0.1875,0.571428571428571,1,5.01063529409626,2.07944154167984,0.187786095889779,0.333333333333333,80,-73.95784,40.6917,1,253,Star Spangled Playground,Operational,381.841156803786,1
B102,B102,Crispus Attucks Playground,B,2026-07-01,H2,2026-02-03,2026-02-03,148,7,7,U,1,1,0,0,0.333333333333333,0.125,0,0,5.00394630594546,2.07944154167984,0.187652750068775,0.333333333333333,81,-73.9592,40.6816272727273,1,175,Crispus Attucks Playground,Operational,257.380754438892,1
M308,M308,Washington Market Park,M,2026-07-01,H2,2026-05-11,2026-05-11,51,8,7,U,1,0,0,0,0.333333333333333,0.208333333333333,0.125,0,3.95124371858143,2.19722457733622,0.185968333559414,0.333333333333333,82,-74.0115111111111,40.7174888888889,1,425,Washington Market Park,Operational,288.79714077666,1
B264,B264,Roebling Playground,B,2026-07-01,H2,2026-02-17,2026-02-17,134,7,5,U,1,0,0,0,0.333333333333333,0.25,0.285714285714286,0,4.90527477843843,2.07944154167984,0.18569417682031,0.333333333333333,83,-73.96236,40.7061,1,252,Roebling Playground,Operational,266.359629839877,1
B294,B294,Jackie Robinson Park Playground,B,2026-07-01,H2,2026-02-20,2026-02-20,131,7,7,U,1,0,0,0,0.333333333333333,0.125,0,0,4.88280192258637,2.07944154167984,0.185250316182322,0.333333333333333,84,-73.9273,40.68022,1,265,Jackie Robinson Park Playground,Operational,366.647031371019,3
B021,B021,Commodore Barry Park,B,2026-07-01,H2,2026-02-26,2026-02-26,125,8,6,U,1,0,0,0,0.333333333333333,0.136363636363636,0.25,0,4.83628190695148,2.19722457733622,0.184334106620016,0.333333333333333,85,-73.9792571428571,40.6975571428572,1,134,Commodore Barry Park,Operational,302.92480438867,1
B235,B235,Herman Dolgon Playground,B,2026-07-01,H2,2026-02-27,2026-02-27,124,7,7,U,1,0,0,0,0.333333333333333,0.375,0,0,4.8283137373023,2.07944154167984,0.184177526197274,0.333333333333333,86,-73.93954,40.59814,1,236,Herman Dolgon Playground,Operational,387.143717990184,1
B244,B244,McDonald Playground,B,2026-07-01,H2,2026-02-27,2026-02-27,124,7,7,U,1,0,0,0,0.333333333333333,0.125,0,0,4.8283137373023,2.07944154167984,0.184177526197274,0.333333333333333,87,-73.97214,40.60114,1,239,McDonald Playground,Operational,1011.42357879609,0
B541,B541,Berriman Playground,B,2026-07-01,H2,2026-03-02,2026-03-02,121,7,7,U,1,0,0,0,0.333333333333333,0.125,0,0,4.80402104473326,2.07944154167984,0.183700792437076,0.333333333333333,88,,,,,,,,
B230,B230,Nicholas Naquan Heyward Jr. Park,B,2026-07-01,H2,2026-03-03,2026-03-03,120,7,7,U,1,1,1,0,0.333333333333333,0.125,0,0,4.79579054559674,2.07944154167984,0.18353948942861,0.333333333333333,89,-73.98782,40.68468,1,233,Nicholas Naquan Heyward Jr. Park,Operational,619.42807268773,0
M022,M022,De Witt Clinton Park,M,2026-07-01,H2,2026-05-19,2026-05-19,43,8,7,U,1,1,0,0,0.333333333333333,0.125,0.125,0,3.78418963391826,2.19722457733622,0.182684693872524,0.333333333333333,90,-73.9946352941177,40.7682,1,334,De Witt Clinton Park,Operational,362.105725750556,1
B380,B380,Robert E. Venable Park,B,2026-07-01,H2,2026-06-23,2026-06-23,8,8,7,A,0,1,0,0,0.666666666666667,0.458333333333333,0.125,0,2.19722457733622,2.19722457733622,0.181744012135277,0.666666666666667,91,-73.8650666666667,40.6743888888889,1,299,Robert E. Venable Park,Operational,650.775195518683,0
B298,B298,Stockton Playground,B,2026-07-01,H2,2026-03-16,2026-03-16,107,7,7,U,1,0,1,0,0.333333333333333,0.125,0,0,4.68213122712422,2.07944154167984,0.181323192036145,0.333333333333333,92,-73.9486,40.6971,1,267,Stockton Playground,Operational,331.349935358447,1
B073-ZN10,B073,Willink Hill,B,2026-07-01,H2,2026-03-17,2026-03-17,106,7,4,U,1,0,0,0,0.333333333333333,0.277777777777778,0.428571428571429,0,4.67282883446191,2.07944154167984,0.181142725829438,0.333333333333333,93,,,,,,,,
B243,B243,Golconda Playground,B,2026-07-01,H2,2026-03-17,2026-03-17,106,7,3,N,1,0,0,0,0.333333333333333,0.1875,0.571428571428571,1,4.67282883446191,2.07944154167984,0.181142725829438,0.333333333333333,94,-73.9828363636364,40.6979636363636,1,238,Golconda Playground,Operational,301.907332971657,3
B052-01,B052,Millennium Playground,B,2026-07-01,H2,2026-03-18,2026-03-18,105,7,6,U,1,0,0,0,0.333333333333333,0.227272727272727,0.142857142857143,0,4.66343909411207,2.07944154167984,0.180960706967354,0.333333333333333,95,,,,,,,,
M082,M082,Seward Park,M,2026-07-01,H2,2026-02-17,2026-02-17,134,7,4,N,0,0,0,0,0.333333333333333,0.166666666666667,0.428571428571429,1,4.90527477843843,2.07944154167984,0.180477396677381,0.333333333333333,96,-73.9890666666667,40.71472,2,,,,,
B214-01,B214,Linden Park,B,2026-07-01,H2,2026-03-23,2026-03-23,100,7,7,U,1,0,0,0,0.333333333333333,0.125,0,0,4.61512051684126,2.07944154167984,0.180026310819505,0.333333333333333,97,-73.8874857142857,40.6582285714286,1,220,Linden Park,Operational,572.98261535887,0
M237,M237,Corporal John A. Seravalli Playground,M,2026-07-01,H2,2026-02-27,2026-02-27,124,8,8,A,0,0,0,0,0.333333333333333,0.115384615384615,0,0,4.8283137373023,2.19722457733622,0.178993988211801,0.333333333333333,98,-74.00466,40.73892,1,414,Corporal John A. Seravalli Playground,Operational,295.163362730384,3
B008,B008,Betsy Head Park,B,2026-07-01,H2,2026-03-31,2026-03-31,92,7,7,U,1,0,0,0,0.333333333333333,0.208333333333333,0,0,4.53259949315326,2.07944154167984,0.178439214139396,0.333333333333333,99,,,,,,,,
M077-03,M077,Arlington Edinboro Playground,M,2026-07-01,H2,2026-03-05,2026-03-05,118,7,6,N,0,0,0,0,0.333333333333333,0.227272727272727,0.142857142857143,1,4.77912349311153,2.07944154167984,0.178050860842683,0.333333333333333,100,-73.9466555555556,40.8208333333333,1,362,Arlington Edinboro Playground,Operational,428.500440831268,0
B335,B335,Bildersee Playground,B,2026-07-01,H2,2026-04-07,2026-04-07,85,7,6,U,1,1,0,1,0.333333333333333,0.227272727272727,0.142857142857143,0,4.45434729625351,2.07944154167984,0.176944355557311,0.333333333333333,101,-73.91216,40.63596,1,286,Bildersee Playground,Operational,676.17466311734,0
B352,B352,Curtis Playground,B,2026-07-01,H2,2026-04-07,2026-04-07,85,7,7,U,1,0,0,0,0.333333333333333,0.125,0,0,4.45434729625351,2.07944154167984,0.176944355557311,0.333333333333333,102,-73.91758,40.6408,1,293,Curtis Playground,Operational,506.753046914602,0
Q051-01,Q051,174 St Playground,Q,2026-07-01,H2,2026-06-12,2026-06-12,19,8,7,A,0,0,0,0,0.666666666666667,0.208333333333333,0.125,0,2.99573227355399,2.19722457733622,0.176591732304659,0.666666666666667,103,,,,,,,,
M005-ZN02,M005,Battery Park Zone 2,M,2026-07-01,H2,2026-03-17,2026-03-17,106,8,7,N,0,0,0,0,0.333333333333333,0.375,0.125,1,4.67282883446191,2.19722457733622,0.176026171035941,0.333333333333333,104,-74.015028358209,40.701423880597,1,306,Battery Park Zone 2,Not Operational,250.018006579179,1
B125-ZN02,B125,Calvert Vaux Park Zone 2,B,2026-07-01,H2,2026-04-15,2026-04-15,77,7,7,U,1,0,0,0,0.333333333333333,0.125,0,0,4.35670882668959,2.07944154167984,0.175092967571552,0.333333333333333,105,,,,,,,,
B001,B001,American Playground,B,2026-07-01,H2,2026-04-28,2026-04-28,64,8,7,U,1,0,0,0,0.333333333333333,0.125,0.125,0,4.17438726989564,2.19722457733622,0.17167675764309,0.333333333333333,106,-73.95764,40.72874,1,124,American Playground,Operational,659.016030894919,0
M251,M251,Bleecker Playground,M,2026-07-01,H2,2026-06-08,2026-06-08,23,8,7,U,1,0,0,0,0.333333333333333,0.125,0.125,0,3.17805383034795,2.19722457733622,0.17114861509062,0.333333333333333,107,-74.00554,40.73634,1,419,Bleecker Playground,Operational,297.315809693191,1
B139,B139,Heckscher Playground,B,2026-07-01,H2,2026-04-30,2026-04-30,62,7,7,U,1,0,0,0,0.333333333333333,0.208333333333333,0,0,4.14313472639153,2.07944154167984,0.171096504344209,0.333333333333333,108,-73.91862,40.6951,1,415,Heckscher Playground,Operational,570.012626036562,0
M056-02,M056,Morningside Plgd,M,2026-07-01,H2,2026-06-09,2026-06-09,22,8,8,U,1,0,0,0,0.333333333333333,0.115384615384615,0,0,3.13549421592915,2.19722457733622,0.170360741758934,0.333333333333333,109,-73.9578428571429,40.8067714285714,1,670,Morningside Playground,Operational,392.213256534254,1
B125-01,B125,Calvert Vaux Park Playground,B,2026-07-01,H2,2026-05-04,2026-05-04,58,7,7,U,1,0,0,0,0.333333333333333,0.125,0,0,4.07753744390572,2.07944154167984,0.169883649779396,0.333333333333333,110,,,,,,,,
B268,B268,Nautilus Playground,B,2026-07-01,H2,2026-05-04,2026-05-04,58,8,8,U,1,0,0,0,0.333333333333333,0.115384615384615,0,0,4.07753744390572,2.19722457733622,0.169883649779396,0.333333333333333,111,-73.99596,40.5717,1,469,Nautilus Playground,Operational,240.577243588814,3
Q099-01,Q099,World's Fair Playground,Q,2026-07-01,H2,2026-01-12,2026-01-12,170,7,6,U,1,1,0,0,0.333333333333333,0.136363636363636,0.142857142857143,0,5.14166355650266,2.07944154167984,0.169840071416888,0.333333333333333,112,,,,,,,,
M009,M009,Bennett Park,M,2026-07-01,H2,2026-04-17,2026-04-17,75,8,8,A,0,0,0,0,0.333333333333333,0.115384615384615,0,0,4.33073334028633,2.19722457733622,0.169632905897352,0.333333333333333,113,-73.93794,40.8532,1,308,Bennett Park,Operational,683.558381626541,0
M192,M192,Stanley Isaacs Playground,M,2026-07-01,H2,2026-04-20,2026-04-20,72,8,7,A,0,0,0,0,0.333333333333333,0.291666666666667,0.125,0,4.29045944114839,2.19722457733622,0.168892530755004,0.333333333333333,114,-73.94454,40.78292,1,392,Stanley Isaacs Playground,Operational,522.642906449815,0
M158,M158,Robert Moses Playground,M,2026-07-01,H2,2026-06-12,2026-06-12,19,8,8,U,1,0,0,0,0.333333333333333,0.115384615384615,0,0,2.99573227355399,2.19722457733622,0.167793708882602,0.333333333333333,115,-73.9686909090909,40.7480727272727,1,387,Robert Moses Playground,Operational,446.829526924509,0
Q343,Q343,Whitestone Playground,Q,2026-07-01,H2,2026-02-05,2026-02-05,146,7,7,U,1,0,0,0,0.333333333333333,0.208333333333333,0,0,4.99043258677874,2.07944154167984,0.167070538426608,0.333333333333333,116,-73.80832,40.79186,1,557,Whitestone Playground,Operational,419.098350044547,0
M099,M099,J. Hood Wright Park,M,2026-07-01,H2,2026-04-28,2026-04-28,64,8,7,N,0,0,0,0,0.333333333333333,0.208333333333333,0.125,1,4.17438726989564,2.19722457733622,0.166773123215856,0.333333333333333,117,,,,,,,,
M217,M217,Howard Bennett Playground,M,2026-07-01,H2,2026-04-28,2026-04-28,64,8,8,A,0,0,0,0,0.333333333333333,0.115384615384615,0,0,4.17438726989564,2.19722457733622,0.166773123215856,0.333333333333333,118,-73.93894,40.8137,1,403,Howard Bennett Playground,Operational,199.77559738211,3
Q425,Q425,Yellowstone Park,Q,2026-07-01,H2,2026-02-09,2026-02-09,142,7,7,U,1,0,0,0,0.333333333333333,0.125,0,0,4.96284463025991,2.07944154167984,0.166569224599125,0.333333333333333,119,,,,,,,,
X238,X238,Saw Mill Playground,X,2026-07-01,H2,2026-06-15,2026-06-15,16,7,7,A,0,0,0,0,0.666666666666667,0.208333333333333,0,0,2.83321334405622,2.07944154167984,0.166246033942316,0.666666666666667,120,,,,,,,,
B056,B056,Martin Luther King Jr. Playground,B,2026-07-01,H2,2026-05-15,2026-05-15,47,8,8,U,1,0,0,0,0.333333333333333,0.192307692307692,0,0,3.87120101090789,2.19722457733622,0.166113195334434,0.333333333333333,121,-73.8902,40.6674,1,148,Martin Luther King Jr. Playground,Operational,428.10375521504,0
B334,B334,Fermi Playground,B,2026-07-01,H2,2026-01-23,2026-01-23,159,7,7,A,0,0,1,0,0.333333333333333,0.208333333333333,0,0,5.07517381523383,2.07944154167984,0.165557569959376,0.333333333333333,122,-73.92852,40.7003,1,285,Fermi Playground,Operational,466.889177153443,0
Q099-ZN19,Q099,Ballfields,Q,2026-07-01,H2,2026-02-18,2026-02-18,133,7,7,U,1,0,0,0,0.333333333333333,0.125,0,0,4.89783979995091,2.07944154167984,0.165392751190943,0.333333333333333,123,-73.84794,40.74192,1,493,Ballfields,Operational,174.481833854412,2
B347,B347,Carver Playground,B,2026-07-01,H2,2026-02-02,2026-02-02,149,7,3,N,0,0,0,0,0.333333333333333,0.1875,0.571428571428571,1,5.01063529409626,2.07944154167984,0.164395206992593,0.333333333333333,124,-73.9205,40.68044,1,290,Carver Playground,Not Operational,187.887471459158,1
B359,B359,Eleanor Roosevelt Playground,B,2026-07-01,H2,2026-02-02,2026-02-02,149,7,7,A,0,0,0,0,0.333333333333333,0.125,0,0,5.01063529409626,2.07944154167984,0.164395206992593,0.333333333333333,125,-73.9358,40.69274,1,295,Eleanor Roosevelt Playground,Operational,304.507333026088,1
B055,B055,Sternberg Park,B,2026-07-01,H2,2026-02-06,2026-02-06,145,7,5,N,0,0,0,0,0.333333333333333,0.15,0.285714285714286,1,4.98360662170834,2.07944154167984,0.163910361546691,0.333333333333333,126,-73.9471654545455,40.7058472727273,1,147,Sternberg Park,Operational,578.922623064106,0
M010-ZN40,M010,Conservatory Garden,M,2026-07-01,H2,2026-06-16,2026-06-16,15,8,4,U,1,1,0,0,0.333333333333333,0.166666666666667,0.5,0,2.77258872223978,2.19722457733622,0.163759341207571,0.333333333333333,127,,,,,,,,
B137,B137,Sixteen Sycamores Playground,B,2026-07-01,H2,2026-05-21,2026-05-21,41,8,7,U,1,1,1,0,0.333333333333333,0.208333333333333,0.125,0,3.73766961828337,2.19722457733622,0.16370903594498,0.333333333333333,128,-73.98096,40.68672,1,189,Sixteen Sycamores Playground,Operational,208.728648540831,2
B259,B259,Underwood Park,B,2026-07-01,H2,2026-05-21,2026-05-21,41,7,7,U,1,0,1,0,0.333333333333333,0.125,0,0,3.73766961828337,2.07944154167984,0.16370903594498,0.333333333333333,129,-73.9667285714286,40.6885571428571,1,249,Underwood Park,Operational,142.65979990671,3
B169-ZN02B,B169,Coney Island Beach Zone 2b,B,2026-07-01,H2,2026-02-13,2026-02-13,138,8,7,A,0,0,0,0,0.333333333333333,0.125,0.125,0,4.93447393313069,2.19722457733622,0.163031955276774,0.333333333333333,130,,,,,,,,
Q027-02,Q027,Laurelton Parkway West Playground,Q,2026-07-01,H2,2026-03-09,2026-03-09,114,8,8,U,1,0,0,0,0.333333333333333,0.115384615384615,0,0,4.74493212836325,2.19722457733622,0.162651670122171,0.333333333333333,131,,,,,,,,
Q426,Q426,North Rochdale Playground,Q,2026-07-01,H2,2026-03-13,2026-03-13,110,7,6,U,1,0,0,0,0.333333333333333,0.318181818181818,0.142857142857143,0,4.70953020131233,2.07944154167984,0.162022284290343,0.333333333333333,132,-73.77512,40.68004,1,598,North Rochdale Playground,Operational,654.296412601851,0
B061,B061,McLaughlin Park,B,2026-07-01,H2,2026-02-24,2026-02-24,127,7,6,N,0,0,0,0,0.333333333333333,0.136363636363636,0.142857142857143,1,4.85203026391962,2.07944154167984,0.161566529111577,0.333333333333333,133,-73.98602,40.69666,1,155,McLaughlin Park,Operational,308.590012136498,1
B372,B372,Friends Field,B,2026-07-01,H2,2026-02-26,2026-02-26,125,7,6,N,0,0,0,0,0.333333333333333,0.136363636363636,0.142857142857143,1,4.83628190695148,2.07944154167984,0.161287816702887,0.333333333333333,134,-73.9719857142857,40.6186285714286,1,298,Friends Field,Operational,974.865654524457,0
Q510,Q510,Maspeth Park,Q,2026-07-01,H2,2026-03-18,2026-03-18,105,6,5,N,1,0,0,0,0.333333333333333,0.25,0.166666666666667,1,4.66343909411207,1.94591014905531,0.161205808752574,0.333333333333333,135,-73.9254555555556,40.7309222222222,1,1039,Maspeth Park,Operational,1148.45594200518,0
B267,B267,Winthrop Playground,B,2026-07-01,H2,2026-03-02,2026-03-02,121,7,7,A,0,0,0,0,0.333333333333333,0.125,0,0,4.80402104473326,2.07944154167984,0.16071808082263,0.333333333333333,136,-73.9548,40.65652,1,254,Winthrop Playground,Operational,586.770111155713,0
B058-ZN03,B058,McCarren Park Zone 3,B,2026-07-01,H2,2026-05-28,2026-05-28,34,7,6,U,1,1,0,0,0.333333333333333,0.136363636363636,0.142857142857143,0,3.55534806148941,2.07944154167984,0.160471728273663,0.333333333333333,137,-73.9518333333334,40.7220266666667,1,153,McCarren Park Zone 3,Operational,202.288716761324,2
B277,B277,Benson Playground,B,2026-07-01,H2,2026-03-04,2026-03-04,119,7,6,A,0,0,0,0,0.333333333333333,0.318181818181818,0.142857142857143,0,4.78749174278205,2.07944154167984,0.160426799684686,0.333333333333333,138,-74.00232,40.60238,1,259,Benson Playground,Operational,537.941392764657,0
B150,B150,Kolbert Playground,B,2026-07-01,H2,2026-03-06,2026-03-06,117,7,7,A,0,0,0,0,0.333333333333333,0.208333333333333,0,0,4.77068462446567,2.07944154167984,0.160131060849815,0.333333333333333,139,-73.95804,40.62034,1,195,Kolbert Playground,Operational,646.968182392348,0
Q300-ZN03,Q300,Captain Mario Fajardo Park,Q,2026-07-01,H2,2026-03-25,2026-03-25,98,7,7,U,1,0,0,0,0.333333333333333,0.125,0,0,4.59511985013459,2.07944154167984,0.16000169432361,0.333333333333333,140,-73.81724,40.74502,1,276,Captain Mario Fajardo Park,Operational,266.383727072073,1
Q407,Q407,Lanett Playground,Q,2026-07-01,H2,2026-03-26,2026-03-26,97,7,7,U,1,0,0,0,0.333333333333333,0.208333333333333,0,0,4.58496747867057,2.07944154167984,0.159823383296594,0.333333333333333,141,,,,,,,,
M360-ZN02,M360,The High Line Zone 2,M,2026-07-01,H2,2026-05-19,2026-05-19,43,8,6,A,0,0,0,0,0.333333333333333,0.136363636363636,0.25,0,3.78418963391826,2.19722457733622,0.159804219262448,0.333333333333333,142,-74.0015636363637,40.7527727272727,1,429,The High Line Zone 2,Operational,196.02676667084,2
Q349,Q349,Telephone Playground,Q,2026-07-01,H2,2026-03-27,2026-03-27,96,7,7,U,1,0,0,0,0.333333333333333,0.125,0,0,4.57471097850338,2.07944154167984,0.159643406839868,0.333333333333333,143,-73.75654,40.7386,1,562,Telephone Playground,Operational,460.444955262857,0
M071-ZN17,M071,Wildlife Sanct. & 119 St Tennis Courts,M,2026-07-01,H2,2026-05-20,2026-05-20,42,7,7,A,0,0,0,0,0.333333333333333,0.125,0,0,3.76120011569356,2.07944154167984,0.159401077154888,0.333333333333333,144,-73.96564,40.81132,1,357,Wildlife Sanct. & 119 St Tennis Courts,Operational,491.333677038569,0
M160,M160,Fred Samuel Playground,M,2026-07-01,H2,2026-05-20,2026-05-20,42,8,8,A,0,0,0,0,0.333333333333333,0.115384615384615,0,0,3.76120011569356,2.19722457733622,0.159401077154888,0.333333333333333,145,-73.93904,40.81732,1,388,Fred Samuel Playground,Operational,328.106234591659,3
X190,X190,Tiffany Playground,X,2026-07-01,H2,2026-02-17,2026-02-17,134,7,7,U,1,0,0,0,0.333333333333333,0.125,0,0,4.90527477843843,2.07944154167984,0.1585206481081,0.333333333333333,146,-73.8943285714286,40.8247714285714,1,98,Tiffany Playground,Operational,298.727893547066,2
B100,B100,Seth Low Playground/ Bealin Square,B,2026-07-01,H2,2026-03-18,2026-03-18,105,7,7,A,0,0,0,0,0.333333333333333,0.125,0,0,4.66343909411207,2.07944154167984,0.158254345993022,0.333333333333333,147,,,,,,,,
X182,X182,Millbrook Playground,X,2026-07-01,H2,2026-02-27,2026-02-27,124,7,7,U,1,0,0,0,0.333333333333333,0.125,0,0,4.8283137373023,2.07944154167984,0.157183096109047,0.333333333333333,148,-73.91696,40.80432,1,95,Millbrook Playground,Operational,547.659344314086,0
B337,B337,Century Playground,B,2026-07-01,H2,2026-03-25,2026-03-25,98,7,7,A,0,0,0,0,0.333333333333333,0.125,0,0,4.59511985013459,2.07944154167984,0.157068149123416,0.333333333333333,149,-73.9702222222222,40.577,1,287,Century Playground,Operational,286.690891824458,2
B052-03,B052,Leif Ericson Park Playground,B,2026-07-01,H2,2026-03-27,2026-03-27,96,7,7,A,0,0,0,0,0.333333333333333,0.125,0,0,4.57471097850338,2.07944154167984,0.156715205094094,0.333333333333333,150,,,,,,,,
B310,B310,Bushwick Playground,B,2026-07-01,H2,2026-06-04,2026-06-04,27,8,7,U,1,0,0,0,0.333333333333333,0.208333333333333,0.125,0,3.3322045101752,2.19722457733622,0.156580284130619,0.333333333333333,151,-73.93944,40.7017,1,190,Bushwick Playground,Operational,318.737108070166,1
X175,X175,Riverbend Playground,X,2026-07-01,H2,2026-03-04,2026-03-04,119,7,7,U,1,0,0,0,0.333333333333333,0.125,0,0,4.78749174278205,2.07944154167984,0.1564773603557,0.333333333333333,152,-73.90596,40.8719,1,91,Riverbend Playground,Operational,488.473672239655,0
X092-ZN02,X092,Van Cortlandt Stadium,X,2026-07-01,H2,2026-03-05,2026-03-05,118,8,5,U,1,0,0,0,0.333333333333333,0.15,0.375,0,4.77912349311153,2.19722457733622,0.156333008168672,0.333333333333333,153,,,,,,,,
Q337,Q337,Maurice A FitzGerald Playground,Q,2026-07-01,H2,2026-04-16,2026-04-16,76,7,7,U,1,0,0,0,0.333333333333333,0.208333333333333,0,0,4.34380542185368,2.07944154167984,0.155634919207907,0.333333333333333,154,-73.8395,40.6902428571429,1,552,Maurice A FitzGerald Playground,Operational,933.269502023272,0
M017,M017,Corlears Hook Park,M,2026-07-01,H2,2026-06-22,2026-06-22,9,8,7,U,1,1,1,1,0.333333333333333,0.125,0.125,0,2.30258509299405,2.19722457733622,0.155517450736802,0.333333333333333,155,-73.9797615384615,40.7117538461539,1,331,Corlears Hook Park,Operational,343.22512208125,1
X111,X111,Cedar Playground,X,2026-07-01,H2,2026-03-13,2026-03-13,110,7,5,N,1,0,0,0,0.333333333333333,0.15,0.285714285714286,1,4.70953020131233,2.07944154167984,0.155136724998,0.333333333333333,156,-73.9175222222222,40.8552777777778,1,55,Cedar Playground,Operational,470.103939656604,0
Q327,Q327,Castlewood Playground,Q,2026-07-01,H2,2026-04-21,2026-04-21,71,8,7,U,1,0,0,0,0.333333333333333,0.125,0.125,0,4.27666611901606,2.19722457733622,0.154484902104552,0.333333333333333,157,-73.72084,40.74992,1,546,Castlewood Playground,Operational,730.15338099104,0
Q361,Q361,Moore Homestead Playground,Q,2026-07-01,H2,2026-04-21,2026-04-21,71,7,7,U,1,0,1,1,0.333333333333333,0.125,0,0,4.27666611901606,2.07944154167984,0.154484902104552,0.333333333333333,158,-73.8823285714286,40.7423142857143,1,572,Moore Homestead Playground,Operational,449.67616485969,0
B126-ZN03,B126,Red Hook Park Zone 3,B,2026-07-01,H2,2026-04-10,2026-04-10,82,8,7,A,0,0,0,0,0.333333333333333,0.208333333333333,0.125,0,4.4188406077966,2.19722457733622,0.154040904527133,0.333333333333333,159,-74.0077714285714,40.6727571428571,1,185,Red Hook Park Zone 3,Not Operational,351.965389569076,1
B307,B307,Tiger Playground,B,2026-07-01,H2,2026-06-08,2026-06-08,23,8,5,U,1,0,0,0,0.333333333333333,0.15,0.375,0,3.17805383034795,2.19722457733622,0.153937145426114,0.333333333333333,160,-73.9111571428572,40.6880142857143,1,273,Tiger Playground,Operational,488.870765565349,0
X148M1,X148M1,Havemeyer Playground,X,2026-07-01,H2,2026-03-23,2026-03-23,100,8,6,U,1,0,0,0,0.333333333333333,0.136363636363636,0.25,0,4.61512051684126,2.19722457733622,0.153525815608214,0.333333333333333,161,-73.84794,40.82998,1,73,Havemeyer Playground,Operational,416.153531388218,0
B225,B225,St. Andrew's Playground,B,2026-07-01,H2,2026-06-09,2026-06-09,22,8,8,U,1,0,0,0,0.333333333333333,0.115384615384615,0,0,3.13549421592915,2.19722457733622,0.153213858046074,0.333333333333333,162,-73.942,40.6788,1,231,St. Andrew's Playground,Operational,406.00905694631,0
B223R,B223R,Jaime Campiz Playground,B,2026-07-01,H2,2026-04-16,2026-04-16,76,7,7,A,0,0,0,0,0.333333333333333,0.125,0,0,4.34380542185368,2.07944154167984,0.152766875867741,0.333333333333333,163,-73.95444,40.71342,1,229,Jaime Campiz Playground,Operational,430.062943188729,0
B114-01,B114,Monsignor Mcgolrick Playground,B,2026-07-01,H2,2026-04-17,2026-04-17,75,7,7,A,0,0,0,0,0.333333333333333,0.125,0,0,4.33073334028633,2.07944154167984,0.15254580941656,0.333333333333333,164,,,,,,,,
M105-08,M105,Hester St Plgd,M,2026-07-01,H2,2026-06-04,2026-06-04,27,8,7,A,0,0,0,0,0.333333333333333,0.208333333333333,0.125,0,3.3322045101752,2.19722457733622,0.152028710867353,0.333333333333333,165,,,,,,,,
X092-ZN11,X092,Indian Memorial To Indian Field,X,2026-07-01,H2,2026-04-02,2026-04-02,90,8,8,U,1,0,0,0,0.333333333333333,0.115384615384615,0,0,4.51085950651685,2.19722457733622,0.151762752562917,0.333333333333333,166,-73.8790285714286,40.8959428571429,1,48,Indian Memorial To Indian Field,Operational,227.060895249542,2
M245,M245,Renaissance Playground,M,2026-07-01,H2,2026-06-05,2026-06-05,26,8,8,A,0,0,0,0,0.333333333333333,0.115384615384615,0,0,3.29583686600433,2.19722457733622,0.151416773613788,0.333333333333333,167,-73.94164,40.82168,1,418,Renaissance Playground,Operational,436.473585517239,0
B223B,B223B,Dimattina Playground,B,2026-07-01,H2,2026-04-27,2026-04-27,65,7,6,A,0,0,0,0,0.333333333333333,0.136363636363636,0.142857142857143,0,4.18965474202643,2.07944154167984,0.150176647188373,0.333333333333333,168,-74.0019428571429,40.6804714285714,1,225,Dimattina Playground,Operational,605.4748877902,0
B342,B342,100% Playground,B,2026-07-01,H2,2026-04-30,2026-04-30,62,8,8,A,0,0,0,0,0.333333333333333,0.115384615384615,0,0,4.14313472639153,2.19722457733622,0.149402095737492,0.333333333333333,169,-73.89946,40.64678,1,289,100% Playground,Operational,506.738057273711,0
X020,X020,Fort Independence Playground,X,2026-07-01,H2,2026-04-14,2026-04-14,78,7,7,U,1,0,0,0,0.333333333333333,0.125,0,0,4.36944785246702,2.07944154167984,0.149398074330037,0.333333333333333,170,-73.89592,40.8816,1,22,Fort Independence Playground,Operational,255.699795520099,1
B216,B216,Raymond Bush Playground,B,2026-07-01,H2,2026-05-04,2026-05-04,58,7,6,A,0,0,0,0,0.333333333333333,0.318181818181818,0.142857142857143,0,4.07753744390572,2.07944154167984,0.148315509873893,0.333333333333333,171,-73.93934,40.6866,1,221,Raymond Bush Playground,Not Operational,552.723126499063,0
M360-ZN01,M360,The High Line Zone 1,M,2026-07-01,H2,2026-06-11,2026-06-11,20,9,9,A,0,1,0,0,0.333333333333333,0.178571428571429,0,0,3.04452243772342,2.30258509299405,0.14724322818095,0.333333333333333,172,,,,,,,,
Q362,Q362,Playground Ninety,Q,2026-07-01,H2,2026-05-18,2026-05-18,44,8,8,U,1,0,0,0,0.333333333333333,0.115384615384615,0,0,3.80666248977032,2.19722457733622,0.146627942194219,0.333333333333333,173,-73.87832,40.75724,1,573,Playground Ninety,Operational,339.386028723779,1
Q373,Q373,Helen Marshall Playground,Q,2026-07-01,H2,2026-05-18,2026-05-18,44,8,8,U,1,1,1,0,0.333333333333333,0.192307692307692,0,0,3.80666248977032,2.19722457733622,0.146627942194219,0.333333333333333,174,-73.87142,40.7655,1,577,Helen Marshall Playground,Operational,398.683804986648,1
B038,B038,Fulton Park,B,2026-07-01,H2,2026-05-11,2026-05-11,51,7,7,A,0,0,0,0,0.333333333333333,0.208333333333333,0,0,3.95124371858143,2.07944154167984,0.146241903053668,0.333333333333333,175,-73.9316176470588,40.6797764705883,1,140,Fulton Park,Operational,332.710549513083,2
X039-01,X039,Playground For All Children,X,2026-07-01,H2,2026-04-29,2026-04-29,63,7,7,U,1,1,1,0,0.333333333333333,0.125,0,0,4.15888308335967,2.07944154167984,0.14593340298152,0.333333333333333,176,,,,,,,,
Q099-ZN25,Q099,Meadow Lake NE,Q,2026-07-01,H2,2026-05-21,2026-05-21,41,8,8,U,1,0,0,0,0.333333333333333,0.115384615384615,0,0,3.73766961828337,2.19722457733622,0.145502875981782,0.333333333333333,177,-73.8384230769231,40.7358538461538,1,495,Meadow Lake NE,Operational,583.99967193225,0
Q005-05,Q005,157 St Playground,Q,2026-07-01,H2,2026-02-24,2026-02-24,127,7,6,N,0,0,0,0,0.333333333333333,0.136363636363636,0.142857142857143,1,4.85203026391962,2.07944154167984,0.143557737054498,0.333333333333333,178,-73.78614,40.68452,1,440,157 St Playground,Operational,357.868572905284,1
Q318,Q318,Playground Eighty LXXX,Q,2026-07-01,H2,2026-02-25,2026-02-25,126,7,5,N,0,0,0,0,0.333333333333333,0.15,0.285714285714286,1,4.84418708645859,2.07944154167984,0.143431710601957,0.333333333333333,179,-73.70956,40.74484,1,542,Playground Eighty LXXX,Operational,448.132944084816,0
Q406,Q406,Springfield Park North,Q,2026-07-01,H2,2026-02-25,2026-02-25,126,7,7,A,0,0,0,0,0.333333333333333,0.125,0,0,4.84418708645859,2.07944154167984,0.143431710601957,0.333333333333333,180,-73.75954,40.6638,1,590,Springfield Park North,Operational,404.038866037577,0
Q387A,Q387A,Bayside Fields,Q,2026-07-01,H2,2026-03-02,2026-03-02,121,7,6,N,0,0,0,0,0.333333333333333,0.136363636363636,0.142857142857143,1,4.80402104473326,2.07944154167984,0.142787754144119,0.333333333333333,181,-73.7849666666667,40.7730444444444,1,581,Bayside Fields,Operational,552.072585722206,0
Q347,Q347,Colden Playground,Q,2026-07-01,H2,2026-03-03,2026-03-03,120,7,3,N,0,0,0,0,0.333333333333333,0.1875,0.571428571428571,1,4.79579054559674,2.07944154167984,0.142656097651932,0.333333333333333,182,-73.82702,40.77012,1,560,Colden Playground,Not Operational,107.918423478135,1
X217,X217,Willis Playground,X,2026-07-01,H2,2026-05-11,2026-05-11,51,7,7,U,1,0,1,0,0.333333333333333,0.208333333333333,0,0,3.95124371858143,2.07944154167984,0.142582367052814,0.333333333333333,183,-73.9226714285715,40.8113571428572,1,110,Willis Playground,Operational,146.867988307338,3
Q340,Q340,Torsney Playground,Q,2026-07-01,H2,2026-03-06,2026-03-06,117,7,7,A,0,0,0,0,0.333333333333333,0.125,0,0,4.77068462446567,2.07944154167984,0.142255124032299,0.333333333333333,184,-73.92204,40.74726,1,555,Torsney Playground,Operational,686.952123848321,0
Q363,Q363,Northern Playground,Q,2026-07-01,H2,2026-03-06,2026-03-06,117,7,7,A,0,0,0,0,0.333333333333333,0.208333333333333,0,0,4.77068462446567,2.07944154167984,0.142255124032299,0.333333333333333,185,-73.87446,40.75628,1,574,Northern Playground,Operational,342.750047786617,1
Q396,Q396,Montbellier Park,Q,2026-07-01,H2,2026-03-09,2026-03-09,114,7,4,N,0,0,0,0,0.333333333333333,0.166666666666667,0.428571428571429,1,4.74493212836325,2.07944154167984,0.14184480098665,0.333333333333333,186,-73.7564,40.674,1,584,Montbellier Park,Operational,964.535354717711,0
X121,X121,Bufano Park,X,2026-07-01,H2,2026-05-15,2026-05-15,47,7,7,U,1,1,1,0,0.333333333333333,0.125,0,0,3.87120101090789,2.07944154167984,0.141307812496416,0.333333333333333,187,-73.831,40.8380142857143,1,62,Bufano Park,Operational,638.694222257348,0
Q448-01,Q448,Nautilus Playground,Q,2026-07-01,H2,2026-03-13,2026-03-13,110,7,6,A,0,1,0,0,0.333333333333333,0.227272727272727,0.142857142857143,0,4.70953020131233,2.07944154167984,0.141282343397935,0.333333333333333,188,,,,,,,,
Q099-20,Q099,Albert H. Mauro Playground,Q,2026-07-01,H2,2026-03-19,2026-03-19,104,7,7,A,0,0,0,0,0.333333333333333,0.125,0,0,4.65396035015752,2.07944154167984,0.140403221748998,0.333333333333333,189,-73.82712,40.72294,1,489,Albert H. Mauro Playground,Operational,295.114296245296,1
X113,X113,Hunts Point Playground,X,2026-07-01,H2,2026-05-18,2026-05-18,44,8,7,U,1,0,1,1,0.333333333333333,0.125,0.125,0,3.80666248977032,2.19722457733622,0.140287081212726,0.333333333333333,190,-73.8858571428572,40.8142857142857,1,57,Hunts Point Playground,Operational,830.635940074567,0
X092-ZN04,X092,"V. C. Mansion, Tennis Courts, Mem. Grove",X,2026-07-01,H2,2026-01-29,2026-01-29,153,7,7,A,0,0,0,0,0.333333333333333,0.125,0,0,5.03695260241363,2.07944154167984,0.140217642425344,0.333333333333333,191,,,,,,,,
Q005-11,Q005,Baisley Park South Playground,Q,2026-07-01,H2,2026-03-23,2026-03-23,100,7,6,A,0,0,1,0,0.333333333333333,0.136363636363636,0.142857142857143,0,4.61512051684126,2.07944154167984,0.13979149185261,0.333333333333333,192,,,,,,,,
Q336,Q336,Judge Moses Weinstein Playground,Q,2026-07-01,H2,2026-03-23,2026-03-23,100,8,7,A,0,0,1,0,0.333333333333333,0.208333333333333,0.125,0,4.61512051684126,2.19722457733622,0.13979149185261,0.333333333333333,193,-73.8204571428571,40.7187,1,693,Judge Moses Weinstein Playground,Operational,460.087815677385,0
B164,B164,Bath Beach Park,B,2026-07-01,H2,2026-06-22,2026-06-22,9,8,3,U,1,0,0,0,0.333333333333333,0.1875,0.625,0,2.30258509299405,2.19722457733622,0.139613140609785,0.333333333333333,194,-74.0116,40.6023,1,200,Bath Beach Park,Operational,645.812740898264,0
X040,X040,Poe Park,X,2026-07-01,H2,2026-05-20,2026-05-20,42,8,7,N,1,0,0,0,0.333333333333333,0.208333333333333,0.125,1,3.76120011569356,2.19722457733622,0.139571764870434,0.333333333333333,195,-73.8946846153846,40.8650153846154,1,34,Poe Park,Operational,225.545615898084,2
Q162H,Q162H,Beach 30th Street Playground,Q,2026-07-01,H2,2026-03-26,2026-03-26,97,7,7,A,0,0,0,0,0.333333333333333,0.125,0,0,4.58496747867057,2.07944154167984,0.139318119982331,0.333333333333333,196,-73.76265625,40.5924375,1,512,Beach 30th Street Playground,Operational,814.003416429865,0
X118-ZN04,X118,Soundview Park Zone 4,X,2026-07-01,H2,2026-05-21,2026-05-21,41,8,8,U,1,0,0,0,0.333333333333333,0.115384615384615,0,0,3.73766961828337,2.19722457733622,0.139202731679368,0.333333333333333,197,-73.8782842105263,40.8190842105263,1,61,Soundview Park Zone 4,Operational,675.567893875234,0
Q332,Q332,Woodtree Playground,Q,2026-07-01,H2,2026-04-03,2026-04-03,89,7,4,N,0,0,0,0,0.333333333333333,0.166666666666667,0.428571428571429,1,4.49980967033027,2.07944154167984,0.13798848166352,0.333333333333333,198,-73.90256,40.77752,1,550,Woodtree Playground,Not Operational,587.258406777919,0
X010A-02,X010A,175th Street Playground,X,2026-07-01,H2,2026-02-25,2026-02-25,126,7,5,N,0,0,0,0,0.333333333333333,0.25,0.285714285714286,1,4.84418708645859,2.07944154167984,0.137206846026746,0.333333333333333,199,-73.89464,40.84456,1,16,175th Street Playground,Operational,354.210249022712,1
X017,X017,Richman (Echo) Park,X,2026-07-01,H2,2026-02-25,2026-02-25,126,7,5,N,0,0,0,0,0.333333333333333,0.15,0.285714285714286,1,4.84418708645859,2.07944154167984,0.137206846026746,0.333333333333333,200,,,,,,,,
Q319,Q319,Annadale Playground,Q,2026-07-01,H2,2026-06-08,2026-06-08,23,8,7,U,1,1,1,0,0.333333333333333,0.125,0.125,0,3.17805383034795,2.19722457733622,0.136640162017449,0.333333333333333,201,-73.85172,40.7311,1,543,Annadale Playground,Operational,559.181744792966,0
X008-ZN03,X008,Claremont Zone 3,X,2026-07-01,H2,2026-05-28,2026-05-28,34,8,6,U,1,0,0,0,0.333333333333333,0.136363636363636,0.25,0,3.55534806148941,2.19722457733622,0.136371007358941,0.333333333333333,202,,,,,,,,
Q211,Q211,Maple Playground,Q,2026-07-01,H2,2026-04-13,2026-04-13,79,8,6,A,0,0,1,0,0.333333333333333,0.136363636363636,0.25,0,4.38202663467388,2.19722457733622,0.136167021971085,0.333333333333333,203,-73.8260857142857,40.7559428571429,1,520,Maple Playground,Operational,256.667759011582,2
X013-01,X013,University Avenue Playground,X,2026-07-01,H2,2026-03-13,2026-03-13,110,7,7,A,0,0,0,0,0.333333333333333,0.125,0,0,4.70953020131233,2.07944154167984,0.135136043784756,0.333333333333333,204,-73.9049,40.86368,1,19,Devoe Park,Operational,573.870664970504,0
Q121-01,Q121,173 St Playground (det. Williams),Q,2026-07-01,H2,2026-04-20,2026-04-20,72,7,7,A,0,0,0,0,0.333333333333333,0.125,0,0,4.29045944114839,2.07944154167984,0.134765006900546,0.333333333333333,205,,,,,,,,
X307,X307,Barretto Point Park,X,2026-07-01,H2,2026-03-16,2026-03-16,107,7,7,A,0,0,0,0,0.333333333333333,0.125,0,0,4.68213122712422,2.07944154167984,0.134717934980211,0.333333333333333,206,-73.8886142857143,40.8059,1,121,Barretto Point Park,Operational,958.361265596269,0
B274,B274,Bayview Playground,B,2026-07-01,H2,2026-06-08,2026-06-08,23,8,8,A,0,0,0,0,0.333333333333333,0.192307692307692,0,0,3.17805383034795,2.19722457733622,0.134066576466643,0.333333333333333,207,-73.88722,40.63492,1,258,Bayview Playground,Operational,178.512705141591,2
M071-ZN22,M071,Skate Park And Basketball Courts,M,2026-07-01,H2,2025-06-13,2025-06-13,383,1,1,A,0,0,0,0,0,0.0833333333333333,0,0,5.95064255258773,0.693147180559945,0.134054654056935,0,208,,,,,,,,
X131,X131,Lozada Playground,X,2026-07-01,H2,2026-03-25,2026-03-25,98,7,6,N,0,0,0,0,0.333333333333333,0.227272727272727,0.142857142857143,1,4.59511985013459,2.07944154167984,0.133397377507736,0.333333333333333,209,-73.9250428571429,40.8078142857143,1,68,Lozada Playground,Operational,423.852123955085,0
X126-ZN04,X126,Ferry Point Park Zone 4,X,2026-07-01,H2,2026-03-26,2026-03-26,97,8,8,A,0,1,0,0,0.333333333333333,0.115384615384615,0,0,4.58496747867057,2.19722457733622,0.133244012185374,0.333333333333333,210,-73.8262777777778,40.8201777777778,1,67,Ferry Point Park Zone 4,Operational,676.154622268026,0
X160,X160,Caserta Playground,X,2026-07-01,H2,2026-06-04,2026-06-04,27,8,8,U,1,0,0,0,0.333333333333333,0.115384615384615,0,0,3.3322045101752,2.19722457733622,0.132971437457791,0.333333333333333,211,-73.85384,40.8375,1,79,Caserta Playground,Operational,184.085051130045,1
M010-ZN39,M010,Conservatory Gardens West Landscape,M,2026-07-01,H2,2025-07-30,2025-07-30,336,1,1,A,0,0,0,0,0,0.0833333333333333,0,0,5.82008293035236,0.693147180559945,0.132085543186497,0,212,,,,,,,,
Q002,Q002,Grover Cleveland Playground,Q,2026-07-01,H2,2026-05-04,2026-05-04,58,7,7,A,0,0,0,0,0.333333333333333,0.291666666666667,0,0,4.07753744390572,2.07944154167984,0.13155197907281,0.333333333333333,213,-73.9109666666667,40.7108666666667,1,437,Grover Cleveland Playground,Not Operational,888.326992618008,0
Q266,Q266,Westbourne Playground,Q,2026-07-01,H2,2026-05-04,2026-05-04,58,7,7,A,0,0,0,0,0.333333333333333,0.125,0,0,4.07753744390572,2.07944154167984,0.13155197907281,0.333333333333333,214,-73.76456,40.6083,1,527,Westbourne Playground,Operational,1087.13396274861,0
B073-ZN14,B073,Middle Long Meadow,B,2026-07-01,H2,2026-06-12,2026-06-12,19,8,8,A,0,0,0,0,0.333333333333333,0.115384615384615,0,0,2.99573227355399,2.19722457733622,0.131323394327043,0.333333333333333,215,-73.971562962963,40.6655888888889,1,160,Middle Long Meadow,Operational,497.230456178998,0
B207,B207,Sarsfield Playground,B,2026-07-01,H2,2026-06-12,2026-06-12,19,8,8,A,0,1,0,0,0.333333333333333,0.192307692307692,0,0,2.99573227355399,2.19722457733622,0.131323394327043,0.333333333333333,216,-73.9371428571429,40.6203571428571,1,214,Sarsfield Playground,Operational,338.568886082498,1
B248,B248,Fox Playground,B,2026-07-01,H2,2026-06-12,2026-06-12,19,8,6,N,0,0,0,0,0.333333333333333,0.136363636363636,0.25,1,2.99573227355399,2.19722457733622,0.131323394327043,0.333333333333333,217,-73.92394,40.6327,1,242,Fox Playground,Operational,334.566317302421,1
X108,X108,Belmont Playground,X,2026-07-01,H2,2026-04-07,2026-04-07,85,7,6,A,0,0,0,0,0.333333333333333,0.136363636363636,0.142857142857143,0,4.45434729625351,2.07944154167984,0.131284100467639,0.333333333333333,218,-73.88746,40.85066,1,54,Belmont Playground,Operational,220.191644714471,1
X353,X353,Yolanda García Park,X,2026-07-01,H2,2026-04-07,2026-04-07,85,7,6,A,0,1,0,0,0.333333333333333,0.136363636363636,0.142857142857143,0,4.45434729625351,2.07944154167984,0.131284100467639,0.333333333333333,219,,,,,,,,
X047-ZN01,X047,Franz Sigel Park Zone 1,X,2026-07-01,H2,2026-04-14,2026-04-14,78,8,6,A,0,0,0,0,0.333333333333333,0.136363636363636,0.25,0,4.36944785246702,2.19722457733622,0.130023375786218,0.333333333333333,220,,,,,,,,
X102,X102,Ciccarone Park,X,2026-07-01,H2,2026-04-16,2026-04-16,76,8,8,A,0,0,0,0,0.333333333333333,0.115384615384615,0,0,4.34380542185368,2.19722457733622,0.129644625309726,0.333333333333333,221,-73.8865777777778,40.8558888888889,1,50,Ciccarone Park,Operational,203.030995112773,1
X021,X021,Drew Playground,X,2026-07-01,H2,2026-04-20,2026-04-20,72,8,8,A,0,0,0,0,0.333333333333333,0.115384615384615,0,0,4.29045944114839,2.19722457733622,0.128859688920108,0.333333333333333,222,-73.9033142857143,40.8329714285714,1,23,Drew Playground,Operational,228.209659658454,2
X085,X085,Slattery Playground,X,2026-07-01,H2,2026-04-22,2026-04-22,70,7,7,A,0,0,0,0,0.333333333333333,0.125,0,0,4.26267987704132,2.07944154167984,0.12845254415616,0.333333333333333,223,-73.8982125,40.85715,1,41,Slattery Playground,Operational,519.520505147891,0
M071-13,M071,Hippo Plgd,M,2026-07-01,H2,2025-10-17,2025-10-17,257,6,6,A,0,0,0,0,0,0.0454545454545455,0,0,5.55295958492162,1.94591014905531,0.128133155116014,0,224,,,,,,,,
Q011,Q011,Poppenhusen Playground,Q,2026-07-01,H2,2026-05-18,2026-05-18,44,7,5,A,0,0,1,0,0.333333333333333,0.15,0.285714285714286,0,3.80666248977032,2.07944154167984,0.127558615071859,0.333333333333333,225,-73.8445211538462,40.7814,1,450,Poppenhusen Playground,Operational,550.093730290053,0
Q303,Q303,Travers Park,Q,2026-07-01,H2,2026-05-18,2026-05-18,44,8,8,A,0,1,0,0,0.333333333333333,0.192307692307692,0,0,3.80666248977032,2.19722457733622,0.127558615071859,0.333333333333333,226,-73.8894571428572,40.7543428571429,1,535,Travers Park,Operational,590.292140204565,0
Q307,Q307,Delphin H. Greene Playground,Q,2026-07-01,H2,2026-05-29,2026-05-29,33,8,8,A,0,0,0,0,0.333333333333333,0.192307692307692,0,0,3.52636052461616,2.19722457733622,0.123535702913552,0.333333333333333,227,-73.72864,40.68466,1,539,Delphin H. Greene Playground,Operational,143.981525791069,1
X030-ZN01,X030,Macombs Dam Park Zone 1 Upper,X,2026-07-01,H2,2026-05-13,2026-05-13,49,8,8,A,0,0,0,0,0.333333333333333,0.192307692307692,0,0,3.91202300542815,2.19722457733622,0.123406978718747,0.333333333333333,228,,,,,,,,
M283-ZN01,M283,Battery Park City Zone 1,M,2026-07-01,H2,2026-01-13,2026-01-13,169,7,1,A,0,0,0,0,0,0.0833333333333333,0.857142857142857,0,5.13579843705026,2.07944154167984,0.122162886785681,0,229,-74.0183666666667,40.7052166666667,1,423,Battery Park City Zone 1,Operational,259.228300889118,1
M069,M069,Vesuvio Playground,M,2026-07-01,H2,2026-01-27,2026-01-27,155,7,6,N,0,0,0,0,0,0.0454545454545455,0.142857142857143,1,5.04985600724954,2.07944154167984,0.12096305549966,0,230,-74.00248,40.72562,1,350,Vesuvio Playground,Operational,489.898291937913,0
M014-02,M014,Plgd One Fifty Two CLII,M,2026-07-01,H2,2026-02-02,2026-02-02,149,7,7,A,0,0,0,0,0,0.0416666666666667,0,0,5.01063529409626,2.07944154167984,0.120418885157857,0,231,,,,,,,,
M014-03,M014,"Playground One Forty Nine, CIL",M,2026-07-01,H2,2026-02-02,2026-02-02,149,7,4,N,0,0,0,0,0,0.166666666666667,0.428571428571429,1,5.01063529409626,2.07944154167984,0.120418885157857,0,232,,,,,,,,
M198,M198,"Martin Luther King, Jr. Playground",M,2026-07-01,H2,2026-02-02,2026-02-02,149,7,7,A,0,0,1,0,0,0.0416666666666667,0,0,5.01063529409626,2.07944154167984,0.120418885157857,0,233,-73.9503142857143,40.8003142857143,1,395,"Martin Luther King, Jr. Playground",Operational,373.913091395343,1
M369,M369,Pier 42,M,2026-07-01,H2,2026-02-03,2026-02-03,148,4,2,N,0,0,0,0,0,0.0714285714285714,0.5,1,5.00394630594546,1.6094379124341,0.120326289530748,0,234,-73.98346,40.71036,1,1061,Pier 42,Operational,345.653796494387,1
M056-01,M056,Playground 123,M,2026-07-01,H2,2026-02-06,2026-02-06,145,7,7,A,0,0,0,0,0,0.125,0,0,4.98360662170834,2.07944154167984,0.1200451049151,0,235,,,,,,,,
B103,B103,Cypress Hills Playground,B,2026-07-01,H2,2026-06-23,2026-06-23,8,7,7,A,0,1,0,0,0.333333333333333,0.208333333333333,0,0,2.19722457733622,2.07944154167984,0.119865577406952,0.333333333333333,236,-73.8710714285714,40.6707285714286,1,176,Cypress Hills Playground,Operational,333.971723940151,1
B228,B228,Dr. Green Playground,B,2026-07-01,H2,2026-06-23,2026-06-23,8,8,7,A,0,0,0,0,0.333333333333333,0.208333333333333,0.125,0,2.19722457733622,2.19722457733622,0.119865577406952,0.333333333333333,237,-73.90736,40.66734,1,232,Dr. Green Playground,Operational,361.530355516625,1
M042-ZN02,M042,Inwood Hill Park Zone 2,M,2026-07-01,H2,2026-02-12,2026-02-12,139,6,3,N,0,0,0,0,0,0.0625,0.5,1,4.9416424226093,1.94591014905531,0.119466766465504,0,238,,,,,,,,
M089-01,M089,Evelyn's Playground,M,2026-07-01,H2,2026-02-12,2026-02-12,139,7,6,N,0,0,0,0,0,0.0454545454545455,0.142857142857143,1,4.9416424226093,2.07944154167984,0.119466766465504,0,239,-73.9896,40.7363,2,,,,,
M104-ZN02,M104,Sunken Meadow,M,2026-07-01,H2,2026-02-13,2026-02-13,138,7,5,N,0,0,0,0,0,0.05,0.285714285714286,1,4.93447393313069,2.07944154167984,0.119368213580267,0,240,-73.9189111111111,40.7955333333333,1,620,Sunken Meadow,Operational,278.094360882635,1
M079,M079,St. Catherine's Park,M,2026-07-01,H2,2026-02-17,2026-02-17,134,7,7,A,0,0,0,0,0,0.0416666666666667,0,0,4.90527477843843,2.07944154167984,0.118967507500941,0,241,-73.95856,40.7653,1,364,St. Catherine's Park,Operational,93.5619537742927,1
M010-ZN08,M010,Central Park West,M,2026-07-01,H2,2026-02-18,2026-02-18,133,8,8,A,0,1,0,0,0,0.0384615384615385,0,0,4.89783979995091,2.19722457733622,0.1188656617615,0,242,-73.9807866666667,40.76918,1,314,Central Park West,Operational,276.675393141685,3
M077-04,M077,St Nicholas,M,2026-07-01,H2,2026-02-18,2026-02-18,133,7,7,A,0,0,0,0,0,0.0416666666666667,0,0,4.89783979995091,2.07944154167984,0.1188656617615,0,243,-73.95092,40.8137,1,651,St Nicholas,Operational,269.543160418632,1
M186,M186,Brigadier General Charles Young Playground,M,2026-07-01,H2,2026-02-18,2026-02-18,133,7,5,A,0,0,0,0,0,0.05,0.285714285714286,0,4.89783979995091,2.07944154167984,0.1188656617615,0,244,-73.9362444444445,40.8196222222222,1,391,Brigadier General Charles Young Playground,Operational,343.094109284276,2
M005-ZN01,M005,Battery Park Zone 1,M,2026-07-01,H2,2026-02-20,2026-02-20,131,7,7,A,0,0,0,0,0,0.0416666666666667,0,0,4.88280192258637,2.07944154167984,0.118659900623988,0,245,-74.01584,40.7044,1,305,Battery Park Zone 1,Not Operational,120.98458743401,2
M140-01,M140,Ten Mile River Plgd,M,2026-07-01,H2,2026-02-25,2026-02-25,126,7,4,N,0,0,0,0,0,0.0555555555555556,0.428571428571429,1,4.84418708645859,2.07944154167984,0.118132950858778,0,246,,,,,,,,
M081-02,M081,Catbird Playground,M,2026-07-01,H2,2026-03-04,2026-03-04,119,7,6,A,0,0,0,0,0,0.0454545454545455,0.142857142857143,0,4.78749174278205,2.07944154167984,0.117362941928945,0,247,-73.9450363636364,40.7735727272727,2,,,,,
M220,M220,Frederick Douglass Playground,M,2026-07-01,H2,2026-03-04,2026-03-04,119,8,8,A,0,0,0,0,0,0.0384615384615385,0,0,4.78749174278205,2.19722457733622,0.117362941928945,0,248,-73.9676666666667,40.797,1,405,Frederick Douglass Playground,Operational,124.251726498885,3
M256,M256,MacArthur Playground,M,2026-07-01,H2,2026-03-04,2026-03-04,119,7,7,A,0,0,0,0,0,0.0416666666666667,0,0,4.78749174278205,2.07944154167984,0.117362941928945,0,249,-73.9650285714286,40.7524,1,420,MacArthur Playground,Operational,266.714995199064,1
M071-ZN18,M071,101st St. Soccer Field,M,2026-07-01,H2,2026-03-05,2026-03-05,118,7,7,A,0,1,0,0,0,0.0416666666666667,0,0,4.77912349311153,2.07944154167984,0.117249657640526,0,250,-73.9733,40.8005923076923,1,358,101st St. Soccer Field,Operational,250.359458836949,1
M107-ZN06,M107,Wards Meadow,M,2026-07-01,H2,2026-03-06,2026-03-06,117,7,7,A,0,0,0,0,0,0.0416666666666667,0,0,4.77068462446567,2.07944154167984,0.117135513394624,0,251,-73.9262142857143,40.7837142857143,1,675,Scylla Playground,Not Operational,393.434247641651,1
X112,X112,Hilton White Playground,X,2026-07-01,H2,2026-06-01,2026-06-01,30,8,8,A,0,0,0,0,0.333333333333333,0.115384615384615,0,0,3.43398720448515,2.19722457733622,0.116803685511135,0.333333333333333,252,-73.90744,40.8229,1,56,Hilton White Playground,Operational,340.653483560706,2
M010-195,M010,Bendheim Plgd,M,2026-07-01,H2,2026-03-09,2026-03-09,114,7,4,N,0,0,0,0,0,0.0555555555555556,0.428571428571429,1,4.74493212836325,2.07944154167984,0.116787780474614,0,253,-73.95458,40.7904,1,313,Bendheim Playground,Operational,431.797092539455,0
M072-01,M072,Riverbank Plgd,M,2026-07-01,H2,2026-03-12,2026-03-12,111,7,7,A,0,0,0,0,0,0.208333333333333,0,0,4.71849887129509,2.07944154167984,0.116431787296926,0,254,-73.95386,40.8256,1,360,Riverbank Playground,Operational,374.376641899843,1
X002-05A,X002,Waring Plgd,X,2026-07-01,H2,2026-06-03,2026-06-03,28,8,8,A,0,0,1,0,0.333333333333333,0.115384615384615,0,0,3.36729582998647,2.19722457733622,0.115907215390384,0.333333333333333,255,,,,,,,,
M010-145,M010,Ancient Plgd,M,2026-07-01,H2,2026-03-18,2026-03-18,105,7,5,A,0,0,0,0,0,0.05,0.285714285714286,0,4.66343909411207,2.07944154167984,0.115693287345104,0,256,,,,,,,,
M010-ZN36,M010,North Meadow Recreation Center,M,2026-07-01,H2,2026-03-18,2026-03-18,105,6,1,A,0,0,0,0,0,0.0833333333333333,0.833333333333333,0,4.66343909411207,1.94591014905531,0.115693287345104,0,257,,,,,,,,
M081-ZN02,M081,Carl Schurz Promenade,M,2026-07-01,H2,2026-03-18,2026-03-18,105,7,7,A,0,0,0,0,0,0.0416666666666667,0,0,4.66343909411207,2.07944154167984,0.115693287345104,0,258,-73.9438777777778,40.7757111111111,1,367,Carl Schurz Promenade,Operational,803.96488396367,0
M104-ZN01,M104,Bronx Shore,M,2026-07-01,H2,2026-03-18,2026-03-18,105,8,8,A,0,0,0,0,0,0.0384615384615385,0,0,4.66343909411207,2.19722457733622,0.115693287345104,0,259,-73.9239222222222,40.8005333333333,1,373,Bronx Shore,Operational,697.049747584873,0
M211B,M211B,Langston Hughes Playground,M,2026-07-01,H2,2026-03-19,2026-03-19,104,8,8,A,0,0,1,0,0,0.192307692307692,0,0,4.65396035015752,2.19722457733622,0.115566563379173,0,260,-73.94638,40.8122,1,400,Langston Hughes Playground,Operational,416.599016539934,0
M063,M063,Gertrude Ederle Recreation Center,M,2026-07-01,H2,2026-03-20,2026-03-20,103,7,5,A,0,0,0,0,0,0.05,0.285714285714286,0,4.64439089914137,2.07944154167984,0.115438749149108,0,261,,,,,,,,
M199,M199,Monsignor Kett Playground,M,2026-07-01,H2,2026-03-20,2026-03-20,103,6,1,A,0,0,0,0,0,0.0833333333333333,0.833333333333333,0,4.64439089914137,1.94591014905531,0.115438749149108,0,262,,,,,,,,
M234,M234,Wright Brothers Playground,M,2026-07-01,H2,2026-03-20,2026-03-20,103,7,7,A,0,1,0,0,0,0.125,0,0,4.64439089914137,2.07944154167984,0.115438749149108,0,263,-73.94156,40.83168,1,411,Wright Brothers Playground,Operational,355.48610149961,2
M240,M240,Audubon Playground,M,2026-07-01,H2,2026-03-20,2026-03-20,103,8,4,A,0,1,0,0,0,0.0555555555555556,0.5,0,4.64439089914137,2.19722457733622,0.115438749149108,0,264,-73.9379142857143,40.8416428571429,1,416,Audubon Playground,Operational,476.13875034109,0
M028-ZN04,M028,Fort Washington Park Zone 4,M,2026-07-01,H2,2026-03-24,2026-03-24,99,7,7,A,0,0,0,0,0,0.125,0,0,4.60517018598809,2.07944154167984,0.114916181841175,0,265,-73.9312888888889,40.8685111111111,1,338,Fort Washington Park Zone 4,Operational,84.428419227781,1
M353-ZN02,M353,North Riverside Blvd and Slopes,M,2026-07-01,H2,2026-03-24,2026-03-24,99,7,2,N,0,0,0,0,0,0.0714285714285714,0.714285714285714,1,4.60517018598809,2.07944154167984,0.114916181841175,0,266,,,,,,,,
M071-08,M071,River Run Plgd,M,2026-07-01,H2,2026-03-30,2026-03-30,93,7,7,A,0,0,0,0,0,0.208333333333333,0,0,4.54329478227,2.07944154167984,0.114095954563192,0,267,,,,,,,,
Q306,Q306,The Painter's Playground,Q,2026-07-01,H2,2026-06-15,2026-06-15,16,7,6,A,0,0,0,0,0.333333333333333,0.136363636363636,0.142857142857143,0,2.83321334405622,2.07944154167984,0.11405371183067,0.333333333333333,268,-73.85964,40.7204,1,538,The Painter's Playground,Not Operational,785.940596126471,0
Q335,Q335,Russell Sage Playground,Q,2026-07-01,H2,2026-06-15,2026-06-15,16,8,6,A,0,0,0,0,0.333333333333333,0.136363636363636,0.25,0,2.83321334405622,2.19722457733622,0.11405371183067,0.333333333333333,269,-73.85164,40.72396,1,551,Russell Sage Playground,Operational,755.675194913381,0
M045,M045,John Jay Park,M,2026-07-01,H2,2026-04-01,2026-04-01,91,7,7,A,0,0,0,0,0,0.125,0,0,4.52178857704904,2.07944154167984,0.113812062548333,0,270,-73.9490485714286,40.7690971428571,1,344,John Jay Park,Operational,260.159986677249,1
M235,M235,Sol Lain Plgd,M,2026-07-01,H2,2026-04-01,2026-04-01,91,8,7,A,0,0,0,0,0,0.0416666666666667,0.125,0,4.52178857704904,2.19722457733622,0.113812062548333,0,271,-73.98394,40.7144,1,412,Sol Lain Playground,Operational,261.41755934365,2
M037-04,M037,Wallenberg Plgd,M,2026-07-01,H2,2026-04-03,2026-04-03,89,8,6,N,0,0,0,0,0,0.136363636363636,0.25,1,4.49980967033027,2.19722457733622,0.113522566952147,0,272,-73.9271533333333,40.8528,1,341,Wallenberg Playground,Operational,705.061942845397,0
M219,M219,Tecumseh Playground,M,2026-07-01,H2,2026-04-03,2026-04-03,89,7,5,A,0,0,0,0,0,0.05,0.285714285714286,0,4.49980967033027,2.07944154167984,0.113522566952147,0,273,-73.97872,40.7819,1,404,Tecumseh Playground,Operational,343.844564866867,1
Q005-ZN03,Q005,Baisley Pond Park Zone 3,Q,2026-07-01,H2,2026-06-16,2026-06-16,15,8,8,A,0,0,0,0,0.333333333333333,0.115384615384615,0,0,2.77258872223978,2.19722457733622,0.113255274504051,0.333333333333333,274,-73.7841714285714,40.6777857142857,1,443,Baisley Pond Park Zone 3,Operational,464.908634830969,0
Q005-ZN04,Q005,Baisley Pond Park Zone 4,Q,2026-07-01,H2,2026-06-16,2026-06-16,15,8,8,A,0,0,0,0,0.333333333333333,0.269230769230769,0,0,2.77258872223978,2.19722457733622,0.113255274504051,0.333333333333333,275,-73.7878428571429,40.6746571428571,1,444,Baisley Pond Park Zone 4,Operational,470.283219103784,0
M216,M216,Holcombe Rucker Park,M,2026-07-01,H2,2026-04-06,2026-04-06,86,8,8,A,0,1,0,0,0,0.115384615384615,0,0,4.46590811865458,2.19722457733622,0.113077291063116,0,276,-73.93616,40.82918,1,402,Holcombe Rucker Park,Operational,351.534464124078,1
M042-ZN01,M042,Inwood Hill Park Zone 1,M,2026-07-01,H2,2026-04-07,2026-04-07,85,8,8,A,0,0,0,0,0,0.0384615384615385,0,0,4.45434729625351,2.19722457733622,0.112925795599097,0,277,-73.9214,40.8702428571429,1,343,Inwood Hill Park Zone 1,Operational,432.458727967087,0
M047,M047,Thomas Jefferson Park,M,2026-07-01,H2,2026-04-09,2026-04-09,83,3,2,N,0,0,0,0,0,0.0714285714285714,0.333333333333333,1,4.43081679884331,1.38629436111989,0.112617994082525,0,278,-73.9347,40.7938,1,1065,Thomas Jefferson Park,Operational,418.399497433445,0
M081-ZN01,M081,Carl Schurz Main Lawn,M,2026-07-01,H2,2026-04-09,2026-04-09,83,7,7,A,0,0,1,0,0,0.0416666666666667,0,0,4.43081679884331,2.07944154167984,0.112617994082525,0,279,,,,,,,,
M008,M008,Bryant Park,M,2026-07-01,H2,2026-04-10,2026-04-10,82,7,7,A,0,0,0,0,0,0.0416666666666667,0,0,4.4188406077966,2.07944154167984,0.112461615449517,0,280,-73.98266,40.75402,1,307,Bryant Park,Operational,96.6302291226639,2
M107-01,M107,Scylla Playground,M,2026-07-01,H2,2026-04-13,2026-04-13,79,8,4,A,0,0,0,0,0,0.0555555555555556,0.5,0,4.38202663467388,2.19722457733622,0.111982105378526,0,281,,,,,,,,
M010-ZN20,M010,Bethesda Terrace,M,2026-07-01,H2,2026-04-15,2026-04-15,77,8,6,A,0,0,0,0,0,0.0454545454545455,0.25,0,4.35670882668959,2.19722457733622,0.111653373104136,0,282,-73.9711434782609,40.773547826087,1,319,Bethesda Terrace,Operational,280.426195800926,3
M010-ZN10&11,M010,Sheep Meadow,M,2026-07-01,H2,2026-04-16,2026-04-16,76,8,8,A,0,1,0,0,0,0.0384615384615385,0,0,4.34380542185368,2.19722457733622,0.111486157108785,0,283,-73.9744214285714,40.77305,1,315,Sheep Meadow,Operational,285.218739746509,2
M154,M154,Mathews-Palmer Playground,M,2026-07-01,H2,2026-04-16,2026-04-16,76,8,6,N,0,0,0,0,0,0.0454545454545455,0.25,1,4.34380542185368,2.19722457733622,0.111486157108785,0,284,-73.99296,40.76122,1,386,Mathews-Palmer Playground,Operational,263.974623460192,1
R068,R068,The Big Park,R,2026-07-01,H2,2026-03-05,2026-03-05,118,7,7,U,1,0,0,0,0.333333333333333,0.125,0,0,4.77912349311153,2.07944154167984,0.11146962008499,0.333333333333333,285,-74.1650571428571,40.6309428571429,1,634,The Big Park,Operational,436.944630501703,0
M071-31,M071,Claremont Playground,M,2026-07-01,H2,2026-04-17,2026-04-17,75,7,5,A,0,0,0,0,0,0.05,0.285714285714286,0,4.33073334028633,2.07944154167984,0.1113169785818,0,286,-73.96224,40.81488,1,356,Claremont,Operational,454.284383779097,0
M108Q,M108Q,Twenty-Four Sycamores Park,M,2026-07-01,H2,2026-04-20,2026-04-20,72,8,4,N,0,0,0,0,0,0.0555555555555556,0.5,1,4.29045944114839,2.19722457733622,0.110797165996473,0,287,-73.95884,40.7594,1,380,Twenty-Four Sycamores Park,Not Operational,101.845226625488,1
M010-031,M010,Heckscher Plgd,M,2026-07-01,H2,2026-04-24,2026-04-24,68,8,8,A,0,1,0,0,0,0.115384615384615,0,0,4.23410650459726,2.19722457733622,0.110073389850961,0,288,,,,,,,,
M018,M018,Carmansville Playground,M,2026-07-01,H2,2026-04-24,2026-04-24,68,8,8,A,0,1,0,0,0,0.0384615384615385,0,0,4.23410650459726,2.19722457733622,0.110073389850961,0,289,-73.94432,40.82916,1,332,Carmansville Playground,Operational,362.732961741097,2
M236,M236,Samuel Seabury Playground,M,2026-07-01,H2,2026-04-24,2026-04-24,68,8,7,A,0,1,0,0,0,0.0416666666666667,0.125,0,4.23410650459726,2.19722457733622,0.110073389850961,0,290,-73.9509714285714,40.7854714285714,1,413,Samuel Seabury Playground,Operational,89.5264830143139,2
M029-ZN01,M029,Fort Tryon Park Zone 1,M,2026-07-01,H2,2026-04-28,2026-04-28,64,8,8,A,0,0,0,0,0,0.115384615384615,0,0,4.17438726989564,2.19722457733622,0.109310903397275,0,291,-73.9327529411765,40.8607823529412,2,,,,,
M105,M105,Sara D. Roosevelt Park,M,2026-07-01,H2,2026-04-28,2026-04-28,64,8,7,A,0,0,0,0,0,0.0416666666666667,0.125,0,4.17438726989564,2.19722457733622,0.109310903397275,0,292,,,,,,,,
B262,B262,Potomac Playground,B,2026-07-01,H2,2026-01-14,2026-01-14,168,7,7,A,0,0,1,0,0,0.125,0,0,5.12989871492307,2.07944154167984,0.109153423702091,0,293,-73.94424,40.68204,1,250,Potomac Playground,Operational,405.603867538911,0
M077-02,M077,St Nicholas,M,2026-07-01,H2,2026-04-29,2026-04-29,63,8,7,A,0,0,0,0,0,0.0416666666666667,0.125,0,4.15888308335967,2.19722457733622,0.109113707269796,0,294,-73.94904,40.81562,1,640,St Nicholas,Operational,263.846071193359,1
B529-ZN01,B529,Bushwick Inlet Zone 1,B,2026-07-01,H2,2026-01-15,2026-01-15,167,3,3,A,0,0,0,0,0,0.0625,0,0,5.12396397940326,1.38629436111989,0.109077998990007,0,295,,,,,,,,
M161,M161,McCaffrey Playground,M,2026-07-01,H2,2026-04-30,2026-04-30,62,7,6,N,0,0,0,0,0,0.0454545454545455,0.142857142857143,1,4.14313472639153,2.07944154167984,0.108913725216246,0,296,-73.99138,40.75916,1,389,McCaffrey Playground,Operational,262.305537254386,1
M231,M231,Damrosch Park,M,2026-07-01,H2,2026-05-01,2026-05-01,61,8,1,N,0,0,0,0,0,0.0833333333333333,0.875,1,4.12713438504509,2.19722457733622,0.108710872874754,0,297,-73.9856975000001,40.77249625,1,410,Damrosch Park,Operational,149.050757987271,5
B124,B124,William Sheridan Playground,B,2026-07-01,H2,2026-01-20,2026-01-20,162,7,7,A,0,0,0,0,0,0.0416666666666667,0,0,5.09375020080676,2.07944154167984,0.108694720073225,0,298,-73.9639571428571,40.7152714285714,1,182,William Sheridan Playground,Operational,298.204130109073,1
B141,B141,City Line Park,B,2026-07-01,H2,2026-01-23,2026-01-23,159,7,2,N,0,0,0,0,0,0.0714285714285714,0.714285714285714,1,5.07517381523383,2.07944154167984,0.108459655534775,0,299,-73.87624,40.67954,1,192,City Line Park,Operational,713.658177655355,0
B210W,B210W,John J Carty Park,B,2026-07-01,H2,2026-01-23,2026-01-23,159,7,7,A,0,0,0,0,0,0.0416666666666667,0,0,5.07517381523383,2.07944154167984,0.108459655534775,0,300,,,,,,,,
X002-04,X002,Ben Abrams Playground,X,2026-07-01,H2,2026-06-16,2026-06-16,15,8,7,A,0,0,0,0,0.333333333333333,0.208333333333333,0.125,0,2.77258872223978,2.19722457733622,0.108174659522026,0.333333333333333,301,,,,,,,,
B250,B250,Nostrand Playground,B,2026-07-01,H2,2026-01-27,2026-01-27,155,7,7,A,0,0,0,0,0,0.0416666666666667,0,0,5.04985600724954,2.07944154167984,0.108140004464237,0,302,-73.94744,40.6384,1,243,Nostrand Playground,Operational,294.962700201036,1
M244,M244,Sol Bloom Playground,M,2026-07-01,H2,2026-05-04,2026-05-04,58,8,3,N,0,0,0,0,0,0.0625,0.625,1,4.07753744390572,2.19722457733622,0.108084189484601,0,303,-73.96872,40.78986,1,417,Sol Bloom Playground,Operational,577.505024222452,0
B251-04,B251,Pat Parlato Plgd,B,2026-07-01,H2,2026-01-30,2026-01-30,152,7,7,A,0,0,0,0,0,0.0416666666666667,0,0,5.03043792139244,2.07944154167984,0.107895401822403,0,304,-73.94618,40.57702,1,244,Pat Parlato Playground,Operational,176.20345022064,1
M071-ZN20,M071,Hudson Beach Volleyball Courts & Café,M,2026-07-01,H2,2026-05-05,2026-05-05,57,8,5,A,0,0,0,0,0,0.05,0.375,0,4.06044301054642,2.19722457733622,0.107868929130061,0,305,-73.9718916666667,40.80255,1,359,Hudson Beach Volleyball Courts & Café,Operational,251.896347007609,1
B284,B284,Marc And Jason's Playground,B,2026-07-01,H2,2026-02-02,2026-02-02,149,7,7,A,0,1,0,0,0,0.0416666666666667,0,0,5.01063529409626,2.07944154167984,0.107646456278901,0,306,-73.9499,40.6635,1,260,Marc And Jason's Playground,Operational,297.343307749313,1
B220,B220,Washington Hall Park,B,2026-07-01,H2,2026-02-03,2026-02-03,148,7,7,A,0,0,0,0,0,0.125,0,0,5.00394630594546,2.07944154167984,0.107562480929454,0,307,-73.96662,40.6954,1,223,Washington Hall Park,Operational,457.31625350099,0
B223F,B223F,Squibb Park,B,2026-07-01,H2,2026-02-03,2026-02-03,148,7,6,N,0,0,0,0,0,0.0454545454545455,0.142857142857143,1,5.00394630594546,2.07944154167984,0.107562480929454,0,308,-73.99536,40.70106,1,226,Squibb Park,Operational,83.170328251281,2
X092-ZN12,X092,Allen Shandler Rec Area,X,2026-07-01,H2,2026-06-17,2026-06-17,14,8,6,A,0,0,0,0,0.333333333333333,0.136363636363636,0.25,0,2.70805020110221,2.19722457733622,0.107363339758828,0.333333333333333,309,-73.88132,40.88996,1,49,Allen Shandler Rec Area,Operational,403.788401237075,0
Q397,Q397,Auburndale Playground,Q,2026-07-01,H2,2026-06-22,2026-06-22,9,8,7,A,0,0,0,0,0.333333333333333,0.208333333333333,0.125,0,2.30258509299405,2.19722457733622,0.107229283899948,0.333333333333333,310,-73.7945,40.7658571428571,1,585,Auburndale Playground,Operational,890.742962968621,0
B050,B050,Van Voorhees Playground,B,2026-07-01,H2,2026-02-09,2026-02-09,142,7,7,A,0,0,0,0,0,0.0416666666666667,0,0,4.96284463025991,2.07944154167984,0.107047743247429,0,311,-73.99954,40.68966,1,143,Van Voorhees Playground,Operational,365.58087004769,1
B016,B016,Maria Hernandez Park,B,2026-07-01,H2,2026-02-13,2026-02-13,138,7,7,A,0,0,0,0,0,0.0416666666666667,0,0,4.93447393313069,2.07944154167984,0.106693708039438,0,312,-73.9240428571429,40.7029857142857,1,129,Maria Hernandez Park,Operational,479.771311387191,0
B362,B362,Chester Playground,B,2026-07-01,H2,2026-02-17,2026-02-17,134,7,1,N,0,0,0,0,0,0.0833333333333333,0.857142857142857,1,4.90527477843843,2.07944154167984,0.106330411635147,0,313,-73.91186,40.669,1,665,Chester Playground,Not Operational,393.688788940534,1
M104-ZN03,M104,Stadium Area,M,2026-07-01,H2,2026-05-12,2026-05-12,50,8,8,A,0,0,0,0,0,0.0384615384615385,0,0,3.93182563272433,2.19722457733622,0.10626138096943,0,314,,,,,,,,
B166D,B166D,McGuire Fields,B,2026-07-01,H2,2026-02-18,2026-02-18,133,7,7,A,0,0,0,0,0,0.0416666666666667,0,0,4.89783979995091,2.07944154167984,0.106238079746536,0,315,-73.8987769230769,40.6185769230769,1,201,McGuire Fields,Operational,723.047353704999,0
B073-20,B073,Harmony Playground,B,2026-07-01,H2,2026-02-19,2026-02-19,132,7,7,A,0,0,0,0,0,0.0416666666666667,0,0,4.89034912822175,2.07944154167984,0.10614512767593,0,316,,,,,,,,
B431-ZN06,B431,Brooklyn Bridge Park Zone 6,B,2026-07-01,H2,2026-02-19,2026-02-19,132,7,7,A,0,0,0,0,0,0.0416666666666667,0,0,4.89034912822175,2.07944154167984,0.10614512767593,0,317,-74.00162,40.69294,1,301,Brooklyn Bridge Park Zone 6,Operational,77.0164094302992,2
M010-ZN42&43,M010,Frawleys' Run,M,2026-07-01,H2,2026-05-13,2026-05-13,49,8,8,A,0,1,0,0,0,0.0384615384615385,0,0,3.91202300542815,2.19722457733622,0.106015757542496,0,318,,,,,,,,
M258,M258,East River Playground,M,2026-07-01,H2,2026-05-13,2026-05-13,49,8,8,A,0,1,0,0,0,0.0384615384615385,0,0,3.91202300542815,2.19722457733622,0.106015757542496,0,319,-73.9379,40.7891777777778,1,421,East River Playground,Operational,579.244294947569,0
M300,M300,Sherman Creek,M,2026-07-01,H2,2026-05-13,2026-05-13,49,8,8,A,0,0,0,0,0,0.0384615384615385,0,0,3.91202300542815,2.19722457733622,0.106015757542496,0,320,-73.92204,40.8578,1,424,Sherman Creek,Operational,474.182040898736,0
B159-01,B159,Mt Prospect Park Playground,B,2026-07-01,H2,2026-02-24,2026-02-24,127,7,5,N,0,0,0,0,0,0.05,0.285714285714286,1,4.85203026391962,2.07944154167984,0.105670747591822,0,321,,,,,,,,
B234,B234,Tilden Playground,B,2026-07-01,H2,2026-02-24,2026-02-24,127,7,6,N,0,0,0,0,0,0.0454545454545455,0.142857142857143,1,4.85203026391962,2.07944154167984,0.105670747591822,0,322,-73.93136,40.6479,1,235,Tilden Playground,Operational,117.123944380689,1
B300,B300,Oracle Playground,B,2026-07-01,H2,2026-02-24,2026-02-24,127,7,7,A,0,0,0,0,0,0.0416666666666667,0,0,4.85203026391962,2.07944154167984,0.105670747591822,0,323,-73.97162,40.6938,1,268,Oracle Playground,Operational,313.320795467768,1
B058-ZN01,B058,McCarren Park Zone 1,B,2026-07-01,H2,2026-02-26,2026-02-26,125,7,6,A,0,0,0,0,0,0.136363636363636,0.142857142857143,0,4.83628190695148,2.07944154167984,0.105476328649949,0,324,-73.95004,40.72074,1,152,McCarren Park Zone 1,Operational,206.476441610554,1
B051,B051,Kelly Park Playground,B,2026-07-01,H2,2026-02-27,2026-02-27,124,7,4,A,0,0,0,0,0,0.0555555555555556,0.428571428571429,0,4.8283137373023,2.07944154167984,0.105378079084503,0,325,-73.9575444444444,40.6036777777778,1,652,Kelly Park Playground,Not Operational,732.761818509066,0
B060-01,B060,McKinley Park Playground,B,2026-07-01,H2,2026-03-04,2026-03-04,119,7,4,N,0,0,0,0,0,0.166666666666667,0.428571428571429,1,4.78749174278205,2.07944154167984,0.10487599897432,0,326,,,,,,,,
B192,B192,Russell Pedersen Playground,B,2026-07-01,H2,2026-03-04,2026-03-04,119,7,4,A,0,0,0,0,0,0.166666666666667,0.428571428571429,0,4.78749174278205,2.07944154167984,0.10487599897432,0,327,-74.0363555555556,40.6264222222222,1,211,Russell Pedersen Playground,Operational,658.844865107717,0
B222,B222,Pierrepont Playground,B,2026-07-01,H2,2026-03-04,2026-03-04,119,7,7,A,0,0,0,0,0,0.0416666666666667,0,0,4.78749174278205,2.07944154167984,0.10487599897432,0,328,-73.99762,40.69636,1,224,Pierrepont Playground,Operational,139.804274456271,1
B364,B364,Woods Playground,B,2026-07-01,H2,2026-03-04,2026-03-04,119,7,6,A,0,0,0,0,0,0.0454545454545455,0.142857142857143,0,4.78749174278205,2.07944154167984,0.10487599897432,0,329,-73.92924,40.67486,1,296,Woods Playground,Operational,525.956686469873,0
B169-ZN04A,B169,Coney Island Beach Zone 4a,B,2026-07-01,H2,2026-03-05,2026-03-05,118,7,1,N,0,0,0,0,0,0.0833333333333333,0.857142857142857,1,4.77912349311153,2.07944154167984,0.104773336927634,0,330,,,,,,,,
B152,B152,Rappaport Playground,B,2026-07-01,H2,2026-03-06,2026-03-06,117,7,7,A,0,0,0,0,0,0.0416666666666667,0,0,4.77068462446567,2.07944154167984,0.104669898394211,0,331,-74.00078,40.63678,1,196,Rappaport Playground,Operational,1023.45955837065,0
B286,B286,Bartlett Playground,B,2026-07-01,H2,2026-03-09,2026-03-09,114,7,7,A,0,0,0,0,0,0.125,0,0,4.74493212836325,2.07944154167984,0.104354797264865,0,332,-73.9459285714286,40.7007,1,262,Bartlett Playground,Operational,457.190539461342,0
M076,M076,St. Vartan Park,M,2026-07-01,H2,2026-05-20,2026-05-20,42,7,7,A,0,0,0,0,0,0.0416666666666667,0,0,3.76120011569356,2.07944154167984,0.104161387420005,0,333,-73.9732285714286,40.7449428571429,1,671,St. Vartan Park,Operational,518.092831830187,0
M233,M233,Matthew P. Sapolin Playground,M,2026-07-01,H2,2026-05-20,2026-05-20,42,8,3,A,0,1,0,0,0,0.0625,0.625,0,3.76120011569356,2.19722457733622,0.104161387420005,0,334,-73.98404,40.7777,1,680,Matthew P. Sapolin Playground,Not Operational,386.30712644559,1
B161,B161,James Forten Playground,B,2026-07-01,H2,2026-03-16,2026-03-16,107,7,7,A,0,0,0,0,0,0.0416666666666667,0,0,4.68213122712422,2.07944154167984,0.103589892985309,0,335,-73.9655,40.67666,1,198,James Forten Playground,Operational,335.012070098925,1
B357,B357,Jackie Robinson Playground,B,2026-07-01,H2,2026-03-16,2026-03-16,107,7,7,A,0,0,0,0,0,0.0416666666666667,0,0,4.68213122712422,2.07944154167984,0.103589892985309,0,336,-73.9588714285714,40.6658571428571,1,294,Jackie Robinson Playground,Operational,510.192051551143,0
B113A,B113A,Cadman Plaza Park,B,2026-07-01,H2,2026-03-17,2026-03-17,106,8,5,A,0,0,0,0,0,0.05,0.375,0,4.67282883446191,2.19722457733622,0.103477013989815,0,337,-73.9906363636364,40.6984545454545,1,180,Cadman Plaza Park,Operational,312.740097320703,1
B253,B253,Albert L. Parham Playground,B,2026-07-01,H2,2026-03-17,2026-03-17,106,8,7,A,0,0,0,0,0,0.0416666666666667,0.125,0,4.67282883446191,2.19722457733622,0.103477013989815,0,338,-73.9705,40.69024,1,246,Albert J. Parham Playground,Operational,149.582705061612,2
B292,B292,Pratt Playground,B,2026-07-01,H2,2026-03-17,2026-03-17,106,7,7,A,0,1,0,0,0,0.0416666666666667,0,0,4.67282883446191,2.07944154167984,0.103477013989815,0,339,-73.96224,40.6926,1,264,Pratt Playground,Operational,388.658744855952,1
B028-03,B028,Dyker Plgd,B,2026-07-01,H2,2026-03-18,2026-03-18,105,7,7,A,0,0,0,0,0,0.0416666666666667,0,0,4.66343909411207,2.07944154167984,0.103363185437305,0,340,-74.01314,40.61308,1,136,Dyker Playground,Operational,372.291169413183,1
B210J,B210J,Pena Herrera Playground,B,2026-07-01,H2,2026-03-18,2026-03-18,105,7,7,A,0,0,0,0,0,0.0416666666666667,0,0,4.66343909411207,2.07944154167984,0.103363185437305,0,341,-74.01212,40.64938,1,218,Pena Herrera Playground,Operational,404.920454748523,0
B236,B236,Glenwood Playground,B,2026-07-01,H2,2026-03-23,2026-03-23,100,7,7,A,0,0,0,0,0,0.0416666666666667,0,0,4.61512051684126,2.07944154167984,0.102779186492456,0,342,-73.92008,40.63666,1,237,Glenwood Playground,Operational,445.92399691461,0
B018-ZN01,B018,Canarsie Park Zone 1,B,2026-07-01,H2,2026-03-24,2026-03-24,99,7,7,A,0,0,0,0,0,0.0416666666666667,0,0,4.60517018598809,2.07944154167984,0.10265928589845,0,343,-73.8959333333333,40.6289555555556,1,131,Canarsie Park Zone 1,Operational,484.305247925885,0
B218,B218,Paerdegat Park,B,2026-07-01,H2,2026-03-25,2026-03-25,98,7,7,A,0,0,0,0,0,0.0416666666666667,0,0,4.59511985013459,2.07944154167984,0.102538306015354,0,344,-73.93814,40.63807,1,222,Paerdegat Park,Operational,792.64267266711,0
B032-01,B032,Fort Greene Plgd,B,2026-07-01,H2,2026-03-27,2026-03-27,96,7,7,A,0,0,0,0,0,0.125,0,0,4.57471097850338,2.07944154167984,0.102293024860857,0,345,-73.97726,40.69236,1,138,Fort Greene Playground,Operational,216.864932846026,1
B032-ZN03,B032,Fort Greene Park Zone 3,B,2026-07-01,H2,2026-03-27,2026-03-27,96,8,8,A,0,0,0,0,0,0.0384615384615385,0,0,4.57471097850338,2.19722457733622,0.102293024860857,0,346,,,,,,,,
B210A,B210A,John Allen Payne Playground,B,2026-07-01,H2,2026-03-27,2026-03-27,96,7,7,A,0,0,0,0,0,0.0416666666666667,0,0,4.57471097850338,2.07944154167984,0.102293024860857,0,347,-74.02356,40.63978,1,217,John Allen Payne Playground,Operational,598.226905473316,0
B111,B111,Washington Park,B,2026-07-01,H2,2026-03-30,2026-03-30,93,8,8,A,0,0,0,0,0,0.0384615384615385,0,0,4.54329478227,2.19722457733622,0.101916469801175,0,348,-73.9846,40.6729714285714,1,179,Washington Park,Operational,533.899010755711,0
B285,B285,Harry Maze Playground,B,2026-07-01,H2,2026-03-31,2026-03-31,92,8,6,A,0,0,0,0,0,0.0454545454545455,0.25,0,4.53259949315326,2.19722457733622,0.101788556530153,0,349,-73.92326,40.64332,1,261,Harry Maze Playground,Operational,250.986758346308,1
Q428,Q428,Horace Harding Playground,Q,2026-07-01,H2,2025-10-06,2025-10-06,268,6,2,N,0,0,0,0,0,0.0714285714285714,0.666666666666667,1,5.59471137960184,1.94591014905531,0.101736236722698,0,350,-73.86034,40.73318,1,599,Horace Harding Playground,Operational,371.31693598617,1
B017,B017,Bushwick Playground,B,2026-07-01,H2,2026-04-01,2026-04-01,91,8,8,A,0,0,1,0,0,0.115384615384615,0,0,4.52178857704904,2.19722457733622,0.101659405071244,0,351,-73.9119571428572,40.6960571428571,1,164,Bushwick Playground,Operational,161.887300156558,1
B224,B224,P.O. Reinaldo Salgado Playground,B,2026-07-01,H2,2026-04-01,2026-04-01,91,7,7,A,0,0,1,0,0,0.125,0,0,4.52178857704904,2.07944154167984,0.101659405071244,0,352,-73.92544,40.6879,1,230,P.O. Reinaldo Salgado Playground,Operational,629.1422035467,0
M098-ZN01,M098,Washington Square Park Western Half,M,2026-07-01,H2,2026-05-29,2026-05-29,33,8,8,A,0,0,1,0,0,0.0384615384615385,0,0,3.52636052461616,2.19722457733622,0.101331093224832,0,353,-73.9983071428571,40.73075,1,371,Washington Square Park Western Half,Operational,396.367585436809,1
B128,B128,Colonel David Marcus Playground,B,2026-07-01,H2,2026-04-06,2026-04-06,86,7,7,A,0,0,0,0,0,0.125,0,0,4.46590811865458,2.07944154167984,0.100994149826713,0,354,-73.9696142857143,40.6100428571429,1,186,Colonel David Marcus Playground,Operational,979.056415709639,0
B297,B297,Albemarle Playground,B,2026-07-01,H2,2026-04-06,2026-04-06,86,7,6,A,0,0,0,0,0,0.0454545454545455,0.142857142857143,0,4.46590811865458,2.07944154167984,0.100994149826713,0,355,-73.98052,40.64604,1,266,Albemarle Playground,Operational,438.452399178629,0
B057-06,B057,Seba Playground,B,2026-07-01,H2,2026-04-07,2026-04-07,85,7,7,A,0,0,0,0,0,0.125,0,0,4.45434729625351,2.07944154167984,0.100857001893341,0,356,-73.92096,40.58962,1,149,Seba Playground,Operational,1124.48811895502,0
B169-ZN05A,B169,Coney Island Beach Zone 5a,B,2026-07-01,H2,2026-04-07,2026-04-07,85,8,8,A,0,0,0,0,0,0.0384615384615385,0,0,4.45434729625351,2.19722457733622,0.100857001893341,0,357,,,,,,,,
B077-01,B077,Coffey Park Playground,B,2026-07-01,H2,2026-04-10,2026-04-10,82,8,8,A,0,0,0,0,0,0.0384615384615385,0,0,4.4188406077966,2.19722457733622,0.100436813561188,0,358,,,,,,,,
B251-ZN02,B251,Manhattan Beach Zone 2,B,2026-07-01,H2,2026-04-10,2026-04-10,82,6,2,N,0,0,0,0,0,0.0714285714285714,0.666666666666667,1,4.4188406077966,1.94591014905531,0.100436813561188,0,359,-73.944095522388,40.5769791044776,1,245,Manhattan Beach Zone 2,Operational,178.246344612906,1
B308,B308,Yak Playground,B,2026-07-01,H2,2026-04-10,2026-04-10,82,7,7,A,0,0,0,0,0,0.125,0,0,4.4188406077966,2.07944154167984,0.100436813561188,0,360,-73.93576,40.59244,1,274,Yak Playground,Operational,308.37694618731,1
M226,M226,Augustus St. Gaudens Playground,M,2026-07-01,H2,2026-06-01,2026-06-01,30,8,4,N,0,0,0,0,0,0.0555555555555556,0.5,1,3.43398720448515,2.19722457733622,0.100236629139784,0,361,-73.98204,40.73562,1,407,Augustus St. Gaudens Playground,Operational,274.845722981992,1
M011,M011,Chelsea Park,M,2026-07-01,H2,2026-06-02,2026-06-02,29,8,8,A,0,0,0,0,0,0.0384615384615385,0,0,3.40119738166216,2.19722457733622,0.0998506594018117,0,362,-74.0008285714286,40.7498428571429,1,326,Chelsea Park,Operational,313.999118075592,2
M229,M229,Happy Warrior Playground,M,2026-07-01,H2,2026-06-02,2026-06-02,29,8,2,N,0,0,0,0,0,0.0714285714285714,0.75,1,3.40119738166216,2.19722457733622,0.0998506594018117,0,363,-73.96846,40.79576,2,,,,,
M399,M399,Bella Abzug Park,M,2026-07-01,H2,2026-06-02,2026-06-02,29,8,8,A,0,0,0,0,0,0.192307692307692,0,0,3.40119738166216,2.19722457733622,0.0998506594018117,0,364,-73.999748,40.756324,1,432,Bella Abzug Park,Operational,435.587066214184,0
B129-ZN01,B129,Kaiser Park Zone 1,B,2026-07-01,H2,2026-04-15,2026-04-15,77,8,8,A,0,0,0,0,0,0.0384615384615385,0,0,4.35670882668959,2.19722457733622,0.0997052830367818,0,365,-73.99538,40.57855,1,187,Kaiser Park Zone 1,Operational,587.498886610976,0
B169-ZN07A,B169,Coney Island Beach Zone 7a,B,2026-07-01,H2,2026-04-15,2026-04-15,77,7,3,N,0,0,0,0,0,0.0625,0.571428571428571,1,4.35670882668959,2.07944154167984,0.0997052830367818,0,366,-73.9922857142857,40.5716428571429,1,209,Coney Island Beach Zone 7a,Operational,227.823477393603,3
B025-01,B025,Carnegie Plgd,B,2026-07-01,H2,2026-04-16,2026-04-16,76,7,4,A,0,0,0,0,0,0.0555555555555556,0.428571428571429,0,4.34380542185368,2.07944154167984,0.0995539556134719,0,367,,,,,,,,
B316,B316,DiGilio Playground,B,2026-07-01,H2,2026-04-16,2026-04-16,76,7,7,A,0,0,0,0,0,0.0416666666666667,0,0,4.34380542185368,2.07944154167984,0.0995539556134719,0,368,-73.97724,40.63274,1,280,DiGilio Playground,Operational,220.992526463153,1
M071-04,M071,Neufeld Plgd,M,2026-07-01,H2,2026-06-03,2026-06-03,28,8,8,A,0,0,0,0,0,0.115384615384615,0,0,3.36729582998647,2.19722457733622,0.099452993342067,0,369,-73.98476,40.78342,1,352,Neufeld Playground,Operational,142.647402590155,1
B043,B043,Greenpoint Playground,B,2026-07-01,H2,2026-04-17,2026-04-17,75,7,7,A,0,0,0,0,0,0.0416666666666667,0,0,4.33073334028633,2.07944154167984,0.0994008583386978,0,370,-73.95928,40.73564,1,142,Greenpoint Playground,Operational,337.597483710125,1
M065,M065,Luther Gulick Park,M,2026-07-01,H2,2026-06-04,2026-06-04,27,8,8,A,0,0,1,0,0,0.115384615384615,0,0,3.3322045101752,2.19722457733622,0.0990428557577281,0,371,-73.98158,40.71594,1,349,Luther Gulick Park,Operational,265.855788440898,1
B079,B079,Saratoga Park,B,2026-07-01,H2,2026-04-20,2026-04-20,72,8,8,A,0,0,0,0,0,0.115384615384615,0,0,4.29045944114839,2.19722457733622,0.0989304955372382,0,372,-73.9190222222222,40.6850777777778,1,166,Saratoga Park,Operational,329.95155364224,1
B131,B131,Rudd Playground,B,2026-07-01,H2,2026-04-20,2026-04-20,72,7,3,N,0,0,0,0,0,0.0625,0.571428571428571,1,4.29045944114839,2.07944154167984,0.0989304955372382,0,373,-73.90494,40.68332,1,1063,Rudd Playground,Operational,733.57840928029,0
B395,B395,Green Central Knoll,B,2026-07-01,H2,2026-04-20,2026-04-20,72,8,8,A,0,0,0,0,0,0.0384615384615385,0,0,4.29045944114839,2.19722457733622,0.0989304955372382,0,374,-73.9335,40.70214,1,300,Green Central Knoll,Operational,468.893571742931,0
B247-01,B247,Breukelen Plgd,B,2026-07-01,H2,2026-04-21,2026-04-21,71,8,8,A,0,0,0,0,0,0.115384615384615,0,0,4.27666611901606,2.19722457733622,0.098769858027222,0,375,-73.89396,40.65372,1,241,Breukelen Playground,Operational,686.640919468421,0
B012,B012,Brower Park,B,2026-07-01,H2,2026-04-22,2026-04-22,70,8,8,A,0,0,0,0,0,0.269230769230769,0,0,4.26267987704132,2.19722457733622,0.0986072109500419,0,376,-73.9438466666667,40.6738133333334,1,128,Brower Park,Operational,435.396645953434,0
B054-01,B054,Lincoln Terrace Park / Arthur S. Somers Playground,B,2026-07-01,H2,2026-04-22,2026-04-22,70,7,6,A,0,0,0,0,0,0.0454545454545455,0.142857142857143,0,4.26267987704132,2.07944154167984,0.0986072109500419,0,377,,,,,,,,
B245,B245,St. John's Park,B,2026-07-01,H2,2026-04-23,2026-04-23,69,8,8,A,0,0,0,0,0,0.0384615384615385,0,0,4.24849524204936,2.19722457733622,0.0984425004231726,0,378,-73.93535,40.6737333333333,1,240,St. John's Park,Operational,534.294140534504,0
B087-01,B087,Sunset Park Playground,B,2026-07-01,H2,2026-04-27,2026-04-27,65,7,7,A,0,0,0,0,0,0.125,0,0,4.18965474202643,2.07944154167984,0.0977618650648349,0,379,,,,,,,,
B254,B254,Wingate Park,B,2026-07-01,H2,2026-04-27,2026-04-27,65,8,7,A,0,0,0,0,0,0.125,0.125,0,4.18965474202643,2.19722457733622,0.0977618650648349,0,380,-73.9446428571429,40.6592714285714,1,247,Wingate Park,Operational,362.54657684462,1
R033,R033,Levy Playground,R,2026-07-01,H2,2026-02-19,2026-02-19,132,8,8,A,0,0,0,0,0.333333333333333,0.269230769230769,0,0,4.89034912822175,2.19722457733622,0.0977306819365995,0.333333333333333,381,-74.1291,40.6338,1,617,Levy Playground,Operational,454.204852023492,0
B169-ZN05B,B169,Coney Island Beach Zone 5b,B,2026-07-01,H2,2026-04-28,2026-04-28,64,8,2,N,0,0,0,0,0,0.0714285714285714,0.75,1,4.17438726989564,2.19722457733622,0.0975859460358546,0,382,,,,,,,,
B169-ZN07C,B169,Coney Island Beach Zone 7c,B,2026-07-01,H2,2026-04-28,2026-04-28,64,8,3,N,0,0,0,0,0,0.0625,0.625,1,4.17438726989564,2.19722457733622,0.0975859460358546,0,383,,,,,,,,
B049,B049,Irving Square Park,B,2026-07-01,H2,2026-04-30,2026-04-30,62,3,2,A,0,1,0,0,0,0.0714285714285714,0.333333333333333,0,4.14313472639153,1.38629436111989,0.097226719741805,0,384,-73.9092000000001,40.6927,1,1053,Irving Square Park,Operational,443.722849619795,0
B271,B271,Railroad Playground,B,2026-07-01,H2,2026-05-01,2026-05-01,61,7,7,A,0,1,0,0,0,0.0416666666666667,0,0,4.12713438504509,2.07944154167984,0.0970432639700839,0,385,-73.9140142857143,40.6492285714286,1,257,Railroad Playground,Operational,725.001242576254,0
Q050-ZN08A,Q050,Rockaway Beach 08a,Q,2026-07-01,H2,2026-01-07,2026-01-07,175,7,3,N,0,0,0,0,0,0.0625,0.571428571428571,1,5.17048399503815,2.07944154167984,0.0967784891474641,0,386,-73.8352176470588,40.5779470588235,1,476,Rockaway Beach 08a,Operational,504.346642347479,0
M010-ZN16,M010,Pilgrim Hill & Conservatory Water,M,2026-07-01,H2,2026-06-09,2026-06-09,22,8,8,A,0,0,0,0,0,0.0384615384615385,0,0,3.13549421592915,2.19722457733622,0.0967715320406329,0,387,-73.9665411764706,40.7739764705882,1,316,Pilgrim Hill & Conservatory Water,Operational,244.883952384243,2
M010-ZN46,M010,The Great Hill,M,2026-07-01,H2,2026-06-09,2026-06-09,22,9,5,A,0,0,0,0,0,0.05,0.444444444444444,0,3.13549421592915,2.30258509299405,0.0967715320406329,0,388,-73.95904,40.79732,1,325,The Great Hill,Operational,534.206077138813,0
B348,B348,Willoughby Playground,B,2026-07-01,H2,2026-05-04,2026-05-04,58,7,7,A,0,0,0,1,0,0.125,0,0,4.07753744390572,2.07944154167984,0.0964765601269064,0,389,-73.9466428571429,40.6944857142857,1,291,Willoughby Playground,Operational,336.062304537476,1
Q429,Q429,Spirit Playground,Q,2026-07-01,H2,2026-01-21,2026-01-21,161,7,5,A,0,0,1,0,0,0.05,0.285714285714286,0,5.08759633523238,2.07944154167984,0.0958353648460075,0,390,-73.9413142857143,40.7613857142857,1,600,Spirit Playground,Operational,421.70818184539,0
Q342,Q342,Electric Playground,Q,2026-07-01,H2,2026-01-26,2026-01-26,156,7,6,N,0,0,0,0,0,0.136363636363636,0.142857142857143,1,5.05624580534831,2.07944154167984,0.0954807944477732,0,391,-73.8054265060243,40.7357614457831,1,556,Electric Playground,Operational,504.219958125401,0
Q348,Q348,Willow Lake Playground,Q,2026-07-01,H2,2026-01-27,2026-01-27,155,7,7,A,0,0,0,0,0,0.0416666666666667,0,0,5.04985600724954,2.07944154167984,0.095408670762694,0,392,-73.83706,40.7225,1,561,Willow Lake Playground,Operational,504.660249603341,0
Q099-15,Q099,Triassic Playground,Q,2026-07-01,H2,2026-01-30,2026-01-30,152,7,3,N,0,0,0,0,0,0.0625,0.571428571428571,1,5.03043792139244,2.07944154167984,0.0951897916500509,0,393,-73.8351,40.73,1,487,Triassic Playground,Operational,711.30521420795,0
M386,M386,Imagination Playground,M,2026-07-01,H2,2026-06-12,2026-06-12,19,8,6,A,0,0,1,0,0,0.136363636363636,0.25,0,2.99573227355399,2.19722457733622,0.0951861359717746,0,394,-74.0040228571428,40.7062114285715,2,,,,,
B140,B140,Banneker Playground,B,2026-07-01,H2,2026-05-11,2026-05-11,51,7,7,A,0,1,0,0,0,0.0416666666666667,0,0,3.95124371858143,2.07944154167984,0.0950468337741708,0,395,-73.9488,40.69068,1,191,Banneker Playground,Operational,215.155196303727,2
Q001A-01,Q001A,Alley Athletic Playground,Q,2026-07-01,H2,2026-02-02,2026-02-02,149,5,5,A,0,0,0,0,0,0.05,0,0,5.01063529409626,1.79175946922806,0.0949670408674945,0,396,,,,,,,,
Q031,Q031,Lawrence Virgilio Playground,Q,2026-07-01,H2,2026-02-02,2026-02-02,149,6,6,A,0,0,1,0,0,0.0454545454545455,0,0,5.01063529409626,1.94591014905531,0.0949670408674945,0,397,-73.9106,40.74748,1,472,Lawrence Virgilio Playground,Operational,246.11011293663,1
Q067A,Q067A,General Hart Playground,Q,2026-07-01,H2,2026-02-02,2026-02-02,149,7,5,N,0,0,0,0,0,0.15,0.285714285714286,1,5.01063529409626,2.07944154167984,0.0949670408674945,0,398,-73.89724,40.74878,1,480,General Hart Playground,Operational,901.438595389602,0
Q356,Q356,Alley Park,Q,2026-07-01,H2,2026-02-02,2026-02-02,149,7,7,A,0,0,0,0,0,0.125,0,0,5.01063529409626,2.07944154167984,0.0949670408674945,0,399,-73.7456111111111,40.7469888888889,1,565,Alley Park,Operational,647.285153232879,0
Q390,Q390,Clintonville Playground,Q,2026-07-01,H2,2026-02-05,2026-02-05,146,7,5,N,0,0,0,0,0,0.15,0.285714285714286,1,4.99043258677874,2.07944154167984,0.0947402706696631,0,400,-73.80676,40.783,1,582,Clintonville Playground,Operational,700.344074741483,0
Q118,Q118,Police Officer Nicholas Demutiis Park,Q,2026-07-01,H2,2026-02-06,2026-02-06,145,7,5,N,0,0,0,0,0,0.05,0.285714285714286,1,4.98360662170834,2.07944154167984,0.0946637606109853,0,401,-73.83966,40.68184,1,502,Police Officer Nicholas Demutiis Park,Operational,587.260105227083,0
Q329,Q329,Pomonok Playground,Q,2026-07-01,H2,2026-02-06,2026-02-06,145,7,7,A,0,1,0,0,0,0.0416666666666667,0,0,4.98360662170834,2.07944154167984,0.0946637606109853,0,402,-73.8141,40.73616,1,548,Pomonok Playground,Operational,492.759284686022,0
R045-01,R045,Schmul Park,R,2026-07-01,H2,2026-03-23,2026-03-23,100,7,4,A,0,0,0,0,0.333333333333333,0.166666666666667,0.428571428571429,0,4.61512051684126,2.07944154167984,0.0946033286699388,0.333333333333333,403,-74.1878629032257,40.5901048387096,1,622,Schmul Park,Operational,345.737593406141,1
Q008-02,Q008,Brookville Park Playground,Q,2026-07-01,H2,2026-02-09,2026-02-09,142,7,7,A,0,0,0,0,0,0.0416666666666667,0,0,4.96284463025991,2.07944154167984,0.0944313860661181,0,404,,,,,,,,
Q046,Q046,Josephine Caminiti Playground,Q,2026-07-01,H2,2026-02-09,2026-02-09,142,7,5,N,0,0,0,0,0,0.05,0.285714285714286,1,4.96284463025991,2.07944154167984,0.0944313860661181,0,405,-73.86154,40.74378,1,475,Josephine Caminiti Playground,Operational,574.540013687952,0
Q051,Q051,Archie Spigner Park,Q,2026-07-01,H2,2026-02-12,2026-02-12,139,1,1,A,0,0,0,0,0,0.0833333333333333,0,0,4.9416424226093,0.693147180559945,0.0941946119167825,0,406,-73.7781142857143,40.6933428571429,1,477,174 St Playground,Operational,789.590665072029,0
Q413,Q413,Rochdale Park,Q,2026-07-01,H2,2026-02-12,2026-02-12,139,7,6,A,0,0,0,0,0,0.0454545454545455,0.142857142857143,0,4.9416424226093,2.07944154167984,0.0941946119167825,0,407,,,,,,,,
Q021-03,Q021,210 St Playground,Q,2026-07-01,H2,2026-02-13,2026-02-13,138,7,5,A,0,0,1,0,0,0.05,0.285714285714286,0,4.93447393313069,2.07944154167984,0.0941146787239703,0,408,-73.76506,40.73922,1,682,210 St Playground,Operational,555.910585540595,0
Q052,Q052,Captain Tilly Park,Q,2026-07-01,H2,2026-02-13,2026-02-13,138,8,5,A,0,0,0,0,0,0.15,0.375,0,4.93447393313069,2.19722457733622,0.0941146787239703,0,409,-73.7982142857143,40.7114285714286,1,686,Captain Tilly Park,Operational,494.41234457305,0
Q389,Q389,Bayside Playground,Q,2026-07-01,H2,2026-02-13,2026-02-13,138,7,5,A,0,0,0,0,0,0.05,0.285714285714286,0,4.93447393313069,2.07944154167984,0.0941146787239703,0,410,-73.82496,40.58498,1,697,Bayside Playground,Operational,499.134565644337,0
Q024-02,Q024,Playground,Q,2026-07-01,H2,2026-02-17,2026-02-17,134,7,7,A,0,0,0,0,0,0.0416666666666667,0,0,4.90527477843843,2.07944154167984,0.0937897174106609,0,411,,,,,,,,
Q086-01,Q086,Leonardo Ingravallo Playground,Q,2026-07-01,H2,2026-02-17,2026-02-17,134,7,6,N,0,0,0,0,0,0.0454545454545455,0.142857142857143,1,4.90527477843843,2.07944154167984,0.0937897174106609,0,412,,,,,,,,
Q119,Q119,Frederick B. Judge Playground,Q,2026-07-01,H2,2026-02-17,2026-02-17,134,7,7,A,0,0,0,0,0,0.0416666666666667,0,0,4.90527477843843,2.07944154167984,0.0937897174106609,0,413,-73.80794,40.68312,1,503,Frederick B. Judge Playground,Operational,568.377786982894,0
Q129,Q129,"Phil """"Scooter"""" Rizzuto Park",Q,2026-07-01,H2,2026-02-17,2026-02-17,134,7,7,A,0,0,0,0,0,0.0416666666666667,0,0,4.90527477843843,2.07944154167984,0.0937897174106609,0,414,-73.8215142857143,40.6946714285714,1,508,"Phil """"Scooter"""" Rizzuto Park",Operational,900.782354294508,0
Q300-04,Q300,Captain Mario Fajardo Park,Q,2026-07-01,H2,2026-02-17,2026-02-17,134,7,7,A,0,1,0,0,0,0.0416666666666667,0,0,4.90527477843843,2.07944154167984,0.0937897174106609,0,415,-73.8148142857143,40.7435,1,255,Captain Mario Fajardo Park,Operational,270.078978161011,1
Q163-ZN05B,Q163,Rockaway Beach 05b,Q,2026-07-01,H2,2026-02-20,2026-02-20,131,7,7,A,0,0,0,0,0,0.0416666666666667,0,0,4.88280192258637,2.07944154167984,0.0935402993627457,0,416,-73.8108289473684,40.5846789473684,1,516,Rockaway Beach 05b,Operational,408.225848112852,0
Q354,Q354,Playground Seventy Five,Q,2026-07-01,H2,2026-02-20,2026-02-20,131,7,7,A,0,1,0,0,0,0.0416666666666667,0,0,4.88280192258637,2.07944154167984,0.0935402993627457,0,417,-73.80844,40.72634,1,564,Playground Seventy Five,Operational,535.331265947488,0
Q391,Q391,Joseph Austin Playground,Q,2026-07-01,H2,2026-02-20,2026-02-20,131,7,7,A,0,0,0,0,0,0.208333333333333,0,0,4.88280192258637,2.07944154167984,0.0935402993627457,0,418,-73.80114,40.71568,1,583,Joseph Austin Playground,Operational,532.36057020393,0
B148,B148,Rolph Henry Playground,B,2026-07-01,H2,2026-05-18,2026-05-18,44,8,8,A,0,0,0,0,0,0.192307692307692,0,0,3.80666248977032,2.19722457733622,0.0934333861210162,0,419,-73.9475,40.6557,1,194,Rolph Henry Playground,Operational,465.222319169612,0
B258,B258,Brevoort Playground,B,2026-07-01,H2,2026-05-18,2026-05-18,44,7,7,A,0,0,0,0,0,0.0416666666666667,0,0,3.80666248977032,2.07944154167984,0.0934333861210162,0,420,-73.9227,40.68064,1,248,Brevoort Playground,Operational,391.540154315337,1
B320,B320,Park Slope Playground,B,2026-07-01,H2,2026-05-18,2026-05-18,44,8,8,A,0,0,0,0,0,0.0384615384615385,0,0,3.80666248977032,2.19722457733622,0.0934333861210162,0,421,-73.97852,40.67702,1,281,Park Slope Playground,Operational,623.204687123916,0
Q048-01,Q048,Rainey Park Playground,Q,2026-07-01,H2,2026-02-24,2026-02-24,127,7,2,N,0,0,0,0,0,0.0714285714285714,0.714285714285714,1,4.85203026391962,2.07944154167984,0.0931997408688532,0,422,,,,,,,,
Q220G,Q220G,Hoover - Manton Playgrounds,Q,2026-07-01,H2,2026-02-24,2026-02-24,127,7,7,A,0,1,0,0,0,0.0416666666666667,0,0,4.85203026391962,2.07944154167984,0.0931997408688532,0,423,-73.82012,40.71052,1,524,Hoover - Manton Playgrounds,Operational,77.2856084133751,1
Q385,Q385,Ditmars Playground,Q,2026-07-01,H2,2026-02-24,2026-02-24,127,7,7,A,0,0,0,0,0,0.0416666666666667,0,0,4.85203026391962,2.07944154167984,0.0931997408688532,0,424,-73.9073285714286,40.7715714285714,1,580,Ditmars Playground,Operational,611.53326204893,0
B057-ZN01,B057,Marine Park Zone 1,B,2026-07-01,H2,2026-05-19,2026-05-19,43,8,8,A,0,0,0,0,0,0.0384615384615385,0,0,3.78418963391826,2.19722457733622,0.0931848182352602,0,425,-73.937438317757,40.6078719626168,1,150,Marine Park Zone 1,Operational,720.332278647015,0
B057-ZN06,B057,Marine Park Zone 6,B,2026-07-01,H2,2026-05-19,2026-05-19,43,7,7,A,0,0,0,0,0,0.0416666666666667,0,0,3.78418963391826,2.07944154167984,0.0931848182352602,0,426,,,,,,,,
B082-ZN05,B082,Shore Road Park Zone 5,B,2026-07-01,H2,2026-05-19,2026-05-19,43,8,8,A,0,0,0,0,0,0.0384615384615385,0,0,3.78418963391826,2.19722457733622,0.0931848182352602,0,427,-74.03948,40.6162,1,170,Shore Road Park Zone 5,Operational,565.550709810407,0
Q102-02,Q102,Juniper North Playground Tennis,Q,2026-07-01,H2,2026-02-25,2026-02-25,126,7,6,N,0,0,0,0,0,0.0454545454545455,0.142857142857143,1,4.84418708645859,2.07944154167984,0.0931131163289512,0,428,-73.8774333333333,40.7206333333333,1,496,Juniper North Playground Tennis,Operational,640.252127438301,0
Q328,Q328,Bellerose Playground,Q,2026-07-01,H2,2026-02-25,2026-02-25,126,7,6,N,0,0,0,0,0,0.0454545454545455,0.142857142857143,1,4.84418708645859,2.07944154167984,0.0931131163289512,0,429,-73.71766,40.73284,1,547,Bellerose Playground,Operational,262.831024003973,1
Q404,Q404,East Springfield Playground,Q,2026-07-01,H2,2026-02-25,2026-02-25,126,7,6,N,0,0,0,0,0,0.136363636363636,0.142857142857143,1,4.84418708645859,2.07944154167984,0.0931131163289512,0,430,-73.7399142857143,40.6986857142857,1,588,East Springfield Playground,Operational,344.696045159318,1
Q408,Q408,Harold Schneiderman Playground,Q,2026-07-01,H2,2026-02-25,2026-02-25,126,6,4,N,0,0,0,0,0,0.0555555555555556,0.333333333333333,1,4.84418708645859,1.94591014905531,0.0931131163289512,0,431,-73.85044,40.66474,1,592,Harold Schneiderman Playground,Operational,644.319116073735,0
Q423,Q423,Reiff Playground,Q,2026-07-01,H2,2026-02-25,2026-02-25,126,7,6,N,0,0,0,0,0,0.0454545454545455,0.142857142857143,1,4.84418708645859,2.07944154167984,0.0931131163289512,0,432,-73.9019571428571,40.7188428571429,1,596,Reiff Playground,Operational,869.692712810057,0
Q107,Q107,Springfield Park,Q,2026-07-01,H2,2026-02-26,2026-02-26,125,7,6,N,0,0,0,0,0,0.0454545454545455,0.142857142857143,1,4.83628190695148,2.07944154167984,0.0930258801154316,0,433,-73.7623153846154,40.6608,1,501,Springfield Park,Operational,411.277060458945,0
Q104,Q104,Queensbridge Park,Q,2026-07-01,H2,2026-02-27,2026-02-27,124,7,7,A,0,0,0,0,0,0.0416666666666667,0,0,4.8283137373023,2.07944154167984,0.0929380230187104,0,434,,,,,,,,
B073-10,B073,Lincoln Rd Plgd,B,2026-07-01,H2,2026-05-20,2026-05-20,42,8,8,A,0,0,0,0,0,0.0384615384615385,0,0,3.76120011569356,2.19722457733622,0.092931149755295,0,435,,,,,,,,
B073-ZN20,B073,Lookout Hill,B,2026-07-01,H2,2026-05-20,2026-05-20,42,8,8,A,0,0,0,0,0,0.0384615384615385,0,0,3.76120011569356,2.19722457733622,0.092931149755295,0,436,-73.97036,40.6569,1,161,Lookout Hill,Operational,522.977747539669,0
Q131-01,Q131,Virginia Principe Playground,Q,2026-07-01,H2,2026-03-02,2026-03-02,121,7,7,A,0,1,0,0,0,0.0416666666666667,0,0,4.80402104473326,2.07944154167984,0.0926706310886439,0,437,,,,,,,,
Q006-01,Q006,Bowne Playground,Q,2026-07-01,H2,2026-03-03,2026-03-03,120,7,7,A,0,1,0,0,0,0.0416666666666667,0,0,4.79579054559674,2.07944154167984,0.0925801939884815,0,438,,,,,,,,
Q022,Q022,Margaret I. Carman Green - Weeping Beech,Q,2026-07-01,H2,2026-03-03,2026-03-03,120,7,6,A,0,0,0,0,0,0.0454545454545455,0.142857142857143,0,4.79579054559674,2.07944154167984,0.0925801939884815,0,439,-73.82474,40.7635,1,467,Margaret I. Carman Green - Weeping Beech,Operational,610.776816288085,0
Q015-08,Q015,Dry Harbor Playground,Q,2026-07-01,H2,2026-03-04,2026-03-04,119,7,7,A,0,0,0,0,0,0.0416666666666667,0,0,4.78749174278205,2.07944154167984,0.0924890866143944,0,440,-73.86815,40.702325,1,456,Dry Harbor Playground,Operational,449.514430420676,0
Q015-ZN06,Q015,The Bandshell,Q,2026-07-01,H2,2026-03-05,2026-03-05,118,7,3,N,0,0,0,0,0,0.0625,0.571428571428571,1,4.77912349311153,2.07944154167984,0.0923972983686983,0,441,-73.8585,40.6988571428571,1,459,The Bandshell,Operational,190.379031842437,2
Q015-ZN07,Q015,Tennis Courts - Forest Parkway,Q,2026-07-01,H2,2026-03-05,2026-03-05,118,7,3,N,0,0,0,0,0,0.0625,0.571428571428571,1,4.77912349311153,2.07944154167984,0.0923972983686983,0,442,-73.8581333333334,40.6971555555556,1,460,Tennis Courts - Forest Parkway,Operational,193.986892517744,1
Q205A,Q205A,Big Bush Playground,Q,2026-07-01,H2,2026-03-06,2026-03-06,117,7,7,A,0,0,0,0,0,0.0416666666666667,0,0,4.77068462446567,2.07944154167984,0.0923048183954644,0,443,-73.90264,40.74026,1,519,Big Bush Playground,Operational,827.461194860083,0
Q320,Q320,Vleigh Playground,Q,2026-07-01,H2,2026-03-06,2026-03-06,117,7,7,A,0,0,0,0,0,0.125,0,0,4.77068462446567,2.07944154167984,0.0923048183954644,0,444,-73.81624,40.72984,1,544,Vleigh Playground,Operational,575.914326382719,0
Q360J,Q360J,Crowley Playground,Q,2026-07-01,H2,2026-03-06,2026-03-06,117,7,5,A,0,0,0,0,0,0.05,0.285714285714286,0,4.77068462446567,2.07944154167984,0.0923048183954644,0,445,-73.87984,40.7293,1,569,Crowley Playground,Operational,464.544771393604,0
Q450,Q450,Corona Golf Playground,Q,2026-07-01,H2,2026-03-06,2026-03-06,117,7,7,A,0,0,0,0,0,0.0416666666666667,0,0,4.77068462446567,2.07944154167984,0.0923048183954644,0,446,-73.85402,40.74774,1,604,Corona Golf Playground,Operational,450.00244733514,0
X004-01,X004,227th Street Playground,X,2026-07-01,H2,2026-01-09,2026-01-09,173,7,6,A,0,0,0,0,0,0.136363636363636,0.142857142857143,0,5.15905529921453,2.07944154167984,0.0922348540184423,0,447,-73.8640571428572,40.8908428571429,1,8,227th Street Playground,Operational,378.071785383326,1
Q405,Q405,Hollis Playground,Q,2026-07-01,H2,2026-03-09,2026-03-09,114,7,5,A,0,0,0,0,0,0.15,0.285714285714286,0,4.74493212836325,2.07944154167984,0.0920231154956807,0,448,-73.75314,40.7067,2,,,,,
Q121,Q121,Detective Keith L Williams Park,Q,2026-07-01,H2,2026-03-13,2026-03-13,110,7,6,A,0,0,0,0,0,0.0454545454545455,0.142857142857143,0,4.70953020131233,2.07944154167984,0.0916371199645277,0,449,,,,,,,,
Q066B,Q066B,Triborough Bridge Playground B,Q,2026-07-01,H2,2026-03-16,2026-03-16,107,7,7,A,0,0,0,0,0,0.0416666666666667,0,0,4.68213122712422,2.07944154167984,0.0913393824575836,0,450,-73.92344,40.77472,1,479,Triborough Bridge Playground B,Operational,200.326457777433,1
Q066F,Q066F,Hoyt Playground,Q,2026-07-01,H2,2026-03-16,2026-03-16,107,2,2,A,0,0,0,0,0,0.0714285714285714,0,0,4.68213122712422,1.09861228866811,0.0913393824575836,0,451,-73.9173095238095,40.772,1,1052,Hoyt Playground,Operational,588.66366217582,0
Q001-04,Q001,Horatio Playground,Q,2026-07-01,H2,2026-03-17,2026-03-17,106,7,7,A,0,0,0,0,0,0.0416666666666667,0,0,4.67282883446191,2.07944154167984,0.091238493806282,0,452,,,,,,,,
X156,X156,Eastchester Playground,X,2026-07-01,H2,2026-01-27,2026-01-27,155,7,4,N,0,0,0,0,0,0.0555555555555556,0.428571428571429,1,5.04985600724954,2.07944154167984,0.0910464506647717,0,453,-73.8527,40.86976,1,76,Eastchester Playground,Operational,490.603988383076,0
Q099-ZN08,Q099,South Of Fountain Of The Planets,Q,2026-07-01,H2,2026-03-19,2026-03-19,104,8,8,A,0,0,0,0,0,0.0384615384615385,0,0,4.65396035015752,2.19722457733622,0.0910341644137013,0,454,-73.83854,40.74672,1,490,South Of Fountain Of The Planets,Operational,540.858800815107,0
Q099-ZN20,Q099,Meadow Lake North,Q,2026-07-01,H2,2026-03-19,2026-03-19,104,8,8,A,0,0,0,0,0,0.0384615384615385,0,0,4.65396035015752,2.19722457733622,0.0910341644137013,0,455,-73.8412111111111,40.7406555555556,1,494,Meadow Lake North,Operational,547.774146575877,0
Q128,Q128,London Planetree Playground,Q,2026-07-01,H2,2026-03-19,2026-03-19,104,7,7,A,0,0,0,0,0,0.125,0,0,4.65396035015752,2.07944154167984,0.0910341644137013,0,456,-73.85314,40.6859,1,507,London Planetree Playground,Operational,583.972019038004,0
Q300A1,Q300A1,Holy Cow Playground,Q,2026-07-01,H2,2026-03-19,2026-03-19,104,7,6,A,0,0,0,0,0,0.0454545454545455,0.142857142857143,0,4.65396035015752,2.07944154167984,0.0910341644137013,0,457,,,,,,,,
Q369,Q369,Louis Pasteur Park,Q,2026-07-01,H2,2026-03-19,2026-03-19,104,7,7,A,0,0,0,0,0,0.0416666666666667,0,0,4.65396035015752,2.07944154167984,0.0910341644137013,0,458,-73.7353888888889,40.7617555555556,1,576,Louis Pasteur Park,Operational,408.07512303028,0
B080,B080,Asser Levy Park,B,2026-07-01,H2,2026-05-28,2026-05-28,34,8,8,A,0,0,0,0,0,0.0384615384615385,0,0,3.55534806148941,2.19722457733622,0.0906872545088867,0,459,,,,,,,,
X216,X216,Abigail Playground,X,2026-07-01,H2,2026-02-02,2026-02-02,149,7,7,A,0,0,0,0,0,0.125,0,0,5.01063529409626,2.07944154167984,0.090622989864143,0,460,-73.90484,40.8173,1,109,Abigail Playground,Operational,180.425569248622,3
Q106,Q106,Daniel M. O'Connell Playground,Q,2026-07-01,H2,2026-03-23,2026-03-23,100,7,7,A,0,0,0,0,0,0.125,0,0,4.61512051684126,2.07944154167984,0.090614858330656,0,461,-73.7582272727273,40.7001727272727,1,500,Daniel M. O'Connell Playground,Not Operational,846.388651919418,0
Q358,Q358,Detective William T. Gunn Playground,Q,2026-07-01,H2,2026-03-23,2026-03-23,100,7,3,A,0,0,1,0,0,0.0625,0.571428571428571,0,4.61512051684126,2.07944154167984,0.090614858330656,0,462,-73.73166,40.73228,1,567,Detective William T. Gunn Playground,Operational,732.168096168593,0
Q126,Q126,Francis Lewis Park,Q,2026-07-01,H2,2026-03-24,2026-03-24,99,7,7,A,0,0,0,0,0,0.208333333333333,0,0,4.60517018598809,2.07944154167984,0.0905077169545531,0,463,,,,,,,,
X092-06,X092,Woodlawn Plgd,X,2026-07-01,H2,2026-02-04,2026-02-04,147,7,5,N,0,0,0,0,0,0.05,0.285714285714286,1,4.99721227376412,2.07944154167984,0.0904784710732328,0,464,-73.87224,40.89992,1,43,Woodlawn Playground,Operational,366.78836416369,1
X222,X222,Gouverneur Playground,X,2026-07-01,H2,2026-02-05,2026-02-05,146,7,7,A,0,0,0,0,0,0.0416666666666667,0,0,4.99043258677874,2.07944154167984,0.0904055565641778,0,465,-73.90334,40.83576,1,113,Gouverneur Playground,Operational,307.522945705245,2
Q304,Q304,Ehrenreich-Austin Playground,Q,2026-07-01,H2,2026-03-25,2026-03-25,98,7,7,A,0,0,0,0,0,0.0416666666666667,0,0,4.59511985013459,2.07944154167984,0.090399614576824,0,466,-73.83702,40.71576,1,536,Ehrenreich-Austin Playground,Operational,667.653053686376,0
B088,B088,Herbert Von King Park,B,2026-07-01,H2,2026-05-29,2026-05-29,33,8,8,A,0,0,0,0,0,0.0384615384615385,0,0,3.52636052461616,2.19722457733622,0.0903752212499363,0,467,,,,,,,,
BT15,BT15,Bush Terminal Park,B,2026-07-01,H2,2026-05-29,2026-05-29,33,8,8,A,0,0,0,0,0,0.0384615384615385,0,0,3.52636052461616,2.19722457733622,0.0903752212499363,0,468,-74.0192,40.65336,1,304,Bush Terminal Park,Operational,744.949409294557,0
Q023,Q023,Rufus King Park,Q,2026-07-01,H2,2026-03-26,2026-03-26,97,8,8,A,0,0,0,0,0,0.115384615384615,0,0,4.58496747867057,2.19722457733622,0.0902905327700656,0,469,-73.8033846153846,40.7033461538462,1,468,Rufus King Park,Operational,601.240656966307,0
Q021-ZN02,Q021,Cunningham Park Zone 2,Q,2026-07-01,H2,2026-03-27,2026-03-27,96,8,8,A,0,1,0,0,0,0.0384615384615385,0,0,4.57471097850338,2.19722457733622,0.0901804525612547,0,470,-73.77358,40.7296,2,,,,,
X115,X115,Mott Playground,X,2026-07-01,H2,2026-02-09,2026-02-09,142,7,5,N,0,0,0,0,0,0.15,0.285714285714286,1,4.96284463025991,2.07944154167984,0.0901093978049968,0,471,-73.91474,40.83128,1,58,Mott Playground,Operational,456.567539146374,0
X141,X141,Rienzi Playground,X,2026-07-01,H2,2026-02-10,2026-02-10,141,7,6,N,0,0,0,0,0,0.136363636363636,0.142857142857143,1,4.95582705760126,2.07944154167984,0.0900342032172892,0,472,-73.85878,40.88764,1,70,Rienzi Playground,Operational,389.384808844745,1
X080,X080,Henry Hudson Park,X,2026-07-01,H2,2026-02-12,2026-02-12,139,7,7,A,0,0,0,0,0,0.125,0,0,4.9416424226093,2.07944154167984,0.0898823848570281,0,473,-73.9206,40.88104,1,40,Henry Hudson Park,Operational,641.534204607621,0
Q095,Q095,Vito Locascio Field,Q,2026-07-01,H2,2026-03-30,2026-03-30,93,8,8,A,0,0,1,0,0,0.0384615384615385,0,0,4.54329478227,2.19722457733622,0.089844023138692,0,474,,,,,,,,
Q293,Q293,Saul Weprin Playground,Q,2026-07-01,H2,2026-03-30,2026-03-30,93,7,4,N,0,0,0,0,0,0.0555555555555556,0.428571428571429,1,4.54329478227,2.07944154167984,0.089844023138692,0,475,-73.77624,40.74784,1,528,Saul Weprin Playground,Operational,718.610047239727,0
Q317,Q317,Tall Oak Playground,Q,2026-07-01,H2,2026-03-30,2026-03-30,93,7,7,A,0,0,0,0,0,0.125,0,0,4.54329478227,2.07944154167984,0.089844023138692,0,476,-73.75824,40.74634,1,541,Tall Oak Playground,Operational,870.604062118683,0
X118-02,X118,Soundview Metcalf Playground,X,2026-07-01,H2,2026-02-13,2026-02-13,138,7,7,A,0,0,0,0,0,0.0416666666666667,0,0,4.93447393313069,2.07944154167984,0.0898057481999461,0,477,-73.87038,40.81798,1,60,Soundview Park,Operational,637.103860643057,0
X163,X163,Loreto Playground,X,2026-07-01,H2,2026-02-13,2026-02-13,138,7,7,A,0,0,0,0,0,0.0416666666666667,0,0,4.93447393313069,2.07944154167984,0.0898057481999461,0,478,-73.85202,40.84884,1,82,Loreto Playground,Operational,425.930449614268,0
Q099-ZN17,Q099,College Point Blvd Soccer Fields,Q,2026-07-01,H2,2026-03-31,2026-03-31,92,7,3,A,0,0,0,0,0,0.0625,0.571428571428571,0,4.53259949315326,2.07944154167984,0.0897297478860329,0,479,-73.8338,40.7510111111111,1,492,College Point Blvd Soccer Fields,Not Operational,359.58540185598,1
Q015-ZN05,Q015,Carousel,Q,2026-07-01,H2,2026-04-02,2026-04-02,90,8,7,A,0,1,0,0,0,0.0416666666666667,0.125,0,4.51085950651685,2.19722457733622,0.0894978678470783,0,480,,,,,,,,
Q020-01,Q020,Lower Highland Playground,Q,2026-07-01,H2,2026-04-02,2026-04-02,90,7,7,A,0,0,0,0,0,0.0416666666666667,0,0,4.51085950651685,2.07944154167984,0.0894978678470783,0,481,,,,,,,,
Q471-ZN01,Q471,Hunter's Point South Park Zone 1,Q,2026-07-01,H2,2026-04-02,2026-04-02,90,7,7,A,0,1,0,0,0,0.0416666666666667,0,0,4.51085950651685,2.07944154167984,0.0894978678470783,0,482,,,,,,,,
X103,X103,People's Park,X,2026-07-01,H2,2026-02-17,2026-02-17,134,7,4,N,0,0,0,0,0,0.0555555555555556,0.428571428571429,1,4.90527477843843,2.07944154167984,0.0894941950360816,0,483,-73.91698,40.80954,1,51,People's Park,Operational,207.509137721923,1
X179,X179,Al Quiñones Playground,X,2026-07-01,H2,2026-02-17,2026-02-17,134,7,7,A,0,0,0,0,0,0.0416666666666667,0,0,4.90527477843843,2.07944154167984,0.0894941950360816,0,484,-73.90144,40.81544,1,1042,Al Quiñones Playground,Operational,250.27223812591,2
B019,B019,Carroll Park,B,2026-07-01,H2,2026-06-01,2026-06-01,30,8,8,A,0,0,0,0,0,0.0384615384615385,0,0,3.43398720448515,2.19722457733622,0.0893873199784881,0,485,-73.9947769230769,40.6808615384615,1,133,Carroll Park,Operational,603.750458686241,0
B329-01,B329,Lindower Park Playground,B,2026-07-01,H2,2026-06-01,2026-06-01,30,8,8,A,0,0,0,0,0,0.0384615384615385,0,0,3.43398720448515,2.19722457733622,0.0893873199784881,0,486,-73.91122,40.61228,1,284,Lindower Park Playground,Operational,803.958317470018,0
Q004-01,Q004,Charybdis Playground,Q,2026-07-01,H2,2026-04-03,2026-04-03,89,7,7,A,0,0,0,0,0,0.0416666666666667,0,0,4.49980967033027,2.07944154167984,0.0893802168351819,0,487,-73.9227076923077,40.7795692307692,1,438,Charybdis Playground,Operational,455.61833325821,0
Q436,Q436,Athens Square,Q,2026-07-01,H2,2026-04-03,2026-04-03,89,8,8,A,0,0,0,0,0,0.0384615384615385,0,0,4.49980967033027,2.19722457733622,0.0893802168351819,0,488,-73.92186,40.768,1,601,Athens Square,Operational,586.844461428587,0
B066,B066,Owl's Head Park,B,2026-07-01,H2,2026-06-02,2026-06-02,29,8,8,A,0,0,0,0,0,0.0384615384615385,0,0,3.40119738166216,2.19722457733622,0.089038992337563,0,489,-74.032,40.6392923076923,1,156,Owl's Head Park,Operational,661.903110653379,0
Q344,Q344,Emerald Playground,Q,2026-07-01,H2,2026-04-06,2026-04-06,86,7,7,A,0,0,0,0,0,0.0416666666666667,0,0,4.46590811865458,2.07944154167984,0.0890201265640113,0,490,-73.80604,40.7308,1,558,Emerald Playground,Operational,416.533979994127,0
Q134,Q134,Jack Breininger Park,Q,2026-07-01,H2,2026-04-07,2026-04-07,85,7,7,A,0,1,0,0,0,0.0416666666666667,0,0,4.45434729625351,2.07944154167984,0.0888976311960291,0,491,-73.7289117647059,40.7260411764706,1,1054,Jack Breininger Park,Operational,732.807451384388,0
X197,X197,Mosholu Playground,X,2026-07-01,H2,2026-02-25,2026-02-25,126,7,5,N,0,0,0,0,0,0.05,0.285714285714286,1,4.84418708645859,2.07944154167984,0.088845543860814,0,492,-73.88286,40.87262,1,102,Mosholu Playground,Operational,425.183143044133,0
X010-ZN03,X010,Crotona Tennis House & Courts,X,2026-07-01,H2,2026-02-26,2026-02-26,125,8,8,A,0,0,0,0,0,0.0384615384615385,0,0,4.83628190695148,2.19722457733622,0.0887619145412686,0,493,-73.8953538461538,40.8399923076923,2,,,,,
X045-03,X045,St Mary's Playground West,X,2026-07-01,H2,2026-02-26,2026-02-26,125,7,7,A,0,1,0,0,0,0.125,0,0,4.83628190695148,2.07944154167984,0.0887619145412686,0,494,-73.9134307692308,40.8128538461538,1,38,St Mary's Playground West,Operational,409.901972574759,0
B193,B193,Hamilton Metz Field,B,2026-07-01,H2,2026-06-03,2026-06-03,28,7,7,A,0,0,0,0,0,0.0416666666666667,0,0,3.36729582998647,2.07944154167984,0.0886801428985263,0,495,-73.94064,40.6626,1,212,Hamilton Metz Field,Operational,499.707059272095,0
X172,X172,Allerton Playground,X,2026-07-01,H2,2026-03-02,2026-03-02,121,7,7,A,0,0,0,0,0,0.0416666666666667,0,0,4.80402104473326,2.07944154167984,0.0884213613600837,0,496,-73.85054,40.86566,1,89,Allerton Playground,Operational,492.432989387659,0
X232,X232,Burns Playground,X,2026-07-01,H2,2026-03-02,2026-03-02,121,7,7,A,0,1,0,0,0,0.0416666666666667,0,0,4.80402104473326,2.07944154167984,0.0884213613600837,0,497,-73.83662,40.86296,1,114,Burns Playground,Not Operational,733.755983264063,0
X039-ZN18,X039,Orchard Bch. Pavilion,X,2026-07-01,H2,2026-03-04,2026-03-04,119,7,3,N,0,0,0,0,0,0.0625,0.571428571428571,1,4.78749174278205,2.07944154167984,0.0882473316896412,0,498,,,,,,,,
X136-01,X136,Harris Playground,X,2026-07-01,H2,2026-03-04,2026-03-04,119,7,7,A,0,0,0,0,0,0.0416666666666667,0,0,4.78749174278205,2.07944154167984,0.0882473316896412,0,499,,,,,,,,
Q001-99,Q001,Alley Springfield Playground,Q,2026-07-01,H2,2026-04-13,2026-04-13,79,8,8,A,0,0,1,0,0,0.0384615384615385,0,0,4.38202663467388,2.19722457733622,0.088134787758584,0,500,,,,,,,,
Q089B-01,Q089B,Harvey Playground,Q,2026-07-01,H2,2026-04-13,2026-04-13,79,8,7,N,0,0,0,0,0,0.0416666666666667,0.125,1,4.38202663467388,2.19722457733622,0.088134787758584,0,501,,,,,,,,
Q308,Q308,Bowne Playground,Q,2026-07-01,H2,2026-04-13,2026-04-13,79,7,6,A,0,1,0,0,0,0.0454545454545455,0.142857142857143,0,4.38202663467388,2.07944154167984,0.088134787758584,0,502,-73.8247428571429,40.758,1,163,Bowne Playground,Operational,253.876709277663,2
Q314,Q314,Fresh Meadows Playground,Q,2026-07-01,H2,2026-04-13,2026-04-13,79,8,8,A,0,1,0,0,0,0.115384615384615,0,0,4.38202663467388,2.19722457733622,0.088134787758584,0,503,-73.7962,40.73446,1,692,Fresh Meadows Playground,Operational,790.628793119674,0
X150J-01,X150J,Playground,X,2026-07-01,H2,2026-03-06,2026-03-06,117,7,7,A,0,1,0,0,0,0.0416666666666667,0,0,4.77068462446567,2.07944154167984,0.088070694285975,0,504,,,,,,,,
X166,X166,Behagen Playground,X,2026-07-01,H2,2026-03-06,2026-03-06,117,7,6,A,0,0,0,0,0,0.136363636363636,0.142857142857143,0,4.77068462446567,2.07944154167984,0.088070694285975,0,505,,,,,,,,
X202,X202,Marble Hill Playground,X,2026-07-01,H2,2026-03-06,2026-03-06,117,7,7,A,0,1,0,0,0,0.0416666666666667,0,0,4.77068462446567,2.07944154167984,0.088070694285975,0,506,-73.90792,40.87768,1,105,Marble Hill Playground,Operational,336.740752949484,1
X123,X123,Noble Playground,X,2026-07-01,H2,2026-03-09,2026-03-09,114,7,6,A,0,0,0,0,0,0.0454545454545455,0.142857142857143,0,4.74493212836325,2.07944154167984,0.0878006634722722,0,507,-73.87184,40.83686,1,64,Noble Playground,Operational,532.735939597855,0
X204,X204,Story Playground,X,2026-07-01,H2,2026-03-09,2026-03-09,114,7,5,A,0,0,0,0,0,0.05,0.285714285714286,0,4.74493212836325,2.07944154167984,0.0878006634722722,0,508,-73.8631272727273,40.8229727272727,1,107,Story Playground,Not Operational,288.987929708992,1
M089,M089,Union Square Park,M,2026-07-01,H2,2026-06-22,2026-06-22,9,8,7,A,0,1,0,0,0,0.0416666666666667,0.125,0,2.30258509299405,2.19722457733622,0.0876624806440343,0,509,-73.9899035714286,40.7364285714286,2,,,,,
Q300A-01,Q300A,Ella Fitzgerald Playground,Q,2026-07-01,H2,2026-04-17,2026-04-17,75,7,7,A,0,0,0,0,0,0.0416666666666667,0,0,4.33073334028633,2.07944154167984,0.0875973318479095,0,510,,,,,,,,
Q520,Q520,Arverne East Nature Preserve,Q,2026-07-01,H2,2026-04-17,2026-04-17,75,6,4,A,0,0,0,0,0,0.0555555555555556,0.333333333333333,0,4.33073334028633,1.94591014905531,0.0875973318479095,0,511,-73.77488,40.59238,1,607,Arverne East Nature Preserve,Operational,780.249797878837,0
Q330,Q330,Locust Manor Playground,Q,2026-07-01,H2,2026-04-20,2026-04-20,72,7,7,A,0,0,1,0,0,0.291666666666667,0,0,4.29045944114839,2.07944154167984,0.0871774164538272,0,512,-73.75616,40.68592,1,549,Locust Manor Playground,Operational,802.913594282063,0
Q398,Q398,Rosemary's Playground,Q,2026-07-01,H2,2026-04-20,2026-04-20,72,7,7,A,0,0,1,0,0,0.0416666666666667,0,0,4.29045944114839,2.07944154167984,0.0871774164538272,0,513,-73.9044285714286,40.7046142857143,1,586,Rosemary's Playground,Operational,169.978885715561,1
X152,X152,Vinmont Veteran Park,X,2026-07-01,H2,2026-03-16,2026-03-16,107,7,7,A,0,0,0,0,0,0.125,0,0,4.68213122712422,2.07944154167984,0.0871452922235728,0,514,-73.9048571428571,40.9021428571429,1,75,Vinmont Veteran Park,Operational,248.822127070722,1
X247,X247,Fox Park,X,2026-07-01,H2,2026-03-16,2026-03-16,107,7,7,A,0,1,0,0,0,0.125,0,0,4.68213122712422,2.07944154167984,0.0871452922235728,0,515,,,,,,,,
Q014,Q014,Astoria Heights Playground,Q,2026-07-01,H2,2026-04-21,2026-04-21,71,8,8,A,0,0,1,0,0,0.0384615384615385,0,0,4.27666611901606,2.19722457733622,0.0870340195877463,0,516,-73.9113142857143,40.7610142857143,1,453,Astoria Heights Playground,Operational,675.790738850544,0
Q041,Q041,Newtown Playground,Q,2026-07-01,H2,2026-04-21,2026-04-21,71,8,4,N,0,0,0,0,0,0.0555555555555556,0.5,1,4.27666611901606,2.19722457733622,0.0870340195877463,0,517,-73.8698090909091,40.7362272727273,1,473,Newtown Playground,Operational,387.861441975626,1
Q226-01,Q226,Hallets Cove Playground (area A),Q,2026-07-01,H2,2026-04-21,2026-04-21,71,7,7,A,0,0,1,0,0,0.125,0,0,4.27666611901606,2.07944154167984,0.0870340195877463,0,518,-73.93464,40.77162,1,526,Hallets Cove Playground (area A),Operational,505.025270651033,0
Q345,Q345,Redfern Playground,Q,2026-07-01,H2,2026-04-21,2026-04-21,71,8,8,A,0,0,0,0,0,0.192307692307692,0,0,4.27666611901606,2.19722457733622,0.0870340195877463,0,519,-73.7490818181818,40.6110272727273,1,559,Redfern Playground,Operational,798.238756894573,0
X092-ZN07,X092,Stables Area,X,2026-07-01,H2,2026-03-18,2026-03-18,105,7,7,A,0,0,0,0,0,0.0416666666666667,0,0,4.66343909411207,2.07944154167984,0.0869510829314688,0,520,-73.89264,40.90092,1,47,Stables Area,Operational,177.708384876148,1
X010-ZN01,X010,Crotona Park Lake,X,2026-07-01,H2,2026-03-19,2026-03-19,104,7,7,A,0,0,0,0,0,0.0416666666666667,0,0,4.65396035015752,2.07944154167984,0.0868527494868639,0,521,,,,,,,,
B223JB,B223JB,Susan Smith McKinney Steward Park,B,2026-07-01,H2,2026-06-08,2026-06-08,23,8,8,A,0,0,0,0,0,0.0384615384615385,0,0,3.17805383034795,2.19722457733622,0.0867008993003071,0,522,,,,,,,,
B263,B263,Sumner Playground,B,2026-07-01,H2,2026-06-08,2026-06-08,23,8,8,A,0,0,0,0,0,0.0384615384615385,0,0,3.17805383034795,2.19722457733622,0.0867008993003071,0,523,-73.94282,40.69712,1,251,Sumner Playground,Operational,439.136289149349,0
B301,B301,Greene Playground,B,2026-07-01,H2,2026-06-08,2026-06-08,23,8,5,A,0,0,0,0,0,0.05,0.375,0,3.17805383034795,2.19722457733622,0.0867008993003071,0,524,-73.9658285714286,40.6863428571429,1,269,Greene Playground,Operational,117.217702737104,2
Q012-ZN01,Q012,Crocheron Park Zone 1,Q,2026-07-01,H2,2026-04-24,2026-04-24,68,8,8,A,0,0,0,0,0,0.0384615384615385,0,0,4.23410650459726,2.19722457733622,0.0865929093505801,0,525,-73.7693733333333,40.7720733333333,1,452,Crocheron Park Zone 1,Operational,264.781623610694,1
M010-ZN24&25,M010,"Belvdre. Cstl., Turtle Pond, Shkspr Grdn",M,2026-07-01,H2,2026-06-23,2026-06-23,8,8,6,A,0,0,0,0,0,0.136363636363636,0.25,0,2.19722457733622,2.19722457733622,0.0865670513907895,0,526,-73.9691272727273,40.7804363636364,1,320,Belvedere Castle,Not Operational,255.249941774861,1
X004-03,X004,Parque De Los Ninos,X,2026-07-01,H2,2026-03-23,2026-03-23,100,7,7,A,0,0,0,0,0,0.125,0,0,4.61512051684126,2.07944154167984,0.0864508713522315,0,527,-73.87374,40.82714,1,10,Parque De Los Ninos,Operational,335.612929935035,1
X148L,X148L,Virginia Playground,X,2026-07-01,H2,2026-03-23,2026-03-23,100,8,8,A,0,1,0,0,0,0.0384615384615385,0,0,4.61512051684126,2.19722457733622,0.0864508713522315,0,528,-73.86214,40.8343,1,72,Virginia Playground,Operational,324.583169454402,1
X122,X122,Colucci Playground,X,2026-07-01,H2,2026-03-24,2026-03-24,99,7,7,A,0,0,0,0,0,0.0416666666666667,0,0,4.60517018598809,2.07944154167984,0.0863481859090982,0,529,-73.83465,40.8524666666667,1,63,Colucci Playground,Operational,843.09505773648,0
X169,X169,Agnes Haywood Playground,X,2026-07-01,H2,2026-03-24,2026-03-24,99,7,6,N,0,0,0,0,0,0.0454545454545455,0.142857142857143,1,4.60517018598809,2.07944154167984,0.0863481859090982,0,530,-73.86174,40.88048,1,86,Agnes Haywood Playground,Operational,615.905941575273,0
X193,X193,Stars & Stripes Playground,X,2026-07-01,H2,2026-03-24,2026-03-24,99,7,7,A,0,0,1,0,0,0.0416666666666667,0,0,4.60517018598809,2.07944154167984,0.0863481859090982,0,531,-73.8391428571429,40.8855428571429,1,99,Stars & Stripes Playground,Operational,399.590642893515,1
X219,X219,Arcilla Playground,X,2026-07-01,H2,2026-03-25,2026-03-25,98,7,7,A,0,0,0,0,0,0.125,0,0,4.59511985013459,2.07944154167984,0.0862445805585797,0,532,-73.91456,40.82716,1,111,Arcilla Playground,Operational,262.82565855603,1
Q044,Q044,L/CPL Thomas P. Noonan Jr. Playground,Q,2026-07-01,H2,2026-04-27,2026-04-27,65,8,8,A,0,1,0,0,0,0.0384615384615385,0,0,4.18965474202643,2.19722457733622,0.0861343494897378,0,533,-73.9223714285714,40.7410714285714,2,,,,,
Q338,Q338,Admiral Playground,Q,2026-07-01,H2,2026-04-27,2026-04-27,65,7,7,A,0,0,0,0,0,0.0416666666666667,0,0,4.18965474202643,2.07944154167984,0.0861343494897378,0,534,-73.73754,40.77096,1,553,Admiral Playground,Operational,308.289176900873,1
Q378,Q378,Ampere Playground,Q,2026-07-01,H2,2026-04-27,2026-04-27,65,7,7,A,0,1,0,0,0,0.125,0,0,4.18965474202643,2.07944154167984,0.0861343494897378,0,535,-73.8567714285714,40.6814285714286,1,579,Ampere Playground,Operational,587.44473877229,0
X039-ZN13,X039,Hunter Island Picnic Area,X,2026-07-01,H2,2026-03-27,2026-03-27,96,8,3,N,0,0,0,0,0,0.0625,0.625,1,4.57471097850338,2.19722457733622,0.0860345390920548,0,536,-73.790435,40.86982,1,30,Hunter Island Picnic Area,Operational,331.492706025568,1
X196-02,X196,Haffen Park Playground,X,2026-07-01,H2,2026-03-27,2026-03-27,96,7,7,A,0,0,0,0,0,0.125,0,0,4.57471097850338,2.07944154167984,0.0860345390920548,0,537,,,,,,,,
Q021-ZN03,Q021,Cunningham Park Zone 3,Q,2026-07-01,H2,2026-04-29,2026-04-29,63,7,7,A,0,0,0,0,0,0.0416666666666667,0,0,4.15888308335967,2.07944154167984,0.0858182016098408,0,538,-73.7706428571429,40.7366285714286,1,466,Cunningham Park Zone 3,Operational,550.724903672513,0
Q357B,Q357B,Real Good Playground,Q,2026-07-01,H2,2026-04-29,2026-04-29,63,8,5,N,0,0,0,0,0,0.05,0.375,1,4.15888308335967,2.19722457733622,0.0858182016098408,0,539,-73.85724,40.7355,1,566,Real Good Playground,Operational,364.949015363591,2
Q009-01,Q009,MacNeil Playground,Q,2026-07-01,H2,2026-04-30,2026-04-30,62,8,8,A,0,0,0,0,0,0.0384615384615385,0,0,4.14313472639153,2.19722457733622,0.0856568101308508,0,540,,,,,,,,
Q163-ZN06B,Q163,Rockaway Beach 06b,Q,2026-07-01,H2,2026-05-01,2026-05-01,61,8,7,A,0,0,0,0,0,0.0416666666666667,0.125,0,4.12713438504509,2.19722457733622,0.0854931180463862,0,541,-73.8176245614035,40.582952631579,1,517,Rockaway Beach 06b,Operational,350.009794482597,1
X157,X157,Mazzei Playground,X,2026-07-01,H2,2026-04-01,2026-04-01,91,7,7,A,0,0,0,0,0,0.0416666666666667,0,0,4.52178857704904,2.07944154167984,0.0854920362538094,0,542,-73.8582,40.8625,1,77,Mazzei Playground,Operational,639.376937881529,0
X159,X159,Captain William Harry Thompson Playground,X,2026-07-01,H2,2026-04-01,2026-04-01,91,7,7,A,0,0,0,0,0,0.0416666666666667,0,0,4.52178857704904,2.07944154167984,0.0854920362538094,0,543,-73.87786,40.83432,1,78,Captain William Harry Thompson Playground,Operational,429.068733814659,0
X203,X203,Randall Playground,X,2026-07-01,H2,2026-04-01,2026-04-01,91,7,7,A,0,0,0,0,0,0.0416666666666667,0,0,4.52178857704904,2.07944154167984,0.0854920362538094,0,544,-73.84974,40.81928,1,106,Randall Playground,Operational,470.794781274529,0
R017-ZN02,R017,North Park Phase 1,R,2026-07-01,H2,2026-05-20,2026-05-20,42,7,7,A,0,0,1,0,0.333333333333333,0.125,0,0,3.76120011569356,2.07944154167984,0.0854640603958963,0.333333333333333,545,-74.18524,40.5877,1,1059,North Park Phase 1,Operational,349.756563905549,1
M071-16,M071,Dinosaur Plgd,M,2026-07-01,H2,2026-06-24,2026-06-24,7,8,8,A,0,1,0,0,0,0.115384615384615,0,0,2.07944154167984,2.19722457733622,0.0853571468140941,0,546,,,,,,,,
Q218,Q218,Dutch Kills Playground,Q,2026-07-01,H2,2026-05-04,2026-05-04,58,7,7,A,0,1,0,0,0,0.125,0,0,4.07753744390572,2.07944154167984,0.084987515194131,0,547,-73.9334571428571,40.7577285714286,1,522,Dutch Kills Playground,Operational,412.26742401779,0
Q305,Q305,Mafera Park,Q,2026-07-01,H2,2026-05-04,2026-05-04,58,8,7,N,0,0,0,0,0,0.125,0.125,1,4.07753744390572,2.19722457733622,0.084987515194131,0,548,-73.8913285714286,40.7060571428571,1,537,Mafera Park,Operational,956.050393013635,0
Q360M,Q360M,Frontera Park,Q,2026-07-01,H2,2026-05-04,2026-05-04,58,7,7,A,0,0,0,0,0,0.0416666666666667,0,0,4.07753744390572,2.07944154167984,0.084987515194131,0,549,-73.89540625,40.72485625,1,570,Frontera Park,Operational,307.649576349201,1
Q367,Q367,Hammel Playground,Q,2026-07-01,H2,2026-05-04,2026-05-04,58,8,8,A,0,0,0,0,0,0.115384615384615,0,0,4.07753744390572,2.19722457733622,0.084987515194131,0,550,-73.8094555555556,40.5881777777778,1,695,Hammel Playground,Operational,407.946515484565,0
Q422,Q422,Seaside Playground,Q,2026-07-01,H2,2026-05-04,2026-05-04,58,7,7,A,0,0,0,0,0,0.0416666666666667,0,0,4.07753744390572,2.07944154167984,0.084987515194131,0,551,-73.83052,40.58072,1,595,Seaside Playground,Operational,374.596461121554,1
X002-07,X002,River Park,X,2026-07-01,H2,2026-04-06,2026-04-06,86,7,7,A,0,0,0,0,0,0.0416666666666667,0,0,4.46590811865458,2.07944154167984,0.0849225782171261,0,552,-73.8773285714286,40.8431428571429,1,5,River Park,Operational,358.781414752116,1
B082-ZN02,B082,Shore Road Park Zone 2,B,2026-07-01,H2,2026-06-12,2026-06-12,19,8,3,N,0,0,0,0,0,0.0625,0.625,1,2.99573227355399,2.19722457733622,0.0848319373600665,0,553,-74.0387133333334,40.6320733333333,1,168,Shore Road Park Zone 2,Operational,660.153565721275,0
X116,X116,Rev J Polite Playground,X,2026-07-01,H2,2026-04-07,2026-04-07,85,7,6,A,0,0,0,0,0,0.0454545454545455,0.142857142857143,0,4.45434729625351,2.07944154167984,0.0848051963536509,0,554,-73.8978,40.8269,1,59,Rev J Polite Playground,Operational,295.392360301057,3
X010-10,X010,Playground Of The Stars,X,2026-07-01,H2,2026-04-09,2026-04-09,83,8,8,A,0,0,0,0,0,0.0384615384615385,0,0,4.43081679884331,2.19722457733622,0.0845667360285722,0,555,,,,,,,,
X092-05,X092,Van Cortlandt Classic Plgd,X,2026-07-01,H2,2026-04-10,2026-04-10,82,8,8,A,0,1,0,0,0,0.0384615384615385,0,0,4.4188406077966,2.19722457733622,0.084445601988498,0,556,-73.89064,40.8852,1,309,Van Cortlandt Classic Playground,Operational,367.582604999724,1
X092-26,X092,Sachkerah Woods Playground,X,2026-07-01,H2,2026-04-10,2026-04-10,82,7,7,A,0,1,0,0,0,0.125,0,0,4.4188406077966,2.07944154167984,0.084445601988498,0,557,-73.88158,40.88368,1,44,Sachkerah Woods Playground,Operational,435.412894893545,0
X124,X124,Watson Gleason Playground,X,2026-07-01,H2,2026-04-13,2026-04-13,79,8,8,A,0,1,0,0,0,0.0384615384615385,0,0,4.38202663467388,2.19722457733622,0.084074230111979,0,558,-73.86914,40.82902,1,65,Watson Gleason Playground,Operational,437.65420092332,0
X187-01,X187,Angelo Campanaro Plgd,X,2026-07-01,H2,2026-04-13,2026-04-13,79,7,7,A,0,0,0,0,0,0.125,0,0,4.38202663467388,2.07944154167984,0.084074230111979,0,559,,,,,,,,
X034-ZN01,X034,Foster Park Zone 1,X,2026-07-01,H2,2026-04-14,2026-04-14,78,8,8,A,0,0,0,0,0,0.0384615384615385,0,0,4.36944785246702,2.19722457733622,0.0839476782793504,0,560,-73.9246923076923,40.8312076923077,1,27,Foster Park Zone 1,Operational,314.032910576078,1
Q007-01,Q007,Bayswater Playground,Q,2026-07-01,H2,2026-05-11,2026-05-11,51,8,6,N,0,0,0,0,0,0.0454545454545455,0.25,1,3.95124371858143,2.19722457733622,0.0837122749538646,0,561,,,,,,,,
Q026,Q026,Park Of The Americas,Q,2026-07-01,H2,2026-05-11,2026-05-11,51,8,8,A,0,1,0,0,0,0.0384615384615385,0,0,3.95124371858143,2.19722457733622,0.0837122749538646,0,562,-73.86176,40.748932,1,470,Park Of The Americas,Operational,108.882791611106,2
Q162E,Q162E,Beach 59th St Playground,Q,2026-07-01,H2,2026-05-11,2026-05-11,51,8,8,A,0,0,0,0,0,0.0384615384615385,0,0,3.95124371858143,2.19722457733622,0.0837122749538646,0,563,-73.7890454545455,40.5888727272727,1,511,Beach 59th St Playground,Operational,583.036621223372,0
X263,X263,Quarry Ballfields,X,2026-07-01,H2,2026-04-16,2026-04-16,76,7,3,N,0,0,0,0,0,0.0625,0.571428571428571,1,4.34380542185368,2.07944154167984,0.0836902322840883,0,564,-73.88996,40.85018,1,119,Quarry Ballfields,Operational,213.635526576355,1
X126-ZN02,X126,Ferry Point Park Zone 2,X,2026-07-01,H2,2026-04-17,2026-04-17,75,8,8,A,0,0,0,0,0,0.0384615384615385,0,0,4.33073334028633,2.19722457733622,0.0835592668858183,0,565,,,,,,,,
Q162J01,Q162J01,Beach 9 Playground,Q,2026-07-01,H2,2026-05-12,2026-05-12,50,8,8,A,0,0,1,0,0,0.0384615384615385,0,0,3.93182563272433,2.19722457733622,0.083517751404985,0,566,-73.7445428571429,40.5956142857143,1,514,Beach 9 Playground,Operational,410.312993508775,0
B130,B130,Greenwood Playground,B,2026-07-01,H2,2026-06-15,2026-06-15,16,8,8,A,0,0,0,0,0,0.0384615384615385,0,0,2.83321334405622,2.19722457733622,0.0831968630959098,0,567,-73.97656,40.65044,1,188,Greenwood Playground,Operational,187.545528987973,1
B167,B167,La Guardia Playground,B,2026-07-01,H2,2026-06-15,2026-06-15,16,8,8,A,0,0,0,0,0,0.192307692307692,0,0,2.83321334405622,2.19722457733622,0.0831968630959098,0,568,-73.95982,40.71056,1,202,La Guardia Playground,Operational,161.442170911883,2
B288,B288,Slope Park Playground,B,2026-07-01,H2,2026-06-15,2026-06-15,16,8,8,A,0,0,0,0,0,0.0384615384615385,0,0,2.83321334405622,2.19722457733622,0.0831968630959098,0,569,-73.98932,40.66128,1,263,Slope Park Playground,Operational,918.512025375645,0
B321,B321,Edmonds Playground,B,2026-07-01,H2,2026-06-15,2026-06-15,16,7,7,A,0,0,1,0,0,0.125,0,0,2.83321334405622,2.07944154167984,0.0831968630959098,0,570,-73.97174,40.68924,1,282,Edmonds Playground,Operational,151.895827734313,1
X151,X151,P.O. Serrano Playground,X,2026-07-01,H2,2026-04-20,2026-04-20,72,7,7,A,0,0,1,0,0,0.0416666666666667,0,0,4.29045944114839,2.07944154167984,0.0831569445326777,0,571,-73.85052,40.82344,1,74,P.O. Serrano Playground,Operational,356.348343023304,1
X221,X221,Space Time Playground,X,2026-07-01,H2,2026-04-20,2026-04-20,72,7,7,A,0,0,0,0,0,0.125,0,0,4.29045944114839,2.07944154167984,0.0831569445326777,0,572,-73.85992,40.8221,1,112,Space Time Playground,Operational,451.523842606744,0
X344-01,X344,Mill Pond Playground,X,2026-07-01,H2,2026-04-20,2026-04-20,72,4,3,A,0,1,0,0,0,0.0625,0.25,0,4.29045944114839,1.6094379124341,0.0831569445326777,0,573,-73.9315846153846,40.8204692307692,1,1058,Mill Pond Playground,Operational,340.969502152234,1
X002-ZN04,X002,Allerton Fields In Bronx Park,X,2026-07-01,H2,2026-04-21,2026-04-21,71,7,7,A,0,0,0,0,0,0.0416666666666667,0,0,4.27666611901606,2.07944154167984,0.0830195594224668,0,574,-73.8765857142857,40.8695285714286,1,7,Allerton Fields In Bronx Park,Operational,560.575660554455,0
X004-02,X004,Olinville Playground,X,2026-07-01,H2,2026-04-21,2026-04-21,71,7,5,A,0,0,0,0,0,0.05,0.285714285714286,0,4.27666611901606,2.07944154167984,0.0830195594224668,0,575,,,,,,,,
X200,X200,Clark Playground,X,2026-07-01,H2,2026-04-21,2026-04-21,71,8,7,A,0,0,0,0,0,0.208333333333333,0.125,0,4.27666611901606,2.19722457733622,0.0830195594224668,0,576,-73.9212142857143,40.8139714285714,1,103,Clark Playground,Operational,315.930711466131,2
X255,X255,Bill Rainey Park,X,2026-07-01,H2,2026-04-23,2026-04-23,69,8,7,A,0,0,0,0,0,0.0416666666666667,0.125,0,4.24849524204936,2.19722457733622,0.0827396112498149,0,577,-73.8983090909091,40.8187545454545,1,118,Bill Rainey Park,Operational,352.332835763071,1
X044,X044,St. James Park,X,2026-07-01,H2,2026-04-24,2026-04-24,68,7,6,A,0,0,0,0,0,0.0454545454545455,0.142857142857143,0,4.23410650459726,2.07944154167984,0.082596954726651,0,578,-73.8985153846154,40.8654461538462,1,36,St. James Park,Operational,324.805586202182,1
X104,X104,Williamsbridge Oval,X,2026-07-01,H2,2026-04-24,2026-04-24,68,6,6,A,0,0,0,0,0,0.0454545454545455,0,0,4.23410650459726,1.94591014905531,0.082596954726651,0,579,,,,,,,,
X174,X174,Webster Playground,X,2026-07-01,H2,2026-04-24,2026-04-24,68,8,8,A,0,0,0,0,0,0.0384615384615385,0,0,4.23410650459726,2.19722457733622,0.082596954726651,0,580,-73.89292,40.85952,1,90,Webster Playground,Operational,208.175769486105,2
Q085,Q085,Gorman Playground,Q,2026-07-01,H2,2026-05-18,2026-05-18,44,8,8,A,0,0,0,0,0,0.0384615384615385,0,0,3.80666248977032,2.19722457733622,0.0822737420281591,0,581,-73.8841727272727,40.7619454545455,1,482,Gorman Playground,Operational,717.166200982674,0
Q339,Q339,Cambria Playground,Q,2026-07-01,H2,2026-05-18,2026-05-18,44,8,8,A,0,0,0,0,0,0.115384615384615,0,0,3.80666248977032,2.19722457733622,0.0822737420281591,0,582,-73.74246,40.68852,1,554,Cambria Playground,Operational,808.222323663134,0
X235,X235,Grove Hill Playground,X,2026-07-01,H2,2026-04-27,2026-04-27,65,7,7,A,0,1,0,0,0,0.125,0,0,4.18965474202643,2.07944154167984,0.0821576524249243,0,583,-73.9085317073171,40.8199268292683,1,115,Grove Hill Playground,Operational,263.695538566176,4
Q212,Q212,Queens Valley Playground,Q,2026-07-01,H2,2026-05-19,2026-05-19,43,8,8,A,0,0,0,0,0,0.0384615384615385,0,0,3.78418963391826,2.19722457733622,0.0820521758865474,0,584,-73.82394,40.7219,1,521,Queens Valley Playground,Operational,290.887078193175,1
B073-ZN23,B073,Lullwater & Boathouse,B,2026-07-01,H2,2026-06-17,2026-06-17,14,8,3,N,0,0,0,0,0,0.0625,0.625,1,2.70805020110221,2.19722457733622,0.0819572059714662,0,585,,,,,,,,
B169-ZN02A,B169,Coney Island Beach Zone 2a,B,2026-07-01,H2,2026-06-17,2026-06-17,14,8,2,A,0,0,0,0,0,0.0714285714285714,0.75,0,2.70805020110221,2.19722457733622,0.0819572059714662,0,586,,,,,,,,
X010-08,X010,Martin Van Buren Plgd,X,2026-07-01,H2,2026-04-29,2026-04-29,63,8,6,A,0,0,0,0,0,0.0454545454545455,0.25,0,4.15888308335967,2.19722457733622,0.0818547932617669,0,587,,,,,,,,
X029,X029,Lyons Square Playground,X,2026-07-01,H2,2026-04-29,2026-04-29,63,7,7,A,0,0,0,0,0,0.0416666666666667,0,0,4.15888308335967,2.07944154167984,0.0818547932617669,0,588,,,,,,,,
Q015-ZN04,Q015,Victory Field,Q,2026-07-01,H2,2026-05-20,2026-05-20,42,8,8,A,0,0,0,0,0,0.0384615384615385,0,0,3.76120011569356,2.19722457733622,0.0818260781852051,0,589,-73.85448,40.70126,1,457,Victory Field,Operational,83.8879580077826,1
Q099-17,Q099,Lawrence Playground,Q,2026-07-01,H2,2026-05-21,2026-05-21,41,8,1,A,0,0,0,0,0,0.0833333333333333,0.875,0,3.73766961828337,2.19722457733622,0.081595247873983,0,590,-73.8337,40.74844,1,688,Lawrence Playground,Not Operational,455.781325750186,0
Q346,Q346,Challenge Playground,Q,2026-07-01,H2,2026-05-21,2026-05-21,41,8,6,A,0,0,0,0,0,0.0454545454545455,0.25,0,3.73766961828337,2.19722457733622,0.081595247873983,0,591,-73.72814,40.7569,1,694,Challenge Playground,Operational,407.874628628152,0
B169-ZN04B,B169,Coney Island Beach Zone 4b,B,2026-07-01,H2,2026-06-18,2026-06-18,13,9,3,A,0,0,0,0,0,0.0625,0.666666666666667,0,2.63905732961526,2.30258509299405,0.0812810910250383,0,592,-73.9759,40.5734076923077,1,205,Coney Island Beach Zone 4b,Operational,338.321963870924,1
B313,B313,El Shabazz Playground,B,2026-07-01,H2,2026-06-18,2026-06-18,13,8,8,A,0,0,0,0,0,0.115384615384615,0,0,2.63905732961526,2.19722457733622,0.0812810910250383,0,593,-73.9307,40.6827,1,278,El Shabazz Playground,Operational,331.984347882917,3
X039-ZN02,X039,Pelham South Park Headquarters,X,2026-07-01,H2,2026-05-05,2026-05-05,57,8,8,A,0,0,0,0,0,0.0384615384615385,0,0,4.06044301054642,2.19722457733622,0.0808927507057745,0,594,,,,,,,,
X146,X146,Flynn Playground,X,2026-07-01,H2,2026-05-11,2026-05-11,51,7,7,A,0,1,0,0,0,0.0416666666666667,0,0,3.95124371858143,2.07944154167984,0.0798376323330739,0,595,-73.9118714285714,40.8209142857143,1,71,Flynn Playground,Operational,278.250737081115,2
Q001-ZN02,Q001,Alley Pond Park Zone 2,Q,2026-07-01,H2,2026-05-28,2026-05-28,34,8,8,A,0,0,0,0,0,0.0384615384615385,0,0,3.55534806148941,2.19722457733622,0.0798267258163382,0,596,,,,,,,,
Q448-ZN02A,Q448,Roy Wilkins Rec Center Zone 2A,Q,2026-07-01,H2,2026-05-28,2026-05-28,34,8,8,A,0,0,0,0,0,0.0384615384615385,0,0,3.55534806148941,2.19722457733622,0.0798267258163382,0,597,-73.7725142857143,40.6876285714286,1,603,Roy Wilkins Rec Center Zone 2A,Operational,380.053106018719,1
X344,X344,Mill Pond Park,X,2026-07-01,H2,2026-05-13,2026-05-13,49,8,8,A,0,0,0,0,0,0.0384615384615385,0,0,3.91202300542815,2.19722457733622,0.079461746711697,0,598,-73.9315444444445,40.8244333333333,2,,,,,
X188,X188,Wakefield Playground,X,2026-07-01,H2,2026-05-15,2026-05-15,47,8,8,A,0,1,0,0,0,0.0384615384615385,0,0,3.87120101090789,2.19722457733622,0.0790722325852903,0,599,-73.85476,40.90186,1,97,Wakefield Playground,Operational,1121.81496725425,0
Q364,Q364,Marie Curie Playground,Q,2026-07-01,H2,2026-06-01,2026-06-01,30,8,8,A,0,0,0,0,0,0.0384615384615385,0,0,3.43398720448515,2.19722457733622,0.0786690004926809,0,600,-73.77152,40.75708,1,575,Marie Curie Playground,Operational,431.372729989464,0
X014,X014,Horseshoe Playground,X,2026-07-01,H2,2026-05-18,2026-05-18,44,8,4,N,0,0,0,0,0,0.0555555555555556,0.5,1,3.80666248977032,2.19722457733622,0.0784599808847391,0,601,-73.89782,40.82426,1,20,Horseshoe Playground,Operational,293.176220012094,3
Q020-ZN01,Q020,Highland Park Zone 1,Q,2026-07-01,H2,2026-06-02,2026-06-02,29,8,8,A,0,0,0,0,0,0.0384615384615385,0,0,3.40119738166216,2.19722457733622,0.0783588462507086,0,602,-73.89012,40.68748,1,462,Highland Park Zone 1,Operational,528.474878270344,0
Q020-ZN02,Q020,Highland Park Zone 2,Q,2026-07-01,H2,2026-06-02,2026-06-02,29,8,5,N,0,0,0,0,0,0.05,0.375,1,3.40119738166216,2.19722457733622,0.0783588462507086,0,603,-73.8929,40.68314,1,463,Highland Park Zone 2,Operational,538.926838717779,0
Q099-ZN11,Q099,Passerelle,Q,2026-07-01,H2,2026-06-02,2026-06-02,29,8,8,A,0,0,0,0,0,0.0384615384615385,0,0,3.40119738166216,2.19722457733622,0.0783588462507086,0,604,,,,,,,,
X176,X176,Taylor Playground,X,2026-07-01,H2,2026-05-19,2026-05-19,43,8,8,A,0,0,0,0,0,0.0384615384615385,0,0,3.78418963391826,2.19722457733622,0.0782478096402132,0,605,-73.8661428571429,40.839,1,92,Taylor Playground,Operational,542.068859939405,0
B232,B232,Dean Playground,B,2026-07-01,H2,2026-06-22,2026-06-22,9,8,8,A,0,0,0,0,0,0.115384615384615,0,0,2.30258509299405,2.19722457733622,0.078056091098008,0,606,-73.97278,40.68056,1,234,Dean Playground,Operational,587.888241045201,0
B376,B376,Fidler-Wyckoff House Park,B,2026-07-01,H2,2026-06-22,2026-06-22,9,5,3,A,0,0,0,0,0,0.0625,0.4,0,2.30258509299405,1.79175946922806,0.078056091098008,0,607,-73.92092,40.64472,1,1049,Fidler-Wyckoff House Park,Operational,247.020556840673,1
Q004-ZN01,Q004,Astoria Park Zone 1,Q,2026-07-01,H2,2026-06-03,2026-06-03,28,8,8,A,0,0,0,0,0,0.0384615384615385,0,0,3.36729582998647,2.19722457733622,0.0780393530510629,0,608,-73.9251828571429,40.7759057142857,1,439,Astoria Park Zone 1,Operational,191.452830527653,1
Q015-02,Q015,Sobelsohn Playground,Q,2026-07-01,H2,2026-06-03,2026-06-03,28,7,7,A,0,1,0,0,0,0.0416666666666667,0,0,3.36729582998647,2.07944154167984,0.0780393530510629,0,609,,,,,,,,
X201-01,X201,Seton Park Playground,X,2026-07-01,H2,2026-05-20,2026-05-20,42,8,4,A,0,0,0,0,0,0.0555555555555556,0.5,0,3.76120011569356,2.19722457733622,0.0780313038797052,0,610,-73.91624,40.88714,1,88,Spuyten Duyvil Playground,Operational,129.833593924803,2
B008-03,B008,Imagination Playground at Betsy Head,B,2026-07-01,H2,2026-06-23,2026-06-23,8,8,8,A,0,0,0,0,0,0.0384615384615385,0,0,2.19722457733622,2.19722457733622,0.0770705625647983,0,611,,,,,,,,
B028-ZN01,B028,Dyker Beach Park Zone 1,B,2026-07-01,H2,2026-06-23,2026-06-23,8,8,8,A,0,0,0,0,0,0.0384615384615385,0,0,2.19722457733622,2.19722457733622,0.0770705625647983,0,612,-74.0177684210527,40.6056684210526,1,137,Dyker Beach Park Zone 1,Operational,642.244418887991,0
Q377,Q377,Playground Sixty Two LXII,Q,2026-07-01,H2,2026-06-08,2026-06-08,23,7,2,N,0,0,0,0,0,0.0714285714285714,0.714285714285714,1,3.17805383034795,2.07944154167984,0.0762777221777793,0,613,-73.85274,40.73608,1,578,Playground Sixty Two LXII,Operational,381.833416598148,1
Q399,Q399,Bay Terrace Playground,Q,2026-07-01,H2,2026-06-08,2026-06-08,23,8,8,A,0,0,0,0,0,0.115384615384615,0,0,3.17805383034795,2.19722457733622,0.0762777221777793,0,614,-73.77726,40.78242,2,,,,,
Q415,Q415,Louis Armstrong Playground,Q,2026-07-01,H2,2026-06-08,2026-06-08,23,8,6,A,0,0,1,0,0,0.0454545454545455,0.25,0,3.17805383034795,2.19722457733622,0.0762777221777793,0,615,-73.8551285714286,40.7549142857143,1,594,Louis Armstrong Playground,Operational,718.496601119718,0
Q492,Q492,Elmhurst Park,Q,2026-07-01,H2,2026-06-08,2026-06-08,23,8,8,A,0,0,0,0,0,0.0384615384615385,0,0,3.17805383034795,2.19722457733622,0.0762777221777793,0,616,-73.8851038461538,40.7305346153846,1,606,Elmhurst Park,Operational,460.160472498584,0
Q220C,Q220C,Dr. Charles R. Drew Park,Q,2026-07-01,H2,2026-06-09,2026-06-09,22,8,7,A,0,0,1,0,0,0.125,0.125,0,3.13549421592915,2.19722457733622,0.07588659616398,0,617,,,,,,,,
Q359,Q359,Haggerty Park,Q,2026-07-01,H2,2026-06-09,2026-06-09,22,7,6,A,0,0,0,0,0,0.136363636363636,0.142857142857143,0,3.13549421592915,2.07944154167984,0.07588659616398,0,618,-73.7581,40.71314,1,568,Haggerty Park,Operational,771.475291696648,0
Q103,Q103,Raymond O’Connor Park,Q,2026-07-01,H2,2026-06-11,2026-06-11,20,8,8,A,0,0,0,0,0,0.115384615384615,0,0,3.04452243772342,2.19722457733622,0.0750567253526608,0,619,-73.779,40.771,1,1062,Raymond O’Connor Park,Operational,555.347376024163,0
X045-01,X045,St Mary's Playground East,X,2026-07-01,H2,2026-06-01,2026-06-01,30,8,7,N,0,0,0,0,0,0.0416666666666667,0.125,1,3.43398720448515,2.19722457733622,0.0750086781747723,0,620,-73.9105222222222,40.8099,1,37,St Mary's Playground East,Operational,408.661824967306,0
Q010A-ZN02,Q010A,Little Bay Park Zone 2,Q,2026-07-01,H2,2026-06-12,2026-06-12,19,8,8,A,0,0,0,0,0,0.0384615384615385,0,0,2.99573227355399,2.19722457733622,0.0746150902034244,0,621,,,,,,,,
X002-05,X002,Brady Plgd,X,2026-07-01,H2,2026-06-03,2026-06-03,28,8,8,A,0,0,0,0,0,0.0384615384615385,0,0,3.36729582998647,2.19722457733622,0.0744059611099053,0,622,,,,,,,,
X177,X177,Castle Hill Playground,X,2026-07-01,H2,2026-06-04,2026-06-04,27,8,8,A,0,0,0,0,0,0.0384615384615385,0,0,3.3322045101752,2.19722457733622,0.0740906176760874,0,623,-73.8529285714286,40.8390142857143,1,93,Castle Hill Playground,Operational,184.539099615611,1
X266,X266,Vidalia Park,X,2026-07-01,H2,2026-06-04,2026-06-04,27,8,7,A,0,1,0,0,0,0.208333333333333,0.125,0,3.3322045101752,2.19722457733622,0.0740906176760874,0,624,-73.8814,40.8440571428571,1,120,Vidalia Park,Operational,151.268105316904,2
X162,X162,Parkside Playground,X,2026-07-01,H2,2026-06-05,2026-06-05,26,7,6,A,0,0,0,0,0,0.0454545454545455,0.142857142857143,0,3.29583686600433,2.07944154167984,0.0737651025364773,0,625,-73.8679571428571,40.8684571428571,1,81,Parkside Playground,Operational,438.806136167932,0
Q221,Q221,Farm Playground,Q,2026-07-01,H2,2026-06-15,2026-06-15,16,8,5,A,0,0,0,0,0,0.05,0.375,0,2.83321334405622,2.19722457733622,0.0731611957374136,0,626,-73.7772714285714,40.7360285714286,1,525,Farm Playground,Operational,559.22013465279,0
X161,X161,Gun Hill Playground,X,2026-07-01,H2,2026-06-11,2026-06-11,20,8,6,A,0,0,0,0,0,0.0454545454545455,0.25,0,3.04452243772342,2.19722457733622,0.0715514228179083,0,627,-73.8654428571429,40.8746571428571,1,80,Gun Hill Playground,Operational,511.948558307008,0
X165,X165,Edenwald Playground,X,2026-07-01,H2,2026-06-11,2026-06-11,20,8,6,A,0,0,0,0,0,0.0454545454545455,0.25,0,3.04452243772342,2.19722457733622,0.0715514228179083,0,628,-73.84516,40.88408,1,83,Edenwald Playground,Operational,528.518848779442,0
X170,X170,The Pearly Gates,X,2026-07-01,H2,2026-06-11,2026-06-11,20,8,7,A,0,0,0,0,0,0.125,0.125,0,3.04452243772342,2.19722457733622,0.0715514228179083,0,629,-73.84572,40.83878,1,87,The Pearly Gates,Operational,247.915784998846,1
Q015-03,Q015,Jackson Pond Playground,Q,2026-07-01,H2,2026-06-18,2026-06-18,13,8,5,A,0,0,0,0,0,0.05,0.375,0,2.63905732961526,2.19722457733622,0.0714585027663644,0,630,,,,,,,,
Q351,Q351,Peters Field,Q,2026-07-01,H2,2026-06-18,2026-06-18,13,8,8,A,0,0,0,0,0,0.0384615384615385,0,0,2.63905732961526,2.19722457733622,0.0714585027663644,0,631,-73.77466,40.70642,1,563,Peters Field,Operational,902.51259601155,0
X010-12,X010,Bathgate Playground,X,2026-07-01,H2,2026-06-12,2026-06-12,19,8,7,A,0,0,0,0,0,0.0416666666666667,0.125,0,2.99573227355399,2.19722457733622,0.071128826834908,0,632,,,,,,,,
X106,X106,Evelina Antonetty Playground,X,2026-07-01,H2,2026-06-15,2026-06-15,16,8,6,A,0,0,0,0,0,0.136363636363636,0.25,0,2.83321334405622,2.19722457733622,0.0697377438032239,0,633,-73.92852,40.81694,1,53,Evelina Antonetty Playground,Operational,474.102021482137,0
X194,X194,Captain Rivera Playground,X,2026-07-01,H2,2026-06-15,2026-06-15,16,8,8,A,0,0,0,0,0,0.115384615384615,0,0,2.83321334405622,2.19722457733622,0.0697377438032239,0,634,-73.90678,40.81796,1,100,Captain Rivera Playground,Operational,181.535561684162,3
X147A-ZN01,X147A,Starlight Park Zone 1,X,2026-07-01,H2,2026-06-16,2026-06-16,15,7,7,A,0,0,0,0,0,0.0416666666666667,0,0,2.77258872223978,2.07944154167984,0.06922530116753,0,635,-73.88287,40.83373,1,1064,Starlight Park Zone 1,Operational,424.458345949925,0
R016-ZN02,R016,Cedar Grove Beach Zone 2,R,2026-07-01,H2,2025-09-05,2025-09-05,299,5,3,A,0,0,0,0,0,0.0625,0.4,0,5.7037824746562,1.79175946922806,0.0687866931813588,0,636,-74.10128,40.5598,1,611,Cedar Grove Beach Zone 2,Operational,887.341283923534,0
X092-ZN03,X092,Van Cortlandt Pool,X,2026-07-01,H2,2026-06-17,2026-06-17,14,8,8,A,0,0,0,0,0,0.115384615384615,0,0,2.70805020110221,2.19722457733622,0.0686836073233841,0,637,-73.8974133333334,40.8906533333333,1,45,Van Cortlandt Pool,Operational,229.320649266173,2
X171,X171,Spuyten Duyvil Playground,X,2026-07-01,H2,2026-06-17,2026-06-17,14,7,7,A,0,0,0,0,0,0.125,0,0,2.70805020110221,2.07944154167984,0.0686836073233841,0,638,,,,,,,,
Q098,Q098,Frank D. O'Connor Playground,Q,2026-07-01,H2,2026-06-22,2026-06-22,9,8,8,A,0,0,0,0,0,0.0384615384615385,0,0,2.30258509299405,2.19722457733622,0.0685941364010037,0,639,-73.88684,40.74438,1,486,Frank D. O'Connor Playground,Operational,438.117925606531,0
Q104-01,Q104,Vernon Playground,Q,2026-07-01,H2,2026-06-22,2026-06-22,9,8,8,A,0,0,0,0,0,0.115384615384615,0,0,2.30258509299405,2.19722457733622,0.0685941364010037,0,640,,,,,,,,
Q300-03,Q300,Silent Springs Playground,Q,2026-07-01,H2,2026-06-22,2026-06-22,9,8,8,A,0,0,0,0,0,0.192307692307692,0,0,2.30258509299405,2.19722457733622,0.0685941364010037,0,641,,,,,,,,
Q302,Q302,Evergreen Park,Q,2026-07-01,H2,2026-06-22,2026-06-22,9,8,8,A,0,1,0,0,0,0.269230769230769,0,0,2.30258509299405,2.19722457733622,0.0685941364010037,0,642,-73.89638,40.69704,1,534,Evergreen Park,Operational,1050.52968323816,0
Q360N,Q360N,Hoffman Park,Q,2026-07-01,H2,2026-06-22,2026-06-22,9,8,6,N,0,0,0,0,0,0.0454545454545455,0.25,1,2.30258509299405,2.19722457733622,0.0685941364010037,0,643,-73.87154,40.73298,1,571,Hoffman Park,Operational,391.745903034188,1
Q445-01,Q445,136 St Playground,Q,2026-07-01,H2,2026-06-22,2026-06-22,9,8,7,A,0,0,0,0,0,0.0416666666666667,0.125,0,2.30258509299405,2.19722457733622,0.0685941364010037,0,644,,,,,,,,
Q162-ZN04C,Q162,Rockaway Beach 04c,Q,2026-07-01,H2,2026-06-23,2026-06-23,8,8,4,A,0,0,0,0,0,0.166666666666667,0.5,0,2.19722457733622,2.19722457733622,0.0677192984949545,0,645,-73.7957,40.5875166666667,1,515,Rockaway Beach 04c,Operational,579.467683744751,0
Q162J,Q162J,Beach 17 Playground,Q,2026-07-01,H2,2026-06-23,2026-06-23,8,8,8,A,0,0,0,0,0,0.115384615384615,0,0,2.19722457733622,2.19722457733622,0.0677192984949545,0,646,-73.7505666666667,40.5941777777778,1,513,Beach 17 Playground,Operational,530.189334716434,0
Q163-ZN07B,Q163,Rockaway Beach 07b,Q,2026-07-01,H2,2026-06-23,2026-06-23,8,9,6,A,0,0,0,0,0,0.0454545454545455,0.333333333333333,0,2.19722457733622,2.30258509299405,0.0677192984949545,0,647,-73.82611,40.5806025,1,518,Rockaway Beach 07b,Operational,371.91480741103,1
R085,R085,E.M.T. Christopher J. Prescott Playground,R,2026-07-01,H2,2026-01-15,2026-01-15,167,7,7,A,0,0,0,0,0,0.0416666666666667,0,0,5.12396397940326,2.07944154167984,0.0640868977714587,0,648,-74.18582,40.52248,1,637,E.M.T. Christopher J. Prescott Playground,Operational,715.662059241702,0
R005-ZN01,R005,Clove Lakes Park Zone 1,R,2026-07-01,H2,2026-01-23,2026-01-23,159,7,3,N,0,0,0,0,0,0.0625,0.571428571428571,1,5.07517381523383,2.07944154167984,0.0637053636446129,0,649,,,,,,,,
R090,R090,Lieutenant John H. Martinson Playground,R,2026-07-01,H2,2026-02-04,2026-02-04,147,7,6,A,0,0,0,0,0,0.0454545454545455,0.142857142857143,0,4.99721227376412,2.07944154167984,0.0631001037254361,0,650,-74.16242,40.53718,1,705,Lieutenant John H. Martinson Playground,Operational,1945.75907876652,0
R046-ZN03,R046,South Beach Zone 3,R,2026-07-01,H2,2026-02-12,2026-02-12,139,8,8,A,0,0,0,0,0,0.0384615384615385,0,0,4.9416424226093,2.19722457733622,0.0626719615735142,0,651,-74.0758875,40.5797625,1,626,South Beach Zone 3,Operational,966.433659747141,0
R067,R067,Gen. Douglas MacArthur Park,R,2026-07-01,H2,2026-02-12,2026-02-12,139,8,8,A,0,0,0,0,0,0.0384615384615385,0,0,4.9416424226093,2.19722457733622,0.0626719615735142,0,652,-74.10076,40.58592,1,633,Gen. Douglas MacArthur Park,Operational,498.521094867738,0
R089,R089,Greencroft Playground,R,2026-07-01,H2,2026-02-27,2026-02-27,124,7,5,N,0,0,0,0,0,0.05,0.285714285714286,1,4.8283137373023,2.07944154167984,0.0618072016031855,0,653,,,,,,,,
R062,R062,Arrochar Playground,R,2026-07-01,H2,2026-03-05,2026-03-05,118,7,7,A,0,0,0,0,0,0.0416666666666667,0,0,4.77912349311153,2.07944154167984,0.061435332376826,0,654,-74.07124,40.59784,1,629,Arrochar Playground,Operational,734.42238540729,0
R063,R063,Old Town Playground,R,2026-07-01,H2,2026-03-05,2026-03-05,118,8,8,A,0,0,0,0,0,0.0384615384615385,0,0,4.77912349311153,2.19722457733622,0.061435332376826,0,655,-74.08146,40.59548,1,630,Old Town Playground,Operational,907.149717103511,0
R064,R064,Christopher J. Igneri Playground,R,2026-07-01,H2,2026-03-05,2026-03-05,118,8,8,A,0,0,0,0,0,0.0384615384615385,0,0,4.77912349311153,2.19722457733622,0.061435332376826,0,656,-74.11944,40.60872,1,631,Christopher J. Igneri Playground,Operational,95.1604024298227,1
R006-ZN02,R006,Conference House Park Zone 2,R,2026-07-01,H2,2026-03-12,2026-03-12,111,8,8,A,0,0,0,0,0,0.0384615384615385,0,0,4.71849887129509,2.19722457733622,0.0609798979084893,0,657,-74.2516727272728,40.5022909090909,1,609,Conference House Park Zone 2,Operational,1029.05054094652,0
R022-04,R022,Silver Lake Park Playground,R,2026-07-01,H2,2026-03-12,2026-03-12,111,7,7,A,0,0,0,0,0,0.0416666666666667,0,0,4.71849887129509,2.07944154167984,0.0609798979084893,0,658,,,,,,,,
R035,R035,De Matti Park,R,2026-07-01,H2,2026-03-16,2026-03-16,107,8,8,A,0,0,0,0,0,0.0384615384615385,0,0,4.68213122712422,2.19722457733622,0.0607082076559309,0,659,-74.07388,40.61474,1,619,De Matti Park,Operational,989.982595814213,0
R087,R087,Dongan Playground,R,2026-07-01,H2,2026-03-16,2026-03-16,107,6,3,A,0,0,0,0,0,0.0625,0.5,0,4.68213122712422,1.94591014905531,0.0607082076559309,0,660,-74.08982,40.5828,1,638,Dongan Playground,Operational,992.441028064594,0
R038,R038,Midland Playground,R,2026-07-01,H2,2026-03-19,2026-03-19,104,8,8,A,0,0,0,0,0,0.0384615384615385,0,0,4.65396035015752,2.19722457733622,0.0604985313059534,0,661,-74.09838,40.57478,1,445,Midland Playground,Operational,961.766229801711,0
R075A,R075A,Father Macris Park,R,2026-07-01,H2,2026-03-27,2026-03-27,96,3,3,A,0,0,0,0,0,0.0625,0,0,4.57471097850338,1.38629436111989,0.0599123056290331,0,662,-74.1630652173913,40.6168,1,1047,Father Macris Park,Operational,394.82302219189,1
R061,R061,Rev. Dr. Maggie Howard Playground,R,2026-07-01,H2,2026-03-30,2026-03-30,93,8,8,A,0,0,0,0,0,0.0384615384615385,0,0,4.54329478227,2.19722457733622,0.0596813881542266,0,663,-74.07914,40.62268,1,628,Rev. Dr. Maggie Howard Playground,Operational,412.460270981247,0
R065-ZN08,R065,Willowbrook Park Recreational Area,R,2026-07-01,H2,2026-04-02,2026-04-02,90,8,7,A,0,1,0,0,0,0.125,0.125,0,4.51085950651685,2.19722457733622,0.0594438548784441,0,664,-74.1586176470588,40.6041705882353,1,632,Willowbrook Park Recreational Area,Not Operational,1046.30341073802,0
R109-01,R109,Corporal Thompson Playground,R,2026-07-01,H2,2026-04-13,2026-04-13,79,7,7,A,0,0,0,0,0,0.0416666666666667,0,0,4.38202663467388,2.07944154167984,0.0585090926990997,0,665,,,,,,,,
R046-06,R046,Midland Playground,R,2026-07-01,H2,2026-04-14,2026-04-14,78,8,6,A,0,0,0,0,0,0.0454545454545455,0.25,0,4.36944785246702,2.19722457733622,0.0584185681210944,0,666,-74.0908,40.56834,1,464,Midland Playground,Operational,823.359734926582,0
R046-ZN02,R046,South Beach Zone 2,R,2026-07-01,H2,2026-04-14,2026-04-14,78,8,3,N,0,0,0,0,0,0.0625,0.625,1,4.36944785246702,2.19722457733622,0.0584185681210944,0,667,-74.06681,40.58886,3,,,,,
R046-ZN04,R046,Midland Beach Zone 4,R,2026-07-01,H2,2026-04-14,2026-04-14,78,7,5,A,0,0,0,0,0,0.05,0.285714285714286,0,4.36944785246702,2.07944154167984,0.0584185681210944,0,668,,,,,,,,
R026,R026,Gerard P. Dugan Playground,R,2026-07-01,H2,2026-04-16,2026-04-16,76,8,8,A,0,0,0,0,0,0.0384615384615385,0,0,4.34380542185368,2.19722457733622,0.0582344362997726,0,669,-74.11146,40.56156,1,614,Gerard P. Dugan Playground,Operational,862.403033542739,0
R034,R034,Austin J. McDonald Playground,R,2026-07-01,H2,2026-04-23,2026-04-23,69,8,8,A,0,0,0,0,0,0.0384615384615385,0,0,4.24849524204936,2.19722457733622,0.0575548009032568,0,670,-74.1150923076923,40.6295076923077,1,618,Austin J. McDonald Playground,Operational,556.734056918,0
R015,R015,Walker Park,R,2026-07-01,H2,2026-04-30,2026-04-30,62,8,8,A,0,0,0,0,0,0.0384615384615385,0,0,4.14313472639153,2.19722457733622,0.0568121689182969,0,671,-74.1088266666667,40.64374,1,610,Walker Park,Operational,961.813723273184,0
R125,R125,Lopez Playground,R,2026-07-01,H2,2026-04-30,2026-04-30,62,6,6,A,0,0,0,0,0,0.136363636363636,0,0,4.14313472639153,1.94591014905531,0.0568121689182969,0,672,-74.08508,40.6113,1,1037,Lopez Playground,Operational,1020.73643098006,0
R025,R025,Mahoney Playground,R,2026-07-01,H2,2026-05-11,2026-05-11,51,8,8,A,0,0,1,0,0,0.0384615384615385,0,0,3.95124371858143,2.19722457733622,0.0554827149093223,0,673,-74.08616,40.64348,1,613,Mahoney Playground,Operational,823.107820228879,0
R038A,R038A,Midland Field,R,2026-07-01,H2,2026-05-11,2026-05-11,51,8,4,N,0,0,0,0,0,0.0555555555555556,0.5,1,3.95124371858143,2.19722457733622,0.0554827149093223,0,674,-74.09946,40.57658,1,621,Midland Field,Not Operational,219.109342020164,1
R017-ZN01,R017,Owl Hollow Fields,R,2026-07-01,H2,2026-05-29,2026-05-29,33,2,1,A,0,0,0,0,0,0.0833333333333333,0.5,0,3.52636052461616,1.09861228866811,0.0526425834584075,0,675,-74.19642,40.56048,1,1060,Owl Hollow Fields,Operational,1215.43512495612,0
R046-ZN01,R046,South Beach Zone 1,R,2026-07-01,H2,2026-06-02,2026-06-02,29,9,9,A,0,1,0,0,0,0.0357142857142857,0,0,3.40119738166216,2.30258509299405,0.0518324548235861,0,676,,,,,,,,
R069,R069,Terrace Playground,R,2026-07-01,H2,2026-06-04,2026-06-04,27,8,8,A,0,0,0,0,0,0.0384615384615385,0,0,3.3322045101752,2.19722457733622,0.0513909456000727,0,677,-74.09826,40.61354,1,635,Terrace Playground,Operational,854.551950072712,0
R076,R076,Markham Playground,R,2026-07-01,H2,2026-06-04,2026-06-04,27,8,8,A,0,0,0,0,0,0.0384615384615385,0,0,3.3322045101752,2.19722457733622,0.0513909456000727,0,678,-74.1463142857143,40.6230428571429,1,636,Markham Playground,Operational,1484.81229347937,0
R114,R114,Jennifer's Playground,R,2026-07-01,H2,2026-06-12,2026-06-12,19,8,8,A,0,1,0,0,0,0.0384615384615385,0,0,2.99573227355399,2.19722457733622,0.0492882754763262,0,679,,,,,,,,
R106-01,R106,Bloomingdale Playground,R,2026-07-01,H2,2026-06-16,2026-06-16,15,8,8,A,0,0,0,0,0,0.0384615384615385,0,0,2.77258872223978,2.19722457733622,0.0479390737543103,0,680,,,,,,,,
R031-ZN02,R031,Wolfe's Pond Park Zone 2,R,2026-07-01,H2,2026-06-18,2026-06-18,13,9,2,A,0,0,0,0,0,0.0714285714285714,0.777777777777778,0,2.63905732961526,2.30258509299405,0.0471485470241489,0,681,,,,,,,,
R153-ZN01,R153,Fairview Park Zone 1,R,2026-07-01,H2,2026-06-18,2026-06-18,13,8,8,A,0,0,0,0,0,0.115384615384615,0,0,2.63905732961526,2.19722457733622,0.0471485470241489,0,682,-74.23262,40.53164,2,,,,,
