"approx_date_closed","approx_date_reopened","bin","borough","editdate","gispropnum","omppropid","parkdistrict","status","system","closuretype","doittid","polygon.type","polygon.coordinates"
"2020-06-01T17:43:35.000","2020-06-21T00:00:00.000","2118252","X","2020-08-12T21:58:09.000","X108","X108","X-06","Reopened","X108-BLG0832",,,"Polygon","[[[-73.8874,40.8507],[-73.8875,40.8506],[-73.8875,40.8506],[-73.8875,40.8507],[-73.8874,40.8507]]]"
"2020-06-01T16:54:29.000",,"3144249","B","2020-08-12T21:58:09.000","B066","B066","B-10","COVID-19 Closure","B066-BLG1112","Completely Locked",,"Polygon","[[[-74.032,40.6393],[-74.032,40.6393],[-74.032,40.6393],[-74.0319,40.6393],[-74.0319,40.6392],[-74.032,40.6393],[-74.032,40.6393],[-74.032,40.6393],[-74.032,40.6393],[-74.0321,40.6393],[-74.0321,40.6393],[-74.032,40.6393],[-74.032,40.6393]]]"
"2020-05-14T13:12:45.000","2020-06-22T00:00:00.000","3347243","B","2020-08-12T21:58:09.000","B073","B073-20","B-19","Reopened","B073-ZN04-BLG1244",,,"Polygon","[[[-73.9766,40.6636],[-73.9765,40.6635],[-73.9765,40.6635],[-73.9765,40.6635],[-73.9765,40.6635],[-73.9765,40.6635],[-73.9765,40.6635],[-73.9765,40.6636],[-73.9764,40.6635],[-73.9764,40.6635],[-73.9764,40.6635],[-73.9764,40.6635],[-73.9764,40.6635],[-73.9764,40.6635],[-73.9764,40.6635],[-73.9764,40.6635],[-73.9765,40.6634],[-73.9765,40.6635],[-73.9765,40.6634],[-73.9766,40.6634],[-73.9766,40.6634],[-73.9766,40.6634],[-73.9766,40.6634],[-73.9766,40.6634],[-73.9766,40.6634],[-73.9766,40.6634],[-73.9766,40.6634],[-73.9766,40.6634],[-73.9766,40.6634],[-73.9766,40.6634],[-73.9766,40.6634],[-73.9766,40.6634],[-73.9766,40.6634],[-73.9766,40.6634],[-73.9766,40.6634],[-73.9767,40.6634],[-73.9767,40.6634],[-73.9767,40.6633],[-73.9767,40.6633],[-73.9767,40.6633],[-73.9766,40.6633],[-73.9767,40.6633],[-73.9766,40.6632],[-73.9767,40.6632],[-73.9767,40.6632],[-73.9767,40.6632],[-73.9767,40.6632],[-73.9767,40.6632],[-73.9767,40.6632],[-73.9767,40.6632],[-73.9768,40.6632],[-73.9768,40.6632],[-73.9768,40.6632],[-73.9768,40.6632],[-73.9768,40.6632],[-73.9768,40.6632],[-73.9768,40.6632],[-73.9768,40.6632],[-73.9769,40.6633],[-73.9768,40.6634],[-73.9768,40.6634],[-73.9767,40.6635],[-73.9767,40.6635],[-73.9766,40.6636]]]"
"2020-05-12T14:42:56.000",,,"M","2020-08-12T21:58:09.000","M065","M065","M-03","UnderConstruction","M065-BLG0001","Completely Locked",,"Polygon","[[[-73.9816,40.7159],[-73.9816,40.716],[-73.9815,40.716],[-73.9816,40.7159],[-73.9816,40.7159]]]"
"2020-05-12T14:42:55.000","2020-06-23T00:00:00.000",,"B","2020-08-12T21:58:09.000","B395","B395","B-04","Reopened","B395-BLG0001",,,"Polygon","[[[-73.9335,40.7022],[-73.9334,40.7021],[-73.9335,40.7021],[-73.9336,40.7021],[-73.9335,40.7022]]]"
"2020-05-29T14:03:07.000","2020-06-22T00:00:00.000","3347138","B","2020-08-12T21:58:09.000","B251","B251-ZN02","B-15","Reopened","B251-ZN02-BLG1172","Completely Locked","667519","Polygon","[[[-73.9436,40.5769],[-73.9436,40.5769],[-73.9437,40.5769],[-73.9436,40.5769],[-73.9436,40.5769],[-73.9438,40.5769],[-73.9438,40.5769],[-73.944,40.5769],[-73.944,40.5769],[-73.9442,40.5769],[-73.9441,40.5768],[-73.9444,40.5768],[-73.9444,40.5768],[-73.9445,40.5768],[-73.9445,40.5768],[-73.9446,40.5768],[-73.9446,40.5768],[-73.9446,40.5769],[-73.9446,40.5769],[-73.9446,40.5771],[-73.9442,40.5771],[-73.9442,40.5771],[-73.9441,40.5771],[-73.944,40.5771],[-73.9437,40.5772],[-73.9436,40.5772],[-73.9436,40.577],[-73.9436,40.577],[-73.9436,40.5769],[-73.9436,40.5769]],[[-73.9437,40.5771],[-73.944,40.5771],[-73.944,40.5771],[-73.9442,40.577],[-73.9442,40.5771],[-73.9446,40.5771],[-73.9446,40.577],[-73.9442,40.5771],[-73.9442,40.5771],[-73.9446,40.577],[-73.9446,40.577],[-73.9442,40.577],[-73.9442,40.577],[-73.9446,40.577],[-73.9446,40.577],[-73.9442,40.577],[-73.9442,40.577],[-73.9446,40.5769],[-73.9446,40.5769],[-73.9442,40.577],[-73.9442,40.5769],[-73.9445,40.5769],[-73.9445,40.5769],[-73.9442,40.5769],[-73.9442,40.577],[-73.944,40.577],[-73.944,40.5769],[-73.9439,40.5769],[-73.9437,40.577],[-73.9437,40.577],[-73.9437,40.577],[-73.9438,40.5771],[-73.9438,40.5771],[-73.9438,40.5771],[-73.9437,40.5771],[-73.9437,40.5771],[-73.9437,40.5771]]]"
,,,"B","2020-08-12T21:58:08.000","B245","B245","B-08","Active","B245-BLG1090",,,"Polygon","[[[-73.9354,40.6737],[-73.9354,40.6737],[-73.9353,40.6738],[-73.9353,40.6738],[-73.9353,40.6737],[-73.9354,40.6737]]]"
,,,"B","2020-08-12T21:58:08.000","B169","B169-ZN06B","B-13","Active","B169-BLG6348",,,"Polygon","[[[-73.9886,40.5724],[-73.9885,40.5724],[-73.9884,40.5724],[-73.9886,40.5723],[-73.9886,40.5724]]]"
"2020-05-12T14:42:50.000","2020-06-21T00:00:00.000",,"M","2020-08-12T21:58:08.000","M010","M010-195","M-13","Reopened","M010-195-BLG0750","Completely Locked",,"Polygon","[[[-73.9546,40.7904],[-73.9545,40.7904],[-73.9546,40.7904],[-73.9546,40.7904],[-73.9546,40.7904]]]"
"2020-05-12T14:42:48.000","2020-06-22T00:00:00.000",,"B","2020-08-12T21:58:08.000","B311","B311","B-01","Reopened","B311-BLG0001","Completely Locked",,"Polygon","[[[-73.939,40.7091],[-73.9389,40.7091],[-73.9389,40.709],[-73.9389,40.709],[-73.939,40.7091]]]"
"2020-05-12T14:42:47.000","2020-06-21T00:00:00.000","3424960","B","2020-08-12T21:58:08.000","B096","B096","B-01","Reopened","B096-BLG0001","Completely Locked","1288972","Polygon","[[[-73.9369,40.7236],[-73.9369,40.7235],[-73.9369,40.7235],[-73.9369,40.7235],[-73.937,40.7235],[-73.937,40.7235],[-73.937,40.7235],[-73.937,40.7236],[-73.9369,40.7236]]]"
,,"2123826","X","2020-08-12T21:58:08.000","X126","X126","X-10","Active","X126-BLG4105",,"1288652","Polygon","[[[-73.8386,40.8121],[-73.8385,40.8119],[-73.8385,40.8119],[-73.8387,40.8121],[-73.8386,40.8121]]]"
"2020-05-12T14:42:45.000","2020-06-21T00:00:00.000","2129354","X","2020-08-12T21:58:08.000","X353",,"X-03","Reopened","X353-BLG0002",,"1287815","Polygon","[[[-73.914,40.8229],[-73.914,40.8229],[-73.9138,40.8229],[-73.9139,40.8228],[-73.914,40.8229]]]"
,,,"X","2020-08-12T21:58:08.000","X001A",,"X-05","Active","X001A-BLG0001",,,"Polygon","[[[-73.9081,40.8584],[-73.908,40.8585],[-73.9079,40.8584],[-73.908,40.8584],[-73.9081,40.8584]]]"
"2020-05-12T14:42:43.000",,,"X","2020-08-12T21:58:08.000","X029",,"X-02","UnderConstruction","X029-BLG0001",,,"Polygon","[[[-73.8884,40.8227],[-73.8883,40.8227],[-73.8883,40.8226],[-73.8884,40.8226],[-73.8884,40.8226],[-73.8884,40.8227]]]"
"2020-05-12T14:42:42.000","2020-06-21T00:00:00.000",,"X","2020-08-12T21:58:07.000","X238",,"X-01","Reopened","X238-BLG0001",,,"Polygon","[[[-73.9194,40.8089],[-73.9193,40.809],[-73.9192,40.8089],[-73.9193,40.8089],[-73.9194,40.8089]]]"
"2020-05-28T16:55:11.000","2020-06-23T00:00:00.000",,"B","2020-08-12T21:58:07.000","B052","B052","B-10","Reopened","B052-BLG0001","Completely Locked",,"Polygon","[[[-74.0129,40.6315],[-74.0128,40.6314],[-74.0129,40.6313],[-74.013,40.6314],[-74.0129,40.6315]]]"
,,"4610457","Q","2020-08-12T21:58:07.000","Q300","Q300-ZN03","Q-07","Active","Q300-ZN03-BLG0457",,"1267244","Polygon","[[[-73.8172,40.745],[-73.8172,40.745],[-73.8173,40.745],[-73.8173,40.7451],[-73.8172,40.745]]]"
,"2020-06-21T16:56:33.000","4000000","Q","2020-08-12T21:58:07.000","Q050","Q050-ZN08A","Q-14","Reopened","Q050-BLG-092",,,"Polygon","[[[-73.8352,40.578],[-73.8351,40.5779],[-73.8351,40.5779],[-73.8352,40.5779],[-73.8352,40.5779],[-73.8352,40.5778],[-73.8352,40.5778],[-73.8353,40.578],[-73.8353,40.578],[-73.8353,40.578],[-73.8353,40.578],[-73.8353,40.5779],[-73.8352,40.578],[-73.8352,40.578],[-73.8352,40.578],[-73.8352,40.578],[-73.8352,40.578]]]"
,"2020-06-21T16:56:33.000","4301742","Q","2020-08-12T21:58:07.000","Q162H","Q162H","Q-14","Reopened","Q162H-BLG01",,"1260097","Polygon","[[[-73.7625,40.5923],[-73.7626,40.5923],[-73.7627,40.5923],[-73.7627,40.5923],[-73.7627,40.5924],[-73.7627,40.5924],[-73.7627,40.5925],[-73.7628,40.5926],[-73.7628,40.5926],[-73.7627,40.5926],[-73.7627,40.5926],[-73.7626,40.5925],[-73.7626,40.5925],[-73.7626,40.5924],[-73.7626,40.5924],[-73.7625,40.5923]]]"
"2020-05-12T14:42:36.000","2020-06-21T16:56:33.000","4615795","Q","2020-08-12T21:58:07.000","Q407","Q407","Q-14","Reopened","Q407-BLG-01","Completely Locked","1264570","Polygon","[[[-73.7442,40.5992],[-73.7443,40.5992],[-73.7443,40.5993],[-73.7442,40.5993],[-73.7442,40.5992]]]"
,,"3424020","B","2020-08-12T21:58:07.000","B169","B169-ZN07C","B-13","Active","B169-ZN07C-BLG1147",,"1264308","Polygon","[[[-73.9987,40.5718],[-73.9987,40.5717],[-73.9989,40.5718],[-73.9989,40.5718],[-73.9987,40.5718]]]"
,,"3000000","B","2020-08-12T21:58:07.000","B169","B169-ZN03A","B-13","Active","B169-ZN03A-BLG2859",,,"Polygon","[[[-73.9654,40.5747],[-73.9654,40.5747],[-73.9653,40.5746],[-73.9654,40.5746],[-73.9654,40.5746],[-73.9654,40.5746],[-73.9654,40.5746],[-73.9655,40.5746],[-73.9655,40.5746],[-73.9655,40.5747],[-73.9654,40.5747],[-73.9654,40.5746],[-73.9654,40.5746],[-73.9654,40.5746],[-73.9654,40.5746],[-73.9654,40.5747]]]"
"2020-05-12T14:42:29.000","2020-06-21T00:00:00.000",,"M","2020-08-12T21:58:06.000","M386","M386","M-01","Reopened","M386-BLG9990","Completely Locked",,"Polygon","[[[-74.004,40.7063],[-74.004,40.7063],[-74.004,40.7063],[-74.004,40.7062],[-74.004,40.7062],[-74.004,40.7062],[-74.004,40.7062],[-74.004,40.7062],[-74.004,40.7062],[-74.004,40.7062],[-74.004,40.7062],[-74.004,40.7062],[-74.004,40.7062],[-74.004,40.7062],[-74.004,40.7062],[-74.004,40.7062],[-74.004,40.7062],[-74.004,40.7062],[-74.004,40.7062],[-74.004,40.7062],[-74.004,40.7062],[-74.004,40.7062],[-74.004,40.7062],[-74.004,40.7062],[-74.0041,40.7062],[-74.0041,40.7062],[-74.0041,40.7062],[-74.0041,40.7062],[-74.0041,40.7062],[-74.0041,40.7062],[-74.0041,40.7062],[-74.0041,40.7062],[-74.004,40.7062],[-74.004,40.7062],[-74.004,40.7063]]]"
,,,"M","2020-08-12T21:58:07.000","M008","M008","M-05","Active","M008-BLG10386",,,"Polygon","[[[-73.9827,40.754],[-73.9827,40.7541],[-73.9826,40.754],[-73.9826,40.754],[-73.9827,40.754]]]"
,,"1087583","M","2020-08-12T21:58:06.000","M391","M391-ZN01","M-01","Active","M391-ZN01-BLG9991",,"1264532","Polygon","[[[-74.0034,40.7048],[-74.0029,40.7044],[-74.0031,40.7043],[-74.0033,40.7045],[-74.0032,40.7046],[-74.0035,40.7048],[-74.0036,40.7047],[-74.0038,40.7049],[-74.0038,40.7049],[-74.0039,40.7051],[-74.0038,40.7052],[-74.0034,40.7048]]]"
"2020-05-12T14:42:28.000","2020-06-21T00:00:00.000","1090517","M","2020-08-12T21:58:06.000","M308","M308","M-01","Reopened","M308-BLG9989","Completely Locked","1283804","Polygon","[[[-74.0116,40.7175],[-74.0115,40.7175],[-74.0115,40.7175],[-74.0114,40.7175],[-74.0115,40.7175],[-74.0115,40.7175],[-74.0115,40.7175],[-74.0115,40.7174],[-74.0116,40.7175]]]"
"2020-05-12T14:42:27.000",,"1054276","M","2020-08-12T21:58:06.000","M204","M204","M-11","COVID-19 Closure","M204-BLG9988","Completely Locked","641683","Polygon","[[[-73.9394,40.81],[-73.9389,40.8098],[-73.9387,40.8097],[-73.9388,40.8096],[-73.9387,40.8096],[-73.9388,40.8095],[-73.9388,40.8095],[-73.9388,40.8095],[-73.939,40.8093],[-73.9392,40.8094],[-73.9391,40.8095],[-73.9391,40.8095],[-73.9391,40.8095],[-73.9391,40.8095],[-73.939,40.8096],[-73.9394,40.8097],[-73.9394,40.8097],[-73.9394,40.8097],[-73.9394,40.8096],[-73.9394,40.8096],[-73.9395,40.8096],[-73.9395,40.8096],[-73.9395,40.8096],[-73.9395,40.8095],[-73.9395,40.8095],[-73.9397,40.8096],[-73.9395,40.8099],[-73.9395,40.8099],[-73.9395,40.8099],[-73.9395,40.8099],[-73.9394,40.81]]]"
"2020-05-12T14:42:26.000","2020-06-21T00:00:00.000","1089484","M","2020-08-12T21:58:06.000","M089","M089-01","M-05","Reopened","M089-01-BLG9987","Completely Locked","1214744","Polygon","[[[-73.9896,40.7363],[-73.9895,40.7363],[-73.9896,40.7363],[-73.9896,40.7363],[-73.9896,40.7363],[-73.9896,40.7363],[-73.9896,40.7363],[-73.9897,40.7363],[-73.9896,40.7363],[-73.9896,40.7363],[-73.9896,40.7363]]]"
,,,"M","2020-08-12T21:58:06.000","M010","M010-ZN20","M-13","Active","M010-ZN20-BLG9986",,,"Polygon","[[[-73.9712,40.7736],[-73.9712,40.7734],[-73.9714,40.7735],[-73.9714,40.7735],[-73.9713,40.7736],[-73.9712,40.7736],[-73.9712,40.7736],[-73.9712,40.7736],[-73.9712,40.7736],[-73.9712,40.7736],[-73.9712,40.7736]],[[-73.9711,40.7736],[-73.9711,40.7736],[-73.9711,40.7736],[-73.971,40.7736],[-73.971,40.7736],[-73.9709,40.7736],[-73.971,40.7735],[-73.971,40.7734],[-73.9711,40.7734],[-73.9711,40.7734],[-73.9711,40.7735],[-73.9711,40.7736]]]"
,,,"B","2020-08-12T21:58:05.000","B169","B169-ZN04B","B-13","Active","B169-ZN04B-BLG9587",,,"Polygon","[[[-73.9759,40.5735],[-73.9758,40.5735],[-73.9758,40.5733],[-73.9759,40.5733],[-73.9759,40.5734],[-73.9759,40.5734],[-73.9759,40.5733],[-73.976,40.5733],[-73.976,40.5735],[-73.9759,40.5735],[-73.9759,40.5734],[-73.9759,40.5734],[-73.9759,40.5735]]]"
,,,"B","2020-08-12T21:58:05.000","B169","B169-ZN04A","B-13","Active","B169-ZN04A-BLG9586",,,"Polygon","[[[-73.9716,40.5739],[-73.9716,40.5739],[-73.9716,40.5739],[-73.9716,40.5738],[-73.9717,40.574],[-73.9716,40.574],[-73.9716,40.5739],[-73.9716,40.5739],[-73.9716,40.574],[-73.9715,40.574],[-73.9715,40.5739],[-73.9715,40.5739],[-73.9716,40.5739]]]"
"2020-05-12T14:42:22.000","2020-06-21T00:00:00.000","2114815","X","2020-08-12T21:58:05.000","X232","X232","X-11","Reopened","X232-BLG9192","Completely Locked","1117734","Polygon","[[[-73.8366,40.863],[-73.8366,40.8629],[-73.8367,40.8629],[-73.8366,40.863],[-73.8366,40.863]]]"
"2020-05-12T14:42:21.000","2020-06-21T00:00:00.000","2128993","X","2020-08-12T21:58:05.000","X204","X204","X-09","Reopened","X204-BLG9190","Completely Locked","1283800","Polygon","[[[-73.8632,40.823],[-73.8631,40.8231],[-73.8631,40.823],[-73.8631,40.823],[-73.8631,40.823],[-73.8631,40.823],[-73.8631,40.823],[-73.863,40.823],[-73.8631,40.8229],[-73.8631,40.8229],[-73.8631,40.8229],[-73.8631,40.8229],[-73.8632,40.8229],[-73.8632,40.8229],[-73.8631,40.8229],[-73.8631,40.823],[-73.8631,40.823],[-73.8631,40.823],[-73.8632,40.823],[-73.8632,40.823],[-73.8632,40.823],[-73.8632,40.823]]]"
,,"2127309","X","2020-08-12T21:58:04.000","X092","X092-26","X-13","Active","X092-26-BLG9186",,"1216673","Polygon","[[[-73.8815,40.8837],[-73.8817,40.8836],[-73.8817,40.8837],[-73.8815,40.8837],[-73.8815,40.8837]]]"
,,"2128992","X","2020-08-12T21:58:04.000","X126","X126-ZN04","X-10","Active","X126-BLG8784",,"1283799","Polygon","[[[-73.8263,40.8202],[-73.8262,40.8202],[-73.8262,40.8202],[-73.8262,40.8201],[-73.8263,40.8201],[-73.8263,40.8202],[-73.8263,40.8202],[-73.8264,40.8202],[-73.8263,40.8202]]]"
"2020-05-12T14:42:17.000","2020-06-22T00:00:00.000","3422275","B","2020-08-12T21:58:04.000","B232","B232","B-08","Reopened","B232-BLG8783","Completely Locked","1263763","Polygon","[[[-73.9728,40.6806],[-73.9727,40.6806],[-73.9728,40.6805],[-73.9728,40.6805],[-73.9728,40.6806]]]"
"2020-06-02T12:25:18.000",,"3425829","B","2020-08-12T21:58:04.000","B125","B125-ZN02","B-13","UnderConstruction","B125-BLG8782","Officially Closed - Not Covid","1283798","Polygon","[[[-73.9924,40.5851],[-73.9924,40.5852],[-73.9923,40.5852],[-73.9923,40.5852],[-73.9924,40.5851]]]"
"2020-05-12T14:42:16.000","2020-06-23T00:00:00.000","3414987","B","2020-08-12T21:58:04.000","B380","B380","B-05","Reopened","B380-BLG0001","Completely Locked","1186260","Polygon","[[[-73.865,40.6744],[-73.865,40.6744],[-73.865,40.6744],[-73.8651,40.6744],[-73.8651,40.6743],[-73.8651,40.6743],[-73.8652,40.6744],[-73.8651,40.6745],[-73.865,40.6744]]]"
"2020-05-12T14:42:15.000","2020-06-22T00:00:00.000","3415623","B","2020-08-12T21:58:04.000","B148","B148","B-09","Reopened","B148-BLG8780","Completely Locked","1188293","Polygon","[[[-73.9475,40.6557],[-73.9475,40.6557],[-73.9475,40.6557],[-73.9475,40.6557],[-73.9475,40.6557],[-73.9475,40.6557],[-73.9475,40.6557]]]"
"2020-05-12T14:42:14.000","2020-06-22T00:00:00.000","3423330","B","2020-08-12T21:58:04.000","B057","B057-06","B-18","Reopened","B057-BLG8779",,"1267699","Polygon","[[[-73.9209,40.5896],[-73.921,40.5896],[-73.921,40.5896],[-73.921,40.5897],[-73.9209,40.5896]]]"
"2020-05-12T14:42:13.000","2020-06-21T00:00:00.000","3422314","B","2020-08-12T21:58:04.000","B043","B043","B-01","Reopened","B043-BLG0001","Completely Locked","1271904","Polygon","[[[-73.9592,40.7356],[-73.9594,40.7356],[-73.9594,40.7357],[-73.9592,40.7357],[-73.9592,40.7356]]]"
,,"3424029","B","2020-08-12T21:58:03.000","B068","B073-ZN28","B-14","Active","B073-ZN28-BLG4029",,"1271361","Polygon","[[[-73.9681,40.6508],[-73.9682,40.6508],[-73.9683,40.6508],[-73.9681,40.6508],[-73.9681,40.6508]]]"
,,"3425827","B","2020-08-12T21:58:03.000","BT15","BT15","B-07","Active","BT15-BLG0001",,"1283796","Polygon","[[[-74.0192,40.6534],[-74.0191,40.6533],[-74.0192,40.6533],[-74.0193,40.6534],[-74.0192,40.6534]]]"
,,"1088267","M","2020-08-12T21:58:03.000","M104","M104-ZN02","M-11R","Active","M104-ZN01-BLG15891",,"1119388","Polygon","[[[-73.9189,40.7955],[-73.9189,40.7955],[-73.9189,40.7955],[-73.919,40.7955],[-73.9189,40.7956],[-73.9189,40.7956],[-73.9189,40.7956],[-73.9189,40.7955],[-73.9189,40.7955]]]"
,,"1088266","M","2020-08-12T21:58:03.000","M104","M104-ZN01","M-11R","Active","M104-ZN02-BLG16211",,"1119140","Polygon","[[[-73.9239,40.8005],[-73.9239,40.8005],[-73.9239,40.8005],[-73.924,40.8005],[-73.924,40.8006],[-73.9239,40.8006],[-73.9239,40.8006],[-73.9239,40.8005],[-73.9239,40.8005]]]"
,,"1090515","M","2020-08-12T21:58:03.000","M399","M399","M-04","Active","M399-BLG0001",,"1283795","Polygon","[[[-73.9998,40.7563],[-73.9998,40.7563],[-73.9998,40.7563],[-73.9998,40.7563],[-73.9998,40.7563],[-73.9998,40.7563],[-73.9998,40.7564],[-73.9998,40.7564],[-73.9998,40.7564],[-73.9998,40.7564],[-73.9997,40.7564],[-73.9997,40.7564],[-73.9997,40.7563],[-73.9997,40.7563],[-73.9997,40.7563],[-73.9997,40.7563],[-73.9997,40.7563],[-73.9997,40.7563],[-73.9997,40.7563],[-73.9997,40.7563],[-73.9997,40.7563],[-73.9997,40.7563],[-73.9997,40.7563],[-73.9998,40.7563],[-73.9998,40.7563]]]"
,,"4542932","Q","2020-08-12T21:58:03.000","Q471","Q471","Q-02","Active","Q471-BLG0001",,"1268580","Polygon","[[[-73.9604,40.742],[-73.9604,40.742],[-73.9604,40.742],[-73.9604,40.742],[-73.9604,40.7419],[-73.9604,40.7419],[-73.9605,40.7419],[-73.9605,40.7419],[-73.9605,40.7419],[-73.9605,40.7419],[-73.9605,40.7419],[-73.9605,40.7419],[-73.9606,40.7419],[-73.9606,40.7419],[-73.9606,40.7419],[-73.9606,40.7419],[-73.9606,40.7419],[-73.9606,40.7419],[-73.9606,40.7419],[-73.9607,40.7419],[-73.9607,40.7419],[-73.9607,40.7419],[-73.9607,40.7419],[-73.9607,40.7419],[-73.9607,40.7419],[-73.9608,40.7419],[-73.9608,40.7419],[-73.9608,40.7419],[-73.9608,40.7419],[-73.9608,40.7419],[-73.9609,40.7419],[-73.9609,40.7419],[-73.9609,40.7419],[-73.961,40.7419],[-73.961,40.7419],[-73.961,40.7419],[-73.961,40.7419],[-73.961,40.7419],[-73.9611,40.7419],[-73.9612,40.7419],[-73.9612,40.742],[-73.9612,40.742],[-73.9613,40.7421],[-73.9612,40.7421],[-73.9612,40.7421],[-73.9612,40.7421],[-73.9611,40.7421],[-73.9611,40.742],[-73.9611,40.742],[-73.961,40.742],[-73.961,40.742],[-73.961,40.742],[-73.961,40.742],[-73.961,40.742],[-73.9609,40.742],[-73.9609,40.742],[-73.9609,40.742],[-73.9608,40.742],[-73.9608,40.742],[-73.9608,40.742],[-73.9608,40.742],[-73.9607,40.742],[-73.9607,40.742],[-73.9607,40.742],[-73.9607,40.742],[-73.9607,40.742],[-73.9607,40.742],[-73.9606,40.742],[-73.9606,40.742],[-73.9606,40.742],[-73.9606,40.742],[-73.9606,40.742],[-73.9606,40.742],[-73.9605,40.742],[-73.9605,40.742],[-73.9605,40.742],[-73.9605,40.742],[-73.9605,40.742],[-73.9605,40.742],[-73.9605,40.742],[-73.9604,40.742],[-73.9604,40.742],[-73.9604,40.7421],[-73.9604,40.7421],[-73.9603,40.7421],[-73.9603,40.7421],[-73.9603,40.7421],[-73.9603,40.7421],[-73.9603,40.7421],[-73.9603,40.7421],[-73.9603,40.7421],[-73.9604,40.742],[-73.9604,40.742],[-73.9604,40.742],[-73.9604,40.742],[-73.9604,40.742],[-73.9604,40.742],[-73.9604,40.742]]]"
"2020-05-12T14:42:05.000","2020-06-22T00:00:00.000","4616193","Q","2020-08-12T21:58:03.000","Q226","Q226-01","Q-01","Reopened","Q226-01-BLG0445","Completely Locked","1269943","Polygon","[[[-73.9346,40.7716],[-73.9346,40.7716],[-73.9347,40.7716],[-73.9347,40.7717],[-73.9346,40.7716]]]"
,,"1089494","M","2020-08-12T21:58:02.000","M010","M010-ZN26","M-13","Active","M010-ZN26-BLG0723",,"1214800","Polygon","[[[-73.9615,40.781],[-73.9616,40.7809],[-73.9617,40.781],[-73.9616,40.781],[-73.9615,40.781]]]"
,,"1083817","M","2020-08-12T21:58:02.000","M010","M010-ZN24&25","M-13","Active","M010-ZN24+25-BLG0692",,"215033","Polygon","[[[-73.9691,40.78],[-73.969,40.78],[-73.969,40.78],[-73.969,40.7799],[-73.969,40.78],[-73.9691,40.78],[-73.9691,40.7799],[-73.9691,40.78],[-73.9691,40.78],[-73.9692,40.78],[-73.9692,40.78],[-73.9692,40.7801],[-73.9692,40.7801],[-73.9691,40.78]]]"
,,"2118309","X","2020-08-12T21:58:02.000","X040","X040","X-07","Active","X040-BLG0854",,"1115264","Polygon","[[[-73.8945,40.8651],[-73.8947,40.865],[-73.8947,40.8649],[-73.8948,40.8649],[-73.8948,40.8649],[-73.8948,40.8649],[-73.8948,40.8649],[-73.8948,40.865],[-73.8947,40.8651],[-73.8946,40.8651],[-73.8946,40.8651],[-73.8946,40.8652],[-73.8945,40.8651]]]"
,,"1046409","M","2020-08-12T21:58:02.000","M045","M045","M-08","Active","M045-BLG1608",,"401212","Polygon","[[[-73.949,40.7692],[-73.949,40.7692],[-73.949,40.7692],[-73.949,40.7692],[-73.949,40.7692],[-73.949,40.7692],[-73.9489,40.7692],[-73.9489,40.7692],[-73.9489,40.7692],[-73.9489,40.7692],[-73.9489,40.7692],[-73.9489,40.7692],[-73.9489,40.7692],[-73.949,40.7691],[-73.949,40.7691],[-73.9491,40.769],[-73.9491,40.769],[-73.9491,40.769],[-73.9491,40.769],[-73.9491,40.769],[-73.9491,40.769],[-73.9491,40.769],[-73.9491,40.769],[-73.9491,40.769],[-73.9491,40.769],[-73.9491,40.769],[-73.9491,40.769],[-73.9492,40.769],[-73.9492,40.769],[-73.9492,40.769],[-73.9492,40.769],[-73.9492,40.769],[-73.9491,40.7692],[-73.9491,40.7692],[-73.949,40.7692]]]"
,,"1079268","M","2020-08-12T21:58:02.000","M015","M015","M-01","Active","M015-BLG1541",,"292609","Polygon","[[[-73.9997,40.7158],[-73.9997,40.7158],[-73.9997,40.7158],[-73.9997,40.7158],[-74,40.7159],[-74,40.716],[-74,40.716],[-74,40.716],[-73.9997,40.7159],[-73.9996,40.7159],[-73.9997,40.7158]]]"
,,"1064328","M","2020-08-12T21:58:02.000","M028","M028-ZN04","M-12","Active","M028-BLG1449",,"681539","Polygon","[[[-73.9313,40.8686],[-73.9311,40.8685],[-73.9312,40.8683],[-73.9314,40.8684],[-73.9314,40.8684],[-73.9313,40.8686],[-73.9313,40.8686],[-73.9313,40.8686],[-73.9313,40.8686]]]"
,,"3347246","B","2020-08-12T21:58:02.000","B073","B073-ZN14","B-19","Active","B073-ZN14-BLG1239",,"234993","Polygon","[[[-73.9716,40.6657],[-73.9716,40.6657],[-73.9716,40.6657],[-73.9716,40.6657],[-73.9715,40.6657],[-73.9715,40.6657],[-73.9715,40.6656],[-73.9714,40.6656],[-73.9714,40.6656],[-73.9714,40.6656],[-73.9714,40.6656],[-73.9714,40.6655],[-73.9715,40.6655],[-73.9715,40.6655],[-73.9715,40.6654],[-73.9715,40.6654],[-73.9716,40.6654],[-73.9717,40.6655],[-73.9717,40.6655],[-73.9717,40.6655],[-73.9717,40.6656],[-73.9717,40.6656],[-73.9717,40.6656],[-73.9717,40.6656],[-73.9716,40.6657],[-73.9716,40.6657],[-73.9716,40.6657]]]"
"2020-05-12T14:41:56.000","2020-06-22T00:00:00.000","3211312","B","2020-08-12T21:58:02.000","B208","B208","B-15","Reopened","B208-BLG1169","Completely Locked","300546","Polygon","[[[-73.9447,40.6145],[-73.9448,40.6145],[-73.9448,40.6146],[-73.9448,40.6146],[-73.9447,40.6145]]]"
"2020-05-12T14:41:55.000","2020-06-22T00:00:00.000","3189627","B","2020-08-12T21:58:02.000","B268","B268","B-13","Reopened","B268-BLG1160","Completely Locked","1283788","Polygon","[[[-73.996,40.5717],[-73.996,40.5717],[-73.9959,40.5717],[-73.9959,40.5717],[-73.996,40.5717]]]"
"2020-05-12T14:41:54.000","2020-06-22T00:00:00.000","3379537","B","2020-08-12T21:58:01.000","B359","B359","B-03","Reopened","B359-BLG1049",,"947776","Polygon","[[[-73.9358,40.6927],[-73.9358,40.6927],[-73.9358,40.6928],[-73.9358,40.6928],[-73.9358,40.6927]]]"
"2020-05-12T14:41:53.000","2020-06-22T00:00:00.000","3379497","B","2020-08-12T21:58:01.000","B347","B347","B-03","Reopened","B347-BLG1046","Completely Locked","976420","Polygon","[[[-73.9205,40.6804],[-73.9205,40.6804],[-73.9205,40.6805],[-73.9205,40.6805],[-73.9205,40.6804]]]"
"2020-05-12T14:41:52.000","2020-06-22T00:00:00.000","3379640","B","2020-08-12T21:58:01.000","B266","B266","B-03","Reopened","B266-BLG1042","Completely Locked","955911","Polygon","[[[-73.9578,40.6917],[-73.9579,40.6917],[-73.9579,40.6917],[-73.9578,40.6917],[-73.9578,40.6917]]]"
"2020-05-12T14:41:51.000","2020-06-22T00:00:00.000","3051541","B","2020-08-12T21:58:01.000","B216","B216","B-03","Reopened","B216-BLG1041","Completely Locked","70069","Polygon","[[[-73.9393,40.6866],[-73.9394,40.6866],[-73.9394,40.6866],[-73.9393,40.6866],[-73.9393,40.6866]]]"
"2020-05-12T14:41:50.000","2020-06-22T00:00:00.000","3000164","B","2020-08-12T21:58:01.000","B223JB","B223Jb","B-02","Reopened","B223JB-BLG1009","Completely Locked","1157383","Polygon","[[[-73.9854,40.7008],[-73.9854,40.7007],[-73.9854,40.7007],[-73.9855,40.7007],[-73.9855,40.7008],[-73.9854,40.7008],[-73.9854,40.7008]]]"
,,"3000000","B","2020-08-12T21:58:01.000","B058","B058-ZN01","B-01","Active","B058-ZN01-BLG0983",,,"Polygon","[[[-73.9501,40.7207],[-73.9501,40.7208],[-73.95,40.7208],[-73.95,40.7207],[-73.9501,40.7207]]]"
"2020-05-12T14:41:47.000","2020-06-21T00:00:00.000","2014756","X","2020-08-12T21:58:01.000","X013","X013-01","X-05","Reopened","X013-BLG0855",,"557293","Polygon","[[[-73.9048,40.8637],[-73.9049,40.8636],[-73.905,40.8637],[-73.905,40.8637],[-73.9048,40.8637]]]"
,,"2118204","X","2020-08-12T21:58:00.000","X044","X044","X-07","Active","X044-BLG0847",,"705388","Polygon","[[[-73.8984,40.8655],[-73.8985,40.8655],[-73.8984,40.8655],[-73.8985,40.8654],[-73.8985,40.8654],[-73.8986,40.8653],[-73.8987,40.8653],[-73.8986,40.8654],[-73.8986,40.8654],[-73.8985,40.8655],[-73.8985,40.8655],[-73.8985,40.8656],[-73.8984,40.8655]]]"
,"2020-06-23T11:45:22.000","4541927","Q","2020-08-12T21:58:00.000","Q333","Q333","Q-01","Reopened","Q333-BLG0573",,"42353","Polygon","[[[-73.9356,40.7622],[-73.9356,40.7621],[-73.9357,40.7622],[-73.9356,40.7622],[-73.9356,40.7622]]]"
"2020-05-12T14:41:44.000","2020-06-22T00:00:00.000","4518850","Q","2020-08-12T21:58:00.000","Q429","Q429","Q-01","Reopened","Q429-BLG0568","Completely Locked","974983","Polygon","[[[-73.9413,40.7614],[-73.9413,40.7613],[-73.9414,40.7614],[-73.9413,40.7614],[-73.9413,40.7614],[-73.9413,40.7614],[-73.9413,40.7614]]]"
"2020-05-12T14:41:43.000","2020-06-22T00:00:00.000","4544657","Q","2020-08-12T21:58:00.000","Q332","Q332","Q-01","Reopened","Q332-BLG0523","Completely Locked","424014","Polygon","[[[-73.9025,40.7775],[-73.9026,40.7775],[-73.9026,40.7775],[-73.9026,40.7776],[-73.9025,40.7775]]]"
"2020-05-12T14:41:42.000","2020-06-22T00:00:00.000","4000457","Q","2020-08-12T21:58:00.000","Q141","Q141","Q-02","Reopened","Q141-BLG0501",,"1195420","Polygon","[[[-73.949,40.7472],[-73.949,40.7472],[-73.949,40.7472],[-73.949,40.7473],[-73.9489,40.7473],[-73.9489,40.7473],[-73.9489,40.7473],[-73.9489,40.7472],[-73.9489,40.7472],[-73.949,40.7472]]]"
"2020-05-12T14:41:40.000","2020-06-22T00:00:00.000","3337306","B","2020-08-12T21:57:59.000","B235","B235","B-15","Reopened","B235-BLG1180","Completely Locked","603613","Polygon","[[[-73.9395,40.5981],[-73.9396,40.5981],[-73.9396,40.5982],[-73.9395,40.5982],[-73.9395,40.5981]]]"
"2020-05-12T14:41:39.000","2020-06-22T00:00:00.000","3386003","B","2020-08-12T21:57:59.000","B306","B306","B-15","Reopened","B306-BLG1178","Completely Locked","967116","Polygon","[[[-73.9384,40.5906],[-73.9385,40.5906],[-73.9385,40.5906],[-73.9385,40.5906],[-73.9384,40.5906],[-73.9384,40.5906]]]"
"2020-05-12T14:41:38.000","2020-06-22T00:00:00.000","3199505","B","2020-08-12T21:57:59.000","B197","B197","B-15","Reopened","B197-BLG1177","Completely Locked","214316","Polygon","[[[-73.9573,40.597],[-73.9574,40.597],[-73.9575,40.5971],[-73.9573,40.5971],[-73.9573,40.597]]]"
"2020-05-12T14:41:37.000","2020-06-23T00:00:00.000","3425822","B","2020-08-12T21:57:59.000","B251","B251-04","B-15","Reopened","B251-04-BLG1175","Completely Locked","1283785","Polygon","[[[-73.9462,40.577],[-73.9462,40.577],[-73.9462,40.5771],[-73.9461,40.577],[-73.9462,40.577]]]"
"2020-05-12T14:41:36.000","2020-06-22T00:00:00.000","3191446","B","2020-08-12T21:57:59.000","B244","B244","B-15","Reopened","B244-BLG1171","Completely Locked","759906","Polygon","[[[-73.9721,40.6011],[-73.9722,40.6011],[-73.9722,40.6012],[-73.9721,40.6012],[-73.9721,40.6011]]]"
"2020-05-12T14:41:35.000","2020-06-22T00:00:00.000","3200015","B","2020-08-12T21:57:59.000","B209","B209","B-15","Reopened","B209-BLG1170","Completely Locked","103561","Polygon","[[[-73.9468,40.5979],[-73.9468,40.5979],[-73.9468,40.5979],[-73.9468,40.5979],[-73.9467,40.5979],[-73.9467,40.5979],[-73.9468,40.5979]]]"
"2020-05-12T14:41:34.000","2020-06-22T00:00:00.000","3405456","B","2020-08-12T21:57:59.000","B316","B316","B-14","Reopened","B316-BLG1167","Completely Locked","461908","Polygon","[[[-73.9772,40.6327],[-73.9773,40.6327],[-73.9773,40.6328],[-73.9772,40.6328],[-73.9772,40.6327]]]"
"2020-05-12T14:41:33.000","2020-06-22T00:00:00.000","3011820","B","2020-08-12T21:57:58.000","B210J","B210J","B-07","Reopened","B210J-BLG1088","Completely Locked","802427","Polygon","[[[-74.0121,40.6494],[-74.0121,40.6493],[-74.0122,40.6494],[-74.0121,40.6494],[-74.0121,40.6494]]]"
"2020-05-12T14:41:32.000","2020-06-22T00:00:00.000","3413897","B","2020-08-12T21:57:58.000","B130","B130","B-07","Reopened","B130-BLG1087","Completely Locked","1240532","Polygon","[[[-73.9765,40.6504],[-73.9766,40.6504],[-73.9766,40.6505],[-73.9766,40.6505],[-73.9765,40.6504]]]"
"2020-05-12T14:41:31.000","2020-06-22T00:00:00.000","3250724","B","2020-08-12T21:57:58.000","B288","B288","B-07","Reopened","B288-BLG1083","Completely Locked","1119142","Polygon","[[[-73.9893,40.6613],[-73.9893,40.6612],[-73.9894,40.6613],[-73.9893,40.6613],[-73.9893,40.6613]]]"
"2020-05-12T14:41:30.000","2020-06-21T00:00:00.000","2126533","X","2020-08-12T21:57:58.000","X170","X170","X-10","Reopened","X170-BLG0903","Completely Locked","1192446","Polygon","[[[-73.8457,40.8388],[-73.8457,40.8388],[-73.8457,40.8387],[-73.8458,40.8388],[-73.8457,40.8388]]]"
,,"2085868","X","2020-08-12T21:57:58.000","X201","X201","X-08","Active","X201-BLG0872",,"1283783","Polygon","[[[-73.9171,40.8862],[-73.9171,40.8862],[-73.917,40.8862],[-73.917,40.8861],[-73.9171,40.8861],[-73.9171,40.8861],[-73.9171,40.8861],[-73.9171,40.8861],[-73.9171,40.8861],[-73.9171,40.8861],[-73.9171,40.8861],[-73.9171,40.8861],[-73.9171,40.8861],[-73.9171,40.8861],[-73.9171,40.8861],[-73.9171,40.8861],[-73.9171,40.8861],[-73.9171,40.8861],[-73.9171,40.8862],[-73.9171,40.8862],[-73.9171,40.8862],[-73.9171,40.8862]]]"
,,"1089161","M","2020-08-12T21:57:58.000","M037","M037","M-12A","Active","M037-BLG1552",,"814913","Polygon","[[[-73.9341,40.8422],[-73.9341,40.8421],[-73.9341,40.8421],[-73.9342,40.8421],[-73.9342,40.8422],[-73.9342,40.8422],[-73.9341,40.8422]]]"
,,,"M","2020-08-12T21:57:58.000","M028","M028-ZN02A","M-14","Active","M028-ZN02-BLG1461",,,"Polygon","[[[-73.9462,40.8471],[-73.9463,40.8471],[-73.9463,40.8473],[-73.9462,40.8473],[-73.9462,40.8471]]]"
,,"3347256","B","2020-08-12T21:57:57.000","B073","B073-ZN10","B-19","Active","B073-ZN10-BLG1251",,"29603","Polygon","[[[-73.9636,40.6605],[-73.9636,40.6604],[-73.9637,40.6605],[-73.9636,40.6605],[-73.9635,40.6605],[-73.9635,40.6605],[-73.9636,40.6605]]]"
,,"3347257","B","2020-08-12T21:57:57.000","B073","B073-ZN10","B-19","Active","B073-ZN10-BLG1250",,"559123","Polygon","[[[-73.9634,40.6629],[-73.9634,40.6628],[-73.9635,40.6628],[-73.9635,40.6629],[-73.9635,40.663],[-73.9634,40.663],[-73.9634,40.6629]]]"
"2020-05-12T14:41:24.000","2020-06-22T00:00:00.000","3411256","B","2020-08-12T21:57:57.000","B308","B308","B-15","Reopened","B308-BLG1181","Completely Locked","623370","Polygon","[[[-73.9357,40.5924],[-73.9358,40.5924],[-73.9358,40.5925],[-73.9358,40.5925],[-73.9357,40.5924]]]"
"2020-05-12T14:41:23.000","2020-06-22T00:00:00.000","3183989","B","2020-08-12T21:57:57.000","B051","B051","B-15","Reopened","B051-BLG1176","Completely Locked","473833","Polygon","[[[-73.9575,40.6037],[-73.9575,40.6037],[-73.9575,40.6037],[-73.9575,40.6036],[-73.9576,40.6036],[-73.9576,40.6037],[-73.9576,40.6037],[-73.9576,40.6037],[-73.9575,40.6037]]]"
"2020-05-12T14:41:22.000","2020-06-22T00:00:00.000","3417585","B","2020-08-12T21:57:57.000","B150","B150","B-14","Reopened","B150-BLG1162","Completely Locked","1247997","Polygon","[[[-73.958,40.6203],[-73.9581,40.6203],[-73.9581,40.6204],[-73.958,40.6204],[-73.958,40.6203]]]"
,,"3188219","B","2020-08-12T21:57:57.000","B129","B129-ZN01","B-13","Active","B129-ZN01-BLG1149",,"841834","Polygon","[[[-73.9952,40.5786],[-73.9952,40.5785],[-73.9954,40.5785],[-73.9956,40.5784],[-73.9956,40.5786],[-73.9955,40.5786],[-73.9955,40.5785],[-73.9953,40.5786],[-73.9953,40.5786],[-73.9952,40.5786]]]"
"2020-05-12T14:41:20.000","2020-06-22T00:00:00.000","3196377","B","2020-08-12T21:57:56.000","B275","B275","B-13","Reopened","B275-BLG1135","Completely Locked","79203","Polygon","[[[-73.9644,40.5825],[-73.9644,40.5825],[-73.9645,40.5825],[-73.9645,40.5826],[-73.9644,40.5825]]]"
"2020-06-02T12:23:08.000","2020-06-20T00:00:00.000","3170079","B","2020-08-12T21:57:56.000","B007","B007","B-11","Reopened","B007-BLG1117","Officially Closed - Not Covid","609048","Polygon","[[[-73.9999,40.5978],[-73.9999,40.5978],[-73.9999,40.5978],[-74,40.5978],[-74.0001,40.5978],[-74,40.5979],[-74.0001,40.5979],[-74,40.598],[-73.9999,40.5978]]]"
,,"3402737","B","2020-08-12T21:57:56.000","B028","B028-ZN01","B-10","Active","B028-ZN01-BLG1103",,"834680","Polygon","[[[-74.0177,40.6058],[-74.0177,40.6056],[-74.0177,40.6056],[-74.0177,40.6055],[-74.0177,40.6055],[-74.0177,40.6055],[-74.0178,40.6055],[-74.0179,40.6055],[-74.0179,40.6056],[-74.0178,40.6056],[-74.0178,40.6056],[-74.0178,40.6058],[-74.0179,40.6058],[-74.0178,40.6058],[-74.0178,40.6058],[-74.0178,40.6058],[-74.0177,40.6058],[-74.0177,40.6058],[-74.0177,40.6058]]]"
"2020-05-12T14:41:16.000","2020-06-22T00:00:00.000","3028863","B","2020-08-12T21:57:56.000","B161","B161","B-08","Reopened","B161-BLG1096","Completely Locked","74612","Polygon","[[[-73.9655,40.6767],[-73.9655,40.6766],[-73.9655,40.6766],[-73.9655,40.6767],[-73.9655,40.6767]]]"
,,"3031309","B","2020-08-12T21:57:56.000","B012","B012","B-08","Active","B012-BLG1093",,"688421","Polygon","[[[-73.9438,40.6738],[-73.9438,40.6738],[-73.9438,40.6738],[-73.9438,40.6738],[-73.9439,40.6738],[-73.9439,40.6738],[-73.9439,40.6738],[-73.9439,40.6738],[-73.9439,40.6738],[-73.9439,40.6738],[-73.9439,40.6739],[-73.9438,40.6739],[-73.9438,40.6738],[-73.9438,40.6738],[-73.9438,40.6738]]]"
,,"3390933","B","2020-08-12T21:57:56.000","B087","B087","B-07","Active","B087-BLG1085",,"350495","Polygon","[[[-74.0049,40.6477],[-74.005,40.6476],[-74.0051,40.6477],[-74.005,40.6477],[-74.0049,40.6477]]]"
"2020-05-12T14:41:13.000","2020-06-22T00:00:00.000","3144128","B","2020-08-12T21:57:56.000","B210A","B210A","B-07","Reopened","B210A-BLG1082","Completely Locked","301025","Polygon","[[[-74.0235,40.6398],[-74.0236,40.6397],[-74.0236,40.6398],[-74.0236,40.6398],[-74.0235,40.6398]]]"
"2020-05-12T14:41:12.000","2020-06-22T00:00:00.000","3259251","B","2020-08-12T21:57:55.000","B320","B320","B-06","Reopened","B320-BLG1081","Completely Locked","86055","Polygon","[[[-73.9785,40.677],[-73.9785,40.677],[-73.9786,40.677],[-73.9785,40.6771],[-73.9785,40.677]]]"
,,"3428677","B","2020-08-12T21:57:55.000","B058","B058-ZN03","B-01","Active","B058-ZN03-BLG0988",,"918308","Polygon","[[[-73.9519,40.7221],[-73.9518,40.7221],[-73.9518,40.7221],[-73.9518,40.7221],[-73.9517,40.722],[-73.9518,40.722],[-73.9518,40.722],[-73.9517,40.7219],[-73.9518,40.7219],[-73.9518,40.722],[-73.9519,40.722],[-73.9519,40.722],[-73.9519,40.722],[-73.952,40.7221],[-73.9519,40.7221]]]"
"2020-05-12T14:41:09.000","2020-06-21T00:00:00.000","2112805","X","2020-08-12T21:57:55.000","X092","X092-06","X-13","Reopened","X092-06-BLG0944","Completely Locked","1238749","Polygon","[[[-73.8722,40.8999],[-73.8723,40.8999],[-73.8723,40.8999],[-73.8722,40.9],[-73.8722,40.8999]]]"
"2020-05-12T14:41:07.000",,"2009889","X","2020-08-12T21:57:55.000","X010A","X010A","X-06","UnderConstruction","X010A-BLG0828",,"473597","Polygon","[[[-73.8959,40.8464],[-73.8959,40.8464],[-73.8959,40.8464],[-73.8959,40.8464],[-73.896,40.8464],[-73.8961,40.8464],[-73.8961,40.8464],[-73.8961,40.8464],[-73.8961,40.8465],[-73.8961,40.8465],[-73.8958,40.8464],[-73.8958,40.8464],[-73.8958,40.8464],[-73.8959,40.8464],[-73.8959,40.8464],[-73.8959,40.8464],[-73.8959,40.8464]]]"
,,"1088628","M","2020-08-12T21:57:55.000","M010","M010-ZN18&19","M-13","Active","M010-ZN18+19-BLG0720",,"386557","Polygon","[[[-73.9676,40.7784],[-73.9675,40.7784],[-73.9675,40.7784],[-73.9676,40.7783],[-73.9676,40.7783],[-73.9676,40.7783],[-73.9677,40.7783],[-73.9677,40.7783],[-73.9677,40.7784],[-73.9678,40.7784],[-73.9678,40.7784],[-73.9678,40.7784],[-73.9679,40.7784],[-73.9679,40.7784],[-73.9678,40.7784],[-73.9678,40.7785],[-73.9678,40.7785],[-73.9677,40.7785],[-73.9677,40.7785],[-73.9677,40.7785],[-73.9676,40.7784]]]"
,,"4541869","Q","2020-08-12T21:57:55.000","Q104","Q104","Q-01","Active","Q104-BLG0607",,"1068808","Polygon","[[[-73.9473,40.7571],[-73.9474,40.757],[-73.9474,40.757],[-73.9474,40.7571],[-73.9473,40.7571]]]"
"2020-05-12T14:41:03.000","2020-06-25T13:23:02.000","4458276","Q","2020-08-12T21:57:55.000","Q340","Q340","Q-02","Reopened","Q340-BLG0602","Completely Locked","61817","Polygon","[[[-73.922,40.7473],[-73.922,40.7472],[-73.9221,40.7472],[-73.9221,40.7473],[-73.922,40.7473]]]"
,"2020-06-23T12:26:44.000","4108768","Q","2020-08-12T21:57:55.000","Q086","Q086","Q-07","Reopened","Q086-BLG0600",,"488189","Polygon","[[[-73.8172,40.7759],[-73.8173,40.7759],[-73.8173,40.7759],[-73.8172,40.7759],[-73.8171,40.776],[-73.8171,40.7761],[-73.817,40.7761],[-73.8171,40.776],[-73.8171,40.7759],[-73.8172,40.7759],[-73.8172,40.7759]]]"
"2020-05-12T14:41:01.000","2020-06-21T09:00:00.000","4054280","Q","2020-08-12T21:57:54.000","Q131","Q131","Q-05","Reopened","Q131-BLG0595",,"738861","Polygon","[[[-73.9043,40.7272],[-73.9043,40.7272],[-73.9044,40.7272],[-73.9044,40.7272],[-73.9043,40.7273],[-73.9043,40.7273],[-73.9043,40.7272]]]"
"2020-05-12T14:40:59.000","2020-06-25T13:10:57.000","4213786","Q","2020-08-12T21:57:54.000","Q105","Q105","Q-12","Reopened","Q105-BLG0590",,"1259962","Polygon","[[[-73.813,40.6996],[-73.8131,40.6996],[-73.8132,40.6997],[-73.8131,40.6997],[-73.813,40.6996]]]"
"2020-05-12T14:40:57.000","2020-06-25T13:23:34.000","4024504","Q","2020-08-12T21:57:54.000","Q174A","Q174A","Q-01","Reopened","Q174A-BLG0572","Completely Locked","843419","Polygon","[[[-73.9002,40.7583],[-73.9003,40.7583],[-73.9003,40.7583],[-73.9002,40.7583],[-73.9002,40.7583],[-73.9002,40.7583],[-73.9002,40.7583]]]"
"2020-05-12T14:40:56.000","2020-06-21T09:00:00.000","4061565","Q","2020-08-12T21:57:54.000","Q423","Q423","Q-05","Reopened","Q423-BLG0566","Completely Locked","623539","Polygon","[[[-73.9019,40.7188],[-73.902,40.7188],[-73.902,40.7188],[-73.902,40.7189],[-73.902,40.7189],[-73.9019,40.7189],[-73.9019,40.7188]]]"
"2020-05-12T14:40:54.000","2020-06-22T00:00:00.000","4544428","Q","2020-08-12T21:57:54.000","Q385","Q385","Q-01","Reopened","Q385-BLG0560","Completely Locked","152795","Polygon","[[[-73.9073,40.7716],[-73.9073,40.7715],[-73.9074,40.7715],[-73.9074,40.7716],[-73.9073,40.7716],[-73.9073,40.7716],[-73.9073,40.7716]]]"
"2020-05-12T14:40:50.000","2020-06-19T13:40:11.000","4519618","Q","2020-08-12T21:57:54.000","Q373","Q373","Q-03","Reopened","Q373-BLG0557",,"1222568","Polygon","[[[-73.8714,40.7655],[-73.8714,40.7655],[-73.8715,40.7655],[-73.8714,40.7655],[-73.8714,40.7655]]]"
"2020-05-12T14:40:47.000","2020-06-21T16:56:33.000","4302053","Q","2020-08-12T21:57:54.000","Q162E","Q162E","Q-14","Reopened","Q162E-BLG0528","Completely Locked","412393","Polygon","[[[-73.789,40.5889],[-73.789,40.5889],[-73.7891,40.5888],[-73.7891,40.5888],[-73.7891,40.5888],[-73.7891,40.5889],[-73.7891,40.5889],[-73.789,40.5889],[-73.789,40.5889],[-73.789,40.5889],[-73.789,40.5889]]]"
"2020-05-12T14:40:44.000","2020-06-21T09:00:00.000","4551832","Q","2020-08-12T21:57:54.000","Q305","Q305","Q-05","Reopened","Q305-BLG0504","Completely Locked","280017","Polygon","[[[-73.8913,40.706],[-73.8914,40.706],[-73.8914,40.7061],[-73.8913,40.7061],[-73.8913,40.7061],[-73.8913,40.7061],[-73.8913,40.706]]]"
"2020-05-12T14:40:42.000","2020-06-25T11:28:46.000","4549308","Q","2020-08-12T21:57:54.000","Q302","Q302","Q-05","Reopened","Q302-BLG0502","Completely Locked","1176135","Polygon","[[[-73.8963,40.697],[-73.8964,40.697],[-73.8965,40.6971],[-73.8964,40.6971],[-73.8963,40.697]]]"
"2020-05-12T14:40:40.000",,"4430425","Q","2020-08-12T21:57:53.000","Q119","Q119","Q-10","Reopened","Q119-BLG0499",,"158355","Polygon","[[[-73.8079,40.6831],[-73.808,40.6831],[-73.808,40.6831],[-73.8079,40.6832],[-73.8079,40.6831]]]"
"2020-05-12T14:40:38.000","2020-06-25T13:16:25.000","4201324","Q","2020-08-12T21:57:53.000","Q118","Q118","Q-10","Reopened","Q118-BLG0495",,"184208","Polygon","[[[-73.8396,40.6818],[-73.8397,40.6818],[-73.8397,40.6819],[-73.8397,40.6819],[-73.8396,40.6818]]]"
"2020-05-12T14:40:36.000","2020-06-22T00:00:00.000","4552493","Q","2020-08-12T21:57:53.000","Q031","Q031","Q-02","Reopened","Q031-BLG0489",,"90853","Polygon","[[[-73.9106,40.7475],[-73.9106,40.7474],[-73.9106,40.7475],[-73.9106,40.7475],[-73.9106,40.7475]]]"
,"2020-06-21T16:56:33.000","4303674","Q","2020-08-12T21:57:53.000","Q163","Q163-ZN05B","Q-14","Reopened","Q163-BLG0296",,"34713","Polygon","[[[-73.8107,40.5847],[-73.8107,40.5846],[-73.8107,40.5846],[-73.8107,40.5846],[-73.8107,40.5846],[-73.8107,40.5846],[-73.8109,40.5845],[-73.8109,40.5846],[-73.811,40.5845],[-73.811,40.5846],[-73.811,40.5846],[-73.811,40.5846],[-73.811,40.5847],[-73.811,40.5847],[-73.811,40.5847],[-73.811,40.5847],[-73.811,40.5847],[-73.811,40.5847],[-73.811,40.5847],[-73.8109,40.5847],[-73.8109,40.5847],[-73.8109,40.5847],[-73.8108,40.5847],[-73.8108,40.5847],[-73.8108,40.5847],[-73.8108,40.5847],[-73.8108,40.5847],[-73.8108,40.5847],[-73.8107,40.5848],[-73.8107,40.5848],[-73.8107,40.5848],[-73.8107,40.5848],[-73.8107,40.5848],[-73.8107,40.5847],[-73.8107,40.5847],[-73.8107,40.5847],[-73.8107,40.5847],[-73.8107,40.5847]]]"
,"2020-06-21T16:56:33.000","4549352","Q","2020-08-12T21:57:53.000","Q163","Q163-ZN06B","Q-14","Reopened","Q163-BLG0287",,"472744","Polygon","[[[-73.8173,40.5831],[-73.8173,40.5831],[-73.8173,40.5831],[-73.8172,40.583],[-73.8172,40.583],[-73.8173,40.5829],[-73.8173,40.5829],[-73.8173,40.5829],[-73.8173,40.5829],[-73.8175,40.5829],[-73.8176,40.5828],[-73.8176,40.5828],[-73.8176,40.5828],[-73.8176,40.5828],[-73.8177,40.5829],[-73.8177,40.5829],[-73.8177,40.5829],[-73.8177,40.5829],[-73.8177,40.5829],[-73.8177,40.5829],[-73.8177,40.5829],[-73.8177,40.5829],[-73.8177,40.5829],[-73.8177,40.5829],[-73.8177,40.5829],[-73.8177,40.5829],[-73.8177,40.5829],[-73.8178,40.5829],[-73.8178,40.5829],[-73.8178,40.5829],[-73.8178,40.5829],[-73.8178,40.5829],[-73.8178,40.5829],[-73.8179,40.5829],[-73.8179,40.5829],[-73.8179,40.5829],[-73.8179,40.5829],[-73.8179,40.5829],[-73.8179,40.583],[-73.8178,40.5831],[-73.8177,40.5831],[-73.8177,40.5831],[-73.8177,40.5831],[-73.8177,40.5831],[-73.8177,40.583],[-73.8177,40.583],[-73.8176,40.583],[-73.8176,40.583],[-73.8176,40.583],[-73.8176,40.583],[-73.8176,40.583],[-73.8176,40.583],[-73.8176,40.583],[-73.8176,40.583],[-73.8174,40.583],[-73.8174,40.5831],[-73.8173,40.5831]]]"
,"2020-06-21T11:14:45.000","4619522","Q","2020-08-12T21:57:53.000","Q020","Q020-ZN01","Q-05A","Reopened","Q020-ZN01-BLG0403",,"1271287","Polygon","[[[-73.8901,40.6875],[-73.8901,40.6874],[-73.8902,40.6875],[-73.8901,40.6875],[-73.8901,40.6875]]]"
,"2020-06-21T12:57:49.000","4440090","Q","2020-08-12T21:57:53.000","Q445","Q445","Q-07","Reopened","Q445-BLG0344",,"861260","Polygon","[[[-73.8329,40.785],[-73.8327,40.7849],[-73.8328,40.7849],[-73.8328,40.7849],[-73.8329,40.7849],[-73.8329,40.785],[-73.8329,40.785],[-73.8329,40.785],[-73.8329,40.785],[-73.8329,40.785],[-73.8329,40.785]]]"
,"2020-06-21T16:56:33.000","4549357","Q","2020-08-12T21:57:52.000","Q163","Q163-ZN07B","Q-14","Reopened","Q163-BLG0002",,"262807","Polygon","[[[-73.826,40.5806],[-73.8259,40.5806],[-73.826,40.5805],[-73.8262,40.5805],[-73.8262,40.5805],[-73.8263,40.5804],[-73.8263,40.5805],[-73.8263,40.5805],[-73.8263,40.5805],[-73.8263,40.5806],[-73.8263,40.5806],[-73.8263,40.5806],[-73.8263,40.5806],[-73.8263,40.5806],[-73.8263,40.5806],[-73.8262,40.5806],[-73.8262,40.5806],[-73.8262,40.5806],[-73.8262,40.5806],[-73.8261,40.5806],[-73.8261,40.5806],[-73.8261,40.5806],[-73.826,40.5807],[-73.826,40.5807],[-73.826,40.5807],[-73.826,40.5807],[-73.826,40.5807],[-73.826,40.5807],[-73.826,40.5807],[-73.826,40.5807],[-73.826,40.5807],[-73.826,40.5806],[-73.826,40.5806],[-73.826,40.5806],[-73.826,40.5806],[-73.826,40.5806],[-73.826,40.5806],[-73.826,40.5806],[-73.826,40.5806],[-73.826,40.5806]]]"
,,"2129486","X","2020-08-12T21:57:52.000","X092","X092-ZN02","X-13","Active","X092-ZN02-BLG0962",,"1289202","Polygon","[[[-73.8979,40.8889],[-73.8978,40.8888],[-73.8978,40.8887],[-73.8978,40.8887],[-73.8978,40.8887],[-73.8978,40.8887],[-73.8979,40.8886],[-73.8979,40.8886],[-73.8979,40.8886],[-73.8979,40.8886],[-73.8979,40.8886],[-73.8979,40.8886],[-73.8979,40.8886],[-73.8979,40.8886],[-73.8979,40.8885],[-73.898,40.8886],[-73.898,40.8885],[-73.8979,40.8885],[-73.898,40.8885],[-73.898,40.8885],[-73.898,40.8885],[-73.898,40.8885],[-73.898,40.8884],[-73.898,40.8884],[-73.898,40.8884],[-73.898,40.8884],[-73.898,40.8883],[-73.898,40.8883],[-73.898,40.8883],[-73.898,40.8883],[-73.8981,40.8882],[-73.8981,40.8882],[-73.8981,40.8882],[-73.8981,40.8882],[-73.8981,40.8881],[-73.8981,40.8881],[-73.8981,40.8881],[-73.8982,40.8881],[-73.8982,40.8881],[-73.8982,40.8881],[-73.8982,40.8881],[-73.8982,40.8881],[-73.8982,40.888],[-73.8982,40.888],[-73.8983,40.888],[-73.8982,40.888],[-73.8982,40.888],[-73.8982,40.888],[-73.8982,40.888],[-73.8982,40.8879],[-73.8982,40.8879],[-73.8982,40.8879],[-73.8982,40.8879],[-73.8982,40.8879],[-73.8983,40.8878],[-73.8983,40.8878],[-73.8983,40.8878],[-73.8983,40.8878],[-73.8983,40.8877],[-73.8985,40.8877],[-73.8979,40.8889]]]"
"2020-05-12T14:40:31.000","2020-06-25T13:16:49.000","4527022","Q","2020-08-12T21:57:53.000","Q408","Q408","Q-10","Reopened","Q408-BLG0341","Completely Locked","938488","Polygon","[[[-73.8504,40.6647],[-73.8505,40.6647],[-73.8505,40.6648],[-73.8504,40.6648],[-73.8504,40.6647]]]"
"2020-05-12T14:40:29.000","2020-06-21T09:00:00.000","4430304","Q","2020-08-12T21:57:53.000","Q398","Q398","Q-05","Reopened","Q398-BLG0338","Completely Locked","1175184","Polygon","[[[-73.9044,40.7046],[-73.9044,40.7046],[-73.9045,40.7046],[-73.9045,40.7046],[-73.9044,40.7047],[-73.9044,40.7046],[-73.9044,40.7046]]]"
,,"2123991","X","2020-08-12T21:57:52.000","X092","X092-ZN07","X-13","Active","X092-ZN07-BLG0949",,"419413","Polygon","[[[-73.8926,40.9009],[-73.8927,40.9009],[-73.8927,40.9009],[-73.8926,40.901],[-73.8926,40.9009]]]"
"2020-05-12T14:40:20.000",,"2085770","X","2020-08-12T21:57:52.000","X092","X092-ZN11","X-13","UnderConstruction","X092-ZN11-BLG0961",,"49840","Polygon","[[[-73.879,40.8959],[-73.8791,40.8959],[-73.8791,40.896],[-73.879,40.896],[-73.879,40.896],[-73.879,40.8959],[-73.879,40.8959]]]"
"2020-05-12T14:40:19.000",,"2100446","X","2020-08-12T21:57:52.000","X045","X045-03","X-01","UnderConstruction","X045-03-BLG0001",,"468537","Polygon","[[[-73.9134,40.8129],[-73.9133,40.8129],[-73.9134,40.8129],[-73.9134,40.8129],[-73.9134,40.8128],[-73.9134,40.8128],[-73.9134,40.8128],[-73.9135,40.8128],[-73.9135,40.8128],[-73.9135,40.8128],[-73.9135,40.8129],[-73.9135,40.8129],[-73.9134,40.8129]]]"
,,"5156178","R","2020-08-12T21:57:52.000","R022","R022_temp","R-01","Active","R022-BLG1273",,"99648","Polygon","[[[-74.0988,40.6284],[-74.0988,40.6283],[-74.0989,40.6283],[-74.0989,40.6282],[-74.0991,40.6282],[-74.0991,40.6282],[-74.0992,40.6282],[-74.0992,40.6283],[-74.0991,40.6283],[-74.0991,40.6283],[-74.099,40.6283],[-74.099,40.6283],[-74.0988,40.6284]]]"
,"2020-06-26T09:32:38.000","4607453","Q","2020-08-12T21:57:52.000","Q448","Q448-99","Q-12","Reopened","Q448-99-BLG0001",,"1283780","Polygon","[[[-73.7701,40.6857],[-73.7701,40.6857],[-73.7701,40.6857],[-73.7701,40.6857],[-73.7701,40.6857]]]"
,,"4541454","Q","2020-08-12T21:57:52.000","Q099","Q099-ZN25","Q-15","Active","Q099-ZN25-BLG0382",,"36825","Polygon","[[[-73.8383,40.736],[-73.8383,40.7359],[-73.8384,40.7359],[-73.8385,40.7358],[-73.8384,40.7357],[-73.8384,40.7357],[-73.8385,40.7357],[-73.8385,40.7356],[-73.8386,40.7357],[-73.8385,40.7361],[-73.8384,40.736],[-73.8384,40.736],[-73.8383,40.736]]]"
,"2020-06-21T11:14:45.000","3086294","Q","2020-08-12T21:57:51.000","B047","Q020-ZN02","Q-05A","Reopened","Q020-02-BLG0011",,"555897","Polygon","[[[-73.8928,40.6831],[-73.893,40.6831],[-73.893,40.6832],[-73.8929,40.6832],[-73.8928,40.6831]]]"
,"2020-06-19T10:47:42.000","4521558","Q","2020-08-12T21:57:51.000","Q015","Q015-ZN01","Q-16","Reopened","Q015-ZN01-BLG0425",,"918393","Polygon","[[[-73.8354,40.7098],[-73.8355,40.7098],[-73.8355,40.7098],[-73.8355,40.7099],[-73.8354,40.7099],[-73.8354,40.7099],[-73.8354,40.7099],[-73.8354,40.7099],[-73.8354,40.7098]]]"
,,"4558621","Q","2020-08-12T21:57:51.000","Q015","Q015-ZN07","Q-16","Active","Q015-ZN07-BLG0402",,"477655","Polygon","[[[-73.8581,40.6971],[-73.8582,40.6971],[-73.8582,40.6971],[-73.8582,40.6972],[-73.8581,40.6972],[-73.8581,40.6972],[-73.8581,40.6972],[-73.8581,40.6972],[-73.8581,40.6971]]]"
,"2020-06-19T13:01:25.000","4558633","Q","2020-08-12T21:57:51.000","Q015","Q015-ZN14","Q-16","Reopened","Q015-ZN14-BLG0423",,"725488","Polygon","[[[-73.8428,40.7011],[-73.8429,40.7011],[-73.8431,40.7011],[-73.8431,40.7012],[-73.8428,40.7011]]]"
,,"4558632","Q","2020-08-12T21:57:51.000","Q015","Q015-ZN04","Q-16","Active","Q015-ZN04-BLG0410",,"767602","Polygon","[[[-73.8544,40.7012],[-73.8545,40.7012],[-73.8546,40.7013],[-73.8545,40.7014],[-73.8544,40.7012]]]"
,,"1079025","M","2020-08-12T21:57:50.000","M144","M144-ZN02","M-03","Active","M144-ZN02-BLG1619",,"313654","Polygon","[[[-73.9761,40.7127],[-73.9761,40.7127],[-73.9762,40.7127],[-73.9762,40.7127],[-73.9762,40.7128],[-73.9762,40.7129],[-73.9761,40.7129],[-73.9761,40.7129],[-73.9761,40.7128],[-73.9761,40.7128],[-73.9761,40.7128],[-73.9761,40.7128],[-73.9761,40.7128],[-73.9761,40.7128],[-73.9761,40.7127]]]"
,,"1079657","M","2020-08-12T21:57:50.000","M144","M144-ZN03","M-03","Active","M144-ZN03-BLG1521",,"800969","Polygon","[[[-73.9751,40.7159],[-73.9751,40.7158],[-73.9753,40.7159],[-73.9753,40.7159],[-73.9751,40.7159]]]"
,,"1075790","M","2020-08-12T21:57:50.000","M105","M105","M-03","Active","M105-BLG1527",,"54791","Polygon","[[[-73.9942,40.7168],[-73.9941,40.7168],[-73.9941,40.7168],[-73.9941,40.7168],[-73.9941,40.7168],[-73.994,40.7168],[-73.994,40.7168],[-73.994,40.7168],[-73.994,40.7168],[-73.994,40.7168],[-73.994,40.7168],[-73.9939,40.7167],[-73.994,40.7166],[-73.994,40.7166],[-73.9941,40.7166],[-73.9942,40.7167],[-73.9942,40.7167],[-73.9942,40.7167],[-73.9942,40.7167],[-73.9942,40.7168],[-73.9942,40.7168]]]"
,,"1079716","M","2020-08-12T21:57:50.000","M105","M105","M-03","Active","M105-BLG1528",,"56263","Polygon","[[[-73.9913,40.7225],[-73.9912,40.7225],[-73.9912,40.7225],[-73.9912,40.7225],[-73.9911,40.7225],[-73.9911,40.7225],[-73.9911,40.7225],[-73.991,40.7225],[-73.9911,40.7223],[-73.9912,40.7224],[-73.9912,40.7224],[-73.9912,40.7224],[-73.9913,40.7224],[-73.9913,40.7224],[-73.9913,40.7224],[-73.9913,40.7225],[-73.9913,40.7225]]]"
"2020-05-12T14:39:50.000",,"1081932","M","2020-08-12T21:57:50.000","M033","M033","M-03","COVID-19 Closure","M033-BLG1544","Completely Locked","236097","Polygon","[[[-73.9812,40.7205],[-73.9813,40.7204],[-73.9813,40.7204],[-73.9814,40.7204],[-73.9814,40.7205],[-73.9813,40.7205],[-73.9813,40.7205],[-73.9812,40.7205],[-73.9812,40.7205],[-73.9812,40.7205],[-73.9812,40.7205]]]"
,,"3412862","B","2020-08-12T21:57:50.000","B169","B169","B-13","Active","B169-BLG6344",,"1090845","Polygon","[[[-73.9643,40.5746],[-73.9646,40.5746],[-73.9646,40.5746],[-73.9646,40.5746],[-73.9646,40.5746],[-73.9646,40.5746],[-73.9646,40.5746],[-73.9646,40.5746],[-73.9646,40.5746],[-73.9646,40.5746],[-73.9646,40.5746],[-73.9646,40.5746],[-73.9646,40.5746],[-73.9646,40.5746],[-73.9646,40.5746],[-73.9646,40.5746],[-73.9646,40.5747],[-73.9646,40.5747],[-73.9646,40.5747],[-73.9646,40.5747],[-73.9646,40.5747],[-73.9646,40.5747],[-73.9646,40.5747],[-73.9646,40.5747],[-73.9646,40.5747],[-73.9646,40.5747],[-73.9646,40.5747],[-73.9645,40.5747],[-73.9643,40.5747],[-73.9643,40.5747],[-73.9643,40.5747],[-73.9643,40.5747],[-73.9643,40.5747],[-73.9643,40.5747],[-73.9643,40.5747],[-73.9643,40.5747],[-73.9643,40.5747],[-73.9643,40.5747],[-73.9643,40.5747],[-73.9643,40.5747],[-73.9643,40.5747],[-73.9643,40.5746],[-73.9643,40.5746],[-73.9643,40.5746],[-73.9643,40.5746],[-73.9643,40.5746],[-73.9643,40.5746],[-73.9643,40.5746],[-73.9643,40.5746],[-73.9643,40.5746],[-73.9643,40.5746],[-73.9643,40.5746]]]"
,,"1089185","M","2020-08-12T21:57:50.000","M029","M029-ZN06","M-12","Active","M029-02-BLG1464",,"54723","Polygon","[[[-73.9295,40.8652],[-73.9294,40.865],[-73.9294,40.8651],[-73.9294,40.865],[-73.9294,40.865],[-73.9295,40.865],[-73.9295,40.865],[-73.9296,40.8652],[-73.9296,40.8652],[-73.9295,40.8652],[-73.9295,40.8652],[-73.9294,40.8652],[-73.9295,40.8652]]]"
,,"3412906","B","2020-08-12T21:57:50.000","B169","B169","B-13","Active","B169-BLG6343",,"1036540","Polygon","[[[-73.9809,40.5727],[-73.981,40.5727],[-73.981,40.5728],[-73.981,40.5728],[-73.981,40.5728],[-73.981,40.5728],[-73.981,40.5728],[-73.981,40.5728],[-73.981,40.5728],[-73.981,40.5728],[-73.981,40.5728],[-73.981,40.5728],[-73.981,40.5728],[-73.981,40.5728],[-73.981,40.5728],[-73.981,40.5728],[-73.981,40.5728],[-73.981,40.5728],[-73.981,40.5728],[-73.981,40.5728],[-73.981,40.5729],[-73.981,40.5729],[-73.981,40.5729],[-73.981,40.5729],[-73.9809,40.5729],[-73.9806,40.5729],[-73.9805,40.5729],[-73.9805,40.5729],[-73.9805,40.5729],[-73.9805,40.5729],[-73.9805,40.5729],[-73.9805,40.5729],[-73.9805,40.5729],[-73.9805,40.5729],[-73.9805,40.5729],[-73.9805,40.5729],[-73.9805,40.5729],[-73.9805,40.5729],[-73.9805,40.5729],[-73.9805,40.5728],[-73.9805,40.5728],[-73.9805,40.5728],[-73.9805,40.5728],[-73.9805,40.5728],[-73.9805,40.5728],[-73.9805,40.5728],[-73.9805,40.5728],[-73.9805,40.5728],[-73.9806,40.5728],[-73.9809,40.5727]]]"
,,"4127832","Q","2020-08-12T21:57:49.000","Q300A","Q300A-ZN02","Q-11","Active","Q300A-ZN02-BLG0451",,"828554","Polygon","[[[-73.7875,40.7447],[-73.7875,40.7447],[-73.7876,40.7447],[-73.7875,40.7448],[-73.7875,40.7447]]]"
,,"1086508","M","2020-08-12T21:57:49.000","M105","M105","M-03","Active","M105-BLG1530",,"612857","Polygon","[[[-73.9929,40.7188],[-73.993,40.7187],[-73.9932,40.7188],[-73.9931,40.7189],[-73.9931,40.7189],[-73.9929,40.7188],[-73.9929,40.7188]]]"
,,"1085920","M","2020-08-12T21:57:49.000","M104","M104","M-11R","Active","M104-BLG6324",,"1189628","Polygon","[[[-73.9186,40.7933],[-73.9187,40.7932],[-73.9179,40.7928],[-73.9183,40.7922],[-73.9191,40.7925],[-73.9191,40.7925],[-73.9192,40.7925],[-73.9191,40.7926],[-73.9191,40.7926],[-73.9189,40.7929],[-73.919,40.7929],[-73.919,40.7929],[-73.9191,40.7927],[-73.9191,40.7927],[-73.9192,40.7928],[-73.9193,40.7928],[-73.9201,40.7932],[-73.9201,40.7932],[-73.92,40.7932],[-73.9201,40.7933],[-73.9201,40.7933],[-73.92,40.7933],[-73.92,40.7933],[-73.92,40.7933],[-73.92,40.7933],[-73.92,40.7933],[-73.9199,40.7935],[-73.9196,40.7938],[-73.9186,40.7933]]]"
,,"1079659","M","2020-08-12T21:57:49.000","M144","M144-ZN05","M-03","Active","M144-ZN05-BLG1519",,"672783","Polygon","[[[-73.9739,40.7219],[-73.974,40.7219],[-73.974,40.7219],[-73.974,40.7217],[-73.974,40.7217],[-73.974,40.7216],[-73.9741,40.7216],[-73.9741,40.7216],[-73.9741,40.7217],[-73.9741,40.7217],[-73.9741,40.7219],[-73.9741,40.7219],[-73.9741,40.7219],[-73.9741,40.722],[-73.974,40.722],[-73.9739,40.7219]]]"
,,"3392494","B","2020-08-12T21:57:49.000","B008","B008","B-16","Active","B008-BLG1186",,"185871","Polygon","[[[-73.9144,40.6619],[-73.9144,40.6619],[-73.9145,40.662],[-73.9144,40.662],[-73.9144,40.6619]]]"
,"2020-06-21T13:04:51.000","4442398","Q","2020-08-12T21:57:48.000","Q024","Q024-ZN01","Q-07","Reopened","Q024-ZN01-BLG0355",,"358987","Polygon","[[[-73.8038,40.7492],[-73.8037,40.7492],[-73.8037,40.7492],[-73.8037,40.7491],[-73.8037,40.7491],[-73.8037,40.7491],[-73.8038,40.749],[-73.8038,40.7491],[-73.8038,40.7491],[-73.8038,40.7491],[-73.8039,40.7491],[-73.8039,40.7491],[-73.8039,40.7491],[-73.804,40.7492],[-73.804,40.7492],[-73.8039,40.7492],[-73.8039,40.7492],[-73.8039,40.7492],[-73.8039,40.7492],[-73.8038,40.7492],[-73.8038,40.7492]]]"
,,"1088312","M","2020-08-12T21:57:48.000","M005","M005-ZN01","M-01","Active","M005-ZN01-BLG0633",,"720881","Polygon","[[[-74.0158,40.7044],[-74.0158,40.7044],[-74.0159,40.7044],[-74.0159,40.7044],[-74.0158,40.7044]]]"
"2020-05-12T14:39:35.000","2020-06-21T09:00:00.000","4521311","Q","2020-08-12T21:57:48.000","Q102","Q102-02","Q-05","Reopened","Q102-02-BLG0473","Completely Locked","922722","Polygon","[[[-73.8774,40.7206],[-73.8775,40.7206],[-73.8775,40.7207],[-73.8774,40.7207],[-73.8774,40.7206],[-73.8774,40.7206]]]"
"2020-05-12T14:39:34.000","2020-06-21T09:00:00.000","4068180","Q","2020-08-12T21:57:48.000","Q102","Q102-ZN01","Q-05","Reopened","Q102-ZN01-BLG0397",,"368170","Polygon","[[[-73.8844,40.7188],[-73.8844,40.7186],[-73.8846,40.7187],[-73.8846,40.7187],[-73.8846,40.7187],[-73.8848,40.7187],[-73.8847,40.7188],[-73.8844,40.7188],[-73.8844,40.7188]]]"
"2020-05-12T14:39:33.000",,"4547741","Q","2020-08-12T21:57:48.000","Q004","Q004-01","Q-01","UnderConstruction","Q004-01-BLG0001","Completely Locked","18489","Polygon","[[[-73.9227,40.7796],[-73.9227,40.7796],[-73.9227,40.7796],[-73.9227,40.7796],[-73.9227,40.7796],[-73.9227,40.7795],[-73.9227,40.7795],[-73.9227,40.7795],[-73.9227,40.7795],[-73.9228,40.7796],[-73.9227,40.7796],[-73.9227,40.7796],[-73.9227,40.7796]]]"
,,"1089101","M","2020-08-12T21:57:47.000","M071","M071-ZN17","M-14","Active","M071-ZN17-BLG1476",,"298838","Polygon","[[[-73.9656,40.8113],[-73.9656,40.8113],[-73.9657,40.8113],[-73.9657,40.8114],[-73.9656,40.8113]]]"
"2020-05-12T14:39:31.000",,"1089582","M","2020-08-12T21:57:47.000","M072","M072-01","M-14","Reopened","M072-01-BLG1494","Completely Locked","1197749","Polygon","[[[-73.9538,40.8256],[-73.9539,40.8256],[-73.9539,40.8256],[-73.9539,40.8256],[-73.9538,40.8256]]]"
,,"1084027","M","2020-08-12T21:57:47.000","M056","MR-14","M-09","Active","M056-01-BLG1502","Completely Locked","94507","Polygon","[[[-73.956,40.8101],[-73.9559,40.81],[-73.9559,40.8101],[-73.9559,40.81],[-73.9559,40.81],[-73.9559,40.81],[-73.9558,40.81],[-73.9559,40.81],[-73.9559,40.8099],[-73.9561,40.8099],[-73.956,40.8101]]]"
,,"1090509","M","2020-08-12T21:57:47.000","M056","M056-ZN01","M-09","Active","M056-ZN01-BLG1500",,"1283777","Polygon","[[[-73.9591,40.8024],[-73.9591,40.8024],[-73.9591,40.8024],[-73.959,40.8026],[-73.9589,40.8025],[-73.959,40.8025],[-73.9589,40.8025],[-73.9591,40.8024],[-73.9591,40.8024]]]"
,,"1089043","M","2020-08-12T21:57:47.000","M081","M081-02","M-08","Active","M081-02-BLG1603",,"200728","Polygon","[[[-73.9451,40.7736],[-73.945,40.7736],[-73.945,40.7736],[-73.9449,40.7735],[-73.9449,40.7735],[-73.9449,40.7735],[-73.945,40.7735],[-73.9452,40.7736],[-73.9452,40.7737],[-73.9451,40.7736],[-73.9451,40.7736]]]"
,,"1077362","M","2020-08-12T21:57:47.000","M071","M071-ZN08","M-14","Active","M071-ZN08-BLG1490",,"67250","Polygon","[[[-73.978,40.7934],[-73.978,40.7934],[-73.978,40.7934],[-73.9779,40.7934],[-73.9779,40.7934],[-73.978,40.7933],[-73.978,40.7933],[-73.978,40.7933],[-73.978,40.7933],[-73.978,40.7933],[-73.978,40.7933],[-73.9781,40.7934],[-73.978,40.7934]]]"
,,"1089158","M","2020-08-12T21:57:46.000","M140","M140","M-14","Active","M140-BLG1471",,"303762","Polygon","[[[-73.9526,40.8299],[-73.9526,40.8298],[-73.9526,40.8298],[-73.9527,40.8298],[-73.9526,40.8298],[-73.9527,40.8297],[-73.9527,40.8298],[-73.9526,40.8299],[-73.9526,40.8299]]]"
"2020-05-12T14:39:24.000","2020-06-21T00:00:00.000","1031133","M","2020-08-12T21:57:46.000","M071","M071-04","M-14","Reopened","M071-04-BLG1475",,"711974","Polygon","[[[-73.9847,40.7834],[-73.9848,40.7834],[-73.9848,40.7834],[-73.9848,40.7835],[-73.9847,40.7834]]]"
"2020-05-12T14:39:22.000","2020-06-21T00:00:00.000","1090022","M","2020-08-12T21:57:46.000","M071","M071-31","M-14","Reopened","M071-31-BLG1493","Completely Locked","1269907","Polygon","[[[-73.9622,40.8149],[-73.9622,40.8148],[-73.9623,40.8149],[-73.9623,40.8149],[-73.9622,40.8149]]]"
,,"3347249","B","2020-08-12T21:57:46.000","B073","B073_temp","B-19","Active","B073-ZN23-BLG1242",,"657491","Polygon","[[[-73.9652,40.661],[-73.9652,40.6607],[-73.9653,40.6607],[-73.9653,40.6607],[-73.9653,40.6607],[-73.9653,40.6607],[-73.9654,40.6607],[-73.9654,40.6608],[-73.9653,40.661],[-73.9653,40.661],[-73.9653,40.661],[-73.9653,40.661],[-73.9652,40.661]]]"
,,"1090508","M","2020-08-12T21:57:46.000","M071","M071-ZN13","M-14","Active","M071-BLG1473",,"1283773","Polygon","[[[-73.9753,40.7967],[-73.975,40.7966],[-73.975,40.7966],[-73.975,40.7966],[-73.975,40.7966],[-73.975,40.7967],[-73.975,40.7967],[-73.9749,40.7967],[-73.9749,40.7966],[-73.9749,40.7966],[-73.975,40.7966],[-73.975,40.7966],[-73.975,40.7966],[-73.975,40.7966],[-73.975,40.7966],[-73.975,40.7966],[-73.9751,40.7966],[-73.9751,40.7966],[-73.9753,40.7967],[-73.9753,40.7967],[-73.9753,40.7967],[-73.9753,40.7967],[-73.9753,40.7967],[-73.9753,40.7967],[-73.9753,40.7967],[-73.9754,40.7968],[-73.9754,40.7968],[-73.9754,40.7968],[-73.9753,40.7968],[-73.9753,40.7968],[-73.9753,40.7968],[-73.9753,40.7968],[-73.9753,40.7967],[-73.9753,40.7967]]]"
,,"1083830","M","2020-08-12T21:57:46.000","M010","M010-ZN18&19","M-13","Active","M010-BLG0684",,"399906","Polygon","[[[-73.9686,40.7755],[-73.9686,40.7755],[-73.9686,40.7755],[-73.9685,40.7755],[-73.9685,40.7755],[-73.9685,40.7754],[-73.9686,40.7754],[-73.9686,40.7754],[-73.9686,40.7754],[-73.9687,40.7754],[-73.9687,40.7754],[-73.9687,40.7754],[-73.9687,40.7754],[-73.9686,40.7752],[-73.9686,40.7752],[-73.9686,40.7752],[-73.9686,40.7751],[-73.9687,40.7751],[-73.9688,40.7751],[-73.9688,40.775],[-73.9688,40.775],[-73.9688,40.775],[-73.9688,40.775],[-73.9689,40.775],[-73.9689,40.775],[-73.969,40.7754],[-73.969,40.7754],[-73.969,40.7754],[-73.969,40.7755],[-73.969,40.7755],[-73.969,40.7755],[-73.969,40.7756],[-73.9689,40.7756],[-73.9688,40.7756],[-73.9688,40.7756],[-73.9687,40.7756],[-73.9687,40.7756],[-73.9686,40.7756],[-73.9686,40.7755]],[[-73.9689,40.7754],[-73.9689,40.7753],[-73.9688,40.7753],[-73.9688,40.7753],[-73.9688,40.7754],[-73.9689,40.7754],[-73.9689,40.7754]]]"
,,"1085773","M","2020-08-12T21:57:46.000","M010","M010-ZN09","M-13","Active","M010-ZN09-BLG0714",,"996078","Polygon","[[[-73.9779,40.7721],[-73.9779,40.7721],[-73.9779,40.7723],[-73.9778,40.7723],[-73.9778,40.7723],[-73.9778,40.7723],[-73.9777,40.7723],[-73.9778,40.7723],[-73.9777,40.7723],[-73.9776,40.7723],[-73.9776,40.7723],[-73.9776,40.7723],[-73.9776,40.7723],[-73.9776,40.7723],[-73.9776,40.7723],[-73.9776,40.7724],[-73.9776,40.7724],[-73.9776,40.7724],[-73.9776,40.7724],[-73.9776,40.7724],[-73.9776,40.7724],[-73.9776,40.7724],[-73.9776,40.7724],[-73.9776,40.7724],[-73.9776,40.7724],[-73.9776,40.7724],[-73.9776,40.7724],[-73.9776,40.7724],[-73.9776,40.7724],[-73.9776,40.7724],[-73.9776,40.7724],[-73.9776,40.7724],[-73.9776,40.7724],[-73.9775,40.7724],[-73.9775,40.7724],[-73.9775,40.7724],[-73.9775,40.7724],[-73.9775,40.7724],[-73.9775,40.7724],[-73.9775,40.7724],[-73.9775,40.7724],[-73.9775,40.7724],[-73.9775,40.7724],[-73.9774,40.7724],[-73.9772,40.7723],[-73.9772,40.7723],[-73.9772,40.7723],[-73.9772,40.7722],[-73.9774,40.7723],[-73.9775,40.7723],[-73.9776,40.7722],[-73.9777,40.7722],[-73.9776,40.7722],[-73.9776,40.7721],[-73.9777,40.7721],[-73.9777,40.7721],[-73.9776,40.772],[-73.9776,40.772],[-73.9776,40.772],[-73.9774,40.7719],[-73.9775,40.7719],[-73.9777,40.7719],[-73.9777,40.7719],[-73.9778,40.772],[-73.9778,40.7721],[-73.9778,40.7721],[-73.9778,40.7721],[-73.9779,40.7721],[-73.9779,40.7721]]]"
,,"4532003","Q","2020-08-12T21:57:45.000","Q004","Q004-ZN01","Q-01","Active","Q066A-BLG0630",,"734455","Polygon","[[[-73.9251,40.776],[-73.925,40.7759],[-73.925,40.7759],[-73.925,40.7759],[-73.9251,40.7759],[-73.9251,40.7759],[-73.9251,40.7759],[-73.9251,40.7759],[-73.9252,40.7758],[-73.9252,40.7758],[-73.9252,40.7758],[-73.9252,40.7758],[-73.9252,40.7758],[-73.9253,40.7758],[-73.9253,40.7758],[-73.9253,40.7758],[-73.9253,40.7759],[-73.9253,40.7759],[-73.9254,40.7759],[-73.9253,40.7759],[-73.9253,40.7759],[-73.9253,40.7759],[-73.9253,40.7759],[-73.9253,40.7759],[-73.9253,40.7759],[-73.9253,40.7759],[-73.9251,40.776],[-73.9251,40.776],[-73.9251,40.776],[-73.9251,40.776],[-73.9251,40.776],[-73.9251,40.776],[-73.9251,40.776],[-73.9251,40.776],[-73.9251,40.776]]]"
,,"1083840","M","2020-08-12T21:57:45.000","M010","M010_temp3","MR-15","Active","M010-ZN36-BLG0730",,"605002","Polygon","[[[-73.9592,40.7912],[-73.9592,40.791],[-73.9592,40.7909],[-73.9593,40.7909],[-73.9593,40.7909],[-73.9593,40.791],[-73.9593,40.7911],[-73.9599,40.7912],[-73.9599,40.7911],[-73.9599,40.791],[-73.96,40.791],[-73.96,40.791],[-73.96,40.791],[-73.9601,40.791],[-73.96,40.7911],[-73.96,40.7912],[-73.96,40.7913],[-73.96,40.7913],[-73.9592,40.7912],[-73.9592,40.7912]]]"
,,"2123972","X","2020-08-12T21:57:45.000","X092","X092_temp","X-13","Active","X092-ZN04-BLG0963",,"6391","Polygon","[[[-73.894,40.8911],[-73.8939,40.8911],[-73.8939,40.8911],[-73.8939,40.8911],[-73.8938,40.8911],[-73.8938,40.8911],[-73.8938,40.891],[-73.8939,40.8911],[-73.8939,40.8911],[-73.894,40.8911],[-73.894,40.8911],[-73.8941,40.8911],[-73.8941,40.8912],[-73.894,40.8911],[-73.894,40.8911]]]"
,,"2127311","X","2020-08-12T21:57:45.000","X092","X092-ZN12","X-13","Active","X092-ZN12-BLG0948",,"1226347","Polygon","[[[-73.8813,40.89],[-73.8813,40.8899],[-73.8814,40.8899],[-73.8813,40.89],[-73.8813,40.89]]]"
,,"2123971","X","2020-08-12T21:57:45.000","X092","X092-ZN03","X-13","Active","X092-ZN03-BLG0966",,"229856","Polygon","[[[-73.8973,40.8907],[-73.8974,40.8906],[-73.8974,40.8906],[-73.8974,40.8906],[-73.8975,40.8906],[-73.8975,40.8906],[-73.8975,40.8906],[-73.8975,40.8906],[-73.8974,40.8907],[-73.8974,40.8907],[-73.8974,40.8907],[-73.8974,40.8907],[-73.8974,40.8907],[-73.8974,40.8907],[-73.8973,40.8907]]]"
,"2020-06-21T11:14:45.000","3345670","Q","2020-08-12T21:57:44.000","B047","Q020-ZN04","Q-05A","Reopened","Q020-01-BLG0011",,"318251","Polygon","[[[-73.8857,40.684],[-73.8858,40.684],[-73.8859,40.684],[-73.8858,40.6841],[-73.8857,40.684]]]"
,,"5035096","R","2020-08-12T21:57:44.000","R030","R065-ZN08","R-02","Active","R065-ZN08-BLG1328",,"344597","Polygon","[[[-74.1587,40.6043],[-74.1587,40.6042],[-74.1587,40.6042],[-74.1586,40.6042],[-74.1586,40.6042],[-74.1584,40.6042],[-74.1584,40.6041],[-74.1585,40.6041],[-74.1584,40.6041],[-74.1586,40.6041],[-74.1586,40.6041],[-74.1586,40.6041],[-74.1587,40.6041],[-74.1588,40.6042],[-74.1587,40.6042],[-74.1588,40.6042],[-74.1587,40.6043]]]"
,,"1087579","M","2020-08-12T21:57:44.000","M010","M010-ZN16","M-13","Active","M010-ZN16-BLG0702",,"186368","Polygon","[[[-73.9664,40.7741],[-73.9665,40.774],[-73.9665,40.774],[-73.9665,40.7739],[-73.9665,40.7739],[-73.9666,40.7739],[-73.9666,40.7739],[-73.9666,40.7739],[-73.9667,40.7739],[-73.9666,40.7739],[-73.9666,40.7739],[-73.9666,40.774],[-73.9666,40.774],[-73.9665,40.774],[-73.9665,40.7741],[-73.9665,40.7741],[-73.9664,40.7741]]]"
,,"3402740","B","2020-08-12T21:57:44.000","B028","B028-03","B-10","Active","B028-03-BLG0001",,"1232889","Polygon","[[[-74.0131,40.6131],[-74.0131,40.613],[-74.0132,40.6131],[-74.0132,40.6131],[-74.0131,40.6131]]]"
,,"1089603","M","2020-08-12T21:57:44.000","M042","M042-ZN01","M-12","Active","M042-ZN01-BLG1463",,"567500","Polygon","[[[-73.9214,40.8702],[-73.9214,40.8702],[-73.9214,40.8702],[-73.9215,40.8703],[-73.9214,40.8703],[-73.9213,40.8703],[-73.9214,40.8702]]]"
,,"1089222","M","2020-08-12T21:57:44.000","M042","M042","M-12","Active","M042-BLG1451",,"568332","Polygon","[[[-73.9289,40.8674],[-73.929,40.8673],[-73.929,40.8673],[-73.9291,40.8673],[-73.9291,40.8674],[-73.9291,40.8674],[-73.9291,40.8674],[-73.9291,40.8674],[-73.9292,40.8675],[-73.9292,40.8675],[-73.9292,40.8675],[-73.9291,40.8675],[-73.9289,40.8674]]]"
,,"3049973","B","2020-08-12T21:57:43.000","B088","BR-07","BR-07","Active","B088-BLG1036",,"340037","Polygon","[[[-73.9463,40.6899],[-73.9463,40.6898],[-73.9463,40.6898],[-73.9463,40.6898],[-73.9463,40.6898],[-73.9464,40.6898],[-73.9464,40.6897],[-73.9465,40.6897],[-73.9465,40.6898],[-73.9466,40.6898],[-73.9466,40.6898],[-73.9467,40.6898],[-73.9467,40.6897],[-73.9467,40.6898],[-73.9467,40.6899],[-73.9467,40.6899],[-73.9466,40.6899],[-73.9464,40.6899],[-73.9464,40.6899],[-73.9463,40.6899],[-73.9463,40.6899],[-73.9463,40.6899],[-73.9463,40.6899]]]"
,,"2018251","X","2020-08-12T21:57:43.000","X104","XR-05","XR-05","Active","X104-BLG0854",,"149955","Polygon","[[[-73.8785,40.8766],[-73.8783,40.8766],[-73.8783,40.8765],[-73.8783,40.8765],[-73.8783,40.8765],[-73.8784,40.8765],[-73.8784,40.8765],[-73.8784,40.8765],[-73.8784,40.8765],[-73.8784,40.8765],[-73.8785,40.8765],[-73.8785,40.8765],[-73.8785,40.8765],[-73.8786,40.8766],[-73.8786,40.8766],[-73.8786,40.8766],[-73.8787,40.8766],[-73.8787,40.8766],[-73.8787,40.8766],[-73.8787,40.8766],[-73.8787,40.8766],[-73.8787,40.8766],[-73.8787,40.8766],[-73.8787,40.8766],[-73.8787,40.8766],[-73.8787,40.8766],[-73.8787,40.8766],[-73.8787,40.8767],[-73.8788,40.8767],[-73.8787,40.8767],[-73.8787,40.8767],[-73.8788,40.8768],[-73.8788,40.8768],[-73.8788,40.8768],[-73.8788,40.8768],[-73.8788,40.8768],[-73.8788,40.8768],[-73.8788,40.8768],[-73.8787,40.8769],[-73.8786,40.8768],[-73.8785,40.8766]]]"
,,"3335882","B","2020-08-12T21:57:43.000","B113A","B113A","B-02","Active","B113A-BLG1006",,"733762","Polygon","[[[-73.9904,40.6985],[-73.9904,40.6984],[-73.9905,40.6984],[-73.9907,40.6984],[-73.9908,40.6984],[-73.9908,40.6984],[-73.9908,40.6985],[-73.9908,40.6985],[-73.9908,40.6985],[-73.9906,40.6985],[-73.9904,40.6985]]]"
,,"4438666","Q","2020-08-12T21:57:43.000","Q023","Q023","Q-12","Active","Q023-BLG0486",,"361299","Polygon","[[[-73.8033,40.7034],[-73.8033,40.7033],[-73.8034,40.7033],[-73.8034,40.7033],[-73.8034,40.7033],[-73.8034,40.7033],[-73.8034,40.7033],[-73.8035,40.7033],[-73.8034,40.7034],[-73.8034,40.7034],[-73.8034,40.7034],[-73.8034,40.7034],[-73.8033,40.7034]]]"
"2020-05-12T14:38:54.000","2020-06-21T00:00:00.000","2109845","X","2020-08-12T21:57:43.000","X010A","X010A-02","X-06","Reopened","X010A-02-BLG0829","Completely Locked","919604","Polygon","[[[-73.8946,40.8446],[-73.8946,40.8445],[-73.8947,40.8445],[-73.8947,40.8446],[-73.8946,40.8446]]]"
"2020-05-12T14:38:52.000","2020-06-21T00:00:00.000","2128273","X","2020-08-12T21:57:43.000","X002","X002-07","X-14","Reopened","X002-07-BLG0924","Completely Locked","1226154","Polygon","[[[-73.8773,40.8431],[-73.8773,40.8431],[-73.8773,40.8431],[-73.8774,40.8432],[-73.8774,40.8432],[-73.8773,40.8432],[-73.8773,40.8431]]]"
,,"1081934","M","2020-08-12T21:57:43.000","M033","MR-04","MR-04","Active","M033-BLG1531",,"445450","Polygon","[[[-73.9813,40.7202],[-73.9814,40.72],[-73.9814,40.72],[-73.9814,40.7199],[-73.9814,40.7199],[-73.9815,40.7198],[-73.9815,40.7198],[-73.9816,40.7198],[-73.9815,40.72],[-73.9816,40.72],[-73.9815,40.72],[-73.9815,40.72],[-73.9815,40.7201],[-73.9815,40.7201],[-73.9814,40.7202],[-73.9813,40.7202],[-73.9813,40.7202]]]"
,,"1089147","M","2020-08-12T21:57:43.000","M014","M014","M-10","Active","M014-BLG0678",,"197632","Polygon","[[[-73.9413,40.8259],[-73.9412,40.8259],[-73.9412,40.8259],[-73.9413,40.8259],[-73.9413,40.8259],[-73.9413,40.8259],[-73.9413,40.8259],[-73.9413,40.8259],[-73.9413,40.8259]]]"
,,"1083333","M","2020-08-12T21:57:42.000","M071","M071","M-14","Active","M071-BLG1495",,"203589","Polygon","[[[-73.982,40.7873],[-73.982,40.7873],[-73.9822,40.7873],[-73.9822,40.7874],[-73.982,40.7873]]]"
,,"1083821","M","2020-08-12T21:57:42.000","M010","M010-ZN34","M-13","Active","M010-ZN34-BLG0697",,"197917","Polygon","[[[-73.9621,40.7895],[-73.9619,40.7895],[-73.9619,40.7895],[-73.9619,40.7895],[-73.9619,40.7895],[-73.9617,40.7895],[-73.9617,40.7894],[-73.9617,40.7894],[-73.9618,40.7894],[-73.9618,40.7894],[-73.9618,40.7894],[-73.9618,40.7894],[-73.9619,40.7893],[-73.9619,40.7894],[-73.962,40.7893],[-73.962,40.7893],[-73.962,40.7893],[-73.9621,40.7894],[-73.9621,40.7894],[-73.9621,40.7894],[-73.9621,40.7895]]]"
"2020-05-12T14:38:46.000","2020-06-23T00:00:00.000","3021055","B","2020-08-12T21:57:42.000","B111","B111","B-06","Reopened","B111-BLG1074","Completely Locked","766486","Polygon","[[[-73.9845,40.673],[-73.9846,40.6729],[-73.9846,40.673],[-73.9847,40.6729],[-73.9847,40.6729],[-73.9846,40.6731],[-73.9845,40.673]]]"
,,"3347261","B","2020-08-12T21:57:42.000","B068","B073-ZN28","B-14","Active","B073-ZN28-BLG1166",,"10343","Polygon","[[[-73.9657,40.6519],[-73.9658,40.6518],[-73.9658,40.6519],[-73.9657,40.6519],[-73.9657,40.6519]]]"
,,"4135976","Q","2020-08-12T21:57:42.000","Q012","Q012-ZN01","Q-07A","Active","Q012-ZN01-BLG0359",,"698153","Polygon","[[[-73.7694,40.7722],[-73.7694,40.7721],[-73.7693,40.7721],[-73.7693,40.772],[-73.7693,40.772],[-73.7693,40.7719],[-73.7694,40.7719],[-73.7694,40.772],[-73.7694,40.772],[-73.7694,40.7721],[-73.7694,40.7721],[-73.7694,40.7721],[-73.7694,40.7722],[-73.7694,40.7722],[-73.7694,40.7722]]]"
"2020-05-12T14:38:44.000","2020-06-21T00:00:00.000","2111678","X","2020-08-12T21:57:42.000","X193","X193","X-12","Reopened","X193-BLG0940","inside closed playground","2993","Polygon","[[[-73.8391,40.8855],[-73.8392,40.8855],[-73.8392,40.8856],[-73.8392,40.8856],[-73.8391,40.8856],[-73.8391,40.8855],[-73.8391,40.8855]]]"
,,"4594533","Q","2020-08-12T21:57:41.000","Q448","Q448-ZN02A","Q-12","Active","Q448-ZN02A-BLG0399",,"1071102","Polygon","[[[-73.7725,40.6876],[-73.7725,40.6876],[-73.7726,40.6876],[-73.7726,40.6876],[-73.7725,40.6877],[-73.7724,40.6877],[-73.7725,40.6876]]]"
,,"3418110","B","2020-08-12T21:57:41.000","B054","B054","B-08","UnderConstruction","B054-BLG1095",,"294259","Polygon","[[[-73.9275,40.6664],[-73.9275,40.6663],[-73.9276,40.6663],[-73.9276,40.6664],[-73.9275,40.6664]]]"
"2020-05-12T14:38:41.000","2020-06-21T00:00:00.000","1090507","M","2020-08-12T21:57:41.000","M077","M077-02","M-09","Reopened","M077-02-BLG1504",,"1283771","Polygon","[[[-73.949,40.8156],[-73.9491,40.8156],[-73.9491,40.8157],[-73.949,40.8156],[-73.949,40.8156]]]"
"2020-05-12T14:38:40.000","2020-06-21T00:00:00.000","1084080","M","2020-08-12T21:57:41.000","M077","M077-03","M-09","Reopened","M077-03-BLG1499",,"1244064","Polygon","[[[-73.9466,40.8208],[-73.9466,40.8208],[-73.9467,40.8208],[-73.9467,40.8208],[-73.9467,40.8208],[-73.9467,40.8209],[-73.9467,40.8209],[-73.9466,40.8209],[-73.9466,40.8208]]]"
"2020-05-12T14:38:39.000","2020-06-21T00:00:00.000","1089540","M","2020-08-12T21:57:41.000","M077","M077-04","M-09","Reopened","M077-04-BLG1501",,"1225575","Polygon","[[[-73.9509,40.8137],[-73.9509,40.8137],[-73.951,40.8137],[-73.9509,40.8137],[-73.9509,40.8137]]]"
,,"4265591","Q","2020-08-12T21:57:41.000","Q005","Q005-ZN01","Q-12","Active","Q005-ZN01-BLG0419",,"510702","Polygon","[[[-73.7871,40.6813],[-73.7872,40.6813],[-73.7873,40.6815],[-73.7872,40.6815],[-73.7871,40.6813]]]"
,,"4572064","Q","2020-08-12T21:57:40.000","Q005","Q005-ZN03","Q-12","Active","Q005-ZN03-BLG0356",,"753069","Polygon","[[[-73.7842,40.6778],[-73.7841,40.6778],[-73.7841,40.6777],[-73.7842,40.6778],[-73.7842,40.6778],[-73.7842,40.6778],[-73.7842,40.6778]]]"
,"2020-06-21T14:30:00.000","4442278","Q","2020-08-12T21:57:40.000","Q005","Q005-ZN04","Q-12","Reopened","Q005-ZN04-BLG0420",,"834229","Polygon","[[[-73.7878,40.6747],[-73.7878,40.6746],[-73.7878,40.6746],[-73.7879,40.6746],[-73.7879,40.6747],[-73.7879,40.6747],[-73.7878,40.6747]]]"
,,"4527587","Q","2020-08-12T21:57:39.000","Q005","Q005-ZN02","Q-12","Active","Q005-BLG0172",,"971927","Polygon","[[[-73.7867,40.678],[-73.7867,40.678],[-73.7868,40.678],[-73.7867,40.6781],[-73.7867,40.678]]]"
,,"4586369","Q","2020-08-12T21:57:39.000","Q005","Q005-ZN05","Q-12","Active","Q005-ZN05-BLG0418",,"599387","Polygon","[[[-73.7886,40.6691],[-73.7886,40.6691],[-73.7887,40.6691],[-73.7887,40.6692],[-73.7886,40.6691]]]"
,"2020-06-21T12:55:56.000","4095654","Q","2020-08-12T21:57:39.000","Q009","Q009-ZN02","Q-07","Reopened","Q009-ZN02-BLG0409",,"1283770","Polygon","[[[-73.8514,40.7935],[-73.8514,40.7935],[-73.8514,40.7935],[-73.8514,40.7935],[-73.8514,40.7936],[-73.8513,40.7935],[-73.8513,40.7935],[-73.8513,40.7935],[-73.8514,40.7935]]]"
,,"4528585","Q","2020-08-12T21:57:39.000","Q406","Q406","Q-13","Active","Q406-BLG0539",,"979093","Polygon","[[[-73.7595,40.6638],[-73.7595,40.6638],[-73.7596,40.6638],[-73.7596,40.6638],[-73.7595,40.6638]]]"
"2020-05-12T14:38:28.000","2020-06-23T00:00:00.000","3388340","B","2020-08-12T21:57:39.000","B032","B032-01","B-02","Reopened","B032-01-BLG1014","Completely Locked","1261724","Polygon","[[[-73.9773,40.6924],[-73.9772,40.6924],[-73.9772,40.6923],[-73.9773,40.6923],[-73.9773,40.6924]]]"
"2020-05-28T16:37:36.000","2020-06-23T00:00:00.000","3388341","B","2020-08-12T21:57:38.000","B032","B032_temp","B-02","Reopened","B032-ZN01-BLG1013","Completely Locked","630917","Polygon","[[[-73.9747,40.6923],[-73.9747,40.6923],[-73.9747,40.6923],[-73.9746,40.6923],[-73.9747,40.6922],[-73.9746,40.6922],[-73.9747,40.6921],[-73.9748,40.6922],[-73.9748,40.6922],[-73.9748,40.6922],[-73.9747,40.6923]]]"
,,"3423771","B","2020-08-12T21:57:38.000","B080","B080","B-13","Active","B080-BLG1137",,"1201160","Polygon","[[[-73.9729,40.5754],[-73.9729,40.5754],[-73.9729,40.5754],[-73.9729,40.5755],[-73.9729,40.5754]]]"
"2020-05-12T14:38:25.000","2020-06-22T00:00:00.000","5156998","R","2020-08-12T21:57:38.000","R046","R046","R-02B","Reopened","R046-BLG6198",,"942400","Polygon","[[[-74.0635,40.5924],[-74.0636,40.5923],[-74.0637,40.5924],[-74.0635,40.5925],[-74.0635,40.5924]]]"
,,"5162375","R","2020-08-12T21:57:38.000","R046","R046-ZN03","R-02B","Active","R046-ZN03-BLG1318",,"288848","Polygon","[[[-74.0758,40.5798],[-74.0759,40.5797],[-74.0759,40.5797],[-74.076,40.5797],[-74.076,40.5797],[-74.0759,40.5798],[-74.0758,40.5799],[-74.0758,40.5798]]]"
"2020-05-12T14:38:23.000","2020-06-21T00:00:00.000","1089166","M","2020-08-12T21:57:38.000","M037","M037-04","M-12A","Reopened","M037-04-BLG1550","Completely Locked","148253","Polygon","[[[-73.9271,40.8528],[-73.9271,40.8528],[-73.9271,40.8528],[-73.9272,40.8528],[-73.9272,40.8527],[-73.9272,40.8527],[-73.9272,40.8528],[-73.9272,40.8528],[-73.9272,40.8528],[-73.9272,40.8528],[-73.9272,40.8529],[-73.9271,40.8529],[-73.9271,40.8528],[-73.9271,40.8528],[-73.9271,40.8528]]]"
"2020-05-12T14:38:22.000","2020-06-21T00:00:00.000","1090093","M","2020-08-12T21:57:38.000","M037","M037-03","M-12A","Reopened","M037-03-BLG1549","Completely Locked","1269520","Polygon","[[[-73.9311,40.8472],[-73.9312,40.8472],[-73.9312,40.8472],[-73.9312,40.8473],[-73.9311,40.8472]]]"
,,"3400244","B","2020-08-12T21:57:38.000","B082","B082-ZN02","B-10","Active","B082-ZN02-BLG1104",,"491462","Polygon","[[[-74.0386,40.6321],[-74.0387,40.6321],[-74.0387,40.6321],[-74.0387,40.632],[-74.0387,40.632],[-74.0388,40.632],[-74.0388,40.632],[-74.0388,40.632],[-74.0388,40.6321],[-74.0387,40.6321],[-74.0387,40.6321],[-74.0387,40.6321],[-74.0387,40.6322],[-74.0387,40.6321],[-74.0386,40.6321]]]"
"2020-06-01T16:56:19.000","2020-06-23T00:00:00.000","3340027","B","2020-08-12T21:57:37.000","B082","B082-ZN05","B-10","Reopened","B082-ZN05-BLG1107","Completely Locked","444886","Polygon","[[[-74.0393,40.6163],[-74.0393,40.6162],[-74.0394,40.6162],[-74.0394,40.6162],[-74.0395,40.6161],[-74.0396,40.6161],[-74.0396,40.6161],[-74.0396,40.6161],[-74.0397,40.6162],[-74.0396,40.6162],[-74.0396,40.6162],[-74.0395,40.6162],[-74.0394,40.6163],[-74.0394,40.6163],[-74.0393,40.6163]]]"
,,"3397289","B","2020-08-12T21:57:37.000","B082","B082-ZN04","B-10","Active","B082-ZN04-BLG1106",,"406606","Polygon","[[[-74.0356,40.612],[-74.0357,40.6119],[-74.0358,40.612],[-74.0358,40.612],[-74.0357,40.612],[-74.0357,40.6121],[-74.0356,40.612],[-74.0356,40.612]]]"
,,"2124766","X","2020-08-12T21:57:37.000","X047","X047-ZN01","X-04","Active","X047-BLG0811",,"1216114","Polygon","[[[-73.9259,40.8213],[-73.926,40.8213],[-73.9261,40.8214],[-73.926,40.8214],[-73.9259,40.8213]]]"
,,"2015440","X","2020-08-12T21:57:37.000","X136","X136","X-07","Active","X136-BLG0848",,"550218","Polygon","[[[-73.8928,40.8754],[-73.8927,40.8753],[-73.8927,40.8754],[-73.8926,40.8753],[-73.8926,40.8753],[-73.8926,40.8753],[-73.8926,40.8752],[-73.8927,40.8752],[-73.8928,40.8753],[-73.8928,40.8753],[-73.8928,40.8754]]]"
,,"2127796","X","2020-08-12T21:57:37.000","X118","X118-02","X-09","Active","X118-02-BLG0885",,"1269126","Polygon","[[[-73.8703,40.8179],[-73.8704,40.8179],[-73.8705,40.8181],[-73.8704,40.8181],[-73.8703,40.8179]]]"
,,"1079658","M","2020-08-12T21:57:37.000","M144","M144-ZN06","M-03","Active","M144-ZN06-BLG1520",,"86250","Polygon","[[[-73.9728,40.7239],[-73.9728,40.7238],[-73.9729,40.7238],[-73.9729,40.7239],[-73.9728,40.7239]]]"
,,"3174928","B","2020-08-12T21:57:37.000","B128","B128","B-12","Active","B128-BLG1128",,"148220","Polygon","[[[-73.9696,40.6101],[-73.9695,40.61],[-73.9696,40.61],[-73.9696,40.61],[-73.9697,40.61],[-73.9697,40.6101],[-73.9696,40.6101]]]"
"2020-05-12T14:38:10.000","2020-06-21T00:00:00.000","1084026","M","2020-08-12T21:57:37.000","M056","M056-02","M-09","Reopened","M056-02-BLG1503","Completely Locked","776134","Polygon","[[[-73.9578,40.8068],[-73.9578,40.8067],[-73.9578,40.8067],[-73.9579,40.8068],[-73.9579,40.8068],[-73.9579,40.8068],[-73.9578,40.8068]]]"
"2020-05-12T14:38:09.000","2020-06-22T00:00:00.000","3229156","B","2020-08-12T21:57:36.000","B247","B247-01","B-18","Reopened","B247-01-BLG1215","Completely Locked","325072","Polygon","[[[-73.8939,40.6537],[-73.894,40.6537],[-73.894,40.6537],[-73.894,40.6538],[-73.8939,40.6537]]]"
"2020-05-12T14:38:08.000","2020-06-21T13:10:59.000","4101351","Q","2020-08-12T21:57:36.000","Q126","Q126-01","Q-07","Reopened","Q126-01-BLG0480",,"155296","Polygon","[[[-73.8256,40.7962],[-73.8257,40.7962],[-73.8257,40.7963],[-73.8257,40.7963],[-73.8256,40.7962]]]"
"2020-05-28T16:36:53.000","2020-06-22T00:00:00.000","3057920","B","2020-08-12T21:57:36.000","B021","B021","B-02","Reopened","B021-BLG1001","Completely Locked","678905","Polygon","[[[-73.9792,40.6976],[-73.9792,40.6975],[-73.9793,40.6975],[-73.9793,40.6975],[-73.9793,40.6976],[-73.9793,40.6976],[-73.9792,40.6976]]]"
,,"4458852","Q","2020-08-12T21:57:36.000","Q099","Q099-ZN20","Q-15","Active","Q099-ZN20-BLG0360",,"997560","Polygon","[[[-73.8411,40.7407],[-73.8411,40.7406],[-73.8412,40.7406],[-73.8412,40.7406],[-73.8413,40.7406],[-73.8413,40.7407],[-73.8413,40.7407],[-73.8413,40.7407],[-73.8411,40.7407]]]"
,,"4541443","Q","2020-08-12T21:57:36.000","Q084A","Q099","Q-06","Active","Q099-BLG0328",,"1073747","Polygon","[[[-73.8457,40.7371],[-73.8458,40.7371],[-73.8458,40.7372],[-73.8457,40.7372],[-73.8457,40.7371]]]"
"2020-05-28T16:54:10.000","2020-06-22T00:00:00.000","3144373","B","2020-08-12T21:57:36.000","B052","B052","B-10","Reopened","B052-BLG1113","Completely Locked","840702","Polygon","[[[-74.0193,40.6355],[-74.0193,40.6354],[-74.0194,40.6355],[-74.0193,40.6355],[-74.0193,40.6355]]]"
,,"1089148","M","2020-08-12T21:57:36.000","M014","M014","M-10","Active","M014-BLG0676",,"807415","Polygon","[[[-73.9399,40.8279],[-73.94,40.8279],[-73.94,40.8279],[-73.94,40.8279],[-73.94,40.8279],[-73.94,40.8279],[-73.94,40.828],[-73.94,40.828],[-73.94,40.828],[-73.94,40.828],[-73.94,40.828],[-73.94,40.828],[-73.94,40.828],[-73.9399,40.828],[-73.9399,40.828],[-73.9399,40.828],[-73.9399,40.828],[-73.9399,40.828],[-73.9399,40.828],[-73.9399,40.8279],[-73.9399,40.8279],[-73.9399,40.8279],[-73.9399,40.8279],[-73.9399,40.8279],[-73.9399,40.8279],[-73.9399,40.8279],[-73.9399,40.8279]]]"
,,"4616168","Q","2020-08-12T21:57:36.000","Q021","Q021-ZN02","Q-08","Active","Q021-ZN02-BLG0428",,"393614","Polygon","[[[-73.7735,40.7295],[-73.7736,40.7295],[-73.7737,40.7297],[-73.7736,40.7298],[-73.7735,40.7295]]]"
,,"4163952","Q","2020-08-12T21:57:36.000","Q021","Q021-ZN03","Q-08","Active","Q021-ZN03-BLG0450",,"985173","Polygon","[[[-73.7706,40.7366],[-73.7707,40.7366],[-73.7707,40.7366],[-73.7707,40.7367],[-73.7706,40.7367],[-73.7706,40.7366],[-73.7706,40.7366]]]"
,,"1085921","M","2020-08-12T21:57:35.000","M104","M104","M-11R","Active","M104-BLG1555",,"86709","Polygon","[[[-73.9236,40.7959],[-73.9236,40.7959],[-73.9236,40.7959],[-73.9237,40.796],[-73.9235,40.7962],[-73.9234,40.7961],[-73.9236,40.7959]]]"
,,"1085645","M","2020-08-12T21:57:35.000","M104","M104-ZN04","M-11R","Active","M104-ZN04-BLG15901",,"1107981","Polygon","[[[-73.9241,40.7931],[-73.9245,40.7929],[-73.9247,40.7927],[-73.9248,40.7924],[-73.9248,40.7924],[-73.9249,40.7924],[-73.9252,40.7925],[-73.9252,40.7926],[-73.9252,40.7926],[-73.9252,40.7926],[-73.9245,40.7934],[-73.9245,40.7933],[-73.9241,40.7931]]]"
"2020-05-12T14:37:56.000",,"5095251","R","2020-08-12T21:57:35.000","R008","R008_temp","RR-04","COVID-19 Closure","R008-BLG1298",,"118243","Polygon","[[[-74.1351,40.641],[-74.1351,40.641],[-74.1351,40.641],[-74.1351,40.641],[-74.1351,40.641],[-74.1351,40.641],[-74.1354,40.641],[-74.1355,40.641],[-74.1356,40.641],[-74.1356,40.641],[-74.1356,40.641],[-74.1356,40.641],[-74.1356,40.641],[-74.1356,40.6411],[-74.1356,40.6411],[-74.1356,40.6411],[-74.1351,40.6411],[-74.1351,40.6411],[-74.1351,40.6411],[-74.1351,40.641],[-74.1351,40.641],[-74.1351,40.641],[-74.1351,40.641]]]"
,,"2009888","X","2020-08-12T21:57:35.000","X010","X010-ZN07","X-03","Active","X010-ZN07-BLG0787",,"657877","Polygon","[[[-73.8961,40.8351],[-73.8962,40.8351],[-73.8963,40.8351],[-73.8962,40.8352],[-73.8961,40.8351]]]"
,,"1063445","M","2020-08-12T21:57:35.000","M099","MR-06","MR-06","Active","M099-BLG1468",,"468985","Polygon","[[[-73.9409,40.8467],[-73.9407,40.8464],[-73.9407,40.8464],[-73.9407,40.8464],[-73.9406,40.8464],[-73.9406,40.8464],[-73.9406,40.8464],[-73.9406,40.8464],[-73.9406,40.8464],[-73.9406,40.8464],[-73.9406,40.8464],[-73.9406,40.8464],[-73.9406,40.8464],[-73.9406,40.8464],[-73.9406,40.8464],[-73.9405,40.8464],[-73.9405,40.8464],[-73.9405,40.8464],[-73.9405,40.8464],[-73.9405,40.8464],[-73.9405,40.8464],[-73.9405,40.8464],[-73.9404,40.8464],[-73.9404,40.8464],[-73.9404,40.8463],[-73.9405,40.8463],[-73.9405,40.8463],[-73.9405,40.8464],[-73.9405,40.8464],[-73.9405,40.8464],[-73.9405,40.8464],[-73.9405,40.8464],[-73.9406,40.8464],[-73.9406,40.8464],[-73.9406,40.8464],[-73.9406,40.8464],[-73.9406,40.8463],[-73.9406,40.8463],[-73.9406,40.8463],[-73.9406,40.8463],[-73.9407,40.8463],[-73.9407,40.8463],[-73.9407,40.8463],[-73.9407,40.8463],[-73.9407,40.8463],[-73.9408,40.8463],[-73.9408,40.8463],[-73.9408,40.8463],[-73.9408,40.8463],[-73.9408,40.8463],[-73.9408,40.8463],[-73.9408,40.8463],[-73.9408,40.8463],[-73.9408,40.8463],[-73.9408,40.8463],[-73.9408,40.8462],[-73.9408,40.8462],[-73.9408,40.8462],[-73.9408,40.8462],[-73.9408,40.8462],[-73.9408,40.8462],[-73.9408,40.8462],[-73.9408,40.8462],[-73.9408,40.8462],[-73.9408,40.8462],[-73.9409,40.8462],[-73.9409,40.8462],[-73.9408,40.8462],[-73.9408,40.8462],[-73.9408,40.8463],[-73.9408,40.8463],[-73.9408,40.8463],[-73.9408,40.8463],[-73.9408,40.8463],[-73.9408,40.8463],[-73.9408,40.8463],[-73.9408,40.8463],[-73.9408,40.8463],[-73.9408,40.8463],[-73.9408,40.8463],[-73.9408,40.8463],[-73.9408,40.8463],[-73.9408,40.8464],[-73.9408,40.8464],[-73.9408,40.8464],[-73.9408,40.8464],[-73.9408,40.8464],[-73.9409,40.8465],[-73.9409,40.8465],[-73.941,40.8466],[-73.9409,40.8467]]]"
"2020-05-12T14:37:53.000",,"2009886","X","2020-08-12T21:57:35.000","X010","X010-ZN08","X-03","UnderConstruction","X010-ZN08-BLG0784",,"188936","Polygon","[[[-73.8997,40.8356],[-73.8997,40.8355],[-73.8997,40.8355],[-73.8997,40.8356],[-73.8997,40.8356],[-73.8998,40.8356],[-73.8997,40.8356],[-73.8997,40.8356],[-73.8997,40.8356],[-73.8997,40.8356],[-73.8997,40.8356],[-73.8997,40.8356],[-73.8997,40.8356]]]"
,,"2120523","X","2020-08-12T21:57:35.000","X010","X010-ZN03","X-03","Active","X010-ZN03-BLG0786",,"199948","Polygon","[[[-73.8954,40.8399],[-73.8954,40.8399],[-73.8954,40.8399],[-73.8954,40.8399],[-73.8955,40.8399],[-73.8954,40.84],[-73.8954,40.84],[-73.8954,40.8401],[-73.8953,40.8401],[-73.8952,40.8401],[-73.8952,40.8401],[-73.8952,40.8401],[-73.8954,40.8399]]]"
,,"2094527","X","2020-08-12T21:57:35.000","X008","X008-ZN01","X-04","Active","X008-ZN01-BLG0806",,"386345","Polygon","[[[-73.9068,40.8415],[-73.9068,40.8414],[-73.9068,40.8415],[-73.9069,40.8415],[-73.9069,40.8415],[-73.9068,40.8415],[-73.9068,40.8415]]]"
"2020-05-12T14:37:48.000","2020-07-06T00:00:00.000","2096995","X","2020-08-12T21:57:35.000","X008","X008-01","X-04","Reopened","X008-01-BLG0810",,"744712","Polygon","[[[-73.908,40.8377],[-73.908,40.8376],[-73.9081,40.8376],[-73.9081,40.8377],[-73.908,40.8377],[-73.908,40.8377],[-73.908,40.8377]]]"
,"2020-06-23T10:56:07.000","4439845","Q","2020-08-12T21:57:34.000","Q099","Q099_temp1","Q-15","Reopened","Q099-18-BLG0353",,"242817","Polygon","[[[-73.8494,40.7409],[-73.8494,40.7409],[-73.8494,40.7409],[-73.8494,40.7409],[-73.8494,40.7409],[-73.8494,40.7409],[-73.8494,40.7409],[-73.8494,40.7409],[-73.8494,40.7409],[-73.8494,40.7409],[-73.8494,40.7409],[-73.8494,40.7409],[-73.8494,40.7409],[-73.8494,40.7409],[-73.8494,40.7409],[-73.8494,40.7409],[-73.8494,40.7409],[-73.8494,40.7409],[-73.8494,40.7409],[-73.8494,40.7409],[-73.8494,40.7409],[-73.8494,40.7409],[-73.8494,40.7409],[-73.8495,40.7408],[-73.8495,40.7408],[-73.8495,40.7408],[-73.8495,40.7408],[-73.8496,40.7408],[-73.8496,40.7409],[-73.8496,40.7409],[-73.8496,40.7409],[-73.8496,40.741],[-73.8496,40.741],[-73.8496,40.741],[-73.8496,40.741],[-73.8496,40.741],[-73.8495,40.741],[-73.8495,40.741],[-73.8495,40.741],[-73.8495,40.741],[-73.8495,40.741],[-73.8495,40.7409],[-73.8495,40.7409],[-73.8495,40.7409],[-73.8494,40.7409],[-73.8494,40.7409]]]"
,,"3061641","B","2020-08-12T21:57:34.000","B529","B529","B-01","Active","B529-BLG1627",,"1254687","Polygon","[[[-73.9607,40.7223],[-73.9601,40.7219],[-73.9605,40.7216],[-73.9606,40.7216],[-73.9608,40.7217],[-73.9609,40.7217],[-73.9609,40.7218],[-73.9609,40.7218],[-73.9609,40.7218],[-73.9609,40.7219],[-73.9609,40.7219],[-73.961,40.7219],[-73.961,40.7219],[-73.961,40.7219],[-73.9607,40.7223]]]"
,,"1086545","M","2020-08-12T21:57:34.000","M063","MR-10","M-07","Active","M063-BLG1516",,"52113","Polygon","[[[-73.9885,40.7715],[-73.9886,40.7714],[-73.9886,40.7715],[-73.9887,40.7713],[-73.9888,40.7713],[-73.9889,40.7714],[-73.9889,40.7714],[-73.989,40.7714],[-73.9889,40.7715],[-73.9889,40.7715],[-73.9888,40.7716],[-73.9888,40.7716],[-73.9887,40.7716],[-73.9886,40.7716],[-73.9885,40.7715]]]"
"2020-05-12T14:37:44.000",,"5166120","R","2020-08-12T21:57:34.000","R105","R105","R-01","UnderConstruction","R105-BLG1274","Completely Locked","1187965","Polygon","[[[-74.1176,40.6288],[-74.1177,40.6288],[-74.1177,40.6288],[-74.1177,40.6288],[-74.1177,40.6288],[-74.1177,40.6288],[-74.1177,40.6288],[-74.1176,40.6288],[-74.1176,40.6288]]]"
,,"1088287","M","2020-08-12T21:57:34.000","M107","M107","M-11R","Active","M107-BLG6089",,"1119200","Polygon","[[[-73.9307,40.783],[-73.9307,40.783],[-73.9308,40.7831],[-73.9308,40.7831],[-73.9308,40.7831],[-73.9308,40.7831],[-73.9307,40.7831],[-73.9307,40.7831],[-73.9307,40.783]]]"
"2020-05-12T14:37:41.000","2020-06-22T00:00:00.000","5156286","R","2020-08-12T21:57:34.000","R045","R045-01","R-02","Reopened","R045-BLG6078","Completely Locked","1270443","Polygon","[[[-74.1878,40.5901],[-74.1878,40.5901],[-74.1878,40.5901],[-74.1878,40.5901],[-74.1878,40.5901],[-74.1878,40.5901],[-74.1878,40.5901],[-74.1878,40.5901],[-74.1878,40.5901],[-74.1878,40.5901],[-74.1878,40.5901],[-74.1878,40.59],[-74.1878,40.59],[-74.1878,40.59],[-74.1879,40.59],[-74.1879,40.59],[-74.1879,40.59],[-74.1879,40.59],[-74.1879,40.59],[-74.1879,40.59],[-74.1879,40.59],[-74.1879,40.5901],[-74.1879,40.5901],[-74.1879,40.5901],[-74.1879,40.5901],[-74.1879,40.5901],[-74.1879,40.5901],[-74.1879,40.5901],[-74.1879,40.5901],[-74.1879,40.5901],[-74.1879,40.5901],[-74.1879,40.5901],[-74.1879,40.5901],[-74.1879,40.5901],[-74.1879,40.5901],[-74.1879,40.5901],[-74.1879,40.5901],[-74.1879,40.5901],[-74.1879,40.5901],[-74.1879,40.5901],[-74.1879,40.5902],[-74.1879,40.5902],[-74.1879,40.5902],[-74.1879,40.5902],[-74.1879,40.5902],[-74.1879,40.5902],[-74.1879,40.5902],[-74.1879,40.5902],[-74.1879,40.5902],[-74.1879,40.5902],[-74.1879,40.5902],[-74.1879,40.5902],[-74.1879,40.5902],[-74.1878,40.5901],[-74.1878,40.5901],[-74.1878,40.5901],[-74.1878,40.5901],[-74.1878,40.5901],[-74.1878,40.5901],[-74.1878,40.5901],[-74.1878,40.5901],[-74.1878,40.5901]]]"
"2020-05-12T14:37:40.000","2020-06-22T14:22:00.000","4062889","Q","2020-08-12T21:57:34.000","Q492","Q492","Q-04","Reopened","Q492-BLG6076","Completely Locked","1283769","Polygon","[[[-73.885,40.7305],[-73.885,40.7305],[-73.885,40.7305],[-73.885,40.7305],[-73.885,40.7305],[-73.885,40.7305],[-73.8851,40.7305],[-73.8851,40.7305],[-73.8851,40.7305],[-73.8851,40.7305],[-73.8851,40.7305],[-73.8851,40.7305],[-73.8852,40.7305],[-73.8852,40.7305],[-73.8852,40.7305],[-73.8852,40.7305],[-73.8852,40.7306],[-73.8852,40.7306],[-73.8852,40.7306],[-73.8852,40.7306],[-73.8851,40.7306],[-73.8851,40.7306],[-73.8851,40.7306],[-73.8851,40.7306],[-73.8851,40.7306],[-73.885,40.7305]]]"
"2020-05-12T14:37:39.000","2020-06-22T00:00:00.000","3096211","B","2020-08-12T21:57:33.000","B103","B103","B-05","Reopened","B103-BLG1056","Completely Locked","55328","Polygon","[[[-73.8711,40.6707],[-73.8711,40.6707],[-73.8712,40.6708],[-73.871,40.6708],[-73.871,40.6707],[-73.871,40.6707],[-73.8711,40.6707]]]"
"2020-05-12T14:37:38.000","2020-06-22T00:00:00.000","3203377","B","2020-08-12T21:57:33.000","B109","B109","B-15","Reopened","B109-BLG1168","Completely Locked","803381","Polygon","[[[-73.9456,40.5918],[-73.9455,40.5917],[-73.9455,40.5917],[-73.9455,40.5917],[-73.9455,40.5917],[-73.9455,40.5917],[-73.9456,40.5917],[-73.9456,40.5917],[-73.9456,40.5917],[-73.9456,40.5917],[-73.9456,40.5917],[-73.9456,40.5917],[-73.9456,40.5917],[-73.9456,40.5917],[-73.9456,40.5917],[-73.9456,40.5917],[-73.9456,40.5917],[-73.9456,40.5917],[-73.9456,40.5917],[-73.9456,40.5917],[-73.9456,40.5917],[-73.9456,40.5917],[-73.9456,40.5917],[-73.9456,40.5917],[-73.9456,40.5917],[-73.9456,40.5918],[-73.9457,40.5918],[-73.9457,40.5918],[-73.9455,40.5918],[-73.9455,40.5918],[-73.9456,40.5918]]]"
,"2020-06-19T08:13:40.000","4286092","Q","2020-08-12T21:57:39.000","Q107","Q107","Q-13","Reopened","Q107-BLG0320",,"130309","Polygon","[[[-73.7622,40.6608],[-73.7623,40.6607],[-73.7623,40.6608],[-73.7623,40.6608],[-73.7623,40.6608],[-73.7624,40.6608],[-73.7624,40.6608],[-73.7625,40.6608],[-73.7624,40.6609],[-73.7623,40.6608],[-73.7623,40.6608],[-73.7622,40.6608],[-73.7622,40.6608]]]"
,,"1089516","M","2020-08-12T21:57:33.000","M192","M192","M-08","Active","M192-BLG1605",,"1204376","Polygon","[[[-73.9445,40.7829],[-73.9445,40.7829],[-73.9446,40.7829],[-73.9446,40.783],[-73.9445,40.7829]]]"
"2020-05-12T14:37:36.000","2020-06-21T00:00:00.000","1054506","M","2020-08-12T21:57:33.000","M208A","M208A","M-11","Reopened","M208A-BLG1599","Completely Locked","498153","Polygon","[[[-73.9355,40.8066],[-73.9356,40.8065],[-73.9356,40.8065],[-73.9356,40.8066],[-73.9355,40.8066]]]"
"2020-05-12T14:37:35.000","2020-06-21T00:00:00.000","1088664","M","2020-08-12T21:57:33.000","M258","M258","M-15","Reopened","M258-BLG1586","Completely Locked","183337","Polygon","[[[-73.9379,40.7892],[-73.9379,40.7892],[-73.9379,40.7892],[-73.9378,40.7892],[-73.9379,40.7891],[-73.9379,40.7891],[-73.9379,40.7892],[-73.938,40.7892],[-73.9379,40.7892]]]"
"2020-05-12T14:37:33.000","2020-06-19T00:00:00.000","1003208","M","2020-08-12T21:57:33.000","M019","M019","M-03","Reopened","M019-BLG1543","Completely Locked","1200976","Polygon","[[[-73.9934,40.7108],[-73.9935,40.7108],[-73.9935,40.7109],[-73.9934,40.7109],[-73.9934,40.7108]]]"
"2020-05-12T14:37:32.000","2020-06-19T00:00:00.000","1004052","M","2020-08-12T21:57:33.000","M082","M082","M-03","Reopened","M082-BLG1542","Completely Locked","598037","Polygon","[[[-73.989,40.7148],[-73.989,40.7148],[-73.989,40.7148],[-73.9891,40.7146],[-73.989,40.7146],[-73.9891,40.7146],[-73.9891,40.7146],[-73.9892,40.7146],[-73.9891,40.7147],[-73.9891,40.7147],[-73.9891,40.7148],[-73.9891,40.7148],[-73.9891,40.7148],[-73.989,40.7148],[-73.989,40.7148]]]"
,,"1088212","M","2020-08-12T21:57:32.000","M259","M259","M-03","Active","M259-BLG1539",,"698112","Polygon","[[[-73.9856,40.7243],[-73.9856,40.7242],[-73.9856,40.7242],[-73.9857,40.7242],[-73.9856,40.7243],[-73.9856,40.7243],[-73.9856,40.7243]]]"
"2020-05-12T14:37:30.000",,"1003217","M","2020-08-12T21:57:32.000","M017","M017","M-03","UnderConstruction","M017-BLG1537","Completely Locked","264977","Polygon","[[[-73.9797,40.7118],[-73.9797,40.7117],[-73.9797,40.7117],[-73.9797,40.7117],[-73.9798,40.7117],[-73.9798,40.7117],[-73.9799,40.7117],[-73.9799,40.7118],[-73.9798,40.7118],[-73.9798,40.7118],[-73.9797,40.7118],[-73.9797,40.7118],[-73.9797,40.7118]]]"
,,"1079269","M","2020-08-12T21:57:32.000","M015","M015","M-01","Active","M015-BLG1536",,"434288","Polygon","[[[-74,40.7148],[-74.0002,40.7148],[-74.0002,40.7149],[-74,40.7149],[-74,40.7148]]]"
"2020-05-12T14:37:27.000","2020-06-19T00:00:00.000","1087053","M","2020-08-12T21:57:32.000","M235","M235","M-03","Reopened","M235-BLG1535","Completely Locked","599032","Polygon","[[[-73.9839,40.7144],[-73.984,40.7144],[-73.984,40.7144],[-73.9839,40.7144],[-73.9839,40.7144]]]"
"2020-05-12T14:37:26.000","2020-06-19T00:00:00.000","1088924","M","2020-08-12T21:57:32.000","M132","M132","M-03","Reopened","M132-BLG1522","Completely Locked","362188","Polygon","[[[-73.9885,40.7125],[-73.9886,40.7125],[-73.9886,40.7126],[-73.9885,40.7126],[-73.9885,40.7125]]]"
"2020-05-12T14:37:25.000","2020-06-21T00:00:00.000","1081043","M","2020-08-12T21:57:32.000","M244","M244","M-07","Reopened","M244-BLG1515","Completely Locked","190016","Polygon","[[[-73.9687,40.7899],[-73.9687,40.7898],[-73.9688,40.7898],[-73.9687,40.7899],[-73.9687,40.7899]]]"
"2020-05-21T16:06:26.000","2020-06-21T00:00:00.000","1083561","M","2020-08-12T21:57:32.000","M238","M238","M-07","Reopened","M238-BLG1510","Completely Locked","38172","Polygon","[[[-73.9662,40.7994],[-73.9662,40.7993],[-73.9662,40.7993],[-73.9663,40.7993],[-73.9662,40.7994],[-73.9662,40.7994],[-73.9662,40.7994]]]"
"2020-05-12T14:37:22.000","2020-06-21T00:00:00.000","1086824","M","2020-08-12T21:57:31.000","M233","M233","M-07","Reopened","M233-BLG1509","Completely Locked","967233","Polygon","[[[-73.984,40.7777],[-73.984,40.7777],[-73.9841,40.7777],[-73.9841,40.7777],[-73.984,40.7777]]]"
,,"2124070","X","2020-08-12T21:57:31.000","X039","X039_temp1","X-15A","Active","X039-ZN15-BLG1445",,"323129","Polygon","[[[-73.7864,40.8705],[-73.7864,40.8704],[-73.7865,40.8704],[-73.7865,40.8704],[-73.7867,40.8704],[-73.7867,40.8704],[-73.7867,40.8704],[-73.7867,40.8705],[-73.7867,40.8705],[-73.7867,40.8705],[-73.7864,40.8705]]]"
,,"2124063","X","2020-08-12T21:57:31.000","X039","X039-ZN18","X-15A","Active","X039-ZN18-BLG1440",,"369702","Polygon","[[[-73.7935,40.8674],[-73.7937,40.8673],[-73.7938,40.8673],[-73.7936,40.8675],[-73.7935,40.8674]]]"
,,"2124061","X","2020-08-12T21:57:31.000","X039","X039-ZN18","X-15A","Active","X039-ZN18-BLG1436",,"746547","Polygon","[[[-73.7937,40.8672],[-73.7938,40.8671],[-73.7939,40.8671],[-73.7939,40.8671],[-73.794,40.8672],[-73.7939,40.8672],[-73.7939,40.8672],[-73.7939,40.8673],[-73.7937,40.8672]]]"
,,"2124069","X","2020-08-12T21:57:31.000","X039","X039-ZN13","X-15A","Active","X039-ZN17-BLG1431",,"241225","Polygon","[[[-73.7904,40.8698],[-73.7904,40.8698],[-73.7904,40.8698],[-73.7904,40.8698],[-73.7904,40.8698],[-73.7904,40.8698],[-73.7904,40.8698],[-73.7905,40.8698],[-73.7905,40.8698],[-73.7905,40.8698],[-73.7905,40.8698],[-73.7905,40.8698],[-73.7905,40.8698],[-73.7905,40.8699],[-73.7905,40.8699],[-73.7904,40.8699],[-73.7904,40.8699],[-73.7903,40.8698],[-73.7904,40.8698],[-73.7904,40.8698]]]"
"2020-05-12T14:37:16.000","2020-06-22T00:00:00.000","5144987","R","2020-08-12T21:57:31.000","R090","R090","R-03","Reopened","R090-BLG1370","Completely Locked","975952","Polygon","[[[-74.1624,40.5372],[-74.1624,40.5371],[-74.1625,40.5372],[-74.1624,40.5372],[-74.1624,40.5372]]]"
"2020-05-12T14:37:15.000","2020-06-22T00:00:00.000","5056304","R","2020-08-12T21:57:31.000","R026","R026","R-03","Reopened","R026-BLG1362","Completely Locked","62586","Polygon","[[[-74.1114,40.5616],[-74.1115,40.5615],[-74.1115,40.5615],[-74.1115,40.5616],[-74.1114,40.5616]]]"
,,"5154350","R","2020-08-12T21:57:30.000","R031","R031-ZN02","R-03","Active","R031-ZN02-BLG1353",,"301269","Polygon","[[[-74.1909,40.5173],[-74.191,40.5173],[-74.1911,40.5174],[-74.191,40.5175],[-74.1909,40.5173]]]"
,,"5154864","R","2020-08-12T21:57:30.000","R088","R065-ZN03","R-02","Active","R065-ZN03-BLG1322",,"1206140","Polygon","[[[-74.1225,40.5827],[-74.1225,40.5827],[-74.1226,40.5828],[-74.1225,40.5828],[-74.1225,40.5827]]]"
,,"5162377","R","2020-08-12T21:57:30.000","R046","R046-ZN02","R-02B","Active","R046-ZN02-BLG1319",,"783446","Polygon","[[[-74.0668,40.5888],[-74.0668,40.5888],[-74.0668,40.5889],[-74.0668,40.5889],[-74.0668,40.589],[-74.0668,40.589],[-74.0669,40.589],[-74.0668,40.5891],[-74.0667,40.589],[-74.0667,40.589],[-74.0667,40.589],[-74.0667,40.589],[-74.0666,40.5889],[-74.0669,40.5886],[-74.0669,40.5887],[-74.0669,40.5886],[-74.067,40.5887],[-74.0669,40.5887],[-74.0669,40.5887],[-74.0668,40.5888]]]"
"2020-05-12T14:37:11.000","2020-06-23T00:00:00.000","5144595","R","2020-08-12T21:57:30.000","R038A","R038A","R-02B","Reopened","R038A-BLG1306","Completely Locked","975180","Polygon","[[[-74.0994,40.5766],[-74.0995,40.5765],[-74.0995,40.5766],[-74.0995,40.5766],[-74.0994,40.5766]]]"
"2020-05-12T14:37:10.000","2020-06-22T00:00:00.000","5154724","R","2020-08-12T21:57:29.000","R064","R064","R-02","Reopened","R064-BLG1305","Completely Locked","662807","Polygon","[[[-74.1194,40.6087],[-74.1195,40.6087],[-74.1195,40.6087],[-74.1194,40.6088],[-74.1194,40.6087]]]"
"2020-05-12T14:37:09.000","2020-06-22T00:00:00.000","5144214","R","2020-08-12T21:57:29.000","R062","R062","R-02","Reopened","R062-BLG1303","Completely Locked","926528","Polygon","[[[-74.0712,40.5978],[-74.0713,40.5978],[-74.0713,40.5979],[-74.0712,40.5979],[-74.0712,40.5978]]]"
,,"5168947","R","2020-08-12T21:57:29.000","R088","R088","R-02","Active","R088-BLG5972",,"816458","Polygon","[[[-74.1232,40.5828],[-74.1233,40.5828],[-74.1233,40.5828],[-74.1233,40.5828],[-74.1232,40.5828],[-74.1232,40.5829],[-74.1232,40.5828],[-74.1232,40.5828],[-74.1232,40.5828]]]"
,,"4539882","Q","2020-08-12T21:57:29.000","Q458","Q458","Q-07A","Active","Q458-BLG5854",,"1100441","Polygon","[[[-73.7775,40.7952],[-73.7775,40.7952],[-73.7775,40.7952],[-73.7774,40.7953],[-73.7774,40.7953],[-73.7774,40.7953],[-73.7775,40.7952]]]"
"2020-05-12T14:37:06.000","2020-06-22T00:00:00.000","5167063","R","2020-08-12T21:57:29.000","R025","R025","R-01","Reopened","R025-BLG1287","Completely Locked","1238206","Polygon","[[[-74.0861,40.6435],[-74.0862,40.6434],[-74.0862,40.6435],[-74.0862,40.6435],[-74.0861,40.6435]]]"
"2020-05-12T14:37:04.000","2020-06-22T00:00:00.000","3229774","B","2020-08-12T21:57:29.000","B342","B342","B-18","Reopened","B342-BLG1220","Completely Locked","103706","Polygon","[[[-73.8994,40.6468],[-73.8995,40.6467],[-73.8995,40.6468],[-73.8995,40.6468],[-73.8994,40.6468]]]"
"2020-05-12T14:36:59.000","2020-06-23T00:00:00.000","3228196","B","2020-08-12T21:57:28.000","B271","B271","B-17","Reopened","B271-BLG1199",,"457076","Polygon","[[[-73.914,40.6492],[-73.914,40.6492],[-73.914,40.6492],[-73.9141,40.6492],[-73.914,40.6493],[-73.914,40.6493],[-73.914,40.6492]]]"
"2020-05-12T14:36:57.000","2020-06-23T00:00:00.000","3341114","B","2020-08-12T21:57:28.000","B362","B362","B-16","Reopened","B362-BLG1194","Completely Locked","461481","Polygon","[[[-73.9118,40.669],[-73.9119,40.669],[-73.9119,40.669],[-73.9119,40.669],[-73.9118,40.669]]]"
"2020-05-12T14:36:56.000","2020-06-20T00:00:00.000","3380281","B","2020-08-12T21:57:28.000","B339","B339","B-16","Reopened","B339-BLG1192","Completely Locked","959937","Polygon","[[[-73.9068,40.6609],[-73.9069,40.6609],[-73.9069,40.6609],[-73.9068,40.661],[-73.9068,40.6609]]]"
,,"3081461","B","2020-08-12T21:57:27.000","B228","B228","B-16","Active","B228-BLG1191",,"752229","Polygon","[[[-73.9073,40.6673],[-73.9074,40.6673],[-73.9074,40.6674],[-73.9074,40.6674],[-73.9073,40.6673]]]"
"2020-05-12T14:36:53.000","2020-06-20T00:00:00.000","3379455","B","2020-08-12T21:57:27.000","B144","B144","B-16","Reopened","B144-BLG1183","Completely Locked","968174","Polygon","[[[-73.912,40.6746],[-73.912,40.6745],[-73.912,40.6745],[-73.912,40.6745],[-73.912,40.6745],[-73.9121,40.6745],[-73.912,40.6746],[-73.912,40.6746],[-73.912,40.6746],[-73.912,40.6746],[-73.912,40.6746]]]"
"2020-05-12T14:36:52.000","2020-06-22T00:00:00.000","3415739","B","2020-08-12T21:57:27.000","B297","B297","B-12","Reopened","B297-BLG1127","Completely Locked","1251798","Polygon","[[[-73.9805,40.646],[-73.9805,40.646],[-73.9806,40.6461],[-73.9805,40.6461],[-73.9805,40.646]]]"
"2020-05-28T16:58:48.000","2020-06-22T00:00:00.000","3130881","B","2020-08-12T21:57:27.000","B042","B042-01","B-12","Reopened","B042-01-BLG1124","Completely Locked","175001","Polygon","[[[-73.9849,40.624],[-73.9849,40.6239],[-73.985,40.624],[-73.9849,40.624],[-73.9849,40.624]]]"
"2020-05-12T14:36:50.000","2020-06-23T00:00:00.000","3411103","B","2020-08-12T21:57:27.000","B152","B152","B-12","Reopened","B152-BLG1123","Completely Locked","441524","Polygon","[[[-74.0007,40.6368],[-74.0008,40.6367],[-74.0009,40.6368],[-74.0008,40.6368],[-74.0007,40.6368]]]"
"2020-05-12T14:36:48.000","2020-06-23T00:00:00.000","3397296","B","2020-08-12T21:57:27.000","B192","B192","B-10","Reopened","B192-BLG1115","Completely Locked","1172874","Polygon","[[[-74.0363,40.6264],[-74.0363,40.6264],[-74.0364,40.6264],[-74.0364,40.6264],[-74.0364,40.6264],[-74.0364,40.6265],[-74.0364,40.6265],[-74.0363,40.6264],[-74.0363,40.6264]]]"
,,"3399352","B","2020-08-12T21:57:27.000","B060","B060","B-10","Active","B060-BLG1111",,"233213","Polygon","[[[-74.0166,40.6266],[-74.0167,40.6265],[-74.0168,40.6265],[-74.0168,40.6265],[-74.0168,40.6266],[-74.0168,40.6266],[-74.0168,40.6266],[-74.0167,40.6266],[-74.0166,40.6266]]]"
,,"3400271","B","2020-08-12T21:57:27.000","B210W","B210W-03","B-10","Active","B210W-03-BLG1105",,"1029403","Polygon","[[[-74.0294,40.6146],[-74.0294,40.6145],[-74.0293,40.6145],[-74.0293,40.6144],[-74.0294,40.6144],[-74.0294,40.6144],[-74.0295,40.6144],[-74.0295,40.6145],[-74.0295,40.6145],[-74.0294,40.6146],[-74.0294,40.6146]]]"
,,"3379143","B","2020-08-12T21:57:26.000","B357","B357","B-09","Active","B357-BLG1101",,"1201206","Polygon","[[[-73.9588,40.6659],[-73.9589,40.6658],[-73.9589,40.6658],[-73.9589,40.6658],[-73.9589,40.6659],[-73.9589,40.6659],[-73.9588,40.6659]]]"
"2020-05-12T14:36:44.000","2020-06-22T00:00:00.000","3422200","B","2020-08-12T21:57:26.000","B267","B267","B-09","Reopened","B267-BLG1099","Completely Locked","1188294","Polygon","[[[-73.9548,40.6565],[-73.9548,40.6565],[-73.9548,40.6565],[-73.9548,40.6566],[-73.9548,40.6565]]]"
"2020-05-12T14:36:43.000","2020-06-22T00:00:00.000","3405027","B","2020-08-12T21:57:26.000","B309","B309","B-05","Reopened","B309-BLG1065","Completely Locked","834579","Polygon","[[[-73.8625,40.6665],[-73.8625,40.6665],[-73.8626,40.6665],[-73.8626,40.6665],[-73.8625,40.6665],[-73.8625,40.6665],[-73.8625,40.6665]]]"
,,"3251867","B","2020-08-12T21:57:26.000","B016","B016","B-04","Active","B016-BLG1053",,"98524","Polygon","[[[-73.924,40.703],[-73.924,40.7029],[-73.9241,40.703],[-73.9241,40.703],[-73.9241,40.703],[-73.924,40.703],[-73.924,40.703]]]"
"2020-05-12T14:36:41.000","2020-06-22T00:00:00.000","3400865","B","2020-08-12T21:57:26.000","B139","B139","B-04","Reopened","B139-BLG1051","Completely Locked","1211248","Polygon","[[[-73.9186,40.6951],[-73.9186,40.6951],[-73.9187,40.6951],[-73.9186,40.6951],[-73.9186,40.6951]]]"
"2020-05-12T14:36:40.000","2020-06-22T00:00:00.000","3380055","B","2020-08-12T21:57:26.000","B334","B334","B-04","Reopened","B334-BLG1050",,"1244621","Polygon","[[[-73.9285,40.7003],[-73.9285,40.7003],[-73.9286,40.7003],[-73.9285,40.7003],[-73.9285,40.7003]]]"
"2020-05-12T14:36:39.000","2020-06-22T00:00:00.000","3379611","B","2020-08-12T21:57:26.000","B323","B323","B-03","Reopened","B323-BLG1045","Completely Locked","980307","Polygon","[[[-73.9463,40.6856],[-73.9464,40.6856],[-73.9464,40.6856],[-73.9464,40.6856],[-73.9463,40.6856]]]"
"2020-05-12T14:36:37.000","2020-06-23T00:00:00.000","3399443","B","2020-08-12T21:57:26.000","B269","B269","B-03","Reopened","B269-BLG1043","Completely Locked","403045","Polygon","[[[-73.9324,40.6916],[-73.9325,40.6916],[-73.9325,40.6917],[-73.9324,40.6917],[-73.9324,40.6916]]]"
"2020-05-12T14:36:36.000","2020-06-23T00:00:00.000","3379582","B","2020-08-12T21:57:25.000","B263","B263","B-03","UnderConstruction","B263-BLG1034","Completely Locked","363128","Polygon","[[[-73.9428,40.6971],[-73.9428,40.6971],[-73.9429,40.6971],[-73.9428,40.6972],[-73.9428,40.6971]]]"
"2020-05-12T14:36:35.000","2020-06-22T00:00:00.000","3379567","B","2020-08-12T21:57:25.000","B294","B294","B-03","Reopened","B294-BLG1033","Completely Locked","927245","Polygon","[[[-73.9273,40.6802],[-73.9273,40.6802],[-73.9273,40.6802],[-73.9273,40.6803],[-73.9273,40.6802]]]"
"2020-05-12T14:36:34.000","2020-06-22T00:00:00.000","3391940","B","2020-08-12T21:57:25.000","B300","B300","B-02","Reopened","B300-BLG1025","Completely Locked","1107455","Polygon","[[[-73.9716,40.6938],[-73.9716,40.6938],[-73.9717,40.6938],[-73.9716,40.6938],[-73.9716,40.6938]]]"
"2020-05-12T14:36:33.000","2020-06-22T00:00:00.000","3056024","B","2020-08-12T21:57:25.000","B301","B301","B-02","Reopened","B301-BLG1022","Completely Locked","771134","Polygon","[[[-73.9658,40.6863],[-73.9659,40.6863],[-73.9659,40.6864],[-73.9658,40.6864],[-73.9658,40.6864],[-73.9658,40.6863],[-73.9658,40.6863]]]"
"2020-05-12T14:36:32.000","2020-06-22T00:00:00.000","3395702","B","2020-08-12T21:57:25.000","B222","B222","B-02","Reopened","B222-BLG1012","Completely Locked","680621","Polygon","[[[-73.9976,40.6964],[-73.9976,40.6963],[-73.9977,40.6963],[-73.9976,40.6964],[-73.9976,40.6964]]]"
"2020-05-12T14:36:31.000","2020-06-23T00:00:00.000","3379688","B","2020-08-12T21:57:25.000","B253","B253","B-02","Reopened","B253-BLG1010","Completely Locked","955298","Polygon","[[[-73.9705,40.6902],[-73.9705,40.6902],[-73.9705,40.6903],[-73.9705,40.6903],[-73.9705,40.6902]]]"
"2020-05-12T14:36:30.000","2020-06-21T00:00:00.000","3061466","B","2020-08-12T21:57:25.000","B286","B286","B-01","Reopened","B286-BLG0997","Completely Locked","753468","Polygon","[[[-73.9459,40.7007],[-73.946,40.7007],[-73.946,40.7007],[-73.9459,40.7007],[-73.9459,40.7007],[-73.9459,40.7007],[-73.9459,40.7007]]]"
"2020-05-12T14:36:29.000","2020-06-21T00:00:00.000","3379756","B","2020-08-12T21:57:25.000","B124","B124","B-01","Reopened","B124-BLG0995","Completely Locked","923548","Polygon","[[[-73.9639,40.7153],[-73.9639,40.7152],[-73.964,40.7152],[-73.9641,40.7153],[-73.964,40.7153],[-73.9639,40.7153],[-73.9639,40.7153]]]"
"2020-05-12T14:36:28.000","2020-06-21T00:00:00.000","3415212","B","2020-08-12T21:57:24.000","B223PC","B223Pc","B-01","Reopened","B223PC-BLG0978","Completely Locked","1188310","Polygon","[[[-73.9558,40.7097],[-73.9558,40.7097],[-73.9559,40.7097],[-73.9559,40.7097],[-73.9558,40.7097]]]"
"2020-05-12T14:36:26.000","2020-06-21T00:00:00.000","3256439","B","2020-08-12T21:57:24.000","B055","B055","B-01","Reopened","B055-BLG0976",,"995806","Polygon","[[[-73.9472,40.7058],[-73.9472,40.7058],[-73.9472,40.7058],[-73.9472,40.7058],[-73.9472,40.7058],[-73.9472,40.7058],[-73.9472,40.7058],[-73.9472,40.7058],[-73.9472,40.7058],[-73.9472,40.7058],[-73.9472,40.7058],[-73.9472,40.7058],[-73.9472,40.7058],[-73.9472,40.7058],[-73.9472,40.7058],[-73.9472,40.7058],[-73.9472,40.7059],[-73.9472,40.7059],[-73.9472,40.7059],[-73.9472,40.7059],[-73.9472,40.7059],[-73.9472,40.7059],[-73.9472,40.7059],[-73.9472,40.7059],[-73.9472,40.7059],[-73.9472,40.7059],[-73.9472,40.7059],[-73.9472,40.7059],[-73.9472,40.7059],[-73.9472,40.7059],[-73.9472,40.7059],[-73.9471,40.7059],[-73.9471,40.7059],[-73.9471,40.7059],[-73.9471,40.7059],[-73.9471,40.7059],[-73.9471,40.7059],[-73.9471,40.7059],[-73.9471,40.7059],[-73.9471,40.7059],[-73.9471,40.7059],[-73.9471,40.7059],[-73.9471,40.7058],[-73.9471,40.7058],[-73.9471,40.7058],[-73.9471,40.7058],[-73.9471,40.7058],[-73.9471,40.7058],[-73.9471,40.7058],[-73.9471,40.7058],[-73.9472,40.7058],[-73.9472,40.7058],[-73.9472,40.7058],[-73.9472,40.7058],[-73.9472,40.7058]]]"
"2020-05-12T14:37:03.000","2020-06-22T00:00:00.000","3223368","B","2020-08-12T21:57:29.000","B236","B236","B-18","Reopened","B236-BLG1219","Completely Locked","1283768","Polygon","[[[-73.9201,40.6367],[-73.9201,40.6367],[-73.92,40.6366],[-73.9201,40.6366],[-73.9201,40.6367]]]"
"2020-05-12T14:37:02.000",,"3217217","B","2020-08-12T21:57:28.000","B207","B207","B-18","Reopened","B207-BLG1217","Completely Locked","337442","Polygon","[[[-73.9371,40.6203],[-73.9372,40.6203],[-73.9372,40.6204],[-73.9372,40.6204],[-73.9371,40.6204],[-73.9371,40.6204],[-73.9371,40.6203]]]"
"2020-05-12T14:37:01.000","2020-06-22T00:00:00.000","3386872","B","2020-08-12T21:57:28.000","B335","B335","B-18","Reopened","B335-BLG1206","Completely Locked","938953","Polygon","[[[-73.9121,40.636],[-73.9122,40.6359],[-73.9122,40.6359],[-73.9122,40.636],[-73.9121,40.636]]]"
"2020-05-12T14:37:00.000","2020-06-22T00:00:00.000","3386437","B","2020-08-12T21:57:28.000","B248","B248","B-18","Reopened","B248-BLG1205","Completely Locked","84002","Polygon","[[[-73.9239,40.6327],[-73.924,40.6327],[-73.924,40.6327],[-73.9239,40.6327],[-73.9239,40.6327]]]"
,,"3415876","B","2020-08-12T21:57:24.000","B025","B025","B-01","Active","B025-BLG0975",,"1190185","Polygon","[[[-73.9373,40.716],[-73.9373,40.7159],[-73.9374,40.716],[-73.9373,40.716],[-73.9373,40.716]]]"
"2020-05-12T14:36:24.000","2020-06-21T00:00:00.000","2116051","X","2020-08-12T21:57:24.000","X214","X214","X-12","Reopened","X214-BLG0932","Completely Locked","1105340","Polygon","[[[-73.8678,40.8736],[-73.8678,40.8735],[-73.8679,40.8735],[-73.8679,40.8736],[-73.8678,40.8736]]]"
"2020-05-12T14:36:23.000","2020-06-21T00:00:00.000","2126825","X","2020-08-12T21:57:24.000","X188","X188","X-12","Reopened","X188-BLG0931","Completely Locked","1193018","Polygon","[[[-73.8547,40.9019],[-73.8548,40.9018],[-73.8548,40.9018],[-73.8548,40.9019],[-73.8547,40.9019]]]"
"2020-05-12T14:36:22.000","2020-06-21T00:00:00.000","2115599","X","2020-08-12T21:57:24.000","X002","X002","X-14","Reopened","X002-BLG0914",,"1221366","Polygon","[[[-73.8712,40.8606],[-73.8712,40.8606],[-73.8713,40.8606],[-73.8713,40.8607],[-73.8712,40.8606]]]"
"2020-05-12T14:36:21.000","2020-06-21T00:00:00.000","2118247","X","2020-08-12T21:57:24.000","X102","X102","X-06","Reopened","X102-BLG0831","Completely Locked","756351","Polygon","[[[-73.8866,40.8559],[-73.8866,40.8558],[-73.8866,40.8559],[-73.8866,40.8559],[-73.8866,40.8559],[-73.8866,40.8559],[-73.8865,40.8559],[-73.8865,40.8559],[-73.8866,40.8559]]]"
"2020-05-12T14:36:20.000",,,"X","2020-08-12T21:57:23.000","X111","X111","X-05","UnderConstruction","X111-BLG0827",,,"Polygon","[[[-73.9175,40.8553],[-73.9175,40.8553],[-73.9175,40.8553],[-73.9175,40.8553],[-73.9175,40.8552],[-73.9175,40.8552],[-73.9176,40.8553],[-73.9176,40.8553],[-73.9175,40.8553]]]"
"2020-05-12T14:36:14.000","2020-06-21T00:00:00.000","2128990","X","2020-08-12T21:57:23.000","X235","X235","X-01","Reopened","X235-BLG0757","Completely Locked","1283766","Polygon","[[[-73.9085,40.82],[-73.9085,40.82],[-73.9085,40.82],[-73.9085,40.82],[-73.9085,40.82],[-73.9085,40.82],[-73.9085,40.8199],[-73.9085,40.8199],[-73.9085,40.8199],[-73.9085,40.8199],[-73.9085,40.8199],[-73.9085,40.8199],[-73.9085,40.8199],[-73.9085,40.8199],[-73.9085,40.8199],[-73.9085,40.8199],[-73.9085,40.8199],[-73.9085,40.8199],[-73.9085,40.8199],[-73.9085,40.8199],[-73.9085,40.8199],[-73.9085,40.8199],[-73.9085,40.8199],[-73.9085,40.8199],[-73.9086,40.8199],[-73.9086,40.8199],[-73.9086,40.8199],[-73.9086,40.8199],[-73.9086,40.8199],[-73.9086,40.8199],[-73.9086,40.8199],[-73.9086,40.8199],[-73.9086,40.8199],[-73.9086,40.8199],[-73.9086,40.8199],[-73.9086,40.8199],[-73.9086,40.82],[-73.9085,40.82],[-73.9085,40.82],[-73.9085,40.82],[-73.9085,40.82]]]"
"2020-05-12T14:36:19.000",,"2003021","X","2020-08-12T21:57:23.000","X034","X034_temp","XR-07","COVID-19 Closure","X034-BLG0818",,"100160","Polygon","[[[-73.9253,40.8316],[-73.9255,40.8316],[-73.9254,40.8317],[-73.9255,40.8317],[-73.9254,40.8317],[-73.9254,40.8317],[-73.9253,40.8319],[-73.9253,40.8319],[-73.9253,40.832],[-73.9252,40.832],[-73.9252,40.832],[-73.925,40.832],[-73.9253,40.8316],[-73.9253,40.8316]]]"
"2020-05-12T14:36:16.000","2020-06-21T00:00:00.000","2003245","X","2020-08-12T21:57:23.000","X168","X168","X-04","Reopened","X168-BLG0817","Completely Locked","532645","Polygon","[[[-73.9265,40.835],[-73.9266,40.835],[-73.9266,40.835],[-73.9266,40.8351],[-73.9265,40.835]]]"
"2020-05-12T14:36:15.000","2020-06-21T00:00:00.000","2102822","X","2020-08-12T21:57:23.000","X222","X222","X-03","Reopened","X222-BLG0791","Completely Locked","613105","Polygon","[[[-73.9033,40.8358],[-73.9033,40.8357],[-73.9034,40.8357],[-73.9034,40.8358],[-73.9033,40.8358]]]"
"2020-05-12T14:36:13.000","2020-06-21T00:00:00.000","2117376","X","2020-08-12T21:57:23.000","X200","X200","X-01","Reopened","X200-BLG0756","Completely Locked","1233151","Polygon","[[[-73.9212,40.814],[-73.9212,40.8139],[-73.9212,40.8139],[-73.9213,40.814],[-73.9212,40.814],[-73.9212,40.814],[-73.9212,40.814]]]"
"2020-05-12T14:36:12.000","2020-06-21T00:00:00.000","2102821","X","2020-08-12T21:57:23.000","X131","X131","X-01","Reopened","X131-BLG0753","Completely Locked","111079","Polygon","[[[-73.925,40.8078],[-73.9251,40.8078],[-73.9251,40.8078],[-73.9251,40.8079],[-73.925,40.8078],[-73.925,40.8078],[-73.925,40.8078]]]"
"2020-05-12T14:36:10.000",,"2120202","X","2020-08-12T21:57:22.000","X045","X045-01","X-01","UnderConstruction","X045-01-BLG0751",,"921607","Polygon","[[[-73.9104,40.8099],[-73.9104,40.8099],[-73.9106,40.8099],[-73.9106,40.8099],[-73.9106,40.8099],[-73.9106,40.8099],[-73.9106,40.8099],[-73.9105,40.8099],[-73.9104,40.8099]]]"
"2020-05-12T14:36:09.000",,"1077382","M","2020-08-12T21:57:22.000","M159","M159","M-10","COVID-19 Closure","M159-BLG0675","Completely Locked","844856","Polygon","[[[-73.9348,40.8246],[-73.9348,40.8246],[-73.9348,40.8246],[-73.9349,40.8247],[-73.9348,40.8247],[-73.9348,40.8247],[-73.9348,40.8247],[-73.9347,40.8247],[-73.9348,40.8246]]]"
"2020-05-12T14:36:08.000","2020-06-21T00:00:00.000","1089141","M","2020-08-12T21:57:22.000","M245","M245","M-10","Reopened","M245-BLG0672",,"176272","Polygon","[[[-73.9416,40.8217],[-73.9416,40.8216],[-73.9417,40.8217],[-73.9417,40.8217],[-73.9416,40.8217]]]"
,,"1015842","M","2020-08-12T21:57:22.000","M032","M032","M-05","Active","M032-BLG0658",,"1105842","Polygon","[[[-73.9884,40.7485],[-73.9885,40.7485],[-73.9885,40.7485],[-73.9885,40.7485],[-73.9885,40.7485],[-73.9885,40.7486],[-73.9885,40.7486],[-73.9884,40.7486],[-73.9884,40.7485],[-73.9884,40.7485],[-73.9884,40.7485]]]"
"2020-05-12T14:36:06.000","2020-06-21T00:00:00.000","1084494","M","2020-08-12T21:57:22.000","M027","M027","M-02","Reopened","M027-BLG0642","Completely Locked","552500","Polygon","[[[-74.0029,40.73],[-74.0029,40.73],[-74.0029,40.73],[-74.003,40.73],[-74.003,40.73],[-74.003,40.73],[-74.003,40.73],[-74.003,40.73],[-74.003,40.73],[-74.0029,40.7301],[-74.0029,40.7301],[-74.0029,40.73]]]"
"2020-05-12T14:36:05.000","2020-06-21T00:00:00.000","1088208","M","2020-08-12T21:57:22.000","M069","M069","M-02","UnderConstruction","M069-BLG0641","Completely Locked","35986","Polygon","[[[-74.0024,40.7256],[-74.0025,40.7256],[-74.0026,40.7256],[-74.0025,40.7257],[-74.0024,40.7256]]]"
,"2020-07-06T00:00:00.000","1088179","M","2020-08-12T21:57:22.000","M098","M098-ZN01","M-02","Reopened","M098-ZN01-BLG0639",,"1264157","Polygon","[[[-73.9984,40.7308],[-73.9984,40.7308],[-73.9983,40.7308],[-73.9983,40.7308],[-73.9982,40.7308],[-73.9982,40.7307],[-73.9982,40.7307],[-73.9982,40.7307],[-73.9983,40.7307],[-73.9983,40.7307],[-73.9983,40.7307],[-73.9984,40.7307],[-73.9984,40.7308],[-73.9984,40.7308]]]"
,,"1088311","M","2020-08-12T21:57:21.000","M005","M005-ZN02","M-01","Active","M005-BLG0636",,"255123","Polygon","[[[-74.015,40.7016],[-74.015,40.7016],[-74.0149,40.7015],[-74.0149,40.7016],[-74.0149,40.7015],[-74.0149,40.7015],[-74.0149,40.7015],[-74.0148,40.7015],[-74.0148,40.7015],[-74.0148,40.7015],[-74.0148,40.7015],[-74.0148,40.7015],[-74.0148,40.7014],[-74.0148,40.7014],[-74.0149,40.7014],[-74.0149,40.7013],[-74.0149,40.7013],[-74.0149,40.7013],[-74.0149,40.7013],[-74.0149,40.7013],[-74.015,40.7012],[-74.0149,40.7012],[-74.015,40.7012],[-74.0151,40.7012],[-74.0151,40.7011],[-74.0152,40.7012],[-74.0151,40.7012],[-74.0151,40.7013],[-74.015,40.7012],[-74.015,40.7012],[-74.015,40.7012],[-74.015,40.7013],[-74.015,40.7013],[-74.0151,40.7013],[-74.0151,40.7013],[-74.0151,40.7013],[-74.0151,40.7013],[-74.0152,40.7013],[-74.0152,40.7013],[-74.0152,40.7013],[-74.0152,40.7013],[-74.0152,40.7014],[-74.0152,40.7014],[-74.0152,40.7014],[-74.0152,40.7014],[-74.0152,40.7015],[-74.0151,40.7015],[-74.0151,40.7015],[-74.0151,40.7015],[-74.0151,40.7015],[-74.0151,40.7015],[-74.0151,40.7016],[-74.0151,40.7016],[-74.0151,40.7016],[-74.0151,40.7016],[-74.0151,40.7016],[-74.0151,40.7016],[-74.0151,40.7016],[-74.0151,40.7016],[-74.0151,40.7016],[-74.0151,40.7016],[-74.0151,40.7016],[-74.0151,40.7016],[-74.015,40.7016],[-74.015,40.7016],[-74.015,40.7016],[-74.015,40.7016]]]"
"2020-05-12T14:36:02.000","2020-06-22T00:00:00.000","3406482","B","2020-08-12T21:57:21.000","B352","B352","B-18","Reopened","B352-BLG5723","Completely Locked","1005426","Polygon","[[[-73.9175,40.6408],[-73.9176,40.6407],[-73.9177,40.6408],[-73.9176,40.6409],[-73.9175,40.6408]]]"
"2020-06-02T12:49:09.000","2020-06-22T00:00:00.000","3346314","B","2020-08-12T21:57:21.000","B166D","B166D","B-18","Reopened","B166D-BLG5718","Completely Locked","1091528","Polygon","[[[-73.8987,40.6187],[-73.8986,40.6186],[-73.8987,40.6185],[-73.8986,40.6185],[-73.8987,40.6185],[-73.8988,40.6185],[-73.8989,40.6184],[-73.899,40.6185],[-73.8989,40.6186],[-73.8989,40.6186],[-73.8988,40.6187],[-73.8988,40.6187],[-73.8987,40.6187]]]"
"2020-05-28T17:00:54.000","2020-06-22T00:00:00.000","3412907","B","2020-08-12T21:57:21.000","B125","B125","B-13","Reopened","B125-BLG5701","Completely Locked","1034656","Polygon","[[[-73.9902,40.5881],[-73.9903,40.5881],[-73.9903,40.5881],[-73.9903,40.5881],[-73.9902,40.5882],[-73.9902,40.5882],[-73.9902,40.5881]]]"
,,"1083969","M","2020-08-12T21:57:21.000","M058","M058","M-11","Active","M058-BLG5683",,"639766","Polygon","[[[-73.9447,40.8046],[-73.9448,40.8045],[-73.9449,40.8046],[-73.9448,40.8047],[-73.9447,40.8046]]]"
,"2020-06-21T14:30:00.000","4592356","Q","2020-08-12T21:57:20.000","Q095","Q095","Q-10","Reopened","Q095-BLG5613",,"995759","Polygon","[[[-73.8445,40.67],[-73.8446,40.67],[-73.8446,40.67],[-73.8447,40.6701],[-73.8446,40.6702],[-73.8446,40.6701],[-73.8445,40.67]]]"
"2020-05-12T14:35:55.000","2020-06-22T00:00:00.000","3339270","B","2020-08-12T21:57:20.000","B272","B272","B-13","UnderConstruction","B272-BLG5610","Completely Locked","4046","Polygon","[[[-73.981,40.5913],[-73.9811,40.5913],[-73.9811,40.5914],[-73.981,40.5914],[-73.981,40.5913]]]"
"2020-05-12T14:35:54.000","2020-06-22T00:00:00.000","5154756","R","2020-08-12T21:57:20.000","R106","R106","R-03","Reopened","R106-BLG5565",,"1065972","Polygon","[[[-74.2084,40.535],[-74.2084,40.5349],[-74.2085,40.535],[-74.2086,40.535],[-74.2086,40.535],[-74.2085,40.5351],[-74.2085,40.5351],[-74.2084,40.535],[-74.2084,40.535]]]"
"2020-05-12T14:35:53.000","2020-06-21T09:00:00.000","4545765","Q","2020-08-12T21:57:20.000","Q360M","Q360M","Q-05","Reopened","Q360M-BLG5533","Completely Locked","1104477","Polygon","[[[-73.8954,40.7248],[-73.8954,40.7248],[-73.8954,40.7248],[-73.8954,40.7248],[-73.8954,40.7248],[-73.8955,40.7249],[-73.8954,40.7249],[-73.8954,40.7249],[-73.8954,40.7249],[-73.8954,40.7249],[-73.8954,40.7249],[-73.8954,40.7249],[-73.8954,40.7249],[-73.8954,40.7249],[-73.8954,40.7248],[-73.8954,40.7248]]]"
"2020-05-12T14:35:52.000","2020-06-21T00:00:00.000","2109610","X","2020-08-12T21:57:20.000","X217","X217","X-01","Reopened","X217-BLG5454",,"943523","Polygon","[[[-73.9226,40.8114],[-73.9227,40.8113],[-73.9227,40.8113],[-73.9227,40.8113],[-73.9227,40.8114],[-73.9227,40.8114],[-73.9226,40.8114]]]"
,,"1089168","M","2020-08-12T21:57:19.000","M300","M300","M-12","Active","M300-BLG5435",,"1042346","Polygon","[[[-73.922,40.8578],[-73.9221,40.8578],[-73.9221,40.8578],[-73.922,40.8578],[-73.922,40.8578]]]"
"2020-05-12T14:35:50.000","2020-06-21T00:00:00.000","1052432","M","2020-08-12T21:57:19.000","M230","M230","M-11","Reopened","M230-BLG1595","Completely Locked","1283737","Polygon","[[[-73.9431,40.793],[-73.9431,40.793],[-73.9431,40.7929],[-73.9432,40.793],[-73.9431,40.793]]]"
,,"3412921","B","2020-08-12T21:57:19.000","B169","B169","B-13","Active","B169-BLG5395",,"1009266","Polygon","[[[-73.983,40.5725],[-73.9832,40.5725],[-73.9832,40.5725],[-73.9832,40.5725],[-73.9832,40.5725],[-73.9833,40.5725],[-73.9833,40.5725],[-73.9833,40.5725],[-73.9833,40.5725],[-73.9833,40.5725],[-73.9833,40.5725],[-73.9833,40.5726],[-73.9833,40.5726],[-73.9833,40.5726],[-73.9833,40.5726],[-73.9833,40.5726],[-73.9833,40.5726],[-73.9833,40.5726],[-73.9833,40.5726],[-73.9833,40.5726],[-73.9833,40.5726],[-73.9833,40.5726],[-73.9833,40.5726],[-73.9833,40.5726],[-73.9833,40.5726],[-73.9833,40.5727],[-73.983,40.5727],[-73.983,40.5727],[-73.983,40.5727],[-73.983,40.5727],[-73.983,40.5726],[-73.983,40.5726],[-73.983,40.5726],[-73.983,40.5726],[-73.983,40.5726],[-73.983,40.5726],[-73.983,40.5726],[-73.983,40.5726],[-73.983,40.5726],[-73.983,40.5726],[-73.983,40.5726],[-73.983,40.5726],[-73.983,40.5726],[-73.983,40.5726],[-73.983,40.5726],[-73.983,40.5725],[-73.983,40.5725],[-73.983,40.5725],[-73.983,40.5725]]]"
,,"2097176","X","2020-08-12T21:57:19.000","X344","X344","X-04","Active","X344-BLG0001",,"62208","Polygon","[[[-73.9316,40.8242],[-73.9316,40.8242],[-73.9316,40.8244],[-73.9317,40.8246],[-73.9317,40.8247],[-73.9314,40.8247],[-73.9314,40.8247],[-73.9313,40.8242],[-73.9316,40.8242]]]"
,,"1088236","M","2020-08-12T21:57:19.000","M107","M107-ZN06","M-11R","Active","M107-01-BLG-0001",,"531604","Polygon","[[[-73.9262,40.7837],[-73.9262,40.7837],[-73.9263,40.7837],[-73.9262,40.7838],[-73.9262,40.7837],[-73.9262,40.7837],[-73.9262,40.7837]]]"
"2020-05-12T14:35:45.000","2020-06-20T00:00:00.000","3425818","B","2020-08-12T21:57:18.000","B164","B164","B-11","Reopened","B164-BLG0001","Completely Locked","1283736","Polygon","[[[-74.0116,40.6023],[-74.0116,40.6023],[-74.0116,40.6023],[-74.0116,40.6023],[-74.0116,40.6023],[-74.0116,40.6023],[-74.0116,40.6023],[-74.0116,40.6023],[-74.0116,40.6023],[-74.0116,40.6023],[-74.0116,40.6023],[-74.0116,40.6023],[-74.0116,40.6023],[-74.0116,40.6023],[-74.0116,40.6023],[-74.0116,40.6023],[-74.0116,40.6023],[-74.0116,40.6023],[-74.0116,40.6023],[-74.0116,40.6023],[-74.0116,40.6023],[-74.0116,40.6023],[-74.0116,40.6023]]]"
,,"2124786","X","2020-08-12T21:57:18.000","X030","X030","X-04","Active","X030-BLG5388",,"1190590","Polygon","[[[-73.9298,40.8285],[-73.9297,40.8284],[-73.9297,40.8284],[-73.9297,40.8284],[-73.9297,40.8284],[-73.9296,40.8283],[-73.9297,40.8282],[-73.9298,40.8284],[-73.9298,40.8284],[-73.9298,40.8284],[-73.9298,40.8284],[-73.9299,40.8285],[-73.9298,40.8285]]]"
,,"2127485","X","2020-08-12T21:57:18.000","X030","X030-ZN02","X-04","Active","X030-ZN02-BLG5387",,"1269066","Polygon","[[[-73.9283,40.8275],[-73.9284,40.8274],[-73.9284,40.8274],[-73.9284,40.8274],[-73.9285,40.8275],[-73.9284,40.8276],[-73.9283,40.8275],[-73.9283,40.8275],[-73.9283,40.8275]]]"
,,"2125611","X","2020-08-12T21:57:18.000","X118","X118-ZN04","X-09","Active","X118-ZN04-BLG0001",,"1253099","Polygon","[[[-73.8782,40.8192],[-73.8782,40.8191],[-73.8781,40.8192],[-73.8781,40.8191],[-73.8781,40.8191],[-73.8782,40.819],[-73.8782,40.819],[-73.8782,40.819],[-73.8782,40.819],[-73.8784,40.819],[-73.8784,40.819],[-73.8784,40.819],[-73.8785,40.819],[-73.8785,40.8191],[-73.8785,40.8191],[-73.8784,40.8191],[-73.8783,40.8192],[-73.8783,40.8192],[-73.8782,40.8192]]]"
,,"2117747","X","2020-08-12T21:57:18.000","X307","X307","X-02","Active","X307-BLG0001",,"1044565","Polygon","[[[-73.8885,40.8059],[-73.8887,40.8059],[-73.8887,40.8059],[-73.8887,40.8059],[-73.8886,40.8059],[-73.8886,40.8059],[-73.8885,40.8059]]]"
"2020-05-12T14:35:40.000","2020-06-21T00:00:00.000","1048494","M","2020-08-12T21:57:17.000","M236","M236","M-08","Reopened","M236-BLG1606","Completely Locked","658714","Polygon","[[[-73.9509,40.7855],[-73.951,40.7854],[-73.951,40.7854],[-73.951,40.7855],[-73.951,40.7855],[-73.951,40.7855],[-73.9509,40.7855]]]"
"2020-05-12T14:35:39.000",,"1085631","M","2020-08-12T21:57:17.000","M108Q","M108Q","M-08","UnderConstruction","M108Q-BLG1604","Completely Locked","1283734","Polygon","[[[-73.9588,40.7594],[-73.9589,40.7594],[-73.9589,40.7594],[-73.9588,40.7594],[-73.9588,40.7594]]]"
,,"1089042","M","2020-08-12T21:57:17.000","M081","M081-ZN02","M-08","Active","M081-ZN02-BLG1601",,"67610","Polygon","[[[-73.9438,40.7757],[-73.9439,40.7757],[-73.944,40.7757],[-73.9439,40.7757],[-73.9439,40.7758],[-73.9439,40.7757],[-73.9439,40.7757],[-73.9438,40.7757],[-73.9438,40.7757]]]"
"2020-05-12T14:35:35.000","2020-06-21T00:00:00.000","1083463","M","2020-08-12T21:57:17.000","M215","M215","M-11","Reopened","M215-BLG1598","Completely Locked","701377","Polygon","[[[-73.9472,40.7872],[-73.9472,40.7871],[-73.9473,40.7871],[-73.9472,40.7872],[-73.9472,40.7872]]]"
"2020-05-12T14:35:33.000","2020-06-21T00:00:00.000","1086937","M","2020-08-12T21:57:17.000","M239","M239","M-11","Reopened","M239-BLG1596","Completely Locked","927296","Polygon","[[[-73.9353,40.7975],[-73.9353,40.7975],[-73.9354,40.7975],[-73.9353,40.7976],[-73.9353,40.7975]]]"
"2020-05-12T14:35:31.000",,"1085674","M","2020-08-12T21:57:16.000","M193","M193","M-11","UnderConstruction","M193-BLG1593","Completely Locked","134049","Polygon","[[[-73.937,40.8123],[-73.9371,40.8122],[-73.9371,40.8123],[-73.9371,40.8123],[-73.937,40.8123]]]"
,,"1088375","M","2020-08-12T21:57:16.000","M088","M088","M-03","Active","M088-BLG1524",,"549168","Polygon","[[[-73.9816,40.7269],[-73.9815,40.7269],[-73.9815,40.7269],[-73.9815,40.7269],[-73.9815,40.7269],[-73.9813,40.7268],[-73.9813,40.7268],[-73.9813,40.7268],[-73.9813,40.7268],[-73.9813,40.7268],[-73.9813,40.7268],[-73.9812,40.7268],[-73.9812,40.7268],[-73.9811,40.7268],[-73.9811,40.7267],[-73.9812,40.7268],[-73.9812,40.7267],[-73.9813,40.7268],[-73.9813,40.7267],[-73.9813,40.7267],[-73.9814,40.7268],[-73.9814,40.7268],[-73.9815,40.7268],[-73.9815,40.7268],[-73.9816,40.7268],[-73.9816,40.7269],[-73.9817,40.7269],[-73.9816,40.727],[-73.9815,40.7269],[-73.9816,40.7269]]]"
"2020-05-12T14:35:30.000",,"1088001","M","2020-08-12T21:57:16.000","M165","M165","M-03","UnderConstruction","M165-BLG1525","Completely Locked","765077","Polygon","[[[-73.977,40.7172],[-73.977,40.7173],[-73.9769,40.7172],[-73.9769,40.7172],[-73.977,40.7172]]]"
"2020-05-12T14:35:25.000","2020-06-21T00:00:00.000","1086953","M","2020-08-12T21:57:16.000","M229","M229","M-07","Reopened","M229-BLG1514","Completely Locked","1238848","Polygon","[[[-73.9684,40.7958],[-73.9685,40.7957],[-73.9685,40.7957],[-73.9685,40.7958],[-73.9684,40.7958]]]"
"2020-05-12T14:35:24.000","2020-06-21T00:00:00.000","1085638","M","2020-08-12T21:57:16.000","M220","M220","M-07","Reopened","M220-BLG1513",,"350184","Polygon","[[[-73.9676,40.797],[-73.9677,40.797],[-73.9677,40.797],[-73.9677,40.797],[-73.9677,40.797],[-73.9676,40.797]]]"
"2020-05-12T14:35:23.000","2020-06-21T00:00:00.000","1089016","M","2020-08-12T21:57:15.000","M219","M219","M-07","Reopened","M219-BLG1512",,"727203","Polygon","[[[-73.9787,40.7819],[-73.9787,40.7819],[-73.9788,40.7819],[-73.9787,40.7819],[-73.9787,40.7819]]]"
"2020-05-12T14:35:22.000","2020-06-21T00:00:00.000","1059815","M","2020-08-12T21:57:15.000","M223","M223","M-09","Reopened","M223-BLG1508",,"669939","Polygon","[[[-73.9521,40.8204],[-73.9521,40.8203],[-73.9521,40.8203],[-73.9522,40.8203],[-73.9521,40.8204],[-73.9521,40.8204],[-73.9521,40.8204],[-73.9521,40.8204],[-73.9521,40.8204]]]"
"2020-05-12T14:35:21.000","2020-06-21T00:00:00.000","1088260","M","2020-08-12T21:57:15.000","M018","M018","M-09","Reopened","M018-BLG1507","Completely Locked","1108328","Polygon","[[[-73.9443,40.8292],[-73.9443,40.8291],[-73.9444,40.8291],[-73.9443,40.8292],[-73.9443,40.8292]]]"
"2020-05-12T14:35:20.000","2020-06-21T00:00:00.000","1089152","M","2020-08-12T21:57:15.000","M041","M041","M-09","Reopened","M041-BLG1505","Completely Locked","1160908","Polygon","[[[-73.951,40.823],[-73.9511,40.8229],[-73.9512,40.8229],[-73.9511,40.823],[-73.951,40.823]]]"
"2020-05-12T14:35:19.000",,"1086963","M","2020-08-12T21:57:15.000","M190","M190","M-09","COVID-19 Closure","M190-BLG1498","Completely Locked","1197863","Polygon","[[[-73.956,40.8153],[-73.956,40.8153],[-73.9561,40.8153],[-73.956,40.8154],[-73.956,40.8153]]]"
,,"1089878","M","2020-08-12T21:57:15.000","M071","M071-ZN20","M-14","Active","M071-ZN20-BLG1484",,"1273005","Polygon","[[[-73.9721,40.8023],[-73.9718,40.8028],[-73.9717,40.8027],[-73.9721,40.8023],[-73.9721,40.8023]]]"
,,"1089018","M","2020-08-12T21:57:14.000","M071","M071-ZN02","M-14","Active","M071-ZN02-BLG1481",,"457611","Polygon","[[[-73.9863,40.7838],[-73.9864,40.7836],[-73.9865,40.7837],[-73.9864,40.7838],[-73.9864,40.7838],[-73.9863,40.7838],[-73.9863,40.7838]]]"
"2020-05-12T14:35:16.000","2020-06-21T00:00:00.000","1087018","M","2020-08-12T21:57:14.000","M234","M234","M-12A","Reopened","M234-BLG1470","Completely Locked","967938","Polygon","[[[-73.9415,40.8317],[-73.9416,40.8316],[-73.9416,40.8317],[-73.9416,40.8317],[-73.9415,40.8317]]]"
"2020-05-12T14:35:15.000","2020-06-21T00:00:00.000","1075615","M","2020-08-12T21:57:14.000","M199","M199","M-12A","Reopened","M199-BLG1469","Completely Locked","776803","Polygon","[[[-73.9209,40.8626],[-73.9209,40.8626],[-73.9209,40.8626],[-73.9209,40.8626],[-73.9209,40.8626],[-73.9209,40.8626],[-73.9209,40.8626],[-73.9209,40.8626],[-73.9209,40.8626],[-73.9209,40.8626],[-73.9209,40.8626],[-73.9209,40.8626],[-73.9209,40.8626],[-73.9209,40.8626],[-73.9209,40.8626],[-73.9209,40.8626],[-73.9209,40.8626],[-73.9209,40.8626],[-73.9209,40.8627],[-73.9209,40.8627],[-73.9209,40.8627],[-73.9209,40.8627],[-73.9209,40.8627],[-73.9209,40.8627],[-73.9209,40.8627],[-73.9209,40.8627],[-73.9209,40.8627],[-73.9209,40.8627],[-73.9209,40.8627],[-73.9209,40.8627],[-73.9209,40.8627],[-73.9209,40.8627],[-73.9209,40.8627],[-73.9209,40.8627],[-73.9208,40.8627],[-73.9208,40.8627],[-73.9208,40.8627],[-73.9208,40.8626],[-73.9208,40.8626],[-73.9208,40.8626],[-73.9208,40.8626],[-73.9208,40.8626],[-73.9208,40.8626],[-73.9208,40.8626],[-73.9208,40.8626],[-73.9208,40.8626],[-73.9209,40.8626],[-73.9209,40.8626],[-73.9209,40.8626],[-73.9209,40.8626],[-73.9209,40.8626],[-73.9209,40.8626],[-73.9209,40.8626]]]"
"2020-05-12T14:35:14.000",,"1087024","M","2020-08-12T21:57:14.000","M240","M240","M-12A","UnderConstruction","M240-BLG1466","Completely Locked","954542","Polygon","[[[-73.9379,40.8416],[-73.9379,40.8416],[-73.9379,40.8416],[-73.938,40.8417],[-73.9379,40.8417],[-73.9379,40.8417],[-73.9379,40.8416]]]"
"2020-05-12T14:35:13.000","2020-06-21T00:00:00.000","1063348","M","2020-08-12T21:57:14.000","M028","M028-02","M-12","Reopened","M028-02-BLG1465","Completely Locked","442124","Polygon","[[[-73.946,40.8389],[-73.946,40.8389],[-73.946,40.8389],[-73.9461,40.8389],[-73.946,40.8389],[-73.946,40.8389],[-73.946,40.8389]]]"
"2020-05-12T14:35:12.000","2020-06-22T00:00:00.000","1064350","M","2020-08-12T21:57:14.000","M009","M009","M-12","Reopened","M009-BLG1447",,"227141","Polygon","[[[-73.9379,40.8532],[-73.9379,40.8532],[-73.938,40.8532],[-73.938,40.8532],[-73.9379,40.8532]]]"
,,"2124098","X","2020-08-12T21:57:13.000","X039","X039_temp2","X-15","Active","X039-ZN02-BLG1405",,"293015","Polygon","[[[-73.8247,40.8518],[-73.8247,40.8518],[-73.8247,40.8518],[-73.8246,40.8517],[-73.8246,40.8517],[-73.8246,40.8516],[-73.8247,40.8516],[-73.8248,40.8518],[-73.8247,40.8518]]]"
"2020-05-12T14:35:09.000","2020-06-21T00:00:00.000","2124095","X","2020-08-12T21:57:13.000","X039","X039-ZN01","X-15","Reopened","X039-ZN01-BLG1402",,"560992","Polygon","[[[-73.8252,40.8485],[-73.8253,40.8484],[-73.8253,40.8484],[-73.8253,40.8485],[-73.8252,40.8485],[-73.8252,40.8485],[-73.8252,40.8485]]]"
"2020-05-12T14:35:09.000",,,"R","2020-08-12T21:57:13.000","R089","R089","R-03","UnderConstruction","R089-BLG1369",,,"Polygon","[[[-74.1362,40.5521],[-74.1361,40.5521],[-74.136,40.552],[-74.1361,40.552],[-74.1361,40.552],[-74.1361,40.552],[-74.1362,40.5521]]]"
"2020-05-12T14:35:07.000",,"5154336","R","2020-08-12T21:57:13.000","R085","R085","R-03","UnderConstruction","R085-BLG1341","Completely Locked","687682","Polygon","[[[-74.1858,40.5225],[-74.1858,40.5224],[-74.1859,40.5225],[-74.1858,40.5225],[-74.1858,40.5225]]]"
"2020-05-12T14:35:06.000","2020-06-22T00:00:00.000","5144600","R","2020-08-12T21:57:12.000","R087","R087","R-02","Reopened","R087-BLG1332",,"931292","Polygon","[[[-74.0898,40.5828],[-74.0898,40.5828],[-74.0899,40.5828],[-74.0898,40.5828],[-74.0898,40.5828]]]"
"2020-05-12T14:35:05.000","2020-06-23T00:00:00.000","5170729","R","2020-08-12T21:57:12.000","R067","R067","R-02","Reopened","R067-BLG1313","Completely Locked","1155413","Polygon","[[[-74.1007,40.5859],[-74.1008,40.5859],[-74.1008,40.5859],[-74.1008,40.586],[-74.1007,40.5859]]]"
"2020-05-12T14:35:04.000","2020-06-22T00:00:00.000","5168856","R","2020-08-12T21:57:12.000","R063","R063","R-02","Reopened","R063-BLG1304","Completely Locked","1191797","Polygon","[[[-74.0814,40.5955],[-74.0815,40.5954],[-74.0815,40.5955],[-74.0815,40.5955],[-74.0814,40.5955]]]"
"2020-05-12T14:35:03.000","2020-06-22T00:00:00.000","5151982","R","2020-08-12T21:57:12.000","R114","R114_temp","RR-03","Reopened","R114-BLG1300",,"1005691","Polygon","[[[-74.1634,40.6204],[-74.1633,40.6204],[-74.1634,40.6203],[-74.1634,40.6203],[-74.1634,40.6203],[-74.1635,40.6203],[-74.1635,40.6203],[-74.1635,40.6203],[-74.1636,40.6202],[-74.1636,40.6202],[-74.1636,40.6204],[-74.1635,40.6204],[-74.1635,40.6204],[-74.1634,40.6204],[-74.1634,40.6204],[-74.1634,40.6204]]]"
"2020-05-12T14:35:02.000","2020-06-22T00:00:00.000","5003510","R","2020-08-12T21:57:12.000","R015","R015","RR-08","Reopened","R015-BLG1299",,"174812","Polygon","[[[-74.1089,40.6438],[-74.1088,40.6438],[-74.1088,40.6438],[-74.1087,40.6438],[-74.1088,40.6438],[-74.1087,40.6437],[-74.1087,40.6437],[-74.1087,40.6436],[-74.1088,40.6436],[-74.1088,40.6437],[-74.1089,40.6437],[-74.109,40.6437],[-74.109,40.6438],[-74.1089,40.6438],[-74.1089,40.6438]]]"
"2020-05-12T14:35:01.000","2020-06-22T00:00:00.000","5106626","R","2020-08-12T21:57:12.000","R109","R109","R-01","Reopened","R109-BLG1292",,"736914","Polygon","[[[-74.1179,40.6386],[-74.1179,40.6385],[-74.1179,40.6385],[-74.1179,40.6385],[-74.1179,40.6385],[-74.1179,40.6384],[-74.118,40.6385],[-74.118,40.6385],[-74.1179,40.6385],[-74.1179,40.6385],[-74.118,40.6385],[-74.1179,40.6386],[-74.1179,40.6386]]]"
"2020-05-12T14:35:00.000","2020-06-22T16:54:43.000","5043872","R","2020-08-12T21:57:12.000","R035","R035","RR-06","Reopened","R035-BLG1291","Completely Locked","163993","Polygon","[[[-74.0738,40.6147],[-74.0739,40.6147],[-74.074,40.6148],[-74.0739,40.6148],[-74.0738,40.6147]]]"
"2020-05-12T14:34:59.000",,"5089715","R","2020-08-12T21:57:11.000","R034","R034","RR-07","UnderConstruction","R034-BLG1290","Completely Locked","362233","Polygon","[[[-74.115,40.6295],[-74.115,40.6295],[-74.1151,40.6295],[-74.1151,40.6295],[-74.1152,40.6295],[-74.1152,40.6295],[-74.1152,40.6295],[-74.1152,40.6295],[-74.1152,40.6295],[-74.115,40.6296],[-74.115,40.6295],[-74.115,40.6295],[-74.115,40.6295]]]"
"2020-05-12T14:34:57.000",,"5005186","R","2020-08-12T21:57:11.000","R033","R033","R-01","UnderConstruction","R033-BLG1289","Completely Locked","294288","Polygon","[[[-74.129,40.6338],[-74.1291,40.6337],[-74.1291,40.6337],[-74.1292,40.6338],[-74.1292,40.6339],[-74.1291,40.6339],[-74.1291,40.6338],[-74.1291,40.6338],[-74.129,40.6338]]]"
,,"5141707","R","2020-08-12T21:57:11.000","R005","R005-ZN01","R-01","Active","R005-ZN01-BLG1284",,"849374","Polygon","[[[-74.1071,40.6183],[-74.107,40.6183],[-74.1071,40.6182],[-74.1071,40.6183],[-74.1072,40.6183],[-74.1071,40.6182],[-74.1072,40.6182],[-74.1072,40.6182],[-74.1073,40.6182],[-74.1073,40.6182],[-74.1074,40.6181],[-74.1074,40.6182],[-74.1073,40.6182],[-74.1073,40.6182],[-74.1072,40.6183],[-74.1072,40.6183],[-74.1072,40.6183],[-74.1072,40.6183],[-74.1071,40.6183],[-74.1071,40.6183],[-74.1071,40.6183]]]"
"2020-05-12T14:34:53.000",,"5166119","R","2020-08-12T21:57:11.000","R005","R005-ZN01","R-01","UnderConstruction","R005-ZN01-BLG1283",,"1195237","Polygon","[[[-74.1046,40.6166],[-74.1046,40.6166],[-74.1046,40.6166],[-74.1045,40.6165],[-74.1045,40.6165],[-74.1046,40.6165],[-74.1046,40.6165],[-74.1047,40.6165],[-74.1046,40.6166],[-74.1046,40.6166]]]"
,,"3239888","B","2020-08-12T21:57:10.000","B057","B057-ZN01","B-18","Active","B057-ZN01-BLG1211",,"176598","Polygon","[[[-73.9374,40.608],[-73.9373,40.608],[-73.9373,40.608],[-73.9373,40.608],[-73.9373,40.608],[-73.9373,40.608],[-73.9373,40.608],[-73.9373,40.6079],[-73.9373,40.6079],[-73.9373,40.6079],[-73.9373,40.6079],[-73.9373,40.6079],[-73.9373,40.6079],[-73.9373,40.6079],[-73.9373,40.6079],[-73.9373,40.6079],[-73.9373,40.6079],[-73.9373,40.6079],[-73.9373,40.6079],[-73.9372,40.6079],[-73.9372,40.6079],[-73.9372,40.6078],[-73.9372,40.6078],[-73.9372,40.6078],[-73.9372,40.6078],[-73.9373,40.6078],[-73.9373,40.6078],[-73.9373,40.6078],[-73.9373,40.6078],[-73.9373,40.6078],[-73.9373,40.6078],[-73.9373,40.6078],[-73.9374,40.6078],[-73.9374,40.6078],[-73.9374,40.6078],[-73.9374,40.6078],[-73.9374,40.6078],[-73.9374,40.6078],[-73.9374,40.6078],[-73.9374,40.6077],[-73.9374,40.6077],[-73.9375,40.6077],[-73.9375,40.6077],[-73.9375,40.6077],[-73.9375,40.6077],[-73.9375,40.6077],[-73.9375,40.6077],[-73.9375,40.6077],[-73.9375,40.6077],[-73.9375,40.6077],[-73.9376,40.6077],[-73.9376,40.6077],[-73.9376,40.6077],[-73.9376,40.6077],[-73.9376,40.6078],[-73.9376,40.6078],[-73.9376,40.6078],[-73.9376,40.6078],[-73.9376,40.6078],[-73.9376,40.6078],[-73.9376,40.6078],[-73.9376,40.6078],[-73.9376,40.6078],[-73.9376,40.6078],[-73.9376,40.6078],[-73.9376,40.6079],[-73.9376,40.6079],[-73.9376,40.6079],[-73.9376,40.6079],[-73.9376,40.6079],[-73.9376,40.6079],[-73.9376,40.6079],[-73.9376,40.6079],[-73.9376,40.6079],[-73.9376,40.6079],[-73.9376,40.6079],[-73.9376,40.6079],[-73.9376,40.6079],[-73.9376,40.6079],[-73.9376,40.608],[-73.9376,40.608],[-73.9376,40.608],[-73.9375,40.608],[-73.9375,40.608],[-73.9375,40.608],[-73.9375,40.608],[-73.9375,40.608],[-73.9375,40.608],[-73.9375,40.608],[-73.9375,40.608],[-73.9375,40.608],[-73.9375,40.608],[-73.9375,40.608],[-73.9375,40.608],[-73.9374,40.608],[-73.9374,40.608],[-73.9374,40.608],[-73.9374,40.608],[-73.9374,40.608],[-73.9374,40.608],[-73.9374,40.608],[-73.9374,40.608],[-73.9374,40.608],[-73.9373,40.608],[-73.9373,40.608],[-73.9374,40.608]]]"
"2020-05-12T14:34:52.000","2020-06-22T00:00:00.000","5107209","R","2020-08-12T21:57:11.000","R076","R076","R-01","Reopened","R076-BLG1279","Completely Locked","109113","Polygon","[[[-74.1463,40.623],[-74.1463,40.623],[-74.1464,40.623],[-74.1463,40.6231],[-74.1463,40.6231],[-74.1463,40.6231],[-74.1463,40.623]]]"
"2020-05-12T14:34:51.000","2020-06-22T16:52:14.000","5143126","R","2020-08-12T21:57:11.000","R069","R069","R-01","Reopened","R069-BLG1278","Completely Locked","968005","Polygon","[[[-74.0982,40.6135],[-74.0983,40.6135],[-74.0983,40.6136],[-74.0983,40.6136],[-74.0982,40.6135]]]"
"2020-05-12T14:34:50.000","2020-06-22T00:00:00.000","5154091","R","2020-08-12T21:57:11.000","R068","R068","R-01","Reopened","R068-BLG1276","Completely Locked","1201667","Polygon","[[[-74.165,40.631],[-74.165,40.6309],[-74.1651,40.6309],[-74.1651,40.6309],[-74.1651,40.6309],[-74.1651,40.631],[-74.165,40.631]]]"
"2020-05-12T14:34:49.000",,"5158382","R","2020-08-12T21:57:11.000","R061","R061","R-01","UnderConstruction","R061-BLG1260","Completely Locked","328020","Polygon","[[[-74.0791,40.6227],[-74.0792,40.6226],[-74.0792,40.6227],[-74.0791,40.6227],[-74.0791,40.6227]]]"
"2020-05-28T16:52:58.000","2020-06-22T00:00:00.000","3029666","B","2020-08-12T21:57:10.000","B159","B159","B-08","Reopened","B159-BLG1257","Completely Locked","46092","Polygon","[[[-73.9658,40.6721],[-73.9659,40.6721],[-73.9659,40.6721],[-73.9659,40.6722],[-73.9659,40.6722],[-73.9658,40.6722],[-73.9658,40.6721]]]"
"2020-05-12T14:34:46.000","2020-06-22T00:00:00.000","3235261","B","2020-08-12T21:57:10.000","B274","B274","B-18","Reopened","B274-BLG1223","Completely Locked","718365","Polygon","[[[-73.8872,40.6349],[-73.8872,40.6349],[-73.8873,40.6349],[-73.8872,40.635],[-73.8872,40.6349]]]"
"2020-05-12T14:34:44.000","2020-06-22T00:00:00.000","3421262","B","2020-08-12T21:57:10.000","B329","B329-01","B-18","Reopened","B329-01-BLG1216","Completely Locked","1206475","Polygon","[[[-73.9112,40.6123],[-73.9112,40.6122],[-73.9113,40.6123],[-73.9112,40.6123],[-73.9112,40.6123]]]"
,"2020-06-22T00:00:00.000","3235032","B","2020-08-12T21:57:10.000","B018","B018-ZN01","B-18","Reopened","B018-BLG1203",,"103183","Polygon","[[[-73.8958,40.629],[-73.8958,40.629],[-73.8958,40.629],[-73.896,40.6289],[-73.896,40.6289],[-73.8961,40.6288],[-73.8962,40.6289],[-73.8959,40.6291],[-73.8958,40.629]]]"
,,"3411208","B","2020-08-12T21:57:10.000","B018","B018-ZN05","B-18","Active","B018-BLG1202",,"688186","Polygon","[[[-73.8831,40.636],[-73.8832,40.6359],[-73.8833,40.636],[-73.8832,40.6361],[-73.8831,40.636]]]"
"2020-05-12T14:34:41.000","2020-06-22T00:00:00.000","3381007","B","2020-08-12T21:57:09.000","B304","B304","B-17","Reopened","B304-BLG1201","Completely Locked","947432","Polygon","[[[-73.9217,40.6587],[-73.9218,40.6587],[-73.9218,40.6587],[-73.9218,40.6587],[-73.9217,40.6587]]]"
"2020-05-12T14:34:40.000","2020-06-22T00:00:00.000",,"B","2020-08-12T21:57:09.000","B285","B285","B-17","Reopened","B285-BLG1200","Completely Locked",,"Polygon","[[[-73.9233,40.6433],[-73.9233,40.6433],[-73.9232,40.6434],[-73.9232,40.6433],[-73.9233,40.6433]]]"
"2020-05-12T14:34:39.000","2020-06-22T00:00:00.000","3425816","B","2020-08-12T21:57:09.000","B234","B234","B-17","Reopened","B234-BLG1198","Completely Locked","1283732","Polygon","[[[-73.9314,40.6479],[-73.9314,40.6479],[-73.9313,40.6479],[-73.9313,40.6479],[-73.9314,40.6479]]]"
"2020-05-12T14:34:36.000","2020-06-22T00:00:00.000","3411022","B","2020-08-12T21:57:09.000","B218","B218","B-17","Reopened","B218-BLG1197",,"842163","Polygon","[[[-73.9381,40.638],[-73.9382,40.638],[-73.9382,40.6381],[-73.9382,40.6381],[-73.9382,40.6381],[-73.9381,40.6381],[-73.9381,40.6381],[-73.9381,40.6381],[-73.9381,40.6381],[-73.9381,40.638]]]"
"2020-05-12T14:34:35.000","2020-06-22T00:00:00.000","3113806","B","2020-08-12T21:57:09.000","B250","B250","B-17","Reopened","B250-BLG1196","Completely Locked","1283731","Polygon","[[[-73.9474,40.6384],[-73.9474,40.6384],[-73.9475,40.6384],[-73.9475,40.6384],[-73.9474,40.6384]]]"
,,"3082941","B","2020-08-12T21:57:09.000","B343","B343","B-16","Active","B343-BLG1193",,"654669","Polygon","[[[-73.9061,40.6561],[-73.9062,40.656],[-73.9062,40.6561],[-73.9061,40.6561],[-73.9061,40.6561]]]"
"2020-05-12T14:34:33.000","2020-06-20T00:00:00.000","3417531","B","2020-08-12T21:57:09.000","B110","B110","B-16","Reopened","B110-BLG1182","Completely Locked","1199595","Polygon","[[[-73.9133,40.6818],[-73.9134,40.6818],[-73.9134,40.6819],[-73.9133,40.6819],[-73.9133,40.6818]]]"
"2020-05-12T14:34:32.000","2020-06-22T00:00:00.000","3385304","B","2020-08-12T21:57:08.000","B315","B315","B-13","Reopened","B315-BLG1161","Completely Locked","975843","Polygon","[[[-73.9927,40.5736],[-73.9927,40.5736],[-73.9927,40.5737],[-73.9927,40.5737],[-73.9927,40.5736]]]"
"2020-05-12T14:34:31.000","2020-06-23T00:00:00.000","3196565","B","2020-08-12T21:57:08.000","B296","B296","B-13","UnderConstruction","B296-BLG1151","Completely Locked","500528","Polygon","[[[-73.9788,40.5761],[-73.9788,40.576],[-73.9789,40.5761],[-73.9788,40.5761],[-73.9788,40.5761]]]"
,,"3424878","B","2020-08-12T21:57:08.000","B169","B169-ZN07A","B-13","Active","B169-ZN07A-BLG1145",,"1281390","Polygon","[[[-73.9924,40.5717],[-73.9922,40.5717],[-73.9922,40.5716],[-73.9924,40.5716],[-73.9924,40.5717]]]"
"2020-05-12T14:34:29.000","2020-06-22T00:00:00.000","3412710","B","2020-08-12T21:57:08.000","B337","B337","B-13","Reopened","B337-BLG1129","Completely Locked","780905","Polygon","[[[-73.9701,40.577],[-73.9702,40.577],[-73.9702,40.577],[-73.9703,40.5769],[-73.9703,40.577],[-73.9703,40.577],[-73.9703,40.577],[-73.9702,40.5771],[-73.9701,40.577]]]"
"2020-05-12T14:34:28.000","2020-06-22T00:00:00.000","3171575","B","2020-08-12T21:57:08.000","B372","B372","B-12","Reopened","B372-BLG1125","Completely Locked","757280","Polygon","[[[-73.9719,40.6185],[-73.9721,40.6185],[-73.9721,40.6188],[-73.972,40.6188],[-73.972,40.6188],[-73.9719,40.6185],[-73.9719,40.6185]]]"
"2020-05-12T14:34:27.000","2020-06-20T00:00:00.000","3164648","B","2020-08-12T21:57:08.000","B158","B158","B-11","Reopened","B158-BLG1121","Completely Locked","1181971","Polygon","[[[-74,40.6089],[-74,40.6089],[-74.0001,40.6089],[-74,40.6089],[-74,40.609],[-73.9999,40.6089],[-74,40.6089]]]"
"2020-05-12T14:34:26.000","2020-06-20T00:00:00.000","3390956","B","2020-08-12T21:57:07.000","B277","B277","B-11","Reopened","B277-BLG1120","Completely Locked","1201409","Polygon","[[[-74.0023,40.6024],[-74.0023,40.6023],[-74.0024,40.6024],[-74.0023,40.6024],[-74.0023,40.6024]]]"
"2020-05-28T16:57:15.000","2020-06-23T00:00:00.000","3404438","B","2020-08-12T21:57:07.000","B100","B100-01","B-11","Reopened","B100-01-BLG1116","Completely Locked","240265","Polygon","[[[-73.9864,40.6082],[-73.9866,40.6082],[-73.9866,40.6083],[-73.9864,40.6083],[-73.9864,40.6082]]]"
"2020-05-12T14:34:24.000","2020-06-22T00:00:00.000","3379176","B","2020-08-12T21:57:07.000","B284","B284","B-09","Reopened","B284-BLG1100","Completely Locked","1190166","Polygon","[[[-73.9499,40.6635],[-73.9499,40.6635],[-73.9499,40.6635],[-73.9499,40.6635],[-73.9499,40.6635]]]"
"2020-05-12T14:34:23.000","2020-06-22T00:00:00.000","3035501","B","2020-08-12T21:57:07.000","B193","B193","B-09","UnderConstruction","B193-BLG1098","Completely Locked","787675","Polygon","[[[-73.9406,40.6626],[-73.9407,40.6626],[-73.9407,40.6626],[-73.9406,40.6626],[-73.9406,40.6626]]]"
"2020-05-12T14:34:22.000","2020-06-22T00:00:00.000","3381428","B","2020-08-12T21:57:07.000","B254","B254","B-09","UnderConstruction","B254-BLG1097",,"966742","Polygon","[[[-73.9446,40.6591],[-73.9447,40.6591],[-73.9447,40.6594],[-73.9447,40.6594],[-73.9446,40.6594],[-73.9446,40.6594],[-73.9446,40.6591]]]"
"2020-05-12T14:34:21.000","2020-06-22T00:00:00.000","3425815","B","2020-08-12T21:57:07.000","B350","B350","B-08","Reopened","B350-BLG1094",,"1283730","Polygon","[[[-73.9623,40.675],[-73.9622,40.675],[-73.9622,40.675],[-73.9623,40.675],[-73.9623,40.675]]]"
,,"3379207","B","2020-08-12T21:57:07.000","B364","B364","B-08","Active","B364-BLG1091",,"947395","Polygon","[[[-73.9292,40.6749],[-73.9292,40.6748],[-73.9293,40.6748],[-73.9293,40.6749],[-73.9292,40.6749]]]"
,,"3008423","B","2020-08-12T21:57:07.000","B077","B077","B-06","Active","B077-BLG1078",,"1061742","Polygon","[[[-74.0087,40.6772],[-74.0086,40.6772],[-74.0086,40.6772],[-74.0086,40.6772],[-74.0087,40.6771],[-74.0087,40.6771],[-74.0087,40.6771],[-74.0088,40.6772],[-74.0088,40.6771],[-74.0088,40.6772],[-74.0087,40.6773],[-74.0087,40.6772],[-74.0087,40.6772]]]"
"2020-05-12T14:34:18.000","2020-06-22T00:00:00.000","3006192","B","2020-08-12T21:57:06.000","B230","B230","B-06","Reopened","B230-BLG1077",,"43239","Polygon","[[[-73.9878,40.6847],[-73.9878,40.6846],[-73.9879,40.6847],[-73.9878,40.6847],[-73.9878,40.6847]]]"
"2020-05-12T14:34:17.000","2020-06-22T00:00:00.000","3005203","B","2020-08-12T21:57:06.000","B223B","B223B","B-06","Reopened","B223B-BLG1075","Completely Locked","650629","Polygon","[[[-74.0019,40.6805],[-74.0019,40.6804],[-74.002,40.6804],[-74.002,40.6805],[-74.002,40.6805],[-74.0019,40.6805],[-74.0019,40.6805]]]"
,,"3008841","B","2020-08-12T21:57:06.000","B126","B126-ZN03","B-06","Active","B126-ZN03-BLG1073",,"90682","Polygon","[[[-74.0077,40.6728],[-74.0078,40.6727],[-74.0078,40.6727],[-74.0079,40.6727],[-74.0078,40.6728],[-74.0077,40.6728],[-74.0077,40.6728]]]"
"2020-05-12T14:34:14.000","2020-06-22T00:00:00.000","3002927","B","2020-08-12T21:57:06.000","B050","B050","B-06","Reopened","B050-BLG1072","Completely Locked","133533","Polygon","[[[-73.9995,40.6897],[-73.9995,40.6896],[-73.9996,40.6896],[-73.9996,40.6897],[-73.9995,40.6897]]]"
"2020-05-12T14:34:13.000","2020-06-23T00:00:00.000","3007377","B","2020-08-12T21:57:06.000","B019","B019","B-06","Reopened","B019-BLG1067","Completely Locked","502359","Polygon","[[[-73.9947,40.6809],[-73.9947,40.6809],[-73.9947,40.6809],[-73.9948,40.6808],[-73.9948,40.6808],[-73.9948,40.6808],[-73.9949,40.6808],[-73.9948,40.6808],[-73.9948,40.6808],[-73.9948,40.6809],[-73.9948,40.6809],[-73.9948,40.681],[-73.9947,40.6809]]]"
"2020-05-12T14:34:12.000","2020-06-20T00:00:00.000","3380792","B","2020-08-12T21:57:06.000","B345","B345","B-05","Reopened","B345-BLG1066","Completely Locked","951858","Polygon","[[[-73.8868,40.6558],[-73.8868,40.6557],[-73.8869,40.6558],[-73.8868,40.6558],[-73.8868,40.6558]]]"
"2020-05-12T14:34:11.000","2020-06-20T00:00:00.000","3380474","B","2020-08-12T21:57:06.000","B163","B163","B-05","Reopened","B163-BLG1063","Completely Locked","1157155","Polygon","[[[-73.8842,40.6776],[-73.8842,40.6776],[-73.8843,40.6776],[-73.8843,40.6776],[-73.8843,40.6777],[-73.8842,40.6776],[-73.8842,40.6776]]]"
"2020-05-12T14:34:10.000","2020-06-20T00:00:00.000","3256583","B","2020-08-12T21:57:05.000","B261","B261","B-05","Reopened","B261-BLG1062",,"750504","Polygon","[[[-73.886,40.6654],[-73.8861,40.6654],[-73.8861,40.6655],[-73.886,40.6655],[-73.886,40.6654]]]"
,,"3327441","B","2020-08-12T21:57:05.000","B214","B214-01","B-05","Active","B214-01-BLG1061",,"101555","Polygon","[[[-73.8875,40.6582],[-73.8875,40.6582],[-73.8875,40.6582],[-73.8875,40.6583],[-73.8875,40.6583],[-73.8874,40.6582],[-73.8875,40.6582]]]"
,,"3093207","B","2020-08-12T21:57:05.000","B141","B141","B-05","Active","B141-BLG1060",,"1019130","Polygon","[[[-73.8762,40.6795],[-73.8763,40.6795],[-73.8763,40.6796],[-73.8762,40.6796],[-73.8762,40.6795]]]"
"2020-05-12T14:34:06.000","2020-06-20T00:00:00.000","3393365","B","2020-08-12T21:57:05.000","B056","B056","B-05","Reopened","B056-BLG1059","Completely Locked","1105609","Polygon","[[[-73.8902,40.6674],[-73.8902,40.6674],[-73.8902,40.6674],[-73.8902,40.6674],[-73.8902,40.6674]]]"
"2020-05-12T14:34:05.000","2020-06-22T00:00:00.000","3380167","B","2020-08-12T21:57:05.000","B307","B307","B-04","Reopened","B307-BLG1055","Completely Locked","966977","Polygon","[[[-73.9111,40.688],[-73.9112,40.688],[-73.9112,40.688],[-73.9112,40.688],[-73.9112,40.6881],[-73.9111,40.688],[-73.9111,40.688]]]"
"2020-05-12T14:34:04.000","2020-06-22T00:00:00.000","3080442","B","2020-08-12T21:57:05.000","B131","B131","B-04","Reopened","B131-BLG1054","Completely Locked","332264","Polygon","[[[-73.9049,40.6833],[-73.905,40.6833],[-73.905,40.6833],[-73.9049,40.6834],[-73.9049,40.6833]]]"
,,"3040059","B","2020-08-12T21:57:05.000","B079","B079","B-03","Active","B079-BLG1040",,"517623","Polygon","[[[-73.919,40.6851],[-73.919,40.6851],[-73.9189,40.6851],[-73.9189,40.685],[-73.9191,40.685],[-73.9191,40.6851],[-73.9191,40.6851],[-73.9191,40.6851],[-73.919,40.6851]]]"
"2020-05-12T14:34:02.000","2020-06-23T00:00:00.000","3054027","B","2020-08-12T21:57:04.000","B225","B225","B-03","Reopened","B225-BLG1037","Completely Locked","819246","Polygon","[[[-73.942,40.6788],[-73.942,40.6788],[-73.942,40.6788],[-73.942,40.6788],[-73.942,40.6788]]]"
,,"3047903","B","2020-08-12T21:57:04.000","B038","B038","B-03","Active","B038-BLG1035",,"517611","Polygon","[[[-73.9316,40.6798],[-73.9316,40.6797],[-73.9316,40.6797],[-73.9316,40.6797],[-73.9315,40.6797],[-73.9316,40.6797],[-73.9316,40.6797],[-73.9317,40.6797],[-73.9316,40.6797],[-73.9317,40.6798],[-73.9317,40.6798],[-73.9317,40.6799],[-73.9316,40.6799],[-73.9316,40.6799],[-73.9316,40.6799],[-73.9316,40.6798],[-73.9316,40.6798]]]"
"2020-05-12T14:34:00.000","2020-06-22T00:00:00.000","3414267","B","2020-08-12T21:57:04.000","B258","B258","B-03","Reopened","B258-BLG1032",,"1217081","Polygon","[[[-73.9227,40.6806],[-73.9227,40.6806],[-73.9227,40.6807],[-73.9227,40.6807],[-73.9227,40.6806]]]"
"2020-05-12T14:33:59.000","2020-06-22T00:00:00.000","3379585","B","2020-08-12T21:57:04.000","B348","B348","B-03","Reopened","B348-BLG1030","Completely Locked","1162227","Polygon","[[[-73.9466,40.6945],[-73.9467,40.6944],[-73.9467,40.6945],[-73.9467,40.6945],[-73.9466,40.6945],[-73.9466,40.6945],[-73.9466,40.6945]]]"
"2020-05-12T14:33:58.000","2020-06-22T00:00:00.000","3399478","B","2020-08-12T21:57:04.000","B224","B224","B-03","Reopened","B224-BLG1029","Completely Locked","512027","Polygon","[[[-73.9254,40.6879],[-73.9255,40.6879],[-73.9255,40.6879],[-73.9254,40.6879],[-73.9254,40.6879]]]"
"2020-05-12T14:33:56.000","2020-06-22T00:00:00.000","3414304","B","2020-08-12T21:57:04.000","B262","B262","B-03","Reopened","B262-BLG1028","Completely Locked","1200125","Polygon","[[[-73.9442,40.682],[-73.9443,40.682],[-73.9443,40.6821],[-73.9442,40.6821],[-73.9442,40.682]]]"
"2020-05-12T14:33:55.000","2020-06-22T00:00:00.000","3379581","B","2020-08-12T21:57:03.000","B298","B298","B-03","Reopened","B298-BLG1027","Completely Locked","947269","Polygon","[[[-73.9486,40.6971],[-73.9486,40.6971],[-73.9486,40.6971],[-73.9486,40.6971],[-73.9486,40.6971]]]"
"2020-05-12T14:33:54.000","2020-06-22T00:00:00.000","3379691","B","2020-08-12T21:57:03.000","B321","B321","B-02","Reopened","B321-BLG1026","Completely Locked","962462","Polygon","[[[-73.9717,40.6892],[-73.9718,40.6892],[-73.9718,40.6893],[-73.9717,40.6893],[-73.9717,40.6892]]]"
"2020-05-12T14:33:53.000","2020-06-22T00:00:00.000","3414468","B","2020-08-12T21:57:03.000","B220","B220","B-02","Reopened","B220-BLG1024","Completely Locked","1191696","Polygon","[[[-73.9666,40.6954],[-73.9666,40.6954],[-73.9667,40.6954],[-73.9666,40.6954],[-73.9666,40.6954]]]"
"2020-05-12T14:33:52.000","2020-06-23T00:00:00.000","3399798","B","2020-08-12T21:57:03.000","B102","B102","B-02","Reopened","B102-BLG1023","Completely Locked","310583","Polygon","[[[-73.9592,40.6816],[-73.9592,40.6815],[-73.9592,40.6815],[-73.9593,40.6816],[-73.9593,40.6816],[-73.9592,40.6817],[-73.9592,40.6817],[-73.9592,40.6817],[-73.9591,40.6817],[-73.9591,40.6817],[-73.9592,40.6816]]]"
"2020-05-12T14:33:51.000","2020-06-23T00:00:00.000","3395390","B","2020-08-12T21:57:03.000","B292","B292","B-02","Reopened","B292-BLG1018","Completely Locked","1197051","Polygon","[[[-73.9622,40.6926],[-73.9623,40.6926],[-73.9623,40.6926],[-73.9622,40.6926],[-73.9622,40.6926]]]"
"2020-05-12T14:33:50.000","2020-06-22T00:00:00.000","3000574","B","2020-08-12T21:57:03.000","B137","B137","B-02","Reopened","B137-BLG1017","Completely Locked","395091","Polygon","[[[-73.9809,40.6867],[-73.9809,40.6867],[-73.9811,40.6867],[-73.981,40.6868],[-73.9809,40.6867]]]"
"2020-05-12T14:33:49.000",,"3319502","B","2020-08-12T21:57:03.000","B259","B259","B-02","Reopened","B259-BLG1015","Completely Locked","263713","Polygon","[[[-73.9667,40.6885],[-73.9668,40.6885],[-73.9668,40.6886],[-73.9667,40.6886],[-73.9667,40.6886],[-73.9667,40.6886],[-73.9667,40.6885]]]"
,,"3395701","B","2020-08-12T21:57:02.000","B223F","B223F","B-02","Active","B223F-BLG1011",,"1115526","Polygon","[[[-73.9953,40.7011],[-73.9954,40.701],[-73.9954,40.701],[-73.9954,40.7011],[-73.9953,40.7011]]]"
"2020-05-12T14:33:46.000","2020-06-22T00:00:00.000","3000207","B","2020-08-12T21:57:02.000","B061","B061","B-02","Reopened","B061-BLG1005","Completely Locked","304114","Polygon","[[[-73.9859,40.6967],[-73.9859,40.6966],[-73.9862,40.6966],[-73.9862,40.6967],[-73.9859,40.6967]]]"
"2020-05-12T14:33:45.000","2020-06-21T00:00:00.000","3335831","B","2020-08-12T21:57:02.000","B167","B167","B-01","Reopened","B167-BLG0996","Completely Locked","1283728","Polygon","[[[-73.9598,40.7105],[-73.9599,40.7106],[-73.9598,40.7106],[-73.9598,40.7106],[-73.9598,40.7105]]]"
,,"3338038","B","2020-08-12T21:57:02.000","B114","B114","B-01","Active","B114-BLG0993",,"820688","Polygon","[[[-73.9435,40.7248],[-73.9435,40.7248],[-73.9435,40.7248],[-73.9435,40.7248],[-73.9434,40.7249],[-73.9434,40.7248],[-73.9434,40.7248],[-73.9435,40.7248]]]"
"2020-05-12T14:33:42.000","2020-06-22T00:00:00.000","3380040","B","2020-08-12T21:57:02.000","B310","B310","B-01","Reopened","B310-BLG0998","Completely Locked","1171734","Polygon","[[[-73.9394,40.7017],[-73.9395,40.7017],[-73.9395,40.7017],[-73.9394,40.7017],[-73.9394,40.7017]]]"
"2020-05-12T14:33:41.000","2020-06-21T00:00:00.000","3343093","B","2020-08-12T21:57:01.000","B142","B142","B-01","Reopened","B142-BLG0990","Completely Locked","1164158","Polygon","[[[-73.9641,40.7081],[-73.9641,40.7081],[-73.9641,40.7081],[-73.9641,40.7081],[-73.9641,40.7081]]]"
"2020-05-12T14:33:40.000","2020-06-21T00:00:00.000","3400033","B","2020-08-12T21:57:01.000","B001","B001","B-01","Reopened","B001-BLG0989","Completely Locked","1157878","Polygon","[[[-73.9576,40.7287],[-73.9577,40.7287],[-73.9577,40.7288],[-73.9576,40.7288],[-73.9576,40.7287]]]"
"2020-05-12T14:33:40.000","2020-06-21T00:00:00.000","3379699","B","2020-08-12T21:57:01.000","B264","B264","B-01","Reopened","B264-BLG0981","Completely Locked","1226862","Polygon","[[[-73.9623,40.7061],[-73.9624,40.7061],[-73.9624,40.7061],[-73.9624,40.7061],[-73.9623,40.7061]]]"
"2020-05-12T14:33:38.000","2020-06-21T00:00:00.000","3062519","B","2020-08-12T21:57:01.000","B223R","B223R","B-01","UnderConstruction","B223R-BLG0979","Completely Locked","1188669","Polygon","[[[-73.9544,40.7134],[-73.9544,40.7134],[-73.9545,40.7134],[-73.9545,40.7135],[-73.9544,40.7134]]]"
"2020-05-12T14:33:37.000","2020-06-21T00:00:00.000","2118320","X","2020-08-12T21:57:01.000","X092","X092-05","X-13","Reopened","X092-05-BLG0943","Completely Locked","1226157","Polygon","[[[-73.8906,40.8852],[-73.8906,40.8852],[-73.8907,40.8852],[-73.8907,40.8852],[-73.8906,40.8852]]]"
"2020-05-12T14:33:36.000","2020-06-21T00:00:00.000","2128987","X","2020-08-12T21:57:00.000","X141","X141","X-12","Reopened","X141-BLG0941","Completely Locked","1283727","Polygon","[[[-73.8588,40.8877],[-73.8587,40.8876],[-73.8588,40.8876],[-73.8588,40.8876],[-73.8588,40.8877]]]"
"2020-05-12T14:33:35.000",,"2056990","X","2020-08-12T21:57:00.000","X161","X161","X-12","Reopened","X161-BLG0939",,"789306","Polygon","[[[-73.8654,40.8747],[-73.8654,40.8746],[-73.8655,40.8746],[-73.8655,40.8746],[-73.8655,40.8747],[-73.8654,40.8747],[-73.8654,40.8747]]]"
,,"2097406","X","2020-08-12T21:57:00.000","X196","X196","X-12","Active","X196-BLG0938",,"489127","Polygon","[[[-73.8392,40.8735],[-73.8392,40.8735],[-73.8393,40.8735],[-73.8393,40.8734],[-73.8393,40.8734],[-73.8394,40.8735],[-73.8394,40.8735],[-73.8394,40.8735],[-73.8394,40.8735],[-73.8394,40.8736],[-73.8393,40.8736],[-73.8392,40.8736],[-73.8392,40.8736],[-73.8392,40.8735]]]"
"2020-05-12T14:33:33.000","2020-06-21T00:00:00.000","2018688","X","2020-08-12T21:57:00.000","X004","X004-01","X-14","Reopened","X004-01-BLG0936","Completely Locked","339101","Polygon","[[[-73.864,40.8908],[-73.864,40.8908],[-73.8641,40.8908],[-73.8641,40.8909],[-73.8641,40.8909],[-73.8641,40.8909],[-73.864,40.8908]]]"
"2020-05-12T14:33:32.000","2020-06-21T00:00:00.000","2120097","X","2020-08-12T21:56:59.000","X004","X002-14","X-14","Reopened","X002-14-BLG0934","Completely Locked","825244","Polygon","[[[-73.8711,40.873],[-73.8711,40.8729],[-73.8712,40.873],[-73.8711,40.873],[-73.8711,40.873]]]"
"2020-05-12T14:33:31.000","2020-06-21T00:00:00.000","2126936","X","2020-08-12T21:56:59.000","X165","X165","X-12","Reopened","X165-BLG0933","Completely Locked","1221255","Polygon","[[[-73.8451,40.8841],[-73.8452,40.884],[-73.8452,40.8841],[-73.8452,40.8841],[-73.8451,40.8841]]]"
"2020-05-12T14:33:30.000","2020-06-21T00:00:00.000","2125502","X","2020-08-12T21:56:59.000","X004","X004","X-14","Reopened","X004-BLG0930",,"1189915","Polygon","[[[-73.867,40.8844],[-73.867,40.8843],[-73.8671,40.8843],[-73.867,40.8844],[-73.867,40.8844]]]"
"2020-05-12T14:33:29.000","2020-06-21T00:00:00.000","2057911","X","2020-08-12T21:56:59.000","X169","X169","X-12","Reopened","X169-BLG0929","Completely Locked","733392","Polygon","[[[-73.8617,40.8805],[-73.8617,40.8804],[-73.8618,40.8805],[-73.8618,40.8805],[-73.8617,40.8805]]]"
"2020-05-12T14:33:28.000","2020-06-21T00:00:00.000","2045022","X","2020-08-12T21:56:59.000","X163","X163","X-11","Reopened","X163-BLG0928","Completely Locked","1156864","Polygon","[[[-73.852,40.8488],[-73.852,40.8488],[-73.8521,40.8489],[-73.852,40.8489],[-73.852,40.8488]]]"
"2020-05-12T14:33:26.000",,"2053529","X","2020-08-12T21:56:59.000","X087","X087","X-11","UnderConstruction","X087-BLG0927","Completely Locked","834628","Polygon","[[[-73.8687,40.8661],[-73.8687,40.866],[-73.8688,40.8661],[-73.8688,40.8661],[-73.8688,40.8661],[-73.8687,40.8661],[-73.8687,40.8661]]]"
"2020-05-12T14:33:25.000","2020-06-21T00:00:00.000","2125424","X","2020-08-12T21:56:59.000","X156","X156","X-11","Reopened","X156-BLG0926","Completely Locked","455210","Polygon","[[[-73.8527,40.8698],[-73.8527,40.8697],[-73.8527,40.8697],[-73.8527,40.8698],[-73.8527,40.8698]]]"
"2020-05-12T14:33:23.000",,"2100950","X","2020-08-12T21:56:58.000","X178","X178","X-11","COVID-19 Closure","X178-BLG0925","Completely Locked","1235396","Polygon","[[[-73.8615,40.8469],[-73.8615,40.8469],[-73.8616,40.8469],[-73.8616,40.847],[-73.8615,40.847],[-73.8615,40.847],[-73.8615,40.8469]]]"
,,"2097529","X","2020-08-12T21:56:58.000","X002","X002-ZN04","X-14","Active","X002-ZN04-BLG0923",,"1016494","Polygon","[[[-73.8765,40.8695],[-73.8766,40.8695],[-73.8766,40.8695],[-73.8767,40.8695],[-73.8766,40.8696],[-73.8766,40.8696],[-73.8765,40.8695]]]"
,,"2128315","X","2020-08-12T21:56:58.000","X002","X002-ZN01","X-14","Active","X002-ZN01-BLG0921",,"1264331","Polygon","[[[-73.8697,40.8543],[-73.8697,40.8543],[-73.8697,40.8544],[-73.8697,40.8544],[-73.8697,40.8544],[-73.8697,40.8544],[-73.8696,40.8543],[-73.8696,40.8543],[-73.8697,40.8543]]]"
"2020-05-12T14:33:21.000","2020-06-21T00:00:00.000","2125414","X","2020-08-12T21:56:58.000","X187","X187-03","X-12","Reopened","X187-03-BLG0920",,"1192160","Polygon","[[[-73.8423,40.8679],[-73.8423,40.8679],[-73.8424,40.8679],[-73.8424,40.8679],[-73.8423,40.8679]]]"
"2020-05-12T14:33:20.000","2020-06-21T00:00:00.000","2125353","X","2020-08-12T21:56:58.000","X172","X172","X-11","Reopened","X172-BLG0919",,"1239907","Polygon","[[[-73.8505,40.8657],[-73.8505,40.8656],[-73.8506,40.8656],[-73.8506,40.8657],[-73.8505,40.8657]]]"
"2020-05-12T14:33:19.000","2020-06-21T00:00:00.000","2051572","X","2020-08-12T21:56:58.000","X157","X157","X-11","Reopened","X157-BLG0918","Completely Locked","1209357","Polygon","[[[-73.8582,40.8625],[-73.8582,40.8625],[-73.8582,40.8625],[-73.8582,40.8625],[-73.8582,40.8625]]]"
"2020-05-12T14:33:18.000","2020-06-21T00:00:00.000","2054715","X","2020-08-12T21:56:58.000","X162","X162","X-11","Reopened","X162-BLG0917",,"1252841","Polygon","[[[-73.8679,40.8685],[-73.8679,40.8684],[-73.868,40.8684],[-73.868,40.8684],[-73.868,40.8685],[-73.868,40.8685],[-73.8679,40.8685]]]"
"2020-05-12T14:33:17.000","2020-06-21T00:00:00.000","2128300","X","2020-08-12T21:56:57.000","X002","X002","X-11","Reopened","X002-BLG0915",,"1191419","Polygon","[[[-73.8686,40.8514],[-73.8686,40.8514],[-73.8687,40.8514],[-73.8686,40.8515],[-73.8686,40.8515],[-73.8686,40.8514],[-73.8686,40.8514]]]"
"2020-05-12T14:33:16.000","2020-06-21T00:00:00.000","2073674","X","2020-08-12T21:56:57.000","X121","X121","X-10","Reopened","X121-BLG0911","Completely Locked","386968","Polygon","[[[-73.831,40.838],[-73.831,40.838],[-73.831,40.838],[-73.8311,40.838],[-73.831,40.8381],[-73.8309,40.838],[-73.831,40.838]]]"
"2020-05-12T14:33:15.000","2020-06-21T00:00:00.000","2088564","X","2020-08-12T21:56:57.000","X122","X122","X-10","Reopened","X122-BLG0905","Completely Locked","946011","Polygon","[[[-73.8346,40.8525],[-73.8346,40.8524],[-73.8347,40.8524],[-73.8347,40.8525],[-73.8347,40.8525],[-73.8346,40.8525]]]"
"2020-05-12T14:33:14.000","2020-06-21T00:00:00.000","2098635","X","2020-08-12T21:56:57.000","X160","X160","X-09","Reopened","X160-BLG0895","Completely Locked","1157004","Polygon","[[[-73.8538,40.8375],[-73.8539,40.8375],[-73.8539,40.8375],[-73.8538,40.8375],[-73.8538,40.8375]]]"
"2020-05-12T14:33:13.000",,"2119257","X","2020-08-12T21:56:57.000","X159","X159","X-09","UnderConstruction","X159-BLG0894","Completely Locked","642018","Polygon","[[[-73.8778,40.8343],[-73.8779,40.8343],[-73.8779,40.8343],[-73.8779,40.8344],[-73.8778,40.8343]]]"
"2020-05-12T14:33:12.000","2020-06-21T00:00:00.000","2021925","X","2020-08-12T21:56:57.000","X203","X203","X-09","Reopened","X203-BLG0892","Completely Locked","406520","Polygon","[[[-73.8497,40.8193],[-73.8497,40.8192],[-73.8498,40.8193],[-73.8498,40.8193],[-73.8497,40.8193]]]"
"2020-05-12T14:33:11.000","2020-06-21T00:00:00.000","2119043","X","2020-08-12T21:56:56.000","X124","X124","X-09","Reopened","X124-BLG0891","Completely Locked","626119","Polygon","[[[-73.8691,40.829],[-73.8692,40.829],[-73.8692,40.829],[-73.8691,40.8291],[-73.8691,40.829]]]"
"2020-05-12T14:33:10.000","2020-06-21T00:00:00.000","2028417","X","2020-08-12T21:56:56.000","X123","X123","X-09","Reopened","X123-BLG0890","Completely Locked","1195351","Polygon","[[[-73.8718,40.8369],[-73.8718,40.8368],[-73.8719,40.8368],[-73.8719,40.8369],[-73.8718,40.8369]]]"
"2020-05-12T14:33:09.000","2020-06-21T00:00:00.000","2110609","X","2020-08-12T21:56:56.000","X177","X177","X-09","Reopened","X177-BLG0889","Completely Locked","1220000","Polygon","[[[-73.8529,40.839],[-73.853,40.839],[-73.853,40.839],[-73.8529,40.839],[-73.8529,40.8391],[-73.8529,40.839],[-73.8529,40.839]]]"
"2020-05-12T14:33:06.000","2020-06-21T00:00:00.000","2100763","X","2020-08-12T21:56:56.000","X176","X176","X-09","Reopened","X176-BLG0888","Completely Locked","461582","Polygon","[[[-73.8661,40.839],[-73.8662,40.839],[-73.8662,40.839],[-73.8662,40.839],[-73.8661,40.839],[-73.8661,40.839],[-73.8661,40.839]]]"
"2020-05-12T14:33:05.000","2020-06-21T00:00:00.000","2101057","X","2020-08-12T21:56:56.000","X148M1","X148M1","X-09","Reopened","X148M1-BLG0887","Completely Locked","204649","Polygon","[[[-73.8479,40.83],[-73.848,40.8299],[-73.848,40.83],[-73.8479,40.83],[-73.8479,40.83]]]"
"2020-05-12T14:33:05.000","2020-06-21T00:00:00.000","2126948","X","2020-08-12T21:56:56.000","X148L","X148L","X-09","Reopened","X148L-BLG0886","Completely Locked","1201313","Polygon","[[[-73.8621,40.8343],[-73.8622,40.8343],[-73.8622,40.8343],[-73.8621,40.8343],[-73.8621,40.8343]]]"
"2020-05-12T14:33:03.000","2020-06-21T00:00:00.000","2127850","X","2020-08-12T21:56:56.000","X004","X004-03","X-09","Reopened","X004-03-BLG0884","Completely Locked","1264325","Polygon","[[[-73.8737,40.8271],[-73.8738,40.8271],[-73.8738,40.8272],[-73.8737,40.8272],[-73.8737,40.8271]]]"
"2020-05-12T14:33:02.000","2020-06-21T00:00:00.000","2128986","X","2020-08-12T21:56:56.000","X221","X221","X-09","Reopened","X221-BLG0881","Completely Locked","1283722","Polygon","[[[-73.8599,40.8221],[-73.86,40.8221],[-73.8599,40.8221],[-73.8599,40.8221],[-73.8599,40.8221]]]"
"2020-05-12T14:33:01.000","2020-06-21T00:00:00.000","2022774","X","2020-08-12T21:56:55.000","X151","X151","X-09","Reopened","X151-BLG0877","Completely Locked","43317","Polygon","[[[-73.8505,40.8234],[-73.8505,40.8234],[-73.8506,40.8235],[-73.8505,40.8235],[-73.8505,40.8234]]]"
"2020-05-12T14:33:00.000",,"2087596","X","2020-08-12T21:56:55.000","X152","X152","X-08","Reopened","X152-BLG0871","Completely Locked","1251743","Polygon","[[[-73.9049,40.9021],[-73.9049,40.9021],[-73.9049,40.9022],[-73.9048,40.9022],[-73.9048,40.9022],[-73.9048,40.9021],[-73.9049,40.9021]]]"
"2020-05-12T14:32:59.000","2020-06-21T00:00:00.000","2016175","X","2020-08-12T21:56:55.000","X150J","X150J","X-08","Reopened","X150J-BLG0870",,"825812","Polygon","[[[-73.9007,40.8811],[-73.9007,40.8811],[-73.9008,40.8811],[-73.9008,40.8812],[-73.9007,40.8811]]]"
,,"2088669","X","2020-08-12T21:56:55.000","X080","X080","X-08","Active","X080-BLG0869",,"229436","Polygon","[[[-73.9206,40.881],[-73.9206,40.881],[-73.9206,40.8811],[-73.9206,40.8811],[-73.9206,40.881]]]"
"2020-05-12T14:32:56.000","2020-06-21T00:00:00.000","2125075","X","2020-08-12T21:56:55.000","X020","X020","X-08","Reopened","X020-BLG0868",,"1227850","Polygon","[[[-73.8959,40.8816],[-73.8959,40.8816],[-73.896,40.8816],[-73.8959,40.8816],[-73.8959,40.8816]]]"
"2020-05-12T14:32:55.000","2020-06-21T00:00:00.000","2101764","X","2020-08-12T21:56:55.000","X202","X202","X-08","Reopened","X202-BLG0866","Completely Locked","136461","Polygon","[[[-73.9079,40.8777],[-73.9079,40.8776],[-73.908,40.8777],[-73.9079,40.8777],[-73.9079,40.8777]]]"
,,"2016297","X","2020-08-12T21:56:55.000","X042","X042","X-06","Active","X042-BLG0859",,"327446","Polygon","[[[-73.8907,40.8618],[-73.8907,40.8617],[-73.8908,40.8617],[-73.8908,40.8617],[-73.8908,40.8617],[-73.8908,40.8617],[-73.8909,40.8617],[-73.8909,40.8617],[-73.8909,40.8617],[-73.8909,40.8617],[-73.8908,40.8618],[-73.8908,40.8618],[-73.8907,40.8618],[-73.8907,40.8618],[-73.8907,40.8618]]]"
"2020-05-12T14:32:53.000","2020-06-21T00:00:00.000","2124946","X","2020-08-12T21:56:55.000","X175","X175","X-07","Reopened","X175-BLG0851","Completely Locked","1207843","Polygon","[[[-73.9059,40.8719],[-73.906,40.8719],[-73.906,40.8719],[-73.906,40.8719],[-73.9059,40.8719]]]"
"2020-05-12T14:32:52.000","2020-06-21T00:00:00.000","2118048","X","2020-08-12T21:56:54.000","X197","X197","X-07","Reopened","X197-BLG0849","Completely Locked","1061050","Polygon","[[[-73.8828,40.8726],[-73.8829,40.8726],[-73.8829,40.8726],[-73.8829,40.8727],[-73.8828,40.8726]]]"
"2020-05-12T14:32:51.000","2020-06-21T00:00:00.000","2118290","X","2020-08-12T21:56:54.000","X266","X266","X-06","Reopened","X266-BLG0844","Completely Locked","760480","Polygon","[[[-73.8813,40.8441],[-73.8814,40.844],[-73.8815,40.844],[-73.8815,40.844],[-73.8814,40.8441],[-73.8814,40.8441],[-73.8813,40.8441]]]"
"2020-05-12T14:32:50.000",,"2112812","X","2020-08-12T21:56:54.000","X263","X263","X-06","Reopened","X263-BLG0833",,"955996","Polygon","[[[-73.8899,40.8502],[-73.8899,40.8501],[-73.8901,40.8502],[-73.89,40.8502],[-73.8899,40.8502]]]"
"2020-05-12T14:32:49.000","2020-06-21T00:00:00.000","2118021","X","2020-08-12T21:56:54.000","X174","X174","X-06","Reopened","X174-BLG0830","Completely Locked","813500","Polygon","[[[-73.8929,40.8595],[-73.8929,40.8595],[-73.893,40.8595],[-73.8929,40.8596],[-73.8929,40.8595]]]"
"2020-05-12T14:32:46.000","2020-06-21T00:00:00.000","2100844","X","2020-08-12T21:56:54.000","X085","X085","X-05","Reopened","X085-BLG0826","Completely Locked","167994","Polygon","[[[-73.8982,40.8572],[-73.8982,40.8571],[-73.8982,40.8571],[-73.8982,40.8571],[-73.8983,40.8571],[-73.8982,40.8572],[-73.8982,40.8572],[-73.8982,40.8572]]]"
"2020-05-12T14:32:45.000",,"2007789","X","2020-08-12T21:56:54.000","X017","X017-02","X-05","COVID-19 Closure","X017-02-BLG0824","Completely Locked","419136","Polygon","[[[-73.902,40.8496],[-73.902,40.8495],[-73.902,40.8495],[-73.9021,40.8495],[-73.9021,40.8495],[-73.9021,40.8496],[-73.902,40.8496]]]"
"2020-05-12T14:32:44.000","2020-06-21T00:00:00.000","2117432","X","2020-08-12T21:56:54.000","X219","X219","X-04","Reopened","X219-BLG0816","Completely Locked","1029056","Polygon","[[[-73.9145,40.8272],[-73.9146,40.8271],[-73.9146,40.8271],[-73.9146,40.8272],[-73.9145,40.8272]]]"
"2020-05-12T14:32:43.000","2020-06-21T00:00:00.000","2101518","X","2020-08-12T21:56:53.000","X034","X034-ZN01","X-04","Reopened","X034-BLG0798",,"166124","Polygon","[[[-73.9246,40.8313],[-73.9247,40.8312],[-73.9246,40.8312],[-73.9246,40.8311],[-73.9246,40.8312],[-73.9247,40.831],[-73.9248,40.8311],[-73.9247,40.8312],[-73.9248,40.8312],[-73.9248,40.8313],[-73.9248,40.8312],[-73.9247,40.8314],[-73.9246,40.8313]]]"
"2020-05-12T14:32:42.000","2020-06-21T00:00:00.000","2124755","X","2020-08-12T21:56:53.000","X115","X115","X-04","Reopened","X115-BLG0793","Completely Locked","1236405","Polygon","[[[-73.9147,40.8313],[-73.9147,40.8312],[-73.9148,40.8313],[-73.9148,40.8313],[-73.9147,40.8313]]]"
"2020-05-27T12:06:27.000","2020-06-21T00:00:00.000","2004864","X","2020-08-12T21:56:53.000","X166","X166_temp","X-03","Reopened","X166-BLG0792",,"465169","Polygon","[[[-73.9008,40.8256],[-73.9009,40.8254],[-73.901,40.8254],[-73.901,40.8255],[-73.901,40.8255],[-73.901,40.8255],[-73.9011,40.8255],[-73.901,40.8256],[-73.9008,40.8256]]]"
"2020-05-12T14:32:40.000","2020-06-21T00:00:00.000","2004470","X","2020-08-12T21:56:53.000","X112","X112","X-03","Reopened","X112-BLG0790","Completely Locked","1269711","Polygon","[[[-73.9074,40.8229],[-73.9074,40.8229],[-73.9075,40.8229],[-73.9075,40.8229],[-73.9074,40.8229]]]"
"2020-05-12T14:32:38.000","2020-06-21T00:00:00.000","2126641","X","2020-08-12T21:56:53.000","X021","X021","X-03","Reopened","X021-BLG0783","Completely Locked","1214992","Polygon","[[[-73.9033,40.833],[-73.9033,40.833],[-73.9033,40.8329],[-73.9033,40.8329],[-73.9034,40.833],[-73.9033,40.833],[-73.9033,40.833]]]"
,,"2115867","X","2020-08-12T21:56:53.000","X255","X255","X-02","Active","X255-BLG0782",,"861302","Polygon","[[[-73.8983,40.8187],[-73.8984,40.8186],[-73.8984,40.8187],[-73.8984,40.8187],[-73.8983,40.8188],[-73.8983,40.8189],[-73.8983,40.8189],[-73.8982,40.8188],[-73.8982,40.8188],[-73.8983,40.8187],[-73.8983,40.8187]]]"
"2020-05-12T14:32:36.000","2020-06-21T00:00:00.000","2109746","X","2020-08-12T21:56:53.000","X190","X190","X-02","Reopened","X190-BLG0777","Completely Locked","942989","Polygon","[[[-73.8943,40.8248],[-73.8943,40.8247],[-73.8944,40.8247],[-73.8944,40.8248],[-73.8943,40.8248],[-73.8943,40.8248],[-73.8943,40.8248]]]"
"2020-05-12T14:32:35.000","2020-06-21T00:00:00.000","2117705","X","2020-08-12T21:56:53.000","X113","X113","X-02","Reopened","X113-BLG0776","Completely Locked","759776","Polygon","[[[-73.8858,40.8143],[-73.8859,40.8142],[-73.8859,40.8143],[-73.8859,40.8143],[-73.8859,40.8143],[-73.8858,40.8143],[-73.8858,40.8143]]]"
"2020-05-12T14:32:33.000","2020-06-21T00:00:00.000","2005374","X","2020-08-12T21:56:53.000","X014","X014","X-02","Reopened","X014-BLG0774","Completely Locked","307496","Polygon","[[[-73.8978,40.8243],[-73.8978,40.8242],[-73.8979,40.8242],[-73.8978,40.8243],[-73.8978,40.8243]]]"
"2020-05-12T14:32:32.000","2020-06-21T00:00:00.000","2120265","X","2020-08-12T21:56:53.000","X116","X116","X-02","Reopened","X116-BLG0760","Completely Locked","629849","Polygon","[[[-73.8978,40.8269],[-73.8978,40.8269],[-73.8978,40.8269],[-73.8978,40.8269],[-73.8978,40.8269]]]"
"2020-05-12T14:32:30.000","2020-06-21T00:00:00.000","2117542","X","2020-08-12T21:56:52.000","X179","X179","X-02","Reopened","X179-BLG0759","Completely Locked","637080","Polygon","[[[-73.9014,40.8154],[-73.9015,40.8154],[-73.9015,40.8155],[-73.9014,40.8155],[-73.9014,40.8154]]]"
"2020-05-12T14:32:29.000","2020-06-21T00:00:00.000","2117312","X","2020-08-12T21:56:52.000","X182","X182","X-01","Reopened","X182-BLG0755","Completely Locked","510795","Polygon","[[[-73.9169,40.8043],[-73.917,40.8043],[-73.917,40.8043],[-73.917,40.8044],[-73.9169,40.8043]]]"
"2020-05-12T14:32:27.000","2020-06-21T00:00:00.000","2004483","X","2020-08-12T21:56:52.000","X194","X194","X-01","Reopened","X194-BLG0752",,"1190569","Polygon","[[[-73.9067,40.818],[-73.9068,40.8179],[-73.9069,40.8179],[-73.9068,40.818],[-73.9067,40.818]]]"
"2020-05-12T14:32:26.000","2020-06-21T00:00:00.000","2001189","X","2020-08-12T21:56:52.000","X146","X146","X-01","Reopened","X146-BLG0747","Completely Locked","309286","Polygon","[[[-73.9118,40.8209],[-73.9119,40.8209],[-73.9119,40.8209],[-73.9119,40.8209],[-73.9119,40.821],[-73.9119,40.8209],[-73.9118,40.8209]]]"
"2020-05-12T14:32:25.000","2020-06-21T00:00:00.000","2102823","X","2020-08-12T21:56:52.000","X216","X216","X-01","Reopened","X216-BLG0746","Completely Locked","823994","Polygon","[[[-73.9048,40.8173],[-73.9048,40.8173],[-73.9049,40.8173],[-73.9049,40.8173],[-73.9048,40.8173]]]"
"2020-05-12T14:32:24.000","2020-06-21T00:00:00.000","2092089","X","2020-08-12T21:56:52.000","X103","X103","X-01","Reopened","X103-BLG0745","Completely Locked","98407","Polygon","[[[-73.9169,40.8096],[-73.917,40.8094],[-73.9171,40.8095],[-73.917,40.8096],[-73.9169,40.8096]]]"
,,"1083808","M","2020-08-12T21:56:52.000","M010","M010_temp2","M-13","Active","M010-BLG0743",,"61057","Polygon","[[[-73.9514,40.7972],[-73.9514,40.7971],[-73.9514,40.7971],[-73.9514,40.7971],[-73.9513,40.7971],[-73.9513,40.7971],[-73.9514,40.797],[-73.9514,40.797],[-73.9514,40.797],[-73.9514,40.7969],[-73.9515,40.797],[-73.9515,40.797],[-73.9516,40.797],[-73.9515,40.797],[-73.9516,40.797],[-73.9516,40.7971],[-73.9515,40.7971],[-73.9515,40.7971],[-73.9515,40.7971],[-73.9515,40.7971],[-73.9515,40.7972],[-73.9515,40.7972],[-73.9514,40.7972]]]"
,,"1088622","M","2020-08-12T21:56:52.000","M010","M010-ZN39","M-13","Active","M010-ZN40-BLG0737",,"528145","Polygon","[[[-73.953,40.7936],[-73.9531,40.7936],[-73.9532,40.7937],[-73.9531,40.7938],[-73.953,40.7937],[-73.953,40.7937],[-73.953,40.7936]]]"
,,"1088629","M","2020-08-12T21:56:51.000","M010","M010-ZN39","M-13","Active","M010-ZN40-BLG0736",,"498921","Polygon","[[[-73.9527,40.7941],[-73.9527,40.7941],[-73.9528,40.7942],[-73.9528,40.7942],[-73.9528,40.7943],[-73.9528,40.7943],[-73.9526,40.7942],[-73.9527,40.7941],[-73.9527,40.7941]]]"
,,"1090002","M","2020-08-12T21:56:51.000","M010","M010-ZN46","M-13","Active","M010-ZN46-BLG0733",,"1197748","Polygon","[[[-73.959,40.7973],[-73.9591,40.7973],[-73.9591,40.7973],[-73.959,40.7974],[-73.959,40.7973]]]"
,,"1083827","M","2020-08-12T21:56:51.000","M010","M010-ZN12&13","M-13","Active","M010-ZN12+13-BLG0716",,"728610","Polygon","[[[-73.9703,40.7729],[-73.9702,40.7729],[-73.9702,40.7729],[-73.9702,40.7729],[-73.9701,40.7729],[-73.97,40.7729],[-73.9701,40.7729],[-73.97,40.7729],[-73.97,40.7729],[-73.97,40.7729],[-73.97,40.7728],[-73.97,40.7728],[-73.9703,40.7729],[-73.9703,40.7729],[-73.9703,40.7729],[-73.9703,40.7729],[-73.9703,40.7729]]]"
,,"1083815","M","2020-08-12T21:56:51.000","M010","M010-ZN10&11","M-13","Active","M010-ZN10+11-BLG0715",,"554139","Polygon","[[[-73.9746,40.7731],[-73.9744,40.7731],[-73.9744,40.7731],[-73.9742,40.7731],[-73.9742,40.7731],[-73.9742,40.773],[-73.9743,40.773],[-73.9744,40.773],[-73.9744,40.773],[-73.9745,40.773],[-73.9745,40.773],[-73.9746,40.773],[-73.9746,40.7731],[-73.9746,40.7731]]]"
,,"1083806","M","2020-08-12T21:56:51.000","M010","M010-ZN08","M-13","Active","M010-ZN08-BLG0713",,"443226","Polygon","[[[-73.9808,40.7692],[-73.9808,40.7692],[-73.9808,40.7692],[-73.9807,40.7692],[-73.9807,40.7692],[-73.9807,40.7692],[-73.9807,40.7692],[-73.9807,40.7691],[-73.9808,40.7691],[-73.9808,40.7691],[-73.9809,40.7692],[-73.9809,40.7692],[-73.9809,40.7692],[-73.9808,40.7692],[-73.9808,40.7692]]]"
,,"1088627","M","2020-08-12T21:56:50.000","M010","M010-ZN24&25","M-13","Active","M010-ZN24+25-BLG0695",,"443386","Polygon","[[[-73.969,40.7805],[-73.9691,40.7803],[-73.9692,40.7803],[-73.9692,40.7804],[-73.9692,40.7804],[-73.9692,40.7804],[-73.9691,40.7805],[-73.9692,40.7805],[-73.9691,40.7805],[-73.9691,40.7805],[-73.969,40.7805]]]"
"2020-05-12T14:32:11.000","2020-06-21T00:00:00.000","1053945","M","2020-08-12T21:56:50.000","M186","M186","M-10","Reopened","M186-BLG0680",,"253877","Polygon","[[[-73.9363,40.8197],[-73.9362,40.8196],[-73.9362,40.8197],[-73.9361,40.8196],[-73.9362,40.8195],[-73.9363,40.8196],[-73.9363,40.8196],[-73.9363,40.8196],[-73.9363,40.8197]]]"
"2020-05-12T14:32:10.000","2020-06-21T00:00:00.000","1060055","M","2020-08-12T21:56:50.000","M160","M160","M-10","Reopened","M160-BLG0679","Completely Locked","1283720","Polygon","[[[-73.939,40.8173],[-73.9391,40.8173],[-73.9391,40.8174],[-73.939,40.8173],[-73.939,40.8173]]]"
"2020-05-12T14:32:09.000","2020-06-21T00:00:00.000","1090096","M","2020-08-12T21:56:50.000","M211A","M211A","M-10","Reopened","M211A-BLG0673",,"1269957","Polygon","[[[-73.9472,40.8111],[-73.9472,40.811],[-73.9473,40.811],[-73.9472,40.8111],[-73.9472,40.8111]]]"
"2020-05-12T14:32:07.000","2020-06-21T00:00:00.000","1085249","M","2020-08-12T21:56:49.000","M198","M198","M-10","Reopened","M198-BLG0671",,"1223930","Polygon","[[[-73.9503,40.8003],[-73.9503,40.8003],[-73.9504,40.8003],[-73.9503,40.8004],[-73.9503,40.8003],[-73.9503,40.8003],[-73.9503,40.8003]]]"
"2020-05-12T14:32:06.000","2020-06-21T00:00:00.000","1086941","M","2020-08-12T21:56:49.000","M217","M217","M-10","Reopened","M217-BLG0670","Completely Locked","956184","Polygon","[[[-73.9389,40.8137],[-73.9389,40.8137],[-73.939,40.8137],[-73.939,40.8137],[-73.9389,40.8137]]]"
"2020-05-12T14:32:05.000","2020-06-21T00:00:00.000","1090780","M","2020-08-12T21:56:49.000","M211B","M211B","M-10","Reopened","M211B-BLG0669","Completely Locked","1284546","Polygon","[[[-73.9464,40.8122],[-73.9463,40.8122],[-73.9464,40.8122],[-73.9464,40.8122],[-73.9464,40.8122]]]"
"2020-05-12T14:32:03.000","2020-06-21T00:00:00.000","1087016","M","2020-08-12T21:56:49.000","M216","M216","M-10","Reopened","M216-BLG0668",,"918466","Polygon","[[[-73.9361,40.8292],[-73.9362,40.8291],[-73.9362,40.8292],[-73.9362,40.8292],[-73.9361,40.8292]]]"
"2020-05-21T16:00:49.000","2020-06-21T00:00:00.000","1040069","M","2020-08-12T21:56:49.000","M158","M158","M-06","Reopened","M158-BLG0667","Completely Locked","476241","Polygon","[[[-73.9687,40.748],[-73.9687,40.748],[-73.9687,40.7481],[-73.9688,40.7481],[-73.9687,40.7481],[-73.9687,40.7481],[-73.9687,40.7481],[-73.9686,40.7481],[-73.9686,40.7481],[-73.9687,40.7481],[-73.9687,40.748]]]"
"2020-05-12T14:32:00.000",,"1040073","M","2020-08-12T21:56:49.000","M256","M256","M-06","Reopened","M256-BLG0665","Completely Locked","709355","Polygon","[[[-73.965,40.7524],[-73.965,40.7524],[-73.9651,40.7524],[-73.9651,40.7524],[-73.965,40.7524],[-73.965,40.7524],[-73.965,40.7524]]]"
"2020-05-12T14:31:59.000","2020-06-21T00:00:00.000","1021912","M","2020-08-12T21:56:49.000","M076","M076","M-06","Reopened","M076-BLG0662",,"347429","Polygon","[[[-73.9732,40.7449],[-73.9733,40.7449],[-73.9733,40.7449],[-73.9732,40.745],[-73.9732,40.745],[-73.9732,40.745],[-73.9732,40.7449]]]"
"2020-05-12T14:31:58.000","2020-06-21T00:00:00.000","1085011","M","2020-08-12T21:56:48.000","M226","M226","M-06","Reopened","M226-BLG0660","Completely Locked","1268512","Polygon","[[[-73.982,40.7356],[-73.982,40.7356],[-73.9821,40.7356],[-73.9821,40.7357],[-73.982,40.7356]]]"
,,,"M","2020-08-12T21:56:48.000","M036","M036","M-05","Active","M036-BLG0656",,,"Polygon","[[[-73.9875,40.7505],[-73.9875,40.7505],[-73.9875,40.7504],[-73.9875,40.7504],[-73.9875,40.7504],[-73.9875,40.7504],[-73.9875,40.7505],[-73.9875,40.7505],[-73.9875,40.7505]]]"
,,"1016108","M","2020-08-12T21:56:48.000","M089","M089","M-05","Active","M089-BLG0653",,"235444","Polygon","[[[-73.99,40.7365],[-73.9899,40.7365],[-73.9899,40.7365],[-73.9898,40.7365],[-73.9899,40.7364],[-73.9898,40.7364],[-73.9898,40.7364],[-73.9897,40.7364],[-73.9898,40.7364],[-73.9898,40.7364],[-73.9898,40.7363],[-73.9898,40.7363],[-73.9898,40.7364],[-73.9898,40.7364],[-73.9898,40.7364],[-73.9898,40.7364],[-73.9899,40.7364],[-73.9899,40.7364],[-73.99,40.7364],[-73.99,40.7364],[-73.99,40.7364],[-73.99,40.7364],[-73.9901,40.7365],[-73.9901,40.7365],[-73.9901,40.7365],[-73.99,40.7365],[-73.99,40.7365],[-73.99,40.7365]]]"
,,"1089479","M","2020-08-12T21:56:48.000","M011","M011","M-04","Active","M011-BLG0652",,"1190396","Polygon","[[[-74.0008,40.7498],[-74.0008,40.7498],[-74.0009,40.7498],[-74.0009,40.7499],[-74.0008,40.7499],[-74.0008,40.7499],[-74.0008,40.7498]]]"
"2020-05-12T14:31:53.000",,"1026441","M","2020-08-12T21:56:48.000","M154","M154","M-04","Reopened","M154-BLG0650","Completely Locked","1283719","Polygon","[[[-73.993,40.7612],[-73.993,40.7613],[-73.9929,40.7612],[-73.9929,40.7612],[-73.993,40.7612]]]"
,,"1027153","M","2020-08-12T21:56:48.000","M022","M022","M-04","Active","M022-BLG0649",,"502959","Polygon","[[[-73.9946,40.7682],[-73.9946,40.7682],[-73.9946,40.7682],[-73.9946,40.7682],[-73.9946,40.7682],[-73.9946,40.7682],[-73.9946,40.7682],[-73.9946,40.7682],[-73.9947,40.7682],[-73.9947,40.7682],[-73.9947,40.7682],[-73.9947,40.7682],[-73.9947,40.7682],[-73.9947,40.7682],[-73.9946,40.7682],[-73.9946,40.7682],[-73.9946,40.7682]]]"
"2020-05-12T14:31:51.000","2020-06-21T00:00:00.000","1024961","M","2020-08-12T21:56:47.000","M161","M161","M-04","Reopened","M161-BLG0647","Completely Locked","1283718","Polygon","[[[-73.9914,40.7592],[-73.9913,40.7592],[-73.9914,40.7591],[-73.9914,40.7591],[-73.9914,40.7592]]]"
,,"1011688","M","2020-08-12T21:56:47.000","M237","M237","M-02","Active","M237-BLG0646",,"68810","Polygon","[[[-74.0046,40.7389],[-74.0047,40.7389],[-74.0047,40.7389],[-74.0047,40.739],[-74.0046,40.7389]]]"
"2020-05-12T14:31:49.000","2020-06-21T00:00:00.000","1011330","M","2020-08-12T21:56:47.000","M251","M251","M-02","Reopened","M251-BLG0643","Completely Locked","1219154","Polygon","[[[-74.0055,40.7363],[-74.0056,40.7363],[-74.0056,40.7364],[-74.0055,40.7364],[-74.0055,40.7363]]]"
,,"4540093","Q","2020-08-12T21:56:47.000","Q099","Q099_temp2","Q-15","Active","Q099-BLG0330",,"1260383","Polygon","[[[-73.8435,40.7518],[-73.8432,40.7515],[-73.8432,40.7514],[-73.8432,40.7514],[-73.8433,40.7513],[-73.8433,40.7513],[-73.8433,40.7513],[-73.8434,40.7513],[-73.8434,40.7513],[-73.8435,40.7513],[-73.8435,40.7513],[-73.8435,40.7513],[-73.8438,40.7518],[-73.843,40.752],[-73.8428,40.7516],[-73.8428,40.7516],[-73.8428,40.7515],[-73.8428,40.7515],[-73.8428,40.7515],[-73.8429,40.7515],[-73.8429,40.7515],[-73.843,40.7515],[-73.843,40.7515],[-73.8431,40.7515],[-73.8433,40.7519],[-73.8435,40.7518]]]"
"2020-05-12T14:31:46.000","2020-06-23T12:29:28.000","4580414","Q","2020-08-12T21:56:47.000","Q397","Q397","Q-07","Reopened","Q397-BLG0010","Completely Locked","1004323","Polygon","[[[-73.7941,40.7658],[-73.7941,40.7657],[-73.7943,40.7657],[-73.7943,40.7658],[-73.7941,40.7658]]]"
"2020-05-12T14:31:45.000","2020-06-21T16:56:33.000","4529138","Q","2020-08-12T21:56:47.000","Q266","Q266","Q-14","Reopened","Q266-BLG0628","Completely Locked","1175549","Polygon","[[[-73.7645,40.6083],[-73.7646,40.6083],[-73.7646,40.6083],[-73.7646,40.6083],[-73.7645,40.6083]]]"
"2020-05-12T14:31:43.000",,"4520795","Q","2020-08-12T21:56:46.000","Q348","Q348","Q-06","Reopened","Q348-BLG0605","Completely Locked","980210","Polygon","[[[-73.837,40.7225],[-73.8371,40.7225],[-73.8371,40.7225],[-73.8371,40.7225],[-73.837,40.7225]]]"
,"2020-06-21T16:56:33.000","4300869","Q","2020-08-12T21:56:46.000","Q007","Q007","Q-14","Reopened","Q007-BLG0601",,"718013","Polygon","[[[-73.7674,40.5988],[-73.7675,40.5987],[-73.7675,40.5987],[-73.7675,40.5987],[-73.7676,40.5988],[-73.7675,40.5988],[-73.7674,40.5988]]]"
"2020-05-12T14:31:41.000","2020-06-22T00:00:00.000","4524045","Q","2020-08-12T21:56:46.000","Q221","Q221","Q-08","Reopened","Q221-BLG0599",,"955068","Polygon","[[[-73.7773,40.736],[-73.7773,40.736],[-73.7773,40.736],[-73.7773,40.7361],[-73.7772,40.7361],[-73.7772,40.736],[-73.7773,40.736]]]"
"2020-05-12T14:31:40.000","2020-06-22T00:00:00.000","4518840","Q","2020-08-12T21:56:46.000","Q218","Q218","Q-01","Reopened","Q218-BLG0598","Completely Locked","951290","Polygon","[[[-73.9334,40.7577],[-73.9335,40.7577],[-73.9335,40.7577],[-73.9335,40.7578],[-73.9335,40.7578],[-73.9334,40.7577],[-73.9334,40.7577]]]"
"2020-05-12T14:31:38.000","2020-06-23T09:25:48.000","4048570","Q","2020-08-12T21:56:45.000","Q026","Q026","Q-04","Reopened","Q026-BLG0597",,"611669","Polygon","[[[-73.8617,40.749],[-73.8617,40.749],[-73.8617,40.749],[-73.8617,40.749],[-73.8617,40.749],[-73.8617,40.7489],[-73.8617,40.7489],[-73.8617,40.7489],[-73.8617,40.7489],[-73.8617,40.7489],[-73.8617,40.7489],[-73.8617,40.7489],[-73.8618,40.7489],[-73.8618,40.7489],[-73.8618,40.7489],[-73.8618,40.7489],[-73.8618,40.7489],[-73.8618,40.7489],[-73.8619,40.7489],[-73.8619,40.7489],[-73.8618,40.7489],[-73.8618,40.7489],[-73.8619,40.749],[-73.8618,40.749],[-73.8617,40.749]]]"
"2020-05-12T14:31:37.000","2020-06-19T13:41:18.000","4535547","Q","2020-08-12T21:56:45.000","Q046","Q046","Q-04","Reopened","Q046-BLG0596","Completely Locked","1023364","Polygon","[[[-73.8615,40.7438],[-73.8615,40.7437],[-73.8616,40.7438],[-73.8616,40.7438],[-73.8615,40.7438]]]"
"2020-05-12T14:31:35.000","2020-06-19T14:01:52.000","4199324","Q","2020-08-12T21:56:45.000","Q129","Q129","Q-09","Reopened","Q129-BLG0594",,"330321","Polygon","[[[-73.8214,40.6947],[-73.8216,40.6946],[-73.8216,40.6946],[-73.8216,40.6947],[-73.8215,40.6947],[-73.8215,40.6947],[-73.8214,40.6947]]]"
"2020-05-12T14:31:34.000","2020-06-25T13:17:38.000","4187415","Q","2020-08-12T21:56:45.000","Q128","Q128","Q-09","Reopened","Q128-BLG0593",,"1208492","Polygon","[[[-73.8531,40.6859],[-73.8532,40.6859],[-73.8532,40.6859],[-73.8531,40.6859],[-73.8531,40.6859]]]"
"2020-05-12T14:31:32.000","2020-06-25T13:11:22.000","4216100","Q","2020-08-12T21:56:45.000","Q127","Q127","Q-12","Reopened","Q127-BLG0592",,"566430","Polygon","[[[-73.7955,40.6933],[-73.7956,40.6932],[-73.7956,40.6932],[-73.7957,40.6933],[-73.7956,40.6933],[-73.7956,40.6933],[-73.7955,40.6933],[-73.7955,40.6933]]]"
"2020-05-12T14:31:31.000","2020-06-25T13:11:44.000","4235770","Q","2020-08-12T21:56:45.000","Q106","Q106","Q-12","Reopened","Q106-BLG0591",,"637176","Polygon","[[[-73.7581,40.7002],[-73.7581,40.7002],[-73.7582,40.7002],[-73.7583,40.7001],[-73.7583,40.7001],[-73.7584,40.7001],[-73.7583,40.7002],[-73.7583,40.7002],[-73.7582,40.7002],[-73.7582,40.7002],[-73.7581,40.7002]]]"
,"2020-06-21T11:31:22.000","4559625","Q","2020-08-12T21:56:44.000","Q103","Q103","Q-11","Reopened","Q103-BLG0589",,"206330","Polygon","[[[-73.7789,40.771],[-73.7791,40.7709],[-73.7791,40.771],[-73.779,40.7711],[-73.7789,40.771]]]"
"2020-05-12T14:31:29.000","2020-06-22T14:22:55.000","4540117","Q","2020-08-12T21:56:44.000","Q098","Q098","Q-04","Reopened","Q098-BLG0588",,"275927","Polygon","[[[-73.8868,40.7444],[-73.8869,40.7443],[-73.8869,40.7444],[-73.8868,40.7444],[-73.8868,40.7444]]]"
,"2020-06-23T12:26:44.000","4605446","Q","2020-08-12T21:56:44.000","Q089B","Q089B","Q-07","Reopened","Q089B-BLG0587",,"1229466","Polygon","[[[-73.8235,40.7829],[-73.8236,40.7829],[-73.8236,40.7829],[-73.8236,40.7829],[-73.8235,40.7829]]]"
,"2020-06-19T13:38:55.000","4543748","Q","2020-08-12T21:56:44.000","Q085","Q085","Q-03","Reopened","Q085-BLG0586",,"242055","Polygon","[[[-73.8842,40.7619],[-73.8843,40.7619],[-73.8843,40.762],[-73.8843,40.762],[-73.8843,40.762],[-73.8841,40.762],[-73.884,40.762],[-73.884,40.7619],[-73.8841,40.7619],[-73.8841,40.7619],[-73.8842,40.7619]]]"
,"2020-06-23T11:10:59.000","4240502","Q","2020-08-12T21:56:44.000","Q082","Q082","Q-13","Reopened","Q082-BLG0585",,"479827","Polygon","[[[-73.739,40.7108],[-73.739,40.7108],[-73.7391,40.7109],[-73.739,40.7109],[-73.739,40.7108],[-73.739,40.7108]]]"
"2020-05-12T14:31:24.000","2020-06-22T00:00:00.000","4546999","Q","2020-08-12T21:56:44.000","Q066B","Q066B","Q-01","Reopened","Q066B-BLG0584","Completely Locked","174122","Polygon","[[[-73.9234,40.7747],[-73.9235,40.7747],[-73.9235,40.7747],[-73.9234,40.7748],[-73.9234,40.7747]]]"
"2020-05-12T14:31:23.000","2020-06-25T13:18:01.000","4438407","Q","2020-08-12T21:56:43.000","Q053","Q053","Q-09","Reopened","Q053-BLG0583",,"316159","Polygon","[[[-73.8536,40.6914],[-73.8537,40.6913],[-73.8537,40.6914],[-73.8537,40.6914],[-73.8536,40.6914],[-73.8536,40.6914],[-73.8536,40.6914]]]"
,"2020-06-19T14:00:28.000","4210668","Q","2020-08-12T21:56:43.000","Q052","Q052","Q-08","Reopened","Q052-BLG0582",,"33120","Polygon","[[[-73.7982,40.7114],[-73.7982,40.7114],[-73.7983,40.7115],[-73.7982,40.7115],[-73.7982,40.7114],[-73.7982,40.7114],[-73.7982,40.7114]]]"
,"2020-06-23T12:29:06.000","4560693","Q","2020-08-12T21:56:43.000","Q012B","Q012B","Q-07A","Reopened","Q012B-BLG0580",,"449179","Polygon","[[[-73.7677,40.7741],[-73.7677,40.774],[-73.7678,40.7741],[-73.7678,40.7741],[-73.7677,40.7741]]]"
"2020-05-12T14:31:19.000","2020-06-21T16:25:12.000","4605450","Q","2020-08-12T21:56:43.000","Q011","Q011","Q-07","Reopened","Q011-BLG0579",,"1203380","Polygon","[[[-73.8445,40.7814],[-73.8445,40.7814],[-73.8445,40.7814],[-73.8445,40.7814],[-73.8445,40.7814],[-73.8445,40.7814],[-73.8445,40.7814],[-73.8445,40.7814],[-73.8445,40.7814],[-73.8445,40.7814],[-73.8445,40.7814],[-73.8445,40.7814],[-73.8445,40.7814],[-73.8445,40.7814],[-73.8445,40.7814],[-73.8445,40.7814],[-73.8446,40.7814],[-73.8446,40.7814],[-73.8446,40.7814],[-73.8446,40.7814],[-73.8446,40.7814],[-73.8446,40.7814],[-73.8446,40.7814],[-73.8446,40.7814],[-73.8446,40.7814],[-73.8446,40.7814],[-73.8446,40.7814],[-73.8445,40.7814],[-73.8445,40.7814],[-73.8445,40.7814],[-73.8445,40.7814],[-73.8445,40.7814],[-73.8445,40.7814],[-73.8445,40.7814],[-73.8445,40.7814],[-73.8445,40.7814],[-73.8445,40.7814],[-73.8445,40.7814],[-73.8445,40.7814],[-73.8445,40.7814],[-73.8445,40.7814],[-73.8445,40.7814],[-73.8445,40.7814],[-73.8445,40.7814],[-73.8445,40.7814],[-73.8445,40.7814],[-73.8445,40.7814],[-73.8445,40.7814],[-73.8445,40.7814],[-73.8445,40.7814],[-73.8445,40.7814],[-73.8445,40.7814]]]"
"2020-05-12T14:31:18.000","2020-06-21T09:00:00.000","4548430","Q","2020-08-12T21:56:43.000","Q002","Q002","Q-05","Reopened","Q002-BLG0578","Completely Locked","1256428","Polygon","[[[-73.911,40.7108],[-73.911,40.7108],[-73.9111,40.7108],[-73.9111,40.7108],[-73.911,40.7109],[-73.911,40.711],[-73.9109,40.711],[-73.9108,40.7109],[-73.9109,40.7109],[-73.9109,40.7109],[-73.9109,40.7108],[-73.911,40.7108]]]"
"2020-05-12T14:31:16.000","2020-06-23T11:10:59.000","4231685","Q","2020-08-12T21:56:43.000","Q359","Q359","Q-12","Reopened","Q359-BLG0577","Completely Locked","547076","Polygon","[[[-73.7581,40.7131],[-73.7581,40.7131],[-73.7581,40.7132],[-73.7581,40.7132],[-73.7581,40.7131]]]"
"2020-05-12T14:31:15.000","2020-06-23T11:10:59.000","4582423","Q","2020-08-12T21:56:43.000","Q339","Q339","Q-13","Reopened","Q339-BLG0576",,"1202452","Polygon","[[[-73.7424,40.6885],[-73.7425,40.6885],[-73.7425,40.6885],[-73.7425,40.6886],[-73.7424,40.6885]]]"
"2020-05-12T14:31:15.000","2020-06-21T11:27:31.000","4169445","Q","2020-08-12T21:56:43.000","Q338","Q338","Q-11","Reopened","Q338-BLG0575",,"396311","Polygon","[[[-73.7375,40.771],[-73.7375,40.7709],[-73.7376,40.7709],[-73.7376,40.771],[-73.7375,40.771]]]"
"2020-05-12T14:31:14.000","2020-06-23T10:55:44.000","4143164","Q","2020-08-12T21:56:42.000","Q336","Q336","Q-08","Reopened","Q336-BLG0574",,"1165126","Polygon","[[[-73.8204,40.7187],[-73.8205,40.7187],[-73.8205,40.7187],[-73.8205,40.7187],[-73.8205,40.7187],[-73.8204,40.7187],[-73.8204,40.7187]]]"
"2020-05-12T14:31:12.000","2020-06-21T09:45:00.000","4050413","Q","2020-08-12T21:56:42.000","Q428","Q428","Q-06","Reopened","Q428-BLG0567","Completely Locked","546460","Polygon","[[[-73.8603,40.7332],[-73.8603,40.7331],[-73.8604,40.7332],[-73.8604,40.7332],[-73.8603,40.7332]]]"
"2020-05-12T14:31:11.000","2020-06-25T13:54:42.000","4539663","Q","2020-08-12T21:56:42.000","Q415","Q415","Q-03","Reopened","Q415-BLG0565","Completely Locked","71166","Polygon","[[[-73.8551,40.7549],[-73.8552,40.7549],[-73.8552,40.7549],[-73.8551,40.755],[-73.8551,40.7549],[-73.8551,40.7549],[-73.8551,40.7549]]]"
"2020-05-12T14:31:10.000","2020-06-19T13:56:37.000","4525850","Q","2020-08-12T21:56:42.000","Q391","Q391","Q-08","Reopened","Q391-BLG0563",,"931284","Polygon","[[[-73.8011,40.7157],[-73.8012,40.7156],[-73.8012,40.7157],[-73.8011,40.7157],[-73.8011,40.7157]]]"
"2020-05-12T14:31:09.000","2020-06-21T13:11:57.000","4522749","Q","2020-08-12T21:56:42.000","Q390","Q390","Q-07","UnderConstruction","Q390-BLG0562","Completely Locked","336849","Polygon","[[[-73.8067,40.783],[-73.8068,40.783],[-73.8068,40.783],[-73.8068,40.783],[-73.8067,40.783]]]"
"2020-05-12T14:31:08.000","2020-06-25T13:18:32.000","4524990","Q","2020-08-12T21:56:42.000","Q378","Q378","Q-09","Reopened","Q378-BLG0559",,"1249965","Polygon","[[[-73.8567,40.6814],[-73.8568,40.6814],[-73.8568,40.6814],[-73.8568,40.6814],[-73.8568,40.6815],[-73.8568,40.6815],[-73.8567,40.6814]]]"
"2020-05-12T14:31:07.000","2020-06-21T09:45:00.000","4520767","Q","2020-08-12T21:56:42.000","Q377","Q377","Q-06","Reopened","Q377-BLG0558","Completely Locked","1171140","Polygon","[[[-73.8527,40.7361],[-73.8528,40.736],[-73.8528,40.7361],[-73.8527,40.7361],[-73.8527,40.7361]]]"
,,"4568274","Q","2020-08-12T21:56:41.000","Q476","Q476","Q-07","Active","Q476-BLG0555",,"1074720","Polygon","[[[-73.8372,40.7758],[-73.8372,40.7758],[-73.8373,40.7757],[-73.8373,40.7758],[-73.8373,40.7758],[-73.8374,40.7758],[-73.8373,40.7758],[-73.8373,40.7759],[-73.8373,40.7759],[-73.8372,40.7759],[-73.8372,40.7758]]]"
"2020-05-12T14:31:04.000","2020-06-22T00:00:00.000","4442467","Q","2020-08-12T21:56:41.000","Q436","Q436","Q-01","Reopened","Q436-BLG0551","Completely Locked","828141","Polygon","[[[-73.9218,40.768],[-73.9219,40.768],[-73.9219,40.768],[-73.9219,40.768],[-73.9218,40.768]]]"
"2020-05-12T14:31:03.000","2020-06-25T13:12:13.000","4539792","Q","2020-08-12T21:56:41.000","Q426","Q426","Q-12","Reopened","Q426-BLG0550",,"805257","Polygon","[[[-73.7751,40.68],[-73.7751,40.68],[-73.7752,40.6801],[-73.7751,40.6801],[-73.7751,40.68]]]"
"2020-05-12T14:31:02.000","2020-06-21T11:31:06.000","4524097","Q","2020-08-12T21:56:41.000","Q364","Q364","Q-11","Reopened","Q364-BLG0549",,"963528","Polygon","[[[-73.7715,40.7571],[-73.7715,40.757],[-73.7716,40.7571],[-73.7715,40.7571],[-73.7715,40.7571]]]"
"2020-05-12T14:31:00.000","2020-06-22T14:46:18.000","4462113","Q","2020-08-12T21:56:41.000","Q342","Q342","Q-08","Reopened","Q342-BLG0547","Completely Locked","984872","Polygon","[[[-73.8054,40.7357],[-73.8054,40.7357],[-73.8054,40.7357],[-73.8054,40.7357],[-73.8054,40.7357],[-73.8054,40.7357],[-73.8054,40.7357],[-73.8054,40.7357],[-73.8054,40.7357],[-73.8054,40.7357],[-73.8054,40.7357],[-73.8055,40.7357],[-73.8055,40.7357],[-73.8055,40.7357],[-73.8055,40.7357],[-73.8055,40.7357],[-73.8055,40.7357],[-73.8055,40.7358],[-73.8055,40.7358],[-73.8055,40.7358],[-73.8055,40.7358],[-73.8055,40.7358],[-73.8055,40.7358],[-73.8055,40.7358],[-73.8055,40.7358],[-73.8055,40.7358],[-73.8055,40.7358],[-73.8055,40.7358],[-73.8055,40.7358],[-73.8055,40.7358],[-73.8055,40.7358],[-73.8055,40.7358],[-73.8055,40.7358],[-73.8054,40.7358],[-73.8054,40.7358],[-73.8054,40.7358],[-73.8054,40.7358],[-73.8054,40.7358],[-73.8054,40.7358],[-73.8054,40.7358],[-73.8054,40.7358],[-73.8054,40.7358],[-73.8054,40.7358],[-73.8054,40.7358],[-73.8054,40.7358],[-73.8054,40.7358],[-73.8054,40.7358],[-73.8054,40.7358],[-73.8054,40.7358],[-73.8054,40.7358],[-73.8054,40.7358],[-73.8054,40.7358],[-73.8054,40.7358],[-73.8054,40.7358],[-73.8054,40.7358],[-73.8054,40.7358],[-73.8054,40.7358],[-73.8054,40.7358],[-73.8054,40.7358],[-73.8054,40.7358],[-73.8054,40.7358],[-73.8054,40.7358],[-73.8054,40.7358],[-73.8054,40.7358],[-73.8054,40.7358],[-73.8054,40.7358],[-73.8054,40.7358],[-73.8054,40.7358],[-73.8054,40.7357],[-73.8054,40.7357],[-73.8054,40.7357],[-73.8054,40.7357],[-73.8054,40.7357],[-73.8054,40.7357],[-73.8054,40.7357],[-73.8054,40.7357],[-73.8054,40.7357],[-73.8054,40.7357],[-73.8054,40.7357],[-73.8054,40.7357],[-73.8054,40.7357],[-73.8054,40.7357],[-73.8054,40.7357]]]"
"2020-05-12T14:31:01.000","2020-06-25T13:12:39.000","4590138","Q","2020-08-12T21:56:41.000","Q351","Q351","Q-12","Reopened","Q351-BLG0548",,"732523","Polygon","[[[-73.7746,40.7064],[-73.7747,40.7064],[-73.7747,40.7064],[-73.7747,40.7065],[-73.7746,40.7064]]]"
"2020-05-12T14:30:58.000","2020-06-19T13:57:28.000","4523902","Q","2020-08-12T21:56:40.000","Q320","Q320","Q-08","Reopened","Q320-BLG0546",,"954231","Polygon","[[[-73.8162,40.7298],[-73.8163,40.7298],[-73.8163,40.7299],[-73.8162,40.7299],[-73.8162,40.7298]]]"
"2020-05-12T14:30:58.000","2020-06-23T11:10:37.000","4524659","Q","2020-08-12T21:56:40.000","Q318","Q318","Q-13","Reopened","Q318-BLG0545",,"951328","Polygon","[[[-73.7095,40.7448],[-73.7096,40.7448],[-73.7096,40.7449],[-73.7096,40.7449],[-73.7095,40.7448]]]"
"2020-05-12T14:30:57.000","2020-06-21T11:32:42.000","4524205","Q","2020-08-12T21:56:40.000","Q317","Q317","Q-11","Reopened","Q317-BLG0544","Completely Locked","926572","Polygon","[[[-73.7582,40.7463],[-73.7583,40.7463],[-73.7583,40.7464],[-73.7582,40.7464],[-73.7582,40.7463]]]"
"2020-05-12T14:30:56.000","2020-06-22T00:00:00.000","4524004","Q","2020-08-12T21:56:40.000","Q314","Q314","Q-08","Reopened","Q314-BLG0543",,"971482","Polygon","[[[-73.7962,40.7345],[-73.7962,40.7344],[-73.7962,40.7344],[-73.7962,40.7345],[-73.7962,40.7345]]]"
"2020-05-12T14:30:55.000","2020-06-23T11:10:59.000","4526677","Q","2020-08-12T21:56:40.000","Q405","Q405","Q-12","Reopened","Q405-BLG0538","Completely Locked","966546","Polygon","[[[-73.7531,40.7067],[-73.7532,40.7067],[-73.7532,40.7067],[-73.7531,40.7067],[-73.7531,40.7067]]]"
"2020-05-12T14:30:54.000","2020-06-21T12:00:00.000","4268822","Q","2020-08-12T21:56:39.000","Q210","Q210","Q-12","Reopened","Q210-BLG0535",,"808673","Polygon","[[[-73.7702,40.6846],[-73.7702,40.6846],[-73.7703,40.6846],[-73.7703,40.6847],[-73.7702,40.6846]]]"
"2020-05-12T14:30:53.000","2020-06-23T10:55:44.000","4523885","Q","2020-08-12T21:56:39.000","Q212","Q212","Q-08","Reopened","Q212-BLG0534","Completely Locked","1169694","Polygon","[[[-73.8239,40.7219],[-73.824,40.7219],[-73.824,40.7219],[-73.8239,40.7219],[-73.8239,40.7219]]]"
"2020-05-12T14:30:52.000","2020-06-23T11:10:37.000","4166562","Q","2020-08-12T21:56:39.000","Q358","Q358","Q-13","Reopened","Q358-BLG0531",,"135431","Polygon","[[[-73.7316,40.7323],[-73.7317,40.7322],[-73.7317,40.7323],[-73.7317,40.7323],[-73.7316,40.7323]]]"
,,"4618295","Q","2020-08-12T21:56:39.000","Q387A","Q387A","Q-11","Active","Q387A-BLG0529",,"1283711","Polygon","[[[-73.785,40.7731],[-73.7849,40.7731],[-73.7849,40.773],[-73.7849,40.773],[-73.785,40.773],[-73.785,40.773],[-73.785,40.773],[-73.785,40.7731],[-73.785,40.7731]]]"
"2020-05-12T14:30:50.000","2020-06-21T13:07:44.000","4536339","Q","2020-08-12T21:56:39.000","Q211","Q211","Q-07","Reopened","Q211-BLG0527","Completely Locked","167809","Polygon","[[[-73.8261,40.7559],[-73.8261,40.7559],[-73.8261,40.756],[-73.8261,40.756],[-73.8261,40.756],[-73.826,40.7559],[-73.8261,40.7559]]]"
,,"4584794","Q","2020-08-12T21:56:39.000","Q051","Q051","Q-12","Active","Q051-BLG0525",,"440659","Polygon","[[[-73.7781,40.6933],[-73.7781,40.6933],[-73.7781,40.6933],[-73.7782,40.6934],[-73.7781,40.6934],[-73.7781,40.6934],[-73.7781,40.6933]]]"
"2020-05-12T14:30:48.000","2020-06-25T13:18:55.000","4591001","Q","2020-08-12T21:56:39.000","Q337","Q337","Q-09","Reopened","Q337-BLG0524",,"804276","Polygon","[[[-73.8395,40.6902],[-73.8395,40.6902],[-73.8395,40.6902],[-73.8395,40.6903],[-73.8395,40.6903],[-73.8395,40.6903],[-73.8395,40.6902]]]"
"2020-05-12T14:30:46.000","2020-06-21T11:31:06.000","4524149","Q","2020-08-12T21:56:38.000","Q293","Q293","Q-11","Reopened","Q293-BLG0522",,"980518","Polygon","[[[-73.7762,40.7478],[-73.7763,40.7478],[-73.7763,40.7479],[-73.7762,40.7479],[-73.7762,40.7478]]]"
"2020-05-12T14:30:45.000","2020-06-25T13:22:15.000","4519910","Q","2020-08-12T21:56:38.000","Q362","Q362","Q-03","Reopened","Q362-BLG0520",,"1243105","Polygon","[[[-73.8783,40.7572],[-73.8783,40.7572],[-73.8784,40.7573],[-73.8783,40.7573],[-73.8783,40.7572]]]"
"2020-05-12T14:30:44.000",,"4458217","Q","2020-08-12T21:56:38.000","Q361","Q361","Q-04","UnderConstruction","Q361-BLG0519","Completely Locked","425039","Polygon","[[[-73.8823,40.7423],[-73.8823,40.7423],[-73.8824,40.7423],[-73.8824,40.7424],[-73.8823,40.7423],[-73.8823,40.7423],[-73.8823,40.7423]]]"
"2020-05-12T14:30:43.000","2020-06-21T09:45:00.000","4050529","Q","2020-08-12T21:56:38.000","Q357B","Q357B","Q-06","Reopened","Q357B-BLG0518","Completely Locked","504828","Polygon","[[[-73.8572,40.7355],[-73.8573,40.7355],[-73.8573,40.7355],[-73.8572,40.7355],[-73.8572,40.7355]]]"
"2020-05-12T14:30:41.000","2020-06-22T00:00:00.000","4546276","Q","2020-08-12T21:56:38.000","Q354","Q354","Q-08","Reopened","Q354-BLG0517","Completely Locked","438752","Polygon","[[[-73.8084,40.7263],[-73.8085,40.7263],[-73.8085,40.7264],[-73.8084,40.7264],[-73.8084,40.7263]]]"
"2020-05-12T14:30:40.000","2020-06-25T13:15:30.000","4524226","Q","2020-08-12T21:56:38.000","Q349","Q349","Q-11","Reopened","Q349-BLG0516","Completely Locked","947231","Polygon","[[[-73.7565,40.7386],[-73.7566,40.7386],[-73.7566,40.7386],[-73.7565,40.7386],[-73.7565,40.7386]]]"
"2020-05-12T14:30:39.000","2020-06-21T11:27:31.000","4524456","Q","2020-08-12T21:56:37.000","Q346","Q346","Q-11","Reopened","Q346-BLG0515",,"974756","Polygon","[[[-73.7281,40.7569],[-73.7282,40.7569],[-73.7282,40.7569],[-73.7281,40.7569],[-73.7281,40.7569]]]"
"2020-05-12T14:30:38.000","2020-06-21T16:56:33.000","4585410","Q","2020-08-12T21:56:37.000","Q345","Q345","Q-14","Reopened","Q345-BLG0514","Completely Locked","728167","Polygon","[[[-73.7491,40.611],[-73.7491,40.611],[-73.7491,40.611],[-73.7491,40.611],[-73.7491,40.6111],[-73.7491,40.6111],[-73.7491,40.6111],[-73.749,40.611],[-73.749,40.611],[-73.7491,40.611],[-73.7491,40.611]]]"
"2020-05-12T14:30:37.000","2020-06-19T13:55:40.000","4523931","Q","2020-08-12T21:56:37.000","Q344","Q344","Q-08","Reopened","Q344-BLG0513",,"922479","Polygon","[[[-73.806,40.7308],[-73.806,40.7308],[-73.8061,40.7308],[-73.8061,40.7308],[-73.806,40.7308]]]"
"2020-05-12T14:30:36.000","2020-06-23T12:30:57.000","4610410","Q","2020-08-12T21:56:37.000","Q343","Q343","Q-07","Reopened","Q343-BLG0512","Completely Locked","1268613","Polygon","[[[-73.8083,40.7919],[-73.8083,40.7918],[-73.8084,40.7918],[-73.8083,40.7919],[-73.8083,40.7919]]]"
"2020-06-02T17:00:30.000","2020-06-21T00:00:00.000","2114529","X","2020-08-12T21:58:09.000","X010",,,"Reopened","X010-ZN09-BLG0785",,,"Polygon","[[[-73.898,40.8407],[-73.8979,40.8407],[-73.8979,40.8407],[-73.8978,40.8407],[-73.8979,40.8407],[-73.8975,40.8406],[-73.8975,40.8406],[-73.8975,40.8406],[-73.8975,40.8406],[-73.8975,40.8406],[-73.8974,40.8406],[-73.8974,40.8406],[-73.8974,40.8405],[-73.8973,40.8405],[-73.8975,40.8403],[-73.8975,40.8403],[-73.8976,40.8403],[-73.8976,40.8403],[-73.8976,40.8403],[-73.8976,40.8403],[-73.8977,40.8403],[-73.8977,40.8403],[-73.8977,40.8404],[-73.898,40.8404],[-73.898,40.8404],[-73.898,40.8404],[-73.8981,40.8405],[-73.8981,40.8405],[-73.8981,40.8405],[-73.8981,40.8405],[-73.8981,40.8405],[-73.8981,40.8404],[-73.8981,40.8404],[-73.8981,40.8404],[-73.8981,40.8404],[-73.8981,40.8404],[-73.8981,40.8404],[-73.8982,40.8404],[-73.8982,40.8404],[-73.8982,40.8404],[-73.8982,40.8404],[-73.8982,40.8404],[-73.8982,40.8404],[-73.8982,40.8404],[-73.8982,40.8404],[-73.8982,40.8405],[-73.8982,40.8405],[-73.8982,40.8405],[-73.8981,40.8405],[-73.8981,40.8405],[-73.8981,40.8405],[-73.8982,40.8405],[-73.8981,40.8406],[-73.8981,40.8406],[-73.8981,40.8406],[-73.8981,40.8407],[-73.8981,40.8407],[-73.8981,40.8407],[-73.898,40.8407],[-73.898,40.8407],[-73.898,40.8407]]]"
"2020-05-12T14:30:35.000","2020-06-25T13:13:59.000","4527852","Q","2020-08-12T21:56:37.000","Q330","Q330","Q-12","Reopened","Q330-BLG0511",,"954915","Polygon","[[[-73.7561,40.6859],[-73.7562,40.6859],[-73.7562,40.6859],[-73.7562,40.686],[-73.7561,40.6859]]]"
,,"3339260","B","2020-08-12T21:58:03.000","B073","B073-ZN03","B-19","Active","B073-ZN03-BLG1243",,"775176","Polygon","[[[-73.9737,40.6671],[-73.9737,40.6671],[-73.9737,40.6671],[-73.9736,40.6671],[-73.9736,40.6671],[-73.9736,40.6671],[-73.9736,40.6671],[-73.9736,40.6671],[-73.9736,40.667],[-73.9736,40.667],[-73.9736,40.667],[-73.9736,40.667],[-73.9736,40.667],[-73.9736,40.667],[-73.9736,40.667],[-73.9736,40.667],[-73.9736,40.667],[-73.9736,40.667],[-73.9736,40.667],[-73.9736,40.667],[-73.9736,40.667],[-73.9735,40.667],[-73.9735,40.667],[-73.9735,40.667],[-73.9735,40.667],[-73.9736,40.667],[-73.9736,40.667],[-73.9736,40.667],[-73.9736,40.667],[-73.9736,40.6669],[-73.9736,40.6669],[-73.9736,40.6669],[-73.9737,40.6669],[-73.9737,40.6669],[-73.9737,40.6669],[-73.9737,40.6669],[-73.9737,40.6668],[-73.9737,40.6668],[-73.9737,40.6668],[-73.9735,40.6667],[-73.9735,40.6667],[-73.9735,40.6667],[-73.9736,40.6666],[-73.9736,40.6667],[-73.9737,40.6667],[-73.9737,40.6668],[-73.9738,40.6668],[-73.9739,40.6669],[-73.9739,40.6669],[-73.9738,40.6669],[-73.9739,40.667],[-73.9739,40.667],[-73.9739,40.667],[-73.9739,40.667],[-73.9739,40.667],[-73.9739,40.667],[-73.9739,40.667],[-73.9739,40.667],[-73.9739,40.667],[-73.9739,40.667],[-73.9738,40.667],[-73.9738,40.667],[-73.9738,40.667],[-73.9738,40.667],[-73.9738,40.667],[-73.9738,40.667],[-73.9738,40.667],[-73.9738,40.667],[-73.9738,40.667],[-73.9737,40.6671],[-73.9737,40.6671],[-73.9737,40.6671],[-73.9737,40.6671],[-73.9737,40.6671],[-73.9737,40.6671],[-73.9737,40.6671],[-73.9737,40.6671],[-73.9737,40.6671],[-73.9737,40.6671],[-73.9737,40.6671],[-73.9737,40.6671],[-73.9737,40.6671],[-73.9737,40.6671],[-73.9737,40.6671],[-73.9737,40.6671],[-73.9737,40.6671],[-73.9737,40.6671],[-73.9737,40.6671],[-73.9737,40.6671],[-73.9737,40.6671],[-73.9737,40.6671],[-73.9737,40.6671],[-73.9737,40.6671],[-73.9737,40.6671]]]"
"2020-05-12T14:30:34.000","2020-06-22T14:46:18.000","4545854","Q","2020-08-12T21:56:37.000","Q329","Q329","Q-08","Reopened","Q329-BLG0510",,"573716","Polygon","[[[-73.8141,40.7362],[-73.8141,40.7361],[-73.8141,40.7361],[-73.8141,40.7362],[-73.8141,40.7362]]]"
"2020-05-12T14:30:33.000","2020-06-23T11:10:37.000","4524549","Q","2020-08-12T21:56:36.000","Q328","Q328","Q-13","Reopened","Q328-BLG0509","Completely Locked","938910","Polygon","[[[-73.7176,40.7328],[-73.7177,40.7328],[-73.7177,40.7329],[-73.7177,40.7329],[-73.7176,40.7328]]]"
"2020-05-12T14:30:32.000","2020-06-23T11:10:59.000","4536671","Q","2020-08-12T21:56:36.000","Q322","Q322","Q-13","Reopened","Q322-BLG0508",,"1105199","Polygon","[[[-73.758,40.7217],[-73.7581,40.7217],[-73.7581,40.7217],[-73.758,40.7217],[-73.758,40.7217]]]"
"2020-05-12T14:30:31.000","2020-06-21T09:45:00.000","4520762","Q","2020-08-12T21:56:36.000","Q319","Q319","Q-06","Reopened","Q319-BLG0507","Completely Locked","947595","Polygon","[[[-73.8517,40.7311],[-73.8517,40.7311],[-73.8518,40.7311],[-73.8517,40.7311],[-73.8517,40.7311]]]"
"2020-05-12T14:30:29.000","2020-06-21T13:03:42.000","4522986","Q","2020-08-12T21:56:36.000","Q308","Q308","Q-07","Reopened","Q308-BLG0506","Completely Locked","975096","Polygon","[[[-73.8247,40.758],[-73.8248,40.758],[-73.8248,40.758],[-73.8248,40.758],[-73.8247,40.758],[-73.8247,40.758],[-73.8247,40.758]]]"
"2020-05-12T14:30:28.000","2020-06-21T09:45:00.000","4458680","Q","2020-08-12T21:56:36.000","Q306","Q306","Q-06","Reopened","Q306-BLG0505","Completely Locked","366883","Polygon","[[[-73.8596,40.7204],[-73.8597,40.7204],[-73.8597,40.7204],[-73.8596,40.7204],[-73.8596,40.7204]]]"
"2020-05-12T14:30:26.000",,"4079586","Q","2020-08-12T21:56:36.000","Q304","Q304","Q-06","Reopened","Q304-BLG0503","Completely Locked","1188838","Polygon","[[[-73.837,40.7157],[-73.8371,40.7158],[-73.837,40.7158],[-73.837,40.7158],[-73.837,40.7157]]]"
"2020-05-12T14:30:24.000","2020-06-21T09:45:00.000","4521435","Q","2020-08-12T21:56:36.000","Q335","Q335","Q-06","Reopened","Q335-BLG0498","Completely Locked","930817","Polygon","[[[-73.8516,40.724],[-73.8516,40.7239],[-73.8517,40.7239],[-73.8517,40.724],[-73.8516,40.724]]]"
"2020-05-12T14:30:23.000",,"4535448","Q","2020-08-12T21:56:35.000","Q303","Q303","Q-03","UnderConstruction","Q303-BLG0497",,"377306","Polygon","[[[-73.8895,40.7543],[-73.8895,40.7543],[-73.8895,40.7544],[-73.8894,40.7544],[-73.8894,40.7544],[-73.8894,40.7543],[-73.8895,40.7543]]]"
"2020-05-12T14:30:22.000","2020-06-21T11:39:50.000","4167722","Q","2020-08-12T21:56:35.000","Q134","Q134","Q-13","Reopened","Q134-BLG0496",,"660904","Polygon","[[[-73.7288,40.7261],[-73.7288,40.726],[-73.7289,40.726],[-73.7289,40.726],[-73.7289,40.726],[-73.7289,40.726],[-73.7289,40.726],[-73.729,40.726],[-73.729,40.726],[-73.729,40.726],[-73.729,40.726],[-73.729,40.7261],[-73.7289,40.7261],[-73.7289,40.7261],[-73.7289,40.7261],[-73.7289,40.7261],[-73.7288,40.7261]]]"
"2020-05-12T14:30:21.000","2020-06-21T16:56:33.000","4591908","Q","2020-08-12T21:56:35.000","Q367","Q367","Q-14","Reopened","Q367-BLG0494","Completely Locked","708157","Polygon","[[[-73.8094,40.5882],[-73.8095,40.5881],[-73.8095,40.5881],[-73.8095,40.5882],[-73.8095,40.5882],[-73.8095,40.5882],[-73.8094,40.5882],[-73.8094,40.5882],[-73.8094,40.5882]]]"
"2020-05-12T14:30:20.000","2020-06-21T16:56:33.000","4529315","Q","2020-08-12T21:56:35.000","Q422","Q422","Q-14","Reopened","Q422-BLG0493","Completely Locked","942508","Polygon","[[[-73.8305,40.5807],[-73.8305,40.5807],[-73.8306,40.5807],[-73.8305,40.5808],[-73.8305,40.5807]]]"
"2020-05-12T14:30:19.000",,"4545116","Q","2020-08-12T21:56:35.000","Q067A","Q067A","Q-02","UnderConstruction","Q067A-BLG0492","Completely Locked","1159013","Polygon","[[[-73.8972,40.7488],[-73.8972,40.7487],[-73.8973,40.7488],[-73.8973,40.7488],[-73.8972,40.7488]]]"
"2020-05-12T14:30:18.000","2020-06-22T00:00:00.000","4002130","Q","2020-08-12T21:56:35.000","Q044","Q044","Q-02","Reopened","Q044-BLG0491","Completely Locked","1210229","Polygon","[[[-73.9223,40.7411],[-73.9224,40.741],[-73.9224,40.741],[-73.9224,40.7411],[-73.9224,40.7411],[-73.9224,40.7411],[-73.9223,40.7411]]]"
"2020-05-12T14:30:17.000",,"4530765","Q","2020-08-12T21:56:35.000","Q041","Q041","Q-04","UnderConstruction","Q041-BLG0490","Completely Locked","1061849","Polygon","[[[-73.8698,40.7362],[-73.8698,40.7361],[-73.8699,40.7363],[-73.8699,40.7363],[-73.8699,40.7363],[-73.8698,40.7363],[-73.8698,40.7362],[-73.8698,40.7362],[-73.8697,40.7362],[-73.8697,40.7362],[-73.8698,40.7362]]]"
"2020-05-12T14:30:16.000",,"4113389","Q","2020-08-12T21:56:35.000","Q022","Q022","Q-07","Reopened","Q022-BLG0484","Completely Locked","1154751","Polygon","[[[-73.8247,40.7635],[-73.8248,40.7635],[-73.8248,40.7635],[-73.8247,40.7635],[-73.8247,40.7635]]]"
"2020-05-12T14:30:15.000","2020-06-22T00:00:00.000","4012665","Q","2020-08-12T21:56:34.000","Q014","Q014","Q-01","Reopened","Q014-BLG0483","Completely Locked","1164749","Polygon","[[[-73.9113,40.761],[-73.9113,40.761],[-73.9114,40.761],[-73.9113,40.761],[-73.9113,40.7611],[-73.9113,40.761],[-73.9113,40.761]]]"
"2020-05-12T14:30:14.000","2020-06-22T14:25:18.000","4049468","Q","2020-08-12T21:56:34.000","Q450","Q450","Q-04","Reopened","Q450-BLG0482","Completely Locked","1162142","Polygon","[[[-73.854,40.7477],[-73.854,40.7477],[-73.8541,40.7478],[-73.854,40.7478],[-73.854,40.7477]]]"
"2020-05-12T14:30:13.000","2020-06-21T13:06:22.000","4584546","Q","2020-08-12T21:56:34.000","Q300","Q300-04","Q-07","Reopened","Q300-04-BLG0481","Completely Locked","1165105","Polygon","[[[-73.8148,40.7435],[-73.8148,40.7435],[-73.8149,40.7435],[-73.8148,40.7435],[-73.8148,40.7435],[-73.8148,40.7435],[-73.8148,40.7435]]]"
"2020-05-12T14:30:12.000","2020-06-19T13:59:39.000","4163954","Q","2020-08-12T21:56:34.000","Q021","Q021-03","Q-08","Reopened","Q021-03-BLG0478",,"493117","Polygon","[[[-73.765,40.7392],[-73.7651,40.7392],[-73.7651,40.7392],[-73.7651,40.7393],[-73.765,40.7392]]]"
,"2020-06-21T09:45:00.000","4540119","Q","2020-08-12T21:56:34.000","Q425","Q425-01","Q-06","Reopened","Q425-01-BLG0476",,"545494","Polygon","[[[-73.8478,40.7262],[-73.8479,40.7262],[-73.848,40.7263],[-73.8479,40.7263],[-73.8478,40.7262]]]"
"2020-05-12T14:30:10.000","2020-06-21T13:17:37.000",,"Q","2020-08-12T21:56:34.000","Q300","Q300-03","Q-07","Reopened","Q300-03-BLG0474",,,"Polygon","[[[-73.8229,40.7499],[-73.8229,40.7499],[-73.8229,40.7499],[-73.8229,40.7499],[-73.8229,40.7499]]]"
"2020-05-12T14:30:09.000","2020-06-23T10:55:44.000","4541450","Q","2020-08-12T21:56:34.000","Q099","Q099-17","Q-15","Reopened","Q099-17-BLG0472","Completely Locked","1118439","Polygon","[[[-73.8337,40.7484],[-73.8337,40.7484],[-73.8337,40.7485],[-73.8337,40.7485],[-73.8337,40.7484]]]"
"2020-05-12T14:30:07.000","2020-06-22T00:00:00.000","4206521","Q","2020-08-12T21:56:33.000","Q220G","Q220G","Q-08","Reopened","Q220G-BLG0471",,"847281","Polygon","[[[-73.8201,40.7105],[-73.8201,40.7105],[-73.8202,40.7105],[-73.8201,40.7106],[-73.8201,40.7105]]]"
"2020-05-12T14:30:05.000","2020-06-23T11:10:37.000","4524465","Q","2020-08-12T21:56:33.000","Q327","Q327","Q-13","Reopened","Q327-BLG0470","Completely Locked","967792","Polygon","[[[-73.7208,40.7499],[-73.7209,40.7499],[-73.7209,40.7499],[-73.7208,40.75],[-73.7208,40.7499]]]"
"2020-05-12T14:30:04.000","2020-06-19T13:54:25.000","4153408","Q","2020-08-12T21:56:33.000","Q300A1","Q300B","Q-08","Reopened","Q300B-BLG0469",,"244919","Polygon","[[[-73.7764,40.7413],[-73.7765,40.7413],[-73.7765,40.7414],[-73.7764,40.7414],[-73.7764,40.7413]]]"
,"2020-06-21T09:00:00.000","4566234","Q","2020-08-12T21:56:33.000","Q015","Q015-08","Q-16","Reopened","Q015-08-BLG0457",,"709961","Polygon","[[[-73.8681,40.7023],[-73.8681,40.7023],[-73.8682,40.7023],[-73.8682,40.7023],[-73.8682,40.7023],[-73.8682,40.7023],[-73.8682,40.7023],[-73.8682,40.7024],[-73.8682,40.7024],[-73.8681,40.7024],[-73.868,40.7023],[-73.8681,40.7023]]]"
,"2020-06-19T08:09:47.000","4539797","Q","2020-08-12T21:56:33.000","Q008","Q008-ZN01","Q-13","Reopened","Q008-ZN01-BLG0456",,"931570","Polygon","[[[-73.7421,40.6622],[-73.7422,40.6621],[-73.7422,40.6621],[-73.7423,40.6621],[-73.7422,40.6622],[-73.7422,40.6622],[-73.7421,40.6622]]]"
,,"4584331","Q","2020-08-12T21:56:33.000","Q220C","Q220C-03","Q-12","Active","Q220C-03-BLG0454",,"222114","Polygon","[[[-73.8023,40.6802],[-73.8024,40.6802],[-73.8024,40.6802],[-73.8024,40.6803],[-73.8023,40.6802]]]"
,"2020-06-21T15:54:35.000","4161039","Q","2020-08-12T21:56:33.000","Q001","Q001-ZN08","Q-07A","Reopened","Q001-ZN08-BLG0449",,"1215107","Polygon","[[[-73.7539,40.7587],[-73.754,40.7587],[-73.754,40.7588],[-73.7539,40.7588],[-73.7539,40.7587]]]"
,,"4539761","Q","2020-08-12T21:56:33.000","Q001","Q001_temp","Q-07A","Active","Q001-ZN02-BLG0448",,"1262077","Polygon","[[[-73.7399,40.742],[-73.7399,40.742],[-73.7398,40.742],[-73.7398,40.7419],[-73.74,40.7419],[-73.7401,40.7419],[-73.7401,40.7419],[-73.7401,40.7419],[-73.7401,40.7419],[-73.74,40.742],[-73.74,40.742],[-73.7399,40.742]]]"
,,"4558618","Q","2020-08-12T21:56:32.000","Q015","Q015_temp","Q-16","Active","Q015-ZN05-BLG0438",,"496797","Polygon","[[[-73.8551,40.7007],[-73.8552,40.7006],[-73.8553,40.7008],[-73.8553,40.7008],[-73.8553,40.7008],[-73.8552,40.7008],[-73.8551,40.7007]]]"
,,"4539746","Q","2020-08-12T21:56:32.000","Q021","Q021-ZN01","Q-08","Active","Q021-ZN01-BLG0434",,"698967","Polygon","[[[-73.7736,40.7265],[-73.7737,40.7265],[-73.7736,40.7265],[-73.7737,40.7264],[-73.7737,40.7264],[-73.7738,40.7264],[-73.7738,40.7264],[-73.7738,40.7264],[-73.7738,40.7265],[-73.7736,40.7266],[-73.7736,40.7265]]]"
,,"4539747","Q","2020-08-12T21:56:32.000","Q021","Q021-ZN01","Q-08","Active","Q021-ZN01-BLG0432",,"67924","Polygon","[[[-73.7754,40.7266],[-73.7754,40.7266],[-73.7755,40.7267],[-73.7755,40.7267],[-73.7754,40.7268],[-73.7754,40.7267],[-73.7754,40.7266]]]"
,"2020-06-23T11:10:37.000","4438345","Q","2020-08-12T21:56:32.000","Q001A","Q001-ZN01","Q-07A","Reopened","Q001-ZN01-BLG0408",,"61573","Polygon","[[[-73.734,40.7401],[-73.7341,40.7401],[-73.7341,40.7401],[-73.7342,40.7399],[-73.7342,40.7399],[-73.7343,40.7398],[-73.7344,40.7398],[-73.7343,40.7399],[-73.7343,40.7399],[-73.7342,40.7401],[-73.7342,40.7401],[-73.7341,40.7402],[-73.734,40.7401]]]"
,,"4165466","Q","2020-08-12T21:56:32.000","Q001","Q001-ZN03","Q-07A","Active","Q001-ZN03-BLG0406",,"210299","Polygon","[[[-73.7485,40.7416],[-73.7485,40.7416],[-73.7485,40.7416],[-73.7485,40.7416],[-73.7485,40.7416],[-73.7485,40.7415],[-73.7485,40.7415],[-73.7486,40.7415],[-73.7486,40.7416],[-73.7485,40.7416],[-73.7485,40.7416]]]"
,"2020-06-23T10:56:07.000","4541455","Q","2020-08-12T21:56:32.000","Q099","Q099-ZN19","Q-15","Reopened","Q099-ZN19-BLG0384",,"1075275","Polygon","[[[-73.8479,40.7419],[-73.848,40.7419],[-73.848,40.7419],[-73.8479,40.742],[-73.8479,40.7419]]]"
,,"4523404","Q","2020-08-12T21:56:32.000","Q024","Q024-ZN02","Q-07","Active","Q024-ZN02-BLG0354",,"942587","Polygon","[[[-73.8086,40.7473],[-73.8086,40.7473],[-73.8086,40.7473],[-73.8086,40.7473],[-73.8085,40.7473],[-73.8085,40.7473],[-73.8085,40.7473],[-73.8085,40.7472],[-73.8085,40.7472],[-73.8086,40.7472],[-73.8086,40.7472],[-73.8086,40.7472],[-73.8087,40.7473],[-73.8087,40.7473],[-73.8086,40.7473],[-73.8087,40.7473],[-73.8086,40.7473]]]"
"2020-05-12T14:29:52.000","2020-06-23T10:55:44.000","4541457","Q","2020-08-12T21:56:32.000","Q099","Q099-20","Q-15","Reopened","Q099-20-BLG0352","Completely Locked","577452","Polygon","[[[-73.8271,40.7229],[-73.8271,40.7229],[-73.8272,40.723],[-73.8271,40.723],[-73.8271,40.7229]]]"
"2020-05-12T14:29:51.000","2020-06-23T10:55:44.000","4541452","Q","2020-08-12T21:56:31.000","Q099","Q099-15","Q-15","Reopened","Q099-15-BLG0351","Completely Locked","1054814","Polygon","[[[-73.8351,40.73],[-73.8351,40.73],[-73.8351,40.73],[-73.8351,40.73],[-73.8351,40.73],[-73.8351,40.73],[-73.8351,40.73]]]"
"2020-05-12T14:29:51.000","2020-06-25T13:14:25.000","4595483","Q","2020-08-12T21:56:31.000","Q121","Q121-02","Q-12","Reopened","Q121-02-BLG0350","Completely Locked","1248208","Polygon","[[[-73.7851,40.704],[-73.7851,40.704],[-73.7852,40.7039],[-73.7852,40.704],[-73.7852,40.704],[-73.7851,40.704],[-73.7851,40.704]]]"
"2020-05-12T14:29:50.000",,"4163699","Q","2020-08-12T21:56:31.000","Q356","Q356","Q-07A","Reopened","Q356-BLG0345",,"240770","Polygon","[[[-73.7456,40.747],[-73.7456,40.7469],[-73.7456,40.747],[-73.7457,40.747],[-73.7456,40.747],[-73.7456,40.747],[-73.7456,40.747],[-73.7456,40.747],[-73.7456,40.747]]]"
"2020-05-12T14:29:49.000","2020-06-23T11:10:59.000","4575120","Q","2020-08-12T21:56:31.000","Q404","Q404","Q-13","Reopened","Q404-BLG0340",,"453284","Polygon","[[[-73.7399,40.6987],[-73.7399,40.6986],[-73.74,40.6987],[-73.7399,40.6987],[-73.7399,40.6987],[-73.7399,40.6987],[-73.7399,40.6987]]]"
"2020-05-12T14:29:48.000","2020-06-23T12:29:06.000","4603944","Q","2020-08-12T21:56:31.000","Q399","Q399","Q-07","Reopened","Q399-BLG0339",,"1188604","Polygon","[[[-73.7772,40.7824],[-73.7773,40.7824],[-73.7773,40.7824],[-73.7773,40.7825],[-73.7772,40.7824]]]"
"2020-05-12T14:29:46.000","2020-06-23T12:29:28.000","4523133","Q","2020-08-12T21:56:31.000","Q397","Q397","Q-07","Reopened","Q397-BLG0337","Completely Locked","951649","Polygon","[[[-73.7945,40.7659],[-73.7945,40.7658],[-73.7945,40.7658],[-73.7945,40.7658],[-73.7945,40.7659],[-73.7945,40.7659],[-73.7945,40.7659]]]"
"2020-05-12T14:29:45.000","2020-06-25T13:14:53.000","4280350","Q","2020-08-12T21:56:31.000","Q396","Q396","Q-12","Reopened","Q396-BLG0336",,"374879","Polygon","[[[-73.7564,40.674],[-73.7564,40.674],[-73.7564,40.674],[-73.7564,40.674],[-73.7564,40.674]]]"
"2020-05-12T14:29:44.000","2020-06-23T09:28:11.000","4616980","Q","2020-08-12T21:56:31.000","Q360N","Q360N","Q-04","Reopened","Q360N-BLG0335",,"1192278","Polygon","[[[-73.8715,40.733],[-73.8715,40.7329],[-73.8716,40.733],[-73.8716,40.733],[-73.8715,40.733]]]"
"2020-05-12T14:29:44.000","2020-06-23T12:26:44.000","4462266","Q","2020-08-12T21:56:30.000","Q347","Q347","Q-07","Reopened","Q347-BLG0333","Completely Locked","1211307","Polygon","[[[-73.827,40.7701],[-73.827,40.7701],[-73.8271,40.7701],[-73.827,40.7702],[-73.827,40.7701]]]"
,"2020-06-22T13:00:00.000","4003818","Q","2020-08-12T21:56:30.000","Q048","Q048","Q-01","Reopened","Q048-BLG0331",,"123595","Polygon","[[[-73.941,40.7653],[-73.941,40.7653],[-73.9411,40.7653],[-73.9411,40.7654],[-73.941,40.7653]]]"
,,"4558629","Q","2020-08-12T21:56:29.000","Q015","Q015-ZN06","Q-16","Active","Q015-BLG0325",,"1094557","Polygon","[[[-73.8584,40.6989],[-73.8585,40.6988],[-73.8586,40.6988],[-73.8586,40.6988],[-73.8585,40.6989],[-73.8585,40.6989],[-73.8584,40.6989]]]"
"2020-05-12T14:29:41.000","2020-06-22T00:00:00.000","4548177","Q","2020-08-12T21:56:29.000","Q205A","Q205A","Q-02","Reopened","Q205A-BLG0323","Completely Locked","739040","Polygon","[[[-73.9026,40.7403],[-73.9026,40.7402],[-73.9027,40.7402],[-73.9027,40.7403],[-73.9026,40.7403]]]"
,"2020-06-21T13:03:42.000","4109805","Q","2020-08-12T21:56:29.000","Q006","Q006_temp","Q-07","Reopened","Q006-BLG0322",,"133796","Polygon","[[[-73.8063,40.7705],[-73.8063,40.7705],[-73.8063,40.7705],[-73.8063,40.7704],[-73.8063,40.7704],[-73.8063,40.7704],[-73.8063,40.7704],[-73.8063,40.7704],[-73.8063,40.7704],[-73.8063,40.7703],[-73.8064,40.7703],[-73.8064,40.7704],[-73.8064,40.7704],[-73.8064,40.7704],[-73.8064,40.7704],[-73.8064,40.7704],[-73.8064,40.7704],[-73.8064,40.7705],[-73.8064,40.7705],[-73.8064,40.7705],[-73.8063,40.7705]]]"
"2020-05-12T14:29:40.000","2020-06-25T13:09:48.000","4539793","Q","2020-08-12T21:56:29.000","Q307","Q307","Q-13","Reopened","Q307-BLG0321",,"337992","Polygon","[[[-73.7286,40.6847],[-73.7286,40.6846],[-73.7287,40.6846],[-73.7287,40.6847],[-73.7286,40.6847]]]"
"2020-05-12T14:29:39.000","2020-06-22T14:22:00.000","4616022","Q","2020-08-12T21:56:28.000","Q360J","Q360J","Q-04","Reopened","Q360J-BLG0314","Completely Locked","1264282","Polygon","[[[-73.8798,40.7293],[-73.8799,40.7293],[-73.8799,40.7293],[-73.8798,40.7293],[-73.8798,40.7293]]]"
"2020-05-12T14:29:37.000","2020-06-21T11:27:31.000","4524428","Q","2020-08-12T21:56:28.000","Q369","Q369","Q-11","Reopened","Q369-BLG0309",,"931305","Polygon","[[[-73.7354,40.7617],[-73.7354,40.7617],[-73.7355,40.7618],[-73.7354,40.7618],[-73.7354,40.7618],[-73.7354,40.7618],[-73.7353,40.7618],[-73.7353,40.7617],[-73.7354,40.7617]]]"
"2020-05-12T14:29:36.000","2020-06-23T09:23:45.000","4546688","Q","2020-08-12T21:56:28.000","Q363","Q363","Q-03","Reopened","Q363-BLG0308",,"1167296","Polygon","[[[-73.8744,40.7563],[-73.8745,40.7562],[-73.8745,40.7563],[-73.8745,40.7563],[-73.8744,40.7563]]]"
"2020-05-12T14:29:36.000","2020-06-21T16:56:33.000","4299407","Q","2020-08-12T21:56:27.000","Q162J","Q162J","Q-14","Reopened","Q162J-BLG0297","Completely Locked","468532","Polygon","[[[-73.7503,40.5942],[-73.7507,40.594],[-73.7507,40.5941],[-73.7508,40.5942],[-73.7508,40.5942],[-73.7508,40.5942],[-73.7504,40.5943],[-73.7503,40.5942],[-73.7503,40.5942]]]"
"2020-05-12T14:29:35.000","2020-06-21T16:56:33.000","4529096","Q","2020-08-12T21:56:27.000","Q162J01","Q162J01","Q-14","Reopened","Q162J01-BLG0294",,"975060","Polygon","[[[-73.7445,40.5956],[-73.7446,40.5956],[-73.7446,40.5956],[-73.7446,40.5956],[-73.7445,40.5957],[-73.7445,40.5956],[-73.7445,40.5956]]]"
,"2020-06-21T09:00:00.000","4546746","Q","2020-08-12T21:56:26.000","Q102","Q102-ZN01","Q-05","Reopened","Q102-BLG0275",,"1079625","Polygon","[[[-73.883,40.7198],[-73.883,40.7198],[-73.8831,40.7198],[-73.8831,40.7198],[-73.8831,40.7199],[-73.8831,40.7199],[-73.883,40.7198]]]"
,,"4541456","Q","2020-08-12T21:56:26.000","Q099","Q099-ZN08","Q-15","Active","Q099-BLG0261",,"1019527","Polygon","[[[-73.8385,40.7467],[-73.8386,40.7466],[-73.8386,40.7468],[-73.8385,40.7468],[-73.8385,40.7467]]]"
,"2020-06-23T10:55:44.000","4568272","Q","2020-08-12T21:56:25.000","Q099","Q099-ZN17","Q-15","Reopened","Q099-BLG0256",,"1043571","Polygon","[[[-73.8337,40.751],[-73.8337,40.751],[-73.8339,40.751],[-73.8339,40.751],[-73.8339,40.751],[-73.8339,40.751],[-73.8338,40.751],[-73.8337,40.7511],[-73.8337,40.751]]]"
"2020-05-12T17:09:39.000","2020-06-22T14:22:00.000","4062887","Q","2020-08-12T21:56:25.000","Q492","Q492","Q-04","Reopened","Q492-BLG0222","Completely Locked","49791","Polygon","[[[-73.8851,40.7289],[-73.8854,40.7289],[-73.8854,40.729],[-73.8851,40.729],[-73.8851,40.7289]]]"
,,"4612891","Q","2020-08-12T21:56:13.000","Q027","Q027","Q-13","Active","Q027-BLG0176",,"1267596","Polygon","[[[-73.7269,40.685],[-73.727,40.685],[-73.727,40.685],[-73.727,40.685],[-73.7269,40.685]]]"
