"facility_id","facility_name","day_of_week","open_hour","close_hour","is_open","parsed","parse_method","dusk_assumed","multi_range","ampm_repaired","day_implied_closed"
1,"Aqueduct Walk Zone 2",1,8,16,TRUE,TRUE,"uniform",FALSE,FALSE,FALSE,FALSE
1,"Aqueduct Walk Zone 2",2,8,16,TRUE,TRUE,"uniform",FALSE,FALSE,FALSE,FALSE
1,"Aqueduct Walk Zone 2",3,8,16,TRUE,TRUE,"uniform",FALSE,FALSE,FALSE,FALSE
1,"Aqueduct Walk Zone 2",4,8,16,TRUE,TRUE,"uniform",FALSE,FALSE,FALSE,FALSE
1,"Aqueduct Walk Zone 2",5,8,16,TRUE,TRUE,"uniform",FALSE,FALSE,FALSE,FALSE
1,"Aqueduct Walk Zone 2",6,8,16,TRUE,TRUE,"uniform",FALSE,FALSE,FALSE,FALSE
1,"Aqueduct Walk Zone 2",7,8,16,TRUE,TRUE,"uniform",FALSE,FALSE,FALSE,FALSE
2,"Ben Abrams Playground",1,8,16,TRUE,TRUE,"uniform",FALSE,FALSE,FALSE,FALSE
2,"Ben Abrams Playground",2,8,16,TRUE,TRUE,"uniform",FALSE,FALSE,FALSE,FALSE
2,"Ben Abrams Playground",3,8,16,TRUE,TRUE,"uniform",FALSE,FALSE,FALSE,FALSE
2,"Ben Abrams Playground",4,8,16,TRUE,TRUE,"uniform",FALSE,FALSE,FALSE,FALSE
2,"Ben Abrams Playground",5,8,16,TRUE,TRUE,"uniform",FALSE,FALSE,FALSE,FALSE
2,"Ben Abrams Playground",6,8,16,TRUE,TRUE,"uniform",FALSE,FALSE,FALSE,FALSE
2,"Ben Abrams Playground",7,8,16,TRUE,TRUE,"uniform",FALSE,FALSE,FALSE,FALSE
3,"Brady Playground",1,8,16,TRUE,TRUE,"uniform",FALSE,FALSE,FALSE,FALSE
3,"Brady Playground",2,8,16,TRUE,TRUE,"uniform",FALSE,FALSE,FALSE,FALSE
3,"Brady Playground",3,8,16,TRUE,TRUE,"uniform",FALSE,FALSE,FALSE,FALSE
3,"Brady Playground",4,8,16,TRUE,TRUE,"uniform",FALSE,FALSE,FALSE,FALSE
3,"Brady Playground",5,8,16,TRUE,TRUE,"uniform",FALSE,FALSE,FALSE,FALSE
3,"Brady Playground",6,8,16,TRUE,TRUE,"uniform",FALSE,FALSE,FALSE,FALSE
3,"Brady Playground",7,8,16,TRUE,TRUE,"uniform",FALSE,FALSE,FALSE,FALSE
4,"Waring Playground",1,8,16,TRUE,TRUE,"uniform",FALSE,FALSE,FALSE,FALSE
4,"Waring Playground",2,8,16,TRUE,TRUE,"uniform",FALSE,FALSE,FALSE,FALSE
4,"Waring Playground",3,8,16,TRUE,TRUE,"uniform",FALSE,FALSE,FALSE,FALSE
4,"Waring Playground",4,8,16,TRUE,TRUE,"uniform",FALSE,FALSE,FALSE,FALSE
4,"Waring Playground",5,8,16,TRUE,TRUE,"uniform",FALSE,FALSE,FALSE,FALSE
4,"Waring Playground",6,8,16,TRUE,TRUE,"uniform",FALSE,FALSE,FALSE,FALSE
4,"Waring Playground",7,8,16,TRUE,TRUE,"uniform",FALSE,FALSE,FALSE,FALSE
5,"River Park",1,8,16,TRUE,TRUE,"uniform",FALSE,FALSE,FALSE,FALSE
5,"River Park",2,8,16,TRUE,TRUE,"uniform",FALSE,FALSE,FALSE,FALSE
5,"River Park",3,8,16,TRUE,TRUE,"uniform",FALSE,FALSE,FALSE,FALSE
5,"River Park",4,8,16,TRUE,TRUE,"uniform",FALSE,FALSE,FALSE,FALSE
5,"River Park",5,8,16,TRUE,TRUE,"uniform",FALSE,FALSE,FALSE,FALSE
5,"River Park",6,8,16,TRUE,TRUE,"uniform",FALSE,FALSE,FALSE,FALSE
5,"River Park",7,8,16,TRUE,TRUE,"uniform",FALSE,FALSE,FALSE,FALSE
6,"Rosewood Playground",1,8,16,TRUE,TRUE,"uniform",FALSE,FALSE,FALSE,FALSE
6,"Rosewood Playground",2,8,16,TRUE,TRUE,"uniform",FALSE,FALSE,FALSE,FALSE
6,"Rosewood Playground",3,8,16,TRUE,TRUE,"uniform",FALSE,FALSE,FALSE,FALSE
6,"Rosewood Playground",4,8,16,TRUE,TRUE,"uniform",FALSE,FALSE,FALSE,FALSE
6,"Rosewood Playground",5,8,16,TRUE,TRUE,"uniform",FALSE,FALSE,FALSE,FALSE
6,"Rosewood Playground",6,8,16,TRUE,TRUE,"uniform",FALSE,FALSE,FALSE,FALSE
6,"Rosewood Playground",7,8,16,TRUE,TRUE,"uniform",FALSE,FALSE,FALSE,FALSE
7,"Allerton Fields In Bronx Park",1,8,16,TRUE,TRUE,"uniform",FALSE,FALSE,FALSE,FALSE
7,"Allerton Fields In Bronx Park",2,8,16,TRUE,TRUE,"uniform",FALSE,FALSE,FALSE,FALSE
7,"Allerton Fields In Bronx Park",3,8,16,TRUE,TRUE,"uniform",FALSE,FALSE,FALSE,FALSE
7,"Allerton Fields In Bronx Park",4,8,16,TRUE,TRUE,"uniform",FALSE,FALSE,FALSE,FALSE
7,"Allerton Fields In Bronx Park",5,8,16,TRUE,TRUE,"uniform",FALSE,FALSE,FALSE,FALSE
7,"Allerton Fields In Bronx Park",6,8,16,TRUE,TRUE,"uniform",FALSE,FALSE,FALSE,FALSE
7,"Allerton Fields In Bronx Park",7,8,16,TRUE,TRUE,"uniform",FALSE,FALSE,FALSE,FALSE
8,"227th Street Playground",1,8,16,TRUE,TRUE,"uniform",FALSE,FALSE,FALSE,FALSE
8,"227th Street Playground",2,8,16,TRUE,TRUE,"uniform",FALSE,FALSE,FALSE,FALSE
8,"227th Street Playground",3,8,16,TRUE,TRUE,"uniform",FALSE,FALSE,FALSE,FALSE
8,"227th Street Playground",4,8,16,TRUE,TRUE,"uniform",FALSE,FALSE,FALSE,FALSE
8,"227th Street Playground",5,8,16,TRUE,TRUE,"uniform",FALSE,FALSE,FALSE,FALSE
8,"227th Street Playground",6,8,16,TRUE,TRUE,"uniform",FALSE,FALSE,FALSE,FALSE
8,"227th Street Playground",7,8,16,TRUE,TRUE,"uniform",FALSE,FALSE,FALSE,FALSE
9,"Olinville Playground",1,8,16,TRUE,TRUE,"uniform",FALSE,FALSE,FALSE,FALSE
9,"Olinville Playground",2,8,16,TRUE,TRUE,"uniform",FALSE,FALSE,FALSE,FALSE
9,"Olinville Playground",3,8,16,TRUE,TRUE,"uniform",FALSE,FALSE,FALSE,FALSE
9,"Olinville Playground",4,8,16,TRUE,TRUE,"uniform",FALSE,FALSE,FALSE,FALSE
9,"Olinville Playground",5,8,16,TRUE,TRUE,"uniform",FALSE,FALSE,FALSE,FALSE
9,"Olinville Playground",6,8,16,TRUE,TRUE,"uniform",FALSE,FALSE,FALSE,FALSE
9,"Olinville Playground",7,8,16,TRUE,TRUE,"uniform",FALSE,FALSE,FALSE,FALSE
10,"Parque De Los Ninos",1,8,16,TRUE,TRUE,"uniform",FALSE,FALSE,FALSE,FALSE
10,"Parque De Los Ninos",2,8,16,TRUE,TRUE,"uniform",FALSE,FALSE,FALSE,FALSE
10,"Parque De Los Ninos",3,8,16,TRUE,TRUE,"uniform",FALSE,FALSE,FALSE,FALSE
10,"Parque De Los Ninos",4,8,16,TRUE,TRUE,"uniform",FALSE,FALSE,FALSE,FALSE
10,"Parque De Los Ninos",5,8,16,TRUE,TRUE,"uniform",FALSE,FALSE,FALSE,FALSE
10,"Parque De Los Ninos",6,8,16,TRUE,TRUE,"uniform",FALSE,FALSE,FALSE,FALSE
10,"Parque De Los Ninos",7,8,16,TRUE,TRUE,"uniform",FALSE,FALSE,FALSE,FALSE
11,"Claremont Zone 1",1,8,16,TRUE,TRUE,"uniform",FALSE,FALSE,FALSE,FALSE
11,"Claremont Zone 1",2,8,16,TRUE,TRUE,"uniform",FALSE,FALSE,FALSE,FALSE
11,"Claremont Zone 1",3,8,16,TRUE,TRUE,"uniform",FALSE,FALSE,FALSE,FALSE
11,"Claremont Zone 1",4,8,16,TRUE,TRUE,"uniform",FALSE,FALSE,FALSE,FALSE
11,"Claremont Zone 1",5,8,16,TRUE,TRUE,"uniform",FALSE,FALSE,FALSE,FALSE
11,"Claremont Zone 1",6,8,16,TRUE,TRUE,"uniform",FALSE,FALSE,FALSE,FALSE
11,"Claremont Zone 1",7,8,16,TRUE,TRUE,"uniform",FALSE,FALSE,FALSE,FALSE
12,"Claremont Zone 3",1,8,16,TRUE,TRUE,"uniform",FALSE,FALSE,FALSE,FALSE
12,"Claremont Zone 3",2,8,16,TRUE,TRUE,"uniform",FALSE,FALSE,FALSE,FALSE
12,"Claremont Zone 3",3,8,16,TRUE,TRUE,"uniform",FALSE,FALSE,FALSE,FALSE
12,"Claremont Zone 3",4,8,16,TRUE,TRUE,"uniform",FALSE,FALSE,FALSE,FALSE
12,"Claremont Zone 3",5,8,16,TRUE,TRUE,"uniform",FALSE,FALSE,FALSE,FALSE
12,"Claremont Zone 3",6,8,16,TRUE,TRUE,"uniform",FALSE,FALSE,FALSE,FALSE
12,"Claremont Zone 3",7,8,16,TRUE,TRUE,"uniform",FALSE,FALSE,FALSE,FALSE
13,"Martin Van Buren Playground",1,,,,FALSE,"blank",,,FALSE,
13,"Martin Van Buren Playground",2,,,,FALSE,"blank",,,FALSE,
13,"Martin Van Buren Playground",3,,,,FALSE,"blank",,,FALSE,
13,"Martin Van Buren Playground",4,,,,FALSE,"blank",,,FALSE,
13,"Martin Van Buren Playground",5,,,,FALSE,"blank",,,FALSE,
13,"Martin Van Buren Playground",6,,,,FALSE,"blank",,,FALSE,
13,"Martin Van Buren Playground",7,,,,FALSE,"blank",,,FALSE,
14,"Playground Of The Stars",1,8,16,TRUE,TRUE,"uniform",FALSE,FALSE,FALSE,FALSE
14,"Playground Of The Stars",2,8,16,TRUE,TRUE,"uniform",FALSE,FALSE,FALSE,FALSE
14,"Playground Of The Stars",3,8,16,TRUE,TRUE,"uniform",FALSE,FALSE,FALSE,FALSE
14,"Playground Of The Stars",4,8,16,TRUE,TRUE,"uniform",FALSE,FALSE,FALSE,FALSE
14,"Playground Of The Stars",5,8,16,TRUE,TRUE,"uniform",FALSE,FALSE,FALSE,FALSE
14,"Playground Of The Stars",6,8,16,TRUE,TRUE,"uniform",FALSE,FALSE,FALSE,FALSE
14,"Playground Of The Stars",7,8,16,TRUE,TRUE,"uniform",FALSE,FALSE,FALSE,FALSE
15,"Bathgate Playground",1,8,16,TRUE,TRUE,"uniform",FALSE,FALSE,FALSE,FALSE
15,"Bathgate Playground",2,8,16,TRUE,TRUE,"uniform",FALSE,FALSE,FALSE,FALSE
15,"Bathgate Playground",3,8,16,TRUE,TRUE,"uniform",FALSE,FALSE,FALSE,FALSE
15,"Bathgate Playground",4,8,16,TRUE,TRUE,"uniform",FALSE,FALSE,FALSE,FALSE
15,"Bathgate Playground",5,8,16,TRUE,TRUE,"uniform",FALSE,FALSE,FALSE,FALSE
15,"Bathgate Playground",6,8,16,TRUE,TRUE,"uniform",FALSE,FALSE,FALSE,FALSE
15,"Bathgate Playground",7,8,16,TRUE,TRUE,"uniform",FALSE,FALSE,FALSE,FALSE
16,"175th Street Playground",1,8,16,TRUE,TRUE,"uniform",FALSE,FALSE,FALSE,FALSE
16,"175th Street Playground",2,8,16,TRUE,TRUE,"uniform",FALSE,FALSE,FALSE,FALSE
16,"175th Street Playground",3,8,16,TRUE,TRUE,"uniform",FALSE,FALSE,FALSE,FALSE
16,"175th Street Playground",4,8,16,TRUE,TRUE,"uniform",FALSE,FALSE,FALSE,FALSE
16,"175th Street Playground",5,8,16,TRUE,TRUE,"uniform",FALSE,FALSE,FALSE,FALSE
16,"175th Street Playground",6,8,16,TRUE,TRUE,"uniform",FALSE,FALSE,FALSE,FALSE
16,"175th Street Playground",7,8,16,TRUE,TRUE,"uniform",FALSE,FALSE,FALSE,FALSE
17,"Crotona Park Lake",1,8,16,TRUE,TRUE,"uniform",FALSE,FALSE,FALSE,FALSE
17,"Crotona Park Lake",2,8,16,TRUE,TRUE,"uniform",FALSE,FALSE,FALSE,FALSE
17,"Crotona Park Lake",3,8,16,TRUE,TRUE,"uniform",FALSE,FALSE,FALSE,FALSE
17,"Crotona Park Lake",4,8,16,TRUE,TRUE,"uniform",FALSE,FALSE,FALSE,FALSE
17,"Crotona Park Lake",5,8,16,TRUE,TRUE,"uniform",FALSE,FALSE,FALSE,FALSE
17,"Crotona Park Lake",6,8,16,TRUE,TRUE,"uniform",FALSE,FALSE,FALSE,FALSE
17,"Crotona Park Lake",7,8,16,TRUE,TRUE,"uniform",FALSE,FALSE,FALSE,FALSE
18,"Crotona Tennis House & Courts",1,8,16,TRUE,TRUE,"uniform",FALSE,FALSE,FALSE,FALSE
18,"Crotona Tennis House & Courts",2,8,16,TRUE,TRUE,"uniform",FALSE,FALSE,FALSE,FALSE
18,"Crotona Tennis House & Courts",3,8,16,TRUE,TRUE,"uniform",FALSE,FALSE,FALSE,FALSE
18,"Crotona Tennis House & Courts",4,8,16,TRUE,TRUE,"uniform",FALSE,FALSE,FALSE,FALSE
18,"Crotona Tennis House & Courts",5,8,16,TRUE,TRUE,"uniform",FALSE,FALSE,FALSE,FALSE
18,"Crotona Tennis House & Courts",6,8,16,TRUE,TRUE,"uniform",FALSE,FALSE,FALSE,FALSE
18,"Crotona Tennis House & Courts",7,8,16,TRUE,TRUE,"uniform",FALSE,FALSE,FALSE,FALSE
19,"Devoe Park",1,8,16,TRUE,TRUE,"uniform",FALSE,FALSE,FALSE,FALSE
19,"Devoe Park",2,8,16,TRUE,TRUE,"uniform",FALSE,FALSE,FALSE,FALSE
19,"Devoe Park",3,8,16,TRUE,TRUE,"uniform",FALSE,FALSE,FALSE,FALSE
19,"Devoe Park",4,8,16,TRUE,TRUE,"uniform",FALSE,FALSE,FALSE,FALSE
19,"Devoe Park",5,8,16,TRUE,TRUE,"uniform",FALSE,FALSE,FALSE,FALSE
19,"Devoe Park",6,8,16,TRUE,TRUE,"uniform",FALSE,FALSE,FALSE,FALSE
19,"Devoe Park",7,8,16,TRUE,TRUE,"uniform",FALSE,FALSE,FALSE,FALSE
20,"Horseshoe Playground",1,8,16,TRUE,TRUE,"uniform",FALSE,FALSE,FALSE,FALSE
20,"Horseshoe Playground",2,8,16,TRUE,TRUE,"uniform",FALSE,FALSE,FALSE,FALSE
20,"Horseshoe Playground",3,8,16,TRUE,TRUE,"uniform",FALSE,FALSE,FALSE,FALSE
20,"Horseshoe Playground",4,8,16,TRUE,TRUE,"uniform",FALSE,FALSE,FALSE,FALSE
20,"Horseshoe Playground",5,8,16,TRUE,TRUE,"uniform",FALSE,FALSE,FALSE,FALSE
20,"Horseshoe Playground",6,8,16,TRUE,TRUE,"uniform",FALSE,FALSE,FALSE,FALSE
20,"Horseshoe Playground",7,8,16,TRUE,TRUE,"uniform",FALSE,FALSE,FALSE,FALSE
21,"Richman (Echo) Park",1,8,16,TRUE,TRUE,"uniform",FALSE,FALSE,FALSE,FALSE
21,"Richman (Echo) Park",2,8,16,TRUE,TRUE,"uniform",FALSE,FALSE,FALSE,FALSE
21,"Richman (Echo) Park",3,8,16,TRUE,TRUE,"uniform",FALSE,FALSE,FALSE,FALSE
21,"Richman (Echo) Park",4,8,16,TRUE,TRUE,"uniform",FALSE,FALSE,FALSE,FALSE
21,"Richman (Echo) Park",5,8,16,TRUE,TRUE,"uniform",FALSE,FALSE,FALSE,FALSE
21,"Richman (Echo) Park",6,8,16,TRUE,TRUE,"uniform",FALSE,FALSE,FALSE,FALSE
21,"Richman (Echo) Park",7,8,16,TRUE,TRUE,"uniform",FALSE,FALSE,FALSE,FALSE
22,"Fort Independence Playground",1,8,16,TRUE,TRUE,"uniform",FALSE,FALSE,FALSE,FALSE
22,"Fort Independence Playground",2,8,16,TRUE,TRUE,"uniform",FALSE,FALSE,FALSE,FALSE
22,"Fort Independence Playground",3,8,16,TRUE,TRUE,"uniform",FALSE,FALSE,FALSE,FALSE
22,"Fort Independence Playground",4,8,16,TRUE,TRUE,"uniform",FALSE,FALSE,FALSE,FALSE
22,"Fort Independence Playground",5,8,16,TRUE,TRUE,"uniform",FALSE,FALSE,FALSE,FALSE
22,"Fort Independence Playground",6,8,16,TRUE,TRUE,"uniform",FALSE,FALSE,FALSE,FALSE
22,"Fort Independence Playground",7,8,16,TRUE,TRUE,"uniform",FALSE,FALSE,FALSE,FALSE
23,"Drew Playground",1,8,16,TRUE,TRUE,"uniform",FALSE,FALSE,FALSE,FALSE
23,"Drew Playground",2,8,16,TRUE,TRUE,"uniform",FALSE,FALSE,FALSE,FALSE
23,"Drew Playground",3,8,16,TRUE,TRUE,"uniform",FALSE,FALSE,FALSE,FALSE
23,"Drew Playground",4,8,16,TRUE,TRUE,"uniform",FALSE,FALSE,FALSE,FALSE
23,"Drew Playground",5,8,16,TRUE,TRUE,"uniform",FALSE,FALSE,FALSE,FALSE
23,"Drew Playground",6,8,16,TRUE,TRUE,"uniform",FALSE,FALSE,FALSE,FALSE
23,"Drew Playground",7,8,16,TRUE,TRUE,"uniform",FALSE,FALSE,FALSE,FALSE
24,"Lyons Square Playground",1,8,16,TRUE,TRUE,"uniform",FALSE,FALSE,FALSE,FALSE
24,"Lyons Square Playground",2,8,16,TRUE,TRUE,"uniform",FALSE,FALSE,FALSE,FALSE
24,"Lyons Square Playground",3,8,16,TRUE,TRUE,"uniform",FALSE,FALSE,FALSE,FALSE
24,"Lyons Square Playground",4,8,16,TRUE,TRUE,"uniform",FALSE,FALSE,FALSE,FALSE
24,"Lyons Square Playground",5,8,16,TRUE,TRUE,"uniform",FALSE,FALSE,FALSE,FALSE
24,"Lyons Square Playground",6,8,16,TRUE,TRUE,"uniform",FALSE,FALSE,FALSE,FALSE
24,"Lyons Square Playground",7,8,16,TRUE,TRUE,"uniform",FALSE,FALSE,FALSE,FALSE
25,"Macombs Dam Park Zone 1 Upper",1,8,16,TRUE,TRUE,"uniform",FALSE,FALSE,FALSE,FALSE
25,"Macombs Dam Park Zone 1 Upper",2,8,16,TRUE,TRUE,"uniform",FALSE,FALSE,FALSE,FALSE
25,"Macombs Dam Park Zone 1 Upper",3,8,16,TRUE,TRUE,"uniform",FALSE,FALSE,FALSE,FALSE
25,"Macombs Dam Park Zone 1 Upper",4,8,16,TRUE,TRUE,"uniform",FALSE,FALSE,FALSE,FALSE
25,"Macombs Dam Park Zone 1 Upper",5,8,16,TRUE,TRUE,"uniform",FALSE,FALSE,FALSE,FALSE
25,"Macombs Dam Park Zone 1 Upper",6,8,16,TRUE,TRUE,"uniform",FALSE,FALSE,FALSE,FALSE
25,"Macombs Dam Park Zone 1 Upper",7,8,16,TRUE,TRUE,"uniform",FALSE,FALSE,FALSE,FALSE
26,"Macombs Dam Park Zone 2 Lower",1,8,16,TRUE,TRUE,"uniform",FALSE,FALSE,FALSE,FALSE
26,"Macombs Dam Park Zone 2 Lower",2,8,16,TRUE,TRUE,"uniform",FALSE,FALSE,FALSE,FALSE
26,"Macombs Dam Park Zone 2 Lower",3,8,16,TRUE,TRUE,"uniform",FALSE,FALSE,FALSE,FALSE
26,"Macombs Dam Park Zone 2 Lower",4,8,16,TRUE,TRUE,"uniform",FALSE,FALSE,FALSE,FALSE
26,"Macombs Dam Park Zone 2 Lower",5,8,16,TRUE,TRUE,"uniform",FALSE,FALSE,FALSE,FALSE
26,"Macombs Dam Park Zone 2 Lower",6,8,16,TRUE,TRUE,"uniform",FALSE,FALSE,FALSE,FALSE
26,"Macombs Dam Park Zone 2 Lower",7,8,16,TRUE,TRUE,"uniform",FALSE,FALSE,FALSE,FALSE
27,"Foster Park Zone 1",1,8,16,TRUE,TRUE,"uniform",FALSE,FALSE,FALSE,FALSE
27,"Foster Park Zone 1",2,8,16,TRUE,TRUE,"uniform",FALSE,FALSE,FALSE,FALSE
27,"Foster Park Zone 1",3,8,16,TRUE,TRUE,"uniform",FALSE,FALSE,FALSE,FALSE
27,"Foster Park Zone 1",4,8,16,TRUE,TRUE,"uniform",FALSE,FALSE,FALSE,FALSE
27,"Foster Park Zone 1",5,8,16,TRUE,TRUE,"uniform",FALSE,FALSE,FALSE,FALSE
27,"Foster Park Zone 1",6,8,16,TRUE,TRUE,"uniform",FALSE,FALSE,FALSE,FALSE
27,"Foster Park Zone 1",7,8,16,TRUE,TRUE,"uniform",FALSE,FALSE,FALSE,FALSE
28,"Ancient Playground",1,8,16,TRUE,TRUE,"uniform",FALSE,FALSE,FALSE,FALSE
28,"Ancient Playground",2,8,16,TRUE,TRUE,"uniform",FALSE,FALSE,FALSE,FALSE
28,"Ancient Playground",3,8,16,TRUE,TRUE,"uniform",FALSE,FALSE,FALSE,FALSE
28,"Ancient Playground",4,8,16,TRUE,TRUE,"uniform",FALSE,FALSE,FALSE,FALSE
28,"Ancient Playground",5,8,16,TRUE,TRUE,"uniform",FALSE,FALSE,FALSE,FALSE
28,"Ancient Playground",6,8,16,TRUE,TRUE,"uniform",FALSE,FALSE,FALSE,FALSE
28,"Ancient Playground",7,8,16,TRUE,TRUE,"uniform",FALSE,FALSE,FALSE,FALSE
29,"Pelham South Park Headquarters",1,8,16,TRUE,TRUE,"uniform",FALSE,FALSE,FALSE,FALSE
29,"Pelham South Park Headquarters",2,8,16,TRUE,TRUE,"uniform",FALSE,FALSE,FALSE,FALSE
29,"Pelham South Park Headquarters",3,8,16,TRUE,TRUE,"uniform",FALSE,FALSE,FALSE,FALSE
29,"Pelham South Park Headquarters",4,8,16,TRUE,TRUE,"uniform",FALSE,FALSE,FALSE,FALSE
29,"Pelham South Park Headquarters",5,8,16,TRUE,TRUE,"uniform",FALSE,FALSE,FALSE,FALSE
29,"Pelham South Park Headquarters",6,8,16,TRUE,TRUE,"uniform",FALSE,FALSE,FALSE,FALSE
29,"Pelham South Park Headquarters",7,8,16,TRUE,TRUE,"uniform",FALSE,FALSE,FALSE,FALSE
30,"Hunter Island Picnic Area",1,8,16,TRUE,TRUE,"uniform",FALSE,FALSE,FALSE,FALSE
30,"Hunter Island Picnic Area",2,8,16,TRUE,TRUE,"uniform",FALSE,FALSE,FALSE,FALSE
30,"Hunter Island Picnic Area",3,8,16,TRUE,TRUE,"uniform",FALSE,FALSE,FALSE,FALSE
30,"Hunter Island Picnic Area",4,8,16,TRUE,TRUE,"uniform",FALSE,FALSE,FALSE,FALSE
30,"Hunter Island Picnic Area",5,8,16,TRUE,TRUE,"uniform",FALSE,FALSE,FALSE,FALSE
30,"Hunter Island Picnic Area",6,8,16,TRUE,TRUE,"uniform",FALSE,FALSE,FALSE,FALSE
30,"Hunter Island Picnic Area",7,8,16,TRUE,TRUE,"uniform",FALSE,FALSE,FALSE,FALSE
31,"Twin Island",1,8,16,TRUE,TRUE,"uniform",FALSE,FALSE,FALSE,FALSE
31,"Twin Island",2,8,16,TRUE,TRUE,"uniform",FALSE,FALSE,FALSE,FALSE
31,"Twin Island",3,8,16,TRUE,TRUE,"uniform",FALSE,FALSE,FALSE,FALSE
31,"Twin Island",4,8,16,TRUE,TRUE,"uniform",FALSE,FALSE,FALSE,FALSE
31,"Twin Island",5,8,16,TRUE,TRUE,"uniform",FALSE,FALSE,FALSE,FALSE
31,"Twin Island",6,8,16,TRUE,TRUE,"uniform",FALSE,FALSE,FALSE,FALSE
31,"Twin Island",7,8,16,TRUE,TRUE,"uniform",FALSE,FALSE,FALSE,FALSE
32,"Ancient Playground",1,8,16,TRUE,TRUE,"uniform",FALSE,FALSE,FALSE,FALSE
32,"Ancient Playground",2,8,16,TRUE,TRUE,"uniform",FALSE,FALSE,FALSE,FALSE
32,"Ancient Playground",3,8,16,TRUE,TRUE,"uniform",FALSE,FALSE,FALSE,FALSE
32,"Ancient Playground",4,8,16,TRUE,TRUE,"uniform",FALSE,FALSE,FALSE,FALSE
32,"Ancient Playground",5,8,16,TRUE,TRUE,"uniform",FALSE,FALSE,FALSE,FALSE
32,"Ancient Playground",6,8,16,TRUE,TRUE,"uniform",FALSE,FALSE,FALSE,FALSE
32,"Ancient Playground",7,8,16,TRUE,TRUE,"uniform",FALSE,FALSE,FALSE,FALSE
33,"Bloomingdale Playground",1,8,16,TRUE,TRUE,"uniform",FALSE,FALSE,FALSE,FALSE
33,"Bloomingdale Playground",2,8,16,TRUE,TRUE,"uniform",FALSE,FALSE,FALSE,FALSE
33,"Bloomingdale Playground",3,8,16,TRUE,TRUE,"uniform",FALSE,FALSE,FALSE,FALSE
33,"Bloomingdale Playground",4,8,16,TRUE,TRUE,"uniform",FALSE,FALSE,FALSE,FALSE
33,"Bloomingdale Playground",5,8,16,TRUE,TRUE,"uniform",FALSE,FALSE,FALSE,FALSE
33,"Bloomingdale Playground",6,8,16,TRUE,TRUE,"uniform",FALSE,FALSE,FALSE,FALSE
33,"Bloomingdale Playground",7,8,16,TRUE,TRUE,"uniform",FALSE,FALSE,FALSE,FALSE
34,"Poe Park",1,8,16,TRUE,TRUE,"uniform",FALSE,FALSE,FALSE,FALSE
34,"Poe Park",2,8,16,TRUE,TRUE,"uniform",FALSE,FALSE,FALSE,FALSE
34,"Poe Park",3,8,16,TRUE,TRUE,"uniform",FALSE,FALSE,FALSE,FALSE
34,"Poe Park",4,8,16,TRUE,TRUE,"uniform",FALSE,FALSE,FALSE,FALSE
34,"Poe Park",5,8,16,TRUE,TRUE,"uniform",FALSE,FALSE,FALSE,FALSE
34,"Poe Park",6,8,16,TRUE,TRUE,"uniform",FALSE,FALSE,FALSE,FALSE
34,"Poe Park",7,8,16,TRUE,TRUE,"uniform",FALSE,FALSE,FALSE,FALSE
35,"Rose Hill Park",1,8,16,TRUE,TRUE,"uniform",FALSE,FALSE,FALSE,FALSE
35,"Rose Hill Park",2,8,16,TRUE,TRUE,"uniform",FALSE,FALSE,FALSE,FALSE
35,"Rose Hill Park",3,8,16,TRUE,TRUE,"uniform",FALSE,FALSE,FALSE,FALSE
35,"Rose Hill Park",4,8,16,TRUE,TRUE,"uniform",FALSE,FALSE,FALSE,FALSE
35,"Rose Hill Park",5,8,16,TRUE,TRUE,"uniform",FALSE,FALSE,FALSE,FALSE
35,"Rose Hill Park",6,8,16,TRUE,TRUE,"uniform",FALSE,FALSE,FALSE,FALSE
35,"Rose Hill Park",7,8,16,TRUE,TRUE,"uniform",FALSE,FALSE,FALSE,FALSE
36,"St. James Park",1,8,16,TRUE,TRUE,"uniform",FALSE,FALSE,FALSE,FALSE
36,"St. James Park",2,8,16,TRUE,TRUE,"uniform",FALSE,FALSE,FALSE,FALSE
36,"St. James Park",3,8,16,TRUE,TRUE,"uniform",FALSE,FALSE,FALSE,FALSE
36,"St. James Park",4,8,16,TRUE,TRUE,"uniform",FALSE,FALSE,FALSE,FALSE
36,"St. James Park",5,8,16,TRUE,TRUE,"uniform",FALSE,FALSE,FALSE,FALSE
36,"St. James Park",6,8,16,TRUE,TRUE,"uniform",FALSE,FALSE,FALSE,FALSE
36,"St. James Park",7,8,16,TRUE,TRUE,"uniform",FALSE,FALSE,FALSE,FALSE
37,"St Mary's Playground East",1,8,16,TRUE,TRUE,"uniform",FALSE,FALSE,FALSE,FALSE
37,"St Mary's Playground East",2,8,16,TRUE,TRUE,"uniform",FALSE,FALSE,FALSE,FALSE
37,"St Mary's Playground East",3,8,16,TRUE,TRUE,"uniform",FALSE,FALSE,FALSE,FALSE
37,"St Mary's Playground East",4,8,16,TRUE,TRUE,"uniform",FALSE,FALSE,FALSE,FALSE
37,"St Mary's Playground East",5,8,16,TRUE,TRUE,"uniform",FALSE,FALSE,FALSE,FALSE
37,"St Mary's Playground East",6,8,16,TRUE,TRUE,"uniform",FALSE,FALSE,FALSE,FALSE
37,"St Mary's Playground East",7,8,16,TRUE,TRUE,"uniform",FALSE,FALSE,FALSE,FALSE
38,"St Mary's Playground West",1,8,16,TRUE,TRUE,"uniform",FALSE,FALSE,FALSE,FALSE
38,"St Mary's Playground West",2,8,16,TRUE,TRUE,"uniform",FALSE,FALSE,FALSE,FALSE
38,"St Mary's Playground West",3,8,16,TRUE,TRUE,"uniform",FALSE,FALSE,FALSE,FALSE
38,"St Mary's Playground West",4,8,16,TRUE,TRUE,"uniform",FALSE,FALSE,FALSE,FALSE
38,"St Mary's Playground West",5,8,16,TRUE,TRUE,"uniform",FALSE,FALSE,FALSE,FALSE
38,"St Mary's Playground West",6,8,16,TRUE,TRUE,"uniform",FALSE,FALSE,FALSE,FALSE
38,"St Mary's Playground West",7,8,16,TRUE,TRUE,"uniform",FALSE,FALSE,FALSE,FALSE
39,"Franz Sigel Park Zone 1",1,8,16,TRUE,TRUE,"uniform",FALSE,FALSE,FALSE,FALSE
39,"Franz Sigel Park Zone 1",2,8,16,TRUE,TRUE,"uniform",FALSE,FALSE,FALSE,FALSE
39,"Franz Sigel Park Zone 1",3,8,16,TRUE,TRUE,"uniform",FALSE,FALSE,FALSE,FALSE
39,"Franz Sigel Park Zone 1",4,8,16,TRUE,TRUE,"uniform",FALSE,FALSE,FALSE,FALSE
39,"Franz Sigel Park Zone 1",5,8,16,TRUE,TRUE,"uniform",FALSE,FALSE,FALSE,FALSE
39,"Franz Sigel Park Zone 1",6,8,16,TRUE,TRUE,"uniform",FALSE,FALSE,FALSE,FALSE
39,"Franz Sigel Park Zone 1",7,8,16,TRUE,TRUE,"uniform",FALSE,FALSE,FALSE,FALSE
40,"Henry Hudson Park",1,8,16,TRUE,TRUE,"uniform",FALSE,FALSE,FALSE,FALSE
40,"Henry Hudson Park",2,8,16,TRUE,TRUE,"uniform",FALSE,FALSE,FALSE,FALSE
40,"Henry Hudson Park",3,8,16,TRUE,TRUE,"uniform",FALSE,FALSE,FALSE,FALSE
40,"Henry Hudson Park",4,8,16,TRUE,TRUE,"uniform",FALSE,FALSE,FALSE,FALSE
40,"Henry Hudson Park",5,8,16,TRUE,TRUE,"uniform",FALSE,FALSE,FALSE,FALSE
40,"Henry Hudson Park",6,8,16,TRUE,TRUE,"uniform",FALSE,FALSE,FALSE,FALSE
40,"Henry Hudson Park",7,8,16,TRUE,TRUE,"uniform",FALSE,FALSE,FALSE,FALSE
41,"Slattery Playground",1,8,16,TRUE,TRUE,"uniform",FALSE,FALSE,FALSE,FALSE
41,"Slattery Playground",2,8,16,TRUE,TRUE,"uniform",FALSE,FALSE,FALSE,FALSE
41,"Slattery Playground",3,8,16,TRUE,TRUE,"uniform",FALSE,FALSE,FALSE,FALSE
41,"Slattery Playground",4,8,16,TRUE,TRUE,"uniform",FALSE,FALSE,FALSE,FALSE
41,"Slattery Playground",5,8,16,TRUE,TRUE,"uniform",FALSE,FALSE,FALSE,FALSE
41,"Slattery Playground",6,8,16,TRUE,TRUE,"uniform",FALSE,FALSE,FALSE,FALSE
41,"Slattery Playground",7,8,16,TRUE,TRUE,"uniform",FALSE,FALSE,FALSE,FALSE
42,"Bloomingdale Playground",1,8,16,TRUE,TRUE,"uniform",FALSE,FALSE,FALSE,FALSE
42,"Bloomingdale Playground",2,8,16,TRUE,TRUE,"uniform",FALSE,FALSE,FALSE,FALSE
42,"Bloomingdale Playground",3,8,16,TRUE,TRUE,"uniform",FALSE,FALSE,FALSE,FALSE
42,"Bloomingdale Playground",4,8,16,TRUE,TRUE,"uniform",FALSE,FALSE,FALSE,FALSE
42,"Bloomingdale Playground",5,8,16,TRUE,TRUE,"uniform",FALSE,FALSE,FALSE,FALSE
42,"Bloomingdale Playground",6,8,16,TRUE,TRUE,"uniform",FALSE,FALSE,FALSE,FALSE
42,"Bloomingdale Playground",7,8,16,TRUE,TRUE,"uniform",FALSE,FALSE,FALSE,FALSE
43,"Woodlawn Playground",1,8,16,TRUE,TRUE,"uniform",FALSE,FALSE,FALSE,FALSE
43,"Woodlawn Playground",2,8,16,TRUE,TRUE,"uniform",FALSE,FALSE,FALSE,FALSE
43,"Woodlawn Playground",3,8,16,TRUE,TRUE,"uniform",FALSE,FALSE,FALSE,FALSE
43,"Woodlawn Playground",4,8,16,TRUE,TRUE,"uniform",FALSE,FALSE,FALSE,FALSE
43,"Woodlawn Playground",5,8,16,TRUE,TRUE,"uniform",FALSE,FALSE,FALSE,FALSE
43,"Woodlawn Playground",6,8,16,TRUE,TRUE,"uniform",FALSE,FALSE,FALSE,FALSE
43,"Woodlawn Playground",7,8,16,TRUE,TRUE,"uniform",FALSE,FALSE,FALSE,FALSE
44,"Sachkerah Woods Playground",1,8,16,TRUE,TRUE,"uniform",FALSE,FALSE,FALSE,FALSE
44,"Sachkerah Woods Playground",2,8,16,TRUE,TRUE,"uniform",FALSE,FALSE,FALSE,FALSE
44,"Sachkerah Woods Playground",3,8,16,TRUE,TRUE,"uniform",FALSE,FALSE,FALSE,FALSE
44,"Sachkerah Woods Playground",4,8,16,TRUE,TRUE,"uniform",FALSE,FALSE,FALSE,FALSE
44,"Sachkerah Woods Playground",5,8,16,TRUE,TRUE,"uniform",FALSE,FALSE,FALSE,FALSE
44,"Sachkerah Woods Playground",6,8,16,TRUE,TRUE,"uniform",FALSE,FALSE,FALSE,FALSE
44,"Sachkerah Woods Playground",7,8,16,TRUE,TRUE,"uniform",FALSE,FALSE,FALSE,FALSE
45,"Van Cortlandt Pool",1,8,16,TRUE,TRUE,"uniform",FALSE,FALSE,FALSE,FALSE
45,"Van Cortlandt Pool",2,8,16,TRUE,TRUE,"uniform",FALSE,FALSE,FALSE,FALSE
45,"Van Cortlandt Pool",3,8,16,TRUE,TRUE,"uniform",FALSE,FALSE,FALSE,FALSE
45,"Van Cortlandt Pool",4,8,16,TRUE,TRUE,"uniform",FALSE,FALSE,FALSE,FALSE
45,"Van Cortlandt Pool",5,8,16,TRUE,TRUE,"uniform",FALSE,FALSE,FALSE,FALSE
45,"Van Cortlandt Pool",6,8,16,TRUE,TRUE,"uniform",FALSE,FALSE,FALSE,FALSE
45,"Van Cortlandt Pool",7,8,16,TRUE,TRUE,"uniform",FALSE,FALSE,FALSE,FALSE
46,"Van Cortlandt Mansion, Tennis Courts, Memorial Grove",1,8,16,TRUE,TRUE,"uniform",FALSE,FALSE,FALSE,FALSE
46,"Van Cortlandt Mansion, Tennis Courts, Memorial Grove",2,8,16,TRUE,TRUE,"uniform",FALSE,FALSE,FALSE,FALSE
46,"Van Cortlandt Mansion, Tennis Courts, Memorial Grove",3,8,16,TRUE,TRUE,"uniform",FALSE,FALSE,FALSE,FALSE
46,"Van Cortlandt Mansion, Tennis Courts, Memorial Grove",4,8,16,TRUE,TRUE,"uniform",FALSE,FALSE,FALSE,FALSE
46,"Van Cortlandt Mansion, Tennis Courts, Memorial Grove",5,8,16,TRUE,TRUE,"uniform",FALSE,FALSE,FALSE,FALSE
46,"Van Cortlandt Mansion, Tennis Courts, Memorial Grove",6,8,16,TRUE,TRUE,"uniform",FALSE,FALSE,FALSE,FALSE
46,"Van Cortlandt Mansion, Tennis Courts, Memorial Grove",7,8,16,TRUE,TRUE,"uniform",FALSE,FALSE,FALSE,FALSE
47,"Stables Area",1,8,16,TRUE,TRUE,"uniform",FALSE,FALSE,FALSE,FALSE
47,"Stables Area",2,8,16,TRUE,TRUE,"uniform",FALSE,FALSE,FALSE,FALSE
47,"Stables Area",3,8,16,TRUE,TRUE,"uniform",FALSE,FALSE,FALSE,FALSE
47,"Stables Area",4,8,16,TRUE,TRUE,"uniform",FALSE,FALSE,FALSE,FALSE
47,"Stables Area",5,8,16,TRUE,TRUE,"uniform",FALSE,FALSE,FALSE,FALSE
47,"Stables Area",6,8,16,TRUE,TRUE,"uniform",FALSE,FALSE,FALSE,FALSE
47,"Stables Area",7,8,16,TRUE,TRUE,"uniform",FALSE,FALSE,FALSE,FALSE
48,"Indian Memorial To Indian Field",1,8,16,TRUE,TRUE,"uniform",FALSE,FALSE,FALSE,FALSE
48,"Indian Memorial To Indian Field",2,8,16,TRUE,TRUE,"uniform",FALSE,FALSE,FALSE,FALSE
48,"Indian Memorial To Indian Field",3,8,16,TRUE,TRUE,"uniform",FALSE,FALSE,FALSE,FALSE
48,"Indian Memorial To Indian Field",4,8,16,TRUE,TRUE,"uniform",FALSE,FALSE,FALSE,FALSE
48,"Indian Memorial To Indian Field",5,8,16,TRUE,TRUE,"uniform",FALSE,FALSE,FALSE,FALSE
48,"Indian Memorial To Indian Field",6,8,16,TRUE,TRUE,"uniform",FALSE,FALSE,FALSE,FALSE
48,"Indian Memorial To Indian Field",7,8,16,TRUE,TRUE,"uniform",FALSE,FALSE,FALSE,FALSE
49,"Allen Shandler Rec Area",1,8,16,TRUE,TRUE,"uniform",FALSE,FALSE,FALSE,FALSE
49,"Allen Shandler Rec Area",2,8,16,TRUE,TRUE,"uniform",FALSE,FALSE,FALSE,FALSE
49,"Allen Shandler Rec Area",3,8,16,TRUE,TRUE,"uniform",FALSE,FALSE,FALSE,FALSE
49,"Allen Shandler Rec Area",4,8,16,TRUE,TRUE,"uniform",FALSE,FALSE,FALSE,FALSE
49,"Allen Shandler Rec Area",5,8,16,TRUE,TRUE,"uniform",FALSE,FALSE,FALSE,FALSE
49,"Allen Shandler Rec Area",6,8,16,TRUE,TRUE,"uniform",FALSE,FALSE,FALSE,FALSE
49,"Allen Shandler Rec Area",7,8,16,TRUE,TRUE,"uniform",FALSE,FALSE,FALSE,FALSE
50,"Ciccarone Park",1,8,16,TRUE,TRUE,"uniform",FALSE,FALSE,FALSE,FALSE
50,"Ciccarone Park",2,8,16,TRUE,TRUE,"uniform",FALSE,FALSE,FALSE,FALSE
50,"Ciccarone Park",3,8,16,TRUE,TRUE,"uniform",FALSE,FALSE,FALSE,FALSE
50,"Ciccarone Park",4,8,16,TRUE,TRUE,"uniform",FALSE,FALSE,FALSE,FALSE
50,"Ciccarone Park",5,8,16,TRUE,TRUE,"uniform",FALSE,FALSE,FALSE,FALSE
50,"Ciccarone Park",6,8,16,TRUE,TRUE,"uniform",FALSE,FALSE,FALSE,FALSE
50,"Ciccarone Park",7,8,16,TRUE,TRUE,"uniform",FALSE,FALSE,FALSE,FALSE
51,"People's Park",1,8,16,TRUE,TRUE,"uniform",FALSE,FALSE,FALSE,FALSE
51,"People's Park",2,8,16,TRUE,TRUE,"uniform",FALSE,FALSE,FALSE,FALSE
51,"People's Park",3,8,16,TRUE,TRUE,"uniform",FALSE,FALSE,FALSE,FALSE
51,"People's Park",4,8,16,TRUE,TRUE,"uniform",FALSE,FALSE,FALSE,FALSE
51,"People's Park",5,8,16,TRUE,TRUE,"uniform",FALSE,FALSE,FALSE,FALSE
51,"People's Park",6,8,16,TRUE,TRUE,"uniform",FALSE,FALSE,FALSE,FALSE
51,"People's Park",7,8,16,TRUE,TRUE,"uniform",FALSE,FALSE,FALSE,FALSE
52,"Williamsbridge Oval",1,8,16,TRUE,TRUE,"uniform",FALSE,FALSE,FALSE,FALSE
52,"Williamsbridge Oval",2,8,16,TRUE,TRUE,"uniform",FALSE,FALSE,FALSE,FALSE
52,"Williamsbridge Oval",3,8,16,TRUE,TRUE,"uniform",FALSE,FALSE,FALSE,FALSE
52,"Williamsbridge Oval",4,8,16,TRUE,TRUE,"uniform",FALSE,FALSE,FALSE,FALSE
52,"Williamsbridge Oval",5,8,16,TRUE,TRUE,"uniform",FALSE,FALSE,FALSE,FALSE
52,"Williamsbridge Oval",6,8,16,TRUE,TRUE,"uniform",FALSE,FALSE,FALSE,FALSE
52,"Williamsbridge Oval",7,8,16,TRUE,TRUE,"uniform",FALSE,FALSE,FALSE,FALSE
53,"Evelina Antonetty Playground",1,8,16,TRUE,TRUE,"uniform",FALSE,FALSE,FALSE,FALSE
53,"Evelina Antonetty Playground",2,8,16,TRUE,TRUE,"uniform",FALSE,FALSE,FALSE,FALSE
53,"Evelina Antonetty Playground",3,8,16,TRUE,TRUE,"uniform",FALSE,FALSE,FALSE,FALSE
53,"Evelina Antonetty Playground",4,8,16,TRUE,TRUE,"uniform",FALSE,FALSE,FALSE,FALSE
53,"Evelina Antonetty Playground",5,8,16,TRUE,TRUE,"uniform",FALSE,FALSE,FALSE,FALSE
53,"Evelina Antonetty Playground",6,8,16,TRUE,TRUE,"uniform",FALSE,FALSE,FALSE,FALSE
53,"Evelina Antonetty Playground",7,8,16,TRUE,TRUE,"uniform",FALSE,FALSE,FALSE,FALSE
54,"Belmont Playground",1,8,16,TRUE,TRUE,"uniform",FALSE,FALSE,FALSE,FALSE
54,"Belmont Playground",2,8,16,TRUE,TRUE,"uniform",FALSE,FALSE,FALSE,FALSE
54,"Belmont Playground",3,8,16,TRUE,TRUE,"uniform",FALSE,FALSE,FALSE,FALSE
54,"Belmont Playground",4,8,16,TRUE,TRUE,"uniform",FALSE,FALSE,FALSE,FALSE
54,"Belmont Playground",5,8,16,TRUE,TRUE,"uniform",FALSE,FALSE,FALSE,FALSE
54,"Belmont Playground",6,8,16,TRUE,TRUE,"uniform",FALSE,FALSE,FALSE,FALSE
54,"Belmont Playground",7,8,16,TRUE,TRUE,"uniform",FALSE,FALSE,FALSE,FALSE
55,"Cedar Playground",1,8,16,TRUE,TRUE,"uniform",FALSE,FALSE,FALSE,FALSE
55,"Cedar Playground",2,8,16,TRUE,TRUE,"uniform",FALSE,FALSE,FALSE,FALSE
55,"Cedar Playground",3,8,16,TRUE,TRUE,"uniform",FALSE,FALSE,FALSE,FALSE
55,"Cedar Playground",4,8,16,TRUE,TRUE,"uniform",FALSE,FALSE,FALSE,FALSE
55,"Cedar Playground",5,8,16,TRUE,TRUE,"uniform",FALSE,FALSE,FALSE,FALSE
55,"Cedar Playground",6,8,16,TRUE,TRUE,"uniform",FALSE,FALSE,FALSE,FALSE
55,"Cedar Playground",7,8,16,TRUE,TRUE,"uniform",FALSE,FALSE,FALSE,FALSE
56,"Hilton White Playground",1,8,16,TRUE,TRUE,"uniform",FALSE,FALSE,FALSE,FALSE
56,"Hilton White Playground",2,8,16,TRUE,TRUE,"uniform",FALSE,FALSE,FALSE,FALSE
56,"Hilton White Playground",3,8,16,TRUE,TRUE,"uniform",FALSE,FALSE,FALSE,FALSE
56,"Hilton White Playground",4,8,16,TRUE,TRUE,"uniform",FALSE,FALSE,FALSE,FALSE
56,"Hilton White Playground",5,8,16,TRUE,TRUE,"uniform",FALSE,FALSE,FALSE,FALSE
56,"Hilton White Playground",6,8,16,TRUE,TRUE,"uniform",FALSE,FALSE,FALSE,FALSE
56,"Hilton White Playground",7,8,16,TRUE,TRUE,"uniform",FALSE,FALSE,FALSE,FALSE
57,"Hunts Point Playground",1,8,16,TRUE,TRUE,"uniform",FALSE,FALSE,FALSE,FALSE
57,"Hunts Point Playground",2,8,16,TRUE,TRUE,"uniform",FALSE,FALSE,FALSE,FALSE
57,"Hunts Point Playground",3,8,16,TRUE,TRUE,"uniform",FALSE,FALSE,FALSE,FALSE
57,"Hunts Point Playground",4,8,16,TRUE,TRUE,"uniform",FALSE,FALSE,FALSE,FALSE
57,"Hunts Point Playground",5,8,16,TRUE,TRUE,"uniform",FALSE,FALSE,FALSE,FALSE
57,"Hunts Point Playground",6,8,16,TRUE,TRUE,"uniform",FALSE,FALSE,FALSE,FALSE
57,"Hunts Point Playground",7,8,16,TRUE,TRUE,"uniform",FALSE,FALSE,FALSE,FALSE
58,"Mott Playground",1,8,16,TRUE,TRUE,"uniform",FALSE,FALSE,FALSE,FALSE
58,"Mott Playground",2,8,16,TRUE,TRUE,"uniform",FALSE,FALSE,FALSE,FALSE
58,"Mott Playground",3,8,16,TRUE,TRUE,"uniform",FALSE,FALSE,FALSE,FALSE
58,"Mott Playground",4,8,16,TRUE,TRUE,"uniform",FALSE,FALSE,FALSE,FALSE
58,"Mott Playground",5,8,16,TRUE,TRUE,"uniform",FALSE,FALSE,FALSE,FALSE
58,"Mott Playground",6,8,16,TRUE,TRUE,"uniform",FALSE,FALSE,FALSE,FALSE
58,"Mott Playground",7,8,16,TRUE,TRUE,"uniform",FALSE,FALSE,FALSE,FALSE
59,"Rev J Polite Playground",1,8,16,TRUE,TRUE,"uniform",FALSE,FALSE,FALSE,FALSE
59,"Rev J Polite Playground",2,8,16,TRUE,TRUE,"uniform",FALSE,FALSE,FALSE,FALSE
59,"Rev J Polite Playground",3,8,16,TRUE,TRUE,"uniform",FALSE,FALSE,FALSE,FALSE
59,"Rev J Polite Playground",4,8,16,TRUE,TRUE,"uniform",FALSE,FALSE,FALSE,FALSE
59,"Rev J Polite Playground",5,8,16,TRUE,TRUE,"uniform",FALSE,FALSE,FALSE,FALSE
59,"Rev J Polite Playground",6,8,16,TRUE,TRUE,"uniform",FALSE,FALSE,FALSE,FALSE
59,"Rev J Polite Playground",7,8,16,TRUE,TRUE,"uniform",FALSE,FALSE,FALSE,FALSE
60,"Soundview Park",1,8,16,TRUE,TRUE,"uniform",FALSE,FALSE,FALSE,FALSE
60,"Soundview Park",2,8,16,TRUE,TRUE,"uniform",FALSE,FALSE,FALSE,FALSE
60,"Soundview Park",3,8,16,TRUE,TRUE,"uniform",FALSE,FALSE,FALSE,FALSE
60,"Soundview Park",4,8,16,TRUE,TRUE,"uniform",FALSE,FALSE,FALSE,FALSE
60,"Soundview Park",5,8,16,TRUE,TRUE,"uniform",FALSE,FALSE,FALSE,FALSE
60,"Soundview Park",6,8,16,TRUE,TRUE,"uniform",FALSE,FALSE,FALSE,FALSE
60,"Soundview Park",7,8,16,TRUE,TRUE,"uniform",FALSE,FALSE,FALSE,FALSE
61,"Soundview Park Zone 4",1,8,16,TRUE,TRUE,"uniform",FALSE,FALSE,FALSE,FALSE
61,"Soundview Park Zone 4",2,8,16,TRUE,TRUE,"uniform",FALSE,FALSE,FALSE,FALSE
61,"Soundview Park Zone 4",3,8,16,TRUE,TRUE,"uniform",FALSE,FALSE,FALSE,FALSE
61,"Soundview Park Zone 4",4,8,16,TRUE,TRUE,"uniform",FALSE,FALSE,FALSE,FALSE
61,"Soundview Park Zone 4",5,8,16,TRUE,TRUE,"uniform",FALSE,FALSE,FALSE,FALSE
61,"Soundview Park Zone 4",6,8,16,TRUE,TRUE,"uniform",FALSE,FALSE,FALSE,FALSE
61,"Soundview Park Zone 4",7,8,16,TRUE,TRUE,"uniform",FALSE,FALSE,FALSE,FALSE
62,"Bufano Park",1,8,16,TRUE,TRUE,"uniform",FALSE,FALSE,FALSE,FALSE
62,"Bufano Park",2,8,16,TRUE,TRUE,"uniform",FALSE,FALSE,FALSE,FALSE
62,"Bufano Park",3,8,16,TRUE,TRUE,"uniform",FALSE,FALSE,FALSE,FALSE
62,"Bufano Park",4,8,16,TRUE,TRUE,"uniform",FALSE,FALSE,FALSE,FALSE
62,"Bufano Park",5,8,16,TRUE,TRUE,"uniform",FALSE,FALSE,FALSE,FALSE
62,"Bufano Park",6,8,16,TRUE,TRUE,"uniform",FALSE,FALSE,FALSE,FALSE
62,"Bufano Park",7,8,16,TRUE,TRUE,"uniform",FALSE,FALSE,FALSE,FALSE
63,"Colucci Playground",1,8,16,TRUE,TRUE,"uniform",FALSE,FALSE,FALSE,FALSE
63,"Colucci Playground",2,8,16,TRUE,TRUE,"uniform",FALSE,FALSE,FALSE,FALSE
63,"Colucci Playground",3,8,16,TRUE,TRUE,"uniform",FALSE,FALSE,FALSE,FALSE
63,"Colucci Playground",4,8,16,TRUE,TRUE,"uniform",FALSE,FALSE,FALSE,FALSE
63,"Colucci Playground",5,8,16,TRUE,TRUE,"uniform",FALSE,FALSE,FALSE,FALSE
63,"Colucci Playground",6,8,16,TRUE,TRUE,"uniform",FALSE,FALSE,FALSE,FALSE
63,"Colucci Playground",7,8,16,TRUE,TRUE,"uniform",FALSE,FALSE,FALSE,FALSE
64,"Noble Playground",1,8,16,TRUE,TRUE,"uniform",FALSE,FALSE,FALSE,FALSE
64,"Noble Playground",2,8,16,TRUE,TRUE,"uniform",FALSE,FALSE,FALSE,FALSE
64,"Noble Playground",3,8,16,TRUE,TRUE,"uniform",FALSE,FALSE,FALSE,FALSE
64,"Noble Playground",4,8,16,TRUE,TRUE,"uniform",FALSE,FALSE,FALSE,FALSE
64,"Noble Playground",5,8,16,TRUE,TRUE,"uniform",FALSE,FALSE,FALSE,FALSE
64,"Noble Playground",6,8,16,TRUE,TRUE,"uniform",FALSE,FALSE,FALSE,FALSE
64,"Noble Playground",7,8,16,TRUE,TRUE,"uniform",FALSE,FALSE,FALSE,FALSE
65,"Watson Gleason Playground",1,8,16,TRUE,TRUE,"uniform",FALSE,FALSE,FALSE,FALSE
65,"Watson Gleason Playground",2,8,16,TRUE,TRUE,"uniform",FALSE,FALSE,FALSE,FALSE
65,"Watson Gleason Playground",3,8,16,TRUE,TRUE,"uniform",FALSE,FALSE,FALSE,FALSE
65,"Watson Gleason Playground",4,8,16,TRUE,TRUE,"uniform",FALSE,FALSE,FALSE,FALSE
65,"Watson Gleason Playground",5,8,16,TRUE,TRUE,"uniform",FALSE,FALSE,FALSE,FALSE
65,"Watson Gleason Playground",6,8,16,TRUE,TRUE,"uniform",FALSE,FALSE,FALSE,FALSE
65,"Watson Gleason Playground",7,8,16,TRUE,TRUE,"uniform",FALSE,FALSE,FALSE,FALSE
66,"Ferry Point Park Zone 2",1,8,16,TRUE,TRUE,"uniform",FALSE,FALSE,FALSE,FALSE
66,"Ferry Point Park Zone 2",2,8,16,TRUE,TRUE,"uniform",FALSE,FALSE,FALSE,FALSE
66,"Ferry Point Park Zone 2",3,8,16,TRUE,TRUE,"uniform",FALSE,FALSE,FALSE,FALSE
66,"Ferry Point Park Zone 2",4,8,16,TRUE,TRUE,"uniform",FALSE,FALSE,FALSE,FALSE
66,"Ferry Point Park Zone 2",5,8,16,TRUE,TRUE,"uniform",FALSE,FALSE,FALSE,FALSE
66,"Ferry Point Park Zone 2",6,8,16,TRUE,TRUE,"uniform",FALSE,FALSE,FALSE,FALSE
66,"Ferry Point Park Zone 2",7,8,16,TRUE,TRUE,"uniform",FALSE,FALSE,FALSE,FALSE
67,"Ferry Point Park Zone 4",1,8,16,TRUE,TRUE,"uniform",FALSE,FALSE,FALSE,FALSE
67,"Ferry Point Park Zone 4",2,8,16,TRUE,TRUE,"uniform",FALSE,FALSE,FALSE,FALSE
67,"Ferry Point Park Zone 4",3,8,16,TRUE,TRUE,"uniform",FALSE,FALSE,FALSE,FALSE
67,"Ferry Point Park Zone 4",4,8,16,TRUE,TRUE,"uniform",FALSE,FALSE,FALSE,FALSE
67,"Ferry Point Park Zone 4",5,8,16,TRUE,TRUE,"uniform",FALSE,FALSE,FALSE,FALSE
67,"Ferry Point Park Zone 4",6,8,16,TRUE,TRUE,"uniform",FALSE,FALSE,FALSE,FALSE
67,"Ferry Point Park Zone 4",7,8,16,TRUE,TRUE,"uniform",FALSE,FALSE,FALSE,FALSE
68,"Lozada Playground",1,8,16,TRUE,TRUE,"uniform",FALSE,FALSE,FALSE,FALSE
68,"Lozada Playground",2,8,16,TRUE,TRUE,"uniform",FALSE,FALSE,FALSE,FALSE
68,"Lozada Playground",3,8,16,TRUE,TRUE,"uniform",FALSE,FALSE,FALSE,FALSE
68,"Lozada Playground",4,8,16,TRUE,TRUE,"uniform",FALSE,FALSE,FALSE,FALSE
68,"Lozada Playground",5,8,16,TRUE,TRUE,"uniform",FALSE,FALSE,FALSE,FALSE
68,"Lozada Playground",6,8,16,TRUE,TRUE,"uniform",FALSE,FALSE,FALSE,FALSE
68,"Lozada Playground",7,8,16,TRUE,TRUE,"uniform",FALSE,FALSE,FALSE,FALSE
69,"Harris Playground",1,8,16,TRUE,TRUE,"uniform",FALSE,FALSE,FALSE,FALSE
69,"Harris Playground",2,8,16,TRUE,TRUE,"uniform",FALSE,FALSE,FALSE,FALSE
69,"Harris Playground",3,8,16,TRUE,TRUE,"uniform",FALSE,FALSE,FALSE,FALSE
69,"Harris Playground",4,8,16,TRUE,TRUE,"uniform",FALSE,FALSE,FALSE,FALSE
69,"Harris Playground",5,8,16,TRUE,TRUE,"uniform",FALSE,FALSE,FALSE,FALSE
69,"Harris Playground",6,8,16,TRUE,TRUE,"uniform",FALSE,FALSE,FALSE,FALSE
69,"Harris Playground",7,8,16,TRUE,TRUE,"uniform",FALSE,FALSE,FALSE,FALSE
70,"Rienzi Playground",1,8,16,TRUE,TRUE,"uniform",FALSE,FALSE,FALSE,FALSE
70,"Rienzi Playground",2,8,16,TRUE,TRUE,"uniform",FALSE,FALSE,FALSE,FALSE
70,"Rienzi Playground",3,8,16,TRUE,TRUE,"uniform",FALSE,FALSE,FALSE,FALSE
70,"Rienzi Playground",4,8,16,TRUE,TRUE,"uniform",FALSE,FALSE,FALSE,FALSE
70,"Rienzi Playground",5,8,16,TRUE,TRUE,"uniform",FALSE,FALSE,FALSE,FALSE
70,"Rienzi Playground",6,8,16,TRUE,TRUE,"uniform",FALSE,FALSE,FALSE,FALSE
70,"Rienzi Playground",7,8,16,TRUE,TRUE,"uniform",FALSE,FALSE,FALSE,FALSE
71,"Flynn Playground",1,8,16,TRUE,TRUE,"uniform",FALSE,FALSE,FALSE,FALSE
71,"Flynn Playground",2,8,16,TRUE,TRUE,"uniform",FALSE,FALSE,FALSE,FALSE
71,"Flynn Playground",3,8,16,TRUE,TRUE,"uniform",FALSE,FALSE,FALSE,FALSE
71,"Flynn Playground",4,8,16,TRUE,TRUE,"uniform",FALSE,FALSE,FALSE,FALSE
71,"Flynn Playground",5,8,16,TRUE,TRUE,"uniform",FALSE,FALSE,FALSE,FALSE
71,"Flynn Playground",6,8,16,TRUE,TRUE,"uniform",FALSE,FALSE,FALSE,FALSE
71,"Flynn Playground",7,8,16,TRUE,TRUE,"uniform",FALSE,FALSE,FALSE,FALSE
72,"Virginia Playground",1,8,16,TRUE,TRUE,"uniform",FALSE,FALSE,FALSE,FALSE
72,"Virginia Playground",2,8,16,TRUE,TRUE,"uniform",FALSE,FALSE,FALSE,FALSE
72,"Virginia Playground",3,8,16,TRUE,TRUE,"uniform",FALSE,FALSE,FALSE,FALSE
72,"Virginia Playground",4,8,16,TRUE,TRUE,"uniform",FALSE,FALSE,FALSE,FALSE
72,"Virginia Playground",5,8,16,TRUE,TRUE,"uniform",FALSE,FALSE,FALSE,FALSE
72,"Virginia Playground",6,8,16,TRUE,TRUE,"uniform",FALSE,FALSE,FALSE,FALSE
72,"Virginia Playground",7,8,16,TRUE,TRUE,"uniform",FALSE,FALSE,FALSE,FALSE
73,"Havemeyer Playground",1,8,16,TRUE,TRUE,"uniform",FALSE,FALSE,FALSE,FALSE
73,"Havemeyer Playground",2,8,16,TRUE,TRUE,"uniform",FALSE,FALSE,FALSE,FALSE
73,"Havemeyer Playground",3,8,16,TRUE,TRUE,"uniform",FALSE,FALSE,FALSE,FALSE
73,"Havemeyer Playground",4,8,16,TRUE,TRUE,"uniform",FALSE,FALSE,FALSE,FALSE
73,"Havemeyer Playground",5,8,16,TRUE,TRUE,"uniform",FALSE,FALSE,FALSE,FALSE
73,"Havemeyer Playground",6,8,16,TRUE,TRUE,"uniform",FALSE,FALSE,FALSE,FALSE
73,"Havemeyer Playground",7,8,16,TRUE,TRUE,"uniform",FALSE,FALSE,FALSE,FALSE
74,"P.O. Serrano Playground",1,8,16,TRUE,TRUE,"uniform",FALSE,FALSE,FALSE,FALSE
74,"P.O. Serrano Playground",2,8,16,TRUE,TRUE,"uniform",FALSE,FALSE,FALSE,FALSE
74,"P.O. Serrano Playground",3,8,16,TRUE,TRUE,"uniform",FALSE,FALSE,FALSE,FALSE
74,"P.O. Serrano Playground",4,8,16,TRUE,TRUE,"uniform",FALSE,FALSE,FALSE,FALSE
74,"P.O. Serrano Playground",5,8,16,TRUE,TRUE,"uniform",FALSE,FALSE,FALSE,FALSE
74,"P.O. Serrano Playground",6,8,16,TRUE,TRUE,"uniform",FALSE,FALSE,FALSE,FALSE
74,"P.O. Serrano Playground",7,8,16,TRUE,TRUE,"uniform",FALSE,FALSE,FALSE,FALSE
75,"Vinmont Veteran Park",1,8,16,TRUE,TRUE,"uniform",FALSE,FALSE,FALSE,FALSE
75,"Vinmont Veteran Park",2,8,16,TRUE,TRUE,"uniform",FALSE,FALSE,FALSE,FALSE
75,"Vinmont Veteran Park",3,8,16,TRUE,TRUE,"uniform",FALSE,FALSE,FALSE,FALSE
75,"Vinmont Veteran Park",4,8,16,TRUE,TRUE,"uniform",FALSE,FALSE,FALSE,FALSE
75,"Vinmont Veteran Park",5,8,16,TRUE,TRUE,"uniform",FALSE,FALSE,FALSE,FALSE
75,"Vinmont Veteran Park",6,8,16,TRUE,TRUE,"uniform",FALSE,FALSE,FALSE,FALSE
75,"Vinmont Veteran Park",7,8,16,TRUE,TRUE,"uniform",FALSE,FALSE,FALSE,FALSE
76,"Eastchester Playground",1,8,16,TRUE,TRUE,"uniform",FALSE,FALSE,FALSE,FALSE
76,"Eastchester Playground",2,8,16,TRUE,TRUE,"uniform",FALSE,FALSE,FALSE,FALSE
76,"Eastchester Playground",3,8,16,TRUE,TRUE,"uniform",FALSE,FALSE,FALSE,FALSE
76,"Eastchester Playground",4,8,16,TRUE,TRUE,"uniform",FALSE,FALSE,FALSE,FALSE
76,"Eastchester Playground",5,8,16,TRUE,TRUE,"uniform",FALSE,FALSE,FALSE,FALSE
76,"Eastchester Playground",6,8,16,TRUE,TRUE,"uniform",FALSE,FALSE,FALSE,FALSE
76,"Eastchester Playground",7,8,16,TRUE,TRUE,"uniform",FALSE,FALSE,FALSE,FALSE
77,"Mazzei Playground",1,8,16,TRUE,TRUE,"uniform",FALSE,FALSE,FALSE,FALSE
77,"Mazzei Playground",2,8,16,TRUE,TRUE,"uniform",FALSE,FALSE,FALSE,FALSE
77,"Mazzei Playground",3,8,16,TRUE,TRUE,"uniform",FALSE,FALSE,FALSE,FALSE
77,"Mazzei Playground",4,8,16,TRUE,TRUE,"uniform",FALSE,FALSE,FALSE,FALSE
77,"Mazzei Playground",5,8,16,TRUE,TRUE,"uniform",FALSE,FALSE,FALSE,FALSE
77,"Mazzei Playground",6,8,16,TRUE,TRUE,"uniform",FALSE,FALSE,FALSE,FALSE
77,"Mazzei Playground",7,8,16,TRUE,TRUE,"uniform",FALSE,FALSE,FALSE,FALSE
78,"Captain William Harry Thompson Playground",1,8,16,TRUE,TRUE,"uniform",FALSE,FALSE,FALSE,FALSE
78,"Captain William Harry Thompson Playground",2,8,16,TRUE,TRUE,"uniform",FALSE,FALSE,FALSE,FALSE
78,"Captain William Harry Thompson Playground",3,8,16,TRUE,TRUE,"uniform",FALSE,FALSE,FALSE,FALSE
78,"Captain William Harry Thompson Playground",4,8,16,TRUE,TRUE,"uniform",FALSE,FALSE,FALSE,FALSE
78,"Captain William Harry Thompson Playground",5,8,16,TRUE,TRUE,"uniform",FALSE,FALSE,FALSE,FALSE
78,"Captain William Harry Thompson Playground",6,8,16,TRUE,TRUE,"uniform",FALSE,FALSE,FALSE,FALSE
78,"Captain William Harry Thompson Playground",7,8,16,TRUE,TRUE,"uniform",FALSE,FALSE,FALSE,FALSE
79,"Caserta Playground",1,8,16,TRUE,TRUE,"uniform",FALSE,FALSE,FALSE,FALSE
79,"Caserta Playground",2,8,16,TRUE,TRUE,"uniform",FALSE,FALSE,FALSE,FALSE
79,"Caserta Playground",3,8,16,TRUE,TRUE,"uniform",FALSE,FALSE,FALSE,FALSE
79,"Caserta Playground",4,8,16,TRUE,TRUE,"uniform",FALSE,FALSE,FALSE,FALSE
79,"Caserta Playground",5,8,16,TRUE,TRUE,"uniform",FALSE,FALSE,FALSE,FALSE
79,"Caserta Playground",6,8,16,TRUE,TRUE,"uniform",FALSE,FALSE,FALSE,FALSE
79,"Caserta Playground",7,8,16,TRUE,TRUE,"uniform",FALSE,FALSE,FALSE,FALSE
80,"Gun Hill Playground",1,8,16,TRUE,TRUE,"uniform",FALSE,FALSE,FALSE,FALSE
80,"Gun Hill Playground",2,8,16,TRUE,TRUE,"uniform",FALSE,FALSE,FALSE,FALSE
80,"Gun Hill Playground",3,8,16,TRUE,TRUE,"uniform",FALSE,FALSE,FALSE,FALSE
80,"Gun Hill Playground",4,8,16,TRUE,TRUE,"uniform",FALSE,FALSE,FALSE,FALSE
80,"Gun Hill Playground",5,8,16,TRUE,TRUE,"uniform",FALSE,FALSE,FALSE,FALSE
80,"Gun Hill Playground",6,8,16,TRUE,TRUE,"uniform",FALSE,FALSE,FALSE,FALSE
80,"Gun Hill Playground",7,8,16,TRUE,TRUE,"uniform",FALSE,FALSE,FALSE,FALSE
81,"Parkside Playground",1,8,16,TRUE,TRUE,"uniform",FALSE,FALSE,FALSE,FALSE
81,"Parkside Playground",2,8,16,TRUE,TRUE,"uniform",FALSE,FALSE,FALSE,FALSE
81,"Parkside Playground",3,8,16,TRUE,TRUE,"uniform",FALSE,FALSE,FALSE,FALSE
81,"Parkside Playground",4,8,16,TRUE,TRUE,"uniform",FALSE,FALSE,FALSE,FALSE
81,"Parkside Playground",5,8,16,TRUE,TRUE,"uniform",FALSE,FALSE,FALSE,FALSE
81,"Parkside Playground",6,8,16,TRUE,TRUE,"uniform",FALSE,FALSE,FALSE,FALSE
81,"Parkside Playground",7,8,16,TRUE,TRUE,"uniform",FALSE,FALSE,FALSE,FALSE
82,"Loreto Playground",1,8,16,TRUE,TRUE,"uniform",FALSE,FALSE,FALSE,FALSE
82,"Loreto Playground",2,8,16,TRUE,TRUE,"uniform",FALSE,FALSE,FALSE,FALSE
82,"Loreto Playground",3,8,16,TRUE,TRUE,"uniform",FALSE,FALSE,FALSE,FALSE
82,"Loreto Playground",4,8,16,TRUE,TRUE,"uniform",FALSE,FALSE,FALSE,FALSE
82,"Loreto Playground",5,8,16,TRUE,TRUE,"uniform",FALSE,FALSE,FALSE,FALSE
82,"Loreto Playground",6,8,16,TRUE,TRUE,"uniform",FALSE,FALSE,FALSE,FALSE
82,"Loreto Playground",7,8,16,TRUE,TRUE,"uniform",FALSE,FALSE,FALSE,FALSE
83,"Edenwald Playground",1,8,16,TRUE,TRUE,"uniform",FALSE,FALSE,FALSE,FALSE
83,"Edenwald Playground",2,8,16,TRUE,TRUE,"uniform",FALSE,FALSE,FALSE,FALSE
83,"Edenwald Playground",3,8,16,TRUE,TRUE,"uniform",FALSE,FALSE,FALSE,FALSE
83,"Edenwald Playground",4,8,16,TRUE,TRUE,"uniform",FALSE,FALSE,FALSE,FALSE
83,"Edenwald Playground",5,8,16,TRUE,TRUE,"uniform",FALSE,FALSE,FALSE,FALSE
83,"Edenwald Playground",6,8,16,TRUE,TRUE,"uniform",FALSE,FALSE,FALSE,FALSE
83,"Edenwald Playground",7,8,16,TRUE,TRUE,"uniform",FALSE,FALSE,FALSE,FALSE
84,"Behagen Playground",1,8,16,TRUE,TRUE,"uniform",FALSE,FALSE,FALSE,FALSE
84,"Behagen Playground",2,8,16,TRUE,TRUE,"uniform",FALSE,FALSE,FALSE,FALSE
84,"Behagen Playground",3,8,16,TRUE,TRUE,"uniform",FALSE,FALSE,FALSE,FALSE
84,"Behagen Playground",4,8,16,TRUE,TRUE,"uniform",FALSE,FALSE,FALSE,FALSE
84,"Behagen Playground",5,8,16,TRUE,TRUE,"uniform",FALSE,FALSE,FALSE,FALSE
84,"Behagen Playground",6,8,16,TRUE,TRUE,"uniform",FALSE,FALSE,FALSE,FALSE
84,"Behagen Playground",7,8,16,TRUE,TRUE,"uniform",FALSE,FALSE,FALSE,FALSE
85,"Nelson Playground",1,8,16,TRUE,TRUE,"uniform",FALSE,FALSE,FALSE,FALSE
85,"Nelson Playground",2,8,16,TRUE,TRUE,"uniform",FALSE,FALSE,FALSE,FALSE
85,"Nelson Playground",3,8,16,TRUE,TRUE,"uniform",FALSE,FALSE,FALSE,FALSE
85,"Nelson Playground",4,8,16,TRUE,TRUE,"uniform",FALSE,FALSE,FALSE,FALSE
85,"Nelson Playground",5,8,16,TRUE,TRUE,"uniform",FALSE,FALSE,FALSE,FALSE
85,"Nelson Playground",6,8,16,TRUE,TRUE,"uniform",FALSE,FALSE,FALSE,FALSE
85,"Nelson Playground",7,8,16,TRUE,TRUE,"uniform",FALSE,FALSE,FALSE,FALSE
86,"Agnes Haywood Playground",1,8,16,TRUE,TRUE,"uniform",FALSE,FALSE,FALSE,FALSE
86,"Agnes Haywood Playground",2,8,16,TRUE,TRUE,"uniform",FALSE,FALSE,FALSE,FALSE
86,"Agnes Haywood Playground",3,8,16,TRUE,TRUE,"uniform",FALSE,FALSE,FALSE,FALSE
86,"Agnes Haywood Playground",4,8,16,TRUE,TRUE,"uniform",FALSE,FALSE,FALSE,FALSE
86,"Agnes Haywood Playground",5,8,16,TRUE,TRUE,"uniform",FALSE,FALSE,FALSE,FALSE
86,"Agnes Haywood Playground",6,8,16,TRUE,TRUE,"uniform",FALSE,FALSE,FALSE,FALSE
86,"Agnes Haywood Playground",7,8,16,TRUE,TRUE,"uniform",FALSE,FALSE,FALSE,FALSE
87,"The Pearly Gates",1,8,16,TRUE,TRUE,"uniform",FALSE,FALSE,FALSE,FALSE
87,"The Pearly Gates",2,8,16,TRUE,TRUE,"uniform",FALSE,FALSE,FALSE,FALSE
87,"The Pearly Gates",3,8,16,TRUE,TRUE,"uniform",FALSE,FALSE,FALSE,FALSE
87,"The Pearly Gates",4,8,16,TRUE,TRUE,"uniform",FALSE,FALSE,FALSE,FALSE
87,"The Pearly Gates",5,8,16,TRUE,TRUE,"uniform",FALSE,FALSE,FALSE,FALSE
87,"The Pearly Gates",6,8,16,TRUE,TRUE,"uniform",FALSE,FALSE,FALSE,FALSE
87,"The Pearly Gates",7,8,16,TRUE,TRUE,"uniform",FALSE,FALSE,FALSE,FALSE
88,"Spuyten Duyvil Playground",1,8,16,TRUE,TRUE,"uniform",FALSE,FALSE,FALSE,FALSE
88,"Spuyten Duyvil Playground",2,8,16,TRUE,TRUE,"uniform",FALSE,FALSE,FALSE,FALSE
88,"Spuyten Duyvil Playground",3,8,16,TRUE,TRUE,"uniform",FALSE,FALSE,FALSE,FALSE
88,"Spuyten Duyvil Playground",4,8,16,TRUE,TRUE,"uniform",FALSE,FALSE,FALSE,FALSE
88,"Spuyten Duyvil Playground",5,8,16,TRUE,TRUE,"uniform",FALSE,FALSE,FALSE,FALSE
88,"Spuyten Duyvil Playground",6,8,16,TRUE,TRUE,"uniform",FALSE,FALSE,FALSE,FALSE
88,"Spuyten Duyvil Playground",7,8,16,TRUE,TRUE,"uniform",FALSE,FALSE,FALSE,FALSE
89,"Allerton Playground",1,8,16,TRUE,TRUE,"uniform",FALSE,FALSE,FALSE,FALSE
89,"Allerton Playground",2,8,16,TRUE,TRUE,"uniform",FALSE,FALSE,FALSE,FALSE
89,"Allerton Playground",3,8,16,TRUE,TRUE,"uniform",FALSE,FALSE,FALSE,FALSE
89,"Allerton Playground",4,8,16,TRUE,TRUE,"uniform",FALSE,FALSE,FALSE,FALSE
89,"Allerton Playground",5,8,16,TRUE,TRUE,"uniform",FALSE,FALSE,FALSE,FALSE
89,"Allerton Playground",6,8,16,TRUE,TRUE,"uniform",FALSE,FALSE,FALSE,FALSE
89,"Allerton Playground",7,8,16,TRUE,TRUE,"uniform",FALSE,FALSE,FALSE,FALSE
90,"Webster Playground",1,8,16,TRUE,TRUE,"uniform",FALSE,FALSE,FALSE,FALSE
90,"Webster Playground",2,8,16,TRUE,TRUE,"uniform",FALSE,FALSE,FALSE,FALSE
90,"Webster Playground",3,8,16,TRUE,TRUE,"uniform",FALSE,FALSE,FALSE,FALSE
90,"Webster Playground",4,8,16,TRUE,TRUE,"uniform",FALSE,FALSE,FALSE,FALSE
90,"Webster Playground",5,8,16,TRUE,TRUE,"uniform",FALSE,FALSE,FALSE,FALSE
90,"Webster Playground",6,8,16,TRUE,TRUE,"uniform",FALSE,FALSE,FALSE,FALSE
90,"Webster Playground",7,8,16,TRUE,TRUE,"uniform",FALSE,FALSE,FALSE,FALSE
91,"Riverbend Playground",1,8,16,TRUE,TRUE,"uniform",FALSE,FALSE,FALSE,FALSE
91,"Riverbend Playground",2,8,16,TRUE,TRUE,"uniform",FALSE,FALSE,FALSE,FALSE
91,"Riverbend Playground",3,8,16,TRUE,TRUE,"uniform",FALSE,FALSE,FALSE,FALSE
91,"Riverbend Playground",4,8,16,TRUE,TRUE,"uniform",FALSE,FALSE,FALSE,FALSE
91,"Riverbend Playground",5,8,16,TRUE,TRUE,"uniform",FALSE,FALSE,FALSE,FALSE
91,"Riverbend Playground",6,8,16,TRUE,TRUE,"uniform",FALSE,FALSE,FALSE,FALSE
91,"Riverbend Playground",7,8,16,TRUE,TRUE,"uniform",FALSE,FALSE,FALSE,FALSE
92,"Taylor Playground",1,8,16,TRUE,TRUE,"uniform",FALSE,FALSE,FALSE,FALSE
92,"Taylor Playground",2,8,16,TRUE,TRUE,"uniform",FALSE,FALSE,FALSE,FALSE
92,"Taylor Playground",3,8,16,TRUE,TRUE,"uniform",FALSE,FALSE,FALSE,FALSE
92,"Taylor Playground",4,8,16,TRUE,TRUE,"uniform",FALSE,FALSE,FALSE,FALSE
92,"Taylor Playground",5,8,16,TRUE,TRUE,"uniform",FALSE,FALSE,FALSE,FALSE
92,"Taylor Playground",6,8,16,TRUE,TRUE,"uniform",FALSE,FALSE,FALSE,FALSE
92,"Taylor Playground",7,8,16,TRUE,TRUE,"uniform",FALSE,FALSE,FALSE,FALSE
93,"Castle Hill Playground",1,8,16,TRUE,TRUE,"uniform",FALSE,FALSE,FALSE,FALSE
93,"Castle Hill Playground",2,8,16,TRUE,TRUE,"uniform",FALSE,FALSE,FALSE,FALSE
93,"Castle Hill Playground",3,8,16,TRUE,TRUE,"uniform",FALSE,FALSE,FALSE,FALSE
93,"Castle Hill Playground",4,8,16,TRUE,TRUE,"uniform",FALSE,FALSE,FALSE,FALSE
93,"Castle Hill Playground",5,8,16,TRUE,TRUE,"uniform",FALSE,FALSE,FALSE,FALSE
93,"Castle Hill Playground",6,8,16,TRUE,TRUE,"uniform",FALSE,FALSE,FALSE,FALSE
93,"Castle Hill Playground",7,8,16,TRUE,TRUE,"uniform",FALSE,FALSE,FALSE,FALSE
94,"Matthews Muliner Playground",1,8,16,TRUE,TRUE,"uniform",FALSE,FALSE,FALSE,FALSE
94,"Matthews Muliner Playground",2,8,16,TRUE,TRUE,"uniform",FALSE,FALSE,FALSE,FALSE
94,"Matthews Muliner Playground",3,8,16,TRUE,TRUE,"uniform",FALSE,FALSE,FALSE,FALSE
94,"Matthews Muliner Playground",4,8,16,TRUE,TRUE,"uniform",FALSE,FALSE,FALSE,FALSE
94,"Matthews Muliner Playground",5,8,16,TRUE,TRUE,"uniform",FALSE,FALSE,FALSE,FALSE
94,"Matthews Muliner Playground",6,8,16,TRUE,TRUE,"uniform",FALSE,FALSE,FALSE,FALSE
94,"Matthews Muliner Playground",7,8,16,TRUE,TRUE,"uniform",FALSE,FALSE,FALSE,FALSE
95,"Millbrook Playground",1,8,16,TRUE,TRUE,"uniform",FALSE,FALSE,FALSE,FALSE
95,"Millbrook Playground",2,8,16,TRUE,TRUE,"uniform",FALSE,FALSE,FALSE,FALSE
95,"Millbrook Playground",3,8,16,TRUE,TRUE,"uniform",FALSE,FALSE,FALSE,FALSE
95,"Millbrook Playground",4,8,16,TRUE,TRUE,"uniform",FALSE,FALSE,FALSE,FALSE
95,"Millbrook Playground",5,8,16,TRUE,TRUE,"uniform",FALSE,FALSE,FALSE,FALSE
95,"Millbrook Playground",6,8,16,TRUE,TRUE,"uniform",FALSE,FALSE,FALSE,FALSE
95,"Millbrook Playground",7,8,16,TRUE,TRUE,"uniform",FALSE,FALSE,FALSE,FALSE
96,"Angelo Campanaro Playground",1,8,16,TRUE,TRUE,"uniform",FALSE,FALSE,FALSE,FALSE
96,"Angelo Campanaro Playground",2,8,16,TRUE,TRUE,"uniform",FALSE,FALSE,FALSE,FALSE
96,"Angelo Campanaro Playground",3,8,16,TRUE,TRUE,"uniform",FALSE,FALSE,FALSE,FALSE
96,"Angelo Campanaro Playground",4,8,16,TRUE,TRUE,"uniform",FALSE,FALSE,FALSE,FALSE
96,"Angelo Campanaro Playground",5,8,16,TRUE,TRUE,"uniform",FALSE,FALSE,FALSE,FALSE
96,"Angelo Campanaro Playground",6,8,16,TRUE,TRUE,"uniform",FALSE,FALSE,FALSE,FALSE
96,"Angelo Campanaro Playground",7,8,16,TRUE,TRUE,"uniform",FALSE,FALSE,FALSE,FALSE
97,"Wakefield Playground",1,8,16,TRUE,TRUE,"uniform",FALSE,FALSE,FALSE,FALSE
97,"Wakefield Playground",2,8,16,TRUE,TRUE,"uniform",FALSE,FALSE,FALSE,FALSE
97,"Wakefield Playground",3,8,16,TRUE,TRUE,"uniform",FALSE,FALSE,FALSE,FALSE
97,"Wakefield Playground",4,8,16,TRUE,TRUE,"uniform",FALSE,FALSE,FALSE,FALSE
97,"Wakefield Playground",5,8,16,TRUE,TRUE,"uniform",FALSE,FALSE,FALSE,FALSE
97,"Wakefield Playground",6,8,16,TRUE,TRUE,"uniform",FALSE,FALSE,FALSE,FALSE
97,"Wakefield Playground",7,8,16,TRUE,TRUE,"uniform",FALSE,FALSE,FALSE,FALSE
98,"Tiffany Playground",1,8,16,TRUE,TRUE,"uniform",FALSE,FALSE,FALSE,FALSE
98,"Tiffany Playground",2,8,16,TRUE,TRUE,"uniform",FALSE,FALSE,FALSE,FALSE
98,"Tiffany Playground",3,8,16,TRUE,TRUE,"uniform",FALSE,FALSE,FALSE,FALSE
98,"Tiffany Playground",4,8,16,TRUE,TRUE,"uniform",FALSE,FALSE,FALSE,FALSE
98,"Tiffany Playground",5,8,16,TRUE,TRUE,"uniform",FALSE,FALSE,FALSE,FALSE
98,"Tiffany Playground",6,8,16,TRUE,TRUE,"uniform",FALSE,FALSE,FALSE,FALSE
98,"Tiffany Playground",7,8,16,TRUE,TRUE,"uniform",FALSE,FALSE,FALSE,FALSE
99,"Stars & Stripes Playground",1,8,16,TRUE,TRUE,"uniform",FALSE,FALSE,FALSE,FALSE
99,"Stars & Stripes Playground",2,8,16,TRUE,TRUE,"uniform",FALSE,FALSE,FALSE,FALSE
99,"Stars & Stripes Playground",3,8,16,TRUE,TRUE,"uniform",FALSE,FALSE,FALSE,FALSE
99,"Stars & Stripes Playground",4,8,16,TRUE,TRUE,"uniform",FALSE,FALSE,FALSE,FALSE
99,"Stars & Stripes Playground",5,8,16,TRUE,TRUE,"uniform",FALSE,FALSE,FALSE,FALSE
99,"Stars & Stripes Playground",6,8,16,TRUE,TRUE,"uniform",FALSE,FALSE,FALSE,FALSE
99,"Stars & Stripes Playground",7,8,16,TRUE,TRUE,"uniform",FALSE,FALSE,FALSE,FALSE
100,"Captain Rivera Playground",1,8,16,TRUE,TRUE,"uniform",FALSE,FALSE,FALSE,FALSE
100,"Captain Rivera Playground",2,8,16,TRUE,TRUE,"uniform",FALSE,FALSE,FALSE,FALSE
100,"Captain Rivera Playground",3,8,16,TRUE,TRUE,"uniform",FALSE,FALSE,FALSE,FALSE
100,"Captain Rivera Playground",4,8,16,TRUE,TRUE,"uniform",FALSE,FALSE,FALSE,FALSE
100,"Captain Rivera Playground",5,8,16,TRUE,TRUE,"uniform",FALSE,FALSE,FALSE,FALSE
100,"Captain Rivera Playground",6,8,16,TRUE,TRUE,"uniform",FALSE,FALSE,FALSE,FALSE
100,"Captain Rivera Playground",7,8,16,TRUE,TRUE,"uniform",FALSE,FALSE,FALSE,FALSE
101,"Haffen Park Playground",1,8,16,TRUE,TRUE,"uniform",FALSE,FALSE,FALSE,FALSE
101,"Haffen Park Playground",2,8,16,TRUE,TRUE,"uniform",FALSE,FALSE,FALSE,FALSE
101,"Haffen Park Playground",3,8,16,TRUE,TRUE,"uniform",FALSE,FALSE,FALSE,FALSE
101,"Haffen Park Playground",4,8,16,TRUE,TRUE,"uniform",FALSE,FALSE,FALSE,FALSE
101,"Haffen Park Playground",5,8,16,TRUE,TRUE,"uniform",FALSE,FALSE,FALSE,FALSE
101,"Haffen Park Playground",6,8,16,TRUE,TRUE,"uniform",FALSE,FALSE,FALSE,FALSE
101,"Haffen Park Playground",7,8,16,TRUE,TRUE,"uniform",FALSE,FALSE,FALSE,FALSE
102,"Mosholu Playground",1,8,16,TRUE,TRUE,"uniform",FALSE,FALSE,FALSE,FALSE
102,"Mosholu Playground",2,8,16,TRUE,TRUE,"uniform",FALSE,FALSE,FALSE,FALSE
102,"Mosholu Playground",3,8,16,TRUE,TRUE,"uniform",FALSE,FALSE,FALSE,FALSE
102,"Mosholu Playground",4,8,16,TRUE,TRUE,"uniform",FALSE,FALSE,FALSE,FALSE
102,"Mosholu Playground",5,8,16,TRUE,TRUE,"uniform",FALSE,FALSE,FALSE,FALSE
102,"Mosholu Playground",6,8,16,TRUE,TRUE,"uniform",FALSE,FALSE,FALSE,FALSE
102,"Mosholu Playground",7,8,16,TRUE,TRUE,"uniform",FALSE,FALSE,FALSE,FALSE
103,"Clark Playground",1,8,16,TRUE,TRUE,"uniform",FALSE,FALSE,FALSE,FALSE
103,"Clark Playground",2,8,16,TRUE,TRUE,"uniform",FALSE,FALSE,FALSE,FALSE
103,"Clark Playground",3,8,16,TRUE,TRUE,"uniform",FALSE,FALSE,FALSE,FALSE
103,"Clark Playground",4,8,16,TRUE,TRUE,"uniform",FALSE,FALSE,FALSE,FALSE
103,"Clark Playground",5,8,16,TRUE,TRUE,"uniform",FALSE,FALSE,FALSE,FALSE
103,"Clark Playground",6,8,16,TRUE,TRUE,"uniform",FALSE,FALSE,FALSE,FALSE
103,"Clark Playground",7,8,16,TRUE,TRUE,"uniform",FALSE,FALSE,FALSE,FALSE
104,"Seton Park Playground",1,8,16,TRUE,TRUE,"uniform",FALSE,FALSE,FALSE,FALSE
104,"Seton Park Playground",2,8,16,TRUE,TRUE,"uniform",FALSE,FALSE,FALSE,FALSE
104,"Seton Park Playground",3,8,16,TRUE,TRUE,"uniform",FALSE,FALSE,FALSE,FALSE
104,"Seton Park Playground",4,8,16,TRUE,TRUE,"uniform",FALSE,FALSE,FALSE,FALSE
104,"Seton Park Playground",5,8,16,TRUE,TRUE,"uniform",FALSE,FALSE,FALSE,FALSE
104,"Seton Park Playground",6,8,16,TRUE,TRUE,"uniform",FALSE,FALSE,FALSE,FALSE
104,"Seton Park Playground",7,8,16,TRUE,TRUE,"uniform",FALSE,FALSE,FALSE,FALSE
105,"Marble Hill Playground",1,8,16,TRUE,TRUE,"uniform",FALSE,FALSE,FALSE,FALSE
105,"Marble Hill Playground",2,8,16,TRUE,TRUE,"uniform",FALSE,FALSE,FALSE,FALSE
105,"Marble Hill Playground",3,8,16,TRUE,TRUE,"uniform",FALSE,FALSE,FALSE,FALSE
105,"Marble Hill Playground",4,8,16,TRUE,TRUE,"uniform",FALSE,FALSE,FALSE,FALSE
105,"Marble Hill Playground",5,8,16,TRUE,TRUE,"uniform",FALSE,FALSE,FALSE,FALSE
105,"Marble Hill Playground",6,8,16,TRUE,TRUE,"uniform",FALSE,FALSE,FALSE,FALSE
105,"Marble Hill Playground",7,8,16,TRUE,TRUE,"uniform",FALSE,FALSE,FALSE,FALSE
106,"Randall Playground",1,8,16,TRUE,TRUE,"uniform",FALSE,FALSE,FALSE,FALSE
106,"Randall Playground",2,8,16,TRUE,TRUE,"uniform",FALSE,FALSE,FALSE,FALSE
106,"Randall Playground",3,8,16,TRUE,TRUE,"uniform",FALSE,FALSE,FALSE,FALSE
106,"Randall Playground",4,8,16,TRUE,TRUE,"uniform",FALSE,FALSE,FALSE,FALSE
106,"Randall Playground",5,8,16,TRUE,TRUE,"uniform",FALSE,FALSE,FALSE,FALSE
106,"Randall Playground",6,8,16,TRUE,TRUE,"uniform",FALSE,FALSE,FALSE,FALSE
106,"Randall Playground",7,8,16,TRUE,TRUE,"uniform",FALSE,FALSE,FALSE,FALSE
107,"Story Playground",1,,,,FALSE,"blank",,,FALSE,
107,"Story Playground",2,,,,FALSE,"blank",,,FALSE,
107,"Story Playground",3,,,,FALSE,"blank",,,FALSE,
107,"Story Playground",4,,,,FALSE,"blank",,,FALSE,
107,"Story Playground",5,,,,FALSE,"blank",,,FALSE,
107,"Story Playground",6,,,,FALSE,"blank",,,FALSE,
107,"Story Playground",7,,,,FALSE,"blank",,,FALSE,
108,"Magenta Playground",1,,,,FALSE,"blank",,,FALSE,
108,"Magenta Playground",2,,,,FALSE,"blank",,,FALSE,
108,"Magenta Playground",3,,,,FALSE,"blank",,,FALSE,
108,"Magenta Playground",4,,,,FALSE,"blank",,,FALSE,
108,"Magenta Playground",5,,,,FALSE,"blank",,,FALSE,
108,"Magenta Playground",6,,,,FALSE,"blank",,,FALSE,
108,"Magenta Playground",7,,,,FALSE,"blank",,,FALSE,
109,"Abigail Playground",1,8,16,TRUE,TRUE,"uniform",FALSE,FALSE,FALSE,FALSE
109,"Abigail Playground",2,8,16,TRUE,TRUE,"uniform",FALSE,FALSE,FALSE,FALSE
109,"Abigail Playground",3,8,16,TRUE,TRUE,"uniform",FALSE,FALSE,FALSE,FALSE
109,"Abigail Playground",4,8,16,TRUE,TRUE,"uniform",FALSE,FALSE,FALSE,FALSE
109,"Abigail Playground",5,8,16,TRUE,TRUE,"uniform",FALSE,FALSE,FALSE,FALSE
109,"Abigail Playground",6,8,16,TRUE,TRUE,"uniform",FALSE,FALSE,FALSE,FALSE
109,"Abigail Playground",7,8,16,TRUE,TRUE,"uniform",FALSE,FALSE,FALSE,FALSE
110,"Willis Playground",1,8,16,TRUE,TRUE,"uniform",FALSE,FALSE,FALSE,FALSE
110,"Willis Playground",2,8,16,TRUE,TRUE,"uniform",FALSE,FALSE,FALSE,FALSE
110,"Willis Playground",3,8,16,TRUE,TRUE,"uniform",FALSE,FALSE,FALSE,FALSE
110,"Willis Playground",4,8,16,TRUE,TRUE,"uniform",FALSE,FALSE,FALSE,FALSE
110,"Willis Playground",5,8,16,TRUE,TRUE,"uniform",FALSE,FALSE,FALSE,FALSE
110,"Willis Playground",6,8,16,TRUE,TRUE,"uniform",FALSE,FALSE,FALSE,FALSE
110,"Willis Playground",7,8,16,TRUE,TRUE,"uniform",FALSE,FALSE,FALSE,FALSE
111,"Arcilla Playground",1,8,16,TRUE,TRUE,"uniform",FALSE,FALSE,FALSE,FALSE
111,"Arcilla Playground",2,8,16,TRUE,TRUE,"uniform",FALSE,FALSE,FALSE,FALSE
111,"Arcilla Playground",3,8,16,TRUE,TRUE,"uniform",FALSE,FALSE,FALSE,FALSE
111,"Arcilla Playground",4,8,16,TRUE,TRUE,"uniform",FALSE,FALSE,FALSE,FALSE
111,"Arcilla Playground",5,8,16,TRUE,TRUE,"uniform",FALSE,FALSE,FALSE,FALSE
111,"Arcilla Playground",6,8,16,TRUE,TRUE,"uniform",FALSE,FALSE,FALSE,FALSE
111,"Arcilla Playground",7,8,16,TRUE,TRUE,"uniform",FALSE,FALSE,FALSE,FALSE
112,"Space Time Playground",1,8,16,TRUE,TRUE,"uniform",FALSE,FALSE,FALSE,FALSE
112,"Space Time Playground",2,8,16,TRUE,TRUE,"uniform",FALSE,FALSE,FALSE,FALSE
112,"Space Time Playground",3,8,16,TRUE,TRUE,"uniform",FALSE,FALSE,FALSE,FALSE
112,"Space Time Playground",4,8,16,TRUE,TRUE,"uniform",FALSE,FALSE,FALSE,FALSE
112,"Space Time Playground",5,8,16,TRUE,TRUE,"uniform",FALSE,FALSE,FALSE,FALSE
112,"Space Time Playground",6,8,16,TRUE,TRUE,"uniform",FALSE,FALSE,FALSE,FALSE
112,"Space Time Playground",7,8,16,TRUE,TRUE,"uniform",FALSE,FALSE,FALSE,FALSE
113,"Gouverneur Playground",1,8,16,TRUE,TRUE,"uniform",FALSE,FALSE,FALSE,FALSE
113,"Gouverneur Playground",2,8,16,TRUE,TRUE,"uniform",FALSE,FALSE,FALSE,FALSE
113,"Gouverneur Playground",3,8,16,TRUE,TRUE,"uniform",FALSE,FALSE,FALSE,FALSE
113,"Gouverneur Playground",4,8,16,TRUE,TRUE,"uniform",FALSE,FALSE,FALSE,FALSE
113,"Gouverneur Playground",5,8,16,TRUE,TRUE,"uniform",FALSE,FALSE,FALSE,FALSE
113,"Gouverneur Playground",6,8,16,TRUE,TRUE,"uniform",FALSE,FALSE,FALSE,FALSE
113,"Gouverneur Playground",7,8,16,TRUE,TRUE,"uniform",FALSE,FALSE,FALSE,FALSE
114,"Burns Playground",1,,,,FALSE,"blank",,,FALSE,
114,"Burns Playground",2,,,,FALSE,"blank",,,FALSE,
114,"Burns Playground",3,,,,FALSE,"blank",,,FALSE,
114,"Burns Playground",4,,,,FALSE,"blank",,,FALSE,
114,"Burns Playground",5,,,,FALSE,"blank",,,FALSE,
114,"Burns Playground",6,,,,FALSE,"blank",,,FALSE,
114,"Burns Playground",7,,,,FALSE,"blank",,,FALSE,
115,"Grove Hill Playground",1,8,16,TRUE,TRUE,"uniform",FALSE,FALSE,FALSE,FALSE
115,"Grove Hill Playground",2,8,16,TRUE,TRUE,"uniform",FALSE,FALSE,FALSE,FALSE
115,"Grove Hill Playground",3,8,16,TRUE,TRUE,"uniform",FALSE,FALSE,FALSE,FALSE
115,"Grove Hill Playground",4,8,16,TRUE,TRUE,"uniform",FALSE,FALSE,FALSE,FALSE
115,"Grove Hill Playground",5,8,16,TRUE,TRUE,"uniform",FALSE,FALSE,FALSE,FALSE
115,"Grove Hill Playground",6,8,16,TRUE,TRUE,"uniform",FALSE,FALSE,FALSE,FALSE
115,"Grove Hill Playground",7,8,16,TRUE,TRUE,"uniform",FALSE,FALSE,FALSE,FALSE
116,"Saw Mill Playground",1,8,16,TRUE,TRUE,"uniform",FALSE,FALSE,FALSE,FALSE
116,"Saw Mill Playground",2,8,16,TRUE,TRUE,"uniform",FALSE,FALSE,FALSE,FALSE
116,"Saw Mill Playground",3,8,16,TRUE,TRUE,"uniform",FALSE,FALSE,FALSE,FALSE
116,"Saw Mill Playground",4,8,16,TRUE,TRUE,"uniform",FALSE,FALSE,FALSE,FALSE
116,"Saw Mill Playground",5,8,16,TRUE,TRUE,"uniform",FALSE,FALSE,FALSE,FALSE
116,"Saw Mill Playground",6,8,16,TRUE,TRUE,"uniform",FALSE,FALSE,FALSE,FALSE
116,"Saw Mill Playground",7,8,16,TRUE,TRUE,"uniform",FALSE,FALSE,FALSE,FALSE
117,"Fox Park",1,8,16,TRUE,TRUE,"uniform",FALSE,FALSE,FALSE,FALSE
117,"Fox Park",2,8,16,TRUE,TRUE,"uniform",FALSE,FALSE,FALSE,FALSE
117,"Fox Park",3,8,16,TRUE,TRUE,"uniform",FALSE,FALSE,FALSE,FALSE
117,"Fox Park",4,8,16,TRUE,TRUE,"uniform",FALSE,FALSE,FALSE,FALSE
117,"Fox Park",5,8,16,TRUE,TRUE,"uniform",FALSE,FALSE,FALSE,FALSE
117,"Fox Park",6,8,16,TRUE,TRUE,"uniform",FALSE,FALSE,FALSE,FALSE
117,"Fox Park",7,8,16,TRUE,TRUE,"uniform",FALSE,FALSE,FALSE,FALSE
118,"Bill Rainey Park",1,8,16,TRUE,TRUE,"uniform",FALSE,FALSE,FALSE,FALSE
118,"Bill Rainey Park",2,8,16,TRUE,TRUE,"uniform",FALSE,FALSE,FALSE,FALSE
118,"Bill Rainey Park",3,8,16,TRUE,TRUE,"uniform",FALSE,FALSE,FALSE,FALSE
118,"Bill Rainey Park",4,8,16,TRUE,TRUE,"uniform",FALSE,FALSE,FALSE,FALSE
118,"Bill Rainey Park",5,8,16,TRUE,TRUE,"uniform",FALSE,FALSE,FALSE,FALSE
118,"Bill Rainey Park",6,8,16,TRUE,TRUE,"uniform",FALSE,FALSE,FALSE,FALSE
118,"Bill Rainey Park",7,8,16,TRUE,TRUE,"uniform",FALSE,FALSE,FALSE,FALSE
119,"Quarry Ballfields",1,8,16,TRUE,TRUE,"uniform",FALSE,FALSE,FALSE,FALSE
119,"Quarry Ballfields",2,8,16,TRUE,TRUE,"uniform",FALSE,FALSE,FALSE,FALSE
119,"Quarry Ballfields",3,8,16,TRUE,TRUE,"uniform",FALSE,FALSE,FALSE,FALSE
119,"Quarry Ballfields",4,8,16,TRUE,TRUE,"uniform",FALSE,FALSE,FALSE,FALSE
119,"Quarry Ballfields",5,8,16,TRUE,TRUE,"uniform",FALSE,FALSE,FALSE,FALSE
119,"Quarry Ballfields",6,8,16,TRUE,TRUE,"uniform",FALSE,FALSE,FALSE,FALSE
119,"Quarry Ballfields",7,8,16,TRUE,TRUE,"uniform",FALSE,FALSE,FALSE,FALSE
120,"Vidalia Park",1,8,16,TRUE,TRUE,"uniform",FALSE,FALSE,FALSE,FALSE
120,"Vidalia Park",2,8,16,TRUE,TRUE,"uniform",FALSE,FALSE,FALSE,FALSE
120,"Vidalia Park",3,8,16,TRUE,TRUE,"uniform",FALSE,FALSE,FALSE,FALSE
120,"Vidalia Park",4,8,16,TRUE,TRUE,"uniform",FALSE,FALSE,FALSE,FALSE
120,"Vidalia Park",5,8,16,TRUE,TRUE,"uniform",FALSE,FALSE,FALSE,FALSE
120,"Vidalia Park",6,8,16,TRUE,TRUE,"uniform",FALSE,FALSE,FALSE,FALSE
120,"Vidalia Park",7,8,16,TRUE,TRUE,"uniform",FALSE,FALSE,FALSE,FALSE
121,"Barretto Point Park",1,8,16,TRUE,TRUE,"uniform",FALSE,FALSE,FALSE,FALSE
121,"Barretto Point Park",2,8,16,TRUE,TRUE,"uniform",FALSE,FALSE,FALSE,FALSE
121,"Barretto Point Park",3,8,16,TRUE,TRUE,"uniform",FALSE,FALSE,FALSE,FALSE
121,"Barretto Point Park",4,8,16,TRUE,TRUE,"uniform",FALSE,FALSE,FALSE,FALSE
121,"Barretto Point Park",5,8,16,TRUE,TRUE,"uniform",FALSE,FALSE,FALSE,FALSE
121,"Barretto Point Park",6,8,16,TRUE,TRUE,"uniform",FALSE,FALSE,FALSE,FALSE
121,"Barretto Point Park",7,8,16,TRUE,TRUE,"uniform",FALSE,FALSE,FALSE,FALSE
122,"Mill Pond Park",1,8,16,TRUE,TRUE,"uniform",FALSE,FALSE,FALSE,FALSE
122,"Mill Pond Park",2,8,16,TRUE,TRUE,"uniform",FALSE,FALSE,FALSE,FALSE
122,"Mill Pond Park",3,8,16,TRUE,TRUE,"uniform",FALSE,FALSE,FALSE,FALSE
122,"Mill Pond Park",4,8,16,TRUE,TRUE,"uniform",FALSE,FALSE,FALSE,FALSE
122,"Mill Pond Park",5,8,16,TRUE,TRUE,"uniform",FALSE,FALSE,FALSE,FALSE
122,"Mill Pond Park",6,8,16,TRUE,TRUE,"uniform",FALSE,FALSE,FALSE,FALSE
122,"Mill Pond Park",7,8,16,TRUE,TRUE,"uniform",FALSE,FALSE,FALSE,FALSE
123,"Yolanda García Park",1,8,16,TRUE,TRUE,"uniform",FALSE,FALSE,FALSE,FALSE
123,"Yolanda García Park",2,8,16,TRUE,TRUE,"uniform",FALSE,FALSE,FALSE,FALSE
123,"Yolanda García Park",3,8,16,TRUE,TRUE,"uniform",FALSE,FALSE,FALSE,FALSE
123,"Yolanda García Park",4,8,16,TRUE,TRUE,"uniform",FALSE,FALSE,FALSE,FALSE
123,"Yolanda García Park",5,8,16,TRUE,TRUE,"uniform",FALSE,FALSE,FALSE,FALSE
123,"Yolanda García Park",6,8,16,TRUE,TRUE,"uniform",FALSE,FALSE,FALSE,FALSE
123,"Yolanda García Park",7,8,16,TRUE,TRUE,"uniform",FALSE,FALSE,FALSE,FALSE
124,"American Playground",1,8,16,TRUE,TRUE,"uniform",FALSE,FALSE,FALSE,FALSE
124,"American Playground",2,8,16,TRUE,TRUE,"uniform",FALSE,FALSE,FALSE,FALSE
124,"American Playground",3,8,16,TRUE,TRUE,"uniform",FALSE,FALSE,FALSE,FALSE
124,"American Playground",4,8,16,TRUE,TRUE,"uniform",FALSE,FALSE,FALSE,FALSE
124,"American Playground",5,8,16,TRUE,TRUE,"uniform",FALSE,FALSE,FALSE,FALSE
124,"American Playground",6,8,16,TRUE,TRUE,"uniform",FALSE,FALSE,FALSE,FALSE
124,"American Playground",7,8,16,TRUE,TRUE,"uniform",FALSE,FALSE,FALSE,FALSE
125,"Bensonhurst Park",1,8,16,TRUE,TRUE,"uniform",FALSE,FALSE,FALSE,FALSE
125,"Bensonhurst Park",2,8,16,TRUE,TRUE,"uniform",FALSE,FALSE,FALSE,FALSE
125,"Bensonhurst Park",3,8,16,TRUE,TRUE,"uniform",FALSE,FALSE,FALSE,FALSE
125,"Bensonhurst Park",4,8,16,TRUE,TRUE,"uniform",FALSE,FALSE,FALSE,FALSE
125,"Bensonhurst Park",5,8,16,TRUE,TRUE,"uniform",FALSE,FALSE,FALSE,FALSE
125,"Bensonhurst Park",6,8,16,TRUE,TRUE,"uniform",FALSE,FALSE,FALSE,FALSE
125,"Bensonhurst Park",7,8,16,TRUE,TRUE,"uniform",FALSE,FALSE,FALSE,FALSE
126,"Betsy Head Park",1,8,16,TRUE,TRUE,"uniform",FALSE,FALSE,FALSE,FALSE
126,"Betsy Head Park",2,8,16,TRUE,TRUE,"uniform",FALSE,FALSE,FALSE,FALSE
126,"Betsy Head Park",3,8,16,TRUE,TRUE,"uniform",FALSE,FALSE,FALSE,FALSE
126,"Betsy Head Park",4,8,16,TRUE,TRUE,"uniform",FALSE,FALSE,FALSE,FALSE
126,"Betsy Head Park",5,8,16,TRUE,TRUE,"uniform",FALSE,FALSE,FALSE,FALSE
126,"Betsy Head Park",6,8,16,TRUE,TRUE,"uniform",FALSE,FALSE,FALSE,FALSE
126,"Betsy Head Park",7,8,16,TRUE,TRUE,"uniform",FALSE,FALSE,FALSE,FALSE
127,"Imagination Playground at Betsy Head",1,8,16,TRUE,TRUE,"uniform",FALSE,FALSE,FALSE,FALSE
127,"Imagination Playground at Betsy Head",2,8,16,TRUE,TRUE,"uniform",FALSE,FALSE,FALSE,FALSE
127,"Imagination Playground at Betsy Head",3,8,16,TRUE,TRUE,"uniform",FALSE,FALSE,FALSE,FALSE
127,"Imagination Playground at Betsy Head",4,8,16,TRUE,TRUE,"uniform",FALSE,FALSE,FALSE,FALSE
127,"Imagination Playground at Betsy Head",5,8,16,TRUE,TRUE,"uniform",FALSE,FALSE,FALSE,FALSE
127,"Imagination Playground at Betsy Head",6,8,16,TRUE,TRUE,"uniform",FALSE,FALSE,FALSE,FALSE
127,"Imagination Playground at Betsy Head",7,8,16,TRUE,TRUE,"uniform",FALSE,FALSE,FALSE,FALSE
128,"Brower Park",1,8,16,TRUE,TRUE,"uniform",FALSE,FALSE,FALSE,FALSE
128,"Brower Park",2,8,16,TRUE,TRUE,"uniform",FALSE,FALSE,FALSE,FALSE
128,"Brower Park",3,8,16,TRUE,TRUE,"uniform",FALSE,FALSE,FALSE,FALSE
128,"Brower Park",4,8,16,TRUE,TRUE,"uniform",FALSE,FALSE,FALSE,FALSE
128,"Brower Park",5,8,16,TRUE,TRUE,"uniform",FALSE,FALSE,FALSE,FALSE
128,"Brower Park",6,8,16,TRUE,TRUE,"uniform",FALSE,FALSE,FALSE,FALSE
128,"Brower Park",7,8,16,TRUE,TRUE,"uniform",FALSE,FALSE,FALSE,FALSE
129,"Maria Hernandez Park",1,8,16,TRUE,TRUE,"uniform",FALSE,FALSE,FALSE,FALSE
129,"Maria Hernandez Park",2,8,16,TRUE,TRUE,"uniform",FALSE,FALSE,FALSE,FALSE
129,"Maria Hernandez Park",3,8,16,TRUE,TRUE,"uniform",FALSE,FALSE,FALSE,FALSE
129,"Maria Hernandez Park",4,8,16,TRUE,TRUE,"uniform",FALSE,FALSE,FALSE,FALSE
129,"Maria Hernandez Park",5,8,16,TRUE,TRUE,"uniform",FALSE,FALSE,FALSE,FALSE
129,"Maria Hernandez Park",6,8,16,TRUE,TRUE,"uniform",FALSE,FALSE,FALSE,FALSE
129,"Maria Hernandez Park",7,8,16,TRUE,TRUE,"uniform",FALSE,FALSE,FALSE,FALSE
130,"Bowne Playground",1,8,16,TRUE,TRUE,"uniform",FALSE,FALSE,FALSE,FALSE
130,"Bowne Playground",2,8,16,TRUE,TRUE,"uniform",FALSE,FALSE,FALSE,FALSE
130,"Bowne Playground",3,8,16,TRUE,TRUE,"uniform",FALSE,FALSE,FALSE,FALSE
130,"Bowne Playground",4,8,16,TRUE,TRUE,"uniform",FALSE,FALSE,FALSE,FALSE
130,"Bowne Playground",5,8,16,TRUE,TRUE,"uniform",FALSE,FALSE,FALSE,FALSE
130,"Bowne Playground",6,8,16,TRUE,TRUE,"uniform",FALSE,FALSE,FALSE,FALSE
130,"Bowne Playground",7,8,16,TRUE,TRUE,"uniform",FALSE,FALSE,FALSE,FALSE
131,"Canarsie Park Zone 1",1,8,16,TRUE,TRUE,"uniform",FALSE,FALSE,FALSE,FALSE
131,"Canarsie Park Zone 1",2,8,16,TRUE,TRUE,"uniform",FALSE,FALSE,FALSE,FALSE
131,"Canarsie Park Zone 1",3,8,16,TRUE,TRUE,"uniform",FALSE,FALSE,FALSE,FALSE
131,"Canarsie Park Zone 1",4,8,16,TRUE,TRUE,"uniform",FALSE,FALSE,FALSE,FALSE
131,"Canarsie Park Zone 1",5,8,16,TRUE,TRUE,"uniform",FALSE,FALSE,FALSE,FALSE
131,"Canarsie Park Zone 1",6,8,16,TRUE,TRUE,"uniform",FALSE,FALSE,FALSE,FALSE
131,"Canarsie Park Zone 1",7,8,16,TRUE,TRUE,"uniform",FALSE,FALSE,FALSE,FALSE
132,"Canarsie Park Zone 5",1,8,16,TRUE,TRUE,"uniform",FALSE,FALSE,FALSE,FALSE
132,"Canarsie Park Zone 5",2,8,16,TRUE,TRUE,"uniform",FALSE,FALSE,FALSE,FALSE
132,"Canarsie Park Zone 5",3,8,16,TRUE,TRUE,"uniform",FALSE,FALSE,FALSE,FALSE
132,"Canarsie Park Zone 5",4,8,16,TRUE,TRUE,"uniform",FALSE,FALSE,FALSE,FALSE
132,"Canarsie Park Zone 5",5,8,16,TRUE,TRUE,"uniform",FALSE,FALSE,FALSE,FALSE
132,"Canarsie Park Zone 5",6,8,16,TRUE,TRUE,"uniform",FALSE,FALSE,FALSE,FALSE
132,"Canarsie Park Zone 5",7,8,16,TRUE,TRUE,"uniform",FALSE,FALSE,FALSE,FALSE
133,"Carroll Park",1,8,16,TRUE,TRUE,"uniform",FALSE,FALSE,FALSE,FALSE
133,"Carroll Park",2,8,16,TRUE,TRUE,"uniform",FALSE,FALSE,FALSE,FALSE
133,"Carroll Park",3,8,16,TRUE,TRUE,"uniform",FALSE,FALSE,FALSE,FALSE
133,"Carroll Park",4,8,16,TRUE,TRUE,"uniform",FALSE,FALSE,FALSE,FALSE
133,"Carroll Park",5,8,16,TRUE,TRUE,"uniform",FALSE,FALSE,FALSE,FALSE
133,"Carroll Park",6,8,16,TRUE,TRUE,"uniform",FALSE,FALSE,FALSE,FALSE
133,"Carroll Park",7,8,16,TRUE,TRUE,"uniform",FALSE,FALSE,FALSE,FALSE
134,"Commodore Barry Park",1,8,16,TRUE,TRUE,"uniform",FALSE,FALSE,FALSE,FALSE
134,"Commodore Barry Park",2,8,16,TRUE,TRUE,"uniform",FALSE,FALSE,FALSE,FALSE
134,"Commodore Barry Park",3,8,16,TRUE,TRUE,"uniform",FALSE,FALSE,FALSE,FALSE
134,"Commodore Barry Park",4,8,16,TRUE,TRUE,"uniform",FALSE,FALSE,FALSE,FALSE
134,"Commodore Barry Park",5,8,16,TRUE,TRUE,"uniform",FALSE,FALSE,FALSE,FALSE
134,"Commodore Barry Park",6,8,16,TRUE,TRUE,"uniform",FALSE,FALSE,FALSE,FALSE
134,"Commodore Barry Park",7,8,16,TRUE,TRUE,"uniform",FALSE,FALSE,FALSE,FALSE
135,"Carnegie Playground",1,,,,FALSE,"blank",,,FALSE,
135,"Carnegie Playground",2,,,,FALSE,"blank",,,FALSE,
135,"Carnegie Playground",3,,,,FALSE,"blank",,,FALSE,
135,"Carnegie Playground",4,,,,FALSE,"blank",,,FALSE,
135,"Carnegie Playground",5,,,,FALSE,"blank",,,FALSE,
135,"Carnegie Playground",6,,,,FALSE,"blank",,,FALSE,
135,"Carnegie Playground",7,,,,FALSE,"blank",,,FALSE,
136,"Dyker Playground",1,8,16,TRUE,TRUE,"uniform",FALSE,FALSE,FALSE,FALSE
136,"Dyker Playground",2,8,16,TRUE,TRUE,"uniform",FALSE,FALSE,FALSE,FALSE
136,"Dyker Playground",3,8,16,TRUE,TRUE,"uniform",FALSE,FALSE,FALSE,FALSE
136,"Dyker Playground",4,8,16,TRUE,TRUE,"uniform",FALSE,FALSE,FALSE,FALSE
136,"Dyker Playground",5,8,16,TRUE,TRUE,"uniform",FALSE,FALSE,FALSE,FALSE
136,"Dyker Playground",6,8,16,TRUE,TRUE,"uniform",FALSE,FALSE,FALSE,FALSE
136,"Dyker Playground",7,8,16,TRUE,TRUE,"uniform",FALSE,FALSE,FALSE,FALSE
137,"Dyker Beach Park Zone 1",1,8,16,TRUE,TRUE,"uniform",FALSE,FALSE,FALSE,FALSE
137,"Dyker Beach Park Zone 1",2,8,16,TRUE,TRUE,"uniform",FALSE,FALSE,FALSE,FALSE
137,"Dyker Beach Park Zone 1",3,8,16,TRUE,TRUE,"uniform",FALSE,FALSE,FALSE,FALSE
137,"Dyker Beach Park Zone 1",4,8,16,TRUE,TRUE,"uniform",FALSE,FALSE,FALSE,FALSE
137,"Dyker Beach Park Zone 1",5,8,16,TRUE,TRUE,"uniform",FALSE,FALSE,FALSE,FALSE
137,"Dyker Beach Park Zone 1",6,8,16,TRUE,TRUE,"uniform",FALSE,FALSE,FALSE,FALSE
137,"Dyker Beach Park Zone 1",7,8,16,TRUE,TRUE,"uniform",FALSE,FALSE,FALSE,FALSE
138,"Fort Greene Playground",1,8,16,TRUE,TRUE,"uniform",FALSE,FALSE,FALSE,FALSE
138,"Fort Greene Playground",2,8,16,TRUE,TRUE,"uniform",FALSE,FALSE,FALSE,FALSE
138,"Fort Greene Playground",3,8,16,TRUE,TRUE,"uniform",FALSE,FALSE,FALSE,FALSE
138,"Fort Greene Playground",4,8,16,TRUE,TRUE,"uniform",FALSE,FALSE,FALSE,FALSE
138,"Fort Greene Playground",5,8,16,TRUE,TRUE,"uniform",FALSE,FALSE,FALSE,FALSE
138,"Fort Greene Playground",6,8,16,TRUE,TRUE,"uniform",FALSE,FALSE,FALSE,FALSE
138,"Fort Greene Playground",7,8,16,TRUE,TRUE,"uniform",FALSE,FALSE,FALSE,FALSE
139,"Fort Greene Park Zone 3",1,8,16,TRUE,TRUE,"uniform",FALSE,FALSE,FALSE,FALSE
139,"Fort Greene Park Zone 3",2,8,16,TRUE,TRUE,"uniform",FALSE,FALSE,FALSE,FALSE
139,"Fort Greene Park Zone 3",3,8,16,TRUE,TRUE,"uniform",FALSE,FALSE,FALSE,FALSE
139,"Fort Greene Park Zone 3",4,8,16,TRUE,TRUE,"uniform",FALSE,FALSE,FALSE,FALSE
139,"Fort Greene Park Zone 3",5,8,16,TRUE,TRUE,"uniform",FALSE,FALSE,FALSE,FALSE
139,"Fort Greene Park Zone 3",6,8,16,TRUE,TRUE,"uniform",FALSE,FALSE,FALSE,FALSE
139,"Fort Greene Park Zone 3",7,8,16,TRUE,TRUE,"uniform",FALSE,FALSE,FALSE,FALSE
140,"Fulton Park",1,8,16,TRUE,TRUE,"uniform",FALSE,FALSE,FALSE,FALSE
140,"Fulton Park",2,8,16,TRUE,TRUE,"uniform",FALSE,FALSE,FALSE,FALSE
140,"Fulton Park",3,8,16,TRUE,TRUE,"uniform",FALSE,FALSE,FALSE,FALSE
140,"Fulton Park",4,8,16,TRUE,TRUE,"uniform",FALSE,FALSE,FALSE,FALSE
140,"Fulton Park",5,8,16,TRUE,TRUE,"uniform",FALSE,FALSE,FALSE,FALSE
140,"Fulton Park",6,8,16,TRUE,TRUE,"uniform",FALSE,FALSE,FALSE,FALSE
140,"Fulton Park",7,8,16,TRUE,TRUE,"uniform",FALSE,FALSE,FALSE,FALSE
141,"Gravesend Park",1,8,16,TRUE,TRUE,"uniform",FALSE,FALSE,FALSE,FALSE
141,"Gravesend Park",2,8,16,TRUE,TRUE,"uniform",FALSE,FALSE,FALSE,FALSE
141,"Gravesend Park",3,8,16,TRUE,TRUE,"uniform",FALSE,FALSE,FALSE,FALSE
141,"Gravesend Park",4,8,16,TRUE,TRUE,"uniform",FALSE,FALSE,FALSE,FALSE
141,"Gravesend Park",5,8,16,TRUE,TRUE,"uniform",FALSE,FALSE,FALSE,FALSE
141,"Gravesend Park",6,8,16,TRUE,TRUE,"uniform",FALSE,FALSE,FALSE,FALSE
141,"Gravesend Park",7,8,16,TRUE,TRUE,"uniform",FALSE,FALSE,FALSE,FALSE
142,"Greenpoint Playground",1,8,16,TRUE,TRUE,"uniform",FALSE,FALSE,FALSE,FALSE
142,"Greenpoint Playground",2,8,16,TRUE,TRUE,"uniform",FALSE,FALSE,FALSE,FALSE
142,"Greenpoint Playground",3,8,16,TRUE,TRUE,"uniform",FALSE,FALSE,FALSE,FALSE
142,"Greenpoint Playground",4,8,16,TRUE,TRUE,"uniform",FALSE,FALSE,FALSE,FALSE
142,"Greenpoint Playground",5,8,16,TRUE,TRUE,"uniform",FALSE,FALSE,FALSE,FALSE
142,"Greenpoint Playground",6,8,16,TRUE,TRUE,"uniform",FALSE,FALSE,FALSE,FALSE
142,"Greenpoint Playground",7,8,16,TRUE,TRUE,"uniform",FALSE,FALSE,FALSE,FALSE
143,"Van Voorhees Playground",1,8,16,TRUE,TRUE,"uniform",FALSE,FALSE,FALSE,FALSE
143,"Van Voorhees Playground",2,8,16,TRUE,TRUE,"uniform",FALSE,FALSE,FALSE,FALSE
143,"Van Voorhees Playground",3,8,16,TRUE,TRUE,"uniform",FALSE,FALSE,FALSE,FALSE
143,"Van Voorhees Playground",4,8,16,TRUE,TRUE,"uniform",FALSE,FALSE,FALSE,FALSE
143,"Van Voorhees Playground",5,8,16,TRUE,TRUE,"uniform",FALSE,FALSE,FALSE,FALSE
143,"Van Voorhees Playground",6,8,16,TRUE,TRUE,"uniform",FALSE,FALSE,FALSE,FALSE
143,"Van Voorhees Playground",7,8,16,TRUE,TRUE,"uniform",FALSE,FALSE,FALSE,FALSE
144,"Millennium Playground",1,8,16,TRUE,TRUE,"uniform",FALSE,FALSE,FALSE,FALSE
144,"Millennium Playground",2,8,16,TRUE,TRUE,"uniform",FALSE,FALSE,FALSE,FALSE
144,"Millennium Playground",3,8,16,TRUE,TRUE,"uniform",FALSE,FALSE,FALSE,FALSE
144,"Millennium Playground",4,8,16,TRUE,TRUE,"uniform",FALSE,FALSE,FALSE,FALSE
144,"Millennium Playground",5,8,16,TRUE,TRUE,"uniform",FALSE,FALSE,FALSE,FALSE
144,"Millennium Playground",6,8,16,TRUE,TRUE,"uniform",FALSE,FALSE,FALSE,FALSE
144,"Millennium Playground",7,8,16,TRUE,TRUE,"uniform",FALSE,FALSE,FALSE,FALSE
145,"Leif Ericson Park Playground",1,8,16,TRUE,TRUE,"uniform",FALSE,FALSE,FALSE,FALSE
145,"Leif Ericson Park Playground",2,8,16,TRUE,TRUE,"uniform",FALSE,FALSE,FALSE,FALSE
145,"Leif Ericson Park Playground",3,8,16,TRUE,TRUE,"uniform",FALSE,FALSE,FALSE,FALSE
145,"Leif Ericson Park Playground",4,8,16,TRUE,TRUE,"uniform",FALSE,FALSE,FALSE,FALSE
145,"Leif Ericson Park Playground",5,8,16,TRUE,TRUE,"uniform",FALSE,FALSE,FALSE,FALSE
145,"Leif Ericson Park Playground",6,8,16,TRUE,TRUE,"uniform",FALSE,FALSE,FALSE,FALSE
145,"Leif Ericson Park Playground",7,8,16,TRUE,TRUE,"uniform",FALSE,FALSE,FALSE,FALSE
146,"Lincoln Terrace Park / Arthur S. Somers Playground",1,8,16,TRUE,TRUE,"uniform",FALSE,FALSE,FALSE,FALSE
146,"Lincoln Terrace Park / Arthur S. Somers Playground",2,8,16,TRUE,TRUE,"uniform",FALSE,FALSE,FALSE,FALSE
146,"Lincoln Terrace Park / Arthur S. Somers Playground",3,8,16,TRUE,TRUE,"uniform",FALSE,FALSE,FALSE,FALSE
146,"Lincoln Terrace Park / Arthur S. Somers Playground",4,8,16,TRUE,TRUE,"uniform",FALSE,FALSE,FALSE,FALSE
146,"Lincoln Terrace Park / Arthur S. Somers Playground",5,8,16,TRUE,TRUE,"uniform",FALSE,FALSE,FALSE,FALSE
146,"Lincoln Terrace Park / Arthur S. Somers Playground",6,8,16,TRUE,TRUE,"uniform",FALSE,FALSE,FALSE,FALSE
146,"Lincoln Terrace Park / Arthur S. Somers Playground",7,8,16,TRUE,TRUE,"uniform",FALSE,FALSE,FALSE,FALSE
147,"Sternberg Park",1,8,16,TRUE,TRUE,"uniform",FALSE,FALSE,FALSE,FALSE
147,"Sternberg Park",2,8,16,TRUE,TRUE,"uniform",FALSE,FALSE,FALSE,FALSE
147,"Sternberg Park",3,8,16,TRUE,TRUE,"uniform",FALSE,FALSE,FALSE,FALSE
147,"Sternberg Park",4,8,16,TRUE,TRUE,"uniform",FALSE,FALSE,FALSE,FALSE
147,"Sternberg Park",5,8,16,TRUE,TRUE,"uniform",FALSE,FALSE,FALSE,FALSE
147,"Sternberg Park",6,8,16,TRUE,TRUE,"uniform",FALSE,FALSE,FALSE,FALSE
147,"Sternberg Park",7,8,16,TRUE,TRUE,"uniform",FALSE,FALSE,FALSE,FALSE
148,"Martin Luther King Jr. Playground",1,8,16,TRUE,TRUE,"uniform",FALSE,FALSE,FALSE,FALSE
148,"Martin Luther King Jr. Playground",2,8,16,TRUE,TRUE,"uniform",FALSE,FALSE,FALSE,FALSE
148,"Martin Luther King Jr. Playground",3,8,16,TRUE,TRUE,"uniform",FALSE,FALSE,FALSE,FALSE
148,"Martin Luther King Jr. Playground",4,8,16,TRUE,TRUE,"uniform",FALSE,FALSE,FALSE,FALSE
148,"Martin Luther King Jr. Playground",5,8,16,TRUE,TRUE,"uniform",FALSE,FALSE,FALSE,FALSE
148,"Martin Luther King Jr. Playground",6,8,16,TRUE,TRUE,"uniform",FALSE,FALSE,FALSE,FALSE
148,"Martin Luther King Jr. Playground",7,8,16,TRUE,TRUE,"uniform",FALSE,FALSE,FALSE,FALSE
149,"Seba Playground",1,8,16,TRUE,TRUE,"uniform",FALSE,FALSE,FALSE,FALSE
149,"Seba Playground",2,8,16,TRUE,TRUE,"uniform",FALSE,FALSE,FALSE,FALSE
149,"Seba Playground",3,8,16,TRUE,TRUE,"uniform",FALSE,FALSE,FALSE,FALSE
149,"Seba Playground",4,8,16,TRUE,TRUE,"uniform",FALSE,FALSE,FALSE,FALSE
149,"Seba Playground",5,8,16,TRUE,TRUE,"uniform",FALSE,FALSE,FALSE,FALSE
149,"Seba Playground",6,8,16,TRUE,TRUE,"uniform",FALSE,FALSE,FALSE,FALSE
149,"Seba Playground",7,8,16,TRUE,TRUE,"uniform",FALSE,FALSE,FALSE,FALSE
150,"Marine Park Zone 1",1,8,16,TRUE,TRUE,"uniform",FALSE,FALSE,FALSE,FALSE
150,"Marine Park Zone 1",2,8,16,TRUE,TRUE,"uniform",FALSE,FALSE,FALSE,FALSE
150,"Marine Park Zone 1",3,8,16,TRUE,TRUE,"uniform",FALSE,FALSE,FALSE,FALSE
150,"Marine Park Zone 1",4,8,16,TRUE,TRUE,"uniform",FALSE,FALSE,FALSE,FALSE
150,"Marine Park Zone 1",5,8,16,TRUE,TRUE,"uniform",FALSE,FALSE,FALSE,FALSE
150,"Marine Park Zone 1",6,8,16,TRUE,TRUE,"uniform",FALSE,FALSE,FALSE,FALSE
150,"Marine Park Zone 1",7,8,16,TRUE,TRUE,"uniform",FALSE,FALSE,FALSE,FALSE
151,"Marine Park Zone 6",1,8,16,TRUE,TRUE,"uniform",FALSE,FALSE,FALSE,FALSE
151,"Marine Park Zone 6",2,8,16,TRUE,TRUE,"uniform",FALSE,FALSE,FALSE,FALSE
151,"Marine Park Zone 6",3,8,16,TRUE,TRUE,"uniform",FALSE,FALSE,FALSE,FALSE
151,"Marine Park Zone 6",4,8,16,TRUE,TRUE,"uniform",FALSE,FALSE,FALSE,FALSE
151,"Marine Park Zone 6",5,8,16,TRUE,TRUE,"uniform",FALSE,FALSE,FALSE,FALSE
151,"Marine Park Zone 6",6,8,16,TRUE,TRUE,"uniform",FALSE,FALSE,FALSE,FALSE
151,"Marine Park Zone 6",7,8,16,TRUE,TRUE,"uniform",FALSE,FALSE,FALSE,FALSE
152,"McCarren Park Zone 1",1,8,16,TRUE,TRUE,"uniform",FALSE,FALSE,FALSE,FALSE
152,"McCarren Park Zone 1",2,8,16,TRUE,TRUE,"uniform",FALSE,FALSE,FALSE,FALSE
152,"McCarren Park Zone 1",3,8,16,TRUE,TRUE,"uniform",FALSE,FALSE,FALSE,FALSE
152,"McCarren Park Zone 1",4,8,16,TRUE,TRUE,"uniform",FALSE,FALSE,FALSE,FALSE
152,"McCarren Park Zone 1",5,8,16,TRUE,TRUE,"uniform",FALSE,FALSE,FALSE,FALSE
152,"McCarren Park Zone 1",6,8,16,TRUE,TRUE,"uniform",FALSE,FALSE,FALSE,FALSE
152,"McCarren Park Zone 1",7,8,16,TRUE,TRUE,"uniform",FALSE,FALSE,FALSE,FALSE
153,"McCarren Park Zone 3",1,7.5,23,TRUE,TRUE,"uniform",FALSE,FALSE,FALSE,FALSE
153,"McCarren Park Zone 3",2,7.5,23,TRUE,TRUE,"uniform",FALSE,FALSE,FALSE,FALSE
153,"McCarren Park Zone 3",3,7.5,23,TRUE,TRUE,"uniform",FALSE,FALSE,FALSE,FALSE
153,"McCarren Park Zone 3",4,7.5,23,TRUE,TRUE,"uniform",FALSE,FALSE,FALSE,FALSE
153,"McCarren Park Zone 3",5,7.5,23,TRUE,TRUE,"uniform",FALSE,FALSE,FALSE,FALSE
153,"McCarren Park Zone 3",6,7.5,23,TRUE,TRUE,"uniform",FALSE,FALSE,FALSE,FALSE
153,"McCarren Park Zone 3",7,7.5,23,TRUE,TRUE,"uniform",FALSE,FALSE,FALSE,FALSE
154,"McKinley Park Playground",1,8,16,TRUE,TRUE,"uniform",FALSE,FALSE,FALSE,FALSE
154,"McKinley Park Playground",2,8,16,TRUE,TRUE,"uniform",FALSE,FALSE,FALSE,FALSE
154,"McKinley Park Playground",3,8,16,TRUE,TRUE,"uniform",FALSE,FALSE,FALSE,FALSE
154,"McKinley Park Playground",4,8,16,TRUE,TRUE,"uniform",FALSE,FALSE,FALSE,FALSE
154,"McKinley Park Playground",5,8,16,TRUE,TRUE,"uniform",FALSE,FALSE,FALSE,FALSE
154,"McKinley Park Playground",6,8,16,TRUE,TRUE,"uniform",FALSE,FALSE,FALSE,FALSE
154,"McKinley Park Playground",7,8,16,TRUE,TRUE,"uniform",FALSE,FALSE,FALSE,FALSE
155,"McLaughlin Park",1,8,16,TRUE,TRUE,"uniform",FALSE,FALSE,FALSE,FALSE
155,"McLaughlin Park",2,8,16,TRUE,TRUE,"uniform",FALSE,FALSE,FALSE,FALSE
155,"McLaughlin Park",3,8,16,TRUE,TRUE,"uniform",FALSE,FALSE,FALSE,FALSE
155,"McLaughlin Park",4,8,16,TRUE,TRUE,"uniform",FALSE,FALSE,FALSE,FALSE
155,"McLaughlin Park",5,8,16,TRUE,TRUE,"uniform",FALSE,FALSE,FALSE,FALSE
155,"McLaughlin Park",6,8,16,TRUE,TRUE,"uniform",FALSE,FALSE,FALSE,FALSE
155,"McLaughlin Park",7,8,16,TRUE,TRUE,"uniform",FALSE,FALSE,FALSE,FALSE
156,"Owl's Head Park",1,8,16,TRUE,TRUE,"uniform",FALSE,FALSE,FALSE,FALSE
156,"Owl's Head Park",2,8,16,TRUE,TRUE,"uniform",FALSE,FALSE,FALSE,FALSE
156,"Owl's Head Park",3,8,16,TRUE,TRUE,"uniform",FALSE,FALSE,FALSE,FALSE
156,"Owl's Head Park",4,8,16,TRUE,TRUE,"uniform",FALSE,FALSE,FALSE,FALSE
156,"Owl's Head Park",5,8,16,TRUE,TRUE,"uniform",FALSE,FALSE,FALSE,FALSE
156,"Owl's Head Park",6,8,16,TRUE,TRUE,"uniform",FALSE,FALSE,FALSE,FALSE
156,"Owl's Head Park",7,8,16,TRUE,TRUE,"uniform",FALSE,FALSE,FALSE,FALSE
157,"Lincoln Rd Playground",1,8,16,TRUE,TRUE,"uniform",FALSE,FALSE,FALSE,FALSE
157,"Lincoln Rd Playground",2,8,16,TRUE,TRUE,"uniform",FALSE,FALSE,FALSE,FALSE
157,"Lincoln Rd Playground",3,8,16,TRUE,TRUE,"uniform",FALSE,FALSE,FALSE,FALSE
157,"Lincoln Rd Playground",4,8,16,TRUE,TRUE,"uniform",FALSE,FALSE,FALSE,FALSE
157,"Lincoln Rd Playground",5,8,16,TRUE,TRUE,"uniform",FALSE,FALSE,FALSE,FALSE
157,"Lincoln Rd Playground",6,8,16,TRUE,TRUE,"uniform",FALSE,FALSE,FALSE,FALSE
157,"Lincoln Rd Playground",7,8,16,TRUE,TRUE,"uniform",FALSE,FALSE,FALSE,FALSE
158,"Harmony Playground",1,8,16,TRUE,TRUE,"uniform",FALSE,FALSE,FALSE,FALSE
158,"Harmony Playground",2,8,16,TRUE,TRUE,"uniform",FALSE,FALSE,FALSE,FALSE
158,"Harmony Playground",3,8,16,TRUE,TRUE,"uniform",FALSE,FALSE,FALSE,FALSE
158,"Harmony Playground",4,8,16,TRUE,TRUE,"uniform",FALSE,FALSE,FALSE,FALSE
158,"Harmony Playground",5,8,16,TRUE,TRUE,"uniform",FALSE,FALSE,FALSE,FALSE
158,"Harmony Playground",6,8,16,TRUE,TRUE,"uniform",FALSE,FALSE,FALSE,FALSE
158,"Harmony Playground",7,8,16,TRUE,TRUE,"uniform",FALSE,FALSE,FALSE,FALSE
159,"Willink Hill",1,8,16,TRUE,TRUE,"uniform",FALSE,FALSE,FALSE,FALSE
159,"Willink Hill",2,8,16,TRUE,TRUE,"uniform",FALSE,FALSE,FALSE,FALSE
159,"Willink Hill",3,8,16,TRUE,TRUE,"uniform",FALSE,FALSE,FALSE,FALSE
159,"Willink Hill",4,8,16,TRUE,TRUE,"uniform",FALSE,FALSE,FALSE,FALSE
159,"Willink Hill",5,8,16,TRUE,TRUE,"uniform",FALSE,FALSE,FALSE,FALSE
159,"Willink Hill",6,8,16,TRUE,TRUE,"uniform",FALSE,FALSE,FALSE,FALSE
159,"Willink Hill",7,8,16,TRUE,TRUE,"uniform",FALSE,FALSE,FALSE,FALSE
160,"Middle Long Meadow",1,8,16,TRUE,TRUE,"uniform",FALSE,FALSE,FALSE,FALSE
160,"Middle Long Meadow",2,8,16,TRUE,TRUE,"uniform",FALSE,FALSE,FALSE,FALSE
160,"Middle Long Meadow",3,8,16,TRUE,TRUE,"uniform",FALSE,FALSE,FALSE,FALSE
160,"Middle Long Meadow",4,8,16,TRUE,TRUE,"uniform",FALSE,FALSE,FALSE,FALSE
160,"Middle Long Meadow",5,8,16,TRUE,TRUE,"uniform",FALSE,FALSE,FALSE,FALSE
160,"Middle Long Meadow",6,8,16,TRUE,TRUE,"uniform",FALSE,FALSE,FALSE,FALSE
160,"Middle Long Meadow",7,8,16,TRUE,TRUE,"uniform",FALSE,FALSE,FALSE,FALSE
161,"Lookout Hill",1,8,16,TRUE,TRUE,"uniform",FALSE,FALSE,FALSE,FALSE
161,"Lookout Hill",2,8,16,TRUE,TRUE,"uniform",FALSE,FALSE,FALSE,FALSE
161,"Lookout Hill",3,8,16,TRUE,TRUE,"uniform",FALSE,FALSE,FALSE,FALSE
161,"Lookout Hill",4,8,16,TRUE,TRUE,"uniform",FALSE,FALSE,FALSE,FALSE
161,"Lookout Hill",5,8,16,TRUE,TRUE,"uniform",FALSE,FALSE,FALSE,FALSE
161,"Lookout Hill",6,8,16,TRUE,TRUE,"uniform",FALSE,FALSE,FALSE,FALSE
161,"Lookout Hill",7,8,16,TRUE,TRUE,"uniform",FALSE,FALSE,FALSE,FALSE
162,"Lullwater & Boathouse",1,8,16,TRUE,TRUE,"uniform",FALSE,FALSE,FALSE,FALSE
162,"Lullwater & Boathouse",2,8,16,TRUE,TRUE,"uniform",FALSE,FALSE,FALSE,FALSE
162,"Lullwater & Boathouse",3,8,16,TRUE,TRUE,"uniform",FALSE,FALSE,FALSE,FALSE
162,"Lullwater & Boathouse",4,8,16,TRUE,TRUE,"uniform",FALSE,FALSE,FALSE,FALSE
162,"Lullwater & Boathouse",5,8,16,TRUE,TRUE,"uniform",FALSE,FALSE,FALSE,FALSE
162,"Lullwater & Boathouse",6,8,16,TRUE,TRUE,"uniform",FALSE,FALSE,FALSE,FALSE
162,"Lullwater & Boathouse",7,8,16,TRUE,TRUE,"uniform",FALSE,FALSE,FALSE,FALSE
163,"Bowne Playground",1,8,16,TRUE,TRUE,"uniform",FALSE,FALSE,FALSE,FALSE
163,"Bowne Playground",2,8,16,TRUE,TRUE,"uniform",FALSE,FALSE,FALSE,FALSE
163,"Bowne Playground",3,8,16,TRUE,TRUE,"uniform",FALSE,FALSE,FALSE,FALSE
163,"Bowne Playground",4,8,16,TRUE,TRUE,"uniform",FALSE,FALSE,FALSE,FALSE
163,"Bowne Playground",5,8,16,TRUE,TRUE,"uniform",FALSE,FALSE,FALSE,FALSE
163,"Bowne Playground",6,8,16,TRUE,TRUE,"uniform",FALSE,FALSE,FALSE,FALSE
163,"Bowne Playground",7,8,16,TRUE,TRUE,"uniform",FALSE,FALSE,FALSE,FALSE
164,"Bushwick Playground",1,8,16,TRUE,TRUE,"uniform",FALSE,FALSE,FALSE,FALSE
164,"Bushwick Playground",2,8,16,TRUE,TRUE,"uniform",FALSE,FALSE,FALSE,FALSE
164,"Bushwick Playground",3,8,16,TRUE,TRUE,"uniform",FALSE,FALSE,FALSE,FALSE
164,"Bushwick Playground",4,8,16,TRUE,TRUE,"uniform",FALSE,FALSE,FALSE,FALSE
164,"Bushwick Playground",5,8,16,TRUE,TRUE,"uniform",FALSE,FALSE,FALSE,FALSE
164,"Bushwick Playground",6,8,16,TRUE,TRUE,"uniform",FALSE,FALSE,FALSE,FALSE
164,"Bushwick Playground",7,8,16,TRUE,TRUE,"uniform",FALSE,FALSE,FALSE,FALSE
165,"Coffey Park Playground",1,8,16,TRUE,TRUE,"uniform",FALSE,FALSE,FALSE,FALSE
165,"Coffey Park Playground",2,8,16,TRUE,TRUE,"uniform",FALSE,FALSE,FALSE,FALSE
165,"Coffey Park Playground",3,8,16,TRUE,TRUE,"uniform",FALSE,FALSE,FALSE,FALSE
165,"Coffey Park Playground",4,8,16,TRUE,TRUE,"uniform",FALSE,FALSE,FALSE,FALSE
165,"Coffey Park Playground",5,8,16,TRUE,TRUE,"uniform",FALSE,FALSE,FALSE,FALSE
165,"Coffey Park Playground",6,8,16,TRUE,TRUE,"uniform",FALSE,FALSE,FALSE,FALSE
165,"Coffey Park Playground",7,8,16,TRUE,TRUE,"uniform",FALSE,FALSE,FALSE,FALSE
166,"Saratoga Park",1,8,16,TRUE,TRUE,"uniform",FALSE,FALSE,FALSE,FALSE
166,"Saratoga Park",2,8,16,TRUE,TRUE,"uniform",FALSE,FALSE,FALSE,FALSE
166,"Saratoga Park",3,8,16,TRUE,TRUE,"uniform",FALSE,FALSE,FALSE,FALSE
166,"Saratoga Park",4,8,16,TRUE,TRUE,"uniform",FALSE,FALSE,FALSE,FALSE
166,"Saratoga Park",5,8,16,TRUE,TRUE,"uniform",FALSE,FALSE,FALSE,FALSE
166,"Saratoga Park",6,8,16,TRUE,TRUE,"uniform",FALSE,FALSE,FALSE,FALSE
166,"Saratoga Park",7,8,16,TRUE,TRUE,"uniform",FALSE,FALSE,FALSE,FALSE
167,"Asser Levy Park",1,8,16,TRUE,TRUE,"uniform",FALSE,FALSE,FALSE,FALSE
167,"Asser Levy Park",2,8,16,TRUE,TRUE,"uniform",FALSE,FALSE,FALSE,FALSE
167,"Asser Levy Park",3,8,16,TRUE,TRUE,"uniform",FALSE,FALSE,FALSE,FALSE
167,"Asser Levy Park",4,8,16,TRUE,TRUE,"uniform",FALSE,FALSE,FALSE,FALSE
167,"Asser Levy Park",5,8,16,TRUE,TRUE,"uniform",FALSE,FALSE,FALSE,FALSE
167,"Asser Levy Park",6,8,16,TRUE,TRUE,"uniform",FALSE,FALSE,FALSE,FALSE
167,"Asser Levy Park",7,8,16,TRUE,TRUE,"uniform",FALSE,FALSE,FALSE,FALSE
168,"Shore Road Park Zone 2",1,8,16,TRUE,TRUE,"uniform",FALSE,FALSE,FALSE,FALSE
168,"Shore Road Park Zone 2",2,8,16,TRUE,TRUE,"uniform",FALSE,FALSE,FALSE,FALSE
168,"Shore Road Park Zone 2",3,8,16,TRUE,TRUE,"uniform",FALSE,FALSE,FALSE,FALSE
168,"Shore Road Park Zone 2",4,8,16,TRUE,TRUE,"uniform",FALSE,FALSE,FALSE,FALSE
168,"Shore Road Park Zone 2",5,8,16,TRUE,TRUE,"uniform",FALSE,FALSE,FALSE,FALSE
168,"Shore Road Park Zone 2",6,8,16,TRUE,TRUE,"uniform",FALSE,FALSE,FALSE,FALSE
168,"Shore Road Park Zone 2",7,8,16,TRUE,TRUE,"uniform",FALSE,FALSE,FALSE,FALSE
169,"Shore Road Park Zone 4",1,8,16,TRUE,TRUE,"uniform",FALSE,FALSE,FALSE,FALSE
169,"Shore Road Park Zone 4",2,8,16,TRUE,TRUE,"uniform",FALSE,FALSE,FALSE,FALSE
169,"Shore Road Park Zone 4",3,8,16,TRUE,TRUE,"uniform",FALSE,FALSE,FALSE,FALSE
169,"Shore Road Park Zone 4",4,8,16,TRUE,TRUE,"uniform",FALSE,FALSE,FALSE,FALSE
169,"Shore Road Park Zone 4",5,8,16,TRUE,TRUE,"uniform",FALSE,FALSE,FALSE,FALSE
169,"Shore Road Park Zone 4",6,8,16,TRUE,TRUE,"uniform",FALSE,FALSE,FALSE,FALSE
169,"Shore Road Park Zone 4",7,8,16,TRUE,TRUE,"uniform",FALSE,FALSE,FALSE,FALSE
170,"Shore Road Park Zone 5",1,8,16,TRUE,TRUE,"uniform",FALSE,FALSE,FALSE,FALSE
170,"Shore Road Park Zone 5",2,8,16,TRUE,TRUE,"uniform",FALSE,FALSE,FALSE,FALSE
170,"Shore Road Park Zone 5",3,8,16,TRUE,TRUE,"uniform",FALSE,FALSE,FALSE,FALSE
170,"Shore Road Park Zone 5",4,8,16,TRUE,TRUE,"uniform",FALSE,FALSE,FALSE,FALSE
170,"Shore Road Park Zone 5",5,8,16,TRUE,TRUE,"uniform",FALSE,FALSE,FALSE,FALSE
170,"Shore Road Park Zone 5",6,8,16,TRUE,TRUE,"uniform",FALSE,FALSE,FALSE,FALSE
170,"Shore Road Park Zone 5",7,8,16,TRUE,TRUE,"uniform",FALSE,FALSE,FALSE,FALSE
171,"Sunset Park Playground",1,8,16,TRUE,TRUE,"uniform",FALSE,FALSE,FALSE,FALSE
171,"Sunset Park Playground",2,8,16,TRUE,TRUE,"uniform",FALSE,FALSE,FALSE,FALSE
171,"Sunset Park Playground",3,8,16,TRUE,TRUE,"uniform",FALSE,FALSE,FALSE,FALSE
171,"Sunset Park Playground",4,8,16,TRUE,TRUE,"uniform",FALSE,FALSE,FALSE,FALSE
171,"Sunset Park Playground",5,8,16,TRUE,TRUE,"uniform",FALSE,FALSE,FALSE,FALSE
171,"Sunset Park Playground",6,8,16,TRUE,TRUE,"uniform",FALSE,FALSE,FALSE,FALSE
171,"Sunset Park Playground",7,8,16,TRUE,TRUE,"uniform",FALSE,FALSE,FALSE,FALSE
172,"Herbert Von King Park",1,8,16,TRUE,TRUE,"uniform",FALSE,FALSE,FALSE,FALSE
172,"Herbert Von King Park",2,8,16,TRUE,TRUE,"uniform",FALSE,FALSE,FALSE,FALSE
172,"Herbert Von King Park",3,8,16,TRUE,TRUE,"uniform",FALSE,FALSE,FALSE,FALSE
172,"Herbert Von King Park",4,8,16,TRUE,TRUE,"uniform",FALSE,FALSE,FALSE,FALSE
172,"Herbert Von King Park",5,8,16,TRUE,TRUE,"uniform",FALSE,FALSE,FALSE,FALSE
172,"Herbert Von King Park",6,8,16,TRUE,TRUE,"uniform",FALSE,FALSE,FALSE,FALSE
172,"Herbert Von King Park",7,8,16,TRUE,TRUE,"uniform",FALSE,FALSE,FALSE,FALSE
173,"Sgt. William Dougherty Playground",1,8,16,TRUE,TRUE,"uniform",FALSE,FALSE,FALSE,FALSE
173,"Sgt. William Dougherty Playground",2,8,16,TRUE,TRUE,"uniform",FALSE,FALSE,FALSE,FALSE
173,"Sgt. William Dougherty Playground",3,8,16,TRUE,TRUE,"uniform",FALSE,FALSE,FALSE,FALSE
173,"Sgt. William Dougherty Playground",4,8,16,TRUE,TRUE,"uniform",FALSE,FALSE,FALSE,FALSE
173,"Sgt. William Dougherty Playground",5,8,16,TRUE,TRUE,"uniform",FALSE,FALSE,FALSE,FALSE
173,"Sgt. William Dougherty Playground",6,8,16,TRUE,TRUE,"uniform",FALSE,FALSE,FALSE,FALSE
173,"Sgt. William Dougherty Playground",7,8,16,TRUE,TRUE,"uniform",FALSE,FALSE,FALSE,FALSE
174,"Seth Low Playground/ Bealin Square",1,8,16,TRUE,TRUE,"uniform",FALSE,FALSE,FALSE,FALSE
174,"Seth Low Playground/ Bealin Square",2,8,16,TRUE,TRUE,"uniform",FALSE,FALSE,FALSE,FALSE
174,"Seth Low Playground/ Bealin Square",3,8,16,TRUE,TRUE,"uniform",FALSE,FALSE,FALSE,FALSE
174,"Seth Low Playground/ Bealin Square",4,8,16,TRUE,TRUE,"uniform",FALSE,FALSE,FALSE,FALSE
174,"Seth Low Playground/ Bealin Square",5,8,16,TRUE,TRUE,"uniform",FALSE,FALSE,FALSE,FALSE
174,"Seth Low Playground/ Bealin Square",6,8,16,TRUE,TRUE,"uniform",FALSE,FALSE,FALSE,FALSE
174,"Seth Low Playground/ Bealin Square",7,8,16,TRUE,TRUE,"uniform",FALSE,FALSE,FALSE,FALSE
175,"Crispus Attucks Playground",1,8,16,TRUE,TRUE,"uniform",FALSE,FALSE,FALSE,FALSE
175,"Crispus Attucks Playground",2,8,16,TRUE,TRUE,"uniform",FALSE,FALSE,FALSE,FALSE
175,"Crispus Attucks Playground",3,8,16,TRUE,TRUE,"uniform",FALSE,FALSE,FALSE,FALSE
175,"Crispus Attucks Playground",4,8,16,TRUE,TRUE,"uniform",FALSE,FALSE,FALSE,FALSE
175,"Crispus Attucks Playground",5,8,16,TRUE,TRUE,"uniform",FALSE,FALSE,FALSE,FALSE
175,"Crispus Attucks Playground",6,8,16,TRUE,TRUE,"uniform",FALSE,FALSE,FALSE,FALSE
175,"Crispus Attucks Playground",7,8,16,TRUE,TRUE,"uniform",FALSE,FALSE,FALSE,FALSE
176,"Cypress Hills Playground",1,8,16,TRUE,TRUE,"uniform",FALSE,FALSE,FALSE,FALSE
176,"Cypress Hills Playground",2,8,16,TRUE,TRUE,"uniform",FALSE,FALSE,FALSE,FALSE
176,"Cypress Hills Playground",3,8,16,TRUE,TRUE,"uniform",FALSE,FALSE,FALSE,FALSE
176,"Cypress Hills Playground",4,8,16,TRUE,TRUE,"uniform",FALSE,FALSE,FALSE,FALSE
176,"Cypress Hills Playground",5,8,16,TRUE,TRUE,"uniform",FALSE,FALSE,FALSE,FALSE
176,"Cypress Hills Playground",6,8,16,TRUE,TRUE,"uniform",FALSE,FALSE,FALSE,FALSE
176,"Cypress Hills Playground",7,8,16,TRUE,TRUE,"uniform",FALSE,FALSE,FALSE,FALSE
177,"Bill Brown Playground",1,8,16,TRUE,TRUE,"uniform",FALSE,FALSE,FALSE,FALSE
177,"Bill Brown Playground",2,8,16,TRUE,TRUE,"uniform",FALSE,FALSE,FALSE,FALSE
177,"Bill Brown Playground",3,8,16,TRUE,TRUE,"uniform",FALSE,FALSE,FALSE,FALSE
177,"Bill Brown Playground",4,8,16,TRUE,TRUE,"uniform",FALSE,FALSE,FALSE,FALSE
177,"Bill Brown Playground",5,8,16,TRUE,TRUE,"uniform",FALSE,FALSE,FALSE,FALSE
177,"Bill Brown Playground",6,8,16,TRUE,TRUE,"uniform",FALSE,FALSE,FALSE,FALSE
177,"Bill Brown Playground",7,8,16,TRUE,TRUE,"uniform",FALSE,FALSE,FALSE,FALSE
178,"Marion Hopkinson Playground",1,8,16,TRUE,TRUE,"uniform",FALSE,FALSE,FALSE,FALSE
178,"Marion Hopkinson Playground",2,8,16,TRUE,TRUE,"uniform",FALSE,FALSE,FALSE,FALSE
178,"Marion Hopkinson Playground",3,8,16,TRUE,TRUE,"uniform",FALSE,FALSE,FALSE,FALSE
178,"Marion Hopkinson Playground",4,8,16,TRUE,TRUE,"uniform",FALSE,FALSE,FALSE,FALSE
178,"Marion Hopkinson Playground",5,8,16,TRUE,TRUE,"uniform",FALSE,FALSE,FALSE,FALSE
178,"Marion Hopkinson Playground",6,8,16,TRUE,TRUE,"uniform",FALSE,FALSE,FALSE,FALSE
178,"Marion Hopkinson Playground",7,8,16,TRUE,TRUE,"uniform",FALSE,FALSE,FALSE,FALSE
179,"Washington Park",1,8,16,TRUE,TRUE,"uniform",FALSE,FALSE,FALSE,FALSE
179,"Washington Park",2,8,16,TRUE,TRUE,"uniform",FALSE,FALSE,FALSE,FALSE
179,"Washington Park",3,8,16,TRUE,TRUE,"uniform",FALSE,FALSE,FALSE,FALSE
179,"Washington Park",4,8,16,TRUE,TRUE,"uniform",FALSE,FALSE,FALSE,FALSE
179,"Washington Park",5,8,16,TRUE,TRUE,"uniform",FALSE,FALSE,FALSE,FALSE
179,"Washington Park",6,8,16,TRUE,TRUE,"uniform",FALSE,FALSE,FALSE,FALSE
179,"Washington Park",7,8,16,TRUE,TRUE,"uniform",FALSE,FALSE,FALSE,FALSE
180,"Cadman Plaza Park",1,8,16,TRUE,TRUE,"uniform",FALSE,FALSE,FALSE,FALSE
180,"Cadman Plaza Park",2,8,16,TRUE,TRUE,"uniform",FALSE,FALSE,FALSE,FALSE
180,"Cadman Plaza Park",3,8,16,TRUE,TRUE,"uniform",FALSE,FALSE,FALSE,FALSE
180,"Cadman Plaza Park",4,8,16,TRUE,TRUE,"uniform",FALSE,FALSE,FALSE,FALSE
180,"Cadman Plaza Park",5,8,16,TRUE,TRUE,"uniform",FALSE,FALSE,FALSE,FALSE
180,"Cadman Plaza Park",6,8,16,TRUE,TRUE,"uniform",FALSE,FALSE,FALSE,FALSE
180,"Cadman Plaza Park",7,8,16,TRUE,TRUE,"uniform",FALSE,FALSE,FALSE,FALSE
181,"Monsignor Mcgolrick Playground",1,8,16,TRUE,TRUE,"uniform",FALSE,FALSE,FALSE,FALSE
181,"Monsignor Mcgolrick Playground",2,8,16,TRUE,TRUE,"uniform",FALSE,FALSE,FALSE,FALSE
181,"Monsignor Mcgolrick Playground",3,8,16,TRUE,TRUE,"uniform",FALSE,FALSE,FALSE,FALSE
181,"Monsignor Mcgolrick Playground",4,8,16,TRUE,TRUE,"uniform",FALSE,FALSE,FALSE,FALSE
181,"Monsignor Mcgolrick Playground",5,8,16,TRUE,TRUE,"uniform",FALSE,FALSE,FALSE,FALSE
181,"Monsignor Mcgolrick Playground",6,8,16,TRUE,TRUE,"uniform",FALSE,FALSE,FALSE,FALSE
181,"Monsignor Mcgolrick Playground",7,8,16,TRUE,TRUE,"uniform",FALSE,FALSE,FALSE,FALSE
182,"William Sheridan Playground",1,8,16,TRUE,TRUE,"uniform",FALSE,FALSE,FALSE,FALSE
182,"William Sheridan Playground",2,8,16,TRUE,TRUE,"uniform",FALSE,FALSE,FALSE,FALSE
182,"William Sheridan Playground",3,8,16,TRUE,TRUE,"uniform",FALSE,FALSE,FALSE,FALSE
182,"William Sheridan Playground",4,8,16,TRUE,TRUE,"uniform",FALSE,FALSE,FALSE,FALSE
182,"William Sheridan Playground",5,8,16,TRUE,TRUE,"uniform",FALSE,FALSE,FALSE,FALSE
182,"William Sheridan Playground",6,8,16,TRUE,TRUE,"uniform",FALSE,FALSE,FALSE,FALSE
182,"William Sheridan Playground",7,8,16,TRUE,TRUE,"uniform",FALSE,FALSE,FALSE,FALSE
183,"Calvert Vaux Park Playground",1,8,16,TRUE,TRUE,"uniform",FALSE,FALSE,FALSE,FALSE
183,"Calvert Vaux Park Playground",2,8,16,TRUE,TRUE,"uniform",FALSE,FALSE,FALSE,FALSE
183,"Calvert Vaux Park Playground",3,8,16,TRUE,TRUE,"uniform",FALSE,FALSE,FALSE,FALSE
183,"Calvert Vaux Park Playground",4,8,16,TRUE,TRUE,"uniform",FALSE,FALSE,FALSE,FALSE
183,"Calvert Vaux Park Playground",5,8,16,TRUE,TRUE,"uniform",FALSE,FALSE,FALSE,FALSE
183,"Calvert Vaux Park Playground",6,8,16,TRUE,TRUE,"uniform",FALSE,FALSE,FALSE,FALSE
183,"Calvert Vaux Park Playground",7,8,16,TRUE,TRUE,"uniform",FALSE,FALSE,FALSE,FALSE
184,"Calvert Vaux Park Zone 2",1,8,16,TRUE,TRUE,"uniform",FALSE,FALSE,FALSE,FALSE
184,"Calvert Vaux Park Zone 2",2,8,16,TRUE,TRUE,"uniform",FALSE,FALSE,FALSE,FALSE
184,"Calvert Vaux Park Zone 2",3,8,16,TRUE,TRUE,"uniform",FALSE,FALSE,FALSE,FALSE
184,"Calvert Vaux Park Zone 2",4,8,16,TRUE,TRUE,"uniform",FALSE,FALSE,FALSE,FALSE
184,"Calvert Vaux Park Zone 2",5,8,16,TRUE,TRUE,"uniform",FALSE,FALSE,FALSE,FALSE
184,"Calvert Vaux Park Zone 2",6,8,16,TRUE,TRUE,"uniform",FALSE,FALSE,FALSE,FALSE
184,"Calvert Vaux Park Zone 2",7,8,16,TRUE,TRUE,"uniform",FALSE,FALSE,FALSE,FALSE
185,"Red Hook Park Zone 3",1,,,,FALSE,"blank",,,FALSE,
185,"Red Hook Park Zone 3",2,,,,FALSE,"blank",,,FALSE,
185,"Red Hook Park Zone 3",3,,,,FALSE,"blank",,,FALSE,
185,"Red Hook Park Zone 3",4,,,,FALSE,"blank",,,FALSE,
185,"Red Hook Park Zone 3",5,,,,FALSE,"blank",,,FALSE,
185,"Red Hook Park Zone 3",6,,,,FALSE,"blank",,,FALSE,
185,"Red Hook Park Zone 3",7,,,,FALSE,"blank",,,FALSE,
186,"Colonel David Marcus Playground",1,8,16,TRUE,TRUE,"uniform",FALSE,FALSE,FALSE,FALSE
186,"Colonel David Marcus Playground",2,8,16,TRUE,TRUE,"uniform",FALSE,FALSE,FALSE,FALSE
186,"Colonel David Marcus Playground",3,8,16,TRUE,TRUE,"uniform",FALSE,FALSE,FALSE,FALSE
186,"Colonel David Marcus Playground",4,8,16,TRUE,TRUE,"uniform",FALSE,FALSE,FALSE,FALSE
186,"Colonel David Marcus Playground",5,8,16,TRUE,TRUE,"uniform",FALSE,FALSE,FALSE,FALSE
186,"Colonel David Marcus Playground",6,8,16,TRUE,TRUE,"uniform",FALSE,FALSE,FALSE,FALSE
186,"Colonel David Marcus Playground",7,8,16,TRUE,TRUE,"uniform",FALSE,FALSE,FALSE,FALSE
187,"Kaiser Park Zone 1",1,8,16,TRUE,TRUE,"uniform",FALSE,FALSE,FALSE,FALSE
187,"Kaiser Park Zone 1",2,8,16,TRUE,TRUE,"uniform",FALSE,FALSE,FALSE,FALSE
187,"Kaiser Park Zone 1",3,8,16,TRUE,TRUE,"uniform",FALSE,FALSE,FALSE,FALSE
187,"Kaiser Park Zone 1",4,8,16,TRUE,TRUE,"uniform",FALSE,FALSE,FALSE,FALSE
187,"Kaiser Park Zone 1",5,8,16,TRUE,TRUE,"uniform",FALSE,FALSE,FALSE,FALSE
187,"Kaiser Park Zone 1",6,8,16,TRUE,TRUE,"uniform",FALSE,FALSE,FALSE,FALSE
187,"Kaiser Park Zone 1",7,8,16,TRUE,TRUE,"uniform",FALSE,FALSE,FALSE,FALSE
188,"Greenwood Playground",1,8,16,TRUE,TRUE,"uniform",FALSE,FALSE,FALSE,FALSE
188,"Greenwood Playground",2,8,16,TRUE,TRUE,"uniform",FALSE,FALSE,FALSE,FALSE
188,"Greenwood Playground",3,8,16,TRUE,TRUE,"uniform",FALSE,FALSE,FALSE,FALSE
188,"Greenwood Playground",4,8,16,TRUE,TRUE,"uniform",FALSE,FALSE,FALSE,FALSE
188,"Greenwood Playground",5,8,16,TRUE,TRUE,"uniform",FALSE,FALSE,FALSE,FALSE
188,"Greenwood Playground",6,8,16,TRUE,TRUE,"uniform",FALSE,FALSE,FALSE,FALSE
188,"Greenwood Playground",7,8,16,TRUE,TRUE,"uniform",FALSE,FALSE,FALSE,FALSE
189,"Sixteen Sycamores Playground",1,8,16,TRUE,TRUE,"uniform",FALSE,FALSE,FALSE,FALSE
189,"Sixteen Sycamores Playground",2,8,16,TRUE,TRUE,"uniform",FALSE,FALSE,FALSE,FALSE
189,"Sixteen Sycamores Playground",3,8,16,TRUE,TRUE,"uniform",FALSE,FALSE,FALSE,FALSE
189,"Sixteen Sycamores Playground",4,8,16,TRUE,TRUE,"uniform",FALSE,FALSE,FALSE,FALSE
189,"Sixteen Sycamores Playground",5,8,16,TRUE,TRUE,"uniform",FALSE,FALSE,FALSE,FALSE
189,"Sixteen Sycamores Playground",6,8,16,TRUE,TRUE,"uniform",FALSE,FALSE,FALSE,FALSE
189,"Sixteen Sycamores Playground",7,8,16,TRUE,TRUE,"uniform",FALSE,FALSE,FALSE,FALSE
190,"Bushwick Playground",1,8,16,TRUE,TRUE,"uniform",FALSE,FALSE,FALSE,FALSE
190,"Bushwick Playground",2,8,16,TRUE,TRUE,"uniform",FALSE,FALSE,FALSE,FALSE
190,"Bushwick Playground",3,8,16,TRUE,TRUE,"uniform",FALSE,FALSE,FALSE,FALSE
190,"Bushwick Playground",4,8,16,TRUE,TRUE,"uniform",FALSE,FALSE,FALSE,FALSE
190,"Bushwick Playground",5,8,16,TRUE,TRUE,"uniform",FALSE,FALSE,FALSE,FALSE
190,"Bushwick Playground",6,8,16,TRUE,TRUE,"uniform",FALSE,FALSE,FALSE,FALSE
190,"Bushwick Playground",7,8,16,TRUE,TRUE,"uniform",FALSE,FALSE,FALSE,FALSE
191,"Banneker Playground",1,8,16,TRUE,TRUE,"uniform",FALSE,FALSE,FALSE,FALSE
191,"Banneker Playground",2,8,16,TRUE,TRUE,"uniform",FALSE,FALSE,FALSE,FALSE
191,"Banneker Playground",3,8,16,TRUE,TRUE,"uniform",FALSE,FALSE,FALSE,FALSE
191,"Banneker Playground",4,8,16,TRUE,TRUE,"uniform",FALSE,FALSE,FALSE,FALSE
191,"Banneker Playground",5,8,16,TRUE,TRUE,"uniform",FALSE,FALSE,FALSE,FALSE
191,"Banneker Playground",6,8,16,TRUE,TRUE,"uniform",FALSE,FALSE,FALSE,FALSE
191,"Banneker Playground",7,8,16,TRUE,TRUE,"uniform",FALSE,FALSE,FALSE,FALSE
192,"City Line Park",1,8,16,TRUE,TRUE,"uniform",FALSE,FALSE,FALSE,FALSE
192,"City Line Park",2,8,16,TRUE,TRUE,"uniform",FALSE,FALSE,FALSE,FALSE
192,"City Line Park",3,8,16,TRUE,TRUE,"uniform",FALSE,FALSE,FALSE,FALSE
192,"City Line Park",4,8,16,TRUE,TRUE,"uniform",FALSE,FALSE,FALSE,FALSE
192,"City Line Park",5,8,16,TRUE,TRUE,"uniform",FALSE,FALSE,FALSE,FALSE
192,"City Line Park",6,8,16,TRUE,TRUE,"uniform",FALSE,FALSE,FALSE,FALSE
192,"City Line Park",7,8,16,TRUE,TRUE,"uniform",FALSE,FALSE,FALSE,FALSE
193,"Bedford Playground",1,8,16,TRUE,TRUE,"uniform",FALSE,FALSE,FALSE,FALSE
193,"Bedford Playground",2,8,16,TRUE,TRUE,"uniform",FALSE,FALSE,FALSE,FALSE
193,"Bedford Playground",3,8,16,TRUE,TRUE,"uniform",FALSE,FALSE,FALSE,FALSE
193,"Bedford Playground",4,8,16,TRUE,TRUE,"uniform",FALSE,FALSE,FALSE,FALSE
193,"Bedford Playground",5,8,16,TRUE,TRUE,"uniform",FALSE,FALSE,FALSE,FALSE
193,"Bedford Playground",6,8,16,TRUE,TRUE,"uniform",FALSE,FALSE,FALSE,FALSE
193,"Bedford Playground",7,8,16,TRUE,TRUE,"uniform",FALSE,FALSE,FALSE,FALSE
194,"Rolph Henry Playground",1,8,16,TRUE,TRUE,"uniform",FALSE,FALSE,FALSE,FALSE
194,"Rolph Henry Playground",2,8,16,TRUE,TRUE,"uniform",FALSE,FALSE,FALSE,FALSE
194,"Rolph Henry Playground",3,8,16,TRUE,TRUE,"uniform",FALSE,FALSE,FALSE,FALSE
194,"Rolph Henry Playground",4,8,16,TRUE,TRUE,"uniform",FALSE,FALSE,FALSE,FALSE
194,"Rolph Henry Playground",5,8,16,TRUE,TRUE,"uniform",FALSE,FALSE,FALSE,FALSE
194,"Rolph Henry Playground",6,8,16,TRUE,TRUE,"uniform",FALSE,FALSE,FALSE,FALSE
194,"Rolph Henry Playground",7,8,16,TRUE,TRUE,"uniform",FALSE,FALSE,FALSE,FALSE
195,"Kolbert Playground",1,8,16,TRUE,TRUE,"uniform",FALSE,FALSE,FALSE,FALSE
195,"Kolbert Playground",2,8,16,TRUE,TRUE,"uniform",FALSE,FALSE,FALSE,FALSE
195,"Kolbert Playground",3,8,16,TRUE,TRUE,"uniform",FALSE,FALSE,FALSE,FALSE
195,"Kolbert Playground",4,8,16,TRUE,TRUE,"uniform",FALSE,FALSE,FALSE,FALSE
195,"Kolbert Playground",5,8,16,TRUE,TRUE,"uniform",FALSE,FALSE,FALSE,FALSE
195,"Kolbert Playground",6,8,16,TRUE,TRUE,"uniform",FALSE,FALSE,FALSE,FALSE
195,"Kolbert Playground",7,8,16,TRUE,TRUE,"uniform",FALSE,FALSE,FALSE,FALSE
196,"Rappaport Playground",1,8,16,TRUE,TRUE,"uniform",FALSE,FALSE,FALSE,FALSE
196,"Rappaport Playground",2,8,16,TRUE,TRUE,"uniform",FALSE,FALSE,FALSE,FALSE
196,"Rappaport Playground",3,8,16,TRUE,TRUE,"uniform",FALSE,FALSE,FALSE,FALSE
196,"Rappaport Playground",4,8,16,TRUE,TRUE,"uniform",FALSE,FALSE,FALSE,FALSE
196,"Rappaport Playground",5,8,16,TRUE,TRUE,"uniform",FALSE,FALSE,FALSE,FALSE
196,"Rappaport Playground",6,8,16,TRUE,TRUE,"uniform",FALSE,FALSE,FALSE,FALSE
196,"Rappaport Playground",7,8,16,TRUE,TRUE,"uniform",FALSE,FALSE,FALSE,FALSE
197,"Mt Prospect Park Playground",1,8,16,TRUE,TRUE,"uniform",FALSE,FALSE,FALSE,FALSE
197,"Mt Prospect Park Playground",2,8,16,TRUE,TRUE,"uniform",FALSE,FALSE,FALSE,FALSE
197,"Mt Prospect Park Playground",3,8,16,TRUE,TRUE,"uniform",FALSE,FALSE,FALSE,FALSE
197,"Mt Prospect Park Playground",4,8,16,TRUE,TRUE,"uniform",FALSE,FALSE,FALSE,FALSE
197,"Mt Prospect Park Playground",5,8,16,TRUE,TRUE,"uniform",FALSE,FALSE,FALSE,FALSE
197,"Mt Prospect Park Playground",6,8,16,TRUE,TRUE,"uniform",FALSE,FALSE,FALSE,FALSE
197,"Mt Prospect Park Playground",7,8,16,TRUE,TRUE,"uniform",FALSE,FALSE,FALSE,FALSE
198,"James Forten Playground",1,8,16,TRUE,TRUE,"uniform",FALSE,FALSE,FALSE,FALSE
198,"James Forten Playground",2,8,16,TRUE,TRUE,"uniform",FALSE,FALSE,FALSE,FALSE
198,"James Forten Playground",3,8,16,TRUE,TRUE,"uniform",FALSE,FALSE,FALSE,FALSE
198,"James Forten Playground",4,8,16,TRUE,TRUE,"uniform",FALSE,FALSE,FALSE,FALSE
198,"James Forten Playground",5,8,16,TRUE,TRUE,"uniform",FALSE,FALSE,FALSE,FALSE
198,"James Forten Playground",6,8,16,TRUE,TRUE,"uniform",FALSE,FALSE,FALSE,FALSE
198,"James Forten Playground",7,8,16,TRUE,TRUE,"uniform",FALSE,FALSE,FALSE,FALSE
199,"Sperandeo Brothers Playground",1,8,16,TRUE,TRUE,"uniform",FALSE,FALSE,FALSE,FALSE
199,"Sperandeo Brothers Playground",2,8,16,TRUE,TRUE,"uniform",FALSE,FALSE,FALSE,FALSE
199,"Sperandeo Brothers Playground",3,8,16,TRUE,TRUE,"uniform",FALSE,FALSE,FALSE,FALSE
199,"Sperandeo Brothers Playground",4,8,16,TRUE,TRUE,"uniform",FALSE,FALSE,FALSE,FALSE
199,"Sperandeo Brothers Playground",5,8,16,TRUE,TRUE,"uniform",FALSE,FALSE,FALSE,FALSE
199,"Sperandeo Brothers Playground",6,8,16,TRUE,TRUE,"uniform",FALSE,FALSE,FALSE,FALSE
199,"Sperandeo Brothers Playground",7,8,16,TRUE,TRUE,"uniform",FALSE,FALSE,FALSE,FALSE
200,"Bath Beach Park",1,8,16,TRUE,TRUE,"uniform",FALSE,FALSE,FALSE,FALSE
200,"Bath Beach Park",2,8,16,TRUE,TRUE,"uniform",FALSE,FALSE,FALSE,FALSE
200,"Bath Beach Park",3,8,16,TRUE,TRUE,"uniform",FALSE,FALSE,FALSE,FALSE
200,"Bath Beach Park",4,8,16,TRUE,TRUE,"uniform",FALSE,FALSE,FALSE,FALSE
200,"Bath Beach Park",5,8,16,TRUE,TRUE,"uniform",FALSE,FALSE,FALSE,FALSE
200,"Bath Beach Park",6,8,16,TRUE,TRUE,"uniform",FALSE,FALSE,FALSE,FALSE
200,"Bath Beach Park",7,8,16,TRUE,TRUE,"uniform",FALSE,FALSE,FALSE,FALSE
201,"McGuire Fields",1,8,16,TRUE,TRUE,"uniform",FALSE,FALSE,FALSE,FALSE
201,"McGuire Fields",2,8,16,TRUE,TRUE,"uniform",FALSE,FALSE,FALSE,FALSE
201,"McGuire Fields",3,8,16,TRUE,TRUE,"uniform",FALSE,FALSE,FALSE,FALSE
201,"McGuire Fields",4,8,16,TRUE,TRUE,"uniform",FALSE,FALSE,FALSE,FALSE
201,"McGuire Fields",5,8,16,TRUE,TRUE,"uniform",FALSE,FALSE,FALSE,FALSE
201,"McGuire Fields",6,8,16,TRUE,TRUE,"uniform",FALSE,FALSE,FALSE,FALSE
201,"McGuire Fields",7,8,16,TRUE,TRUE,"uniform",FALSE,FALSE,FALSE,FALSE
202,"La Guardia Playground",1,8,16,TRUE,TRUE,"uniform",FALSE,FALSE,FALSE,FALSE
202,"La Guardia Playground",2,8,16,TRUE,TRUE,"uniform",FALSE,FALSE,FALSE,FALSE
202,"La Guardia Playground",3,8,16,TRUE,TRUE,"uniform",FALSE,FALSE,FALSE,FALSE
202,"La Guardia Playground",4,8,16,TRUE,TRUE,"uniform",FALSE,FALSE,FALSE,FALSE
202,"La Guardia Playground",5,8,16,TRUE,TRUE,"uniform",FALSE,FALSE,FALSE,FALSE
202,"La Guardia Playground",6,8,16,TRUE,TRUE,"uniform",FALSE,FALSE,FALSE,FALSE
202,"La Guardia Playground",7,8,16,TRUE,TRUE,"uniform",FALSE,FALSE,FALSE,FALSE
203,"Coney Island Beach Zone 2a",1,8,16,TRUE,TRUE,"uniform",FALSE,FALSE,FALSE,FALSE
203,"Coney Island Beach Zone 2a",2,8,16,TRUE,TRUE,"uniform",FALSE,FALSE,FALSE,FALSE
203,"Coney Island Beach Zone 2a",3,8,16,TRUE,TRUE,"uniform",FALSE,FALSE,FALSE,FALSE
203,"Coney Island Beach Zone 2a",4,8,16,TRUE,TRUE,"uniform",FALSE,FALSE,FALSE,FALSE
203,"Coney Island Beach Zone 2a",5,8,16,TRUE,TRUE,"uniform",FALSE,FALSE,FALSE,FALSE
203,"Coney Island Beach Zone 2a",6,8,16,TRUE,TRUE,"uniform",FALSE,FALSE,FALSE,FALSE
203,"Coney Island Beach Zone 2a",7,8,16,TRUE,TRUE,"uniform",FALSE,FALSE,FALSE,FALSE
204,"Coney Island Beach Zone 2b",1,8,16,TRUE,TRUE,"uniform",FALSE,FALSE,FALSE,FALSE
204,"Coney Island Beach Zone 2b",2,8,16,TRUE,TRUE,"uniform",FALSE,FALSE,FALSE,FALSE
204,"Coney Island Beach Zone 2b",3,8,16,TRUE,TRUE,"uniform",FALSE,FALSE,FALSE,FALSE
204,"Coney Island Beach Zone 2b",4,8,16,TRUE,TRUE,"uniform",FALSE,FALSE,FALSE,FALSE
204,"Coney Island Beach Zone 2b",5,8,16,TRUE,TRUE,"uniform",FALSE,FALSE,FALSE,FALSE
204,"Coney Island Beach Zone 2b",6,8,16,TRUE,TRUE,"uniform",FALSE,FALSE,FALSE,FALSE
204,"Coney Island Beach Zone 2b",7,8,16,TRUE,TRUE,"uniform",FALSE,FALSE,FALSE,FALSE
205,"Coney Island Beach Zone 4b",1,8,16,TRUE,TRUE,"uniform",FALSE,FALSE,FALSE,FALSE
205,"Coney Island Beach Zone 4b",2,8,16,TRUE,TRUE,"uniform",FALSE,FALSE,FALSE,FALSE
205,"Coney Island Beach Zone 4b",3,8,16,TRUE,TRUE,"uniform",FALSE,FALSE,FALSE,FALSE
205,"Coney Island Beach Zone 4b",4,8,16,TRUE,TRUE,"uniform",FALSE,FALSE,FALSE,FALSE
205,"Coney Island Beach Zone 4b",5,8,16,TRUE,TRUE,"uniform",FALSE,FALSE,FALSE,FALSE
205,"Coney Island Beach Zone 4b",6,8,16,TRUE,TRUE,"uniform",FALSE,FALSE,FALSE,FALSE
205,"Coney Island Beach Zone 4b",7,8,16,TRUE,TRUE,"uniform",FALSE,FALSE,FALSE,FALSE
206,"Coney Island Beach Zone 5a",1,8,16,TRUE,TRUE,"uniform",FALSE,FALSE,FALSE,FALSE
206,"Coney Island Beach Zone 5a",2,8,16,TRUE,TRUE,"uniform",FALSE,FALSE,FALSE,FALSE
206,"Coney Island Beach Zone 5a",3,8,16,TRUE,TRUE,"uniform",FALSE,FALSE,FALSE,FALSE
206,"Coney Island Beach Zone 5a",4,8,16,TRUE,TRUE,"uniform",FALSE,FALSE,FALSE,FALSE
206,"Coney Island Beach Zone 5a",5,8,16,TRUE,TRUE,"uniform",FALSE,FALSE,FALSE,FALSE
206,"Coney Island Beach Zone 5a",6,8,16,TRUE,TRUE,"uniform",FALSE,FALSE,FALSE,FALSE
206,"Coney Island Beach Zone 5a",7,8,16,TRUE,TRUE,"uniform",FALSE,FALSE,FALSE,FALSE
207,"Coney Island Beach Zone 5b",1,8,16,TRUE,TRUE,"uniform",FALSE,FALSE,FALSE,FALSE
207,"Coney Island Beach Zone 5b",2,8,16,TRUE,TRUE,"uniform",FALSE,FALSE,FALSE,FALSE
207,"Coney Island Beach Zone 5b",3,8,16,TRUE,TRUE,"uniform",FALSE,FALSE,FALSE,FALSE
207,"Coney Island Beach Zone 5b",4,8,16,TRUE,TRUE,"uniform",FALSE,FALSE,FALSE,FALSE
207,"Coney Island Beach Zone 5b",5,8,16,TRUE,TRUE,"uniform",FALSE,FALSE,FALSE,FALSE
207,"Coney Island Beach Zone 5b",6,8,16,TRUE,TRUE,"uniform",FALSE,FALSE,FALSE,FALSE
207,"Coney Island Beach Zone 5b",7,8,16,TRUE,TRUE,"uniform",FALSE,FALSE,FALSE,FALSE
208,"Coney Island Beach Zone 6b",1,8,16,TRUE,TRUE,"uniform",FALSE,FALSE,FALSE,FALSE
208,"Coney Island Beach Zone 6b",2,8,16,TRUE,TRUE,"uniform",FALSE,FALSE,FALSE,FALSE
208,"Coney Island Beach Zone 6b",3,8,16,TRUE,TRUE,"uniform",FALSE,FALSE,FALSE,FALSE
208,"Coney Island Beach Zone 6b",4,8,16,TRUE,TRUE,"uniform",FALSE,FALSE,FALSE,FALSE
208,"Coney Island Beach Zone 6b",5,8,16,TRUE,TRUE,"uniform",FALSE,FALSE,FALSE,FALSE
208,"Coney Island Beach Zone 6b",6,8,16,TRUE,TRUE,"uniform",FALSE,FALSE,FALSE,FALSE
208,"Coney Island Beach Zone 6b",7,8,16,TRUE,TRUE,"uniform",FALSE,FALSE,FALSE,FALSE
209,"Coney Island Beach Zone 7a",1,8,16,TRUE,TRUE,"uniform",FALSE,FALSE,FALSE,FALSE
209,"Coney Island Beach Zone 7a",2,8,16,TRUE,TRUE,"uniform",FALSE,FALSE,FALSE,FALSE
209,"Coney Island Beach Zone 7a",3,8,16,TRUE,TRUE,"uniform",FALSE,FALSE,FALSE,FALSE
209,"Coney Island Beach Zone 7a",4,8,16,TRUE,TRUE,"uniform",FALSE,FALSE,FALSE,FALSE
209,"Coney Island Beach Zone 7a",5,8,16,TRUE,TRUE,"uniform",FALSE,FALSE,FALSE,FALSE
209,"Coney Island Beach Zone 7a",6,8,16,TRUE,TRUE,"uniform",FALSE,FALSE,FALSE,FALSE
209,"Coney Island Beach Zone 7a",7,8,16,TRUE,TRUE,"uniform",FALSE,FALSE,FALSE,FALSE
210,"Coney Island Beach Zone 7c",1,8,16,TRUE,TRUE,"uniform",FALSE,FALSE,FALSE,FALSE
210,"Coney Island Beach Zone 7c",2,8,16,TRUE,TRUE,"uniform",FALSE,FALSE,FALSE,FALSE
210,"Coney Island Beach Zone 7c",3,8,16,TRUE,TRUE,"uniform",FALSE,FALSE,FALSE,FALSE
210,"Coney Island Beach Zone 7c",4,8,16,TRUE,TRUE,"uniform",FALSE,FALSE,FALSE,FALSE
210,"Coney Island Beach Zone 7c",5,8,16,TRUE,TRUE,"uniform",FALSE,FALSE,FALSE,FALSE
210,"Coney Island Beach Zone 7c",6,8,16,TRUE,TRUE,"uniform",FALSE,FALSE,FALSE,FALSE
210,"Coney Island Beach Zone 7c",7,8,16,TRUE,TRUE,"uniform",FALSE,FALSE,FALSE,FALSE
211,"Russell Pedersen Playground",1,8,16,TRUE,TRUE,"uniform",FALSE,FALSE,FALSE,FALSE
211,"Russell Pedersen Playground",2,8,16,TRUE,TRUE,"uniform",FALSE,FALSE,FALSE,FALSE
211,"Russell Pedersen Playground",3,8,16,TRUE,TRUE,"uniform",FALSE,FALSE,FALSE,FALSE
211,"Russell Pedersen Playground",4,8,16,TRUE,TRUE,"uniform",FALSE,FALSE,FALSE,FALSE
211,"Russell Pedersen Playground",5,8,16,TRUE,TRUE,"uniform",FALSE,FALSE,FALSE,FALSE
211,"Russell Pedersen Playground",6,8,16,TRUE,TRUE,"uniform",FALSE,FALSE,FALSE,FALSE
211,"Russell Pedersen Playground",7,8,16,TRUE,TRUE,"uniform",FALSE,FALSE,FALSE,FALSE
212,"Hamilton Metz Field",1,8,16,TRUE,TRUE,"uniform",FALSE,FALSE,FALSE,FALSE
212,"Hamilton Metz Field",2,8,16,TRUE,TRUE,"uniform",FALSE,FALSE,FALSE,FALSE
212,"Hamilton Metz Field",3,8,16,TRUE,TRUE,"uniform",FALSE,FALSE,FALSE,FALSE
212,"Hamilton Metz Field",4,8,16,TRUE,TRUE,"uniform",FALSE,FALSE,FALSE,FALSE
212,"Hamilton Metz Field",5,8,16,TRUE,TRUE,"uniform",FALSE,FALSE,FALSE,FALSE
212,"Hamilton Metz Field",6,8,16,TRUE,TRUE,"uniform",FALSE,FALSE,FALSE,FALSE
212,"Hamilton Metz Field",7,8,16,TRUE,TRUE,"uniform",FALSE,FALSE,FALSE,FALSE
213,"Mellett Playground",1,8,16,TRUE,TRUE,"uniform",FALSE,FALSE,FALSE,FALSE
213,"Mellett Playground",2,8,16,TRUE,TRUE,"uniform",FALSE,FALSE,FALSE,FALSE
213,"Mellett Playground",3,8,16,TRUE,TRUE,"uniform",FALSE,FALSE,FALSE,FALSE
213,"Mellett Playground",4,8,16,TRUE,TRUE,"uniform",FALSE,FALSE,FALSE,FALSE
213,"Mellett Playground",5,8,16,TRUE,TRUE,"uniform",FALSE,FALSE,FALSE,FALSE
213,"Mellett Playground",6,8,16,TRUE,TRUE,"uniform",FALSE,FALSE,FALSE,FALSE
213,"Mellett Playground",7,8,16,TRUE,TRUE,"uniform",FALSE,FALSE,FALSE,FALSE
214,"Sarsfield Playground",1,8,16,TRUE,TRUE,"uniform",FALSE,FALSE,FALSE,FALSE
214,"Sarsfield Playground",2,8,16,TRUE,TRUE,"uniform",FALSE,FALSE,FALSE,FALSE
214,"Sarsfield Playground",3,8,16,TRUE,TRUE,"uniform",FALSE,FALSE,FALSE,FALSE
214,"Sarsfield Playground",4,8,16,TRUE,TRUE,"uniform",FALSE,FALSE,FALSE,FALSE
214,"Sarsfield Playground",5,8,16,TRUE,TRUE,"uniform",FALSE,FALSE,FALSE,FALSE
214,"Sarsfield Playground",6,8,16,TRUE,TRUE,"uniform",FALSE,FALSE,FALSE,FALSE
214,"Sarsfield Playground",7,8,16,TRUE,TRUE,"uniform",FALSE,FALSE,FALSE,FALSE
215,"Pfc Norton Playground",1,8,16,TRUE,TRUE,"uniform",FALSE,FALSE,FALSE,FALSE
215,"Pfc Norton Playground",2,8,16,TRUE,TRUE,"uniform",FALSE,FALSE,FALSE,FALSE
215,"Pfc Norton Playground",3,8,16,TRUE,TRUE,"uniform",FALSE,FALSE,FALSE,FALSE
215,"Pfc Norton Playground",4,8,16,TRUE,TRUE,"uniform",FALSE,FALSE,FALSE,FALSE
215,"Pfc Norton Playground",5,8,16,TRUE,TRUE,"uniform",FALSE,FALSE,FALSE,FALSE
215,"Pfc Norton Playground",6,8,16,TRUE,TRUE,"uniform",FALSE,FALSE,FALSE,FALSE
215,"Pfc Norton Playground",7,8,16,TRUE,TRUE,"uniform",FALSE,FALSE,FALSE,FALSE
216,"Galapo Playground",1,8,16,TRUE,TRUE,"uniform",FALSE,FALSE,FALSE,FALSE
216,"Galapo Playground",2,8,16,TRUE,TRUE,"uniform",FALSE,FALSE,FALSE,FALSE
216,"Galapo Playground",3,8,16,TRUE,TRUE,"uniform",FALSE,FALSE,FALSE,FALSE
216,"Galapo Playground",4,8,16,TRUE,TRUE,"uniform",FALSE,FALSE,FALSE,FALSE
216,"Galapo Playground",5,8,16,TRUE,TRUE,"uniform",FALSE,FALSE,FALSE,FALSE
216,"Galapo Playground",6,8,16,TRUE,TRUE,"uniform",FALSE,FALSE,FALSE,FALSE
216,"Galapo Playground",7,8,16,TRUE,TRUE,"uniform",FALSE,FALSE,FALSE,FALSE
217,"John Allen Payne Playground",1,8,16,TRUE,TRUE,"uniform",FALSE,FALSE,FALSE,FALSE
217,"John Allen Payne Playground",2,8,16,TRUE,TRUE,"uniform",FALSE,FALSE,FALSE,FALSE
217,"John Allen Payne Playground",3,8,16,TRUE,TRUE,"uniform",FALSE,FALSE,FALSE,FALSE
217,"John Allen Payne Playground",4,8,16,TRUE,TRUE,"uniform",FALSE,FALSE,FALSE,FALSE
217,"John Allen Payne Playground",5,8,16,TRUE,TRUE,"uniform",FALSE,FALSE,FALSE,FALSE
217,"John Allen Payne Playground",6,8,16,TRUE,TRUE,"uniform",FALSE,FALSE,FALSE,FALSE
217,"John Allen Payne Playground",7,8,16,TRUE,TRUE,"uniform",FALSE,FALSE,FALSE,FALSE
218,"Pena Herrera Playground",1,8,16,TRUE,TRUE,"uniform",FALSE,FALSE,FALSE,FALSE
218,"Pena Herrera Playground",2,8,16,TRUE,TRUE,"uniform",FALSE,FALSE,FALSE,FALSE
218,"Pena Herrera Playground",3,8,16,TRUE,TRUE,"uniform",FALSE,FALSE,FALSE,FALSE
218,"Pena Herrera Playground",4,8,16,TRUE,TRUE,"uniform",FALSE,FALSE,FALSE,FALSE
218,"Pena Herrera Playground",5,8,16,TRUE,TRUE,"uniform",FALSE,FALSE,FALSE,FALSE
218,"Pena Herrera Playground",6,8,16,TRUE,TRUE,"uniform",FALSE,FALSE,FALSE,FALSE
218,"Pena Herrera Playground",7,8,16,TRUE,TRUE,"uniform",FALSE,FALSE,FALSE,FALSE
219,"John J Carty Park",1,8,16,TRUE,TRUE,"uniform",FALSE,FALSE,FALSE,FALSE
219,"John J Carty Park",2,8,16,TRUE,TRUE,"uniform",FALSE,FALSE,FALSE,FALSE
219,"John J Carty Park",3,8,16,TRUE,TRUE,"uniform",FALSE,FALSE,FALSE,FALSE
219,"John J Carty Park",4,8,16,TRUE,TRUE,"uniform",FALSE,FALSE,FALSE,FALSE
219,"John J Carty Park",5,8,16,TRUE,TRUE,"uniform",FALSE,FALSE,FALSE,FALSE
219,"John J Carty Park",6,8,16,TRUE,TRUE,"uniform",FALSE,FALSE,FALSE,FALSE
219,"John J Carty Park",7,8,16,TRUE,TRUE,"uniform",FALSE,FALSE,FALSE,FALSE
220,"Linden Park",1,8,16,TRUE,TRUE,"uniform",FALSE,FALSE,FALSE,FALSE
220,"Linden Park",2,8,16,TRUE,TRUE,"uniform",FALSE,FALSE,FALSE,FALSE
220,"Linden Park",3,8,16,TRUE,TRUE,"uniform",FALSE,FALSE,FALSE,FALSE
220,"Linden Park",4,8,16,TRUE,TRUE,"uniform",FALSE,FALSE,FALSE,FALSE
220,"Linden Park",5,8,16,TRUE,TRUE,"uniform",FALSE,FALSE,FALSE,FALSE
220,"Linden Park",6,8,16,TRUE,TRUE,"uniform",FALSE,FALSE,FALSE,FALSE
220,"Linden Park",7,8,16,TRUE,TRUE,"uniform",FALSE,FALSE,FALSE,FALSE
221,"Raymond Bush Playground",1,,,,FALSE,"blank",,,FALSE,
221,"Raymond Bush Playground",2,,,,FALSE,"blank",,,FALSE,
221,"Raymond Bush Playground",3,,,,FALSE,"blank",,,FALSE,
221,"Raymond Bush Playground",4,,,,FALSE,"blank",,,FALSE,
221,"Raymond Bush Playground",5,,,,FALSE,"blank",,,FALSE,
221,"Raymond Bush Playground",6,,,,FALSE,"blank",,,FALSE,
221,"Raymond Bush Playground",7,,,,FALSE,"blank",,,FALSE,
222,"Paerdegat Park",1,8,16,TRUE,TRUE,"uniform",FALSE,FALSE,FALSE,FALSE
222,"Paerdegat Park",2,8,16,TRUE,TRUE,"uniform",FALSE,FALSE,FALSE,FALSE
222,"Paerdegat Park",3,8,16,TRUE,TRUE,"uniform",FALSE,FALSE,FALSE,FALSE
222,"Paerdegat Park",4,8,16,TRUE,TRUE,"uniform",FALSE,FALSE,FALSE,FALSE
222,"Paerdegat Park",5,8,16,TRUE,TRUE,"uniform",FALSE,FALSE,FALSE,FALSE
222,"Paerdegat Park",6,8,16,TRUE,TRUE,"uniform",FALSE,FALSE,FALSE,FALSE
222,"Paerdegat Park",7,8,16,TRUE,TRUE,"uniform",FALSE,FALSE,FALSE,FALSE
223,"Washington Hall Park",1,8,16,TRUE,TRUE,"uniform",FALSE,FALSE,FALSE,FALSE
223,"Washington Hall Park",2,8,16,TRUE,TRUE,"uniform",FALSE,FALSE,FALSE,FALSE
223,"Washington Hall Park",3,8,16,TRUE,TRUE,"uniform",FALSE,FALSE,FALSE,FALSE
223,"Washington Hall Park",4,8,16,TRUE,TRUE,"uniform",FALSE,FALSE,FALSE,FALSE
223,"Washington Hall Park",5,8,16,TRUE,TRUE,"uniform",FALSE,FALSE,FALSE,FALSE
223,"Washington Hall Park",6,8,16,TRUE,TRUE,"uniform",FALSE,FALSE,FALSE,FALSE
223,"Washington Hall Park",7,8,16,TRUE,TRUE,"uniform",FALSE,FALSE,FALSE,FALSE
224,"Pierrepont Playground",1,8,16,TRUE,TRUE,"uniform",FALSE,FALSE,FALSE,FALSE
224,"Pierrepont Playground",2,8,16,TRUE,TRUE,"uniform",FALSE,FALSE,FALSE,FALSE
224,"Pierrepont Playground",3,8,16,TRUE,TRUE,"uniform",FALSE,FALSE,FALSE,FALSE
224,"Pierrepont Playground",4,8,16,TRUE,TRUE,"uniform",FALSE,FALSE,FALSE,FALSE
224,"Pierrepont Playground",5,8,16,TRUE,TRUE,"uniform",FALSE,FALSE,FALSE,FALSE
224,"Pierrepont Playground",6,8,16,TRUE,TRUE,"uniform",FALSE,FALSE,FALSE,FALSE
224,"Pierrepont Playground",7,8,16,TRUE,TRUE,"uniform",FALSE,FALSE,FALSE,FALSE
225,"Dimattina Playground",1,8,16,TRUE,TRUE,"uniform",FALSE,FALSE,FALSE,FALSE
225,"Dimattina Playground",2,8,16,TRUE,TRUE,"uniform",FALSE,FALSE,FALSE,FALSE
225,"Dimattina Playground",3,8,16,TRUE,TRUE,"uniform",FALSE,FALSE,FALSE,FALSE
225,"Dimattina Playground",4,8,16,TRUE,TRUE,"uniform",FALSE,FALSE,FALSE,FALSE
225,"Dimattina Playground",5,8,16,TRUE,TRUE,"uniform",FALSE,FALSE,FALSE,FALSE
225,"Dimattina Playground",6,8,16,TRUE,TRUE,"uniform",FALSE,FALSE,FALSE,FALSE
225,"Dimattina Playground",7,8,16,TRUE,TRUE,"uniform",FALSE,FALSE,FALSE,FALSE
226,"Squibb Park",1,8,16,TRUE,TRUE,"uniform",FALSE,FALSE,FALSE,FALSE
226,"Squibb Park",2,8,16,TRUE,TRUE,"uniform",FALSE,FALSE,FALSE,FALSE
226,"Squibb Park",3,8,16,TRUE,TRUE,"uniform",FALSE,FALSE,FALSE,FALSE
226,"Squibb Park",4,8,16,TRUE,TRUE,"uniform",FALSE,FALSE,FALSE,FALSE
226,"Squibb Park",5,8,16,TRUE,TRUE,"uniform",FALSE,FALSE,FALSE,FALSE
226,"Squibb Park",6,8,16,TRUE,TRUE,"uniform",FALSE,FALSE,FALSE,FALSE
226,"Squibb Park",7,8,16,TRUE,TRUE,"uniform",FALSE,FALSE,FALSE,FALSE
227,"Susan Smith McKinney Steward Park",1,8,16,TRUE,TRUE,"uniform",FALSE,FALSE,FALSE,FALSE
227,"Susan Smith McKinney Steward Park",2,8,16,TRUE,TRUE,"uniform",FALSE,FALSE,FALSE,FALSE
227,"Susan Smith McKinney Steward Park",3,8,16,TRUE,TRUE,"uniform",FALSE,FALSE,FALSE,FALSE
227,"Susan Smith McKinney Steward Park",4,8,16,TRUE,TRUE,"uniform",FALSE,FALSE,FALSE,FALSE
227,"Susan Smith McKinney Steward Park",5,8,16,TRUE,TRUE,"uniform",FALSE,FALSE,FALSE,FALSE
227,"Susan Smith McKinney Steward Park",6,8,16,TRUE,TRUE,"uniform",FALSE,FALSE,FALSE,FALSE
227,"Susan Smith McKinney Steward Park",7,8,16,TRUE,TRUE,"uniform",FALSE,FALSE,FALSE,FALSE
228,"Strawberry Playground",1,8,16,TRUE,TRUE,"uniform",FALSE,FALSE,FALSE,FALSE
228,"Strawberry Playground",2,8,16,TRUE,TRUE,"uniform",FALSE,FALSE,FALSE,FALSE
228,"Strawberry Playground",3,8,16,TRUE,TRUE,"uniform",FALSE,FALSE,FALSE,FALSE
228,"Strawberry Playground",4,8,16,TRUE,TRUE,"uniform",FALSE,FALSE,FALSE,FALSE
228,"Strawberry Playground",5,8,16,TRUE,TRUE,"uniform",FALSE,FALSE,FALSE,FALSE
228,"Strawberry Playground",6,8,16,TRUE,TRUE,"uniform",FALSE,FALSE,FALSE,FALSE
228,"Strawberry Playground",7,8,16,TRUE,TRUE,"uniform",FALSE,FALSE,FALSE,FALSE
229,"Jaime Campiz Playground",1,8,16,TRUE,TRUE,"uniform",FALSE,FALSE,FALSE,FALSE
229,"Jaime Campiz Playground",2,8,16,TRUE,TRUE,"uniform",FALSE,FALSE,FALSE,FALSE
229,"Jaime Campiz Playground",3,8,16,TRUE,TRUE,"uniform",FALSE,FALSE,FALSE,FALSE
229,"Jaime Campiz Playground",4,8,16,TRUE,TRUE,"uniform",FALSE,FALSE,FALSE,FALSE
229,"Jaime Campiz Playground",5,8,16,TRUE,TRUE,"uniform",FALSE,FALSE,FALSE,FALSE
229,"Jaime Campiz Playground",6,8,16,TRUE,TRUE,"uniform",FALSE,FALSE,FALSE,FALSE
229,"Jaime Campiz Playground",7,8,16,TRUE,TRUE,"uniform",FALSE,FALSE,FALSE,FALSE
230,"P.O. Reinaldo Salgado Playground",1,8,16,TRUE,TRUE,"uniform",FALSE,FALSE,FALSE,FALSE
230,"P.O. Reinaldo Salgado Playground",2,8,16,TRUE,TRUE,"uniform",FALSE,FALSE,FALSE,FALSE
230,"P.O. Reinaldo Salgado Playground",3,8,16,TRUE,TRUE,"uniform",FALSE,FALSE,FALSE,FALSE
230,"P.O. Reinaldo Salgado Playground",4,8,16,TRUE,TRUE,"uniform",FALSE,FALSE,FALSE,FALSE
230,"P.O. Reinaldo Salgado Playground",5,8,16,TRUE,TRUE,"uniform",FALSE,FALSE,FALSE,FALSE
230,"P.O. Reinaldo Salgado Playground",6,8,16,TRUE,TRUE,"uniform",FALSE,FALSE,FALSE,FALSE
230,"P.O. Reinaldo Salgado Playground",7,8,16,TRUE,TRUE,"uniform",FALSE,FALSE,FALSE,FALSE
231,"St. Andrew's Playground",1,8,16,TRUE,TRUE,"uniform",FALSE,FALSE,FALSE,FALSE
231,"St. Andrew's Playground",2,8,16,TRUE,TRUE,"uniform",FALSE,FALSE,FALSE,FALSE
231,"St. Andrew's Playground",3,8,16,TRUE,TRUE,"uniform",FALSE,FALSE,FALSE,FALSE
231,"St. Andrew's Playground",4,8,16,TRUE,TRUE,"uniform",FALSE,FALSE,FALSE,FALSE
231,"St. Andrew's Playground",5,8,16,TRUE,TRUE,"uniform",FALSE,FALSE,FALSE,FALSE
231,"St. Andrew's Playground",6,8,16,TRUE,TRUE,"uniform",FALSE,FALSE,FALSE,FALSE
231,"St. Andrew's Playground",7,8,16,TRUE,TRUE,"uniform",FALSE,FALSE,FALSE,FALSE
232,"Dr. Green Playground",1,8,16,TRUE,TRUE,"uniform",FALSE,FALSE,FALSE,FALSE
232,"Dr. Green Playground",2,8,16,TRUE,TRUE,"uniform",FALSE,FALSE,FALSE,FALSE
232,"Dr. Green Playground",3,8,16,TRUE,TRUE,"uniform",FALSE,FALSE,FALSE,FALSE
232,"Dr. Green Playground",4,8,16,TRUE,TRUE,"uniform",FALSE,FALSE,FALSE,FALSE
232,"Dr. Green Playground",5,8,16,TRUE,TRUE,"uniform",FALSE,FALSE,FALSE,FALSE
232,"Dr. Green Playground",6,8,16,TRUE,TRUE,"uniform",FALSE,FALSE,FALSE,FALSE
232,"Dr. Green Playground",7,8,16,TRUE,TRUE,"uniform",FALSE,FALSE,FALSE,FALSE
233,"Nicholas Naquan Heyward Jr. Park",1,8,16,TRUE,TRUE,"uniform",FALSE,FALSE,FALSE,FALSE
233,"Nicholas Naquan Heyward Jr. Park",2,8,16,TRUE,TRUE,"uniform",FALSE,FALSE,FALSE,FALSE
233,"Nicholas Naquan Heyward Jr. Park",3,8,16,TRUE,TRUE,"uniform",FALSE,FALSE,FALSE,FALSE
233,"Nicholas Naquan Heyward Jr. Park",4,8,16,TRUE,TRUE,"uniform",FALSE,FALSE,FALSE,FALSE
233,"Nicholas Naquan Heyward Jr. Park",5,8,16,TRUE,TRUE,"uniform",FALSE,FALSE,FALSE,FALSE
233,"Nicholas Naquan Heyward Jr. Park",6,8,16,TRUE,TRUE,"uniform",FALSE,FALSE,FALSE,FALSE
233,"Nicholas Naquan Heyward Jr. Park",7,8,16,TRUE,TRUE,"uniform",FALSE,FALSE,FALSE,FALSE
234,"Dean Playground",1,8,16,TRUE,TRUE,"uniform",FALSE,FALSE,FALSE,FALSE
234,"Dean Playground",2,8,16,TRUE,TRUE,"uniform",FALSE,FALSE,FALSE,FALSE
234,"Dean Playground",3,8,16,TRUE,TRUE,"uniform",FALSE,FALSE,FALSE,FALSE
234,"Dean Playground",4,8,16,TRUE,TRUE,"uniform",FALSE,FALSE,FALSE,FALSE
234,"Dean Playground",5,8,16,TRUE,TRUE,"uniform",FALSE,FALSE,FALSE,FALSE
234,"Dean Playground",6,8,16,TRUE,TRUE,"uniform",FALSE,FALSE,FALSE,FALSE
234,"Dean Playground",7,8,16,TRUE,TRUE,"uniform",FALSE,FALSE,FALSE,FALSE
235,"Tilden Playground",1,8,16,TRUE,TRUE,"uniform",FALSE,FALSE,FALSE,FALSE
235,"Tilden Playground",2,8,16,TRUE,TRUE,"uniform",FALSE,FALSE,FALSE,FALSE
235,"Tilden Playground",3,8,16,TRUE,TRUE,"uniform",FALSE,FALSE,FALSE,FALSE
235,"Tilden Playground",4,8,16,TRUE,TRUE,"uniform",FALSE,FALSE,FALSE,FALSE
235,"Tilden Playground",5,8,16,TRUE,TRUE,"uniform",FALSE,FALSE,FALSE,FALSE
235,"Tilden Playground",6,8,16,TRUE,TRUE,"uniform",FALSE,FALSE,FALSE,FALSE
235,"Tilden Playground",7,8,16,TRUE,TRUE,"uniform",FALSE,FALSE,FALSE,FALSE
236,"Herman Dolgon Playground",1,8,16,TRUE,TRUE,"uniform",FALSE,FALSE,FALSE,FALSE
236,"Herman Dolgon Playground",2,8,16,TRUE,TRUE,"uniform",FALSE,FALSE,FALSE,FALSE
236,"Herman Dolgon Playground",3,8,16,TRUE,TRUE,"uniform",FALSE,FALSE,FALSE,FALSE
236,"Herman Dolgon Playground",4,8,16,TRUE,TRUE,"uniform",FALSE,FALSE,FALSE,FALSE
236,"Herman Dolgon Playground",5,8,16,TRUE,TRUE,"uniform",FALSE,FALSE,FALSE,FALSE
236,"Herman Dolgon Playground",6,8,16,TRUE,TRUE,"uniform",FALSE,FALSE,FALSE,FALSE
236,"Herman Dolgon Playground",7,8,16,TRUE,TRUE,"uniform",FALSE,FALSE,FALSE,FALSE
237,"Glenwood Playground",1,8,16,TRUE,TRUE,"uniform",FALSE,FALSE,FALSE,FALSE
237,"Glenwood Playground",2,8,16,TRUE,TRUE,"uniform",FALSE,FALSE,FALSE,FALSE
237,"Glenwood Playground",3,8,16,TRUE,TRUE,"uniform",FALSE,FALSE,FALSE,FALSE
237,"Glenwood Playground",4,8,16,TRUE,TRUE,"uniform",FALSE,FALSE,FALSE,FALSE
237,"Glenwood Playground",5,8,16,TRUE,TRUE,"uniform",FALSE,FALSE,FALSE,FALSE
237,"Glenwood Playground",6,8,16,TRUE,TRUE,"uniform",FALSE,FALSE,FALSE,FALSE
237,"Glenwood Playground",7,8,16,TRUE,TRUE,"uniform",FALSE,FALSE,FALSE,FALSE
238,"Golconda Playground",1,8,16,TRUE,TRUE,"uniform",FALSE,FALSE,FALSE,FALSE
238,"Golconda Playground",2,8,16,TRUE,TRUE,"uniform",FALSE,FALSE,FALSE,FALSE
238,"Golconda Playground",3,8,16,TRUE,TRUE,"uniform",FALSE,FALSE,FALSE,FALSE
238,"Golconda Playground",4,8,16,TRUE,TRUE,"uniform",FALSE,FALSE,FALSE,FALSE
238,"Golconda Playground",5,8,16,TRUE,TRUE,"uniform",FALSE,FALSE,FALSE,FALSE
238,"Golconda Playground",6,8,16,TRUE,TRUE,"uniform",FALSE,FALSE,FALSE,FALSE
238,"Golconda Playground",7,8,16,TRUE,TRUE,"uniform",FALSE,FALSE,FALSE,FALSE
239,"McDonald Playground",1,8,16,TRUE,TRUE,"uniform",FALSE,FALSE,FALSE,FALSE
239,"McDonald Playground",2,8,16,TRUE,TRUE,"uniform",FALSE,FALSE,FALSE,FALSE
239,"McDonald Playground",3,8,16,TRUE,TRUE,"uniform",FALSE,FALSE,FALSE,FALSE
239,"McDonald Playground",4,8,16,TRUE,TRUE,"uniform",FALSE,FALSE,FALSE,FALSE
239,"McDonald Playground",5,8,16,TRUE,TRUE,"uniform",FALSE,FALSE,FALSE,FALSE
239,"McDonald Playground",6,8,16,TRUE,TRUE,"uniform",FALSE,FALSE,FALSE,FALSE
239,"McDonald Playground",7,8,16,TRUE,TRUE,"uniform",FALSE,FALSE,FALSE,FALSE
240,"St. John's Park",1,8,16,TRUE,TRUE,"uniform",FALSE,FALSE,FALSE,FALSE
240,"St. John's Park",2,8,16,TRUE,TRUE,"uniform",FALSE,FALSE,FALSE,FALSE
240,"St. John's Park",3,8,16,TRUE,TRUE,"uniform",FALSE,FALSE,FALSE,FALSE
240,"St. John's Park",4,8,16,TRUE,TRUE,"uniform",FALSE,FALSE,FALSE,FALSE
240,"St. John's Park",5,8,16,TRUE,TRUE,"uniform",FALSE,FALSE,FALSE,FALSE
240,"St. John's Park",6,8,16,TRUE,TRUE,"uniform",FALSE,FALSE,FALSE,FALSE
240,"St. John's Park",7,8,16,TRUE,TRUE,"uniform",FALSE,FALSE,FALSE,FALSE
241,"Breukelen Playground",1,8,16,TRUE,TRUE,"uniform",FALSE,FALSE,FALSE,FALSE
241,"Breukelen Playground",2,8,16,TRUE,TRUE,"uniform",FALSE,FALSE,FALSE,FALSE
241,"Breukelen Playground",3,8,16,TRUE,TRUE,"uniform",FALSE,FALSE,FALSE,FALSE
241,"Breukelen Playground",4,8,16,TRUE,TRUE,"uniform",FALSE,FALSE,FALSE,FALSE
241,"Breukelen Playground",5,8,16,TRUE,TRUE,"uniform",FALSE,FALSE,FALSE,FALSE
241,"Breukelen Playground",6,8,16,TRUE,TRUE,"uniform",FALSE,FALSE,FALSE,FALSE
241,"Breukelen Playground",7,8,16,TRUE,TRUE,"uniform",FALSE,FALSE,FALSE,FALSE
242,"Fox Playground",1,8,16,TRUE,TRUE,"uniform",FALSE,FALSE,FALSE,FALSE
242,"Fox Playground",2,8,16,TRUE,TRUE,"uniform",FALSE,FALSE,FALSE,FALSE
242,"Fox Playground",3,8,16,TRUE,TRUE,"uniform",FALSE,FALSE,FALSE,FALSE
242,"Fox Playground",4,8,16,TRUE,TRUE,"uniform",FALSE,FALSE,FALSE,FALSE
242,"Fox Playground",5,8,16,TRUE,TRUE,"uniform",FALSE,FALSE,FALSE,FALSE
242,"Fox Playground",6,8,16,TRUE,TRUE,"uniform",FALSE,FALSE,FALSE,FALSE
242,"Fox Playground",7,8,16,TRUE,TRUE,"uniform",FALSE,FALSE,FALSE,FALSE
243,"Nostrand Playground",1,8,16,TRUE,TRUE,"uniform",FALSE,FALSE,FALSE,FALSE
243,"Nostrand Playground",2,8,16,TRUE,TRUE,"uniform",FALSE,FALSE,FALSE,FALSE
243,"Nostrand Playground",3,8,16,TRUE,TRUE,"uniform",FALSE,FALSE,FALSE,FALSE
243,"Nostrand Playground",4,8,16,TRUE,TRUE,"uniform",FALSE,FALSE,FALSE,FALSE
243,"Nostrand Playground",5,8,16,TRUE,TRUE,"uniform",FALSE,FALSE,FALSE,FALSE
243,"Nostrand Playground",6,8,16,TRUE,TRUE,"uniform",FALSE,FALSE,FALSE,FALSE
243,"Nostrand Playground",7,8,16,TRUE,TRUE,"uniform",FALSE,FALSE,FALSE,FALSE
244,"Pat Parlato Playground",1,8,16,TRUE,TRUE,"uniform",FALSE,FALSE,FALSE,FALSE
244,"Pat Parlato Playground",2,8,16,TRUE,TRUE,"uniform",FALSE,FALSE,FALSE,FALSE
244,"Pat Parlato Playground",3,8,16,TRUE,TRUE,"uniform",FALSE,FALSE,FALSE,FALSE
244,"Pat Parlato Playground",4,8,16,TRUE,TRUE,"uniform",FALSE,FALSE,FALSE,FALSE
244,"Pat Parlato Playground",5,8,16,TRUE,TRUE,"uniform",FALSE,FALSE,FALSE,FALSE
244,"Pat Parlato Playground",6,8,16,TRUE,TRUE,"uniform",FALSE,FALSE,FALSE,FALSE
244,"Pat Parlato Playground",7,8,16,TRUE,TRUE,"uniform",FALSE,FALSE,FALSE,FALSE
245,"Manhattan Beach Zone 2",1,8,16,TRUE,TRUE,"uniform",FALSE,FALSE,FALSE,FALSE
245,"Manhattan Beach Zone 2",2,8,16,TRUE,TRUE,"uniform",FALSE,FALSE,FALSE,FALSE
245,"Manhattan Beach Zone 2",3,8,16,TRUE,TRUE,"uniform",FALSE,FALSE,FALSE,FALSE
245,"Manhattan Beach Zone 2",4,8,16,TRUE,TRUE,"uniform",FALSE,FALSE,FALSE,FALSE
245,"Manhattan Beach Zone 2",5,8,16,TRUE,TRUE,"uniform",FALSE,FALSE,FALSE,FALSE
245,"Manhattan Beach Zone 2",6,8,16,TRUE,TRUE,"uniform",FALSE,FALSE,FALSE,FALSE
245,"Manhattan Beach Zone 2",7,8,16,TRUE,TRUE,"uniform",FALSE,FALSE,FALSE,FALSE
246,"Albert J. Parham Playground",1,8,16,TRUE,TRUE,"uniform",FALSE,FALSE,FALSE,FALSE
246,"Albert J. Parham Playground",2,8,16,TRUE,TRUE,"uniform",FALSE,FALSE,FALSE,FALSE
246,"Albert J. Parham Playground",3,8,16,TRUE,TRUE,"uniform",FALSE,FALSE,FALSE,FALSE
246,"Albert J. Parham Playground",4,8,16,TRUE,TRUE,"uniform",FALSE,FALSE,FALSE,FALSE
246,"Albert J. Parham Playground",5,8,16,TRUE,TRUE,"uniform",FALSE,FALSE,FALSE,FALSE
246,"Albert J. Parham Playground",6,8,16,TRUE,TRUE,"uniform",FALSE,FALSE,FALSE,FALSE
246,"Albert J. Parham Playground",7,8,16,TRUE,TRUE,"uniform",FALSE,FALSE,FALSE,FALSE
247,"Wingate Park",1,8,16,TRUE,TRUE,"uniform",FALSE,FALSE,FALSE,FALSE
247,"Wingate Park",2,8,16,TRUE,TRUE,"uniform",FALSE,FALSE,FALSE,FALSE
247,"Wingate Park",3,8,16,TRUE,TRUE,"uniform",FALSE,FALSE,FALSE,FALSE
247,"Wingate Park",4,8,16,TRUE,TRUE,"uniform",FALSE,FALSE,FALSE,FALSE
247,"Wingate Park",5,8,16,TRUE,TRUE,"uniform",FALSE,FALSE,FALSE,FALSE
247,"Wingate Park",6,8,16,TRUE,TRUE,"uniform",FALSE,FALSE,FALSE,FALSE
247,"Wingate Park",7,8,16,TRUE,TRUE,"uniform",FALSE,FALSE,FALSE,FALSE
248,"Brevoort Playground",1,8,16,TRUE,TRUE,"uniform",FALSE,FALSE,FALSE,FALSE
248,"Brevoort Playground",2,8,16,TRUE,TRUE,"uniform",FALSE,FALSE,FALSE,FALSE
248,"Brevoort Playground",3,8,16,TRUE,TRUE,"uniform",FALSE,FALSE,FALSE,FALSE
248,"Brevoort Playground",4,8,16,TRUE,TRUE,"uniform",FALSE,FALSE,FALSE,FALSE
248,"Brevoort Playground",5,8,16,TRUE,TRUE,"uniform",FALSE,FALSE,FALSE,FALSE
248,"Brevoort Playground",6,8,16,TRUE,TRUE,"uniform",FALSE,FALSE,FALSE,FALSE
248,"Brevoort Playground",7,8,16,TRUE,TRUE,"uniform",FALSE,FALSE,FALSE,FALSE
249,"Underwood Park",1,8,16,TRUE,TRUE,"uniform",FALSE,FALSE,FALSE,FALSE
249,"Underwood Park",2,8,16,TRUE,TRUE,"uniform",FALSE,FALSE,FALSE,FALSE
249,"Underwood Park",3,8,16,TRUE,TRUE,"uniform",FALSE,FALSE,FALSE,FALSE
249,"Underwood Park",4,8,16,TRUE,TRUE,"uniform",FALSE,FALSE,FALSE,FALSE
249,"Underwood Park",5,8,16,TRUE,TRUE,"uniform",FALSE,FALSE,FALSE,FALSE
249,"Underwood Park",6,8,16,TRUE,TRUE,"uniform",FALSE,FALSE,FALSE,FALSE
249,"Underwood Park",7,8,16,TRUE,TRUE,"uniform",FALSE,FALSE,FALSE,FALSE
250,"Potomac Playground",1,8,16,TRUE,TRUE,"uniform",FALSE,FALSE,FALSE,FALSE
250,"Potomac Playground",2,8,16,TRUE,TRUE,"uniform",FALSE,FALSE,FALSE,FALSE
250,"Potomac Playground",3,8,16,TRUE,TRUE,"uniform",FALSE,FALSE,FALSE,FALSE
250,"Potomac Playground",4,8,16,TRUE,TRUE,"uniform",FALSE,FALSE,FALSE,FALSE
250,"Potomac Playground",5,8,16,TRUE,TRUE,"uniform",FALSE,FALSE,FALSE,FALSE
250,"Potomac Playground",6,8,16,TRUE,TRUE,"uniform",FALSE,FALSE,FALSE,FALSE
250,"Potomac Playground",7,8,16,TRUE,TRUE,"uniform",FALSE,FALSE,FALSE,FALSE
251,"Sumner Playground",1,8,16,TRUE,TRUE,"uniform",FALSE,FALSE,FALSE,FALSE
251,"Sumner Playground",2,8,16,TRUE,TRUE,"uniform",FALSE,FALSE,FALSE,FALSE
251,"Sumner Playground",3,8,16,TRUE,TRUE,"uniform",FALSE,FALSE,FALSE,FALSE
251,"Sumner Playground",4,8,16,TRUE,TRUE,"uniform",FALSE,FALSE,FALSE,FALSE
251,"Sumner Playground",5,8,16,TRUE,TRUE,"uniform",FALSE,FALSE,FALSE,FALSE
251,"Sumner Playground",6,8,16,TRUE,TRUE,"uniform",FALSE,FALSE,FALSE,FALSE
251,"Sumner Playground",7,8,16,TRUE,TRUE,"uniform",FALSE,FALSE,FALSE,FALSE
252,"Roebling Playground",1,8,16,TRUE,TRUE,"uniform",FALSE,FALSE,FALSE,FALSE
252,"Roebling Playground",2,8,16,TRUE,TRUE,"uniform",FALSE,FALSE,FALSE,FALSE
252,"Roebling Playground",3,8,16,TRUE,TRUE,"uniform",FALSE,FALSE,FALSE,FALSE
252,"Roebling Playground",4,8,16,TRUE,TRUE,"uniform",FALSE,FALSE,FALSE,FALSE
252,"Roebling Playground",5,8,16,TRUE,TRUE,"uniform",FALSE,FALSE,FALSE,FALSE
252,"Roebling Playground",6,8,16,TRUE,TRUE,"uniform",FALSE,FALSE,FALSE,FALSE
252,"Roebling Playground",7,8,16,TRUE,TRUE,"uniform",FALSE,FALSE,FALSE,FALSE
253,"Star Spangled Playground",1,8,16,TRUE,TRUE,"uniform",FALSE,FALSE,FALSE,FALSE
253,"Star Spangled Playground",2,8,16,TRUE,TRUE,"uniform",FALSE,FALSE,FALSE,FALSE
253,"Star Spangled Playground",3,8,16,TRUE,TRUE,"uniform",FALSE,FALSE,FALSE,FALSE
253,"Star Spangled Playground",4,8,16,TRUE,TRUE,"uniform",FALSE,FALSE,FALSE,FALSE
253,"Star Spangled Playground",5,8,16,TRUE,TRUE,"uniform",FALSE,FALSE,FALSE,FALSE
253,"Star Spangled Playground",6,8,16,TRUE,TRUE,"uniform",FALSE,FALSE,FALSE,FALSE
253,"Star Spangled Playground",7,8,16,TRUE,TRUE,"uniform",FALSE,FALSE,FALSE,FALSE
254,"Winthrop Playground",1,8,16,TRUE,TRUE,"uniform",FALSE,FALSE,FALSE,FALSE
254,"Winthrop Playground",2,8,16,TRUE,TRUE,"uniform",FALSE,FALSE,FALSE,FALSE
254,"Winthrop Playground",3,8,16,TRUE,TRUE,"uniform",FALSE,FALSE,FALSE,FALSE
254,"Winthrop Playground",4,8,16,TRUE,TRUE,"uniform",FALSE,FALSE,FALSE,FALSE
254,"Winthrop Playground",5,8,16,TRUE,TRUE,"uniform",FALSE,FALSE,FALSE,FALSE
254,"Winthrop Playground",6,8,16,TRUE,TRUE,"uniform",FALSE,FALSE,FALSE,FALSE
254,"Winthrop Playground",7,8,16,TRUE,TRUE,"uniform",FALSE,FALSE,FALSE,FALSE
255,"Captain Mario Fajardo Park",1,8,16,TRUE,TRUE,"uniform",FALSE,FALSE,FALSE,FALSE
255,"Captain Mario Fajardo Park",2,8,16,TRUE,TRUE,"uniform",FALSE,FALSE,FALSE,FALSE
255,"Captain Mario Fajardo Park",3,8,16,TRUE,TRUE,"uniform",FALSE,FALSE,FALSE,FALSE
255,"Captain Mario Fajardo Park",4,8,16,TRUE,TRUE,"uniform",FALSE,FALSE,FALSE,FALSE
255,"Captain Mario Fajardo Park",5,8,16,TRUE,TRUE,"uniform",FALSE,FALSE,FALSE,FALSE
255,"Captain Mario Fajardo Park",6,8,16,TRUE,TRUE,"uniform",FALSE,FALSE,FALSE,FALSE
255,"Captain Mario Fajardo Park",7,8,16,TRUE,TRUE,"uniform",FALSE,FALSE,FALSE,FALSE
256,"Jesse Owens Playground",1,8,16,TRUE,TRUE,"uniform",FALSE,FALSE,FALSE,FALSE
256,"Jesse Owens Playground",2,8,16,TRUE,TRUE,"uniform",FALSE,FALSE,FALSE,FALSE
256,"Jesse Owens Playground",3,8,16,TRUE,TRUE,"uniform",FALSE,FALSE,FALSE,FALSE
256,"Jesse Owens Playground",4,8,16,TRUE,TRUE,"uniform",FALSE,FALSE,FALSE,FALSE
256,"Jesse Owens Playground",5,8,16,TRUE,TRUE,"uniform",FALSE,FALSE,FALSE,FALSE
256,"Jesse Owens Playground",6,8,16,TRUE,TRUE,"uniform",FALSE,FALSE,FALSE,FALSE
256,"Jesse Owens Playground",7,8,16,TRUE,TRUE,"uniform",FALSE,FALSE,FALSE,FALSE
257,"Railroad Playground",1,8,16,TRUE,TRUE,"uniform",FALSE,FALSE,FALSE,FALSE
257,"Railroad Playground",2,8,16,TRUE,TRUE,"uniform",FALSE,FALSE,FALSE,FALSE
257,"Railroad Playground",3,8,16,TRUE,TRUE,"uniform",FALSE,FALSE,FALSE,FALSE
257,"Railroad Playground",4,8,16,TRUE,TRUE,"uniform",FALSE,FALSE,FALSE,FALSE
257,"Railroad Playground",5,8,16,TRUE,TRUE,"uniform",FALSE,FALSE,FALSE,FALSE
257,"Railroad Playground",6,8,16,TRUE,TRUE,"uniform",FALSE,FALSE,FALSE,FALSE
257,"Railroad Playground",7,8,16,TRUE,TRUE,"uniform",FALSE,FALSE,FALSE,FALSE
258,"Bayview Playground",1,8,16,TRUE,TRUE,"uniform",FALSE,FALSE,FALSE,FALSE
258,"Bayview Playground",2,8,16,TRUE,TRUE,"uniform",FALSE,FALSE,FALSE,FALSE
258,"Bayview Playground",3,8,16,TRUE,TRUE,"uniform",FALSE,FALSE,FALSE,FALSE
258,"Bayview Playground",4,8,16,TRUE,TRUE,"uniform",FALSE,FALSE,FALSE,FALSE
258,"Bayview Playground",5,8,16,TRUE,TRUE,"uniform",FALSE,FALSE,FALSE,FALSE
258,"Bayview Playground",6,8,16,TRUE,TRUE,"uniform",FALSE,FALSE,FALSE,FALSE
258,"Bayview Playground",7,8,16,TRUE,TRUE,"uniform",FALSE,FALSE,FALSE,FALSE
259,"Benson Playground",1,8,16,TRUE,TRUE,"uniform",FALSE,FALSE,FALSE,FALSE
259,"Benson Playground",2,8,16,TRUE,TRUE,"uniform",FALSE,FALSE,FALSE,FALSE
259,"Benson Playground",3,8,16,TRUE,TRUE,"uniform",FALSE,FALSE,FALSE,FALSE
259,"Benson Playground",4,8,16,TRUE,TRUE,"uniform",FALSE,FALSE,FALSE,FALSE
259,"Benson Playground",5,8,16,TRUE,TRUE,"uniform",FALSE,FALSE,FALSE,FALSE
259,"Benson Playground",6,8,16,TRUE,TRUE,"uniform",FALSE,FALSE,FALSE,FALSE
259,"Benson Playground",7,8,16,TRUE,TRUE,"uniform",FALSE,FALSE,FALSE,FALSE
260,"Marc And Jason's Playground",1,8,16,TRUE,TRUE,"uniform",FALSE,FALSE,FALSE,FALSE
260,"Marc And Jason's Playground",2,8,16,TRUE,TRUE,"uniform",FALSE,FALSE,FALSE,FALSE
260,"Marc And Jason's Playground",3,8,16,TRUE,TRUE,"uniform",FALSE,FALSE,FALSE,FALSE
260,"Marc And Jason's Playground",4,8,16,TRUE,TRUE,"uniform",FALSE,FALSE,FALSE,FALSE
260,"Marc And Jason's Playground",5,8,16,TRUE,TRUE,"uniform",FALSE,FALSE,FALSE,FALSE
260,"Marc And Jason's Playground",6,8,16,TRUE,TRUE,"uniform",FALSE,FALSE,FALSE,FALSE
260,"Marc And Jason's Playground",7,8,16,TRUE,TRUE,"uniform",FALSE,FALSE,FALSE,FALSE
261,"Harry Maze Playground",1,8,16,TRUE,TRUE,"uniform",FALSE,FALSE,FALSE,FALSE
261,"Harry Maze Playground",2,8,16,TRUE,TRUE,"uniform",FALSE,FALSE,FALSE,FALSE
261,"Harry Maze Playground",3,8,16,TRUE,TRUE,"uniform",FALSE,FALSE,FALSE,FALSE
261,"Harry Maze Playground",4,8,16,TRUE,TRUE,"uniform",FALSE,FALSE,FALSE,FALSE
261,"Harry Maze Playground",5,8,16,TRUE,TRUE,"uniform",FALSE,FALSE,FALSE,FALSE
261,"Harry Maze Playground",6,8,16,TRUE,TRUE,"uniform",FALSE,FALSE,FALSE,FALSE
261,"Harry Maze Playground",7,8,16,TRUE,TRUE,"uniform",FALSE,FALSE,FALSE,FALSE
262,"Bartlett Playground",1,8,16,TRUE,TRUE,"uniform",FALSE,FALSE,FALSE,FALSE
262,"Bartlett Playground",2,8,16,TRUE,TRUE,"uniform",FALSE,FALSE,FALSE,FALSE
262,"Bartlett Playground",3,8,16,TRUE,TRUE,"uniform",FALSE,FALSE,FALSE,FALSE
262,"Bartlett Playground",4,8,16,TRUE,TRUE,"uniform",FALSE,FALSE,FALSE,FALSE
262,"Bartlett Playground",5,8,16,TRUE,TRUE,"uniform",FALSE,FALSE,FALSE,FALSE
262,"Bartlett Playground",6,8,16,TRUE,TRUE,"uniform",FALSE,FALSE,FALSE,FALSE
262,"Bartlett Playground",7,8,16,TRUE,TRUE,"uniform",FALSE,FALSE,FALSE,FALSE
263,"Slope Park Playground",1,8,16,TRUE,TRUE,"uniform",FALSE,FALSE,FALSE,FALSE
263,"Slope Park Playground",2,8,16,TRUE,TRUE,"uniform",FALSE,FALSE,FALSE,FALSE
263,"Slope Park Playground",3,8,16,TRUE,TRUE,"uniform",FALSE,FALSE,FALSE,FALSE
263,"Slope Park Playground",4,8,16,TRUE,TRUE,"uniform",FALSE,FALSE,FALSE,FALSE
263,"Slope Park Playground",5,8,16,TRUE,TRUE,"uniform",FALSE,FALSE,FALSE,FALSE
263,"Slope Park Playground",6,8,16,TRUE,TRUE,"uniform",FALSE,FALSE,FALSE,FALSE
263,"Slope Park Playground",7,8,16,TRUE,TRUE,"uniform",FALSE,FALSE,FALSE,FALSE
264,"Pratt Playground",1,8,16,TRUE,TRUE,"uniform",FALSE,FALSE,FALSE,FALSE
264,"Pratt Playground",2,8,16,TRUE,TRUE,"uniform",FALSE,FALSE,FALSE,FALSE
264,"Pratt Playground",3,8,16,TRUE,TRUE,"uniform",FALSE,FALSE,FALSE,FALSE
264,"Pratt Playground",4,8,16,TRUE,TRUE,"uniform",FALSE,FALSE,FALSE,FALSE
264,"Pratt Playground",5,8,16,TRUE,TRUE,"uniform",FALSE,FALSE,FALSE,FALSE
264,"Pratt Playground",6,8,16,TRUE,TRUE,"uniform",FALSE,FALSE,FALSE,FALSE
264,"Pratt Playground",7,8,16,TRUE,TRUE,"uniform",FALSE,FALSE,FALSE,FALSE
265,"Jackie Robinson Park Playground",1,8,16,TRUE,TRUE,"uniform",FALSE,FALSE,FALSE,FALSE
265,"Jackie Robinson Park Playground",2,8,16,TRUE,TRUE,"uniform",FALSE,FALSE,FALSE,FALSE
265,"Jackie Robinson Park Playground",3,8,16,TRUE,TRUE,"uniform",FALSE,FALSE,FALSE,FALSE
265,"Jackie Robinson Park Playground",4,8,16,TRUE,TRUE,"uniform",FALSE,FALSE,FALSE,FALSE
265,"Jackie Robinson Park Playground",5,8,16,TRUE,TRUE,"uniform",FALSE,FALSE,FALSE,FALSE
265,"Jackie Robinson Park Playground",6,8,16,TRUE,TRUE,"uniform",FALSE,FALSE,FALSE,FALSE
265,"Jackie Robinson Park Playground",7,8,16,TRUE,TRUE,"uniform",FALSE,FALSE,FALSE,FALSE
266,"Albemarle Playground",1,8,16,TRUE,TRUE,"uniform",FALSE,FALSE,FALSE,FALSE
266,"Albemarle Playground",2,8,16,TRUE,TRUE,"uniform",FALSE,FALSE,FALSE,FALSE
266,"Albemarle Playground",3,8,16,TRUE,TRUE,"uniform",FALSE,FALSE,FALSE,FALSE
266,"Albemarle Playground",4,8,16,TRUE,TRUE,"uniform",FALSE,FALSE,FALSE,FALSE
266,"Albemarle Playground",5,8,16,TRUE,TRUE,"uniform",FALSE,FALSE,FALSE,FALSE
266,"Albemarle Playground",6,8,16,TRUE,TRUE,"uniform",FALSE,FALSE,FALSE,FALSE
266,"Albemarle Playground",7,8,16,TRUE,TRUE,"uniform",FALSE,FALSE,FALSE,FALSE
267,"Stockton Playground",1,8,16,TRUE,TRUE,"uniform",FALSE,FALSE,FALSE,FALSE
267,"Stockton Playground",2,8,16,TRUE,TRUE,"uniform",FALSE,FALSE,FALSE,FALSE
267,"Stockton Playground",3,8,16,TRUE,TRUE,"uniform",FALSE,FALSE,FALSE,FALSE
267,"Stockton Playground",4,8,16,TRUE,TRUE,"uniform",FALSE,FALSE,FALSE,FALSE
267,"Stockton Playground",5,8,16,TRUE,TRUE,"uniform",FALSE,FALSE,FALSE,FALSE
267,"Stockton Playground",6,8,16,TRUE,TRUE,"uniform",FALSE,FALSE,FALSE,FALSE
267,"Stockton Playground",7,8,16,TRUE,TRUE,"uniform",FALSE,FALSE,FALSE,FALSE
268,"Oracle Playground",1,8,16,TRUE,TRUE,"uniform",FALSE,FALSE,FALSE,FALSE
268,"Oracle Playground",2,8,16,TRUE,TRUE,"uniform",FALSE,FALSE,FALSE,FALSE
268,"Oracle Playground",3,8,16,TRUE,TRUE,"uniform",FALSE,FALSE,FALSE,FALSE
268,"Oracle Playground",4,8,16,TRUE,TRUE,"uniform",FALSE,FALSE,FALSE,FALSE
268,"Oracle Playground",5,8,16,TRUE,TRUE,"uniform",FALSE,FALSE,FALSE,FALSE
268,"Oracle Playground",6,8,16,TRUE,TRUE,"uniform",FALSE,FALSE,FALSE,FALSE
268,"Oracle Playground",7,8,16,TRUE,TRUE,"uniform",FALSE,FALSE,FALSE,FALSE
269,"Greene Playground",1,8,16,TRUE,TRUE,"uniform",FALSE,FALSE,FALSE,FALSE
269,"Greene Playground",2,8,16,TRUE,TRUE,"uniform",FALSE,FALSE,FALSE,FALSE
269,"Greene Playground",3,8,16,TRUE,TRUE,"uniform",FALSE,FALSE,FALSE,FALSE
269,"Greene Playground",4,8,16,TRUE,TRUE,"uniform",FALSE,FALSE,FALSE,FALSE
269,"Greene Playground",5,8,16,TRUE,TRUE,"uniform",FALSE,FALSE,FALSE,FALSE
269,"Greene Playground",6,8,16,TRUE,TRUE,"uniform",FALSE,FALSE,FALSE,FALSE
269,"Greene Playground",7,8,16,TRUE,TRUE,"uniform",FALSE,FALSE,FALSE,FALSE
270,"Kennedy King Playground",1,8,16,TRUE,TRUE,"uniform",FALSE,FALSE,FALSE,FALSE
270,"Kennedy King Playground",2,8,16,TRUE,TRUE,"uniform",FALSE,FALSE,FALSE,FALSE
270,"Kennedy King Playground",3,8,16,TRUE,TRUE,"uniform",FALSE,FALSE,FALSE,FALSE
270,"Kennedy King Playground",4,8,16,TRUE,TRUE,"uniform",FALSE,FALSE,FALSE,FALSE
270,"Kennedy King Playground",5,8,16,TRUE,TRUE,"uniform",FALSE,FALSE,FALSE,FALSE
270,"Kennedy King Playground",6,8,16,TRUE,TRUE,"uniform",FALSE,FALSE,FALSE,FALSE
270,"Kennedy King Playground",7,8,16,TRUE,TRUE,"uniform",FALSE,FALSE,FALSE,FALSE
271,"P.S. 279 Playground",1,8,16,TRUE,TRUE,"uniform",FALSE,FALSE,FALSE,FALSE
271,"P.S. 279 Playground",2,8,16,TRUE,TRUE,"uniform",FALSE,FALSE,FALSE,FALSE
271,"P.S. 279 Playground",3,8,16,TRUE,TRUE,"uniform",FALSE,FALSE,FALSE,FALSE
271,"P.S. 279 Playground",4,8,16,TRUE,TRUE,"uniform",FALSE,FALSE,FALSE,FALSE
271,"P.S. 279 Playground",5,8,16,TRUE,TRUE,"uniform",FALSE,FALSE,FALSE,FALSE
271,"P.S. 279 Playground",6,8,16,TRUE,TRUE,"uniform",FALSE,FALSE,FALSE,FALSE
271,"P.S. 279 Playground",7,8,16,TRUE,TRUE,"uniform",FALSE,FALSE,FALSE,FALSE
272,"Playground 286",1,8,16,TRUE,TRUE,"uniform",FALSE,FALSE,FALSE,FALSE
272,"Playground 286",2,8,16,TRUE,TRUE,"uniform",FALSE,FALSE,FALSE,FALSE
272,"Playground 286",3,8,16,TRUE,TRUE,"uniform",FALSE,FALSE,FALSE,FALSE
272,"Playground 286",4,8,16,TRUE,TRUE,"uniform",FALSE,FALSE,FALSE,FALSE
272,"Playground 286",5,8,16,TRUE,TRUE,"uniform",FALSE,FALSE,FALSE,FALSE
272,"Playground 286",6,8,16,TRUE,TRUE,"uniform",FALSE,FALSE,FALSE,FALSE
272,"Playground 286",7,8,16,TRUE,TRUE,"uniform",FALSE,FALSE,FALSE,FALSE
273,"Tiger Playground",1,8,16,TRUE,TRUE,"uniform",FALSE,FALSE,FALSE,FALSE
273,"Tiger Playground",2,8,16,TRUE,TRUE,"uniform",FALSE,FALSE,FALSE,FALSE
273,"Tiger Playground",3,8,16,TRUE,TRUE,"uniform",FALSE,FALSE,FALSE,FALSE
273,"Tiger Playground",4,8,16,TRUE,TRUE,"uniform",FALSE,FALSE,FALSE,FALSE
273,"Tiger Playground",5,8,16,TRUE,TRUE,"uniform",FALSE,FALSE,FALSE,FALSE
273,"Tiger Playground",6,8,16,TRUE,TRUE,"uniform",FALSE,FALSE,FALSE,FALSE
273,"Tiger Playground",7,8,16,TRUE,TRUE,"uniform",FALSE,FALSE,FALSE,FALSE
274,"Yak Playground",1,8,16,TRUE,TRUE,"uniform",FALSE,FALSE,FALSE,FALSE
274,"Yak Playground",2,8,16,TRUE,TRUE,"uniform",FALSE,FALSE,FALSE,FALSE
274,"Yak Playground",3,8,16,TRUE,TRUE,"uniform",FALSE,FALSE,FALSE,FALSE
274,"Yak Playground",4,8,16,TRUE,TRUE,"uniform",FALSE,FALSE,FALSE,FALSE
274,"Yak Playground",5,8,16,TRUE,TRUE,"uniform",FALSE,FALSE,FALSE,FALSE
274,"Yak Playground",6,8,16,TRUE,TRUE,"uniform",FALSE,FALSE,FALSE,FALSE
274,"Yak Playground",7,8,16,TRUE,TRUE,"uniform",FALSE,FALSE,FALSE,FALSE
275,"Pink Playground",1,8,16,TRUE,TRUE,"uniform",FALSE,FALSE,FALSE,FALSE
275,"Pink Playground",2,8,16,TRUE,TRUE,"uniform",FALSE,FALSE,FALSE,FALSE
275,"Pink Playground",3,8,16,TRUE,TRUE,"uniform",FALSE,FALSE,FALSE,FALSE
275,"Pink Playground",4,8,16,TRUE,TRUE,"uniform",FALSE,FALSE,FALSE,FALSE
275,"Pink Playground",5,8,16,TRUE,TRUE,"uniform",FALSE,FALSE,FALSE,FALSE
275,"Pink Playground",6,8,16,TRUE,TRUE,"uniform",FALSE,FALSE,FALSE,FALSE
275,"Pink Playground",7,8,16,TRUE,TRUE,"uniform",FALSE,FALSE,FALSE,FALSE
276,"Captain Mario Fajardo Park",1,8,16,TRUE,TRUE,"uniform",FALSE,FALSE,FALSE,FALSE
276,"Captain Mario Fajardo Park",2,8,16,TRUE,TRUE,"uniform",FALSE,FALSE,FALSE,FALSE
276,"Captain Mario Fajardo Park",3,8,16,TRUE,TRUE,"uniform",FALSE,FALSE,FALSE,FALSE
276,"Captain Mario Fajardo Park",4,8,16,TRUE,TRUE,"uniform",FALSE,FALSE,FALSE,FALSE
276,"Captain Mario Fajardo Park",5,8,16,TRUE,TRUE,"uniform",FALSE,FALSE,FALSE,FALSE
276,"Captain Mario Fajardo Park",6,8,16,TRUE,TRUE,"uniform",FALSE,FALSE,FALSE,FALSE
276,"Captain Mario Fajardo Park",7,8,16,TRUE,TRUE,"uniform",FALSE,FALSE,FALSE,FALSE
277,"Ten Eyck Playground",1,8,16,TRUE,TRUE,"uniform",FALSE,FALSE,FALSE,FALSE
277,"Ten Eyck Playground",2,8,16,TRUE,TRUE,"uniform",FALSE,FALSE,FALSE,FALSE
277,"Ten Eyck Playground",3,8,16,TRUE,TRUE,"uniform",FALSE,FALSE,FALSE,FALSE
277,"Ten Eyck Playground",4,8,16,TRUE,TRUE,"uniform",FALSE,FALSE,FALSE,FALSE
277,"Ten Eyck Playground",5,8,16,TRUE,TRUE,"uniform",FALSE,FALSE,FALSE,FALSE
277,"Ten Eyck Playground",6,8,16,TRUE,TRUE,"uniform",FALSE,FALSE,FALSE,FALSE
277,"Ten Eyck Playground",7,8,16,TRUE,TRUE,"uniform",FALSE,FALSE,FALSE,FALSE
278,"El Shabazz Playground",1,8,16,TRUE,TRUE,"uniform",FALSE,FALSE,FALSE,FALSE
278,"El Shabazz Playground",2,8,16,TRUE,TRUE,"uniform",FALSE,FALSE,FALSE,FALSE
278,"El Shabazz Playground",3,8,16,TRUE,TRUE,"uniform",FALSE,FALSE,FALSE,FALSE
278,"El Shabazz Playground",4,8,16,TRUE,TRUE,"uniform",FALSE,FALSE,FALSE,FALSE
278,"El Shabazz Playground",5,8,16,TRUE,TRUE,"uniform",FALSE,FALSE,FALSE,FALSE
278,"El Shabazz Playground",6,8,16,TRUE,TRUE,"uniform",FALSE,FALSE,FALSE,FALSE
278,"El Shabazz Playground",7,8,16,TRUE,TRUE,"uniform",FALSE,FALSE,FALSE,FALSE
279,"Surf Playground",1,8,16,TRUE,TRUE,"uniform",FALSE,FALSE,FALSE,FALSE
279,"Surf Playground",2,8,16,TRUE,TRUE,"uniform",FALSE,FALSE,FALSE,FALSE
279,"Surf Playground",3,8,16,TRUE,TRUE,"uniform",FALSE,FALSE,FALSE,FALSE
279,"Surf Playground",4,8,16,TRUE,TRUE,"uniform",FALSE,FALSE,FALSE,FALSE
279,"Surf Playground",5,8,16,TRUE,TRUE,"uniform",FALSE,FALSE,FALSE,FALSE
279,"Surf Playground",6,8,16,TRUE,TRUE,"uniform",FALSE,FALSE,FALSE,FALSE
279,"Surf Playground",7,8,16,TRUE,TRUE,"uniform",FALSE,FALSE,FALSE,FALSE
280,"DiGilio Playground",1,8,16,TRUE,TRUE,"uniform",FALSE,FALSE,FALSE,FALSE
280,"DiGilio Playground",2,8,16,TRUE,TRUE,"uniform",FALSE,FALSE,FALSE,FALSE
280,"DiGilio Playground",3,8,16,TRUE,TRUE,"uniform",FALSE,FALSE,FALSE,FALSE
280,"DiGilio Playground",4,8,16,TRUE,TRUE,"uniform",FALSE,FALSE,FALSE,FALSE
280,"DiGilio Playground",5,8,16,TRUE,TRUE,"uniform",FALSE,FALSE,FALSE,FALSE
280,"DiGilio Playground",6,8,16,TRUE,TRUE,"uniform",FALSE,FALSE,FALSE,FALSE
280,"DiGilio Playground",7,8,16,TRUE,TRUE,"uniform",FALSE,FALSE,FALSE,FALSE
281,"Park Slope Playground",1,8,16,TRUE,TRUE,"uniform",FALSE,FALSE,FALSE,FALSE
281,"Park Slope Playground",2,8,16,TRUE,TRUE,"uniform",FALSE,FALSE,FALSE,FALSE
281,"Park Slope Playground",3,8,16,TRUE,TRUE,"uniform",FALSE,FALSE,FALSE,FALSE
281,"Park Slope Playground",4,8,16,TRUE,TRUE,"uniform",FALSE,FALSE,FALSE,FALSE
281,"Park Slope Playground",5,8,16,TRUE,TRUE,"uniform",FALSE,FALSE,FALSE,FALSE
281,"Park Slope Playground",6,8,16,TRUE,TRUE,"uniform",FALSE,FALSE,FALSE,FALSE
281,"Park Slope Playground",7,8,16,TRUE,TRUE,"uniform",FALSE,FALSE,FALSE,FALSE
282,"Edmonds Playground",1,8,16,TRUE,TRUE,"uniform",FALSE,FALSE,FALSE,FALSE
282,"Edmonds Playground",2,8,16,TRUE,TRUE,"uniform",FALSE,FALSE,FALSE,FALSE
282,"Edmonds Playground",3,8,16,TRUE,TRUE,"uniform",FALSE,FALSE,FALSE,FALSE
282,"Edmonds Playground",4,8,16,TRUE,TRUE,"uniform",FALSE,FALSE,FALSE,FALSE
282,"Edmonds Playground",5,8,16,TRUE,TRUE,"uniform",FALSE,FALSE,FALSE,FALSE
282,"Edmonds Playground",6,8,16,TRUE,TRUE,"uniform",FALSE,FALSE,FALSE,FALSE
282,"Edmonds Playground",7,8,16,TRUE,TRUE,"uniform",FALSE,FALSE,FALSE,FALSE
283,"Hattie Carthan Playground",1,8,16,TRUE,TRUE,"uniform",FALSE,FALSE,FALSE,FALSE
283,"Hattie Carthan Playground",2,8,16,TRUE,TRUE,"uniform",FALSE,FALSE,FALSE,FALSE
283,"Hattie Carthan Playground",3,8,16,TRUE,TRUE,"uniform",FALSE,FALSE,FALSE,FALSE
283,"Hattie Carthan Playground",4,8,16,TRUE,TRUE,"uniform",FALSE,FALSE,FALSE,FALSE
283,"Hattie Carthan Playground",5,8,16,TRUE,TRUE,"uniform",FALSE,FALSE,FALSE,FALSE
283,"Hattie Carthan Playground",6,8,16,TRUE,TRUE,"uniform",FALSE,FALSE,FALSE,FALSE
283,"Hattie Carthan Playground",7,8,16,TRUE,TRUE,"uniform",FALSE,FALSE,FALSE,FALSE
284,"Lindower Park Playground",1,8,16,TRUE,TRUE,"uniform",FALSE,FALSE,FALSE,FALSE
284,"Lindower Park Playground",2,8,16,TRUE,TRUE,"uniform",FALSE,FALSE,FALSE,FALSE
284,"Lindower Park Playground",3,8,16,TRUE,TRUE,"uniform",FALSE,FALSE,FALSE,FALSE
284,"Lindower Park Playground",4,8,16,TRUE,TRUE,"uniform",FALSE,FALSE,FALSE,FALSE
284,"Lindower Park Playground",5,8,16,TRUE,TRUE,"uniform",FALSE,FALSE,FALSE,FALSE
284,"Lindower Park Playground",6,8,16,TRUE,TRUE,"uniform",FALSE,FALSE,FALSE,FALSE
284,"Lindower Park Playground",7,8,16,TRUE,TRUE,"uniform",FALSE,FALSE,FALSE,FALSE
285,"Fermi Playground",1,8,16,TRUE,TRUE,"uniform",FALSE,FALSE,FALSE,FALSE
285,"Fermi Playground",2,8,16,TRUE,TRUE,"uniform",FALSE,FALSE,FALSE,FALSE
285,"Fermi Playground",3,8,16,TRUE,TRUE,"uniform",FALSE,FALSE,FALSE,FALSE
285,"Fermi Playground",4,8,16,TRUE,TRUE,"uniform",FALSE,FALSE,FALSE,FALSE
285,"Fermi Playground",5,8,16,TRUE,TRUE,"uniform",FALSE,FALSE,FALSE,FALSE
285,"Fermi Playground",6,8,16,TRUE,TRUE,"uniform",FALSE,FALSE,FALSE,FALSE
285,"Fermi Playground",7,8,16,TRUE,TRUE,"uniform",FALSE,FALSE,FALSE,FALSE
286,"Bildersee Playground",1,8,16,TRUE,TRUE,"uniform",FALSE,FALSE,FALSE,FALSE
286,"Bildersee Playground",2,8,16,TRUE,TRUE,"uniform",FALSE,FALSE,FALSE,FALSE
286,"Bildersee Playground",3,8,16,TRUE,TRUE,"uniform",FALSE,FALSE,FALSE,FALSE
286,"Bildersee Playground",4,8,16,TRUE,TRUE,"uniform",FALSE,FALSE,FALSE,FALSE
286,"Bildersee Playground",5,8,16,TRUE,TRUE,"uniform",FALSE,FALSE,FALSE,FALSE
286,"Bildersee Playground",6,8,16,TRUE,TRUE,"uniform",FALSE,FALSE,FALSE,FALSE
286,"Bildersee Playground",7,8,16,TRUE,TRUE,"uniform",FALSE,FALSE,FALSE,FALSE
287,"Century Playground",1,8,16,TRUE,TRUE,"uniform",FALSE,FALSE,FALSE,FALSE
287,"Century Playground",2,8,16,TRUE,TRUE,"uniform",FALSE,FALSE,FALSE,FALSE
287,"Century Playground",3,8,16,TRUE,TRUE,"uniform",FALSE,FALSE,FALSE,FALSE
287,"Century Playground",4,8,16,TRUE,TRUE,"uniform",FALSE,FALSE,FALSE,FALSE
287,"Century Playground",5,8,16,TRUE,TRUE,"uniform",FALSE,FALSE,FALSE,FALSE
287,"Century Playground",6,8,16,TRUE,TRUE,"uniform",FALSE,FALSE,FALSE,FALSE
287,"Century Playground",7,8,16,TRUE,TRUE,"uniform",FALSE,FALSE,FALSE,FALSE
288,"Newport Playground",1,8,16,TRUE,TRUE,"uniform",FALSE,FALSE,FALSE,FALSE
288,"Newport Playground",2,8,16,TRUE,TRUE,"uniform",FALSE,FALSE,FALSE,FALSE
288,"Newport Playground",3,8,16,TRUE,TRUE,"uniform",FALSE,FALSE,FALSE,FALSE
288,"Newport Playground",4,8,16,TRUE,TRUE,"uniform",FALSE,FALSE,FALSE,FALSE
288,"Newport Playground",5,8,16,TRUE,TRUE,"uniform",FALSE,FALSE,FALSE,FALSE
288,"Newport Playground",6,8,16,TRUE,TRUE,"uniform",FALSE,FALSE,FALSE,FALSE
288,"Newport Playground",7,8,16,TRUE,TRUE,"uniform",FALSE,FALSE,FALSE,FALSE
289,"100% Playground",1,8,16,TRUE,TRUE,"uniform",FALSE,FALSE,FALSE,FALSE
289,"100% Playground",2,8,16,TRUE,TRUE,"uniform",FALSE,FALSE,FALSE,FALSE
289,"100% Playground",3,8,16,TRUE,TRUE,"uniform",FALSE,FALSE,FALSE,FALSE
289,"100% Playground",4,8,16,TRUE,TRUE,"uniform",FALSE,FALSE,FALSE,FALSE
289,"100% Playground",5,8,16,TRUE,TRUE,"uniform",FALSE,FALSE,FALSE,FALSE
289,"100% Playground",6,8,16,TRUE,TRUE,"uniform",FALSE,FALSE,FALSE,FALSE
289,"100% Playground",7,8,16,TRUE,TRUE,"uniform",FALSE,FALSE,FALSE,FALSE
290,"Carver Playground",1,,,,FALSE,"blank",,,FALSE,
290,"Carver Playground",2,,,,FALSE,"blank",,,FALSE,
290,"Carver Playground",3,,,,FALSE,"blank",,,FALSE,
290,"Carver Playground",4,,,,FALSE,"blank",,,FALSE,
290,"Carver Playground",5,,,,FALSE,"blank",,,FALSE,
290,"Carver Playground",6,,,,FALSE,"blank",,,FALSE,
290,"Carver Playground",7,,,,FALSE,"blank",,,FALSE,
291,"Willoughby Playground",1,8,16,TRUE,TRUE,"uniform",FALSE,FALSE,FALSE,FALSE
291,"Willoughby Playground",2,8,16,TRUE,TRUE,"uniform",FALSE,FALSE,FALSE,FALSE
291,"Willoughby Playground",3,8,16,TRUE,TRUE,"uniform",FALSE,FALSE,FALSE,FALSE
291,"Willoughby Playground",4,8,16,TRUE,TRUE,"uniform",FALSE,FALSE,FALSE,FALSE
291,"Willoughby Playground",5,8,16,TRUE,TRUE,"uniform",FALSE,FALSE,FALSE,FALSE
291,"Willoughby Playground",6,8,16,TRUE,TRUE,"uniform",FALSE,FALSE,FALSE,FALSE
291,"Willoughby Playground",7,8,16,TRUE,TRUE,"uniform",FALSE,FALSE,FALSE,FALSE
292,"Stroud Playground",1,8,16,TRUE,TRUE,"uniform",FALSE,FALSE,FALSE,FALSE
292,"Stroud Playground",2,8,16,TRUE,TRUE,"uniform",FALSE,FALSE,FALSE,FALSE
292,"Stroud Playground",3,8,16,TRUE,TRUE,"uniform",FALSE,FALSE,FALSE,FALSE
292,"Stroud Playground",4,8,16,TRUE,TRUE,"uniform",FALSE,FALSE,FALSE,FALSE
292,"Stroud Playground",5,8,16,TRUE,TRUE,"uniform",FALSE,FALSE,FALSE,FALSE
292,"Stroud Playground",6,8,16,TRUE,TRUE,"uniform",FALSE,FALSE,FALSE,FALSE
292,"Stroud Playground",7,8,16,TRUE,TRUE,"uniform",FALSE,FALSE,FALSE,FALSE
293,"Curtis Playground",1,8,16,TRUE,TRUE,"uniform",FALSE,FALSE,FALSE,FALSE
293,"Curtis Playground",2,8,16,TRUE,TRUE,"uniform",FALSE,FALSE,FALSE,FALSE
293,"Curtis Playground",3,8,16,TRUE,TRUE,"uniform",FALSE,FALSE,FALSE,FALSE
293,"Curtis Playground",4,8,16,TRUE,TRUE,"uniform",FALSE,FALSE,FALSE,FALSE
293,"Curtis Playground",5,8,16,TRUE,TRUE,"uniform",FALSE,FALSE,FALSE,FALSE
293,"Curtis Playground",6,8,16,TRUE,TRUE,"uniform",FALSE,FALSE,FALSE,FALSE
293,"Curtis Playground",7,8,16,TRUE,TRUE,"uniform",FALSE,FALSE,FALSE,FALSE
294,"Jackie Robinson Playground",1,8,16,TRUE,TRUE,"uniform",FALSE,FALSE,FALSE,FALSE
294,"Jackie Robinson Playground",2,8,16,TRUE,TRUE,"uniform",FALSE,FALSE,FALSE,FALSE
294,"Jackie Robinson Playground",3,8,16,TRUE,TRUE,"uniform",FALSE,FALSE,FALSE,FALSE
294,"Jackie Robinson Playground",4,8,16,TRUE,TRUE,"uniform",FALSE,FALSE,FALSE,FALSE
294,"Jackie Robinson Playground",5,8,16,TRUE,TRUE,"uniform",FALSE,FALSE,FALSE,FALSE
294,"Jackie Robinson Playground",6,8,16,TRUE,TRUE,"uniform",FALSE,FALSE,FALSE,FALSE
294,"Jackie Robinson Playground",7,8,16,TRUE,TRUE,"uniform",FALSE,FALSE,FALSE,FALSE
295,"Eleanor Roosevelt Playground",1,8,16,TRUE,TRUE,"uniform",FALSE,FALSE,FALSE,FALSE
295,"Eleanor Roosevelt Playground",2,8,16,TRUE,TRUE,"uniform",FALSE,FALSE,FALSE,FALSE
295,"Eleanor Roosevelt Playground",3,8,16,TRUE,TRUE,"uniform",FALSE,FALSE,FALSE,FALSE
295,"Eleanor Roosevelt Playground",4,8,16,TRUE,TRUE,"uniform",FALSE,FALSE,FALSE,FALSE
295,"Eleanor Roosevelt Playground",5,8,16,TRUE,TRUE,"uniform",FALSE,FALSE,FALSE,FALSE
295,"Eleanor Roosevelt Playground",6,8,16,TRUE,TRUE,"uniform",FALSE,FALSE,FALSE,FALSE
295,"Eleanor Roosevelt Playground",7,8,16,TRUE,TRUE,"uniform",FALSE,FALSE,FALSE,FALSE
296,"Woods Playground",1,8,16,TRUE,TRUE,"uniform",FALSE,FALSE,FALSE,FALSE
296,"Woods Playground",2,8,16,TRUE,TRUE,"uniform",FALSE,FALSE,FALSE,FALSE
296,"Woods Playground",3,8,16,TRUE,TRUE,"uniform",FALSE,FALSE,FALSE,FALSE
296,"Woods Playground",4,8,16,TRUE,TRUE,"uniform",FALSE,FALSE,FALSE,FALSE
296,"Woods Playground",5,8,16,TRUE,TRUE,"uniform",FALSE,FALSE,FALSE,FALSE
296,"Woods Playground",6,8,16,TRUE,TRUE,"uniform",FALSE,FALSE,FALSE,FALSE
296,"Woods Playground",7,8,16,TRUE,TRUE,"uniform",FALSE,FALSE,FALSE,FALSE
297,"Spring Creek Park Zone 1",1,,,,FALSE,"unparseable",,,FALSE,
297,"Spring Creek Park Zone 1",2,,,,FALSE,"unparseable",,,FALSE,
297,"Spring Creek Park Zone 1",3,,,,FALSE,"unparseable",,,FALSE,
297,"Spring Creek Park Zone 1",4,,,,FALSE,"unparseable",,,FALSE,
297,"Spring Creek Park Zone 1",5,,,,FALSE,"unparseable",,,FALSE,
297,"Spring Creek Park Zone 1",6,,,,FALSE,"unparseable",,,FALSE,
297,"Spring Creek Park Zone 1",7,,,,FALSE,"unparseable",,,FALSE,
298,"Friends Field",1,8,16,TRUE,TRUE,"uniform",FALSE,FALSE,FALSE,FALSE
298,"Friends Field",2,8,16,TRUE,TRUE,"uniform",FALSE,FALSE,FALSE,FALSE
298,"Friends Field",3,8,16,TRUE,TRUE,"uniform",FALSE,FALSE,FALSE,FALSE
298,"Friends Field",4,8,16,TRUE,TRUE,"uniform",FALSE,FALSE,FALSE,FALSE
298,"Friends Field",5,8,16,TRUE,TRUE,"uniform",FALSE,FALSE,FALSE,FALSE
298,"Friends Field",6,8,16,TRUE,TRUE,"uniform",FALSE,FALSE,FALSE,FALSE
298,"Friends Field",7,8,16,TRUE,TRUE,"uniform",FALSE,FALSE,FALSE,FALSE
299,"Robert E. Venable Park",1,8,16,TRUE,TRUE,"uniform",FALSE,FALSE,FALSE,FALSE
299,"Robert E. Venable Park",2,8,16,TRUE,TRUE,"uniform",FALSE,FALSE,FALSE,FALSE
299,"Robert E. Venable Park",3,8,16,TRUE,TRUE,"uniform",FALSE,FALSE,FALSE,FALSE
299,"Robert E. Venable Park",4,8,16,TRUE,TRUE,"uniform",FALSE,FALSE,FALSE,FALSE
299,"Robert E. Venable Park",5,8,16,TRUE,TRUE,"uniform",FALSE,FALSE,FALSE,FALSE
299,"Robert E. Venable Park",6,8,16,TRUE,TRUE,"uniform",FALSE,FALSE,FALSE,FALSE
299,"Robert E. Venable Park",7,8,16,TRUE,TRUE,"uniform",FALSE,FALSE,FALSE,FALSE
300,"Green Central Knoll",1,8,16,TRUE,TRUE,"uniform",FALSE,FALSE,FALSE,FALSE
300,"Green Central Knoll",2,8,16,TRUE,TRUE,"uniform",FALSE,FALSE,FALSE,FALSE
300,"Green Central Knoll",3,8,16,TRUE,TRUE,"uniform",FALSE,FALSE,FALSE,FALSE
300,"Green Central Knoll",4,8,16,TRUE,TRUE,"uniform",FALSE,FALSE,FALSE,FALSE
300,"Green Central Knoll",5,8,16,TRUE,TRUE,"uniform",FALSE,FALSE,FALSE,FALSE
300,"Green Central Knoll",6,8,16,TRUE,TRUE,"uniform",FALSE,FALSE,FALSE,FALSE
300,"Green Central Knoll",7,8,16,TRUE,TRUE,"uniform",FALSE,FALSE,FALSE,FALSE
301,"Brooklyn Bridge Park Zone 6",1,8,16,TRUE,TRUE,"uniform",FALSE,FALSE,FALSE,FALSE
301,"Brooklyn Bridge Park Zone 6",2,8,16,TRUE,TRUE,"uniform",FALSE,FALSE,FALSE,FALSE
301,"Brooklyn Bridge Park Zone 6",3,8,16,TRUE,TRUE,"uniform",FALSE,FALSE,FALSE,FALSE
301,"Brooklyn Bridge Park Zone 6",4,8,16,TRUE,TRUE,"uniform",FALSE,FALSE,FALSE,FALSE
301,"Brooklyn Bridge Park Zone 6",5,8,16,TRUE,TRUE,"uniform",FALSE,FALSE,FALSE,FALSE
301,"Brooklyn Bridge Park Zone 6",6,8,16,TRUE,TRUE,"uniform",FALSE,FALSE,FALSE,FALSE
301,"Brooklyn Bridge Park Zone 6",7,8,16,TRUE,TRUE,"uniform",FALSE,FALSE,FALSE,FALSE
302,"Bushwick Inlet Park",1,8,16,TRUE,TRUE,"uniform",FALSE,FALSE,FALSE,FALSE
302,"Bushwick Inlet Park",2,8,16,TRUE,TRUE,"uniform",FALSE,FALSE,FALSE,FALSE
302,"Bushwick Inlet Park",3,8,16,TRUE,TRUE,"uniform",FALSE,FALSE,FALSE,FALSE
302,"Bushwick Inlet Park",4,8,16,TRUE,TRUE,"uniform",FALSE,FALSE,FALSE,FALSE
302,"Bushwick Inlet Park",5,8,16,TRUE,TRUE,"uniform",FALSE,FALSE,FALSE,FALSE
302,"Bushwick Inlet Park",6,8,16,TRUE,TRUE,"uniform",FALSE,FALSE,FALSE,FALSE
302,"Bushwick Inlet Park",7,8,16,TRUE,TRUE,"uniform",FALSE,FALSE,FALSE,FALSE
303,"Berriman Playground",1,8,16,TRUE,TRUE,"uniform",FALSE,FALSE,FALSE,FALSE
303,"Berriman Playground",2,8,16,TRUE,TRUE,"uniform",FALSE,FALSE,FALSE,FALSE
303,"Berriman Playground",3,8,16,TRUE,TRUE,"uniform",FALSE,FALSE,FALSE,FALSE
303,"Berriman Playground",4,8,16,TRUE,TRUE,"uniform",FALSE,FALSE,FALSE,FALSE
303,"Berriman Playground",5,8,16,TRUE,TRUE,"uniform",FALSE,FALSE,FALSE,FALSE
303,"Berriman Playground",6,8,16,TRUE,TRUE,"uniform",FALSE,FALSE,FALSE,FALSE
303,"Berriman Playground",7,8,16,TRUE,TRUE,"uniform",FALSE,FALSE,FALSE,FALSE
304,"Bush Terminal Park",1,8,16,TRUE,TRUE,"uniform",FALSE,FALSE,FALSE,FALSE
304,"Bush Terminal Park",2,8,16,TRUE,TRUE,"uniform",FALSE,FALSE,FALSE,FALSE
304,"Bush Terminal Park",3,8,16,TRUE,TRUE,"uniform",FALSE,FALSE,FALSE,FALSE
304,"Bush Terminal Park",4,8,16,TRUE,TRUE,"uniform",FALSE,FALSE,FALSE,FALSE
304,"Bush Terminal Park",5,8,16,TRUE,TRUE,"uniform",FALSE,FALSE,FALSE,FALSE
304,"Bush Terminal Park",6,8,16,TRUE,TRUE,"uniform",FALSE,FALSE,FALSE,FALSE
304,"Bush Terminal Park",7,8,16,TRUE,TRUE,"uniform",FALSE,FALSE,FALSE,FALSE
305,"Battery Park Zone 1",1,,,,FALSE,"blank",,,FALSE,
305,"Battery Park Zone 1",2,,,,FALSE,"blank",,,FALSE,
305,"Battery Park Zone 1",3,,,,FALSE,"blank",,,FALSE,
305,"Battery Park Zone 1",4,,,,FALSE,"blank",,,FALSE,
305,"Battery Park Zone 1",5,,,,FALSE,"blank",,,FALSE,
305,"Battery Park Zone 1",6,,,,FALSE,"blank",,,FALSE,
305,"Battery Park Zone 1",7,,,,FALSE,"blank",,,FALSE,
306,"Battery Park Zone 2",1,,,,FALSE,"blank",,,FALSE,
306,"Battery Park Zone 2",2,,,,FALSE,"blank",,,FALSE,
306,"Battery Park Zone 2",3,,,,FALSE,"blank",,,FALSE,
306,"Battery Park Zone 2",4,,,,FALSE,"blank",,,FALSE,
306,"Battery Park Zone 2",5,,,,FALSE,"blank",,,FALSE,
306,"Battery Park Zone 2",6,,,,FALSE,"blank",,,FALSE,
306,"Battery Park Zone 2",7,,,,FALSE,"blank",,,FALSE,
307,"Bryant Park",1,8,16,TRUE,TRUE,"uniform",FALSE,FALSE,FALSE,FALSE
307,"Bryant Park",2,8,16,TRUE,TRUE,"uniform",FALSE,FALSE,FALSE,FALSE
307,"Bryant Park",3,8,16,TRUE,TRUE,"uniform",FALSE,FALSE,FALSE,FALSE
307,"Bryant Park",4,8,16,TRUE,TRUE,"uniform",FALSE,FALSE,FALSE,FALSE
307,"Bryant Park",5,8,16,TRUE,TRUE,"uniform",FALSE,FALSE,FALSE,FALSE
307,"Bryant Park",6,8,16,TRUE,TRUE,"uniform",FALSE,FALSE,FALSE,FALSE
307,"Bryant Park",7,8,16,TRUE,TRUE,"uniform",FALSE,FALSE,FALSE,FALSE
308,"Bennett Park",1,8,16,TRUE,TRUE,"uniform",FALSE,FALSE,FALSE,FALSE
308,"Bennett Park",2,8,16,TRUE,TRUE,"uniform",FALSE,FALSE,FALSE,FALSE
308,"Bennett Park",3,8,16,TRUE,TRUE,"uniform",FALSE,FALSE,FALSE,FALSE
308,"Bennett Park",4,8,16,TRUE,TRUE,"uniform",FALSE,FALSE,FALSE,FALSE
308,"Bennett Park",5,8,16,TRUE,TRUE,"uniform",FALSE,FALSE,FALSE,FALSE
308,"Bennett Park",6,8,16,TRUE,TRUE,"uniform",FALSE,FALSE,FALSE,FALSE
308,"Bennett Park",7,8,16,TRUE,TRUE,"uniform",FALSE,FALSE,FALSE,FALSE
309,"Van Cortlandt Classic Playground",1,8,16,TRUE,TRUE,"uniform",FALSE,FALSE,FALSE,FALSE
309,"Van Cortlandt Classic Playground",2,8,16,TRUE,TRUE,"uniform",FALSE,FALSE,FALSE,FALSE
309,"Van Cortlandt Classic Playground",3,8,16,TRUE,TRUE,"uniform",FALSE,FALSE,FALSE,FALSE
309,"Van Cortlandt Classic Playground",4,8,16,TRUE,TRUE,"uniform",FALSE,FALSE,FALSE,FALSE
309,"Van Cortlandt Classic Playground",5,8,16,TRUE,TRUE,"uniform",FALSE,FALSE,FALSE,FALSE
309,"Van Cortlandt Classic Playground",6,8,16,TRUE,TRUE,"uniform",FALSE,FALSE,FALSE,FALSE
309,"Van Cortlandt Classic Playground",7,8,16,TRUE,TRUE,"uniform",FALSE,FALSE,FALSE,FALSE
310,"Classic Playground",1,8,16,TRUE,TRUE,"uniform",FALSE,FALSE,FALSE,FALSE
310,"Classic Playground",2,8,16,TRUE,TRUE,"uniform",FALSE,FALSE,FALSE,FALSE
310,"Classic Playground",3,8,16,TRUE,TRUE,"uniform",FALSE,FALSE,FALSE,FALSE
310,"Classic Playground",4,8,16,TRUE,TRUE,"uniform",FALSE,FALSE,FALSE,FALSE
310,"Classic Playground",5,8,16,TRUE,TRUE,"uniform",FALSE,FALSE,FALSE,FALSE
310,"Classic Playground",6,8,16,TRUE,TRUE,"uniform",FALSE,FALSE,FALSE,FALSE
310,"Classic Playground",7,8,16,TRUE,TRUE,"uniform",FALSE,FALSE,FALSE,FALSE
311,"Clove Lakes Park Zone 1",1,8,16,TRUE,TRUE,"uniform",FALSE,FALSE,FALSE,FALSE
311,"Clove Lakes Park Zone 1",2,8,16,TRUE,TRUE,"uniform",FALSE,FALSE,FALSE,FALSE
311,"Clove Lakes Park Zone 1",3,8,16,TRUE,TRUE,"uniform",FALSE,FALSE,FALSE,FALSE
311,"Clove Lakes Park Zone 1",4,8,16,TRUE,TRUE,"uniform",FALSE,FALSE,FALSE,FALSE
311,"Clove Lakes Park Zone 1",5,8,16,TRUE,TRUE,"uniform",FALSE,FALSE,FALSE,FALSE
311,"Clove Lakes Park Zone 1",6,8,16,TRUE,TRUE,"uniform",FALSE,FALSE,FALSE,FALSE
311,"Clove Lakes Park Zone 1",7,8,16,TRUE,TRUE,"uniform",FALSE,FALSE,FALSE,FALSE
312,"Clove Lakes Park Zone 1",1,,,,FALSE,"blank",,,FALSE,
312,"Clove Lakes Park Zone 1",2,,,,FALSE,"blank",,,FALSE,
312,"Clove Lakes Park Zone 1",3,,,,FALSE,"blank",,,FALSE,
312,"Clove Lakes Park Zone 1",4,,,,FALSE,"blank",,,FALSE,
312,"Clove Lakes Park Zone 1",5,,,,FALSE,"blank",,,FALSE,
312,"Clove Lakes Park Zone 1",6,,,,FALSE,"blank",,,FALSE,
312,"Clove Lakes Park Zone 1",7,,,,FALSE,"blank",,,FALSE,
313,"Bendheim Playground",1,8,16,TRUE,TRUE,"uniform",FALSE,FALSE,FALSE,FALSE
313,"Bendheim Playground",2,8,16,TRUE,TRUE,"uniform",FALSE,FALSE,FALSE,FALSE
313,"Bendheim Playground",3,8,16,TRUE,TRUE,"uniform",FALSE,FALSE,FALSE,FALSE
313,"Bendheim Playground",4,8,16,TRUE,TRUE,"uniform",FALSE,FALSE,FALSE,FALSE
313,"Bendheim Playground",5,8,16,TRUE,TRUE,"uniform",FALSE,FALSE,FALSE,FALSE
313,"Bendheim Playground",6,8,16,TRUE,TRUE,"uniform",FALSE,FALSE,FALSE,FALSE
313,"Bendheim Playground",7,8,16,TRUE,TRUE,"uniform",FALSE,FALSE,FALSE,FALSE
314,"Central Park West",1,8,16,TRUE,TRUE,"uniform",FALSE,FALSE,FALSE,FALSE
314,"Central Park West",2,8,16,TRUE,TRUE,"uniform",FALSE,FALSE,FALSE,FALSE
314,"Central Park West",3,8,16,TRUE,TRUE,"uniform",FALSE,FALSE,FALSE,FALSE
314,"Central Park West",4,8,16,TRUE,TRUE,"uniform",FALSE,FALSE,FALSE,FALSE
314,"Central Park West",5,8,16,TRUE,TRUE,"uniform",FALSE,FALSE,FALSE,FALSE
314,"Central Park West",6,8,16,TRUE,TRUE,"uniform",FALSE,FALSE,FALSE,FALSE
314,"Central Park West",7,8,16,TRUE,TRUE,"uniform",FALSE,FALSE,FALSE,FALSE
315,"Sheep Meadow",1,6,23,TRUE,TRUE,"uniform",FALSE,FALSE,FALSE,FALSE
315,"Sheep Meadow",2,6,23,TRUE,TRUE,"uniform",FALSE,FALSE,FALSE,FALSE
315,"Sheep Meadow",3,6,23,TRUE,TRUE,"uniform",FALSE,FALSE,FALSE,FALSE
315,"Sheep Meadow",4,6,23,TRUE,TRUE,"uniform",FALSE,FALSE,FALSE,FALSE
315,"Sheep Meadow",5,6,23,TRUE,TRUE,"uniform",FALSE,FALSE,FALSE,FALSE
315,"Sheep Meadow",6,6,23,TRUE,TRUE,"uniform",FALSE,FALSE,FALSE,FALSE
315,"Sheep Meadow",7,6,23,TRUE,TRUE,"uniform",FALSE,FALSE,FALSE,FALSE
316,"Pilgrim Hill & Conservatory Water",1,6,23,TRUE,TRUE,"uniform",FALSE,FALSE,FALSE,FALSE
316,"Pilgrim Hill & Conservatory Water",2,6,23,TRUE,TRUE,"uniform",FALSE,FALSE,FALSE,FALSE
316,"Pilgrim Hill & Conservatory Water",3,6,23,TRUE,TRUE,"uniform",FALSE,FALSE,FALSE,FALSE
316,"Pilgrim Hill & Conservatory Water",4,6,23,TRUE,TRUE,"uniform",FALSE,FALSE,FALSE,FALSE
316,"Pilgrim Hill & Conservatory Water",5,6,23,TRUE,TRUE,"uniform",FALSE,FALSE,FALSE,FALSE
316,"Pilgrim Hill & Conservatory Water",6,6,23,TRUE,TRUE,"uniform",FALSE,FALSE,FALSE,FALSE
316,"Pilgrim Hill & Conservatory Water",7,6,23,TRUE,TRUE,"uniform",FALSE,FALSE,FALSE,FALSE
317,"Columbus Park",1,8,16,TRUE,TRUE,"uniform",FALSE,FALSE,FALSE,FALSE
317,"Columbus Park",2,8,16,TRUE,TRUE,"uniform",FALSE,FALSE,FALSE,FALSE
317,"Columbus Park",3,8,16,TRUE,TRUE,"uniform",FALSE,FALSE,FALSE,FALSE
317,"Columbus Park",4,8,16,TRUE,TRUE,"uniform",FALSE,FALSE,FALSE,FALSE
317,"Columbus Park",5,8,16,TRUE,TRUE,"uniform",FALSE,FALSE,FALSE,FALSE
317,"Columbus Park",6,8,16,TRUE,TRUE,"uniform",FALSE,FALSE,FALSE,FALSE
317,"Columbus Park",7,8,16,TRUE,TRUE,"uniform",FALSE,FALSE,FALSE,FALSE
318,"Columbus Park",1,8,16,TRUE,TRUE,"uniform",FALSE,FALSE,FALSE,FALSE
318,"Columbus Park",2,8,16,TRUE,TRUE,"uniform",FALSE,FALSE,FALSE,FALSE
318,"Columbus Park",3,8,16,TRUE,TRUE,"uniform",FALSE,FALSE,FALSE,FALSE
318,"Columbus Park",4,8,16,TRUE,TRUE,"uniform",FALSE,FALSE,FALSE,FALSE
318,"Columbus Park",5,8,16,TRUE,TRUE,"uniform",FALSE,FALSE,FALSE,FALSE
318,"Columbus Park",6,8,16,TRUE,TRUE,"uniform",FALSE,FALSE,FALSE,FALSE
318,"Columbus Park",7,8,16,TRUE,TRUE,"uniform",FALSE,FALSE,FALSE,FALSE
319,"Bethesda Terrace",1,8,16,TRUE,TRUE,"uniform",FALSE,FALSE,FALSE,FALSE
319,"Bethesda Terrace",2,8,16,TRUE,TRUE,"uniform",FALSE,FALSE,FALSE,FALSE
319,"Bethesda Terrace",3,8,16,TRUE,TRUE,"uniform",FALSE,FALSE,FALSE,FALSE
319,"Bethesda Terrace",4,8,16,TRUE,TRUE,"uniform",FALSE,FALSE,FALSE,FALSE
319,"Bethesda Terrace",5,8,16,TRUE,TRUE,"uniform",FALSE,FALSE,FALSE,FALSE
319,"Bethesda Terrace",6,8,16,TRUE,TRUE,"uniform",FALSE,FALSE,FALSE,FALSE
319,"Bethesda Terrace",7,8,16,TRUE,TRUE,"uniform",FALSE,FALSE,FALSE,FALSE
320,"Belvedere Castle",1,6,20,TRUE,TRUE,"uniform",TRUE,FALSE,FALSE,FALSE
320,"Belvedere Castle",2,6,20,TRUE,TRUE,"uniform",TRUE,FALSE,FALSE,FALSE
320,"Belvedere Castle",3,6,20,TRUE,TRUE,"uniform",TRUE,FALSE,FALSE,FALSE
320,"Belvedere Castle",4,6,20,TRUE,TRUE,"uniform",TRUE,FALSE,FALSE,FALSE
320,"Belvedere Castle",5,6,20,TRUE,TRUE,"uniform",TRUE,FALSE,FALSE,FALSE
320,"Belvedere Castle",6,6,20,TRUE,TRUE,"uniform",TRUE,FALSE,FALSE,FALSE
320,"Belvedere Castle",7,6,20,TRUE,TRUE,"uniform",TRUE,FALSE,FALSE,FALSE
321,"Reservoir (Northwest)",1,,,,FALSE,"blank",,,FALSE,
321,"Reservoir (Northwest)",2,,,,FALSE,"blank",,,FALSE,
321,"Reservoir (Northwest)",3,,,,FALSE,"blank",,,FALSE,
321,"Reservoir (Northwest)",4,,,,FALSE,"blank",,,FALSE,
321,"Reservoir (Northwest)",5,,,,FALSE,"blank",,,FALSE,
321,"Reservoir (Northwest)",6,,,,FALSE,"blank",,,FALSE,
321,"Reservoir (Northwest)",7,,,,FALSE,"blank",,,FALSE,
322,"North Meadow Recreation Center",1,8,16,TRUE,TRUE,"uniform",FALSE,FALSE,FALSE,FALSE
322,"North Meadow Recreation Center",2,8,16,TRUE,TRUE,"uniform",FALSE,FALSE,FALSE,FALSE
322,"North Meadow Recreation Center",3,8,16,TRUE,TRUE,"uniform",FALSE,FALSE,FALSE,FALSE
322,"North Meadow Recreation Center",4,8,16,TRUE,TRUE,"uniform",FALSE,FALSE,FALSE,FALSE
322,"North Meadow Recreation Center",5,8,16,TRUE,TRUE,"uniform",FALSE,FALSE,FALSE,FALSE
322,"North Meadow Recreation Center",6,8,16,TRUE,TRUE,"uniform",FALSE,FALSE,FALSE,FALSE
322,"North Meadow Recreation Center",7,8,16,TRUE,TRUE,"uniform",FALSE,FALSE,FALSE,FALSE
323,"Conservatory Garden",1,8,16,TRUE,TRUE,"uniform",FALSE,FALSE,FALSE,FALSE
323,"Conservatory Garden",2,8,16,TRUE,TRUE,"uniform",FALSE,FALSE,FALSE,FALSE
323,"Conservatory Garden",3,8,16,TRUE,TRUE,"uniform",FALSE,FALSE,FALSE,FALSE
323,"Conservatory Garden",4,8,16,TRUE,TRUE,"uniform",FALSE,FALSE,FALSE,FALSE
323,"Conservatory Garden",5,8,16,TRUE,TRUE,"uniform",FALSE,FALSE,FALSE,FALSE
323,"Conservatory Garden",6,8,16,TRUE,TRUE,"uniform",FALSE,FALSE,FALSE,FALSE
323,"Conservatory Garden",7,8,16,TRUE,TRUE,"uniform",FALSE,FALSE,FALSE,FALSE
324,"Frawleys' Run",1,8,16,TRUE,TRUE,"uniform",FALSE,FALSE,FALSE,FALSE
324,"Frawleys' Run",2,8,16,TRUE,TRUE,"uniform",FALSE,FALSE,FALSE,FALSE
324,"Frawleys' Run",3,8,16,TRUE,TRUE,"uniform",FALSE,FALSE,FALSE,FALSE
324,"Frawleys' Run",4,8,16,TRUE,TRUE,"uniform",FALSE,FALSE,FALSE,FALSE
324,"Frawleys' Run",5,8,16,TRUE,TRUE,"uniform",FALSE,FALSE,FALSE,FALSE
324,"Frawleys' Run",6,8,16,TRUE,TRUE,"uniform",FALSE,FALSE,FALSE,FALSE
324,"Frawleys' Run",7,8,16,TRUE,TRUE,"uniform",FALSE,FALSE,FALSE,FALSE
325,"The Great Hill",1,8,16,TRUE,TRUE,"uniform",FALSE,FALSE,FALSE,FALSE
325,"The Great Hill",2,8,16,TRUE,TRUE,"uniform",FALSE,FALSE,FALSE,FALSE
325,"The Great Hill",3,8,16,TRUE,TRUE,"uniform",FALSE,FALSE,FALSE,FALSE
325,"The Great Hill",4,8,16,TRUE,TRUE,"uniform",FALSE,FALSE,FALSE,FALSE
325,"The Great Hill",5,8,16,TRUE,TRUE,"uniform",FALSE,FALSE,FALSE,FALSE
325,"The Great Hill",6,8,16,TRUE,TRUE,"uniform",FALSE,FALSE,FALSE,FALSE
325,"The Great Hill",7,8,16,TRUE,TRUE,"uniform",FALSE,FALSE,FALSE,FALSE
326,"Chelsea Park",1,8,16,TRUE,TRUE,"uniform",FALSE,FALSE,FALSE,FALSE
326,"Chelsea Park",2,8,16,TRUE,TRUE,"uniform",FALSE,FALSE,FALSE,FALSE
326,"Chelsea Park",3,8,16,TRUE,TRUE,"uniform",FALSE,FALSE,FALSE,FALSE
326,"Chelsea Park",4,8,16,TRUE,TRUE,"uniform",FALSE,FALSE,FALSE,FALSE
326,"Chelsea Park",5,8,16,TRUE,TRUE,"uniform",FALSE,FALSE,FALSE,FALSE
326,"Chelsea Park",6,8,16,TRUE,TRUE,"uniform",FALSE,FALSE,FALSE,FALSE
326,"Chelsea Park",7,8,16,TRUE,TRUE,"uniform",FALSE,FALSE,FALSE,FALSE
327,"Playground One Fifty Two CLII",1,8,16,TRUE,TRUE,"uniform",FALSE,FALSE,FALSE,FALSE
327,"Playground One Fifty Two CLII",2,8,16,TRUE,TRUE,"uniform",FALSE,FALSE,FALSE,FALSE
327,"Playground One Fifty Two CLII",3,8,16,TRUE,TRUE,"uniform",FALSE,FALSE,FALSE,FALSE
327,"Playground One Fifty Two CLII",4,8,16,TRUE,TRUE,"uniform",FALSE,FALSE,FALSE,FALSE
327,"Playground One Fifty Two CLII",5,8,16,TRUE,TRUE,"uniform",FALSE,FALSE,FALSE,FALSE
327,"Playground One Fifty Two CLII",6,8,16,TRUE,TRUE,"uniform",FALSE,FALSE,FALSE,FALSE
327,"Playground One Fifty Two CLII",7,8,16,TRUE,TRUE,"uniform",FALSE,FALSE,FALSE,FALSE
328,"Playground One Forty Nine CIL",1,8,16,TRUE,TRUE,"uniform",FALSE,FALSE,FALSE,FALSE
328,"Playground One Forty Nine CIL",2,8,16,TRUE,TRUE,"uniform",FALSE,FALSE,FALSE,FALSE
328,"Playground One Forty Nine CIL",3,8,16,TRUE,TRUE,"uniform",FALSE,FALSE,FALSE,FALSE
328,"Playground One Forty Nine CIL",4,8,16,TRUE,TRUE,"uniform",FALSE,FALSE,FALSE,FALSE
328,"Playground One Forty Nine CIL",5,8,16,TRUE,TRUE,"uniform",FALSE,FALSE,FALSE,FALSE
328,"Playground One Forty Nine CIL",6,8,16,TRUE,TRUE,"uniform",FALSE,FALSE,FALSE,FALSE
328,"Playground One Forty Nine CIL",7,8,16,TRUE,TRUE,"uniform",FALSE,FALSE,FALSE,FALSE
329,"Cunningham Park Zone 1",1,8,16,TRUE,TRUE,"uniform",FALSE,FALSE,FALSE,FALSE
329,"Cunningham Park Zone 1",2,8,16,TRUE,TRUE,"uniform",FALSE,FALSE,FALSE,FALSE
329,"Cunningham Park Zone 1",3,8,16,TRUE,TRUE,"uniform",FALSE,FALSE,FALSE,FALSE
329,"Cunningham Park Zone 1",4,8,16,TRUE,TRUE,"uniform",FALSE,FALSE,FALSE,FALSE
329,"Cunningham Park Zone 1",5,8,16,TRUE,TRUE,"uniform",FALSE,FALSE,FALSE,FALSE
329,"Cunningham Park Zone 1",6,8,16,TRUE,TRUE,"uniform",FALSE,FALSE,FALSE,FALSE
329,"Cunningham Park Zone 1",7,8,16,TRUE,TRUE,"uniform",FALSE,FALSE,FALSE,FALSE
330,"Cunningham Park Zone 1",1,8,16,TRUE,TRUE,"uniform",FALSE,FALSE,FALSE,FALSE
330,"Cunningham Park Zone 1",2,8,16,TRUE,TRUE,"uniform",FALSE,FALSE,FALSE,FALSE
330,"Cunningham Park Zone 1",3,8,16,TRUE,TRUE,"uniform",FALSE,FALSE,FALSE,FALSE
330,"Cunningham Park Zone 1",4,8,16,TRUE,TRUE,"uniform",FALSE,FALSE,FALSE,FALSE
330,"Cunningham Park Zone 1",5,8,16,TRUE,TRUE,"uniform",FALSE,FALSE,FALSE,FALSE
330,"Cunningham Park Zone 1",6,8,16,TRUE,TRUE,"uniform",FALSE,FALSE,FALSE,FALSE
330,"Cunningham Park Zone 1",7,8,16,TRUE,TRUE,"uniform",FALSE,FALSE,FALSE,FALSE
331,"Corlears Hook Park",1,8,16,TRUE,TRUE,"uniform",FALSE,FALSE,FALSE,FALSE
331,"Corlears Hook Park",2,8,16,TRUE,TRUE,"uniform",FALSE,FALSE,FALSE,FALSE
331,"Corlears Hook Park",3,8,16,TRUE,TRUE,"uniform",FALSE,FALSE,FALSE,FALSE
331,"Corlears Hook Park",4,8,16,TRUE,TRUE,"uniform",FALSE,FALSE,FALSE,FALSE
331,"Corlears Hook Park",5,8,16,TRUE,TRUE,"uniform",FALSE,FALSE,FALSE,FALSE
331,"Corlears Hook Park",6,8,16,TRUE,TRUE,"uniform",FALSE,FALSE,FALSE,FALSE
331,"Corlears Hook Park",7,8,16,TRUE,TRUE,"uniform",FALSE,FALSE,FALSE,FALSE
332,"Carmansville Playground",1,8,16,TRUE,TRUE,"uniform",FALSE,FALSE,FALSE,FALSE
332,"Carmansville Playground",2,8,16,TRUE,TRUE,"uniform",FALSE,FALSE,FALSE,FALSE
332,"Carmansville Playground",3,8,16,TRUE,TRUE,"uniform",FALSE,FALSE,FALSE,FALSE
332,"Carmansville Playground",4,8,16,TRUE,TRUE,"uniform",FALSE,FALSE,FALSE,FALSE
332,"Carmansville Playground",5,8,16,TRUE,TRUE,"uniform",FALSE,FALSE,FALSE,FALSE
332,"Carmansville Playground",6,8,16,TRUE,TRUE,"uniform",FALSE,FALSE,FALSE,FALSE
332,"Carmansville Playground",7,8,16,TRUE,TRUE,"uniform",FALSE,FALSE,FALSE,FALSE
333,"Coleman Playground",1,,,,FALSE,"blank",,,FALSE,
333,"Coleman Playground",2,,,,FALSE,"blank",,,FALSE,
333,"Coleman Playground",3,,,,FALSE,"blank",,,FALSE,
333,"Coleman Playground",4,,,,FALSE,"blank",,,FALSE,
333,"Coleman Playground",5,,,,FALSE,"blank",,,FALSE,
333,"Coleman Playground",6,,,,FALSE,"blank",,,FALSE,
333,"Coleman Playground",7,,,,FALSE,"blank",,,FALSE,
334,"De Witt Clinton Park",1,8,16,TRUE,TRUE,"uniform",FALSE,FALSE,FALSE,FALSE
334,"De Witt Clinton Park",2,8,16,TRUE,TRUE,"uniform",FALSE,FALSE,FALSE,FALSE
334,"De Witt Clinton Park",3,8,16,TRUE,TRUE,"uniform",FALSE,FALSE,FALSE,FALSE
334,"De Witt Clinton Park",4,8,16,TRUE,TRUE,"uniform",FALSE,FALSE,FALSE,FALSE
334,"De Witt Clinton Park",5,8,16,TRUE,TRUE,"uniform",FALSE,FALSE,FALSE,FALSE
334,"De Witt Clinton Park",6,8,16,TRUE,TRUE,"uniform",FALSE,FALSE,FALSE,FALSE
334,"De Witt Clinton Park",7,8,16,TRUE,TRUE,"uniform",FALSE,FALSE,FALSE,FALSE
335,"Downing Street Playground",1,8,16,TRUE,TRUE,"uniform",FALSE,FALSE,FALSE,FALSE
335,"Downing Street Playground",2,8,16,TRUE,TRUE,"uniform",FALSE,FALSE,FALSE,FALSE
335,"Downing Street Playground",3,8,16,TRUE,TRUE,"uniform",FALSE,FALSE,FALSE,FALSE
335,"Downing Street Playground",4,8,16,TRUE,TRUE,"uniform",FALSE,FALSE,FALSE,FALSE
335,"Downing Street Playground",5,8,16,TRUE,TRUE,"uniform",FALSE,FALSE,FALSE,FALSE
335,"Downing Street Playground",6,8,16,TRUE,TRUE,"uniform",FALSE,FALSE,FALSE,FALSE
335,"Downing Street Playground",7,8,16,TRUE,TRUE,"uniform",FALSE,FALSE,FALSE,FALSE
336,"Lily Brown Playground",1,,,,FALSE,"blank",,,FALSE,
336,"Lily Brown Playground",2,,,,FALSE,"blank",,,FALSE,
336,"Lily Brown Playground",3,,,,FALSE,"blank",,,FALSE,
336,"Lily Brown Playground",4,,,,FALSE,"blank",,,FALSE,
336,"Lily Brown Playground",5,,,,FALSE,"blank",,,FALSE,
336,"Lily Brown Playground",6,,,,FALSE,"blank",,,FALSE,
336,"Lily Brown Playground",7,,,,FALSE,"blank",,,FALSE,
337,"Fort Washington Park Zone 2A",1,8,16,TRUE,TRUE,"uniform",FALSE,FALSE,FALSE,FALSE
337,"Fort Washington Park Zone 2A",2,8,16,TRUE,TRUE,"uniform",FALSE,FALSE,FALSE,FALSE
337,"Fort Washington Park Zone 2A",3,8,16,TRUE,TRUE,"uniform",FALSE,FALSE,FALSE,FALSE
337,"Fort Washington Park Zone 2A",4,8,16,TRUE,TRUE,"uniform",FALSE,FALSE,FALSE,FALSE
337,"Fort Washington Park Zone 2A",5,8,16,TRUE,TRUE,"uniform",FALSE,FALSE,FALSE,FALSE
337,"Fort Washington Park Zone 2A",6,8,16,TRUE,TRUE,"uniform",FALSE,FALSE,FALSE,FALSE
337,"Fort Washington Park Zone 2A",7,8,16,TRUE,TRUE,"uniform",FALSE,FALSE,FALSE,FALSE
338,"Fort Washington Park Zone 4",1,8,16,TRUE,TRUE,"uniform",FALSE,FALSE,FALSE,FALSE
338,"Fort Washington Park Zone 4",2,8,16,TRUE,TRUE,"uniform",FALSE,FALSE,FALSE,FALSE
338,"Fort Washington Park Zone 4",3,8,16,TRUE,TRUE,"uniform",FALSE,FALSE,FALSE,FALSE
338,"Fort Washington Park Zone 4",4,8,16,TRUE,TRUE,"uniform",FALSE,FALSE,FALSE,FALSE
338,"Fort Washington Park Zone 4",5,8,16,TRUE,TRUE,"uniform",FALSE,FALSE,FALSE,FALSE
338,"Fort Washington Park Zone 4",6,8,16,TRUE,TRUE,"uniform",FALSE,FALSE,FALSE,FALSE
338,"Fort Washington Park Zone 4",7,8,16,TRUE,TRUE,"uniform",FALSE,FALSE,FALSE,FALSE
339,"Anne Loftus Playground",1,8,16,TRUE,TRUE,"uniform",FALSE,FALSE,FALSE,FALSE
339,"Anne Loftus Playground",2,8,16,TRUE,TRUE,"uniform",FALSE,FALSE,FALSE,FALSE
339,"Anne Loftus Playground",3,8,16,TRUE,TRUE,"uniform",FALSE,FALSE,FALSE,FALSE
339,"Anne Loftus Playground",4,8,16,TRUE,TRUE,"uniform",FALSE,FALSE,FALSE,FALSE
339,"Anne Loftus Playground",5,8,16,TRUE,TRUE,"uniform",FALSE,FALSE,FALSE,FALSE
339,"Anne Loftus Playground",6,8,16,TRUE,TRUE,"uniform",FALSE,FALSE,FALSE,FALSE
339,"Anne Loftus Playground",7,8,16,TRUE,TRUE,"uniform",FALSE,FALSE,FALSE,FALSE
340,"Fort Tryon Park Zone 1",1,8.5,21,TRUE,TRUE,"uniform",FALSE,FALSE,FALSE,FALSE
340,"Fort Tryon Park Zone 1",2,8.5,21,TRUE,TRUE,"uniform",FALSE,FALSE,FALSE,FALSE
340,"Fort Tryon Park Zone 1",3,8.5,21,TRUE,TRUE,"uniform",FALSE,FALSE,FALSE,FALSE
340,"Fort Tryon Park Zone 1",4,8.5,21,TRUE,TRUE,"uniform",FALSE,FALSE,FALSE,FALSE
340,"Fort Tryon Park Zone 1",5,8.5,21,TRUE,TRUE,"uniform",FALSE,FALSE,FALSE,FALSE
340,"Fort Tryon Park Zone 1",6,8.5,21,TRUE,TRUE,"uniform",FALSE,FALSE,FALSE,FALSE
340,"Fort Tryon Park Zone 1",7,8.5,21,TRUE,TRUE,"uniform",FALSE,FALSE,FALSE,FALSE
341,"Wallenberg Playground",1,8,16,TRUE,TRUE,"uniform",FALSE,FALSE,FALSE,FALSE
341,"Wallenberg Playground",2,8,16,TRUE,TRUE,"uniform",FALSE,FALSE,FALSE,FALSE
341,"Wallenberg Playground",3,8,16,TRUE,TRUE,"uniform",FALSE,FALSE,FALSE,FALSE
341,"Wallenberg Playground",4,8,16,TRUE,TRUE,"uniform",FALSE,FALSE,FALSE,FALSE
341,"Wallenberg Playground",5,8,16,TRUE,TRUE,"uniform",FALSE,FALSE,FALSE,FALSE
341,"Wallenberg Playground",6,8,16,TRUE,TRUE,"uniform",FALSE,FALSE,FALSE,FALSE
341,"Wallenberg Playground",7,8,16,TRUE,TRUE,"uniform",FALSE,FALSE,FALSE,FALSE
342,"Alexander Hamilton Playground",1,8,16,TRUE,TRUE,"uniform",FALSE,FALSE,FALSE,FALSE
342,"Alexander Hamilton Playground",2,8,16,TRUE,TRUE,"uniform",FALSE,FALSE,FALSE,FALSE
342,"Alexander Hamilton Playground",3,8,16,TRUE,TRUE,"uniform",FALSE,FALSE,FALSE,FALSE
342,"Alexander Hamilton Playground",4,8,16,TRUE,TRUE,"uniform",FALSE,FALSE,FALSE,FALSE
342,"Alexander Hamilton Playground",5,8,16,TRUE,TRUE,"uniform",FALSE,FALSE,FALSE,FALSE
342,"Alexander Hamilton Playground",6,8,16,TRUE,TRUE,"uniform",FALSE,FALSE,FALSE,FALSE
342,"Alexander Hamilton Playground",7,8,16,TRUE,TRUE,"uniform",FALSE,FALSE,FALSE,FALSE
343,"Inwood Hill Park Zone 1",1,8,16,TRUE,TRUE,"uniform",FALSE,FALSE,FALSE,FALSE
343,"Inwood Hill Park Zone 1",2,8,16,TRUE,TRUE,"uniform",FALSE,FALSE,FALSE,FALSE
343,"Inwood Hill Park Zone 1",3,8,16,TRUE,TRUE,"uniform",FALSE,FALSE,FALSE,FALSE
343,"Inwood Hill Park Zone 1",4,8,16,TRUE,TRUE,"uniform",FALSE,FALSE,FALSE,FALSE
343,"Inwood Hill Park Zone 1",5,8,16,TRUE,TRUE,"uniform",FALSE,FALSE,FALSE,FALSE
343,"Inwood Hill Park Zone 1",6,8,16,TRUE,TRUE,"uniform",FALSE,FALSE,FALSE,FALSE
343,"Inwood Hill Park Zone 1",7,8,16,TRUE,TRUE,"uniform",FALSE,FALSE,FALSE,FALSE
344,"John Jay Park",1,8,16,TRUE,TRUE,"uniform",FALSE,FALSE,FALSE,FALSE
344,"John Jay Park",2,8,16,TRUE,TRUE,"uniform",FALSE,FALSE,FALSE,FALSE
344,"John Jay Park",3,8,16,TRUE,TRUE,"uniform",FALSE,FALSE,FALSE,FALSE
344,"John Jay Park",4,8,16,TRUE,TRUE,"uniform",FALSE,FALSE,FALSE,FALSE
344,"John Jay Park",5,8,16,TRUE,TRUE,"uniform",FALSE,FALSE,FALSE,FALSE
344,"John Jay Park",6,8,16,TRUE,TRUE,"uniform",FALSE,FALSE,FALSE,FALSE
344,"John Jay Park",7,8,16,TRUE,TRUE,"uniform",FALSE,FALSE,FALSE,FALSE
345,"Playground 123",1,8,16,TRUE,TRUE,"uniform",FALSE,FALSE,FALSE,FALSE
345,"Playground 123",2,8,16,TRUE,TRUE,"uniform",FALSE,FALSE,FALSE,FALSE
345,"Playground 123",3,8,16,TRUE,TRUE,"uniform",FALSE,FALSE,FALSE,FALSE
345,"Playground 123",4,8,16,TRUE,TRUE,"uniform",FALSE,FALSE,FALSE,FALSE
345,"Playground 123",5,8,16,TRUE,TRUE,"uniform",FALSE,FALSE,FALSE,FALSE
345,"Playground 123",6,8,16,TRUE,TRUE,"uniform",FALSE,FALSE,FALSE,FALSE
345,"Playground 123",7,8,16,TRUE,TRUE,"uniform",FALSE,FALSE,FALSE,FALSE
346,"Morningside Park Zone 1",1,,,,FALSE,"blank",,,FALSE,
346,"Morningside Park Zone 1",2,,,,FALSE,"blank",,,FALSE,
346,"Morningside Park Zone 1",3,,,,FALSE,"blank",,,FALSE,
346,"Morningside Park Zone 1",4,,,,FALSE,"blank",,,FALSE,
346,"Morningside Park Zone 1",5,,,,FALSE,"blank",,,FALSE,
346,"Morningside Park Zone 1",6,,,,FALSE,"blank",,,FALSE,
346,"Morningside Park Zone 1",7,,,,FALSE,"blank",,,FALSE,
347,"Marcus Garvey Park Zone 1",1,8,16,TRUE,TRUE,"uniform",FALSE,FALSE,FALSE,FALSE
347,"Marcus Garvey Park Zone 1",2,8,16,TRUE,TRUE,"uniform",FALSE,FALSE,FALSE,FALSE
347,"Marcus Garvey Park Zone 1",3,8,16,TRUE,TRUE,"uniform",FALSE,FALSE,FALSE,FALSE
347,"Marcus Garvey Park Zone 1",4,8,16,TRUE,TRUE,"uniform",FALSE,FALSE,FALSE,FALSE
347,"Marcus Garvey Park Zone 1",5,8,16,TRUE,TRUE,"uniform",FALSE,FALSE,FALSE,FALSE
347,"Marcus Garvey Park Zone 1",6,8,16,TRUE,TRUE,"uniform",FALSE,FALSE,FALSE,FALSE
347,"Marcus Garvey Park Zone 1",7,8,16,TRUE,TRUE,"uniform",FALSE,FALSE,FALSE,FALSE
348,"Gertrude Ederle Recreation Center",1,8,16,TRUE,TRUE,"uniform",FALSE,FALSE,FALSE,FALSE
348,"Gertrude Ederle Recreation Center",2,8,16,TRUE,TRUE,"uniform",FALSE,FALSE,FALSE,FALSE
348,"Gertrude Ederle Recreation Center",3,8,16,TRUE,TRUE,"uniform",FALSE,FALSE,FALSE,FALSE
348,"Gertrude Ederle Recreation Center",4,8,16,TRUE,TRUE,"uniform",FALSE,FALSE,FALSE,FALSE
348,"Gertrude Ederle Recreation Center",5,8,16,TRUE,TRUE,"uniform",FALSE,FALSE,FALSE,FALSE
348,"Gertrude Ederle Recreation Center",6,8,16,TRUE,TRUE,"uniform",FALSE,FALSE,FALSE,FALSE
348,"Gertrude Ederle Recreation Center",7,8,16,TRUE,TRUE,"uniform",FALSE,FALSE,FALSE,FALSE
349,"Luther Gulick Park",1,8,16,TRUE,TRUE,"uniform",FALSE,FALSE,FALSE,FALSE
349,"Luther Gulick Park",2,8,16,TRUE,TRUE,"uniform",FALSE,FALSE,FALSE,FALSE
349,"Luther Gulick Park",3,8,16,TRUE,TRUE,"uniform",FALSE,FALSE,FALSE,FALSE
349,"Luther Gulick Park",4,8,16,TRUE,TRUE,"uniform",FALSE,FALSE,FALSE,FALSE
349,"Luther Gulick Park",5,8,16,TRUE,TRUE,"uniform",FALSE,FALSE,FALSE,FALSE
349,"Luther Gulick Park",6,8,16,TRUE,TRUE,"uniform",FALSE,FALSE,FALSE,FALSE
349,"Luther Gulick Park",7,8,16,TRUE,TRUE,"uniform",FALSE,FALSE,FALSE,FALSE
350,"Vesuvio Playground",1,8,16,TRUE,TRUE,"uniform",FALSE,FALSE,FALSE,FALSE
350,"Vesuvio Playground",2,8,16,TRUE,TRUE,"uniform",FALSE,FALSE,FALSE,FALSE
350,"Vesuvio Playground",3,8,16,TRUE,TRUE,"uniform",FALSE,FALSE,FALSE,FALSE
350,"Vesuvio Playground",4,8,16,TRUE,TRUE,"uniform",FALSE,FALSE,FALSE,FALSE
350,"Vesuvio Playground",5,8,16,TRUE,TRUE,"uniform",FALSE,FALSE,FALSE,FALSE
350,"Vesuvio Playground",6,8,16,TRUE,TRUE,"uniform",FALSE,FALSE,FALSE,FALSE
350,"Vesuvio Playground",7,8,16,TRUE,TRUE,"uniform",FALSE,FALSE,FALSE,FALSE
351,"East Parade Grounds",1,7.5,17,TRUE,TRUE,"uniform",FALSE,FALSE,FALSE,FALSE
351,"East Parade Grounds",2,7.5,17,TRUE,TRUE,"uniform",FALSE,FALSE,FALSE,FALSE
351,"East Parade Grounds",3,7.5,17,TRUE,TRUE,"uniform",FALSE,FALSE,FALSE,FALSE
351,"East Parade Grounds",4,7.5,17,TRUE,TRUE,"uniform",FALSE,FALSE,FALSE,FALSE
351,"East Parade Grounds",5,7.5,17,TRUE,TRUE,"uniform",FALSE,FALSE,FALSE,FALSE
351,"East Parade Grounds",6,7.5,17,TRUE,TRUE,"uniform",FALSE,FALSE,FALSE,FALSE
351,"East Parade Grounds",7,7.5,17,TRUE,TRUE,"uniform",FALSE,FALSE,FALSE,FALSE
352,"Neufeld Playground",1,8,16,TRUE,TRUE,"uniform",FALSE,FALSE,FALSE,FALSE
352,"Neufeld Playground",2,8,16,TRUE,TRUE,"uniform",FALSE,FALSE,FALSE,FALSE
352,"Neufeld Playground",3,8,16,TRUE,TRUE,"uniform",FALSE,FALSE,FALSE,FALSE
352,"Neufeld Playground",4,8,16,TRUE,TRUE,"uniform",FALSE,FALSE,FALSE,FALSE
352,"Neufeld Playground",5,8,16,TRUE,TRUE,"uniform",FALSE,FALSE,FALSE,FALSE
352,"Neufeld Playground",6,8,16,TRUE,TRUE,"uniform",FALSE,FALSE,FALSE,FALSE
352,"Neufeld Playground",7,8,16,TRUE,TRUE,"uniform",FALSE,FALSE,FALSE,FALSE
353,"River Run Playground",1,8,16,TRUE,TRUE,"uniform",FALSE,FALSE,FALSE,FALSE
353,"River Run Playground",2,8,16,TRUE,TRUE,"uniform",FALSE,FALSE,FALSE,FALSE
353,"River Run Playground",3,8,16,TRUE,TRUE,"uniform",FALSE,FALSE,FALSE,FALSE
353,"River Run Playground",4,8,16,TRUE,TRUE,"uniform",FALSE,FALSE,FALSE,FALSE
353,"River Run Playground",5,8,16,TRUE,TRUE,"uniform",FALSE,FALSE,FALSE,FALSE
353,"River Run Playground",6,8,16,TRUE,TRUE,"uniform",FALSE,FALSE,FALSE,FALSE
353,"River Run Playground",7,8,16,TRUE,TRUE,"uniform",FALSE,FALSE,FALSE,FALSE
354,"Hippo Playground",1,8,16,TRUE,TRUE,"uniform",FALSE,FALSE,FALSE,FALSE
354,"Hippo Playground",2,8,16,TRUE,TRUE,"uniform",FALSE,FALSE,FALSE,FALSE
354,"Hippo Playground",3,8,16,TRUE,TRUE,"uniform",FALSE,FALSE,FALSE,FALSE
354,"Hippo Playground",4,8,16,TRUE,TRUE,"uniform",FALSE,FALSE,FALSE,FALSE
354,"Hippo Playground",5,8,16,TRUE,TRUE,"uniform",FALSE,FALSE,FALSE,FALSE
354,"Hippo Playground",6,8,16,TRUE,TRUE,"uniform",FALSE,FALSE,FALSE,FALSE
354,"Hippo Playground",7,8,16,TRUE,TRUE,"uniform",FALSE,FALSE,FALSE,FALSE
355,"Dinosaur Playground",1,8,16,TRUE,TRUE,"uniform",FALSE,FALSE,FALSE,FALSE
355,"Dinosaur Playground",2,8,16,TRUE,TRUE,"uniform",FALSE,FALSE,FALSE,FALSE
355,"Dinosaur Playground",3,8,16,TRUE,TRUE,"uniform",FALSE,FALSE,FALSE,FALSE
355,"Dinosaur Playground",4,8,16,TRUE,TRUE,"uniform",FALSE,FALSE,FALSE,FALSE
355,"Dinosaur Playground",5,8,16,TRUE,TRUE,"uniform",FALSE,FALSE,FALSE,FALSE
355,"Dinosaur Playground",6,8,16,TRUE,TRUE,"uniform",FALSE,FALSE,FALSE,FALSE
355,"Dinosaur Playground",7,8,16,TRUE,TRUE,"uniform",FALSE,FALSE,FALSE,FALSE
356,"Claremont",1,8,16,TRUE,TRUE,"uniform",FALSE,FALSE,FALSE,FALSE
356,"Claremont",2,8,16,TRUE,TRUE,"uniform",FALSE,FALSE,FALSE,FALSE
356,"Claremont",3,8,16,TRUE,TRUE,"uniform",FALSE,FALSE,FALSE,FALSE
356,"Claremont",4,8,16,TRUE,TRUE,"uniform",FALSE,FALSE,FALSE,FALSE
356,"Claremont",5,8,16,TRUE,TRUE,"uniform",FALSE,FALSE,FALSE,FALSE
356,"Claremont",6,8,16,TRUE,TRUE,"uniform",FALSE,FALSE,FALSE,FALSE
356,"Claremont",7,8,16,TRUE,TRUE,"uniform",FALSE,FALSE,FALSE,FALSE
357,"Wildlife Sanct. & 119 St Tennis Courts",1,8,16,TRUE,TRUE,"uniform",FALSE,FALSE,FALSE,FALSE
357,"Wildlife Sanct. & 119 St Tennis Courts",2,8,16,TRUE,TRUE,"uniform",FALSE,FALSE,FALSE,FALSE
357,"Wildlife Sanct. & 119 St Tennis Courts",3,8,16,TRUE,TRUE,"uniform",FALSE,FALSE,FALSE,FALSE
357,"Wildlife Sanct. & 119 St Tennis Courts",4,8,16,TRUE,TRUE,"uniform",FALSE,FALSE,FALSE,FALSE
357,"Wildlife Sanct. & 119 St Tennis Courts",5,8,16,TRUE,TRUE,"uniform",FALSE,FALSE,FALSE,FALSE
357,"Wildlife Sanct. & 119 St Tennis Courts",6,8,16,TRUE,TRUE,"uniform",FALSE,FALSE,FALSE,FALSE
357,"Wildlife Sanct. & 119 St Tennis Courts",7,8,16,TRUE,TRUE,"uniform",FALSE,FALSE,FALSE,FALSE
358,"101st St. Soccer Field",1,8,16,TRUE,TRUE,"uniform",FALSE,FALSE,FALSE,FALSE
358,"101st St. Soccer Field",2,8,16,TRUE,TRUE,"uniform",FALSE,FALSE,FALSE,FALSE
358,"101st St. Soccer Field",3,8,16,TRUE,TRUE,"uniform",FALSE,FALSE,FALSE,FALSE
358,"101st St. Soccer Field",4,8,16,TRUE,TRUE,"uniform",FALSE,FALSE,FALSE,FALSE
358,"101st St. Soccer Field",5,8,16,TRUE,TRUE,"uniform",FALSE,FALSE,FALSE,FALSE
358,"101st St. Soccer Field",6,8,16,TRUE,TRUE,"uniform",FALSE,FALSE,FALSE,FALSE
358,"101st St. Soccer Field",7,8,16,TRUE,TRUE,"uniform",FALSE,FALSE,FALSE,FALSE
359,"Hudson Beach Volleyball Courts & Café",1,11,23,TRUE,TRUE,"uniform",FALSE,FALSE,FALSE,FALSE
359,"Hudson Beach Volleyball Courts & Café",2,11,23,TRUE,TRUE,"uniform",FALSE,FALSE,FALSE,FALSE
359,"Hudson Beach Volleyball Courts & Café",3,11,23,TRUE,TRUE,"uniform",FALSE,FALSE,FALSE,FALSE
359,"Hudson Beach Volleyball Courts & Café",4,11,23,TRUE,TRUE,"uniform",FALSE,FALSE,FALSE,FALSE
359,"Hudson Beach Volleyball Courts & Café",5,11,23,TRUE,TRUE,"uniform",FALSE,FALSE,FALSE,FALSE
359,"Hudson Beach Volleyball Courts & Café",6,11,23,TRUE,TRUE,"uniform",FALSE,FALSE,FALSE,FALSE
359,"Hudson Beach Volleyball Courts & Café",7,11,23,TRUE,TRUE,"uniform",FALSE,FALSE,FALSE,FALSE
360,"Riverbank Playground",1,8,16,TRUE,TRUE,"uniform",FALSE,FALSE,FALSE,FALSE
360,"Riverbank Playground",2,8,16,TRUE,TRUE,"uniform",FALSE,FALSE,FALSE,FALSE
360,"Riverbank Playground",3,8,16,TRUE,TRUE,"uniform",FALSE,FALSE,FALSE,FALSE
360,"Riverbank Playground",4,8,16,TRUE,TRUE,"uniform",FALSE,FALSE,FALSE,FALSE
360,"Riverbank Playground",5,8,16,TRUE,TRUE,"uniform",FALSE,FALSE,FALSE,FALSE
360,"Riverbank Playground",6,8,16,TRUE,TRUE,"uniform",FALSE,FALSE,FALSE,FALSE
360,"Riverbank Playground",7,8,16,TRUE,TRUE,"uniform",FALSE,FALSE,FALSE,FALSE
361,"East Parade Grounds",1,,,,FALSE,"unparseable",,,FALSE,
361,"East Parade Grounds",2,,,,FALSE,"unparseable",,,FALSE,
361,"East Parade Grounds",3,,,,FALSE,"unparseable",,,FALSE,
361,"East Parade Grounds",4,,,,FALSE,"unparseable",,,FALSE,
361,"East Parade Grounds",5,,,,FALSE,"unparseable",,,FALSE,
361,"East Parade Grounds",6,,,,FALSE,"unparseable",,,FALSE,
361,"East Parade Grounds",7,,,,FALSE,"unparseable",,,FALSE,
362,"Arlington Edinboro Playground",1,8,16,TRUE,TRUE,"uniform",FALSE,FALSE,FALSE,FALSE
362,"Arlington Edinboro Playground",2,8,16,TRUE,TRUE,"uniform",FALSE,FALSE,FALSE,FALSE
362,"Arlington Edinboro Playground",3,8,16,TRUE,TRUE,"uniform",FALSE,FALSE,FALSE,FALSE
362,"Arlington Edinboro Playground",4,8,16,TRUE,TRUE,"uniform",FALSE,FALSE,FALSE,FALSE
362,"Arlington Edinboro Playground",5,8,16,TRUE,TRUE,"uniform",FALSE,FALSE,FALSE,FALSE
362,"Arlington Edinboro Playground",6,8,16,TRUE,TRUE,"uniform",FALSE,FALSE,FALSE,FALSE
362,"Arlington Edinboro Playground",7,8,16,TRUE,TRUE,"uniform",FALSE,FALSE,FALSE,FALSE
363,"Grand Central Parkway Gas",1,0,24,TRUE,TRUE,"uniform",FALSE,FALSE,FALSE,FALSE
363,"Grand Central Parkway Gas",2,0,24,TRUE,TRUE,"uniform",FALSE,FALSE,FALSE,FALSE
363,"Grand Central Parkway Gas",3,0,24,TRUE,TRUE,"uniform",FALSE,FALSE,FALSE,FALSE
363,"Grand Central Parkway Gas",4,0,24,TRUE,TRUE,"uniform",FALSE,FALSE,FALSE,FALSE
363,"Grand Central Parkway Gas",5,0,24,TRUE,TRUE,"uniform",FALSE,FALSE,FALSE,FALSE
363,"Grand Central Parkway Gas",6,0,24,TRUE,TRUE,"uniform",FALSE,FALSE,FALSE,FALSE
363,"Grand Central Parkway Gas",7,0,24,TRUE,TRUE,"uniform",FALSE,FALSE,FALSE,FALSE
364,"St. Catherine's Park",1,8,16,TRUE,TRUE,"uniform",FALSE,FALSE,FALSE,FALSE
364,"St. Catherine's Park",2,8,16,TRUE,TRUE,"uniform",FALSE,FALSE,FALSE,FALSE
364,"St. Catherine's Park",3,8,16,TRUE,TRUE,"uniform",FALSE,FALSE,FALSE,FALSE
364,"St. Catherine's Park",4,8,16,TRUE,TRUE,"uniform",FALSE,FALSE,FALSE,FALSE
364,"St. Catherine's Park",5,8,16,TRUE,TRUE,"uniform",FALSE,FALSE,FALSE,FALSE
364,"St. Catherine's Park",6,8,16,TRUE,TRUE,"uniform",FALSE,FALSE,FALSE,FALSE
364,"St. Catherine's Park",7,8,16,TRUE,TRUE,"uniform",FALSE,FALSE,FALSE,FALSE
365,"Catbird Playground",1,,,,FALSE,"blank",,,FALSE,
365,"Catbird Playground",2,,,,FALSE,"blank",,,FALSE,
365,"Catbird Playground",3,,,,FALSE,"blank",,,FALSE,
365,"Catbird Playground",4,,,,FALSE,"blank",,,FALSE,
365,"Catbird Playground",5,,,,FALSE,"blank",,,FALSE,
365,"Catbird Playground",6,,,,FALSE,"blank",,,FALSE,
365,"Catbird Playground",7,,,,FALSE,"blank",,,FALSE,
366,"Carl Schurz Main Lawn",1,,,,FALSE,"blank",,,FALSE,
366,"Carl Schurz Main Lawn",2,,,,FALSE,"blank",,,FALSE,
366,"Carl Schurz Main Lawn",3,,,,FALSE,"blank",,,FALSE,
366,"Carl Schurz Main Lawn",4,,,,FALSE,"blank",,,FALSE,
366,"Carl Schurz Main Lawn",5,,,,FALSE,"blank",,,FALSE,
366,"Carl Schurz Main Lawn",6,,,,FALSE,"blank",,,FALSE,
366,"Carl Schurz Main Lawn",7,,,,FALSE,"blank",,,FALSE,
367,"Carl Schurz Promenade",1,8,16,TRUE,TRUE,"uniform",FALSE,FALSE,FALSE,FALSE
367,"Carl Schurz Promenade",2,8,16,TRUE,TRUE,"uniform",FALSE,FALSE,FALSE,FALSE
367,"Carl Schurz Promenade",3,8,16,TRUE,TRUE,"uniform",FALSE,FALSE,FALSE,FALSE
367,"Carl Schurz Promenade",4,8,16,TRUE,TRUE,"uniform",FALSE,FALSE,FALSE,FALSE
367,"Carl Schurz Promenade",5,8,16,TRUE,TRUE,"uniform",FALSE,FALSE,FALSE,FALSE
367,"Carl Schurz Promenade",6,8,16,TRUE,TRUE,"uniform",FALSE,FALSE,FALSE,FALSE
367,"Carl Schurz Promenade",7,8,16,TRUE,TRUE,"uniform",FALSE,FALSE,FALSE,FALSE
368,"Seward Park",1,,,,FALSE,"blank",,,FALSE,
368,"Seward Park",2,,,,FALSE,"blank",,,FALSE,
368,"Seward Park",3,,,,FALSE,"blank",,,FALSE,
368,"Seward Park",4,,,,FALSE,"blank",,,FALSE,
368,"Seward Park",5,,,,FALSE,"blank",,,FALSE,
368,"Seward Park",6,,,,FALSE,"blank",,,FALSE,
368,"Seward Park",7,,,,FALSE,"blank",,,FALSE,
369,"Union Square Park",1,12,23,TRUE,TRUE,"uniform",FALSE,FALSE,FALSE,FALSE
369,"Union Square Park",2,12,23,TRUE,TRUE,"uniform",FALSE,FALSE,FALSE,FALSE
369,"Union Square Park",3,12,23,TRUE,TRUE,"uniform",FALSE,FALSE,FALSE,FALSE
369,"Union Square Park",4,12,23,TRUE,TRUE,"uniform",FALSE,FALSE,FALSE,FALSE
369,"Union Square Park",5,12,23,TRUE,TRUE,"uniform",FALSE,FALSE,FALSE,FALSE
369,"Union Square Park",6,12,23,TRUE,TRUE,"uniform",FALSE,FALSE,FALSE,FALSE
369,"Union Square Park",7,12,23,TRUE,TRUE,"uniform",FALSE,FALSE,FALSE,FALSE
370,"Evelyn's Playground",1,8,16,TRUE,TRUE,"uniform",FALSE,FALSE,FALSE,FALSE
370,"Evelyn's Playground",2,8,16,TRUE,TRUE,"uniform",FALSE,FALSE,FALSE,FALSE
370,"Evelyn's Playground",3,8,16,TRUE,TRUE,"uniform",FALSE,FALSE,FALSE,FALSE
370,"Evelyn's Playground",4,8,16,TRUE,TRUE,"uniform",FALSE,FALSE,FALSE,FALSE
370,"Evelyn's Playground",5,8,16,TRUE,TRUE,"uniform",FALSE,FALSE,FALSE,FALSE
370,"Evelyn's Playground",6,8,16,TRUE,TRUE,"uniform",FALSE,FALSE,FALSE,FALSE
370,"Evelyn's Playground",7,8,16,TRUE,TRUE,"uniform",FALSE,FALSE,FALSE,FALSE
371,"Washington Square Park Western Half",1,8,16,TRUE,TRUE,"uniform",FALSE,FALSE,FALSE,FALSE
371,"Washington Square Park Western Half",2,8,16,TRUE,TRUE,"uniform",FALSE,FALSE,FALSE,FALSE
371,"Washington Square Park Western Half",3,8,16,TRUE,TRUE,"uniform",FALSE,FALSE,FALSE,FALSE
371,"Washington Square Park Western Half",4,8,16,TRUE,TRUE,"uniform",FALSE,FALSE,FALSE,FALSE
371,"Washington Square Park Western Half",5,8,16,TRUE,TRUE,"uniform",FALSE,FALSE,FALSE,FALSE
371,"Washington Square Park Western Half",6,8,16,TRUE,TRUE,"uniform",FALSE,FALSE,FALSE,FALSE
371,"Washington Square Park Western Half",7,8,16,TRUE,TRUE,"uniform",FALSE,FALSE,FALSE,FALSE
372,"J. Hood Wright Park",1,8,16,TRUE,TRUE,"uniform",FALSE,FALSE,FALSE,FALSE
372,"J. Hood Wright Park",2,8,16,TRUE,TRUE,"uniform",FALSE,FALSE,FALSE,FALSE
372,"J. Hood Wright Park",3,8,16,TRUE,TRUE,"uniform",FALSE,FALSE,FALSE,FALSE
372,"J. Hood Wright Park",4,8,16,TRUE,TRUE,"uniform",FALSE,FALSE,FALSE,FALSE
372,"J. Hood Wright Park",5,8,16,TRUE,TRUE,"uniform",FALSE,FALSE,FALSE,FALSE
372,"J. Hood Wright Park",6,8,16,TRUE,TRUE,"uniform",FALSE,FALSE,FALSE,FALSE
372,"J. Hood Wright Park",7,8,16,TRUE,TRUE,"uniform",FALSE,FALSE,FALSE,FALSE
373,"Bronx Shore",1,8,16,TRUE,TRUE,"uniform",FALSE,FALSE,FALSE,FALSE
373,"Bronx Shore",2,8,16,TRUE,TRUE,"uniform",FALSE,FALSE,FALSE,FALSE
373,"Bronx Shore",3,8,16,TRUE,TRUE,"uniform",FALSE,FALSE,FALSE,FALSE
373,"Bronx Shore",4,8,16,TRUE,TRUE,"uniform",FALSE,FALSE,FALSE,FALSE
373,"Bronx Shore",5,8,16,TRUE,TRUE,"uniform",FALSE,FALSE,FALSE,FALSE
373,"Bronx Shore",6,8,16,TRUE,TRUE,"uniform",FALSE,FALSE,FALSE,FALSE
373,"Bronx Shore",7,8,16,TRUE,TRUE,"uniform",FALSE,FALSE,FALSE,FALSE
374,"Grand Central Parkway Gas",1,0,24,TRUE,TRUE,"uniform",FALSE,FALSE,FALSE,FALSE
374,"Grand Central Parkway Gas",2,0,24,TRUE,TRUE,"uniform",FALSE,FALSE,FALSE,FALSE
374,"Grand Central Parkway Gas",3,0,24,TRUE,TRUE,"uniform",FALSE,FALSE,FALSE,FALSE
374,"Grand Central Parkway Gas",4,0,24,TRUE,TRUE,"uniform",FALSE,FALSE,FALSE,FALSE
374,"Grand Central Parkway Gas",5,0,24,TRUE,TRUE,"uniform",FALSE,FALSE,FALSE,FALSE
374,"Grand Central Parkway Gas",6,0,24,TRUE,TRUE,"uniform",FALSE,FALSE,FALSE,FALSE
374,"Grand Central Parkway Gas",7,0,24,TRUE,TRUE,"uniform",FALSE,FALSE,FALSE,FALSE
375,"Stadium Area",1,8,16,TRUE,TRUE,"uniform",FALSE,FALSE,FALSE,FALSE
375,"Stadium Area",2,8,16,TRUE,TRUE,"uniform",FALSE,FALSE,FALSE,FALSE
375,"Stadium Area",3,8,16,TRUE,TRUE,"uniform",FALSE,FALSE,FALSE,FALSE
375,"Stadium Area",4,8,16,TRUE,TRUE,"uniform",FALSE,FALSE,FALSE,FALSE
375,"Stadium Area",5,8,16,TRUE,TRUE,"uniform",FALSE,FALSE,FALSE,FALSE
375,"Stadium Area",6,8,16,TRUE,TRUE,"uniform",FALSE,FALSE,FALSE,FALSE
375,"Stadium Area",7,8,16,TRUE,TRUE,"uniform",FALSE,FALSE,FALSE,FALSE
376,"Sara D. Roosevelt Park",1,8,16,TRUE,TRUE,"uniform",FALSE,FALSE,FALSE,FALSE
376,"Sara D. Roosevelt Park",2,8,16,TRUE,TRUE,"uniform",FALSE,FALSE,FALSE,FALSE
376,"Sara D. Roosevelt Park",3,8,16,TRUE,TRUE,"uniform",FALSE,FALSE,FALSE,FALSE
376,"Sara D. Roosevelt Park",4,8,16,TRUE,TRUE,"uniform",FALSE,FALSE,FALSE,FALSE
376,"Sara D. Roosevelt Park",5,8,16,TRUE,TRUE,"uniform",FALSE,FALSE,FALSE,FALSE
376,"Sara D. Roosevelt Park",6,8,16,TRUE,TRUE,"uniform",FALSE,FALSE,FALSE,FALSE
376,"Sara D. Roosevelt Park",7,8,16,TRUE,TRUE,"uniform",FALSE,FALSE,FALSE,FALSE
377,"Houston St Playground",1,8,16,TRUE,TRUE,"uniform",FALSE,FALSE,FALSE,FALSE
377,"Houston St Playground",2,8,16,TRUE,TRUE,"uniform",FALSE,FALSE,FALSE,FALSE
377,"Houston St Playground",3,8,16,TRUE,TRUE,"uniform",FALSE,FALSE,FALSE,FALSE
377,"Houston St Playground",4,8,16,TRUE,TRUE,"uniform",FALSE,FALSE,FALSE,FALSE
377,"Houston St Playground",5,8,16,TRUE,TRUE,"uniform",FALSE,FALSE,FALSE,FALSE
377,"Houston St Playground",6,8,16,TRUE,TRUE,"uniform",FALSE,FALSE,FALSE,FALSE
377,"Houston St Playground",7,8,16,TRUE,TRUE,"uniform",FALSE,FALSE,FALSE,FALSE
378,"Hester St Playground",1,8,16,TRUE,TRUE,"uniform",FALSE,FALSE,FALSE,FALSE
378,"Hester St Playground",2,8,16,TRUE,TRUE,"uniform",FALSE,FALSE,FALSE,FALSE
378,"Hester St Playground",3,8,16,TRUE,TRUE,"uniform",FALSE,FALSE,FALSE,FALSE
378,"Hester St Playground",4,8,16,TRUE,TRUE,"uniform",FALSE,FALSE,FALSE,FALSE
378,"Hester St Playground",5,8,16,TRUE,TRUE,"uniform",FALSE,FALSE,FALSE,FALSE
378,"Hester St Playground",6,8,16,TRUE,TRUE,"uniform",FALSE,FALSE,FALSE,FALSE
378,"Hester St Playground",7,8,16,TRUE,TRUE,"uniform",FALSE,FALSE,FALSE,FALSE
379,"Wards Meadow",1,8,16,TRUE,TRUE,"uniform",FALSE,FALSE,FALSE,FALSE
379,"Wards Meadow",2,8,16,TRUE,TRUE,"uniform",FALSE,FALSE,FALSE,FALSE
379,"Wards Meadow",3,8,16,TRUE,TRUE,"uniform",FALSE,FALSE,FALSE,FALSE
379,"Wards Meadow",4,8,16,TRUE,TRUE,"uniform",FALSE,FALSE,FALSE,FALSE
379,"Wards Meadow",5,8,16,TRUE,TRUE,"uniform",FALSE,FALSE,FALSE,FALSE
379,"Wards Meadow",6,8,16,TRUE,TRUE,"uniform",FALSE,FALSE,FALSE,FALSE
379,"Wards Meadow",7,8,16,TRUE,TRUE,"uniform",FALSE,FALSE,FALSE,FALSE
380,"Twenty-Four Sycamores Park",1,,,,FALSE,"blank",,,FALSE,
380,"Twenty-Four Sycamores Park",2,,,,FALSE,"blank",,,FALSE,
380,"Twenty-Four Sycamores Park",3,,,,FALSE,"blank",,,FALSE,
380,"Twenty-Four Sycamores Park",4,,,,FALSE,"blank",,,FALSE,
380,"Twenty-Four Sycamores Park",5,,,,FALSE,"blank",,,FALSE,
380,"Twenty-Four Sycamores Park",6,,,,FALSE,"blank",,,FALSE,
380,"Twenty-Four Sycamores Park",7,,,,FALSE,"blank",,,FALSE,
381,"Little Flower Playground",1,8,16,TRUE,TRUE,"uniform",FALSE,FALSE,FALSE,FALSE
381,"Little Flower Playground",2,8,16,TRUE,TRUE,"uniform",FALSE,FALSE,FALSE,FALSE
381,"Little Flower Playground",3,8,16,TRUE,TRUE,"uniform",FALSE,FALSE,FALSE,FALSE
381,"Little Flower Playground",4,8,16,TRUE,TRUE,"uniform",FALSE,FALSE,FALSE,FALSE
381,"Little Flower Playground",5,8,16,TRUE,TRUE,"uniform",FALSE,FALSE,FALSE,FALSE
381,"Little Flower Playground",6,8,16,TRUE,TRUE,"uniform",FALSE,FALSE,FALSE,FALSE
381,"Little Flower Playground",7,8,16,TRUE,TRUE,"uniform",FALSE,FALSE,FALSE,FALSE
382,"Ten Mile River Playground",1,8,16,TRUE,TRUE,"uniform",FALSE,FALSE,FALSE,FALSE
382,"Ten Mile River Playground",2,8,16,TRUE,TRUE,"uniform",FALSE,FALSE,FALSE,FALSE
382,"Ten Mile River Playground",3,8,16,TRUE,TRUE,"uniform",FALSE,FALSE,FALSE,FALSE
382,"Ten Mile River Playground",4,8,16,TRUE,TRUE,"uniform",FALSE,FALSE,FALSE,FALSE
382,"Ten Mile River Playground",5,8,16,TRUE,TRUE,"uniform",FALSE,FALSE,FALSE,FALSE
382,"Ten Mile River Playground",6,8,16,TRUE,TRUE,"uniform",FALSE,FALSE,FALSE,FALSE
382,"Ten Mile River Playground",7,8,16,TRUE,TRUE,"uniform",FALSE,FALSE,FALSE,FALSE
383,"East River Park Zone 3",1,,,,FALSE,"blank",,,FALSE,
383,"East River Park Zone 3",2,,,,FALSE,"blank",,,FALSE,
383,"East River Park Zone 3",3,,,,FALSE,"blank",,,FALSE,
383,"East River Park Zone 3",4,,,,FALSE,"blank",,,FALSE,
383,"East River Park Zone 3",5,,,,FALSE,"blank",,,FALSE,
383,"East River Park Zone 3",6,,,,FALSE,"blank",,,FALSE,
383,"East River Park Zone 3",7,,,,FALSE,"blank",,,FALSE,
384,"East River Park Zone 5",1,8,16,TRUE,TRUE,"uniform",FALSE,FALSE,FALSE,FALSE
384,"East River Park Zone 5",2,8,16,TRUE,TRUE,"uniform",FALSE,FALSE,FALSE,FALSE
384,"East River Park Zone 5",3,8,16,TRUE,TRUE,"uniform",FALSE,FALSE,FALSE,FALSE
384,"East River Park Zone 5",4,8,16,TRUE,TRUE,"uniform",FALSE,FALSE,FALSE,FALSE
384,"East River Park Zone 5",5,8,16,TRUE,TRUE,"uniform",FALSE,FALSE,FALSE,FALSE
384,"East River Park Zone 5",6,8,16,TRUE,TRUE,"uniform",FALSE,FALSE,FALSE,FALSE
384,"East River Park Zone 5",7,8,16,TRUE,TRUE,"uniform",FALSE,FALSE,FALSE,FALSE
385,"East River Park Zone 6",1,8,16,TRUE,TRUE,"uniform",FALSE,FALSE,FALSE,FALSE
385,"East River Park Zone 6",2,8,16,TRUE,TRUE,"uniform",FALSE,FALSE,FALSE,FALSE
385,"East River Park Zone 6",3,8,16,TRUE,TRUE,"uniform",FALSE,FALSE,FALSE,FALSE
385,"East River Park Zone 6",4,8,16,TRUE,TRUE,"uniform",FALSE,FALSE,FALSE,FALSE
385,"East River Park Zone 6",5,8,16,TRUE,TRUE,"uniform",FALSE,FALSE,FALSE,FALSE
385,"East River Park Zone 6",6,8,16,TRUE,TRUE,"uniform",FALSE,FALSE,FALSE,FALSE
385,"East River Park Zone 6",7,8,16,TRUE,TRUE,"uniform",FALSE,FALSE,FALSE,FALSE
386,"Mathews-Palmer Playground",1,8,16,TRUE,TRUE,"uniform",FALSE,FALSE,FALSE,FALSE
386,"Mathews-Palmer Playground",2,8,16,TRUE,TRUE,"uniform",FALSE,FALSE,FALSE,FALSE
386,"Mathews-Palmer Playground",3,8,16,TRUE,TRUE,"uniform",FALSE,FALSE,FALSE,FALSE
386,"Mathews-Palmer Playground",4,8,16,TRUE,TRUE,"uniform",FALSE,FALSE,FALSE,FALSE
386,"Mathews-Palmer Playground",5,8,16,TRUE,TRUE,"uniform",FALSE,FALSE,FALSE,FALSE
386,"Mathews-Palmer Playground",6,8,16,TRUE,TRUE,"uniform",FALSE,FALSE,FALSE,FALSE
386,"Mathews-Palmer Playground",7,8,16,TRUE,TRUE,"uniform",FALSE,FALSE,FALSE,FALSE
387,"Robert Moses Playground",1,8,16,TRUE,TRUE,"uniform",FALSE,FALSE,FALSE,FALSE
387,"Robert Moses Playground",2,8,16,TRUE,TRUE,"uniform",FALSE,FALSE,FALSE,FALSE
387,"Robert Moses Playground",3,8,16,TRUE,TRUE,"uniform",FALSE,FALSE,FALSE,FALSE
387,"Robert Moses Playground",4,8,16,TRUE,TRUE,"uniform",FALSE,FALSE,FALSE,FALSE
387,"Robert Moses Playground",5,8,16,TRUE,TRUE,"uniform",FALSE,FALSE,FALSE,FALSE
387,"Robert Moses Playground",6,8,16,TRUE,TRUE,"uniform",FALSE,FALSE,FALSE,FALSE
387,"Robert Moses Playground",7,8,16,TRUE,TRUE,"uniform",FALSE,FALSE,FALSE,FALSE
388,"Fred Samuel Playground",1,8,16,TRUE,TRUE,"uniform",FALSE,FALSE,FALSE,FALSE
388,"Fred Samuel Playground",2,8,16,TRUE,TRUE,"uniform",FALSE,FALSE,FALSE,FALSE
388,"Fred Samuel Playground",3,8,16,TRUE,TRUE,"uniform",FALSE,FALSE,FALSE,FALSE
388,"Fred Samuel Playground",4,8,16,TRUE,TRUE,"uniform",FALSE,FALSE,FALSE,FALSE
388,"Fred Samuel Playground",5,8,16,TRUE,TRUE,"uniform",FALSE,FALSE,FALSE,FALSE
388,"Fred Samuel Playground",6,8,16,TRUE,TRUE,"uniform",FALSE,FALSE,FALSE,FALSE
388,"Fred Samuel Playground",7,8,16,TRUE,TRUE,"uniform",FALSE,FALSE,FALSE,FALSE
389,"McCaffrey Playground",1,8,16,TRUE,TRUE,"uniform",FALSE,FALSE,FALSE,FALSE
389,"McCaffrey Playground",2,8,16,TRUE,TRUE,"uniform",FALSE,FALSE,FALSE,FALSE
389,"McCaffrey Playground",3,8,16,TRUE,TRUE,"uniform",FALSE,FALSE,FALSE,FALSE
389,"McCaffrey Playground",4,8,16,TRUE,TRUE,"uniform",FALSE,FALSE,FALSE,FALSE
389,"McCaffrey Playground",5,8,16,TRUE,TRUE,"uniform",FALSE,FALSE,FALSE,FALSE
389,"McCaffrey Playground",6,8,16,TRUE,TRUE,"uniform",FALSE,FALSE,FALSE,FALSE
389,"McCaffrey Playground",7,8,16,TRUE,TRUE,"uniform",FALSE,FALSE,FALSE,FALSE
390,"Baruch Playground",1,8,16,TRUE,TRUE,"uniform",FALSE,FALSE,FALSE,FALSE
390,"Baruch Playground",2,8,16,TRUE,TRUE,"uniform",FALSE,FALSE,FALSE,FALSE
390,"Baruch Playground",3,8,16,TRUE,TRUE,"uniform",FALSE,FALSE,FALSE,FALSE
390,"Baruch Playground",4,8,16,TRUE,TRUE,"uniform",FALSE,FALSE,FALSE,FALSE
390,"Baruch Playground",5,8,16,TRUE,TRUE,"uniform",FALSE,FALSE,FALSE,FALSE
390,"Baruch Playground",6,8,16,TRUE,TRUE,"uniform",FALSE,FALSE,FALSE,FALSE
390,"Baruch Playground",7,8,16,TRUE,TRUE,"uniform",FALSE,FALSE,FALSE,FALSE
391,"Brigadier General Charles Young Playground",1,8,16,TRUE,TRUE,"uniform",FALSE,FALSE,FALSE,FALSE
391,"Brigadier General Charles Young Playground",2,8,16,TRUE,TRUE,"uniform",FALSE,FALSE,FALSE,FALSE
391,"Brigadier General Charles Young Playground",3,8,16,TRUE,TRUE,"uniform",FALSE,FALSE,FALSE,FALSE
391,"Brigadier General Charles Young Playground",4,8,16,TRUE,TRUE,"uniform",FALSE,FALSE,FALSE,FALSE
391,"Brigadier General Charles Young Playground",5,8,16,TRUE,TRUE,"uniform",FALSE,FALSE,FALSE,FALSE
391,"Brigadier General Charles Young Playground",6,8,16,TRUE,TRUE,"uniform",FALSE,FALSE,FALSE,FALSE
391,"Brigadier General Charles Young Playground",7,8,16,TRUE,TRUE,"uniform",FALSE,FALSE,FALSE,FALSE
392,"Stanley Isaacs Playground",1,8,16,TRUE,TRUE,"uniform",FALSE,FALSE,FALSE,FALSE
392,"Stanley Isaacs Playground",2,8,16,TRUE,TRUE,"uniform",FALSE,FALSE,FALSE,FALSE
392,"Stanley Isaacs Playground",3,8,16,TRUE,TRUE,"uniform",FALSE,FALSE,FALSE,FALSE
392,"Stanley Isaacs Playground",4,8,16,TRUE,TRUE,"uniform",FALSE,FALSE,FALSE,FALSE
392,"Stanley Isaacs Playground",5,8,16,TRUE,TRUE,"uniform",FALSE,FALSE,FALSE,FALSE
392,"Stanley Isaacs Playground",6,8,16,TRUE,TRUE,"uniform",FALSE,FALSE,FALSE,FALSE
392,"Stanley Isaacs Playground",7,8,16,TRUE,TRUE,"uniform",FALSE,FALSE,FALSE,FALSE
393,"Abraham Lincoln Playground",1,8,16,TRUE,TRUE,"uniform",FALSE,FALSE,FALSE,FALSE
393,"Abraham Lincoln Playground",2,8,16,TRUE,TRUE,"uniform",FALSE,FALSE,FALSE,FALSE
393,"Abraham Lincoln Playground",3,8,16,TRUE,TRUE,"uniform",FALSE,FALSE,FALSE,FALSE
393,"Abraham Lincoln Playground",4,8,16,TRUE,TRUE,"uniform",FALSE,FALSE,FALSE,FALSE
393,"Abraham Lincoln Playground",5,8,16,TRUE,TRUE,"uniform",FALSE,FALSE,FALSE,FALSE
393,"Abraham Lincoln Playground",6,8,16,TRUE,TRUE,"uniform",FALSE,FALSE,FALSE,FALSE
393,"Abraham Lincoln Playground",7,8,16,TRUE,TRUE,"uniform",FALSE,FALSE,FALSE,FALSE
394,"Alfred E. Smith Playground",1,8,16,TRUE,TRUE,"uniform",FALSE,FALSE,FALSE,FALSE
394,"Alfred E. Smith Playground",2,8,16,TRUE,TRUE,"uniform",FALSE,FALSE,FALSE,FALSE
394,"Alfred E. Smith Playground",3,8,16,TRUE,TRUE,"uniform",FALSE,FALSE,FALSE,FALSE
394,"Alfred E. Smith Playground",4,8,16,TRUE,TRUE,"uniform",FALSE,FALSE,FALSE,FALSE
394,"Alfred E. Smith Playground",5,8,16,TRUE,TRUE,"uniform",FALSE,FALSE,FALSE,FALSE
394,"Alfred E. Smith Playground",6,8,16,TRUE,TRUE,"uniform",FALSE,FALSE,FALSE,FALSE
394,"Alfred E. Smith Playground",7,8,16,TRUE,TRUE,"uniform",FALSE,FALSE,FALSE,FALSE
395,"Martin Luther King, Jr. Playground",1,8,16,TRUE,TRUE,"uniform",FALSE,FALSE,FALSE,FALSE
395,"Martin Luther King, Jr. Playground",2,8,16,TRUE,TRUE,"uniform",FALSE,FALSE,FALSE,FALSE
395,"Martin Luther King, Jr. Playground",3,8,16,TRUE,TRUE,"uniform",FALSE,FALSE,FALSE,FALSE
395,"Martin Luther King, Jr. Playground",4,8,16,TRUE,TRUE,"uniform",FALSE,FALSE,FALSE,FALSE
395,"Martin Luther King, Jr. Playground",5,8,16,TRUE,TRUE,"uniform",FALSE,FALSE,FALSE,FALSE
395,"Martin Luther King, Jr. Playground",6,8,16,TRUE,TRUE,"uniform",FALSE,FALSE,FALSE,FALSE
395,"Martin Luther King, Jr. Playground",7,8,16,TRUE,TRUE,"uniform",FALSE,FALSE,FALSE,FALSE
396,"Anibal Aviles Playground",1,8,16,TRUE,TRUE,"uniform",FALSE,FALSE,FALSE,FALSE
396,"Anibal Aviles Playground",2,8,16,TRUE,TRUE,"uniform",FALSE,FALSE,FALSE,FALSE
396,"Anibal Aviles Playground",3,8,16,TRUE,TRUE,"uniform",FALSE,FALSE,FALSE,FALSE
396,"Anibal Aviles Playground",4,8,16,TRUE,TRUE,"uniform",FALSE,FALSE,FALSE,FALSE
396,"Anibal Aviles Playground",5,8,16,TRUE,TRUE,"uniform",FALSE,FALSE,FALSE,FALSE
396,"Anibal Aviles Playground",6,8,16,TRUE,TRUE,"uniform",FALSE,FALSE,FALSE,FALSE
396,"Anibal Aviles Playground",7,8,16,TRUE,TRUE,"uniform",FALSE,FALSE,FALSE,FALSE
397,"Moore Playground",1,8,16,TRUE,TRUE,"uniform",FALSE,FALSE,FALSE,FALSE
397,"Moore Playground",2,8,16,TRUE,TRUE,"uniform",FALSE,FALSE,FALSE,FALSE
397,"Moore Playground",3,8,16,TRUE,TRUE,"uniform",FALSE,FALSE,FALSE,FALSE
397,"Moore Playground",4,8,16,TRUE,TRUE,"uniform",FALSE,FALSE,FALSE,FALSE
397,"Moore Playground",5,8,16,TRUE,TRUE,"uniform",FALSE,FALSE,FALSE,FALSE
397,"Moore Playground",6,8,16,TRUE,TRUE,"uniform",FALSE,FALSE,FALSE,FALSE
397,"Moore Playground",7,8,16,TRUE,TRUE,"uniform",FALSE,FALSE,FALSE,FALSE
398,"Alice Kornegay Triangle",1,8,16,TRUE,TRUE,"uniform",FALSE,FALSE,FALSE,FALSE
398,"Alice Kornegay Triangle",2,8,16,TRUE,TRUE,"uniform",FALSE,FALSE,FALSE,FALSE
398,"Alice Kornegay Triangle",3,8,16,TRUE,TRUE,"uniform",FALSE,FALSE,FALSE,FALSE
398,"Alice Kornegay Triangle",4,8,16,TRUE,TRUE,"uniform",FALSE,FALSE,FALSE,FALSE
398,"Alice Kornegay Triangle",5,8,16,TRUE,TRUE,"uniform",FALSE,FALSE,FALSE,FALSE
398,"Alice Kornegay Triangle",6,8,16,TRUE,TRUE,"uniform",FALSE,FALSE,FALSE,FALSE
398,"Alice Kornegay Triangle",7,8,16,TRUE,TRUE,"uniform",FALSE,FALSE,FALSE,FALSE
399,"St. Nicholas Playground South",1,,,,FALSE,"blank",,,FALSE,
399,"St. Nicholas Playground South",2,,,,FALSE,"blank",,,FALSE,
399,"St. Nicholas Playground South",3,,,,FALSE,"blank",,,FALSE,
399,"St. Nicholas Playground South",4,,,,FALSE,"blank",,,FALSE,
399,"St. Nicholas Playground South",5,,,,FALSE,"blank",,,FALSE,
399,"St. Nicholas Playground South",6,,,,FALSE,"blank",,,FALSE,
399,"St. Nicholas Playground South",7,,,,FALSE,"blank",,,FALSE,
400,"Langston Hughes Playground",1,8,16,TRUE,TRUE,"uniform",FALSE,FALSE,FALSE,FALSE
400,"Langston Hughes Playground",2,8,16,TRUE,TRUE,"uniform",FALSE,FALSE,FALSE,FALSE
400,"Langston Hughes Playground",3,8,16,TRUE,TRUE,"uniform",FALSE,FALSE,FALSE,FALSE
400,"Langston Hughes Playground",4,8,16,TRUE,TRUE,"uniform",FALSE,FALSE,FALSE,FALSE
400,"Langston Hughes Playground",5,8,16,TRUE,TRUE,"uniform",FALSE,FALSE,FALSE,FALSE
400,"Langston Hughes Playground",6,8,16,TRUE,TRUE,"uniform",FALSE,FALSE,FALSE,FALSE
400,"Langston Hughes Playground",7,8,16,TRUE,TRUE,"uniform",FALSE,FALSE,FALSE,FALSE
401,"Cherry Tree Park",1,8,16,TRUE,TRUE,"uniform",FALSE,FALSE,FALSE,FALSE
401,"Cherry Tree Park",2,8,16,TRUE,TRUE,"uniform",FALSE,FALSE,FALSE,FALSE
401,"Cherry Tree Park",3,8,16,TRUE,TRUE,"uniform",FALSE,FALSE,FALSE,FALSE
401,"Cherry Tree Park",4,8,16,TRUE,TRUE,"uniform",FALSE,FALSE,FALSE,FALSE
401,"Cherry Tree Park",5,8,16,TRUE,TRUE,"uniform",FALSE,FALSE,FALSE,FALSE
401,"Cherry Tree Park",6,8,16,TRUE,TRUE,"uniform",FALSE,FALSE,FALSE,FALSE
401,"Cherry Tree Park",7,8,16,TRUE,TRUE,"uniform",FALSE,FALSE,FALSE,FALSE
402,"Holcombe Rucker Park",1,8,16,TRUE,TRUE,"uniform",FALSE,FALSE,FALSE,FALSE
402,"Holcombe Rucker Park",2,8,16,TRUE,TRUE,"uniform",FALSE,FALSE,FALSE,FALSE
402,"Holcombe Rucker Park",3,8,16,TRUE,TRUE,"uniform",FALSE,FALSE,FALSE,FALSE
402,"Holcombe Rucker Park",4,8,16,TRUE,TRUE,"uniform",FALSE,FALSE,FALSE,FALSE
402,"Holcombe Rucker Park",5,8,16,TRUE,TRUE,"uniform",FALSE,FALSE,FALSE,FALSE
402,"Holcombe Rucker Park",6,8,16,TRUE,TRUE,"uniform",FALSE,FALSE,FALSE,FALSE
402,"Holcombe Rucker Park",7,8,16,TRUE,TRUE,"uniform",FALSE,FALSE,FALSE,FALSE
403,"Howard Bennett Playground",1,8,16,TRUE,TRUE,"uniform",FALSE,FALSE,FALSE,FALSE
403,"Howard Bennett Playground",2,8,16,TRUE,TRUE,"uniform",FALSE,FALSE,FALSE,FALSE
403,"Howard Bennett Playground",3,8,16,TRUE,TRUE,"uniform",FALSE,FALSE,FALSE,FALSE
403,"Howard Bennett Playground",4,8,16,TRUE,TRUE,"uniform",FALSE,FALSE,FALSE,FALSE
403,"Howard Bennett Playground",5,8,16,TRUE,TRUE,"uniform",FALSE,FALSE,FALSE,FALSE
403,"Howard Bennett Playground",6,8,16,TRUE,TRUE,"uniform",FALSE,FALSE,FALSE,FALSE
403,"Howard Bennett Playground",7,8,16,TRUE,TRUE,"uniform",FALSE,FALSE,FALSE,FALSE
404,"Tecumseh Playground",1,8,16,TRUE,TRUE,"uniform",FALSE,FALSE,FALSE,FALSE
404,"Tecumseh Playground",2,8,16,TRUE,TRUE,"uniform",FALSE,FALSE,FALSE,FALSE
404,"Tecumseh Playground",3,8,16,TRUE,TRUE,"uniform",FALSE,FALSE,FALSE,FALSE
404,"Tecumseh Playground",4,8,16,TRUE,TRUE,"uniform",FALSE,FALSE,FALSE,FALSE
404,"Tecumseh Playground",5,8,16,TRUE,TRUE,"uniform",FALSE,FALSE,FALSE,FALSE
404,"Tecumseh Playground",6,8,16,TRUE,TRUE,"uniform",FALSE,FALSE,FALSE,FALSE
404,"Tecumseh Playground",7,8,16,TRUE,TRUE,"uniform",FALSE,FALSE,FALSE,FALSE
405,"Frederick Douglass Playground",1,8,16,TRUE,TRUE,"uniform",FALSE,FALSE,FALSE,FALSE
405,"Frederick Douglass Playground",2,8,16,TRUE,TRUE,"uniform",FALSE,FALSE,FALSE,FALSE
405,"Frederick Douglass Playground",3,8,16,TRUE,TRUE,"uniform",FALSE,FALSE,FALSE,FALSE
405,"Frederick Douglass Playground",4,8,16,TRUE,TRUE,"uniform",FALSE,FALSE,FALSE,FALSE
405,"Frederick Douglass Playground",5,8,16,TRUE,TRUE,"uniform",FALSE,FALSE,FALSE,FALSE
405,"Frederick Douglass Playground",6,8,16,TRUE,TRUE,"uniform",FALSE,FALSE,FALSE,FALSE
405,"Frederick Douglass Playground",7,8,16,TRUE,TRUE,"uniform",FALSE,FALSE,FALSE,FALSE
406,"Jacob H. Schiff Playground",1,8,16,TRUE,TRUE,"uniform",FALSE,FALSE,FALSE,FALSE
406,"Jacob H. Schiff Playground",2,8,16,TRUE,TRUE,"uniform",FALSE,FALSE,FALSE,FALSE
406,"Jacob H. Schiff Playground",3,8,16,TRUE,TRUE,"uniform",FALSE,FALSE,FALSE,FALSE
406,"Jacob H. Schiff Playground",4,8,16,TRUE,TRUE,"uniform",FALSE,FALSE,FALSE,FALSE
406,"Jacob H. Schiff Playground",5,8,16,TRUE,TRUE,"uniform",FALSE,FALSE,FALSE,FALSE
406,"Jacob H. Schiff Playground",6,8,16,TRUE,TRUE,"uniform",FALSE,FALSE,FALSE,FALSE
406,"Jacob H. Schiff Playground",7,8,16,TRUE,TRUE,"uniform",FALSE,FALSE,FALSE,FALSE
407,"Augustus St. Gaudens Playground",1,8,16,TRUE,TRUE,"uniform",FALSE,FALSE,FALSE,FALSE
407,"Augustus St. Gaudens Playground",2,8,16,TRUE,TRUE,"uniform",FALSE,FALSE,FALSE,FALSE
407,"Augustus St. Gaudens Playground",3,8,16,TRUE,TRUE,"uniform",FALSE,FALSE,FALSE,FALSE
407,"Augustus St. Gaudens Playground",4,8,16,TRUE,TRUE,"uniform",FALSE,FALSE,FALSE,FALSE
407,"Augustus St. Gaudens Playground",5,8,16,TRUE,TRUE,"uniform",FALSE,FALSE,FALSE,FALSE
407,"Augustus St. Gaudens Playground",6,8,16,TRUE,TRUE,"uniform",FALSE,FALSE,FALSE,FALSE
407,"Augustus St. Gaudens Playground",7,8,16,TRUE,TRUE,"uniform",FALSE,FALSE,FALSE,FALSE
408,"Happy Warrior Playground",1,8,16,TRUE,TRUE,"uniform",FALSE,FALSE,FALSE,FALSE
408,"Happy Warrior Playground",2,8,16,TRUE,TRUE,"uniform",FALSE,FALSE,FALSE,FALSE
408,"Happy Warrior Playground",3,8,16,TRUE,TRUE,"uniform",FALSE,FALSE,FALSE,FALSE
408,"Happy Warrior Playground",4,8,16,TRUE,TRUE,"uniform",FALSE,FALSE,FALSE,FALSE
408,"Happy Warrior Playground",5,8,16,TRUE,TRUE,"uniform",FALSE,FALSE,FALSE,FALSE
408,"Happy Warrior Playground",6,8,16,TRUE,TRUE,"uniform",FALSE,FALSE,FALSE,FALSE
408,"Happy Warrior Playground",7,8,16,TRUE,TRUE,"uniform",FALSE,FALSE,FALSE,FALSE
409,"Poor Richard's Playground",1,8,16,TRUE,TRUE,"uniform",FALSE,FALSE,FALSE,FALSE
409,"Poor Richard's Playground",2,8,16,TRUE,TRUE,"uniform",FALSE,FALSE,FALSE,FALSE
409,"Poor Richard's Playground",3,8,16,TRUE,TRUE,"uniform",FALSE,FALSE,FALSE,FALSE
409,"Poor Richard's Playground",4,8,16,TRUE,TRUE,"uniform",FALSE,FALSE,FALSE,FALSE
409,"Poor Richard's Playground",5,8,16,TRUE,TRUE,"uniform",FALSE,FALSE,FALSE,FALSE
409,"Poor Richard's Playground",6,8,16,TRUE,TRUE,"uniform",FALSE,FALSE,FALSE,FALSE
409,"Poor Richard's Playground",7,8,16,TRUE,TRUE,"uniform",FALSE,FALSE,FALSE,FALSE
410,"Damrosch Park",1,8,16,TRUE,TRUE,"uniform",FALSE,FALSE,FALSE,FALSE
410,"Damrosch Park",2,8,16,TRUE,TRUE,"uniform",FALSE,FALSE,FALSE,FALSE
410,"Damrosch Park",3,8,16,TRUE,TRUE,"uniform",FALSE,FALSE,FALSE,FALSE
410,"Damrosch Park",4,8,16,TRUE,TRUE,"uniform",FALSE,FALSE,FALSE,FALSE
410,"Damrosch Park",5,8,16,TRUE,TRUE,"uniform",FALSE,FALSE,FALSE,FALSE
410,"Damrosch Park",6,8,16,TRUE,TRUE,"uniform",FALSE,FALSE,FALSE,FALSE
410,"Damrosch Park",7,8,16,TRUE,TRUE,"uniform",FALSE,FALSE,FALSE,FALSE
411,"Wright Brothers Playground",1,8,16,TRUE,TRUE,"uniform",FALSE,FALSE,FALSE,FALSE
411,"Wright Brothers Playground",2,8,16,TRUE,TRUE,"uniform",FALSE,FALSE,FALSE,FALSE
411,"Wright Brothers Playground",3,8,16,TRUE,TRUE,"uniform",FALSE,FALSE,FALSE,FALSE
411,"Wright Brothers Playground",4,8,16,TRUE,TRUE,"uniform",FALSE,FALSE,FALSE,FALSE
411,"Wright Brothers Playground",5,8,16,TRUE,TRUE,"uniform",FALSE,FALSE,FALSE,FALSE
411,"Wright Brothers Playground",6,8,16,TRUE,TRUE,"uniform",FALSE,FALSE,FALSE,FALSE
411,"Wright Brothers Playground",7,8,16,TRUE,TRUE,"uniform",FALSE,FALSE,FALSE,FALSE
412,"Sol Lain Playground",1,8,16,TRUE,TRUE,"uniform",FALSE,FALSE,FALSE,FALSE
412,"Sol Lain Playground",2,8,16,TRUE,TRUE,"uniform",FALSE,FALSE,FALSE,FALSE
412,"Sol Lain Playground",3,8,16,TRUE,TRUE,"uniform",FALSE,FALSE,FALSE,FALSE
412,"Sol Lain Playground",4,8,16,TRUE,TRUE,"uniform",FALSE,FALSE,FALSE,FALSE
412,"Sol Lain Playground",5,8,16,TRUE,TRUE,"uniform",FALSE,FALSE,FALSE,FALSE
412,"Sol Lain Playground",6,8,16,TRUE,TRUE,"uniform",FALSE,FALSE,FALSE,FALSE
412,"Sol Lain Playground",7,8,16,TRUE,TRUE,"uniform",FALSE,FALSE,FALSE,FALSE
413,"Samuel Seabury Playground",1,8,16,TRUE,TRUE,"uniform",FALSE,FALSE,FALSE,FALSE
413,"Samuel Seabury Playground",2,8,16,TRUE,TRUE,"uniform",FALSE,FALSE,FALSE,FALSE
413,"Samuel Seabury Playground",3,8,16,TRUE,TRUE,"uniform",FALSE,FALSE,FALSE,FALSE
413,"Samuel Seabury Playground",4,8,16,TRUE,TRUE,"uniform",FALSE,FALSE,FALSE,FALSE
413,"Samuel Seabury Playground",5,8,16,TRUE,TRUE,"uniform",FALSE,FALSE,FALSE,FALSE
413,"Samuel Seabury Playground",6,8,16,TRUE,TRUE,"uniform",FALSE,FALSE,FALSE,FALSE
413,"Samuel Seabury Playground",7,8,16,TRUE,TRUE,"uniform",FALSE,FALSE,FALSE,FALSE
414,"Corporal John A. Seravalli Playground",1,8,16,TRUE,TRUE,"uniform",FALSE,FALSE,FALSE,FALSE
414,"Corporal John A. Seravalli Playground",2,8,16,TRUE,TRUE,"uniform",FALSE,FALSE,FALSE,FALSE
414,"Corporal John A. Seravalli Playground",3,8,16,TRUE,TRUE,"uniform",FALSE,FALSE,FALSE,FALSE
414,"Corporal John A. Seravalli Playground",4,8,16,TRUE,TRUE,"uniform",FALSE,FALSE,FALSE,FALSE
414,"Corporal John A. Seravalli Playground",5,8,16,TRUE,TRUE,"uniform",FALSE,FALSE,FALSE,FALSE
414,"Corporal John A. Seravalli Playground",6,8,16,TRUE,TRUE,"uniform",FALSE,FALSE,FALSE,FALSE
414,"Corporal John A. Seravalli Playground",7,8,16,TRUE,TRUE,"uniform",FALSE,FALSE,FALSE,FALSE
415,"Heckscher Playground",1,8,16,TRUE,TRUE,"uniform",FALSE,FALSE,FALSE,FALSE
415,"Heckscher Playground",2,8,16,TRUE,TRUE,"uniform",FALSE,FALSE,FALSE,FALSE
415,"Heckscher Playground",3,8,16,TRUE,TRUE,"uniform",FALSE,FALSE,FALSE,FALSE
415,"Heckscher Playground",4,8,16,TRUE,TRUE,"uniform",FALSE,FALSE,FALSE,FALSE
415,"Heckscher Playground",5,8,16,TRUE,TRUE,"uniform",FALSE,FALSE,FALSE,FALSE
415,"Heckscher Playground",6,8,16,TRUE,TRUE,"uniform",FALSE,FALSE,FALSE,FALSE
415,"Heckscher Playground",7,8,16,TRUE,TRUE,"uniform",FALSE,FALSE,FALSE,FALSE
416,"Audubon Playground",1,8,16,TRUE,TRUE,"uniform",FALSE,FALSE,FALSE,FALSE
416,"Audubon Playground",2,8,16,TRUE,TRUE,"uniform",FALSE,FALSE,FALSE,FALSE
416,"Audubon Playground",3,8,16,TRUE,TRUE,"uniform",FALSE,FALSE,FALSE,FALSE
416,"Audubon Playground",4,8,16,TRUE,TRUE,"uniform",FALSE,FALSE,FALSE,FALSE
416,"Audubon Playground",5,8,16,TRUE,TRUE,"uniform",FALSE,FALSE,FALSE,FALSE
416,"Audubon Playground",6,8,16,TRUE,TRUE,"uniform",FALSE,FALSE,FALSE,FALSE
416,"Audubon Playground",7,8,16,TRUE,TRUE,"uniform",FALSE,FALSE,FALSE,FALSE
417,"Sol Bloom Playground",1,8,16,TRUE,TRUE,"uniform",FALSE,FALSE,FALSE,FALSE
417,"Sol Bloom Playground",2,8,16,TRUE,TRUE,"uniform",FALSE,FALSE,FALSE,FALSE
417,"Sol Bloom Playground",3,8,16,TRUE,TRUE,"uniform",FALSE,FALSE,FALSE,FALSE
417,"Sol Bloom Playground",4,8,16,TRUE,TRUE,"uniform",FALSE,FALSE,FALSE,FALSE
417,"Sol Bloom Playground",5,8,16,TRUE,TRUE,"uniform",FALSE,FALSE,FALSE,FALSE
417,"Sol Bloom Playground",6,8,16,TRUE,TRUE,"uniform",FALSE,FALSE,FALSE,FALSE
417,"Sol Bloom Playground",7,8,16,TRUE,TRUE,"uniform",FALSE,FALSE,FALSE,FALSE
418,"Renaissance Playground",1,8,16,TRUE,TRUE,"uniform",FALSE,FALSE,FALSE,FALSE
418,"Renaissance Playground",2,8,16,TRUE,TRUE,"uniform",FALSE,FALSE,FALSE,FALSE
418,"Renaissance Playground",3,8,16,TRUE,TRUE,"uniform",FALSE,FALSE,FALSE,FALSE
418,"Renaissance Playground",4,8,16,TRUE,TRUE,"uniform",FALSE,FALSE,FALSE,FALSE
418,"Renaissance Playground",5,8,16,TRUE,TRUE,"uniform",FALSE,FALSE,FALSE,FALSE
418,"Renaissance Playground",6,8,16,TRUE,TRUE,"uniform",FALSE,FALSE,FALSE,FALSE
418,"Renaissance Playground",7,8,16,TRUE,TRUE,"uniform",FALSE,FALSE,FALSE,FALSE
419,"Bleecker Playground",1,8,16,TRUE,TRUE,"uniform",FALSE,FALSE,FALSE,FALSE
419,"Bleecker Playground",2,8,16,TRUE,TRUE,"uniform",FALSE,FALSE,FALSE,FALSE
419,"Bleecker Playground",3,8,16,TRUE,TRUE,"uniform",FALSE,FALSE,FALSE,FALSE
419,"Bleecker Playground",4,8,16,TRUE,TRUE,"uniform",FALSE,FALSE,FALSE,FALSE
419,"Bleecker Playground",5,8,16,TRUE,TRUE,"uniform",FALSE,FALSE,FALSE,FALSE
419,"Bleecker Playground",6,8,16,TRUE,TRUE,"uniform",FALSE,FALSE,FALSE,FALSE
419,"Bleecker Playground",7,8,16,TRUE,TRUE,"uniform",FALSE,FALSE,FALSE,FALSE
420,"MacArthur Playground",1,8,16,TRUE,TRUE,"uniform",FALSE,FALSE,FALSE,FALSE
420,"MacArthur Playground",2,8,16,TRUE,TRUE,"uniform",FALSE,FALSE,FALSE,FALSE
420,"MacArthur Playground",3,8,16,TRUE,TRUE,"uniform",FALSE,FALSE,FALSE,FALSE
420,"MacArthur Playground",4,8,16,TRUE,TRUE,"uniform",FALSE,FALSE,FALSE,FALSE
420,"MacArthur Playground",5,8,16,TRUE,TRUE,"uniform",FALSE,FALSE,FALSE,FALSE
420,"MacArthur Playground",6,8,16,TRUE,TRUE,"uniform",FALSE,FALSE,FALSE,FALSE
420,"MacArthur Playground",7,8,16,TRUE,TRUE,"uniform",FALSE,FALSE,FALSE,FALSE
421,"East River Playground",1,8,16,TRUE,TRUE,"uniform",FALSE,FALSE,FALSE,FALSE
421,"East River Playground",2,8,16,TRUE,TRUE,"uniform",FALSE,FALSE,FALSE,FALSE
421,"East River Playground",3,8,16,TRUE,TRUE,"uniform",FALSE,FALSE,FALSE,FALSE
421,"East River Playground",4,8,16,TRUE,TRUE,"uniform",FALSE,FALSE,FALSE,FALSE
421,"East River Playground",5,8,16,TRUE,TRUE,"uniform",FALSE,FALSE,FALSE,FALSE
421,"East River Playground",6,8,16,TRUE,TRUE,"uniform",FALSE,FALSE,FALSE,FALSE
421,"East River Playground",7,8,16,TRUE,TRUE,"uniform",FALSE,FALSE,FALSE,FALSE
422,"McKinley Playground",1,8,16,TRUE,TRUE,"uniform",FALSE,FALSE,FALSE,FALSE
422,"McKinley Playground",2,8,16,TRUE,TRUE,"uniform",FALSE,FALSE,FALSE,FALSE
422,"McKinley Playground",3,8,16,TRUE,TRUE,"uniform",FALSE,FALSE,FALSE,FALSE
422,"McKinley Playground",4,8,16,TRUE,TRUE,"uniform",FALSE,FALSE,FALSE,FALSE
422,"McKinley Playground",5,8,16,TRUE,TRUE,"uniform",FALSE,FALSE,FALSE,FALSE
422,"McKinley Playground",6,8,16,TRUE,TRUE,"uniform",FALSE,FALSE,FALSE,FALSE
422,"McKinley Playground",7,8,16,TRUE,TRUE,"uniform",FALSE,FALSE,FALSE,FALSE
423,"Battery Park City Zone 1",1,8,16,TRUE,TRUE,"uniform",FALSE,FALSE,FALSE,FALSE
423,"Battery Park City Zone 1",2,8,16,TRUE,TRUE,"uniform",FALSE,FALSE,FALSE,FALSE
423,"Battery Park City Zone 1",3,8,16,TRUE,TRUE,"uniform",FALSE,FALSE,FALSE,FALSE
423,"Battery Park City Zone 1",4,8,16,TRUE,TRUE,"uniform",FALSE,FALSE,FALSE,FALSE
423,"Battery Park City Zone 1",5,8,16,TRUE,TRUE,"uniform",FALSE,FALSE,FALSE,FALSE
423,"Battery Park City Zone 1",6,8,16,TRUE,TRUE,"uniform",FALSE,FALSE,FALSE,FALSE
423,"Battery Park City Zone 1",7,8,16,TRUE,TRUE,"uniform",FALSE,FALSE,FALSE,FALSE
424,"Sherman Creek",1,8,16,TRUE,TRUE,"uniform",FALSE,FALSE,FALSE,FALSE
424,"Sherman Creek",2,8,16,TRUE,TRUE,"uniform",FALSE,FALSE,FALSE,FALSE
424,"Sherman Creek",3,8,16,TRUE,TRUE,"uniform",FALSE,FALSE,FALSE,FALSE
424,"Sherman Creek",4,8,16,TRUE,TRUE,"uniform",FALSE,FALSE,FALSE,FALSE
424,"Sherman Creek",5,8,16,TRUE,TRUE,"uniform",FALSE,FALSE,FALSE,FALSE
424,"Sherman Creek",6,8,16,TRUE,TRUE,"uniform",FALSE,FALSE,FALSE,FALSE
424,"Sherman Creek",7,8,16,TRUE,TRUE,"uniform",FALSE,FALSE,FALSE,FALSE
425,"Washington Market Park",1,8,16,TRUE,TRUE,"uniform",FALSE,FALSE,FALSE,FALSE
425,"Washington Market Park",2,8,16,TRUE,TRUE,"uniform",FALSE,FALSE,FALSE,FALSE
425,"Washington Market Park",3,8,16,TRUE,TRUE,"uniform",FALSE,FALSE,FALSE,FALSE
425,"Washington Market Park",4,8,16,TRUE,TRUE,"uniform",FALSE,FALSE,FALSE,FALSE
425,"Washington Market Park",5,8,16,TRUE,TRUE,"uniform",FALSE,FALSE,FALSE,FALSE
425,"Washington Market Park",6,8,16,TRUE,TRUE,"uniform",FALSE,FALSE,FALSE,FALSE
425,"Washington Market Park",7,8,16,TRUE,TRUE,"uniform",FALSE,FALSE,FALSE,FALSE
426,"North Riverside Blvd and Slopes",1,,,,FALSE,"blank",,,FALSE,
426,"North Riverside Blvd and Slopes",2,,,,FALSE,"blank",,,FALSE,
426,"North Riverside Blvd and Slopes",3,,,,FALSE,"blank",,,FALSE,
426,"North Riverside Blvd and Slopes",4,,,,FALSE,"blank",,,FALSE,
426,"North Riverside Blvd and Slopes",5,,,,FALSE,"blank",,,FALSE,
426,"North Riverside Blvd and Slopes",6,,,,FALSE,"blank",,,FALSE,
426,"North Riverside Blvd and Slopes",7,,,,FALSE,"blank",,,FALSE,
427,"Heckscher Playground",1,8,16,TRUE,TRUE,"uniform",FALSE,FALSE,FALSE,FALSE
427,"Heckscher Playground",2,8,16,TRUE,TRUE,"uniform",FALSE,FALSE,FALSE,FALSE
427,"Heckscher Playground",3,8,16,TRUE,TRUE,"uniform",FALSE,FALSE,FALSE,FALSE
427,"Heckscher Playground",4,8,16,TRUE,TRUE,"uniform",FALSE,FALSE,FALSE,FALSE
427,"Heckscher Playground",5,8,16,TRUE,TRUE,"uniform",FALSE,FALSE,FALSE,FALSE
427,"Heckscher Playground",6,8,16,TRUE,TRUE,"uniform",FALSE,FALSE,FALSE,FALSE
427,"Heckscher Playground",7,8,16,TRUE,TRUE,"uniform",FALSE,FALSE,FALSE,FALSE
428,"Heckscher Playground",1,8,16,TRUE,TRUE,"uniform",FALSE,FALSE,FALSE,FALSE
428,"Heckscher Playground",2,8,16,TRUE,TRUE,"uniform",FALSE,FALSE,FALSE,FALSE
428,"Heckscher Playground",3,8,16,TRUE,TRUE,"uniform",FALSE,FALSE,FALSE,FALSE
428,"Heckscher Playground",4,8,16,TRUE,TRUE,"uniform",FALSE,FALSE,FALSE,FALSE
428,"Heckscher Playground",5,8,16,TRUE,TRUE,"uniform",FALSE,FALSE,FALSE,FALSE
428,"Heckscher Playground",6,8,16,TRUE,TRUE,"uniform",FALSE,FALSE,FALSE,FALSE
428,"Heckscher Playground",7,8,16,TRUE,TRUE,"uniform",FALSE,FALSE,FALSE,FALSE
429,"The High Line Zone 2",1,8,16,TRUE,TRUE,"uniform",FALSE,FALSE,FALSE,FALSE
429,"The High Line Zone 2",2,8,16,TRUE,TRUE,"uniform",FALSE,FALSE,FALSE,FALSE
429,"The High Line Zone 2",3,8,16,TRUE,TRUE,"uniform",FALSE,FALSE,FALSE,FALSE
429,"The High Line Zone 2",4,8,16,TRUE,TRUE,"uniform",FALSE,FALSE,FALSE,FALSE
429,"The High Line Zone 2",5,8,16,TRUE,TRUE,"uniform",FALSE,FALSE,FALSE,FALSE
429,"The High Line Zone 2",6,8,16,TRUE,TRUE,"uniform",FALSE,FALSE,FALSE,FALSE
429,"The High Line Zone 2",7,8,16,TRUE,TRUE,"uniform",FALSE,FALSE,FALSE,FALSE
430,"Imagination Playground",1,8,16,TRUE,TRUE,"uniform",FALSE,FALSE,FALSE,FALSE
430,"Imagination Playground",2,8,16,TRUE,TRUE,"uniform",FALSE,FALSE,FALSE,FALSE
430,"Imagination Playground",3,8,16,TRUE,TRUE,"uniform",FALSE,FALSE,FALSE,FALSE
430,"Imagination Playground",4,8,16,TRUE,TRUE,"uniform",FALSE,FALSE,FALSE,FALSE
430,"Imagination Playground",5,8,16,TRUE,TRUE,"uniform",FALSE,FALSE,FALSE,FALSE
430,"Imagination Playground",6,8,16,TRUE,TRUE,"uniform",FALSE,FALSE,FALSE,FALSE
430,"Imagination Playground",7,8,16,TRUE,TRUE,"uniform",FALSE,FALSE,FALSE,FALSE
431,"East River Waterfront Esplanade Zone 1",1,8,16,TRUE,TRUE,"uniform",FALSE,FALSE,FALSE,FALSE
431,"East River Waterfront Esplanade Zone 1",2,8,16,TRUE,TRUE,"uniform",FALSE,FALSE,FALSE,FALSE
431,"East River Waterfront Esplanade Zone 1",3,8,16,TRUE,TRUE,"uniform",FALSE,FALSE,FALSE,FALSE
431,"East River Waterfront Esplanade Zone 1",4,8,16,TRUE,TRUE,"uniform",FALSE,FALSE,FALSE,FALSE
431,"East River Waterfront Esplanade Zone 1",5,8,16,TRUE,TRUE,"uniform",FALSE,FALSE,FALSE,FALSE
431,"East River Waterfront Esplanade Zone 1",6,8,16,TRUE,TRUE,"uniform",FALSE,FALSE,FALSE,FALSE
431,"East River Waterfront Esplanade Zone 1",7,8,16,TRUE,TRUE,"uniform",FALSE,FALSE,FALSE,FALSE
432,"Bella Abzug Park",1,8,16,TRUE,TRUE,"uniform",FALSE,FALSE,FALSE,FALSE
432,"Bella Abzug Park",2,8,16,TRUE,TRUE,"uniform",FALSE,FALSE,FALSE,FALSE
432,"Bella Abzug Park",3,8,16,TRUE,TRUE,"uniform",FALSE,FALSE,FALSE,FALSE
432,"Bella Abzug Park",4,8,16,TRUE,TRUE,"uniform",FALSE,FALSE,FALSE,FALSE
432,"Bella Abzug Park",5,8,16,TRUE,TRUE,"uniform",FALSE,FALSE,FALSE,FALSE
432,"Bella Abzug Park",6,8,16,TRUE,TRUE,"uniform",FALSE,FALSE,FALSE,FALSE
432,"Bella Abzug Park",7,8,16,TRUE,TRUE,"uniform",FALSE,FALSE,FALSE,FALSE
433,"Horatio Playground",1,8,16,TRUE,TRUE,"uniform",FALSE,FALSE,FALSE,FALSE
433,"Horatio Playground",2,8,16,TRUE,TRUE,"uniform",FALSE,FALSE,FALSE,FALSE
433,"Horatio Playground",3,8,16,TRUE,TRUE,"uniform",FALSE,FALSE,FALSE,FALSE
433,"Horatio Playground",4,8,16,TRUE,TRUE,"uniform",FALSE,FALSE,FALSE,FALSE
433,"Horatio Playground",5,8,16,TRUE,TRUE,"uniform",FALSE,FALSE,FALSE,FALSE
433,"Horatio Playground",6,8,16,TRUE,TRUE,"uniform",FALSE,FALSE,FALSE,FALSE
433,"Horatio Playground",7,8,16,TRUE,TRUE,"uniform",FALSE,FALSE,FALSE,FALSE
434,"Alley Springfield Playground",1,8,16,TRUE,TRUE,"uniform",FALSE,FALSE,FALSE,FALSE
434,"Alley Springfield Playground",2,8,16,TRUE,TRUE,"uniform",FALSE,FALSE,FALSE,FALSE
434,"Alley Springfield Playground",3,8,16,TRUE,TRUE,"uniform",FALSE,FALSE,FALSE,FALSE
434,"Alley Springfield Playground",4,8,16,TRUE,TRUE,"uniform",FALSE,FALSE,FALSE,FALSE
434,"Alley Springfield Playground",5,8,16,TRUE,TRUE,"uniform",FALSE,FALSE,FALSE,FALSE
434,"Alley Springfield Playground",6,8,16,TRUE,TRUE,"uniform",FALSE,FALSE,FALSE,FALSE
434,"Alley Springfield Playground",7,8,16,TRUE,TRUE,"uniform",FALSE,FALSE,FALSE,FALSE
435,"Alley Athletic Playground",1,8,16,TRUE,TRUE,"uniform",FALSE,FALSE,FALSE,FALSE
435,"Alley Athletic Playground",2,8,16,TRUE,TRUE,"uniform",FALSE,FALSE,FALSE,FALSE
435,"Alley Athletic Playground",3,8,16,TRUE,TRUE,"uniform",FALSE,FALSE,FALSE,FALSE
435,"Alley Athletic Playground",4,8,16,TRUE,TRUE,"uniform",FALSE,FALSE,FALSE,FALSE
435,"Alley Athletic Playground",5,8,16,TRUE,TRUE,"uniform",FALSE,FALSE,FALSE,FALSE
435,"Alley Athletic Playground",6,8,16,TRUE,TRUE,"uniform",FALSE,FALSE,FALSE,FALSE
435,"Alley Athletic Playground",7,8,16,TRUE,TRUE,"uniform",FALSE,FALSE,FALSE,FALSE
436,"Alley Pond Park Zone 2",1,8,16,TRUE,TRUE,"uniform",FALSE,FALSE,FALSE,FALSE
436,"Alley Pond Park Zone 2",2,8,16,TRUE,TRUE,"uniform",FALSE,FALSE,FALSE,FALSE
436,"Alley Pond Park Zone 2",3,8,16,TRUE,TRUE,"uniform",FALSE,FALSE,FALSE,FALSE
436,"Alley Pond Park Zone 2",4,8,16,TRUE,TRUE,"uniform",FALSE,FALSE,FALSE,FALSE
436,"Alley Pond Park Zone 2",5,8,16,TRUE,TRUE,"uniform",FALSE,FALSE,FALSE,FALSE
436,"Alley Pond Park Zone 2",6,8,16,TRUE,TRUE,"uniform",FALSE,FALSE,FALSE,FALSE
436,"Alley Pond Park Zone 2",7,8,16,TRUE,TRUE,"uniform",FALSE,FALSE,FALSE,FALSE
437,"Grover Cleveland Playground",1,,,,FALSE,"blank",,,FALSE,
437,"Grover Cleveland Playground",2,,,,FALSE,"blank",,,FALSE,
437,"Grover Cleveland Playground",3,,,,FALSE,"blank",,,FALSE,
437,"Grover Cleveland Playground",4,,,,FALSE,"blank",,,FALSE,
437,"Grover Cleveland Playground",5,,,,FALSE,"blank",,,FALSE,
437,"Grover Cleveland Playground",6,,,,FALSE,"blank",,,FALSE,
437,"Grover Cleveland Playground",7,,,,FALSE,"blank",,,FALSE,
438,"Charybdis Playground",1,8,16,TRUE,TRUE,"uniform",FALSE,FALSE,FALSE,FALSE
438,"Charybdis Playground",2,8,16,TRUE,TRUE,"uniform",FALSE,FALSE,FALSE,FALSE
438,"Charybdis Playground",3,8,16,TRUE,TRUE,"uniform",FALSE,FALSE,FALSE,FALSE
438,"Charybdis Playground",4,8,16,TRUE,TRUE,"uniform",FALSE,FALSE,FALSE,FALSE
438,"Charybdis Playground",5,8,16,TRUE,TRUE,"uniform",FALSE,FALSE,FALSE,FALSE
438,"Charybdis Playground",6,8,16,TRUE,TRUE,"uniform",FALSE,FALSE,FALSE,FALSE
438,"Charybdis Playground",7,8,16,TRUE,TRUE,"uniform",FALSE,FALSE,FALSE,FALSE
439,"Astoria Park Zone 1",1,8,16,TRUE,TRUE,"uniform",FALSE,FALSE,FALSE,FALSE
439,"Astoria Park Zone 1",2,8,16,TRUE,TRUE,"uniform",FALSE,FALSE,FALSE,FALSE
439,"Astoria Park Zone 1",3,8,16,TRUE,TRUE,"uniform",FALSE,FALSE,FALSE,FALSE
439,"Astoria Park Zone 1",4,8,16,TRUE,TRUE,"uniform",FALSE,FALSE,FALSE,FALSE
439,"Astoria Park Zone 1",5,8,16,TRUE,TRUE,"uniform",FALSE,FALSE,FALSE,FALSE
439,"Astoria Park Zone 1",6,8,16,TRUE,TRUE,"uniform",FALSE,FALSE,FALSE,FALSE
439,"Astoria Park Zone 1",7,8,16,TRUE,TRUE,"uniform",FALSE,FALSE,FALSE,FALSE
440,"157 St Playground",1,8,16,TRUE,TRUE,"uniform",FALSE,FALSE,FALSE,FALSE
440,"157 St Playground",2,8,16,TRUE,TRUE,"uniform",FALSE,FALSE,FALSE,FALSE
440,"157 St Playground",3,8,16,TRUE,TRUE,"uniform",FALSE,FALSE,FALSE,FALSE
440,"157 St Playground",4,8,16,TRUE,TRUE,"uniform",FALSE,FALSE,FALSE,FALSE
440,"157 St Playground",5,8,16,TRUE,TRUE,"uniform",FALSE,FALSE,FALSE,FALSE
440,"157 St Playground",6,8,16,TRUE,TRUE,"uniform",FALSE,FALSE,FALSE,FALSE
440,"157 St Playground",7,8,16,TRUE,TRUE,"uniform",FALSE,FALSE,FALSE,FALSE
441,"Baisley Park South Playground",1,8,16,TRUE,TRUE,"uniform",FALSE,FALSE,FALSE,FALSE
441,"Baisley Park South Playground",2,8,16,TRUE,TRUE,"uniform",FALSE,FALSE,FALSE,FALSE
441,"Baisley Park South Playground",3,8,16,TRUE,TRUE,"uniform",FALSE,FALSE,FALSE,FALSE
441,"Baisley Park South Playground",4,8,16,TRUE,TRUE,"uniform",FALSE,FALSE,FALSE,FALSE
441,"Baisley Park South Playground",5,8,16,TRUE,TRUE,"uniform",FALSE,FALSE,FALSE,FALSE
441,"Baisley Park South Playground",6,8,16,TRUE,TRUE,"uniform",FALSE,FALSE,FALSE,FALSE
441,"Baisley Park South Playground",7,8,16,TRUE,TRUE,"uniform",FALSE,FALSE,FALSE,FALSE
442,"Baisley Pond Park Zone 1",1,8,16,TRUE,TRUE,"uniform",FALSE,FALSE,FALSE,FALSE
442,"Baisley Pond Park Zone 1",2,8,16,TRUE,TRUE,"uniform",FALSE,FALSE,FALSE,FALSE
442,"Baisley Pond Park Zone 1",3,8,16,TRUE,TRUE,"uniform",FALSE,FALSE,FALSE,FALSE
442,"Baisley Pond Park Zone 1",4,8,16,TRUE,TRUE,"uniform",FALSE,FALSE,FALSE,FALSE
442,"Baisley Pond Park Zone 1",5,8,16,TRUE,TRUE,"uniform",FALSE,FALSE,FALSE,FALSE
442,"Baisley Pond Park Zone 1",6,8,16,TRUE,TRUE,"uniform",FALSE,FALSE,FALSE,FALSE
442,"Baisley Pond Park Zone 1",7,8,16,TRUE,TRUE,"uniform",FALSE,FALSE,FALSE,FALSE
443,"Baisley Pond Park Zone 3",1,8,16,TRUE,TRUE,"uniform",FALSE,FALSE,FALSE,FALSE
443,"Baisley Pond Park Zone 3",2,8,16,TRUE,TRUE,"uniform",FALSE,FALSE,FALSE,FALSE
443,"Baisley Pond Park Zone 3",3,8,16,TRUE,TRUE,"uniform",FALSE,FALSE,FALSE,FALSE
443,"Baisley Pond Park Zone 3",4,8,16,TRUE,TRUE,"uniform",FALSE,FALSE,FALSE,FALSE
443,"Baisley Pond Park Zone 3",5,8,16,TRUE,TRUE,"uniform",FALSE,FALSE,FALSE,FALSE
443,"Baisley Pond Park Zone 3",6,8,16,TRUE,TRUE,"uniform",FALSE,FALSE,FALSE,FALSE
443,"Baisley Pond Park Zone 3",7,8,16,TRUE,TRUE,"uniform",FALSE,FALSE,FALSE,FALSE
444,"Baisley Pond Park Zone 4",1,8,16,TRUE,TRUE,"uniform",FALSE,FALSE,FALSE,FALSE
444,"Baisley Pond Park Zone 4",2,8,16,TRUE,TRUE,"uniform",FALSE,FALSE,FALSE,FALSE
444,"Baisley Pond Park Zone 4",3,8,16,TRUE,TRUE,"uniform",FALSE,FALSE,FALSE,FALSE
444,"Baisley Pond Park Zone 4",4,8,16,TRUE,TRUE,"uniform",FALSE,FALSE,FALSE,FALSE
444,"Baisley Pond Park Zone 4",5,8,16,TRUE,TRUE,"uniform",FALSE,FALSE,FALSE,FALSE
444,"Baisley Pond Park Zone 4",6,8,16,TRUE,TRUE,"uniform",FALSE,FALSE,FALSE,FALSE
444,"Baisley Pond Park Zone 4",7,8,16,TRUE,TRUE,"uniform",FALSE,FALSE,FALSE,FALSE
445,"Midland Playground",1,8,16,TRUE,TRUE,"uniform",FALSE,FALSE,FALSE,FALSE
445,"Midland Playground",2,8,16,TRUE,TRUE,"uniform",FALSE,FALSE,FALSE,FALSE
445,"Midland Playground",3,8,16,TRUE,TRUE,"uniform",FALSE,FALSE,FALSE,FALSE
445,"Midland Playground",4,8,16,TRUE,TRUE,"uniform",FALSE,FALSE,FALSE,FALSE
445,"Midland Playground",5,8,16,TRUE,TRUE,"uniform",FALSE,FALSE,FALSE,FALSE
445,"Midland Playground",6,8,16,TRUE,TRUE,"uniform",FALSE,FALSE,FALSE,FALSE
445,"Midland Playground",7,8,16,TRUE,TRUE,"uniform",FALSE,FALSE,FALSE,FALSE
446,"Bayswater Playground",1,8,16,TRUE,TRUE,"uniform",FALSE,FALSE,FALSE,FALSE
446,"Bayswater Playground",2,8,16,TRUE,TRUE,"uniform",FALSE,FALSE,FALSE,FALSE
446,"Bayswater Playground",3,8,16,TRUE,TRUE,"uniform",FALSE,FALSE,FALSE,FALSE
446,"Bayswater Playground",4,8,16,TRUE,TRUE,"uniform",FALSE,FALSE,FALSE,FALSE
446,"Bayswater Playground",5,8,16,TRUE,TRUE,"uniform",FALSE,FALSE,FALSE,FALSE
446,"Bayswater Playground",6,8,16,TRUE,TRUE,"uniform",FALSE,FALSE,FALSE,FALSE
446,"Bayswater Playground",7,8,16,TRUE,TRUE,"uniform",FALSE,FALSE,FALSE,FALSE
447,"Brookville Park Playground",1,8,16,TRUE,TRUE,"uniform",FALSE,FALSE,FALSE,FALSE
447,"Brookville Park Playground",2,8,16,TRUE,TRUE,"uniform",FALSE,FALSE,FALSE,FALSE
447,"Brookville Park Playground",3,8,16,TRUE,TRUE,"uniform",FALSE,FALSE,FALSE,FALSE
447,"Brookville Park Playground",4,8,16,TRUE,TRUE,"uniform",FALSE,FALSE,FALSE,FALSE
447,"Brookville Park Playground",5,8,16,TRUE,TRUE,"uniform",FALSE,FALSE,FALSE,FALSE
447,"Brookville Park Playground",6,8,16,TRUE,TRUE,"uniform",FALSE,FALSE,FALSE,FALSE
447,"Brookville Park Playground",7,8,16,TRUE,TRUE,"uniform",FALSE,FALSE,FALSE,FALSE
448,"MacNeil Playground",1,8,16,TRUE,TRUE,"uniform",FALSE,FALSE,FALSE,FALSE
448,"MacNeil Playground",2,8,16,TRUE,TRUE,"uniform",FALSE,FALSE,FALSE,FALSE
448,"MacNeil Playground",3,8,16,TRUE,TRUE,"uniform",FALSE,FALSE,FALSE,FALSE
448,"MacNeil Playground",4,8,16,TRUE,TRUE,"uniform",FALSE,FALSE,FALSE,FALSE
448,"MacNeil Playground",5,8,16,TRUE,TRUE,"uniform",FALSE,FALSE,FALSE,FALSE
448,"MacNeil Playground",6,8,16,TRUE,TRUE,"uniform",FALSE,FALSE,FALSE,FALSE
448,"MacNeil Playground",7,8,16,TRUE,TRUE,"uniform",FALSE,FALSE,FALSE,FALSE
449,"Little Bay Park Zone 2",1,8,16,TRUE,TRUE,"uniform",FALSE,FALSE,FALSE,FALSE
449,"Little Bay Park Zone 2",2,8,16,TRUE,TRUE,"uniform",FALSE,FALSE,FALSE,FALSE
449,"Little Bay Park Zone 2",3,8,16,TRUE,TRUE,"uniform",FALSE,FALSE,FALSE,FALSE
449,"Little Bay Park Zone 2",4,8,16,TRUE,TRUE,"uniform",FALSE,FALSE,FALSE,FALSE
449,"Little Bay Park Zone 2",5,8,16,TRUE,TRUE,"uniform",FALSE,FALSE,FALSE,FALSE
449,"Little Bay Park Zone 2",6,8,16,TRUE,TRUE,"uniform",FALSE,FALSE,FALSE,FALSE
449,"Little Bay Park Zone 2",7,8,16,TRUE,TRUE,"uniform",FALSE,FALSE,FALSE,FALSE
450,"Poppenhusen Playground",1,8,16,TRUE,TRUE,"uniform",FALSE,FALSE,FALSE,FALSE
450,"Poppenhusen Playground",2,8,16,TRUE,TRUE,"uniform",FALSE,FALSE,FALSE,FALSE
450,"Poppenhusen Playground",3,8,16,TRUE,TRUE,"uniform",FALSE,FALSE,FALSE,FALSE
450,"Poppenhusen Playground",4,8,16,TRUE,TRUE,"uniform",FALSE,FALSE,FALSE,FALSE
450,"Poppenhusen Playground",5,8,16,TRUE,TRUE,"uniform",FALSE,FALSE,FALSE,FALSE
450,"Poppenhusen Playground",6,8,16,TRUE,TRUE,"uniform",FALSE,FALSE,FALSE,FALSE
450,"Poppenhusen Playground",7,8,16,TRUE,TRUE,"uniform",FALSE,FALSE,FALSE,FALSE
451,"John Golden Park",1,8,16,TRUE,TRUE,"uniform",FALSE,FALSE,FALSE,FALSE
451,"John Golden Park",2,8,16,TRUE,TRUE,"uniform",FALSE,FALSE,FALSE,FALSE
451,"John Golden Park",3,8,16,TRUE,TRUE,"uniform",FALSE,FALSE,FALSE,FALSE
451,"John Golden Park",4,8,16,TRUE,TRUE,"uniform",FALSE,FALSE,FALSE,FALSE
451,"John Golden Park",5,8,16,TRUE,TRUE,"uniform",FALSE,FALSE,FALSE,FALSE
451,"John Golden Park",6,8,16,TRUE,TRUE,"uniform",FALSE,FALSE,FALSE,FALSE
451,"John Golden Park",7,8,16,TRUE,TRUE,"uniform",FALSE,FALSE,FALSE,FALSE
452,"Crocheron Park Zone 1",1,8,16,TRUE,TRUE,"uniform",FALSE,FALSE,FALSE,FALSE
452,"Crocheron Park Zone 1",2,8,16,TRUE,TRUE,"uniform",FALSE,FALSE,FALSE,FALSE
452,"Crocheron Park Zone 1",3,8,16,TRUE,TRUE,"uniform",FALSE,FALSE,FALSE,FALSE
452,"Crocheron Park Zone 1",4,8,16,TRUE,TRUE,"uniform",FALSE,FALSE,FALSE,FALSE
452,"Crocheron Park Zone 1",5,8,16,TRUE,TRUE,"uniform",FALSE,FALSE,FALSE,FALSE
452,"Crocheron Park Zone 1",6,8,16,TRUE,TRUE,"uniform",FALSE,FALSE,FALSE,FALSE
452,"Crocheron Park Zone 1",7,8,16,TRUE,TRUE,"uniform",FALSE,FALSE,FALSE,FALSE
453,"Astoria Heights Playground",1,8,16,TRUE,TRUE,"uniform",FALSE,FALSE,FALSE,FALSE
453,"Astoria Heights Playground",2,8,16,TRUE,TRUE,"uniform",FALSE,FALSE,FALSE,FALSE
453,"Astoria Heights Playground",3,8,16,TRUE,TRUE,"uniform",FALSE,FALSE,FALSE,FALSE
453,"Astoria Heights Playground",4,8,16,TRUE,TRUE,"uniform",FALSE,FALSE,FALSE,FALSE
453,"Astoria Heights Playground",5,8,16,TRUE,TRUE,"uniform",FALSE,FALSE,FALSE,FALSE
453,"Astoria Heights Playground",6,8,16,TRUE,TRUE,"uniform",FALSE,FALSE,FALSE,FALSE
453,"Astoria Heights Playground",7,8,16,TRUE,TRUE,"uniform",FALSE,FALSE,FALSE,FALSE
454,"Sobelsohn Park",1,8,16,TRUE,TRUE,"uniform",FALSE,FALSE,FALSE,FALSE
454,"Sobelsohn Park",2,8,16,TRUE,TRUE,"uniform",FALSE,FALSE,FALSE,FALSE
454,"Sobelsohn Park",3,8,16,TRUE,TRUE,"uniform",FALSE,FALSE,FALSE,FALSE
454,"Sobelsohn Park",4,8,16,TRUE,TRUE,"uniform",FALSE,FALSE,FALSE,FALSE
454,"Sobelsohn Park",5,8,16,TRUE,TRUE,"uniform",FALSE,FALSE,FALSE,FALSE
454,"Sobelsohn Park",6,8,16,TRUE,TRUE,"uniform",FALSE,FALSE,FALSE,FALSE
454,"Sobelsohn Park",7,8,16,TRUE,TRUE,"uniform",FALSE,FALSE,FALSE,FALSE
455,"Jackson Pond Playground",1,8,16,TRUE,TRUE,"uniform",FALSE,FALSE,FALSE,FALSE
455,"Jackson Pond Playground",2,8,16,TRUE,TRUE,"uniform",FALSE,FALSE,FALSE,FALSE
455,"Jackson Pond Playground",3,8,16,TRUE,TRUE,"uniform",FALSE,FALSE,FALSE,FALSE
455,"Jackson Pond Playground",4,8,16,TRUE,TRUE,"uniform",FALSE,FALSE,FALSE,FALSE
455,"Jackson Pond Playground",5,8,16,TRUE,TRUE,"uniform",FALSE,FALSE,FALSE,FALSE
455,"Jackson Pond Playground",6,8,16,TRUE,TRUE,"uniform",FALSE,FALSE,FALSE,FALSE
455,"Jackson Pond Playground",7,8,16,TRUE,TRUE,"uniform",FALSE,FALSE,FALSE,FALSE
456,"Dry Harbor Playground",1,8,16,TRUE,TRUE,"uniform",FALSE,FALSE,FALSE,FALSE
456,"Dry Harbor Playground",2,8,16,TRUE,TRUE,"uniform",FALSE,FALSE,FALSE,FALSE
456,"Dry Harbor Playground",3,8,16,TRUE,TRUE,"uniform",FALSE,FALSE,FALSE,FALSE
456,"Dry Harbor Playground",4,8,16,TRUE,TRUE,"uniform",FALSE,FALSE,FALSE,FALSE
456,"Dry Harbor Playground",5,8,16,TRUE,TRUE,"uniform",FALSE,FALSE,FALSE,FALSE
456,"Dry Harbor Playground",6,8,16,TRUE,TRUE,"uniform",FALSE,FALSE,FALSE,FALSE
456,"Dry Harbor Playground",7,8,16,TRUE,TRUE,"uniform",FALSE,FALSE,FALSE,FALSE
457,"Victory Field",1,8,16,TRUE,TRUE,"uniform",FALSE,FALSE,FALSE,FALSE
457,"Victory Field",2,8,16,TRUE,TRUE,"uniform",FALSE,FALSE,FALSE,FALSE
457,"Victory Field",3,8,16,TRUE,TRUE,"uniform",FALSE,FALSE,FALSE,FALSE
457,"Victory Field",4,8,16,TRUE,TRUE,"uniform",FALSE,FALSE,FALSE,FALSE
457,"Victory Field",5,8,16,TRUE,TRUE,"uniform",FALSE,FALSE,FALSE,FALSE
457,"Victory Field",6,8,16,TRUE,TRUE,"uniform",FALSE,FALSE,FALSE,FALSE
457,"Victory Field",7,8,16,TRUE,TRUE,"uniform",FALSE,FALSE,FALSE,FALSE
458,"Carousel",1,8,16,TRUE,TRUE,"uniform",FALSE,FALSE,FALSE,FALSE
458,"Carousel",2,8,16,TRUE,TRUE,"uniform",FALSE,FALSE,FALSE,FALSE
458,"Carousel",3,8,16,TRUE,TRUE,"uniform",FALSE,FALSE,FALSE,FALSE
458,"Carousel",4,8,16,TRUE,TRUE,"uniform",FALSE,FALSE,FALSE,FALSE
458,"Carousel",5,8,16,TRUE,TRUE,"uniform",FALSE,FALSE,FALSE,FALSE
458,"Carousel",6,8,16,TRUE,TRUE,"uniform",FALSE,FALSE,FALSE,FALSE
458,"Carousel",7,8,16,TRUE,TRUE,"uniform",FALSE,FALSE,FALSE,FALSE
459,"The Bandshell",1,8,16,TRUE,TRUE,"uniform",FALSE,FALSE,FALSE,FALSE
459,"The Bandshell",2,8,16,TRUE,TRUE,"uniform",FALSE,FALSE,FALSE,FALSE
459,"The Bandshell",3,8,16,TRUE,TRUE,"uniform",FALSE,FALSE,FALSE,FALSE
459,"The Bandshell",4,8,16,TRUE,TRUE,"uniform",FALSE,FALSE,FALSE,FALSE
459,"The Bandshell",5,8,16,TRUE,TRUE,"uniform",FALSE,FALSE,FALSE,FALSE
459,"The Bandshell",6,8,16,TRUE,TRUE,"uniform",FALSE,FALSE,FALSE,FALSE
459,"The Bandshell",7,8,16,TRUE,TRUE,"uniform",FALSE,FALSE,FALSE,FALSE
460,"Tennis Courts - Forest Parkway",1,8,16,TRUE,TRUE,"uniform",FALSE,FALSE,FALSE,FALSE
460,"Tennis Courts - Forest Parkway",2,8,16,TRUE,TRUE,"uniform",FALSE,FALSE,FALSE,FALSE
460,"Tennis Courts - Forest Parkway",3,8,16,TRUE,TRUE,"uniform",FALSE,FALSE,FALSE,FALSE
460,"Tennis Courts - Forest Parkway",4,8,16,TRUE,TRUE,"uniform",FALSE,FALSE,FALSE,FALSE
460,"Tennis Courts - Forest Parkway",5,8,16,TRUE,TRUE,"uniform",FALSE,FALSE,FALSE,FALSE
460,"Tennis Courts - Forest Parkway",6,8,16,TRUE,TRUE,"uniform",FALSE,FALSE,FALSE,FALSE
460,"Tennis Courts - Forest Parkway",7,8,16,TRUE,TRUE,"uniform",FALSE,FALSE,FALSE,FALSE
461,"Lower Highland Playground",1,8,16,TRUE,TRUE,"uniform",FALSE,FALSE,FALSE,FALSE
461,"Lower Highland Playground",2,8,16,TRUE,TRUE,"uniform",FALSE,FALSE,FALSE,FALSE
461,"Lower Highland Playground",3,8,16,TRUE,TRUE,"uniform",FALSE,FALSE,FALSE,FALSE
461,"Lower Highland Playground",4,8,16,TRUE,TRUE,"uniform",FALSE,FALSE,FALSE,FALSE
461,"Lower Highland Playground",5,8,16,TRUE,TRUE,"uniform",FALSE,FALSE,FALSE,FALSE
461,"Lower Highland Playground",6,8,16,TRUE,TRUE,"uniform",FALSE,FALSE,FALSE,FALSE
461,"Lower Highland Playground",7,8,16,TRUE,TRUE,"uniform",FALSE,FALSE,FALSE,FALSE
462,"Highland Park Zone 1",1,8,16,TRUE,TRUE,"uniform",FALSE,FALSE,FALSE,FALSE
462,"Highland Park Zone 1",2,8,16,TRUE,TRUE,"uniform",FALSE,FALSE,FALSE,FALSE
462,"Highland Park Zone 1",3,8,16,TRUE,TRUE,"uniform",FALSE,FALSE,FALSE,FALSE
462,"Highland Park Zone 1",4,8,16,TRUE,TRUE,"uniform",FALSE,FALSE,FALSE,FALSE
462,"Highland Park Zone 1",5,8,16,TRUE,TRUE,"uniform",FALSE,FALSE,FALSE,FALSE
462,"Highland Park Zone 1",6,8,16,TRUE,TRUE,"uniform",FALSE,FALSE,FALSE,FALSE
462,"Highland Park Zone 1",7,8,16,TRUE,TRUE,"uniform",FALSE,FALSE,FALSE,FALSE
463,"Highland Park Zone 2",1,8,16,TRUE,TRUE,"uniform",FALSE,FALSE,FALSE,FALSE
463,"Highland Park Zone 2",2,8,16,TRUE,TRUE,"uniform",FALSE,FALSE,FALSE,FALSE
463,"Highland Park Zone 2",3,8,16,TRUE,TRUE,"uniform",FALSE,FALSE,FALSE,FALSE
463,"Highland Park Zone 2",4,8,16,TRUE,TRUE,"uniform",FALSE,FALSE,FALSE,FALSE
463,"Highland Park Zone 2",5,8,16,TRUE,TRUE,"uniform",FALSE,FALSE,FALSE,FALSE
463,"Highland Park Zone 2",6,8,16,TRUE,TRUE,"uniform",FALSE,FALSE,FALSE,FALSE
463,"Highland Park Zone 2",7,8,16,TRUE,TRUE,"uniform",FALSE,FALSE,FALSE,FALSE
464,"Midland Playground",1,8,16,TRUE,TRUE,"uniform",FALSE,FALSE,FALSE,FALSE
464,"Midland Playground",2,8,16,TRUE,TRUE,"uniform",FALSE,FALSE,FALSE,FALSE
464,"Midland Playground",3,8,16,TRUE,TRUE,"uniform",FALSE,FALSE,FALSE,FALSE
464,"Midland Playground",4,8,16,TRUE,TRUE,"uniform",FALSE,FALSE,FALSE,FALSE
464,"Midland Playground",5,8,16,TRUE,TRUE,"uniform",FALSE,FALSE,FALSE,FALSE
464,"Midland Playground",6,8,16,TRUE,TRUE,"uniform",FALSE,FALSE,FALSE,FALSE
464,"Midland Playground",7,8,16,TRUE,TRUE,"uniform",FALSE,FALSE,FALSE,FALSE
465,"Cunningham Park Zone 2",1,8,16,TRUE,TRUE,"uniform",FALSE,FALSE,FALSE,FALSE
465,"Cunningham Park Zone 2",2,8,16,TRUE,TRUE,"uniform",FALSE,FALSE,FALSE,FALSE
465,"Cunningham Park Zone 2",3,8,16,TRUE,TRUE,"uniform",FALSE,FALSE,FALSE,FALSE
465,"Cunningham Park Zone 2",4,8,16,TRUE,TRUE,"uniform",FALSE,FALSE,FALSE,FALSE
465,"Cunningham Park Zone 2",5,8,16,TRUE,TRUE,"uniform",FALSE,FALSE,FALSE,FALSE
465,"Cunningham Park Zone 2",6,8,16,TRUE,TRUE,"uniform",FALSE,FALSE,FALSE,FALSE
465,"Cunningham Park Zone 2",7,8,16,TRUE,TRUE,"uniform",FALSE,FALSE,FALSE,FALSE
466,"Cunningham Park Zone 3",1,8,16,TRUE,TRUE,"uniform",FALSE,FALSE,FALSE,FALSE
466,"Cunningham Park Zone 3",2,8,16,TRUE,TRUE,"uniform",FALSE,FALSE,FALSE,FALSE
466,"Cunningham Park Zone 3",3,8,16,TRUE,TRUE,"uniform",FALSE,FALSE,FALSE,FALSE
466,"Cunningham Park Zone 3",4,8,16,TRUE,TRUE,"uniform",FALSE,FALSE,FALSE,FALSE
466,"Cunningham Park Zone 3",5,8,16,TRUE,TRUE,"uniform",FALSE,FALSE,FALSE,FALSE
466,"Cunningham Park Zone 3",6,8,16,TRUE,TRUE,"uniform",FALSE,FALSE,FALSE,FALSE
466,"Cunningham Park Zone 3",7,8,16,TRUE,TRUE,"uniform",FALSE,FALSE,FALSE,FALSE
467,"Margaret I. Carman Green - Weeping Beech",1,8,16,TRUE,TRUE,"uniform",FALSE,FALSE,FALSE,FALSE
467,"Margaret I. Carman Green - Weeping Beech",2,8,16,TRUE,TRUE,"uniform",FALSE,FALSE,FALSE,FALSE
467,"Margaret I. Carman Green - Weeping Beech",3,8,16,TRUE,TRUE,"uniform",FALSE,FALSE,FALSE,FALSE
467,"Margaret I. Carman Green - Weeping Beech",4,8,16,TRUE,TRUE,"uniform",FALSE,FALSE,FALSE,FALSE
467,"Margaret I. Carman Green - Weeping Beech",5,8,16,TRUE,TRUE,"uniform",FALSE,FALSE,FALSE,FALSE
467,"Margaret I. Carman Green - Weeping Beech",6,8,16,TRUE,TRUE,"uniform",FALSE,FALSE,FALSE,FALSE
467,"Margaret I. Carman Green - Weeping Beech",7,8,16,TRUE,TRUE,"uniform",FALSE,FALSE,FALSE,FALSE
468,"Rufus King Park",1,8,16,TRUE,TRUE,"uniform",FALSE,FALSE,FALSE,FALSE
468,"Rufus King Park",2,8,16,TRUE,TRUE,"uniform",FALSE,FALSE,FALSE,FALSE
468,"Rufus King Park",3,8,16,TRUE,TRUE,"uniform",FALSE,FALSE,FALSE,FALSE
468,"Rufus King Park",4,8,16,TRUE,TRUE,"uniform",FALSE,FALSE,FALSE,FALSE
468,"Rufus King Park",5,8,16,TRUE,TRUE,"uniform",FALSE,FALSE,FALSE,FALSE
468,"Rufus King Park",6,8,16,TRUE,TRUE,"uniform",FALSE,FALSE,FALSE,FALSE
468,"Rufus King Park",7,8,16,TRUE,TRUE,"uniform",FALSE,FALSE,FALSE,FALSE
469,"Nautilus Playground",1,8,16,TRUE,TRUE,"uniform",FALSE,FALSE,FALSE,FALSE
469,"Nautilus Playground",2,8,16,TRUE,TRUE,"uniform",FALSE,FALSE,FALSE,FALSE
469,"Nautilus Playground",3,8,16,TRUE,TRUE,"uniform",FALSE,FALSE,FALSE,FALSE
469,"Nautilus Playground",4,8,16,TRUE,TRUE,"uniform",FALSE,FALSE,FALSE,FALSE
469,"Nautilus Playground",5,8,16,TRUE,TRUE,"uniform",FALSE,FALSE,FALSE,FALSE
469,"Nautilus Playground",6,8,16,TRUE,TRUE,"uniform",FALSE,FALSE,FALSE,FALSE
469,"Nautilus Playground",7,8,16,TRUE,TRUE,"uniform",FALSE,FALSE,FALSE,FALSE
470,"Park Of The Americas",1,8,16,TRUE,TRUE,"uniform",FALSE,FALSE,FALSE,FALSE
470,"Park Of The Americas",2,8,16,TRUE,TRUE,"uniform",FALSE,FALSE,FALSE,FALSE
470,"Park Of The Americas",3,8,16,TRUE,TRUE,"uniform",FALSE,FALSE,FALSE,FALSE
470,"Park Of The Americas",4,8,16,TRUE,TRUE,"uniform",FALSE,FALSE,FALSE,FALSE
470,"Park Of The Americas",5,8,16,TRUE,TRUE,"uniform",FALSE,FALSE,FALSE,FALSE
470,"Park Of The Americas",6,8,16,TRUE,TRUE,"uniform",FALSE,FALSE,FALSE,FALSE
470,"Park Of The Americas",7,8,16,TRUE,TRUE,"uniform",FALSE,FALSE,FALSE,FALSE
471,"Laurelton Parkway West Playground",1,8,16,TRUE,TRUE,"uniform",FALSE,FALSE,FALSE,FALSE
471,"Laurelton Parkway West Playground",2,8,16,TRUE,TRUE,"uniform",FALSE,FALSE,FALSE,FALSE
471,"Laurelton Parkway West Playground",3,8,16,TRUE,TRUE,"uniform",FALSE,FALSE,FALSE,FALSE
471,"Laurelton Parkway West Playground",4,8,16,TRUE,TRUE,"uniform",FALSE,FALSE,FALSE,FALSE
471,"Laurelton Parkway West Playground",5,8,16,TRUE,TRUE,"uniform",FALSE,FALSE,FALSE,FALSE
471,"Laurelton Parkway West Playground",6,8,16,TRUE,TRUE,"uniform",FALSE,FALSE,FALSE,FALSE
471,"Laurelton Parkway West Playground",7,8,16,TRUE,TRUE,"uniform",FALSE,FALSE,FALSE,FALSE
472,"Lawrence Virgilio Playground",1,8,16,TRUE,TRUE,"uniform",FALSE,FALSE,FALSE,FALSE
472,"Lawrence Virgilio Playground",2,8,16,TRUE,TRUE,"uniform",FALSE,FALSE,FALSE,FALSE
472,"Lawrence Virgilio Playground",3,8,16,TRUE,TRUE,"uniform",FALSE,FALSE,FALSE,FALSE
472,"Lawrence Virgilio Playground",4,8,16,TRUE,TRUE,"uniform",FALSE,FALSE,FALSE,FALSE
472,"Lawrence Virgilio Playground",5,8,16,TRUE,TRUE,"uniform",FALSE,FALSE,FALSE,FALSE
472,"Lawrence Virgilio Playground",6,8,16,TRUE,TRUE,"uniform",FALSE,FALSE,FALSE,FALSE
472,"Lawrence Virgilio Playground",7,8,16,TRUE,TRUE,"uniform",FALSE,FALSE,FALSE,FALSE
473,"Newtown Playground",1,8,16,TRUE,TRUE,"uniform",FALSE,FALSE,FALSE,FALSE
473,"Newtown Playground",2,8,16,TRUE,TRUE,"uniform",FALSE,FALSE,FALSE,FALSE
473,"Newtown Playground",3,8,16,TRUE,TRUE,"uniform",FALSE,FALSE,FALSE,FALSE
473,"Newtown Playground",4,8,16,TRUE,TRUE,"uniform",FALSE,FALSE,FALSE,FALSE
473,"Newtown Playground",5,8,16,TRUE,TRUE,"uniform",FALSE,FALSE,FALSE,FALSE
473,"Newtown Playground",6,8,16,TRUE,TRUE,"uniform",FALSE,FALSE,FALSE,FALSE
473,"Newtown Playground",7,8,16,TRUE,TRUE,"uniform",FALSE,FALSE,FALSE,FALSE
474,"L/CPL Thomas P. Noonan Jr. Playground",1,8,16,TRUE,TRUE,"uniform",FALSE,FALSE,FALSE,FALSE
474,"L/CPL Thomas P. Noonan Jr. Playground",2,8,16,TRUE,TRUE,"uniform",FALSE,FALSE,FALSE,FALSE
474,"L/CPL Thomas P. Noonan Jr. Playground",3,8,16,TRUE,TRUE,"uniform",FALSE,FALSE,FALSE,FALSE
474,"L/CPL Thomas P. Noonan Jr. Playground",4,8,16,TRUE,TRUE,"uniform",FALSE,FALSE,FALSE,FALSE
474,"L/CPL Thomas P. Noonan Jr. Playground",5,8,16,TRUE,TRUE,"uniform",FALSE,FALSE,FALSE,FALSE
474,"L/CPL Thomas P. Noonan Jr. Playground",6,8,16,TRUE,TRUE,"uniform",FALSE,FALSE,FALSE,FALSE
474,"L/CPL Thomas P. Noonan Jr. Playground",7,8,16,TRUE,TRUE,"uniform",FALSE,FALSE,FALSE,FALSE
475,"Josephine Caminiti Playground",1,8,16,TRUE,TRUE,"uniform",FALSE,FALSE,FALSE,FALSE
475,"Josephine Caminiti Playground",2,8,16,TRUE,TRUE,"uniform",FALSE,FALSE,FALSE,FALSE
475,"Josephine Caminiti Playground",3,8,16,TRUE,TRUE,"uniform",FALSE,FALSE,FALSE,FALSE
475,"Josephine Caminiti Playground",4,8,16,TRUE,TRUE,"uniform",FALSE,FALSE,FALSE,FALSE
475,"Josephine Caminiti Playground",5,8,16,TRUE,TRUE,"uniform",FALSE,FALSE,FALSE,FALSE
475,"Josephine Caminiti Playground",6,8,16,TRUE,TRUE,"uniform",FALSE,FALSE,FALSE,FALSE
475,"Josephine Caminiti Playground",7,8,16,TRUE,TRUE,"uniform",FALSE,FALSE,FALSE,FALSE
476,"Rockaway Beach 08a",1,8,16,TRUE,TRUE,"uniform",FALSE,FALSE,FALSE,FALSE
476,"Rockaway Beach 08a",2,8,16,TRUE,TRUE,"uniform",FALSE,FALSE,FALSE,FALSE
476,"Rockaway Beach 08a",3,8,16,TRUE,TRUE,"uniform",FALSE,FALSE,FALSE,FALSE
476,"Rockaway Beach 08a",4,8,16,TRUE,TRUE,"uniform",FALSE,FALSE,FALSE,FALSE
476,"Rockaway Beach 08a",5,8,16,TRUE,TRUE,"uniform",FALSE,FALSE,FALSE,FALSE
476,"Rockaway Beach 08a",6,8,16,TRUE,TRUE,"uniform",FALSE,FALSE,FALSE,FALSE
476,"Rockaway Beach 08a",7,8,16,TRUE,TRUE,"uniform",FALSE,FALSE,FALSE,FALSE
477,"174 St Playground",1,8,16,TRUE,TRUE,"uniform",FALSE,FALSE,FALSE,FALSE
477,"174 St Playground",2,8,16,TRUE,TRUE,"uniform",FALSE,FALSE,FALSE,FALSE
477,"174 St Playground",3,8,16,TRUE,TRUE,"uniform",FALSE,FALSE,FALSE,FALSE
477,"174 St Playground",4,8,16,TRUE,TRUE,"uniform",FALSE,FALSE,FALSE,FALSE
477,"174 St Playground",5,8,16,TRUE,TRUE,"uniform",FALSE,FALSE,FALSE,FALSE
477,"174 St Playground",6,8,16,TRUE,TRUE,"uniform",FALSE,FALSE,FALSE,FALSE
477,"174 St Playground",7,8,16,TRUE,TRUE,"uniform",FALSE,FALSE,FALSE,FALSE
478,"Equity Playground",1,8,16,TRUE,TRUE,"uniform",FALSE,FALSE,FALSE,FALSE
478,"Equity Playground",2,8,16,TRUE,TRUE,"uniform",FALSE,FALSE,FALSE,FALSE
478,"Equity Playground",3,8,16,TRUE,TRUE,"uniform",FALSE,FALSE,FALSE,FALSE
478,"Equity Playground",4,8,16,TRUE,TRUE,"uniform",FALSE,FALSE,FALSE,FALSE
478,"Equity Playground",5,8,16,TRUE,TRUE,"uniform",FALSE,FALSE,FALSE,FALSE
478,"Equity Playground",6,8,16,TRUE,TRUE,"uniform",FALSE,FALSE,FALSE,FALSE
478,"Equity Playground",7,8,16,TRUE,TRUE,"uniform",FALSE,FALSE,FALSE,FALSE
479,"Triborough Bridge Playground B",1,8,16,TRUE,TRUE,"uniform",FALSE,FALSE,FALSE,FALSE
479,"Triborough Bridge Playground B",2,8,16,TRUE,TRUE,"uniform",FALSE,FALSE,FALSE,FALSE
479,"Triborough Bridge Playground B",3,8,16,TRUE,TRUE,"uniform",FALSE,FALSE,FALSE,FALSE
479,"Triborough Bridge Playground B",4,8,16,TRUE,TRUE,"uniform",FALSE,FALSE,FALSE,FALSE
479,"Triborough Bridge Playground B",5,8,16,TRUE,TRUE,"uniform",FALSE,FALSE,FALSE,FALSE
479,"Triborough Bridge Playground B",6,8,16,TRUE,TRUE,"uniform",FALSE,FALSE,FALSE,FALSE
479,"Triborough Bridge Playground B",7,8,16,TRUE,TRUE,"uniform",FALSE,FALSE,FALSE,FALSE
480,"General Hart Playground",1,8,16,TRUE,TRUE,"uniform",FALSE,FALSE,FALSE,FALSE
480,"General Hart Playground",2,8,16,TRUE,TRUE,"uniform",FALSE,FALSE,FALSE,FALSE
480,"General Hart Playground",3,8,16,TRUE,TRUE,"uniform",FALSE,FALSE,FALSE,FALSE
480,"General Hart Playground",4,8,16,TRUE,TRUE,"uniform",FALSE,FALSE,FALSE,FALSE
480,"General Hart Playground",5,8,16,TRUE,TRUE,"uniform",FALSE,FALSE,FALSE,FALSE
480,"General Hart Playground",6,8,16,TRUE,TRUE,"uniform",FALSE,FALSE,FALSE,FALSE
480,"General Hart Playground",7,8,16,TRUE,TRUE,"uniform",FALSE,FALSE,FALSE,FALSE
481,"Wayanda Park",1,8,16,TRUE,TRUE,"uniform",FALSE,FALSE,FALSE,FALSE
481,"Wayanda Park",2,8,16,TRUE,TRUE,"uniform",FALSE,FALSE,FALSE,FALSE
481,"Wayanda Park",3,8,16,TRUE,TRUE,"uniform",FALSE,FALSE,FALSE,FALSE
481,"Wayanda Park",4,8,16,TRUE,TRUE,"uniform",FALSE,FALSE,FALSE,FALSE
481,"Wayanda Park",5,8,16,TRUE,TRUE,"uniform",FALSE,FALSE,FALSE,FALSE
481,"Wayanda Park",6,8,16,TRUE,TRUE,"uniform",FALSE,FALSE,FALSE,FALSE
481,"Wayanda Park",7,8,16,TRUE,TRUE,"uniform",FALSE,FALSE,FALSE,FALSE
482,"Gorman Playground",1,8,16,TRUE,TRUE,"uniform",FALSE,FALSE,FALSE,FALSE
482,"Gorman Playground",2,8,16,TRUE,TRUE,"uniform",FALSE,FALSE,FALSE,FALSE
482,"Gorman Playground",3,8,16,TRUE,TRUE,"uniform",FALSE,FALSE,FALSE,FALSE
482,"Gorman Playground",4,8,16,TRUE,TRUE,"uniform",FALSE,FALSE,FALSE,FALSE
482,"Gorman Playground",5,8,16,TRUE,TRUE,"uniform",FALSE,FALSE,FALSE,FALSE
482,"Gorman Playground",6,8,16,TRUE,TRUE,"uniform",FALSE,FALSE,FALSE,FALSE
482,"Gorman Playground",7,8,16,TRUE,TRUE,"uniform",FALSE,FALSE,FALSE,FALSE
483,"Leonardo Ingravallo Playground",1,8,16,TRUE,TRUE,"uniform",FALSE,FALSE,FALSE,FALSE
483,"Leonardo Ingravallo Playground",2,8,16,TRUE,TRUE,"uniform",FALSE,FALSE,FALSE,FALSE
483,"Leonardo Ingravallo Playground",3,8,16,TRUE,TRUE,"uniform",FALSE,FALSE,FALSE,FALSE
483,"Leonardo Ingravallo Playground",4,8,16,TRUE,TRUE,"uniform",FALSE,FALSE,FALSE,FALSE
483,"Leonardo Ingravallo Playground",5,8,16,TRUE,TRUE,"uniform",FALSE,FALSE,FALSE,FALSE
483,"Leonardo Ingravallo Playground",6,8,16,TRUE,TRUE,"uniform",FALSE,FALSE,FALSE,FALSE
483,"Leonardo Ingravallo Playground",7,8,16,TRUE,TRUE,"uniform",FALSE,FALSE,FALSE,FALSE
484,"Harvey Playground",1,8,16,TRUE,TRUE,"uniform",FALSE,FALSE,FALSE,FALSE
484,"Harvey Playground",2,8,16,TRUE,TRUE,"uniform",FALSE,FALSE,FALSE,FALSE
484,"Harvey Playground",3,8,16,TRUE,TRUE,"uniform",FALSE,FALSE,FALSE,FALSE
484,"Harvey Playground",4,8,16,TRUE,TRUE,"uniform",FALSE,FALSE,FALSE,FALSE
484,"Harvey Playground",5,8,16,TRUE,TRUE,"uniform",FALSE,FALSE,FALSE,FALSE
484,"Harvey Playground",6,8,16,TRUE,TRUE,"uniform",FALSE,FALSE,FALSE,FALSE
484,"Harvey Playground",7,8,16,TRUE,TRUE,"uniform",FALSE,FALSE,FALSE,FALSE
485,"Vito Locascio Field",1,8,16,TRUE,TRUE,"uniform",FALSE,FALSE,FALSE,FALSE
485,"Vito Locascio Field",2,8,16,TRUE,TRUE,"uniform",FALSE,FALSE,FALSE,FALSE
485,"Vito Locascio Field",3,8,16,TRUE,TRUE,"uniform",FALSE,FALSE,FALSE,FALSE
485,"Vito Locascio Field",4,8,16,TRUE,TRUE,"uniform",FALSE,FALSE,FALSE,FALSE
485,"Vito Locascio Field",5,8,16,TRUE,TRUE,"uniform",FALSE,FALSE,FALSE,FALSE
485,"Vito Locascio Field",6,8,16,TRUE,TRUE,"uniform",FALSE,FALSE,FALSE,FALSE
485,"Vito Locascio Field",7,8,16,TRUE,TRUE,"uniform",FALSE,FALSE,FALSE,FALSE
486,"Frank D. O'Connor Playground",1,8,16,TRUE,TRUE,"uniform",FALSE,FALSE,FALSE,FALSE
486,"Frank D. O'Connor Playground",2,8,16,TRUE,TRUE,"uniform",FALSE,FALSE,FALSE,FALSE
486,"Frank D. O'Connor Playground",3,8,16,TRUE,TRUE,"uniform",FALSE,FALSE,FALSE,FALSE
486,"Frank D. O'Connor Playground",4,8,16,TRUE,TRUE,"uniform",FALSE,FALSE,FALSE,FALSE
486,"Frank D. O'Connor Playground",5,8,16,TRUE,TRUE,"uniform",FALSE,FALSE,FALSE,FALSE
486,"Frank D. O'Connor Playground",6,8,16,TRUE,TRUE,"uniform",FALSE,FALSE,FALSE,FALSE
486,"Frank D. O'Connor Playground",7,8,16,TRUE,TRUE,"uniform",FALSE,FALSE,FALSE,FALSE
487,"Triassic Playground",1,8,16,TRUE,TRUE,"uniform",FALSE,FALSE,FALSE,FALSE
487,"Triassic Playground",2,8,16,TRUE,TRUE,"uniform",FALSE,FALSE,FALSE,FALSE
487,"Triassic Playground",3,8,16,TRUE,TRUE,"uniform",FALSE,FALSE,FALSE,FALSE
487,"Triassic Playground",4,8,16,TRUE,TRUE,"uniform",FALSE,FALSE,FALSE,FALSE
487,"Triassic Playground",5,8,16,TRUE,TRUE,"uniform",FALSE,FALSE,FALSE,FALSE
487,"Triassic Playground",6,8,16,TRUE,TRUE,"uniform",FALSE,FALSE,FALSE,FALSE
487,"Triassic Playground",7,8,16,TRUE,TRUE,"uniform",FALSE,FALSE,FALSE,FALSE
488,"Nautilus Playground",1,8,16,TRUE,TRUE,"uniform",FALSE,FALSE,FALSE,FALSE
488,"Nautilus Playground",2,8,16,TRUE,TRUE,"uniform",FALSE,FALSE,FALSE,FALSE
488,"Nautilus Playground",3,8,16,TRUE,TRUE,"uniform",FALSE,FALSE,FALSE,FALSE
488,"Nautilus Playground",4,8,16,TRUE,TRUE,"uniform",FALSE,FALSE,FALSE,FALSE
488,"Nautilus Playground",5,8,16,TRUE,TRUE,"uniform",FALSE,FALSE,FALSE,FALSE
488,"Nautilus Playground",6,8,16,TRUE,TRUE,"uniform",FALSE,FALSE,FALSE,FALSE
488,"Nautilus Playground",7,8,16,TRUE,TRUE,"uniform",FALSE,FALSE,FALSE,FALSE
489,"Albert H. Mauro Playground",1,8,16,TRUE,TRUE,"uniform",FALSE,FALSE,FALSE,FALSE
489,"Albert H. Mauro Playground",2,8,16,TRUE,TRUE,"uniform",FALSE,FALSE,FALSE,FALSE
489,"Albert H. Mauro Playground",3,8,16,TRUE,TRUE,"uniform",FALSE,FALSE,FALSE,FALSE
489,"Albert H. Mauro Playground",4,8,16,TRUE,TRUE,"uniform",FALSE,FALSE,FALSE,FALSE
489,"Albert H. Mauro Playground",5,8,16,TRUE,TRUE,"uniform",FALSE,FALSE,FALSE,FALSE
489,"Albert H. Mauro Playground",6,8,16,TRUE,TRUE,"uniform",FALSE,FALSE,FALSE,FALSE
489,"Albert H. Mauro Playground",7,8,16,TRUE,TRUE,"uniform",FALSE,FALSE,FALSE,FALSE
490,"South Of Fountain Of The Planets",1,8,16,TRUE,TRUE,"uniform",FALSE,FALSE,FALSE,FALSE
490,"South Of Fountain Of The Planets",2,8,16,TRUE,TRUE,"uniform",FALSE,FALSE,FALSE,FALSE
490,"South Of Fountain Of The Planets",3,8,16,TRUE,TRUE,"uniform",FALSE,FALSE,FALSE,FALSE
490,"South Of Fountain Of The Planets",4,8,16,TRUE,TRUE,"uniform",FALSE,FALSE,FALSE,FALSE
490,"South Of Fountain Of The Planets",5,8,16,TRUE,TRUE,"uniform",FALSE,FALSE,FALSE,FALSE
490,"South Of Fountain Of The Planets",6,8,16,TRUE,TRUE,"uniform",FALSE,FALSE,FALSE,FALSE
490,"South Of Fountain Of The Planets",7,8,16,TRUE,TRUE,"uniform",FALSE,FALSE,FALSE,FALSE
491,"Passerelle",1,8,16,TRUE,TRUE,"uniform",FALSE,FALSE,FALSE,FALSE
491,"Passerelle",2,8,16,TRUE,TRUE,"uniform",FALSE,FALSE,FALSE,FALSE
491,"Passerelle",3,8,16,TRUE,TRUE,"uniform",FALSE,FALSE,FALSE,FALSE
491,"Passerelle",4,8,16,TRUE,TRUE,"uniform",FALSE,FALSE,FALSE,FALSE
491,"Passerelle",5,8,16,TRUE,TRUE,"uniform",FALSE,FALSE,FALSE,FALSE
491,"Passerelle",6,8,16,TRUE,TRUE,"uniform",FALSE,FALSE,FALSE,FALSE
491,"Passerelle",7,8,16,TRUE,TRUE,"uniform",FALSE,FALSE,FALSE,FALSE
492,"College Point Blvd Soccer Fields",1,,,,FALSE,"blank",,,FALSE,
492,"College Point Blvd Soccer Fields",2,,,,FALSE,"blank",,,FALSE,
492,"College Point Blvd Soccer Fields",3,,,,FALSE,"blank",,,FALSE,
492,"College Point Blvd Soccer Fields",4,,,,FALSE,"blank",,,FALSE,
492,"College Point Blvd Soccer Fields",5,,,,FALSE,"blank",,,FALSE,
492,"College Point Blvd Soccer Fields",6,,,,FALSE,"blank",,,FALSE,
492,"College Point Blvd Soccer Fields",7,,,,FALSE,"blank",,,FALSE,
493,"Ballfields",1,8,16,TRUE,TRUE,"uniform",FALSE,FALSE,FALSE,FALSE
493,"Ballfields",2,8,16,TRUE,TRUE,"uniform",FALSE,FALSE,FALSE,FALSE
493,"Ballfields",3,8,16,TRUE,TRUE,"uniform",FALSE,FALSE,FALSE,FALSE
493,"Ballfields",4,8,16,TRUE,TRUE,"uniform",FALSE,FALSE,FALSE,FALSE
493,"Ballfields",5,8,16,TRUE,TRUE,"uniform",FALSE,FALSE,FALSE,FALSE
493,"Ballfields",6,8,16,TRUE,TRUE,"uniform",FALSE,FALSE,FALSE,FALSE
493,"Ballfields",7,8,16,TRUE,TRUE,"uniform",FALSE,FALSE,FALSE,FALSE
494,"Meadow Lake North",1,8,16,TRUE,TRUE,"uniform",FALSE,FALSE,FALSE,FALSE
494,"Meadow Lake North",2,8,16,TRUE,TRUE,"uniform",FALSE,FALSE,FALSE,FALSE
494,"Meadow Lake North",3,8,16,TRUE,TRUE,"uniform",FALSE,FALSE,FALSE,FALSE
494,"Meadow Lake North",4,8,16,TRUE,TRUE,"uniform",FALSE,FALSE,FALSE,FALSE
494,"Meadow Lake North",5,8,16,TRUE,TRUE,"uniform",FALSE,FALSE,FALSE,FALSE
494,"Meadow Lake North",6,8,16,TRUE,TRUE,"uniform",FALSE,FALSE,FALSE,FALSE
494,"Meadow Lake North",7,8,16,TRUE,TRUE,"uniform",FALSE,FALSE,FALSE,FALSE
495,"Meadow Lake NE",1,8,16,TRUE,TRUE,"uniform",FALSE,FALSE,FALSE,FALSE
495,"Meadow Lake NE",2,8,16,TRUE,TRUE,"uniform",FALSE,FALSE,FALSE,FALSE
495,"Meadow Lake NE",3,8,16,TRUE,TRUE,"uniform",FALSE,FALSE,FALSE,FALSE
495,"Meadow Lake NE",4,8,16,TRUE,TRUE,"uniform",FALSE,FALSE,FALSE,FALSE
495,"Meadow Lake NE",5,8,16,TRUE,TRUE,"uniform",FALSE,FALSE,FALSE,FALSE
495,"Meadow Lake NE",6,8,16,TRUE,TRUE,"uniform",FALSE,FALSE,FALSE,FALSE
495,"Meadow Lake NE",7,8,16,TRUE,TRUE,"uniform",FALSE,FALSE,FALSE,FALSE
496,"Juniper North Playground Tennis",1,8,16,TRUE,TRUE,"uniform",FALSE,FALSE,FALSE,FALSE
496,"Juniper North Playground Tennis",2,8,16,TRUE,TRUE,"uniform",FALSE,FALSE,FALSE,FALSE
496,"Juniper North Playground Tennis",3,8,16,TRUE,TRUE,"uniform",FALSE,FALSE,FALSE,FALSE
496,"Juniper North Playground Tennis",4,8,16,TRUE,TRUE,"uniform",FALSE,FALSE,FALSE,FALSE
496,"Juniper North Playground Tennis",5,8,16,TRUE,TRUE,"uniform",FALSE,FALSE,FALSE,FALSE
496,"Juniper North Playground Tennis",6,8,16,TRUE,TRUE,"uniform",FALSE,FALSE,FALSE,FALSE
496,"Juniper North Playground Tennis",7,8,16,TRUE,TRUE,"uniform",FALSE,FALSE,FALSE,FALSE
497,"Juniper Valley Park Zone 1",1,8,16,TRUE,TRUE,"uniform",FALSE,FALSE,FALSE,FALSE
497,"Juniper Valley Park Zone 1",2,8,16,TRUE,TRUE,"uniform",FALSE,FALSE,FALSE,FALSE
497,"Juniper Valley Park Zone 1",3,8,16,TRUE,TRUE,"uniform",FALSE,FALSE,FALSE,FALSE
497,"Juniper Valley Park Zone 1",4,8,16,TRUE,TRUE,"uniform",FALSE,FALSE,FALSE,FALSE
497,"Juniper Valley Park Zone 1",5,8,16,TRUE,TRUE,"uniform",FALSE,FALSE,FALSE,FALSE
497,"Juniper Valley Park Zone 1",6,8,16,TRUE,TRUE,"uniform",FALSE,FALSE,FALSE,FALSE
497,"Juniper Valley Park Zone 1",7,8,16,TRUE,TRUE,"uniform",FALSE,FALSE,FALSE,FALSE
498,"Queensbridge Park",1,8,16,TRUE,TRUE,"uniform",FALSE,FALSE,FALSE,FALSE
498,"Queensbridge Park",2,8,16,TRUE,TRUE,"uniform",FALSE,FALSE,FALSE,FALSE
498,"Queensbridge Park",3,8,16,TRUE,TRUE,"uniform",FALSE,FALSE,FALSE,FALSE
498,"Queensbridge Park",4,8,16,TRUE,TRUE,"uniform",FALSE,FALSE,FALSE,FALSE
498,"Queensbridge Park",5,8,16,TRUE,TRUE,"uniform",FALSE,FALSE,FALSE,FALSE
498,"Queensbridge Park",6,8,16,TRUE,TRUE,"uniform",FALSE,FALSE,FALSE,FALSE
498,"Queensbridge Park",7,8,16,TRUE,TRUE,"uniform",FALSE,FALSE,FALSE,FALSE
499,"Vernon Playground",1,8,16,TRUE,TRUE,"uniform",FALSE,FALSE,FALSE,FALSE
499,"Vernon Playground",2,8,16,TRUE,TRUE,"uniform",FALSE,FALSE,FALSE,FALSE
499,"Vernon Playground",3,8,16,TRUE,TRUE,"uniform",FALSE,FALSE,FALSE,FALSE
499,"Vernon Playground",4,8,16,TRUE,TRUE,"uniform",FALSE,FALSE,FALSE,FALSE
499,"Vernon Playground",5,8,16,TRUE,TRUE,"uniform",FALSE,FALSE,FALSE,FALSE
499,"Vernon Playground",6,8,16,TRUE,TRUE,"uniform",FALSE,FALSE,FALSE,FALSE
499,"Vernon Playground",7,8,16,TRUE,TRUE,"uniform",FALSE,FALSE,FALSE,FALSE
500,"Daniel M. O'Connell Playground",1,,,,FALSE,"blank",,,FALSE,
500,"Daniel M. O'Connell Playground",2,,,,FALSE,"blank",,,FALSE,
500,"Daniel M. O'Connell Playground",3,,,,FALSE,"blank",,,FALSE,
500,"Daniel M. O'Connell Playground",4,,,,FALSE,"blank",,,FALSE,
500,"Daniel M. O'Connell Playground",5,,,,FALSE,"blank",,,FALSE,
500,"Daniel M. O'Connell Playground",6,,,,FALSE,"blank",,,FALSE,
500,"Daniel M. O'Connell Playground",7,,,,FALSE,"blank",,,FALSE,
501,"Springfield Park",1,8,16,TRUE,TRUE,"uniform",FALSE,FALSE,FALSE,FALSE
501,"Springfield Park",2,8,16,TRUE,TRUE,"uniform",FALSE,FALSE,FALSE,FALSE
501,"Springfield Park",3,8,16,TRUE,TRUE,"uniform",FALSE,FALSE,FALSE,FALSE
501,"Springfield Park",4,8,16,TRUE,TRUE,"uniform",FALSE,FALSE,FALSE,FALSE
501,"Springfield Park",5,8,16,TRUE,TRUE,"uniform",FALSE,FALSE,FALSE,FALSE
501,"Springfield Park",6,8,16,TRUE,TRUE,"uniform",FALSE,FALSE,FALSE,FALSE
501,"Springfield Park",7,8,16,TRUE,TRUE,"uniform",FALSE,FALSE,FALSE,FALSE
502,"Police Officer Nicholas Demutiis Park",1,8,16,TRUE,TRUE,"uniform",FALSE,FALSE,FALSE,FALSE
502,"Police Officer Nicholas Demutiis Park",2,8,16,TRUE,TRUE,"uniform",FALSE,FALSE,FALSE,FALSE
502,"Police Officer Nicholas Demutiis Park",3,8,16,TRUE,TRUE,"uniform",FALSE,FALSE,FALSE,FALSE
502,"Police Officer Nicholas Demutiis Park",4,8,16,TRUE,TRUE,"uniform",FALSE,FALSE,FALSE,FALSE
502,"Police Officer Nicholas Demutiis Park",5,8,16,TRUE,TRUE,"uniform",FALSE,FALSE,FALSE,FALSE
502,"Police Officer Nicholas Demutiis Park",6,8,16,TRUE,TRUE,"uniform",FALSE,FALSE,FALSE,FALSE
502,"Police Officer Nicholas Demutiis Park",7,8,16,TRUE,TRUE,"uniform",FALSE,FALSE,FALSE,FALSE
503,"Frederick B. Judge Playground",1,8,16,TRUE,TRUE,"uniform",FALSE,FALSE,FALSE,FALSE
503,"Frederick B. Judge Playground",2,8,16,TRUE,TRUE,"uniform",FALSE,FALSE,FALSE,FALSE
503,"Frederick B. Judge Playground",3,8,16,TRUE,TRUE,"uniform",FALSE,FALSE,FALSE,FALSE
503,"Frederick B. Judge Playground",4,8,16,TRUE,TRUE,"uniform",FALSE,FALSE,FALSE,FALSE
503,"Frederick B. Judge Playground",5,8,16,TRUE,TRUE,"uniform",FALSE,FALSE,FALSE,FALSE
503,"Frederick B. Judge Playground",6,8,16,TRUE,TRUE,"uniform",FALSE,FALSE,FALSE,FALSE
503,"Frederick B. Judge Playground",7,8,16,TRUE,TRUE,"uniform",FALSE,FALSE,FALSE,FALSE
504,"Detective Keith L Williams Park",1,8,16,TRUE,TRUE,"uniform",FALSE,FALSE,FALSE,FALSE
504,"Detective Keith L Williams Park",2,8,16,TRUE,TRUE,"uniform",FALSE,FALSE,FALSE,FALSE
504,"Detective Keith L Williams Park",3,8,16,TRUE,TRUE,"uniform",FALSE,FALSE,FALSE,FALSE
504,"Detective Keith L Williams Park",4,8,16,TRUE,TRUE,"uniform",FALSE,FALSE,FALSE,FALSE
504,"Detective Keith L Williams Park",5,8,16,TRUE,TRUE,"uniform",FALSE,FALSE,FALSE,FALSE
504,"Detective Keith L Williams Park",6,8,16,TRUE,TRUE,"uniform",FALSE,FALSE,FALSE,FALSE
504,"Detective Keith L Williams Park",7,8,16,TRUE,TRUE,"uniform",FALSE,FALSE,FALSE,FALSE
505,"173 St Playground",1,8,16,TRUE,TRUE,"uniform",FALSE,FALSE,FALSE,FALSE
505,"173 St Playground",2,8,16,TRUE,TRUE,"uniform",FALSE,FALSE,FALSE,FALSE
505,"173 St Playground",3,8,16,TRUE,TRUE,"uniform",FALSE,FALSE,FALSE,FALSE
505,"173 St Playground",4,8,16,TRUE,TRUE,"uniform",FALSE,FALSE,FALSE,FALSE
505,"173 St Playground",5,8,16,TRUE,TRUE,"uniform",FALSE,FALSE,FALSE,FALSE
505,"173 St Playground",6,8,16,TRUE,TRUE,"uniform",FALSE,FALSE,FALSE,FALSE
505,"173 St Playground",7,8,16,TRUE,TRUE,"uniform",FALSE,FALSE,FALSE,FALSE
506,"Francis Lewis Park",1,8,16,TRUE,TRUE,"uniform",FALSE,FALSE,FALSE,FALSE
506,"Francis Lewis Park",2,8,16,TRUE,TRUE,"uniform",FALSE,FALSE,FALSE,FALSE
506,"Francis Lewis Park",3,8,16,TRUE,TRUE,"uniform",FALSE,FALSE,FALSE,FALSE
506,"Francis Lewis Park",4,8,16,TRUE,TRUE,"uniform",FALSE,FALSE,FALSE,FALSE
506,"Francis Lewis Park",5,8,16,TRUE,TRUE,"uniform",FALSE,FALSE,FALSE,FALSE
506,"Francis Lewis Park",6,8,16,TRUE,TRUE,"uniform",FALSE,FALSE,FALSE,FALSE
506,"Francis Lewis Park",7,8,16,TRUE,TRUE,"uniform",FALSE,FALSE,FALSE,FALSE
507,"London Planetree Playground",1,8,16,TRUE,TRUE,"uniform",FALSE,FALSE,FALSE,FALSE
507,"London Planetree Playground",2,8,16,TRUE,TRUE,"uniform",FALSE,FALSE,FALSE,FALSE
507,"London Planetree Playground",3,8,16,TRUE,TRUE,"uniform",FALSE,FALSE,FALSE,FALSE
507,"London Planetree Playground",4,8,16,TRUE,TRUE,"uniform",FALSE,FALSE,FALSE,FALSE
507,"London Planetree Playground",5,8,16,TRUE,TRUE,"uniform",FALSE,FALSE,FALSE,FALSE
507,"London Planetree Playground",6,8,16,TRUE,TRUE,"uniform",FALSE,FALSE,FALSE,FALSE
507,"London Planetree Playground",7,8,16,TRUE,TRUE,"uniform",FALSE,FALSE,FALSE,FALSE
508,"Phil ""Scooter"" Rizzuto Park",1,8,16,TRUE,TRUE,"uniform",FALSE,FALSE,FALSE,FALSE
508,"Phil ""Scooter"" Rizzuto Park",2,8,16,TRUE,TRUE,"uniform",FALSE,FALSE,FALSE,FALSE
508,"Phil ""Scooter"" Rizzuto Park",3,8,16,TRUE,TRUE,"uniform",FALSE,FALSE,FALSE,FALSE
508,"Phil ""Scooter"" Rizzuto Park",4,8,16,TRUE,TRUE,"uniform",FALSE,FALSE,FALSE,FALSE
508,"Phil ""Scooter"" Rizzuto Park",5,8,16,TRUE,TRUE,"uniform",FALSE,FALSE,FALSE,FALSE
508,"Phil ""Scooter"" Rizzuto Park",6,8,16,TRUE,TRUE,"uniform",FALSE,FALSE,FALSE,FALSE
508,"Phil ""Scooter"" Rizzuto Park",7,8,16,TRUE,TRUE,"uniform",FALSE,FALSE,FALSE,FALSE
509,"Virginia Principe Playground",1,8,16,TRUE,TRUE,"uniform",FALSE,FALSE,FALSE,FALSE
509,"Virginia Principe Playground",2,8,16,TRUE,TRUE,"uniform",FALSE,FALSE,FALSE,FALSE
509,"Virginia Principe Playground",3,8,16,TRUE,TRUE,"uniform",FALSE,FALSE,FALSE,FALSE
509,"Virginia Principe Playground",4,8,16,TRUE,TRUE,"uniform",FALSE,FALSE,FALSE,FALSE
509,"Virginia Principe Playground",5,8,16,TRUE,TRUE,"uniform",FALSE,FALSE,FALSE,FALSE
509,"Virginia Principe Playground",6,8,16,TRUE,TRUE,"uniform",FALSE,FALSE,FALSE,FALSE
509,"Virginia Principe Playground",7,8,16,TRUE,TRUE,"uniform",FALSE,FALSE,FALSE,FALSE
510,"Murray Playground",1,8,16,TRUE,TRUE,"uniform",FALSE,FALSE,FALSE,FALSE
510,"Murray Playground",2,8,16,TRUE,TRUE,"uniform",FALSE,FALSE,FALSE,FALSE
510,"Murray Playground",3,8,16,TRUE,TRUE,"uniform",FALSE,FALSE,FALSE,FALSE
510,"Murray Playground",4,8,16,TRUE,TRUE,"uniform",FALSE,FALSE,FALSE,FALSE
510,"Murray Playground",5,8,16,TRUE,TRUE,"uniform",FALSE,FALSE,FALSE,FALSE
510,"Murray Playground",6,8,16,TRUE,TRUE,"uniform",FALSE,FALSE,FALSE,FALSE
510,"Murray Playground",7,8,16,TRUE,TRUE,"uniform",FALSE,FALSE,FALSE,FALSE
511,"Beach 59th St Playground",1,8,16,TRUE,TRUE,"uniform",FALSE,FALSE,FALSE,FALSE
511,"Beach 59th St Playground",2,8,16,TRUE,TRUE,"uniform",FALSE,FALSE,FALSE,FALSE
511,"Beach 59th St Playground",3,8,16,TRUE,TRUE,"uniform",FALSE,FALSE,FALSE,FALSE
511,"Beach 59th St Playground",4,8,16,TRUE,TRUE,"uniform",FALSE,FALSE,FALSE,FALSE
511,"Beach 59th St Playground",5,8,16,TRUE,TRUE,"uniform",FALSE,FALSE,FALSE,FALSE
511,"Beach 59th St Playground",6,8,16,TRUE,TRUE,"uniform",FALSE,FALSE,FALSE,FALSE
511,"Beach 59th St Playground",7,8,16,TRUE,TRUE,"uniform",FALSE,FALSE,FALSE,FALSE
512,"Beach 30th Street Playground",1,8,16,TRUE,TRUE,"uniform",FALSE,FALSE,FALSE,FALSE
512,"Beach 30th Street Playground",2,8,16,TRUE,TRUE,"uniform",FALSE,FALSE,FALSE,FALSE
512,"Beach 30th Street Playground",3,8,16,TRUE,TRUE,"uniform",FALSE,FALSE,FALSE,FALSE
512,"Beach 30th Street Playground",4,8,16,TRUE,TRUE,"uniform",FALSE,FALSE,FALSE,FALSE
512,"Beach 30th Street Playground",5,8,16,TRUE,TRUE,"uniform",FALSE,FALSE,FALSE,FALSE
512,"Beach 30th Street Playground",6,8,16,TRUE,TRUE,"uniform",FALSE,FALSE,FALSE,FALSE
512,"Beach 30th Street Playground",7,8,16,TRUE,TRUE,"uniform",FALSE,FALSE,FALSE,FALSE
513,"Beach 17 Playground",1,12,22,TRUE,TRUE,"uniform",FALSE,FALSE,FALSE,FALSE
513,"Beach 17 Playground",2,12,22,TRUE,TRUE,"uniform",FALSE,FALSE,FALSE,FALSE
513,"Beach 17 Playground",3,12,22,TRUE,TRUE,"uniform",FALSE,FALSE,FALSE,FALSE
513,"Beach 17 Playground",4,12,22,TRUE,TRUE,"uniform",FALSE,FALSE,FALSE,FALSE
513,"Beach 17 Playground",5,12,22,TRUE,TRUE,"uniform",FALSE,FALSE,FALSE,FALSE
513,"Beach 17 Playground",6,12,22,TRUE,TRUE,"uniform",FALSE,FALSE,FALSE,FALSE
513,"Beach 17 Playground",7,12,22,TRUE,TRUE,"uniform",FALSE,FALSE,FALSE,FALSE
514,"Beach 9 Playground",1,8,16,TRUE,TRUE,"uniform",FALSE,FALSE,FALSE,FALSE
514,"Beach 9 Playground",2,8,16,TRUE,TRUE,"uniform",FALSE,FALSE,FALSE,FALSE
514,"Beach 9 Playground",3,8,16,TRUE,TRUE,"uniform",FALSE,FALSE,FALSE,FALSE
514,"Beach 9 Playground",4,8,16,TRUE,TRUE,"uniform",FALSE,FALSE,FALSE,FALSE
514,"Beach 9 Playground",5,8,16,TRUE,TRUE,"uniform",FALSE,FALSE,FALSE,FALSE
514,"Beach 9 Playground",6,8,16,TRUE,TRUE,"uniform",FALSE,FALSE,FALSE,FALSE
514,"Beach 9 Playground",7,8,16,TRUE,TRUE,"uniform",FALSE,FALSE,FALSE,FALSE
515,"Rockaway Beach 04c",1,8,16,TRUE,TRUE,"uniform",FALSE,FALSE,FALSE,FALSE
515,"Rockaway Beach 04c",2,8,16,TRUE,TRUE,"uniform",FALSE,FALSE,FALSE,FALSE
515,"Rockaway Beach 04c",3,8,16,TRUE,TRUE,"uniform",FALSE,FALSE,FALSE,FALSE
515,"Rockaway Beach 04c",4,8,16,TRUE,TRUE,"uniform",FALSE,FALSE,FALSE,FALSE
515,"Rockaway Beach 04c",5,8,16,TRUE,TRUE,"uniform",FALSE,FALSE,FALSE,FALSE
515,"Rockaway Beach 04c",6,8,16,TRUE,TRUE,"uniform",FALSE,FALSE,FALSE,FALSE
515,"Rockaway Beach 04c",7,8,16,TRUE,TRUE,"uniform",FALSE,FALSE,FALSE,FALSE
516,"Rockaway Beach 05b",1,11,20,TRUE,TRUE,"uniform",FALSE,FALSE,FALSE,FALSE
516,"Rockaway Beach 05b",2,11,20,TRUE,TRUE,"uniform",FALSE,FALSE,FALSE,FALSE
516,"Rockaway Beach 05b",3,11,20,TRUE,TRUE,"uniform",FALSE,FALSE,FALSE,FALSE
516,"Rockaway Beach 05b",4,11,20,TRUE,TRUE,"uniform",FALSE,FALSE,FALSE,FALSE
516,"Rockaway Beach 05b",5,11,20,TRUE,TRUE,"uniform",FALSE,FALSE,FALSE,FALSE
516,"Rockaway Beach 05b",6,11,20,TRUE,TRUE,"uniform",FALSE,FALSE,FALSE,FALSE
516,"Rockaway Beach 05b",7,11,20,TRUE,TRUE,"uniform",FALSE,FALSE,FALSE,FALSE
517,"Rockaway Beach 06b",1,8,16,TRUE,TRUE,"uniform",FALSE,FALSE,FALSE,FALSE
517,"Rockaway Beach 06b",2,8,16,TRUE,TRUE,"uniform",FALSE,FALSE,FALSE,FALSE
517,"Rockaway Beach 06b",3,8,16,TRUE,TRUE,"uniform",FALSE,FALSE,FALSE,FALSE
517,"Rockaway Beach 06b",4,8,16,TRUE,TRUE,"uniform",FALSE,FALSE,FALSE,FALSE
517,"Rockaway Beach 06b",5,8,16,TRUE,TRUE,"uniform",FALSE,FALSE,FALSE,FALSE
517,"Rockaway Beach 06b",6,8,16,TRUE,TRUE,"uniform",FALSE,FALSE,FALSE,FALSE
517,"Rockaway Beach 06b",7,8,16,TRUE,TRUE,"uniform",FALSE,FALSE,FALSE,FALSE
518,"Rockaway Beach 07b",1,8,16,TRUE,TRUE,"uniform",FALSE,FALSE,FALSE,FALSE
518,"Rockaway Beach 07b",2,8,16,TRUE,TRUE,"uniform",FALSE,FALSE,FALSE,FALSE
518,"Rockaway Beach 07b",3,8,16,TRUE,TRUE,"uniform",FALSE,FALSE,FALSE,FALSE
518,"Rockaway Beach 07b",4,8,16,TRUE,TRUE,"uniform",FALSE,FALSE,FALSE,FALSE
518,"Rockaway Beach 07b",5,8,16,TRUE,TRUE,"uniform",FALSE,FALSE,FALSE,FALSE
518,"Rockaway Beach 07b",6,8,16,TRUE,TRUE,"uniform",FALSE,FALSE,FALSE,FALSE
518,"Rockaway Beach 07b",7,8,16,TRUE,TRUE,"uniform",FALSE,FALSE,FALSE,FALSE
519,"Big Bush Playground",1,8,16,TRUE,TRUE,"uniform",FALSE,FALSE,FALSE,FALSE
519,"Big Bush Playground",2,8,16,TRUE,TRUE,"uniform",FALSE,FALSE,FALSE,FALSE
519,"Big Bush Playground",3,8,16,TRUE,TRUE,"uniform",FALSE,FALSE,FALSE,FALSE
519,"Big Bush Playground",4,8,16,TRUE,TRUE,"uniform",FALSE,FALSE,FALSE,FALSE
519,"Big Bush Playground",5,8,16,TRUE,TRUE,"uniform",FALSE,FALSE,FALSE,FALSE
519,"Big Bush Playground",6,8,16,TRUE,TRUE,"uniform",FALSE,FALSE,FALSE,FALSE
519,"Big Bush Playground",7,8,16,TRUE,TRUE,"uniform",FALSE,FALSE,FALSE,FALSE
520,"Maple Playground",1,8,16,TRUE,TRUE,"uniform",FALSE,FALSE,FALSE,FALSE
520,"Maple Playground",2,8,16,TRUE,TRUE,"uniform",FALSE,FALSE,FALSE,FALSE
520,"Maple Playground",3,8,16,TRUE,TRUE,"uniform",FALSE,FALSE,FALSE,FALSE
520,"Maple Playground",4,8,16,TRUE,TRUE,"uniform",FALSE,FALSE,FALSE,FALSE
520,"Maple Playground",5,8,16,TRUE,TRUE,"uniform",FALSE,FALSE,FALSE,FALSE
520,"Maple Playground",6,8,16,TRUE,TRUE,"uniform",FALSE,FALSE,FALSE,FALSE
520,"Maple Playground",7,8,16,TRUE,TRUE,"uniform",FALSE,FALSE,FALSE,FALSE
521,"Queens Valley Playground",1,8,16,TRUE,TRUE,"uniform",FALSE,FALSE,FALSE,FALSE
521,"Queens Valley Playground",2,8,16,TRUE,TRUE,"uniform",FALSE,FALSE,FALSE,FALSE
521,"Queens Valley Playground",3,8,16,TRUE,TRUE,"uniform",FALSE,FALSE,FALSE,FALSE
521,"Queens Valley Playground",4,8,16,TRUE,TRUE,"uniform",FALSE,FALSE,FALSE,FALSE
521,"Queens Valley Playground",5,8,16,TRUE,TRUE,"uniform",FALSE,FALSE,FALSE,FALSE
521,"Queens Valley Playground",6,8,16,TRUE,TRUE,"uniform",FALSE,FALSE,FALSE,FALSE
521,"Queens Valley Playground",7,8,16,TRUE,TRUE,"uniform",FALSE,FALSE,FALSE,FALSE
522,"Dutch Kills Playground",1,8,16,TRUE,TRUE,"uniform",FALSE,FALSE,FALSE,FALSE
522,"Dutch Kills Playground",2,8,16,TRUE,TRUE,"uniform",FALSE,FALSE,FALSE,FALSE
522,"Dutch Kills Playground",3,8,16,TRUE,TRUE,"uniform",FALSE,FALSE,FALSE,FALSE
522,"Dutch Kills Playground",4,8,16,TRUE,TRUE,"uniform",FALSE,FALSE,FALSE,FALSE
522,"Dutch Kills Playground",5,8,16,TRUE,TRUE,"uniform",FALSE,FALSE,FALSE,FALSE
522,"Dutch Kills Playground",6,8,16,TRUE,TRUE,"uniform",FALSE,FALSE,FALSE,FALSE
522,"Dutch Kills Playground",7,8,16,TRUE,TRUE,"uniform",FALSE,FALSE,FALSE,FALSE
523,"Dr. Charles R. Drew Park",1,8,16,TRUE,TRUE,"uniform",FALSE,FALSE,FALSE,FALSE
523,"Dr. Charles R. Drew Park",2,8,16,TRUE,TRUE,"uniform",FALSE,FALSE,FALSE,FALSE
523,"Dr. Charles R. Drew Park",3,8,16,TRUE,TRUE,"uniform",FALSE,FALSE,FALSE,FALSE
523,"Dr. Charles R. Drew Park",4,8,16,TRUE,TRUE,"uniform",FALSE,FALSE,FALSE,FALSE
523,"Dr. Charles R. Drew Park",5,8,16,TRUE,TRUE,"uniform",FALSE,FALSE,FALSE,FALSE
523,"Dr. Charles R. Drew Park",6,8,16,TRUE,TRUE,"uniform",FALSE,FALSE,FALSE,FALSE
523,"Dr. Charles R. Drew Park",7,8,16,TRUE,TRUE,"uniform",FALSE,FALSE,FALSE,FALSE
524,"Hoover - Manton Playgrounds",1,8,16,TRUE,TRUE,"uniform",FALSE,FALSE,FALSE,FALSE
524,"Hoover - Manton Playgrounds",2,8,16,TRUE,TRUE,"uniform",FALSE,FALSE,FALSE,FALSE
524,"Hoover - Manton Playgrounds",3,8,16,TRUE,TRUE,"uniform",FALSE,FALSE,FALSE,FALSE
524,"Hoover - Manton Playgrounds",4,8,16,TRUE,TRUE,"uniform",FALSE,FALSE,FALSE,FALSE
524,"Hoover - Manton Playgrounds",5,8,16,TRUE,TRUE,"uniform",FALSE,FALSE,FALSE,FALSE
524,"Hoover - Manton Playgrounds",6,8,16,TRUE,TRUE,"uniform",FALSE,FALSE,FALSE,FALSE
524,"Hoover - Manton Playgrounds",7,8,16,TRUE,TRUE,"uniform",FALSE,FALSE,FALSE,FALSE
525,"Farm Playground",1,8,16,TRUE,TRUE,"uniform",FALSE,FALSE,FALSE,FALSE
525,"Farm Playground",2,8,16,TRUE,TRUE,"uniform",FALSE,FALSE,FALSE,FALSE
525,"Farm Playground",3,8,16,TRUE,TRUE,"uniform",FALSE,FALSE,FALSE,FALSE
525,"Farm Playground",4,8,16,TRUE,TRUE,"uniform",FALSE,FALSE,FALSE,FALSE
525,"Farm Playground",5,8,16,TRUE,TRUE,"uniform",FALSE,FALSE,FALSE,FALSE
525,"Farm Playground",6,8,16,TRUE,TRUE,"uniform",FALSE,FALSE,FALSE,FALSE
525,"Farm Playground",7,8,16,TRUE,TRUE,"uniform",FALSE,FALSE,FALSE,FALSE
526,"Hallets Cove Playground (area A)",1,8,16,TRUE,TRUE,"uniform",FALSE,FALSE,FALSE,FALSE
526,"Hallets Cove Playground (area A)",2,8,16,TRUE,TRUE,"uniform",FALSE,FALSE,FALSE,FALSE
526,"Hallets Cove Playground (area A)",3,8,16,TRUE,TRUE,"uniform",FALSE,FALSE,FALSE,FALSE
526,"Hallets Cove Playground (area A)",4,8,16,TRUE,TRUE,"uniform",FALSE,FALSE,FALSE,FALSE
526,"Hallets Cove Playground (area A)",5,8,16,TRUE,TRUE,"uniform",FALSE,FALSE,FALSE,FALSE
526,"Hallets Cove Playground (area A)",6,8,16,TRUE,TRUE,"uniform",FALSE,FALSE,FALSE,FALSE
526,"Hallets Cove Playground (area A)",7,8,16,TRUE,TRUE,"uniform",FALSE,FALSE,FALSE,FALSE
527,"Westbourne Playground",1,8,16,TRUE,TRUE,"uniform",FALSE,FALSE,FALSE,FALSE
527,"Westbourne Playground",2,8,16,TRUE,TRUE,"uniform",FALSE,FALSE,FALSE,FALSE
527,"Westbourne Playground",3,8,16,TRUE,TRUE,"uniform",FALSE,FALSE,FALSE,FALSE
527,"Westbourne Playground",4,8,16,TRUE,TRUE,"uniform",FALSE,FALSE,FALSE,FALSE
527,"Westbourne Playground",5,8,16,TRUE,TRUE,"uniform",FALSE,FALSE,FALSE,FALSE
527,"Westbourne Playground",6,8,16,TRUE,TRUE,"uniform",FALSE,FALSE,FALSE,FALSE
527,"Westbourne Playground",7,8,16,TRUE,TRUE,"uniform",FALSE,FALSE,FALSE,FALSE
528,"Saul Weprin Playground",1,8,16,TRUE,TRUE,"uniform",FALSE,FALSE,FALSE,FALSE
528,"Saul Weprin Playground",2,8,16,TRUE,TRUE,"uniform",FALSE,FALSE,FALSE,FALSE
528,"Saul Weprin Playground",3,8,16,TRUE,TRUE,"uniform",FALSE,FALSE,FALSE,FALSE
528,"Saul Weprin Playground",4,8,16,TRUE,TRUE,"uniform",FALSE,FALSE,FALSE,FALSE
528,"Saul Weprin Playground",5,8,16,TRUE,TRUE,"uniform",FALSE,FALSE,FALSE,FALSE
528,"Saul Weprin Playground",6,8,16,TRUE,TRUE,"uniform",FALSE,FALSE,FALSE,FALSE
528,"Saul Weprin Playground",7,8,16,TRUE,TRUE,"uniform",FALSE,FALSE,FALSE,FALSE
529,"Silent Springs Playground",1,8,16,TRUE,TRUE,"uniform",FALSE,FALSE,FALSE,FALSE
529,"Silent Springs Playground",2,8,16,TRUE,TRUE,"uniform",FALSE,FALSE,FALSE,FALSE
529,"Silent Springs Playground",3,8,16,TRUE,TRUE,"uniform",FALSE,FALSE,FALSE,FALSE
529,"Silent Springs Playground",4,8,16,TRUE,TRUE,"uniform",FALSE,FALSE,FALSE,FALSE
529,"Silent Springs Playground",5,8,16,TRUE,TRUE,"uniform",FALSE,FALSE,FALSE,FALSE
529,"Silent Springs Playground",6,8,16,TRUE,TRUE,"uniform",FALSE,FALSE,FALSE,FALSE
529,"Silent Springs Playground",7,8,16,TRUE,TRUE,"uniform",FALSE,FALSE,FALSE,FALSE
530,"Orchard Bch. Pavilion",1,8,16,TRUE,TRUE,"uniform",FALSE,FALSE,FALSE,FALSE
530,"Orchard Bch. Pavilion",2,8,16,TRUE,TRUE,"uniform",FALSE,FALSE,FALSE,FALSE
530,"Orchard Bch. Pavilion",3,8,16,TRUE,TRUE,"uniform",FALSE,FALSE,FALSE,FALSE
530,"Orchard Bch. Pavilion",4,8,16,TRUE,TRUE,"uniform",FALSE,FALSE,FALSE,FALSE
530,"Orchard Bch. Pavilion",5,8,16,TRUE,TRUE,"uniform",FALSE,FALSE,FALSE,FALSE
530,"Orchard Bch. Pavilion",6,8,16,TRUE,TRUE,"uniform",FALSE,FALSE,FALSE,FALSE
530,"Orchard Bch. Pavilion",7,8,16,TRUE,TRUE,"uniform",FALSE,FALSE,FALSE,FALSE
531,"Ella Fitzgerald Playground",1,8,16,TRUE,TRUE,"uniform",FALSE,FALSE,FALSE,FALSE
531,"Ella Fitzgerald Playground",2,8,16,TRUE,TRUE,"uniform",FALSE,FALSE,FALSE,FALSE
531,"Ella Fitzgerald Playground",3,8,16,TRUE,TRUE,"uniform",FALSE,FALSE,FALSE,FALSE
531,"Ella Fitzgerald Playground",4,8,16,TRUE,TRUE,"uniform",FALSE,FALSE,FALSE,FALSE
531,"Ella Fitzgerald Playground",5,8,16,TRUE,TRUE,"uniform",FALSE,FALSE,FALSE,FALSE
531,"Ella Fitzgerald Playground",6,8,16,TRUE,TRUE,"uniform",FALSE,FALSE,FALSE,FALSE
531,"Ella Fitzgerald Playground",7,8,16,TRUE,TRUE,"uniform",FALSE,FALSE,FALSE,FALSE
532,"Holy Cow Playground",1,8,16,TRUE,TRUE,"uniform",FALSE,FALSE,FALSE,FALSE
532,"Holy Cow Playground",2,8,16,TRUE,TRUE,"uniform",FALSE,FALSE,FALSE,FALSE
532,"Holy Cow Playground",3,8,16,TRUE,TRUE,"uniform",FALSE,FALSE,FALSE,FALSE
532,"Holy Cow Playground",4,8,16,TRUE,TRUE,"uniform",FALSE,FALSE,FALSE,FALSE
532,"Holy Cow Playground",5,8,16,TRUE,TRUE,"uniform",FALSE,FALSE,FALSE,FALSE
532,"Holy Cow Playground",6,8,16,TRUE,TRUE,"uniform",FALSE,FALSE,FALSE,FALSE
532,"Holy Cow Playground",7,8,16,TRUE,TRUE,"uniform",FALSE,FALSE,FALSE,FALSE
533,"Orchard Bch. Pavilion",1,8,16,TRUE,TRUE,"uniform",FALSE,FALSE,FALSE,FALSE
533,"Orchard Bch. Pavilion",2,8,16,TRUE,TRUE,"uniform",FALSE,FALSE,FALSE,FALSE
533,"Orchard Bch. Pavilion",3,8,16,TRUE,TRUE,"uniform",FALSE,FALSE,FALSE,FALSE
533,"Orchard Bch. Pavilion",4,8,16,TRUE,TRUE,"uniform",FALSE,FALSE,FALSE,FALSE
533,"Orchard Bch. Pavilion",5,8,16,TRUE,TRUE,"uniform",FALSE,FALSE,FALSE,FALSE
533,"Orchard Bch. Pavilion",6,8,16,TRUE,TRUE,"uniform",FALSE,FALSE,FALSE,FALSE
533,"Orchard Bch. Pavilion",7,8,16,TRUE,TRUE,"uniform",FALSE,FALSE,FALSE,FALSE
534,"Evergreen Park",1,8,16,TRUE,TRUE,"uniform",FALSE,FALSE,FALSE,FALSE
534,"Evergreen Park",2,8,16,TRUE,TRUE,"uniform",FALSE,FALSE,FALSE,FALSE
534,"Evergreen Park",3,8,16,TRUE,TRUE,"uniform",FALSE,FALSE,FALSE,FALSE
534,"Evergreen Park",4,8,16,TRUE,TRUE,"uniform",FALSE,FALSE,FALSE,FALSE
534,"Evergreen Park",5,8,16,TRUE,TRUE,"uniform",FALSE,FALSE,FALSE,FALSE
534,"Evergreen Park",6,8,16,TRUE,TRUE,"uniform",FALSE,FALSE,FALSE,FALSE
534,"Evergreen Park",7,8,16,TRUE,TRUE,"uniform",FALSE,FALSE,FALSE,FALSE
535,"Travers Park",1,8,16,TRUE,TRUE,"uniform",FALSE,FALSE,FALSE,FALSE
535,"Travers Park",2,8,16,TRUE,TRUE,"uniform",FALSE,FALSE,FALSE,FALSE
535,"Travers Park",3,8,16,TRUE,TRUE,"uniform",FALSE,FALSE,FALSE,FALSE
535,"Travers Park",4,8,16,TRUE,TRUE,"uniform",FALSE,FALSE,FALSE,FALSE
535,"Travers Park",5,8,16,TRUE,TRUE,"uniform",FALSE,FALSE,FALSE,FALSE
535,"Travers Park",6,8,16,TRUE,TRUE,"uniform",FALSE,FALSE,FALSE,FALSE
535,"Travers Park",7,8,16,TRUE,TRUE,"uniform",FALSE,FALSE,FALSE,FALSE
536,"Ehrenreich-Austin Playground",1,8,16,TRUE,TRUE,"uniform",FALSE,FALSE,FALSE,FALSE
536,"Ehrenreich-Austin Playground",2,8,16,TRUE,TRUE,"uniform",FALSE,FALSE,FALSE,FALSE
536,"Ehrenreich-Austin Playground",3,8,16,TRUE,TRUE,"uniform",FALSE,FALSE,FALSE,FALSE
536,"Ehrenreich-Austin Playground",4,8,16,TRUE,TRUE,"uniform",FALSE,FALSE,FALSE,FALSE
536,"Ehrenreich-Austin Playground",5,8,16,TRUE,TRUE,"uniform",FALSE,FALSE,FALSE,FALSE
536,"Ehrenreich-Austin Playground",6,8,16,TRUE,TRUE,"uniform",FALSE,FALSE,FALSE,FALSE
536,"Ehrenreich-Austin Playground",7,8,16,TRUE,TRUE,"uniform",FALSE,FALSE,FALSE,FALSE
537,"Mafera Park",1,8,16,TRUE,TRUE,"uniform",FALSE,FALSE,FALSE,FALSE
537,"Mafera Park",2,8,16,TRUE,TRUE,"uniform",FALSE,FALSE,FALSE,FALSE
537,"Mafera Park",3,8,16,TRUE,TRUE,"uniform",FALSE,FALSE,FALSE,FALSE
537,"Mafera Park",4,8,16,TRUE,TRUE,"uniform",FALSE,FALSE,FALSE,FALSE
537,"Mafera Park",5,8,16,TRUE,TRUE,"uniform",FALSE,FALSE,FALSE,FALSE
537,"Mafera Park",6,8,16,TRUE,TRUE,"uniform",FALSE,FALSE,FALSE,FALSE
537,"Mafera Park",7,8,16,TRUE,TRUE,"uniform",FALSE,FALSE,FALSE,FALSE
538,"The Painter's Playground",1,,,,FALSE,"blank",,,FALSE,
538,"The Painter's Playground",2,,,,FALSE,"blank",,,FALSE,
538,"The Painter's Playground",3,,,,FALSE,"blank",,,FALSE,
538,"The Painter's Playground",4,,,,FALSE,"blank",,,FALSE,
538,"The Painter's Playground",5,,,,FALSE,"blank",,,FALSE,
538,"The Painter's Playground",6,,,,FALSE,"blank",,,FALSE,
538,"The Painter's Playground",7,,,,FALSE,"blank",,,FALSE,
539,"Delphin H. Greene Playground",1,8,16,TRUE,TRUE,"uniform",FALSE,FALSE,FALSE,FALSE
539,"Delphin H. Greene Playground",2,8,16,TRUE,TRUE,"uniform",FALSE,FALSE,FALSE,FALSE
539,"Delphin H. Greene Playground",3,8,16,TRUE,TRUE,"uniform",FALSE,FALSE,FALSE,FALSE
539,"Delphin H. Greene Playground",4,8,16,TRUE,TRUE,"uniform",FALSE,FALSE,FALSE,FALSE
539,"Delphin H. Greene Playground",5,8,16,TRUE,TRUE,"uniform",FALSE,FALSE,FALSE,FALSE
539,"Delphin H. Greene Playground",6,8,16,TRUE,TRUE,"uniform",FALSE,FALSE,FALSE,FALSE
539,"Delphin H. Greene Playground",7,8,16,TRUE,TRUE,"uniform",FALSE,FALSE,FALSE,FALSE
540,"Playground",1,8,16,TRUE,TRUE,"uniform",FALSE,FALSE,FALSE,FALSE
540,"Playground",2,8,16,TRUE,TRUE,"uniform",FALSE,FALSE,FALSE,FALSE
540,"Playground",3,8,16,TRUE,TRUE,"uniform",FALSE,FALSE,FALSE,FALSE
540,"Playground",4,8,16,TRUE,TRUE,"uniform",FALSE,FALSE,FALSE,FALSE
540,"Playground",5,8,16,TRUE,TRUE,"uniform",FALSE,FALSE,FALSE,FALSE
540,"Playground",6,8,16,TRUE,TRUE,"uniform",FALSE,FALSE,FALSE,FALSE
540,"Playground",7,8,16,TRUE,TRUE,"uniform",FALSE,FALSE,FALSE,FALSE
541,"Tall Oak Playground",1,8,16,TRUE,TRUE,"uniform",FALSE,FALSE,FALSE,FALSE
541,"Tall Oak Playground",2,8,16,TRUE,TRUE,"uniform",FALSE,FALSE,FALSE,FALSE
541,"Tall Oak Playground",3,8,16,TRUE,TRUE,"uniform",FALSE,FALSE,FALSE,FALSE
541,"Tall Oak Playground",4,8,16,TRUE,TRUE,"uniform",FALSE,FALSE,FALSE,FALSE
541,"Tall Oak Playground",5,8,16,TRUE,TRUE,"uniform",FALSE,FALSE,FALSE,FALSE
541,"Tall Oak Playground",6,8,16,TRUE,TRUE,"uniform",FALSE,FALSE,FALSE,FALSE
541,"Tall Oak Playground",7,8,16,TRUE,TRUE,"uniform",FALSE,FALSE,FALSE,FALSE
542,"Playground Eighty LXXX",1,8,16,TRUE,TRUE,"uniform",FALSE,FALSE,FALSE,FALSE
542,"Playground Eighty LXXX",2,8,16,TRUE,TRUE,"uniform",FALSE,FALSE,FALSE,FALSE
542,"Playground Eighty LXXX",3,8,16,TRUE,TRUE,"uniform",FALSE,FALSE,FALSE,FALSE
542,"Playground Eighty LXXX",4,8,16,TRUE,TRUE,"uniform",FALSE,FALSE,FALSE,FALSE
542,"Playground Eighty LXXX",5,8,16,TRUE,TRUE,"uniform",FALSE,FALSE,FALSE,FALSE
542,"Playground Eighty LXXX",6,8,16,TRUE,TRUE,"uniform",FALSE,FALSE,FALSE,FALSE
542,"Playground Eighty LXXX",7,8,16,TRUE,TRUE,"uniform",FALSE,FALSE,FALSE,FALSE
543,"Annadale Playground",1,8,16,TRUE,TRUE,"uniform",FALSE,FALSE,FALSE,FALSE
543,"Annadale Playground",2,8,16,TRUE,TRUE,"uniform",FALSE,FALSE,FALSE,FALSE
543,"Annadale Playground",3,8,16,TRUE,TRUE,"uniform",FALSE,FALSE,FALSE,FALSE
543,"Annadale Playground",4,8,16,TRUE,TRUE,"uniform",FALSE,FALSE,FALSE,FALSE
543,"Annadale Playground",5,8,16,TRUE,TRUE,"uniform",FALSE,FALSE,FALSE,FALSE
543,"Annadale Playground",6,8,16,TRUE,TRUE,"uniform",FALSE,FALSE,FALSE,FALSE
543,"Annadale Playground",7,8,16,TRUE,TRUE,"uniform",FALSE,FALSE,FALSE,FALSE
544,"Vleigh Playground",1,8,16,TRUE,TRUE,"uniform",FALSE,FALSE,FALSE,FALSE
544,"Vleigh Playground",2,8,16,TRUE,TRUE,"uniform",FALSE,FALSE,FALSE,FALSE
544,"Vleigh Playground",3,8,16,TRUE,TRUE,"uniform",FALSE,FALSE,FALSE,FALSE
544,"Vleigh Playground",4,8,16,TRUE,TRUE,"uniform",FALSE,FALSE,FALSE,FALSE
544,"Vleigh Playground",5,8,16,TRUE,TRUE,"uniform",FALSE,FALSE,FALSE,FALSE
544,"Vleigh Playground",6,8,16,TRUE,TRUE,"uniform",FALSE,FALSE,FALSE,FALSE
544,"Vleigh Playground",7,8,16,TRUE,TRUE,"uniform",FALSE,FALSE,FALSE,FALSE
545,"Bellaire Playground",1,8,16,TRUE,TRUE,"uniform",FALSE,FALSE,FALSE,FALSE
545,"Bellaire Playground",2,8,16,TRUE,TRUE,"uniform",FALSE,FALSE,FALSE,FALSE
545,"Bellaire Playground",3,8,16,TRUE,TRUE,"uniform",FALSE,FALSE,FALSE,FALSE
545,"Bellaire Playground",4,8,16,TRUE,TRUE,"uniform",FALSE,FALSE,FALSE,FALSE
545,"Bellaire Playground",5,8,16,TRUE,TRUE,"uniform",FALSE,FALSE,FALSE,FALSE
545,"Bellaire Playground",6,8,16,TRUE,TRUE,"uniform",FALSE,FALSE,FALSE,FALSE
545,"Bellaire Playground",7,8,16,TRUE,TRUE,"uniform",FALSE,FALSE,FALSE,FALSE
546,"Castlewood Playground",1,8,16,TRUE,TRUE,"uniform",FALSE,FALSE,FALSE,FALSE
546,"Castlewood Playground",2,8,16,TRUE,TRUE,"uniform",FALSE,FALSE,FALSE,FALSE
546,"Castlewood Playground",3,8,16,TRUE,TRUE,"uniform",FALSE,FALSE,FALSE,FALSE
546,"Castlewood Playground",4,8,16,TRUE,TRUE,"uniform",FALSE,FALSE,FALSE,FALSE
546,"Castlewood Playground",5,8,16,TRUE,TRUE,"uniform",FALSE,FALSE,FALSE,FALSE
546,"Castlewood Playground",6,8,16,TRUE,TRUE,"uniform",FALSE,FALSE,FALSE,FALSE
546,"Castlewood Playground",7,8,16,TRUE,TRUE,"uniform",FALSE,FALSE,FALSE,FALSE
547,"Bellerose Playground",1,8,16,TRUE,TRUE,"uniform",FALSE,FALSE,FALSE,FALSE
547,"Bellerose Playground",2,8,16,TRUE,TRUE,"uniform",FALSE,FALSE,FALSE,FALSE
547,"Bellerose Playground",3,8,16,TRUE,TRUE,"uniform",FALSE,FALSE,FALSE,FALSE
547,"Bellerose Playground",4,8,16,TRUE,TRUE,"uniform",FALSE,FALSE,FALSE,FALSE
547,"Bellerose Playground",5,8,16,TRUE,TRUE,"uniform",FALSE,FALSE,FALSE,FALSE
547,"Bellerose Playground",6,8,16,TRUE,TRUE,"uniform",FALSE,FALSE,FALSE,FALSE
547,"Bellerose Playground",7,8,16,TRUE,TRUE,"uniform",FALSE,FALSE,FALSE,FALSE
548,"Pomonok Playground",1,8,16,TRUE,TRUE,"uniform",FALSE,FALSE,FALSE,FALSE
548,"Pomonok Playground",2,8,16,TRUE,TRUE,"uniform",FALSE,FALSE,FALSE,FALSE
548,"Pomonok Playground",3,8,16,TRUE,TRUE,"uniform",FALSE,FALSE,FALSE,FALSE
548,"Pomonok Playground",4,8,16,TRUE,TRUE,"uniform",FALSE,FALSE,FALSE,FALSE
548,"Pomonok Playground",5,8,16,TRUE,TRUE,"uniform",FALSE,FALSE,FALSE,FALSE
548,"Pomonok Playground",6,8,16,TRUE,TRUE,"uniform",FALSE,FALSE,FALSE,FALSE
548,"Pomonok Playground",7,8,16,TRUE,TRUE,"uniform",FALSE,FALSE,FALSE,FALSE
549,"Locust Manor Playground",1,8,16,TRUE,TRUE,"uniform",FALSE,FALSE,FALSE,FALSE
549,"Locust Manor Playground",2,8,16,TRUE,TRUE,"uniform",FALSE,FALSE,FALSE,FALSE
549,"Locust Manor Playground",3,8,16,TRUE,TRUE,"uniform",FALSE,FALSE,FALSE,FALSE
549,"Locust Manor Playground",4,8,16,TRUE,TRUE,"uniform",FALSE,FALSE,FALSE,FALSE
549,"Locust Manor Playground",5,8,16,TRUE,TRUE,"uniform",FALSE,FALSE,FALSE,FALSE
549,"Locust Manor Playground",6,8,16,TRUE,TRUE,"uniform",FALSE,FALSE,FALSE,FALSE
549,"Locust Manor Playground",7,8,16,TRUE,TRUE,"uniform",FALSE,FALSE,FALSE,FALSE
550,"Woodtree Playground",1,,,,FALSE,"blank",,,FALSE,
550,"Woodtree Playground",2,,,,FALSE,"blank",,,FALSE,
550,"Woodtree Playground",3,,,,FALSE,"blank",,,FALSE,
550,"Woodtree Playground",4,,,,FALSE,"blank",,,FALSE,
550,"Woodtree Playground",5,,,,FALSE,"blank",,,FALSE,
550,"Woodtree Playground",6,,,,FALSE,"blank",,,FALSE,
550,"Woodtree Playground",7,,,,FALSE,"blank",,,FALSE,
551,"Russell Sage Playground",1,8,16,TRUE,TRUE,"uniform",FALSE,FALSE,FALSE,FALSE
551,"Russell Sage Playground",2,8,16,TRUE,TRUE,"uniform",FALSE,FALSE,FALSE,FALSE
551,"Russell Sage Playground",3,8,16,TRUE,TRUE,"uniform",FALSE,FALSE,FALSE,FALSE
551,"Russell Sage Playground",4,8,16,TRUE,TRUE,"uniform",FALSE,FALSE,FALSE,FALSE
551,"Russell Sage Playground",5,8,16,TRUE,TRUE,"uniform",FALSE,FALSE,FALSE,FALSE
551,"Russell Sage Playground",6,8,16,TRUE,TRUE,"uniform",FALSE,FALSE,FALSE,FALSE
551,"Russell Sage Playground",7,8,16,TRUE,TRUE,"uniform",FALSE,FALSE,FALSE,FALSE
552,"Maurice A FitzGerald Playground",1,8,16,TRUE,TRUE,"uniform",FALSE,FALSE,FALSE,FALSE
552,"Maurice A FitzGerald Playground",2,8,16,TRUE,TRUE,"uniform",FALSE,FALSE,FALSE,FALSE
552,"Maurice A FitzGerald Playground",3,8,16,TRUE,TRUE,"uniform",FALSE,FALSE,FALSE,FALSE
552,"Maurice A FitzGerald Playground",4,8,16,TRUE,TRUE,"uniform",FALSE,FALSE,FALSE,FALSE
552,"Maurice A FitzGerald Playground",5,8,16,TRUE,TRUE,"uniform",FALSE,FALSE,FALSE,FALSE
552,"Maurice A FitzGerald Playground",6,8,16,TRUE,TRUE,"uniform",FALSE,FALSE,FALSE,FALSE
552,"Maurice A FitzGerald Playground",7,8,16,TRUE,TRUE,"uniform",FALSE,FALSE,FALSE,FALSE
553,"Admiral Playground",1,8,16,TRUE,TRUE,"uniform",FALSE,FALSE,FALSE,FALSE
553,"Admiral Playground",2,8,16,TRUE,TRUE,"uniform",FALSE,FALSE,FALSE,FALSE
553,"Admiral Playground",3,8,16,TRUE,TRUE,"uniform",FALSE,FALSE,FALSE,FALSE
553,"Admiral Playground",4,8,16,TRUE,TRUE,"uniform",FALSE,FALSE,FALSE,FALSE
553,"Admiral Playground",5,8,16,TRUE,TRUE,"uniform",FALSE,FALSE,FALSE,FALSE
553,"Admiral Playground",6,8,16,TRUE,TRUE,"uniform",FALSE,FALSE,FALSE,FALSE
553,"Admiral Playground",7,8,16,TRUE,TRUE,"uniform",FALSE,FALSE,FALSE,FALSE
554,"Cambria Playground",1,8,16,TRUE,TRUE,"uniform",FALSE,FALSE,FALSE,FALSE
554,"Cambria Playground",2,8,16,TRUE,TRUE,"uniform",FALSE,FALSE,FALSE,FALSE
554,"Cambria Playground",3,8,16,TRUE,TRUE,"uniform",FALSE,FALSE,FALSE,FALSE
554,"Cambria Playground",4,8,16,TRUE,TRUE,"uniform",FALSE,FALSE,FALSE,FALSE
554,"Cambria Playground",5,8,16,TRUE,TRUE,"uniform",FALSE,FALSE,FALSE,FALSE
554,"Cambria Playground",6,8,16,TRUE,TRUE,"uniform",FALSE,FALSE,FALSE,FALSE
554,"Cambria Playground",7,8,16,TRUE,TRUE,"uniform",FALSE,FALSE,FALSE,FALSE
555,"Torsney Playground",1,8,16,TRUE,TRUE,"uniform",FALSE,FALSE,FALSE,FALSE
555,"Torsney Playground",2,8,16,TRUE,TRUE,"uniform",FALSE,FALSE,FALSE,FALSE
555,"Torsney Playground",3,8,16,TRUE,TRUE,"uniform",FALSE,FALSE,FALSE,FALSE
555,"Torsney Playground",4,8,16,TRUE,TRUE,"uniform",FALSE,FALSE,FALSE,FALSE
555,"Torsney Playground",5,8,16,TRUE,TRUE,"uniform",FALSE,FALSE,FALSE,FALSE
555,"Torsney Playground",6,8,16,TRUE,TRUE,"uniform",FALSE,FALSE,FALSE,FALSE
555,"Torsney Playground",7,8,16,TRUE,TRUE,"uniform",FALSE,FALSE,FALSE,FALSE
556,"Electric Playground",1,8,16,TRUE,TRUE,"uniform",FALSE,FALSE,FALSE,FALSE
556,"Electric Playground",2,8,16,TRUE,TRUE,"uniform",FALSE,FALSE,FALSE,FALSE
556,"Electric Playground",3,8,16,TRUE,TRUE,"uniform",FALSE,FALSE,FALSE,FALSE
556,"Electric Playground",4,8,16,TRUE,TRUE,"uniform",FALSE,FALSE,FALSE,FALSE
556,"Electric Playground",5,8,16,TRUE,TRUE,"uniform",FALSE,FALSE,FALSE,FALSE
556,"Electric Playground",6,8,16,TRUE,TRUE,"uniform",FALSE,FALSE,FALSE,FALSE
556,"Electric Playground",7,8,16,TRUE,TRUE,"uniform",FALSE,FALSE,FALSE,FALSE
557,"Whitestone Playground",1,8,16,TRUE,TRUE,"uniform",FALSE,FALSE,FALSE,FALSE
557,"Whitestone Playground",2,8,16,TRUE,TRUE,"uniform",FALSE,FALSE,FALSE,FALSE
557,"Whitestone Playground",3,8,16,TRUE,TRUE,"uniform",FALSE,FALSE,FALSE,FALSE
557,"Whitestone Playground",4,8,16,TRUE,TRUE,"uniform",FALSE,FALSE,FALSE,FALSE
557,"Whitestone Playground",5,8,16,TRUE,TRUE,"uniform",FALSE,FALSE,FALSE,FALSE
557,"Whitestone Playground",6,8,16,TRUE,TRUE,"uniform",FALSE,FALSE,FALSE,FALSE
557,"Whitestone Playground",7,8,16,TRUE,TRUE,"uniform",FALSE,FALSE,FALSE,FALSE
558,"Emerald Playground",1,8,16,TRUE,TRUE,"uniform",FALSE,FALSE,FALSE,FALSE
558,"Emerald Playground",2,8,16,TRUE,TRUE,"uniform",FALSE,FALSE,FALSE,FALSE
558,"Emerald Playground",3,8,16,TRUE,TRUE,"uniform",FALSE,FALSE,FALSE,FALSE
558,"Emerald Playground",4,8,16,TRUE,TRUE,"uniform",FALSE,FALSE,FALSE,FALSE
558,"Emerald Playground",5,8,16,TRUE,TRUE,"uniform",FALSE,FALSE,FALSE,FALSE
558,"Emerald Playground",6,8,16,TRUE,TRUE,"uniform",FALSE,FALSE,FALSE,FALSE
558,"Emerald Playground",7,8,16,TRUE,TRUE,"uniform",FALSE,FALSE,FALSE,FALSE
559,"Redfern Playground",1,8,16,TRUE,TRUE,"uniform",FALSE,FALSE,FALSE,FALSE
559,"Redfern Playground",2,8,16,TRUE,TRUE,"uniform",FALSE,FALSE,FALSE,FALSE
559,"Redfern Playground",3,8,16,TRUE,TRUE,"uniform",FALSE,FALSE,FALSE,FALSE
559,"Redfern Playground",4,8,16,TRUE,TRUE,"uniform",FALSE,FALSE,FALSE,FALSE
559,"Redfern Playground",5,8,16,TRUE,TRUE,"uniform",FALSE,FALSE,FALSE,FALSE
559,"Redfern Playground",6,8,16,TRUE,TRUE,"uniform",FALSE,FALSE,FALSE,FALSE
559,"Redfern Playground",7,8,16,TRUE,TRUE,"uniform",FALSE,FALSE,FALSE,FALSE
560,"Colden Playground",1,,,,FALSE,"blank",,,FALSE,
560,"Colden Playground",2,,,,FALSE,"blank",,,FALSE,
560,"Colden Playground",3,,,,FALSE,"blank",,,FALSE,
560,"Colden Playground",4,,,,FALSE,"blank",,,FALSE,
560,"Colden Playground",5,,,,FALSE,"blank",,,FALSE,
560,"Colden Playground",6,,,,FALSE,"blank",,,FALSE,
560,"Colden Playground",7,,,,FALSE,"blank",,,FALSE,
561,"Willow Lake Playground",1,8,16,TRUE,TRUE,"uniform",FALSE,FALSE,FALSE,FALSE
561,"Willow Lake Playground",2,8,16,TRUE,TRUE,"uniform",FALSE,FALSE,FALSE,FALSE
561,"Willow Lake Playground",3,8,16,TRUE,TRUE,"uniform",FALSE,FALSE,FALSE,FALSE
561,"Willow Lake Playground",4,8,16,TRUE,TRUE,"uniform",FALSE,FALSE,FALSE,FALSE
561,"Willow Lake Playground",5,8,16,TRUE,TRUE,"uniform",FALSE,FALSE,FALSE,FALSE
561,"Willow Lake Playground",6,8,16,TRUE,TRUE,"uniform",FALSE,FALSE,FALSE,FALSE
561,"Willow Lake Playground",7,8,16,TRUE,TRUE,"uniform",FALSE,FALSE,FALSE,FALSE
562,"Telephone Playground",1,8,16,TRUE,TRUE,"uniform",FALSE,FALSE,FALSE,FALSE
562,"Telephone Playground",2,8,16,TRUE,TRUE,"uniform",FALSE,FALSE,FALSE,FALSE
562,"Telephone Playground",3,8,16,TRUE,TRUE,"uniform",FALSE,FALSE,FALSE,FALSE
562,"Telephone Playground",4,8,16,TRUE,TRUE,"uniform",FALSE,FALSE,FALSE,FALSE
562,"Telephone Playground",5,8,16,TRUE,TRUE,"uniform",FALSE,FALSE,FALSE,FALSE
562,"Telephone Playground",6,8,16,TRUE,TRUE,"uniform",FALSE,FALSE,FALSE,FALSE
562,"Telephone Playground",7,8,16,TRUE,TRUE,"uniform",FALSE,FALSE,FALSE,FALSE
563,"Peters Field",1,8,16,TRUE,TRUE,"uniform",FALSE,FALSE,FALSE,FALSE
563,"Peters Field",2,8,16,TRUE,TRUE,"uniform",FALSE,FALSE,FALSE,FALSE
563,"Peters Field",3,8,16,TRUE,TRUE,"uniform",FALSE,FALSE,FALSE,FALSE
563,"Peters Field",4,8,16,TRUE,TRUE,"uniform",FALSE,FALSE,FALSE,FALSE
563,"Peters Field",5,8,16,TRUE,TRUE,"uniform",FALSE,FALSE,FALSE,FALSE
563,"Peters Field",6,8,16,TRUE,TRUE,"uniform",FALSE,FALSE,FALSE,FALSE
563,"Peters Field",7,8,16,TRUE,TRUE,"uniform",FALSE,FALSE,FALSE,FALSE
564,"Playground Seventy Five",1,8,16,TRUE,TRUE,"uniform",FALSE,FALSE,FALSE,FALSE
564,"Playground Seventy Five",2,8,16,TRUE,TRUE,"uniform",FALSE,FALSE,FALSE,FALSE
564,"Playground Seventy Five",3,8,16,TRUE,TRUE,"uniform",FALSE,FALSE,FALSE,FALSE
564,"Playground Seventy Five",4,8,16,TRUE,TRUE,"uniform",FALSE,FALSE,FALSE,FALSE
564,"Playground Seventy Five",5,8,16,TRUE,TRUE,"uniform",FALSE,FALSE,FALSE,FALSE
564,"Playground Seventy Five",6,8,16,TRUE,TRUE,"uniform",FALSE,FALSE,FALSE,FALSE
564,"Playground Seventy Five",7,8,16,TRUE,TRUE,"uniform",FALSE,FALSE,FALSE,FALSE
565,"Alley Park",1,8,16,TRUE,TRUE,"uniform",FALSE,FALSE,FALSE,FALSE
565,"Alley Park",2,8,16,TRUE,TRUE,"uniform",FALSE,FALSE,FALSE,FALSE
565,"Alley Park",3,8,16,TRUE,TRUE,"uniform",FALSE,FALSE,FALSE,FALSE
565,"Alley Park",4,8,16,TRUE,TRUE,"uniform",FALSE,FALSE,FALSE,FALSE
565,"Alley Park",5,8,16,TRUE,TRUE,"uniform",FALSE,FALSE,FALSE,FALSE
565,"Alley Park",6,8,16,TRUE,TRUE,"uniform",FALSE,FALSE,FALSE,FALSE
565,"Alley Park",7,8,16,TRUE,TRUE,"uniform",FALSE,FALSE,FALSE,FALSE
566,"Real Good Playground",1,8,16,TRUE,TRUE,"uniform",FALSE,FALSE,FALSE,FALSE
566,"Real Good Playground",2,8,16,TRUE,TRUE,"uniform",FALSE,FALSE,FALSE,FALSE
566,"Real Good Playground",3,8,16,TRUE,TRUE,"uniform",FALSE,FALSE,FALSE,FALSE
566,"Real Good Playground",4,8,16,TRUE,TRUE,"uniform",FALSE,FALSE,FALSE,FALSE
566,"Real Good Playground",5,8,16,TRUE,TRUE,"uniform",FALSE,FALSE,FALSE,FALSE
566,"Real Good Playground",6,8,16,TRUE,TRUE,"uniform",FALSE,FALSE,FALSE,FALSE
566,"Real Good Playground",7,8,16,TRUE,TRUE,"uniform",FALSE,FALSE,FALSE,FALSE
567,"Detective William T. Gunn Playground",1,8,16,TRUE,TRUE,"uniform",FALSE,FALSE,FALSE,FALSE
567,"Detective William T. Gunn Playground",2,8,16,TRUE,TRUE,"uniform",FALSE,FALSE,FALSE,FALSE
567,"Detective William T. Gunn Playground",3,8,16,TRUE,TRUE,"uniform",FALSE,FALSE,FALSE,FALSE
567,"Detective William T. Gunn Playground",4,8,16,TRUE,TRUE,"uniform",FALSE,FALSE,FALSE,FALSE
567,"Detective William T. Gunn Playground",5,8,16,TRUE,TRUE,"uniform",FALSE,FALSE,FALSE,FALSE
567,"Detective William T. Gunn Playground",6,8,16,TRUE,TRUE,"uniform",FALSE,FALSE,FALSE,FALSE
567,"Detective William T. Gunn Playground",7,8,16,TRUE,TRUE,"uniform",FALSE,FALSE,FALSE,FALSE
568,"Haggerty Park",1,8,16,TRUE,TRUE,"uniform",FALSE,FALSE,FALSE,FALSE
568,"Haggerty Park",2,8,16,TRUE,TRUE,"uniform",FALSE,FALSE,FALSE,FALSE
568,"Haggerty Park",3,8,16,TRUE,TRUE,"uniform",FALSE,FALSE,FALSE,FALSE
568,"Haggerty Park",4,8,16,TRUE,TRUE,"uniform",FALSE,FALSE,FALSE,FALSE
568,"Haggerty Park",5,8,16,TRUE,TRUE,"uniform",FALSE,FALSE,FALSE,FALSE
568,"Haggerty Park",6,8,16,TRUE,TRUE,"uniform",FALSE,FALSE,FALSE,FALSE
568,"Haggerty Park",7,8,16,TRUE,TRUE,"uniform",FALSE,FALSE,FALSE,FALSE
569,"Crowley Playground",1,8,16,TRUE,TRUE,"uniform",FALSE,FALSE,FALSE,FALSE
569,"Crowley Playground",2,8,16,TRUE,TRUE,"uniform",FALSE,FALSE,FALSE,FALSE
569,"Crowley Playground",3,8,16,TRUE,TRUE,"uniform",FALSE,FALSE,FALSE,FALSE
569,"Crowley Playground",4,8,16,TRUE,TRUE,"uniform",FALSE,FALSE,FALSE,FALSE
569,"Crowley Playground",5,8,16,TRUE,TRUE,"uniform",FALSE,FALSE,FALSE,FALSE
569,"Crowley Playground",6,8,16,TRUE,TRUE,"uniform",FALSE,FALSE,FALSE,FALSE
569,"Crowley Playground",7,8,16,TRUE,TRUE,"uniform",FALSE,FALSE,FALSE,FALSE
570,"Frontera Park",1,8,16,TRUE,TRUE,"uniform",FALSE,FALSE,FALSE,FALSE
570,"Frontera Park",2,8,16,TRUE,TRUE,"uniform",FALSE,FALSE,FALSE,FALSE
570,"Frontera Park",3,8,16,TRUE,TRUE,"uniform",FALSE,FALSE,FALSE,FALSE
570,"Frontera Park",4,8,16,TRUE,TRUE,"uniform",FALSE,FALSE,FALSE,FALSE
570,"Frontera Park",5,8,16,TRUE,TRUE,"uniform",FALSE,FALSE,FALSE,FALSE
570,"Frontera Park",6,8,16,TRUE,TRUE,"uniform",FALSE,FALSE,FALSE,FALSE
570,"Frontera Park",7,8,16,TRUE,TRUE,"uniform",FALSE,FALSE,FALSE,FALSE
571,"Hoffman Park",1,8,16,TRUE,TRUE,"uniform",FALSE,FALSE,FALSE,FALSE
571,"Hoffman Park",2,8,16,TRUE,TRUE,"uniform",FALSE,FALSE,FALSE,FALSE
571,"Hoffman Park",3,8,16,TRUE,TRUE,"uniform",FALSE,FALSE,FALSE,FALSE
571,"Hoffman Park",4,8,16,TRUE,TRUE,"uniform",FALSE,FALSE,FALSE,FALSE
571,"Hoffman Park",5,8,16,TRUE,TRUE,"uniform",FALSE,FALSE,FALSE,FALSE
571,"Hoffman Park",6,8,16,TRUE,TRUE,"uniform",FALSE,FALSE,FALSE,FALSE
571,"Hoffman Park",7,8,16,TRUE,TRUE,"uniform",FALSE,FALSE,FALSE,FALSE
572,"Moore Homestead Playground",1,8,16,TRUE,TRUE,"uniform",FALSE,FALSE,FALSE,FALSE
572,"Moore Homestead Playground",2,8,16,TRUE,TRUE,"uniform",FALSE,FALSE,FALSE,FALSE
572,"Moore Homestead Playground",3,8,16,TRUE,TRUE,"uniform",FALSE,FALSE,FALSE,FALSE
572,"Moore Homestead Playground",4,8,16,TRUE,TRUE,"uniform",FALSE,FALSE,FALSE,FALSE
572,"Moore Homestead Playground",5,8,16,TRUE,TRUE,"uniform",FALSE,FALSE,FALSE,FALSE
572,"Moore Homestead Playground",6,8,16,TRUE,TRUE,"uniform",FALSE,FALSE,FALSE,FALSE
572,"Moore Homestead Playground",7,8,16,TRUE,TRUE,"uniform",FALSE,FALSE,FALSE,FALSE
573,"Playground Ninety",1,8,16,TRUE,TRUE,"uniform",FALSE,FALSE,FALSE,FALSE
573,"Playground Ninety",2,8,16,TRUE,TRUE,"uniform",FALSE,FALSE,FALSE,FALSE
573,"Playground Ninety",3,8,16,TRUE,TRUE,"uniform",FALSE,FALSE,FALSE,FALSE
573,"Playground Ninety",4,8,16,TRUE,TRUE,"uniform",FALSE,FALSE,FALSE,FALSE
573,"Playground Ninety",5,8,16,TRUE,TRUE,"uniform",FALSE,FALSE,FALSE,FALSE
573,"Playground Ninety",6,8,16,TRUE,TRUE,"uniform",FALSE,FALSE,FALSE,FALSE
573,"Playground Ninety",7,8,16,TRUE,TRUE,"uniform",FALSE,FALSE,FALSE,FALSE
574,"Northern Playground",1,8,16,TRUE,TRUE,"uniform",FALSE,FALSE,FALSE,FALSE
574,"Northern Playground",2,8,16,TRUE,TRUE,"uniform",FALSE,FALSE,FALSE,FALSE
574,"Northern Playground",3,8,16,TRUE,TRUE,"uniform",FALSE,FALSE,FALSE,FALSE
574,"Northern Playground",4,8,16,TRUE,TRUE,"uniform",FALSE,FALSE,FALSE,FALSE
574,"Northern Playground",5,8,16,TRUE,TRUE,"uniform",FALSE,FALSE,FALSE,FALSE
574,"Northern Playground",6,8,16,TRUE,TRUE,"uniform",FALSE,FALSE,FALSE,FALSE
574,"Northern Playground",7,8,16,TRUE,TRUE,"uniform",FALSE,FALSE,FALSE,FALSE
575,"Marie Curie Playground",1,8,16,TRUE,TRUE,"uniform",FALSE,FALSE,FALSE,FALSE
575,"Marie Curie Playground",2,8,16,TRUE,TRUE,"uniform",FALSE,FALSE,FALSE,FALSE
575,"Marie Curie Playground",3,8,16,TRUE,TRUE,"uniform",FALSE,FALSE,FALSE,FALSE
575,"Marie Curie Playground",4,8,16,TRUE,TRUE,"uniform",FALSE,FALSE,FALSE,FALSE
575,"Marie Curie Playground",5,8,16,TRUE,TRUE,"uniform",FALSE,FALSE,FALSE,FALSE
575,"Marie Curie Playground",6,8,16,TRUE,TRUE,"uniform",FALSE,FALSE,FALSE,FALSE
575,"Marie Curie Playground",7,8,16,TRUE,TRUE,"uniform",FALSE,FALSE,FALSE,FALSE
576,"Louis Pasteur Park",1,8,16,TRUE,TRUE,"uniform",FALSE,FALSE,FALSE,FALSE
576,"Louis Pasteur Park",2,8,16,TRUE,TRUE,"uniform",FALSE,FALSE,FALSE,FALSE
576,"Louis Pasteur Park",3,8,16,TRUE,TRUE,"uniform",FALSE,FALSE,FALSE,FALSE
576,"Louis Pasteur Park",4,8,16,TRUE,TRUE,"uniform",FALSE,FALSE,FALSE,FALSE
576,"Louis Pasteur Park",5,8,16,TRUE,TRUE,"uniform",FALSE,FALSE,FALSE,FALSE
576,"Louis Pasteur Park",6,8,16,TRUE,TRUE,"uniform",FALSE,FALSE,FALSE,FALSE
576,"Louis Pasteur Park",7,8,16,TRUE,TRUE,"uniform",FALSE,FALSE,FALSE,FALSE
577,"Helen Marshall Playground",1,8,16,TRUE,TRUE,"uniform",FALSE,FALSE,FALSE,FALSE
577,"Helen Marshall Playground",2,8,16,TRUE,TRUE,"uniform",FALSE,FALSE,FALSE,FALSE
577,"Helen Marshall Playground",3,8,16,TRUE,TRUE,"uniform",FALSE,FALSE,FALSE,FALSE
577,"Helen Marshall Playground",4,8,16,TRUE,TRUE,"uniform",FALSE,FALSE,FALSE,FALSE
577,"Helen Marshall Playground",5,8,16,TRUE,TRUE,"uniform",FALSE,FALSE,FALSE,FALSE
577,"Helen Marshall Playground",6,8,16,TRUE,TRUE,"uniform",FALSE,FALSE,FALSE,FALSE
577,"Helen Marshall Playground",7,8,16,TRUE,TRUE,"uniform",FALSE,FALSE,FALSE,FALSE
578,"Playground Sixty Two LXII",1,8,16,TRUE,TRUE,"uniform",FALSE,FALSE,FALSE,FALSE
578,"Playground Sixty Two LXII",2,8,16,TRUE,TRUE,"uniform",FALSE,FALSE,FALSE,FALSE
578,"Playground Sixty Two LXII",3,8,16,TRUE,TRUE,"uniform",FALSE,FALSE,FALSE,FALSE
578,"Playground Sixty Two LXII",4,8,16,TRUE,TRUE,"uniform",FALSE,FALSE,FALSE,FALSE
578,"Playground Sixty Two LXII",5,8,16,TRUE,TRUE,"uniform",FALSE,FALSE,FALSE,FALSE
578,"Playground Sixty Two LXII",6,8,16,TRUE,TRUE,"uniform",FALSE,FALSE,FALSE,FALSE
578,"Playground Sixty Two LXII",7,8,16,TRUE,TRUE,"uniform",FALSE,FALSE,FALSE,FALSE
579,"Ampere Playground",1,8,16,TRUE,TRUE,"uniform",FALSE,FALSE,FALSE,FALSE
579,"Ampere Playground",2,8,16,TRUE,TRUE,"uniform",FALSE,FALSE,FALSE,FALSE
579,"Ampere Playground",3,8,16,TRUE,TRUE,"uniform",FALSE,FALSE,FALSE,FALSE
579,"Ampere Playground",4,8,16,TRUE,TRUE,"uniform",FALSE,FALSE,FALSE,FALSE
579,"Ampere Playground",5,8,16,TRUE,TRUE,"uniform",FALSE,FALSE,FALSE,FALSE
579,"Ampere Playground",6,8,16,TRUE,TRUE,"uniform",FALSE,FALSE,FALSE,FALSE
579,"Ampere Playground",7,8,16,TRUE,TRUE,"uniform",FALSE,FALSE,FALSE,FALSE
580,"Ditmars Playground",1,8,16,TRUE,TRUE,"uniform",FALSE,FALSE,FALSE,FALSE
580,"Ditmars Playground",2,8,16,TRUE,TRUE,"uniform",FALSE,FALSE,FALSE,FALSE
580,"Ditmars Playground",3,8,16,TRUE,TRUE,"uniform",FALSE,FALSE,FALSE,FALSE
580,"Ditmars Playground",4,8,16,TRUE,TRUE,"uniform",FALSE,FALSE,FALSE,FALSE
580,"Ditmars Playground",5,8,16,TRUE,TRUE,"uniform",FALSE,FALSE,FALSE,FALSE
580,"Ditmars Playground",6,8,16,TRUE,TRUE,"uniform",FALSE,FALSE,FALSE,FALSE
580,"Ditmars Playground",7,8,16,TRUE,TRUE,"uniform",FALSE,FALSE,FALSE,FALSE
581,"Bayside Fields",1,8,16,TRUE,TRUE,"uniform",FALSE,FALSE,FALSE,FALSE
581,"Bayside Fields",2,8,16,TRUE,TRUE,"uniform",FALSE,FALSE,FALSE,FALSE
581,"Bayside Fields",3,8,16,TRUE,TRUE,"uniform",FALSE,FALSE,FALSE,FALSE
581,"Bayside Fields",4,8,16,TRUE,TRUE,"uniform",FALSE,FALSE,FALSE,FALSE
581,"Bayside Fields",5,8,16,TRUE,TRUE,"uniform",FALSE,FALSE,FALSE,FALSE
581,"Bayside Fields",6,8,16,TRUE,TRUE,"uniform",FALSE,FALSE,FALSE,FALSE
581,"Bayside Fields",7,8,16,TRUE,TRUE,"uniform",FALSE,FALSE,FALSE,FALSE
582,"Clintonville Playground",1,8,16,TRUE,TRUE,"uniform",FALSE,FALSE,FALSE,FALSE
582,"Clintonville Playground",2,8,16,TRUE,TRUE,"uniform",FALSE,FALSE,FALSE,FALSE
582,"Clintonville Playground",3,8,16,TRUE,TRUE,"uniform",FALSE,FALSE,FALSE,FALSE
582,"Clintonville Playground",4,8,16,TRUE,TRUE,"uniform",FALSE,FALSE,FALSE,FALSE
582,"Clintonville Playground",5,8,16,TRUE,TRUE,"uniform",FALSE,FALSE,FALSE,FALSE
582,"Clintonville Playground",6,8,16,TRUE,TRUE,"uniform",FALSE,FALSE,FALSE,FALSE
582,"Clintonville Playground",7,8,16,TRUE,TRUE,"uniform",FALSE,FALSE,FALSE,FALSE
583,"Joseph Austin Playground",1,8,16,TRUE,TRUE,"uniform",FALSE,FALSE,FALSE,FALSE
583,"Joseph Austin Playground",2,8,16,TRUE,TRUE,"uniform",FALSE,FALSE,FALSE,FALSE
583,"Joseph Austin Playground",3,8,16,TRUE,TRUE,"uniform",FALSE,FALSE,FALSE,FALSE
583,"Joseph Austin Playground",4,8,16,TRUE,TRUE,"uniform",FALSE,FALSE,FALSE,FALSE
583,"Joseph Austin Playground",5,8,16,TRUE,TRUE,"uniform",FALSE,FALSE,FALSE,FALSE
583,"Joseph Austin Playground",6,8,16,TRUE,TRUE,"uniform",FALSE,FALSE,FALSE,FALSE
583,"Joseph Austin Playground",7,8,16,TRUE,TRUE,"uniform",FALSE,FALSE,FALSE,FALSE
584,"Montbellier Park",1,8,16,TRUE,TRUE,"uniform",FALSE,FALSE,FALSE,FALSE
584,"Montbellier Park",2,8,16,TRUE,TRUE,"uniform",FALSE,FALSE,FALSE,FALSE
584,"Montbellier Park",3,8,16,TRUE,TRUE,"uniform",FALSE,FALSE,FALSE,FALSE
584,"Montbellier Park",4,8,16,TRUE,TRUE,"uniform",FALSE,FALSE,FALSE,FALSE
584,"Montbellier Park",5,8,16,TRUE,TRUE,"uniform",FALSE,FALSE,FALSE,FALSE
584,"Montbellier Park",6,8,16,TRUE,TRUE,"uniform",FALSE,FALSE,FALSE,FALSE
584,"Montbellier Park",7,8,16,TRUE,TRUE,"uniform",FALSE,FALSE,FALSE,FALSE
585,"Auburndale Playground",1,8,16,TRUE,TRUE,"uniform",FALSE,FALSE,FALSE,FALSE
585,"Auburndale Playground",2,8,16,TRUE,TRUE,"uniform",FALSE,FALSE,FALSE,FALSE
585,"Auburndale Playground",3,8,16,TRUE,TRUE,"uniform",FALSE,FALSE,FALSE,FALSE
585,"Auburndale Playground",4,8,16,TRUE,TRUE,"uniform",FALSE,FALSE,FALSE,FALSE
585,"Auburndale Playground",5,8,16,TRUE,TRUE,"uniform",FALSE,FALSE,FALSE,FALSE
585,"Auburndale Playground",6,8,16,TRUE,TRUE,"uniform",FALSE,FALSE,FALSE,FALSE
585,"Auburndale Playground",7,8,16,TRUE,TRUE,"uniform",FALSE,FALSE,FALSE,FALSE
586,"Rosemary's Playground",1,8,16,TRUE,TRUE,"uniform",FALSE,FALSE,FALSE,FALSE
586,"Rosemary's Playground",2,8,16,TRUE,TRUE,"uniform",FALSE,FALSE,FALSE,FALSE
586,"Rosemary's Playground",3,8,16,TRUE,TRUE,"uniform",FALSE,FALSE,FALSE,FALSE
586,"Rosemary's Playground",4,8,16,TRUE,TRUE,"uniform",FALSE,FALSE,FALSE,FALSE
586,"Rosemary's Playground",5,8,16,TRUE,TRUE,"uniform",FALSE,FALSE,FALSE,FALSE
586,"Rosemary's Playground",6,8,16,TRUE,TRUE,"uniform",FALSE,FALSE,FALSE,FALSE
586,"Rosemary's Playground",7,8,16,TRUE,TRUE,"uniform",FALSE,FALSE,FALSE,FALSE
587,"Bay Terrace Playground",1,8,16,TRUE,TRUE,"uniform",FALSE,FALSE,FALSE,FALSE
587,"Bay Terrace Playground",2,8,16,TRUE,TRUE,"uniform",FALSE,FALSE,FALSE,FALSE
587,"Bay Terrace Playground",3,8,16,TRUE,TRUE,"uniform",FALSE,FALSE,FALSE,FALSE
587,"Bay Terrace Playground",4,8,16,TRUE,TRUE,"uniform",FALSE,FALSE,FALSE,FALSE
587,"Bay Terrace Playground",5,8,16,TRUE,TRUE,"uniform",FALSE,FALSE,FALSE,FALSE
587,"Bay Terrace Playground",6,8,16,TRUE,TRUE,"uniform",FALSE,FALSE,FALSE,FALSE
587,"Bay Terrace Playground",7,8,16,TRUE,TRUE,"uniform",FALSE,FALSE,FALSE,FALSE
588,"East Springfield Playground",1,8,16,TRUE,TRUE,"uniform",FALSE,FALSE,FALSE,FALSE
588,"East Springfield Playground",2,8,16,TRUE,TRUE,"uniform",FALSE,FALSE,FALSE,FALSE
588,"East Springfield Playground",3,8,16,TRUE,TRUE,"uniform",FALSE,FALSE,FALSE,FALSE
588,"East Springfield Playground",4,8,16,TRUE,TRUE,"uniform",FALSE,FALSE,FALSE,FALSE
588,"East Springfield Playground",5,8,16,TRUE,TRUE,"uniform",FALSE,FALSE,FALSE,FALSE
588,"East Springfield Playground",6,8,16,TRUE,TRUE,"uniform",FALSE,FALSE,FALSE,FALSE
588,"East Springfield Playground",7,8,16,TRUE,TRUE,"uniform",FALSE,FALSE,FALSE,FALSE
589,"Hollis Playground",1,8,16,TRUE,TRUE,"uniform",FALSE,FALSE,FALSE,FALSE
589,"Hollis Playground",2,8,16,TRUE,TRUE,"uniform",FALSE,FALSE,FALSE,FALSE
589,"Hollis Playground",3,8,16,TRUE,TRUE,"uniform",FALSE,FALSE,FALSE,FALSE
589,"Hollis Playground",4,8,16,TRUE,TRUE,"uniform",FALSE,FALSE,FALSE,FALSE
589,"Hollis Playground",5,8,16,TRUE,TRUE,"uniform",FALSE,FALSE,FALSE,FALSE
589,"Hollis Playground",6,8,16,TRUE,TRUE,"uniform",FALSE,FALSE,FALSE,FALSE
589,"Hollis Playground",7,8,16,TRUE,TRUE,"uniform",FALSE,FALSE,FALSE,FALSE
590,"Springfield Park North",1,8,16,TRUE,TRUE,"uniform",FALSE,FALSE,FALSE,FALSE
590,"Springfield Park North",2,8,16,TRUE,TRUE,"uniform",FALSE,FALSE,FALSE,FALSE
590,"Springfield Park North",3,8,16,TRUE,TRUE,"uniform",FALSE,FALSE,FALSE,FALSE
590,"Springfield Park North",4,8,16,TRUE,TRUE,"uniform",FALSE,FALSE,FALSE,FALSE
590,"Springfield Park North",5,8,16,TRUE,TRUE,"uniform",FALSE,FALSE,FALSE,FALSE
590,"Springfield Park North",6,8,16,TRUE,TRUE,"uniform",FALSE,FALSE,FALSE,FALSE
590,"Springfield Park North",7,8,16,TRUE,TRUE,"uniform",FALSE,FALSE,FALSE,FALSE
591,"Lanett Playground",1,8,16,TRUE,TRUE,"uniform",FALSE,FALSE,FALSE,FALSE
591,"Lanett Playground",2,8,16,TRUE,TRUE,"uniform",FALSE,FALSE,FALSE,FALSE
591,"Lanett Playground",3,8,16,TRUE,TRUE,"uniform",FALSE,FALSE,FALSE,FALSE
591,"Lanett Playground",4,8,16,TRUE,TRUE,"uniform",FALSE,FALSE,FALSE,FALSE
591,"Lanett Playground",5,8,16,TRUE,TRUE,"uniform",FALSE,FALSE,FALSE,FALSE
591,"Lanett Playground",6,8,16,TRUE,TRUE,"uniform",FALSE,FALSE,FALSE,FALSE
591,"Lanett Playground",7,8,16,TRUE,TRUE,"uniform",FALSE,FALSE,FALSE,FALSE
592,"Harold Schneiderman Playground",1,8,16,TRUE,TRUE,"uniform",FALSE,FALSE,FALSE,FALSE
592,"Harold Schneiderman Playground",2,8,16,TRUE,TRUE,"uniform",FALSE,FALSE,FALSE,FALSE
592,"Harold Schneiderman Playground",3,8,16,TRUE,TRUE,"uniform",FALSE,FALSE,FALSE,FALSE
592,"Harold Schneiderman Playground",4,8,16,TRUE,TRUE,"uniform",FALSE,FALSE,FALSE,FALSE
592,"Harold Schneiderman Playground",5,8,16,TRUE,TRUE,"uniform",FALSE,FALSE,FALSE,FALSE
592,"Harold Schneiderman Playground",6,8,16,TRUE,TRUE,"uniform",FALSE,FALSE,FALSE,FALSE
592,"Harold Schneiderman Playground",7,8,16,TRUE,TRUE,"uniform",FALSE,FALSE,FALSE,FALSE
593,"Rochdale Park",1,8,16,TRUE,TRUE,"uniform",FALSE,FALSE,FALSE,FALSE
593,"Rochdale Park",2,8,16,TRUE,TRUE,"uniform",FALSE,FALSE,FALSE,FALSE
593,"Rochdale Park",3,8,16,TRUE,TRUE,"uniform",FALSE,FALSE,FALSE,FALSE
593,"Rochdale Park",4,8,16,TRUE,TRUE,"uniform",FALSE,FALSE,FALSE,FALSE
593,"Rochdale Park",5,8,16,TRUE,TRUE,"uniform",FALSE,FALSE,FALSE,FALSE
593,"Rochdale Park",6,8,16,TRUE,TRUE,"uniform",FALSE,FALSE,FALSE,FALSE
593,"Rochdale Park",7,8,16,TRUE,TRUE,"uniform",FALSE,FALSE,FALSE,FALSE
594,"Louis Armstrong Playground",1,8,16,TRUE,TRUE,"uniform",FALSE,FALSE,FALSE,FALSE
594,"Louis Armstrong Playground",2,8,16,TRUE,TRUE,"uniform",FALSE,FALSE,FALSE,FALSE
594,"Louis Armstrong Playground",3,8,16,TRUE,TRUE,"uniform",FALSE,FALSE,FALSE,FALSE
594,"Louis Armstrong Playground",4,8,16,TRUE,TRUE,"uniform",FALSE,FALSE,FALSE,FALSE
594,"Louis Armstrong Playground",5,8,16,TRUE,TRUE,"uniform",FALSE,FALSE,FALSE,FALSE
594,"Louis Armstrong Playground",6,8,16,TRUE,TRUE,"uniform",FALSE,FALSE,FALSE,FALSE
594,"Louis Armstrong Playground",7,8,16,TRUE,TRUE,"uniform",FALSE,FALSE,FALSE,FALSE
595,"Seaside Playground",1,8,16,TRUE,TRUE,"uniform",FALSE,FALSE,FALSE,FALSE
595,"Seaside Playground",2,8,16,TRUE,TRUE,"uniform",FALSE,FALSE,FALSE,FALSE
595,"Seaside Playground",3,8,16,TRUE,TRUE,"uniform",FALSE,FALSE,FALSE,FALSE
595,"Seaside Playground",4,8,16,TRUE,TRUE,"uniform",FALSE,FALSE,FALSE,FALSE
595,"Seaside Playground",5,8,16,TRUE,TRUE,"uniform",FALSE,FALSE,FALSE,FALSE
595,"Seaside Playground",6,8,16,TRUE,TRUE,"uniform",FALSE,FALSE,FALSE,FALSE
595,"Seaside Playground",7,8,16,TRUE,TRUE,"uniform",FALSE,FALSE,FALSE,FALSE
596,"Reiff Playground",1,8,16,TRUE,TRUE,"uniform",FALSE,FALSE,FALSE,FALSE
596,"Reiff Playground",2,8,16,TRUE,TRUE,"uniform",FALSE,FALSE,FALSE,FALSE
596,"Reiff Playground",3,8,16,TRUE,TRUE,"uniform",FALSE,FALSE,FALSE,FALSE
596,"Reiff Playground",4,8,16,TRUE,TRUE,"uniform",FALSE,FALSE,FALSE,FALSE
596,"Reiff Playground",5,8,16,TRUE,TRUE,"uniform",FALSE,FALSE,FALSE,FALSE
596,"Reiff Playground",6,8,16,TRUE,TRUE,"uniform",FALSE,FALSE,FALSE,FALSE
596,"Reiff Playground",7,8,16,TRUE,TRUE,"uniform",FALSE,FALSE,FALSE,FALSE
597,"Yellowstone Park",1,,,,FALSE,"blank",,,FALSE,
597,"Yellowstone Park",2,,,,FALSE,"blank",,,FALSE,
597,"Yellowstone Park",3,,,,FALSE,"blank",,,FALSE,
597,"Yellowstone Park",4,,,,FALSE,"blank",,,FALSE,
597,"Yellowstone Park",5,,,,FALSE,"blank",,,FALSE,
597,"Yellowstone Park",6,,,,FALSE,"blank",,,FALSE,
597,"Yellowstone Park",7,,,,FALSE,"blank",,,FALSE,
598,"North Rochdale Playground",1,8,16,TRUE,TRUE,"uniform",FALSE,FALSE,FALSE,FALSE
598,"North Rochdale Playground",2,8,16,TRUE,TRUE,"uniform",FALSE,FALSE,FALSE,FALSE
598,"North Rochdale Playground",3,8,16,TRUE,TRUE,"uniform",FALSE,FALSE,FALSE,FALSE
598,"North Rochdale Playground",4,8,16,TRUE,TRUE,"uniform",FALSE,FALSE,FALSE,FALSE
598,"North Rochdale Playground",5,8,16,TRUE,TRUE,"uniform",FALSE,FALSE,FALSE,FALSE
598,"North Rochdale Playground",6,8,16,TRUE,TRUE,"uniform",FALSE,FALSE,FALSE,FALSE
598,"North Rochdale Playground",7,8,16,TRUE,TRUE,"uniform",FALSE,FALSE,FALSE,FALSE
599,"Horace Harding Playground",1,8,16,TRUE,TRUE,"uniform",FALSE,FALSE,FALSE,FALSE
599,"Horace Harding Playground",2,8,16,TRUE,TRUE,"uniform",FALSE,FALSE,FALSE,FALSE
599,"Horace Harding Playground",3,8,16,TRUE,TRUE,"uniform",FALSE,FALSE,FALSE,FALSE
599,"Horace Harding Playground",4,8,16,TRUE,TRUE,"uniform",FALSE,FALSE,FALSE,FALSE
599,"Horace Harding Playground",5,8,16,TRUE,TRUE,"uniform",FALSE,FALSE,FALSE,FALSE
599,"Horace Harding Playground",6,8,16,TRUE,TRUE,"uniform",FALSE,FALSE,FALSE,FALSE
599,"Horace Harding Playground",7,8,16,TRUE,TRUE,"uniform",FALSE,FALSE,FALSE,FALSE
600,"Spirit Playground",1,8,16,TRUE,TRUE,"uniform",FALSE,FALSE,FALSE,FALSE
600,"Spirit Playground",2,8,16,TRUE,TRUE,"uniform",FALSE,FALSE,FALSE,FALSE
600,"Spirit Playground",3,8,16,TRUE,TRUE,"uniform",FALSE,FALSE,FALSE,FALSE
600,"Spirit Playground",4,8,16,TRUE,TRUE,"uniform",FALSE,FALSE,FALSE,FALSE
600,"Spirit Playground",5,8,16,TRUE,TRUE,"uniform",FALSE,FALSE,FALSE,FALSE
600,"Spirit Playground",6,8,16,TRUE,TRUE,"uniform",FALSE,FALSE,FALSE,FALSE
600,"Spirit Playground",7,8,16,TRUE,TRUE,"uniform",FALSE,FALSE,FALSE,FALSE
601,"Athens Square",1,8,16,TRUE,TRUE,"uniform",FALSE,FALSE,FALSE,FALSE
601,"Athens Square",2,8,16,TRUE,TRUE,"uniform",FALSE,FALSE,FALSE,FALSE
601,"Athens Square",3,8,16,TRUE,TRUE,"uniform",FALSE,FALSE,FALSE,FALSE
601,"Athens Square",4,8,16,TRUE,TRUE,"uniform",FALSE,FALSE,FALSE,FALSE
601,"Athens Square",5,8,16,TRUE,TRUE,"uniform",FALSE,FALSE,FALSE,FALSE
601,"Athens Square",6,8,16,TRUE,TRUE,"uniform",FALSE,FALSE,FALSE,FALSE
601,"Athens Square",7,8,16,TRUE,TRUE,"uniform",FALSE,FALSE,FALSE,FALSE
602,"136 St Playground",1,8,16,TRUE,TRUE,"uniform",FALSE,FALSE,FALSE,FALSE
602,"136 St Playground",2,8,16,TRUE,TRUE,"uniform",FALSE,FALSE,FALSE,FALSE
602,"136 St Playground",3,8,16,TRUE,TRUE,"uniform",FALSE,FALSE,FALSE,FALSE
602,"136 St Playground",4,8,16,TRUE,TRUE,"uniform",FALSE,FALSE,FALSE,FALSE
602,"136 St Playground",5,8,16,TRUE,TRUE,"uniform",FALSE,FALSE,FALSE,FALSE
602,"136 St Playground",6,8,16,TRUE,TRUE,"uniform",FALSE,FALSE,FALSE,FALSE
602,"136 St Playground",7,8,16,TRUE,TRUE,"uniform",FALSE,FALSE,FALSE,FALSE
603,"Roy Wilkins Rec Center Zone 2A",1,8,16,TRUE,TRUE,"uniform",FALSE,FALSE,FALSE,FALSE
603,"Roy Wilkins Rec Center Zone 2A",2,8,16,TRUE,TRUE,"uniform",FALSE,FALSE,FALSE,FALSE
603,"Roy Wilkins Rec Center Zone 2A",3,8,16,TRUE,TRUE,"uniform",FALSE,FALSE,FALSE,FALSE
603,"Roy Wilkins Rec Center Zone 2A",4,8,16,TRUE,TRUE,"uniform",FALSE,FALSE,FALSE,FALSE
603,"Roy Wilkins Rec Center Zone 2A",5,8,16,TRUE,TRUE,"uniform",FALSE,FALSE,FALSE,FALSE
603,"Roy Wilkins Rec Center Zone 2A",6,8,16,TRUE,TRUE,"uniform",FALSE,FALSE,FALSE,FALSE
603,"Roy Wilkins Rec Center Zone 2A",7,8,16,TRUE,TRUE,"uniform",FALSE,FALSE,FALSE,FALSE
604,"Corona Golf Playground",1,8,16,TRUE,TRUE,"uniform",FALSE,FALSE,FALSE,FALSE
604,"Corona Golf Playground",2,8,16,TRUE,TRUE,"uniform",FALSE,FALSE,FALSE,FALSE
604,"Corona Golf Playground",3,8,16,TRUE,TRUE,"uniform",FALSE,FALSE,FALSE,FALSE
604,"Corona Golf Playground",4,8,16,TRUE,TRUE,"uniform",FALSE,FALSE,FALSE,FALSE
604,"Corona Golf Playground",5,8,16,TRUE,TRUE,"uniform",FALSE,FALSE,FALSE,FALSE
604,"Corona Golf Playground",6,8,16,TRUE,TRUE,"uniform",FALSE,FALSE,FALSE,FALSE
604,"Corona Golf Playground",7,8,16,TRUE,TRUE,"uniform",FALSE,FALSE,FALSE,FALSE
605,"Hunter's Point South Park Zone 1",1,8,16,TRUE,TRUE,"uniform",FALSE,FALSE,FALSE,FALSE
605,"Hunter's Point South Park Zone 1",2,8,16,TRUE,TRUE,"uniform",FALSE,FALSE,FALSE,FALSE
605,"Hunter's Point South Park Zone 1",3,8,16,TRUE,TRUE,"uniform",FALSE,FALSE,FALSE,FALSE
605,"Hunter's Point South Park Zone 1",4,8,16,TRUE,TRUE,"uniform",FALSE,FALSE,FALSE,FALSE
605,"Hunter's Point South Park Zone 1",5,8,16,TRUE,TRUE,"uniform",FALSE,FALSE,FALSE,FALSE
605,"Hunter's Point South Park Zone 1",6,8,16,TRUE,TRUE,"uniform",FALSE,FALSE,FALSE,FALSE
605,"Hunter's Point South Park Zone 1",7,8,16,TRUE,TRUE,"uniform",FALSE,FALSE,FALSE,FALSE
606,"Elmhurst Park",1,8,16,TRUE,TRUE,"uniform",FALSE,FALSE,FALSE,FALSE
606,"Elmhurst Park",2,8,16,TRUE,TRUE,"uniform",FALSE,FALSE,FALSE,FALSE
606,"Elmhurst Park",3,8,16,TRUE,TRUE,"uniform",FALSE,FALSE,FALSE,FALSE
606,"Elmhurst Park",4,8,16,TRUE,TRUE,"uniform",FALSE,FALSE,FALSE,FALSE
606,"Elmhurst Park",5,8,16,TRUE,TRUE,"uniform",FALSE,FALSE,FALSE,FALSE
606,"Elmhurst Park",6,8,16,TRUE,TRUE,"uniform",FALSE,FALSE,FALSE,FALSE
606,"Elmhurst Park",7,8,16,TRUE,TRUE,"uniform",FALSE,FALSE,FALSE,FALSE
607,"Arverne East Nature Preserve",1,8,16,TRUE,TRUE,"uniform",FALSE,FALSE,FALSE,FALSE
607,"Arverne East Nature Preserve",2,8,16,TRUE,TRUE,"uniform",FALSE,FALSE,FALSE,FALSE
607,"Arverne East Nature Preserve",3,8,16,TRUE,TRUE,"uniform",FALSE,FALSE,FALSE,FALSE
607,"Arverne East Nature Preserve",4,8,16,TRUE,TRUE,"uniform",FALSE,FALSE,FALSE,FALSE
607,"Arverne East Nature Preserve",5,8,16,TRUE,TRUE,"uniform",FALSE,FALSE,FALSE,FALSE
607,"Arverne East Nature Preserve",6,8,16,TRUE,TRUE,"uniform",FALSE,FALSE,FALSE,FALSE
607,"Arverne East Nature Preserve",7,8,16,TRUE,TRUE,"uniform",FALSE,FALSE,FALSE,FALSE
608,"Playground",1,8,16,TRUE,TRUE,"uniform",FALSE,FALSE,FALSE,FALSE
608,"Playground",2,8,16,TRUE,TRUE,"uniform",FALSE,FALSE,FALSE,FALSE
608,"Playground",3,8,16,TRUE,TRUE,"uniform",FALSE,FALSE,FALSE,FALSE
608,"Playground",4,8,16,TRUE,TRUE,"uniform",FALSE,FALSE,FALSE,FALSE
608,"Playground",5,8,16,TRUE,TRUE,"uniform",FALSE,FALSE,FALSE,FALSE
608,"Playground",6,8,16,TRUE,TRUE,"uniform",FALSE,FALSE,FALSE,FALSE
608,"Playground",7,8,16,TRUE,TRUE,"uniform",FALSE,FALSE,FALSE,FALSE
609,"Conference House Park Zone 2",1,8,16,TRUE,TRUE,"uniform",FALSE,FALSE,FALSE,FALSE
609,"Conference House Park Zone 2",2,8,16,TRUE,TRUE,"uniform",FALSE,FALSE,FALSE,FALSE
609,"Conference House Park Zone 2",3,8,16,TRUE,TRUE,"uniform",FALSE,FALSE,FALSE,FALSE
609,"Conference House Park Zone 2",4,8,16,TRUE,TRUE,"uniform",FALSE,FALSE,FALSE,FALSE
609,"Conference House Park Zone 2",5,8,16,TRUE,TRUE,"uniform",FALSE,FALSE,FALSE,FALSE
609,"Conference House Park Zone 2",6,8,16,TRUE,TRUE,"uniform",FALSE,FALSE,FALSE,FALSE
609,"Conference House Park Zone 2",7,8,16,TRUE,TRUE,"uniform",FALSE,FALSE,FALSE,FALSE
610,"Walker Park",1,8,16,TRUE,TRUE,"uniform",FALSE,FALSE,FALSE,FALSE
610,"Walker Park",2,8,16,TRUE,TRUE,"uniform",FALSE,FALSE,FALSE,FALSE
610,"Walker Park",3,8,16,TRUE,TRUE,"uniform",FALSE,FALSE,FALSE,FALSE
610,"Walker Park",4,8,16,TRUE,TRUE,"uniform",FALSE,FALSE,FALSE,FALSE
610,"Walker Park",5,8,16,TRUE,TRUE,"uniform",FALSE,FALSE,FALSE,FALSE
610,"Walker Park",6,8,16,TRUE,TRUE,"uniform",FALSE,FALSE,FALSE,FALSE
610,"Walker Park",7,8,16,TRUE,TRUE,"uniform",FALSE,FALSE,FALSE,FALSE
611,"Cedar Grove Beach Zone 2",1,8,16,TRUE,TRUE,"uniform",FALSE,FALSE,FALSE,FALSE
611,"Cedar Grove Beach Zone 2",2,8,16,TRUE,TRUE,"uniform",FALSE,FALSE,FALSE,FALSE
611,"Cedar Grove Beach Zone 2",3,8,16,TRUE,TRUE,"uniform",FALSE,FALSE,FALSE,FALSE
611,"Cedar Grove Beach Zone 2",4,8,16,TRUE,TRUE,"uniform",FALSE,FALSE,FALSE,FALSE
611,"Cedar Grove Beach Zone 2",5,8,16,TRUE,TRUE,"uniform",FALSE,FALSE,FALSE,FALSE
611,"Cedar Grove Beach Zone 2",6,8,16,TRUE,TRUE,"uniform",FALSE,FALSE,FALSE,FALSE
611,"Cedar Grove Beach Zone 2",7,8,16,TRUE,TRUE,"uniform",FALSE,FALSE,FALSE,FALSE
612,"Silver Lake Park Playground",1,8,16,TRUE,TRUE,"uniform",FALSE,FALSE,FALSE,FALSE
612,"Silver Lake Park Playground",2,8,16,TRUE,TRUE,"uniform",FALSE,FALSE,FALSE,FALSE
612,"Silver Lake Park Playground",3,8,16,TRUE,TRUE,"uniform",FALSE,FALSE,FALSE,FALSE
612,"Silver Lake Park Playground",4,8,16,TRUE,TRUE,"uniform",FALSE,FALSE,FALSE,FALSE
612,"Silver Lake Park Playground",5,8,16,TRUE,TRUE,"uniform",FALSE,FALSE,FALSE,FALSE
612,"Silver Lake Park Playground",6,8,16,TRUE,TRUE,"uniform",FALSE,FALSE,FALSE,FALSE
612,"Silver Lake Park Playground",7,8,16,TRUE,TRUE,"uniform",FALSE,FALSE,FALSE,FALSE
613,"Mahoney Playground",1,8,16,TRUE,TRUE,"uniform",FALSE,FALSE,FALSE,FALSE
613,"Mahoney Playground",2,8,16,TRUE,TRUE,"uniform",FALSE,FALSE,FALSE,FALSE
613,"Mahoney Playground",3,8,16,TRUE,TRUE,"uniform",FALSE,FALSE,FALSE,FALSE
613,"Mahoney Playground",4,8,16,TRUE,TRUE,"uniform",FALSE,FALSE,FALSE,FALSE
613,"Mahoney Playground",5,8,16,TRUE,TRUE,"uniform",FALSE,FALSE,FALSE,FALSE
613,"Mahoney Playground",6,8,16,TRUE,TRUE,"uniform",FALSE,FALSE,FALSE,FALSE
613,"Mahoney Playground",7,8,16,TRUE,TRUE,"uniform",FALSE,FALSE,FALSE,FALSE
614,"Gerard P. Dugan Playground",1,8,16,TRUE,TRUE,"uniform",FALSE,FALSE,FALSE,FALSE
614,"Gerard P. Dugan Playground",2,8,16,TRUE,TRUE,"uniform",FALSE,FALSE,FALSE,FALSE
614,"Gerard P. Dugan Playground",3,8,16,TRUE,TRUE,"uniform",FALSE,FALSE,FALSE,FALSE
614,"Gerard P. Dugan Playground",4,8,16,TRUE,TRUE,"uniform",FALSE,FALSE,FALSE,FALSE
614,"Gerard P. Dugan Playground",5,8,16,TRUE,TRUE,"uniform",FALSE,FALSE,FALSE,FALSE
614,"Gerard P. Dugan Playground",6,8,16,TRUE,TRUE,"uniform",FALSE,FALSE,FALSE,FALSE
614,"Gerard P. Dugan Playground",7,8,16,TRUE,TRUE,"uniform",FALSE,FALSE,FALSE,FALSE
615,"Playground For All Children",1,8,16,TRUE,TRUE,"uniform",FALSE,FALSE,FALSE,FALSE
615,"Playground For All Children",2,8,16,TRUE,TRUE,"uniform",FALSE,FALSE,FALSE,FALSE
615,"Playground For All Children",3,8,16,TRUE,TRUE,"uniform",FALSE,FALSE,FALSE,FALSE
615,"Playground For All Children",4,8,16,TRUE,TRUE,"uniform",FALSE,FALSE,FALSE,FALSE
615,"Playground For All Children",5,8,16,TRUE,TRUE,"uniform",FALSE,FALSE,FALSE,FALSE
615,"Playground For All Children",6,8,16,TRUE,TRUE,"uniform",FALSE,FALSE,FALSE,FALSE
615,"Playground For All Children",7,8,16,TRUE,TRUE,"uniform",FALSE,FALSE,FALSE,FALSE
616,"Playground For All Children",1,8,16,TRUE,TRUE,"uniform",FALSE,FALSE,FALSE,FALSE
616,"Playground For All Children",2,8,16,TRUE,TRUE,"uniform",FALSE,FALSE,FALSE,FALSE
616,"Playground For All Children",3,8,16,TRUE,TRUE,"uniform",FALSE,FALSE,FALSE,FALSE
616,"Playground For All Children",4,8,16,TRUE,TRUE,"uniform",FALSE,FALSE,FALSE,FALSE
616,"Playground For All Children",5,8,16,TRUE,TRUE,"uniform",FALSE,FALSE,FALSE,FALSE
616,"Playground For All Children",6,8,16,TRUE,TRUE,"uniform",FALSE,FALSE,FALSE,FALSE
616,"Playground For All Children",7,8,16,TRUE,TRUE,"uniform",FALSE,FALSE,FALSE,FALSE
617,"Levy Playground",1,8,16,TRUE,TRUE,"uniform",FALSE,FALSE,FALSE,FALSE
617,"Levy Playground",2,8,16,TRUE,TRUE,"uniform",FALSE,FALSE,FALSE,FALSE
617,"Levy Playground",3,8,16,TRUE,TRUE,"uniform",FALSE,FALSE,FALSE,FALSE
617,"Levy Playground",4,8,16,TRUE,TRUE,"uniform",FALSE,FALSE,FALSE,FALSE
617,"Levy Playground",5,8,16,TRUE,TRUE,"uniform",FALSE,FALSE,FALSE,FALSE
617,"Levy Playground",6,8,16,TRUE,TRUE,"uniform",FALSE,FALSE,FALSE,FALSE
617,"Levy Playground",7,8,16,TRUE,TRUE,"uniform",FALSE,FALSE,FALSE,FALSE
618,"Austin J. McDonald Playground",1,8,16,TRUE,TRUE,"uniform",FALSE,FALSE,FALSE,FALSE
618,"Austin J. McDonald Playground",2,8,16,TRUE,TRUE,"uniform",FALSE,FALSE,FALSE,FALSE
618,"Austin J. McDonald Playground",3,8,16,TRUE,TRUE,"uniform",FALSE,FALSE,FALSE,FALSE
618,"Austin J. McDonald Playground",4,8,16,TRUE,TRUE,"uniform",FALSE,FALSE,FALSE,FALSE
618,"Austin J. McDonald Playground",5,8,16,TRUE,TRUE,"uniform",FALSE,FALSE,FALSE,FALSE
618,"Austin J. McDonald Playground",6,8,16,TRUE,TRUE,"uniform",FALSE,FALSE,FALSE,FALSE
618,"Austin J. McDonald Playground",7,8,16,TRUE,TRUE,"uniform",FALSE,FALSE,FALSE,FALSE
619,"De Matti Park",1,8,16,TRUE,TRUE,"uniform",FALSE,FALSE,FALSE,FALSE
619,"De Matti Park",2,8,16,TRUE,TRUE,"uniform",FALSE,FALSE,FALSE,FALSE
619,"De Matti Park",3,8,16,TRUE,TRUE,"uniform",FALSE,FALSE,FALSE,FALSE
619,"De Matti Park",4,8,16,TRUE,TRUE,"uniform",FALSE,FALSE,FALSE,FALSE
619,"De Matti Park",5,8,16,TRUE,TRUE,"uniform",FALSE,FALSE,FALSE,FALSE
619,"De Matti Park",6,8,16,TRUE,TRUE,"uniform",FALSE,FALSE,FALSE,FALSE
619,"De Matti Park",7,8,16,TRUE,TRUE,"uniform",FALSE,FALSE,FALSE,FALSE
620,"Sunken Meadow",1,8,16,TRUE,TRUE,"uniform",FALSE,FALSE,FALSE,FALSE
620,"Sunken Meadow",2,8,16,TRUE,TRUE,"uniform",FALSE,FALSE,FALSE,FALSE
620,"Sunken Meadow",3,8,16,TRUE,TRUE,"uniform",FALSE,FALSE,FALSE,FALSE
620,"Sunken Meadow",4,8,16,TRUE,TRUE,"uniform",FALSE,FALSE,FALSE,FALSE
620,"Sunken Meadow",5,8,16,TRUE,TRUE,"uniform",FALSE,FALSE,FALSE,FALSE
620,"Sunken Meadow",6,8,16,TRUE,TRUE,"uniform",FALSE,FALSE,FALSE,FALSE
620,"Sunken Meadow",7,8,16,TRUE,TRUE,"uniform",FALSE,FALSE,FALSE,FALSE
621,"Midland Field",1,,,,FALSE,"blank",,,FALSE,
621,"Midland Field",2,,,,FALSE,"blank",,,FALSE,
621,"Midland Field",3,,,,FALSE,"blank",,,FALSE,
621,"Midland Field",4,,,,FALSE,"blank",,,FALSE,
621,"Midland Field",5,,,,FALSE,"blank",,,FALSE,
621,"Midland Field",6,,,,FALSE,"blank",,,FALSE,
621,"Midland Field",7,,,,FALSE,"blank",,,FALSE,
622,"Schmul Park",1,8,16,TRUE,TRUE,"uniform",FALSE,FALSE,FALSE,FALSE
622,"Schmul Park",2,8,16,TRUE,TRUE,"uniform",FALSE,FALSE,FALSE,FALSE
622,"Schmul Park",3,8,16,TRUE,TRUE,"uniform",FALSE,FALSE,FALSE,FALSE
622,"Schmul Park",4,8,16,TRUE,TRUE,"uniform",FALSE,FALSE,FALSE,FALSE
622,"Schmul Park",5,8,16,TRUE,TRUE,"uniform",FALSE,FALSE,FALSE,FALSE
622,"Schmul Park",6,8,16,TRUE,TRUE,"uniform",FALSE,FALSE,FALSE,FALSE
622,"Schmul Park",7,8,16,TRUE,TRUE,"uniform",FALSE,FALSE,FALSE,FALSE
623,"Sunken Meadow",1,6,23,TRUE,TRUE,"uniform",FALSE,FALSE,FALSE,FALSE
623,"Sunken Meadow",2,6,23,TRUE,TRUE,"uniform",FALSE,FALSE,FALSE,FALSE
623,"Sunken Meadow",3,6,23,TRUE,TRUE,"uniform",FALSE,FALSE,FALSE,FALSE
623,"Sunken Meadow",4,6,23,TRUE,TRUE,"uniform",FALSE,FALSE,FALSE,FALSE
623,"Sunken Meadow",5,6,23,TRUE,TRUE,"uniform",FALSE,FALSE,FALSE,FALSE
623,"Sunken Meadow",6,6,23,TRUE,TRUE,"uniform",FALSE,FALSE,FALSE,FALSE
623,"Sunken Meadow",7,6,23,TRUE,TRUE,"uniform",FALSE,FALSE,FALSE,FALSE
624,"South Beach Zone 1",1,8,16,TRUE,TRUE,"uniform",FALSE,FALSE,FALSE,FALSE
624,"South Beach Zone 1",2,8,16,TRUE,TRUE,"uniform",FALSE,FALSE,FALSE,FALSE
624,"South Beach Zone 1",3,8,16,TRUE,TRUE,"uniform",FALSE,FALSE,FALSE,FALSE
624,"South Beach Zone 1",4,8,16,TRUE,TRUE,"uniform",FALSE,FALSE,FALSE,FALSE
624,"South Beach Zone 1",5,8,16,TRUE,TRUE,"uniform",FALSE,FALSE,FALSE,FALSE
624,"South Beach Zone 1",6,8,16,TRUE,TRUE,"uniform",FALSE,FALSE,FALSE,FALSE
624,"South Beach Zone 1",7,8,16,TRUE,TRUE,"uniform",FALSE,FALSE,FALSE,FALSE
625,"South Beach Zone 2",1,8,16,TRUE,TRUE,"uniform",FALSE,FALSE,FALSE,FALSE
625,"South Beach Zone 2",2,8,16,TRUE,TRUE,"uniform",FALSE,FALSE,FALSE,FALSE
625,"South Beach Zone 2",3,8,16,TRUE,TRUE,"uniform",FALSE,FALSE,FALSE,FALSE
625,"South Beach Zone 2",4,8,16,TRUE,TRUE,"uniform",FALSE,FALSE,FALSE,FALSE
625,"South Beach Zone 2",5,8,16,TRUE,TRUE,"uniform",FALSE,FALSE,FALSE,FALSE
625,"South Beach Zone 2",6,8,16,TRUE,TRUE,"uniform",FALSE,FALSE,FALSE,FALSE
625,"South Beach Zone 2",7,8,16,TRUE,TRUE,"uniform",FALSE,FALSE,FALSE,FALSE
626,"South Beach Zone 3",1,8,16,TRUE,TRUE,"uniform",FALSE,FALSE,FALSE,FALSE
626,"South Beach Zone 3",2,8,16,TRUE,TRUE,"uniform",FALSE,FALSE,FALSE,FALSE
626,"South Beach Zone 3",3,8,16,TRUE,TRUE,"uniform",FALSE,FALSE,FALSE,FALSE
626,"South Beach Zone 3",4,8,16,TRUE,TRUE,"uniform",FALSE,FALSE,FALSE,FALSE
626,"South Beach Zone 3",5,8,16,TRUE,TRUE,"uniform",FALSE,FALSE,FALSE,FALSE
626,"South Beach Zone 3",6,8,16,TRUE,TRUE,"uniform",FALSE,FALSE,FALSE,FALSE
626,"South Beach Zone 3",7,8,16,TRUE,TRUE,"uniform",FALSE,FALSE,FALSE,FALSE
627,"Midland Beach Zone 4",1,,,,FALSE,"blank",,,FALSE,
627,"Midland Beach Zone 4",2,,,,FALSE,"blank",,,FALSE,
627,"Midland Beach Zone 4",3,,,,FALSE,"blank",,,FALSE,
627,"Midland Beach Zone 4",4,,,,FALSE,"blank",,,FALSE,
627,"Midland Beach Zone 4",5,,,,FALSE,"blank",,,FALSE,
627,"Midland Beach Zone 4",6,,,,FALSE,"blank",,,FALSE,
627,"Midland Beach Zone 4",7,,,,FALSE,"blank",,,FALSE,
628,"Rev. Dr. Maggie Howard Playground",1,8,16,TRUE,TRUE,"uniform",FALSE,FALSE,FALSE,FALSE
628,"Rev. Dr. Maggie Howard Playground",2,8,16,TRUE,TRUE,"uniform",FALSE,FALSE,FALSE,FALSE
628,"Rev. Dr. Maggie Howard Playground",3,8,16,TRUE,TRUE,"uniform",FALSE,FALSE,FALSE,FALSE
628,"Rev. Dr. Maggie Howard Playground",4,8,16,TRUE,TRUE,"uniform",FALSE,FALSE,FALSE,FALSE
628,"Rev. Dr. Maggie Howard Playground",5,8,16,TRUE,TRUE,"uniform",FALSE,FALSE,FALSE,FALSE
628,"Rev. Dr. Maggie Howard Playground",6,8,16,TRUE,TRUE,"uniform",FALSE,FALSE,FALSE,FALSE
628,"Rev. Dr. Maggie Howard Playground",7,8,16,TRUE,TRUE,"uniform",FALSE,FALSE,FALSE,FALSE
629,"Arrochar Playground",1,8,16,TRUE,TRUE,"uniform",FALSE,FALSE,FALSE,FALSE
629,"Arrochar Playground",2,8,16,TRUE,TRUE,"uniform",FALSE,FALSE,FALSE,FALSE
629,"Arrochar Playground",3,8,16,TRUE,TRUE,"uniform",FALSE,FALSE,FALSE,FALSE
629,"Arrochar Playground",4,8,16,TRUE,TRUE,"uniform",FALSE,FALSE,FALSE,FALSE
629,"Arrochar Playground",5,8,16,TRUE,TRUE,"uniform",FALSE,FALSE,FALSE,FALSE
629,"Arrochar Playground",6,8,16,TRUE,TRUE,"uniform",FALSE,FALSE,FALSE,FALSE
629,"Arrochar Playground",7,8,16,TRUE,TRUE,"uniform",FALSE,FALSE,FALSE,FALSE
630,"Old Town Playground",1,8,16,TRUE,TRUE,"uniform",FALSE,FALSE,FALSE,FALSE
630,"Old Town Playground",2,8,16,TRUE,TRUE,"uniform",FALSE,FALSE,FALSE,FALSE
630,"Old Town Playground",3,8,16,TRUE,TRUE,"uniform",FALSE,FALSE,FALSE,FALSE
630,"Old Town Playground",4,8,16,TRUE,TRUE,"uniform",FALSE,FALSE,FALSE,FALSE
630,"Old Town Playground",5,8,16,TRUE,TRUE,"uniform",FALSE,FALSE,FALSE,FALSE
630,"Old Town Playground",6,8,16,TRUE,TRUE,"uniform",FALSE,FALSE,FALSE,FALSE
630,"Old Town Playground",7,8,16,TRUE,TRUE,"uniform",FALSE,FALSE,FALSE,FALSE
631,"Christopher J. Igneri Playground",1,8,16,TRUE,TRUE,"uniform",FALSE,FALSE,FALSE,FALSE
631,"Christopher J. Igneri Playground",2,8,16,TRUE,TRUE,"uniform",FALSE,FALSE,FALSE,FALSE
631,"Christopher J. Igneri Playground",3,8,16,TRUE,TRUE,"uniform",FALSE,FALSE,FALSE,FALSE
631,"Christopher J. Igneri Playground",4,8,16,TRUE,TRUE,"uniform",FALSE,FALSE,FALSE,FALSE
631,"Christopher J. Igneri Playground",5,8,16,TRUE,TRUE,"uniform",FALSE,FALSE,FALSE,FALSE
631,"Christopher J. Igneri Playground",6,8,16,TRUE,TRUE,"uniform",FALSE,FALSE,FALSE,FALSE
631,"Christopher J. Igneri Playground",7,8,16,TRUE,TRUE,"uniform",FALSE,FALSE,FALSE,FALSE
632,"Willowbrook Park Recreational Area",1,,,,FALSE,"blank",,,FALSE,
632,"Willowbrook Park Recreational Area",2,,,,FALSE,"blank",,,FALSE,
632,"Willowbrook Park Recreational Area",3,,,,FALSE,"blank",,,FALSE,
632,"Willowbrook Park Recreational Area",4,,,,FALSE,"blank",,,FALSE,
632,"Willowbrook Park Recreational Area",5,,,,FALSE,"blank",,,FALSE,
632,"Willowbrook Park Recreational Area",6,,,,FALSE,"blank",,,FALSE,
632,"Willowbrook Park Recreational Area",7,,,,FALSE,"blank",,,FALSE,
633,"Gen. Douglas MacArthur Park",1,8,16,TRUE,TRUE,"uniform",FALSE,FALSE,FALSE,FALSE
633,"Gen. Douglas MacArthur Park",2,8,16,TRUE,TRUE,"uniform",FALSE,FALSE,FALSE,FALSE
633,"Gen. Douglas MacArthur Park",3,8,16,TRUE,TRUE,"uniform",FALSE,FALSE,FALSE,FALSE
633,"Gen. Douglas MacArthur Park",4,8,16,TRUE,TRUE,"uniform",FALSE,FALSE,FALSE,FALSE
633,"Gen. Douglas MacArthur Park",5,8,16,TRUE,TRUE,"uniform",FALSE,FALSE,FALSE,FALSE
633,"Gen. Douglas MacArthur Park",6,8,16,TRUE,TRUE,"uniform",FALSE,FALSE,FALSE,FALSE
633,"Gen. Douglas MacArthur Park",7,8,16,TRUE,TRUE,"uniform",FALSE,FALSE,FALSE,FALSE
634,"The Big Park",1,8,16,TRUE,TRUE,"uniform",FALSE,FALSE,FALSE,FALSE
634,"The Big Park",2,8,16,TRUE,TRUE,"uniform",FALSE,FALSE,FALSE,FALSE
634,"The Big Park",3,8,16,TRUE,TRUE,"uniform",FALSE,FALSE,FALSE,FALSE
634,"The Big Park",4,8,16,TRUE,TRUE,"uniform",FALSE,FALSE,FALSE,FALSE
634,"The Big Park",5,8,16,TRUE,TRUE,"uniform",FALSE,FALSE,FALSE,FALSE
634,"The Big Park",6,8,16,TRUE,TRUE,"uniform",FALSE,FALSE,FALSE,FALSE
634,"The Big Park",7,8,16,TRUE,TRUE,"uniform",FALSE,FALSE,FALSE,FALSE
635,"Terrace Playground",1,8,16,TRUE,TRUE,"uniform",FALSE,FALSE,FALSE,FALSE
635,"Terrace Playground",2,8,16,TRUE,TRUE,"uniform",FALSE,FALSE,FALSE,FALSE
635,"Terrace Playground",3,8,16,TRUE,TRUE,"uniform",FALSE,FALSE,FALSE,FALSE
635,"Terrace Playground",4,8,16,TRUE,TRUE,"uniform",FALSE,FALSE,FALSE,FALSE
635,"Terrace Playground",5,8,16,TRUE,TRUE,"uniform",FALSE,FALSE,FALSE,FALSE
635,"Terrace Playground",6,8,16,TRUE,TRUE,"uniform",FALSE,FALSE,FALSE,FALSE
635,"Terrace Playground",7,8,16,TRUE,TRUE,"uniform",FALSE,FALSE,FALSE,FALSE
636,"Markham Playground",1,8,16,TRUE,TRUE,"uniform",FALSE,FALSE,FALSE,FALSE
636,"Markham Playground",2,8,16,TRUE,TRUE,"uniform",FALSE,FALSE,FALSE,FALSE
636,"Markham Playground",3,8,16,TRUE,TRUE,"uniform",FALSE,FALSE,FALSE,FALSE
636,"Markham Playground",4,8,16,TRUE,TRUE,"uniform",FALSE,FALSE,FALSE,FALSE
636,"Markham Playground",5,8,16,TRUE,TRUE,"uniform",FALSE,FALSE,FALSE,FALSE
636,"Markham Playground",6,8,16,TRUE,TRUE,"uniform",FALSE,FALSE,FALSE,FALSE
636,"Markham Playground",7,8,16,TRUE,TRUE,"uniform",FALSE,FALSE,FALSE,FALSE
637,"E.M.T. Christopher J. Prescott Playground",1,8,16,TRUE,TRUE,"uniform",FALSE,FALSE,FALSE,FALSE
637,"E.M.T. Christopher J. Prescott Playground",2,8,16,TRUE,TRUE,"uniform",FALSE,FALSE,FALSE,FALSE
637,"E.M.T. Christopher J. Prescott Playground",3,8,16,TRUE,TRUE,"uniform",FALSE,FALSE,FALSE,FALSE
637,"E.M.T. Christopher J. Prescott Playground",4,8,16,TRUE,TRUE,"uniform",FALSE,FALSE,FALSE,FALSE
637,"E.M.T. Christopher J. Prescott Playground",5,8,16,TRUE,TRUE,"uniform",FALSE,FALSE,FALSE,FALSE
637,"E.M.T. Christopher J. Prescott Playground",6,8,16,TRUE,TRUE,"uniform",FALSE,FALSE,FALSE,FALSE
637,"E.M.T. Christopher J. Prescott Playground",7,8,16,TRUE,TRUE,"uniform",FALSE,FALSE,FALSE,FALSE
638,"Dongan Playground",1,8,16,TRUE,TRUE,"uniform",FALSE,FALSE,FALSE,FALSE
638,"Dongan Playground",2,8,16,TRUE,TRUE,"uniform",FALSE,FALSE,FALSE,FALSE
638,"Dongan Playground",3,8,16,TRUE,TRUE,"uniform",FALSE,FALSE,FALSE,FALSE
638,"Dongan Playground",4,8,16,TRUE,TRUE,"uniform",FALSE,FALSE,FALSE,FALSE
638,"Dongan Playground",5,8,16,TRUE,TRUE,"uniform",FALSE,FALSE,FALSE,FALSE
638,"Dongan Playground",6,8,16,TRUE,TRUE,"uniform",FALSE,FALSE,FALSE,FALSE
638,"Dongan Playground",7,8,16,TRUE,TRUE,"uniform",FALSE,FALSE,FALSE,FALSE
639,"Greencroft Playground",1,8,16,TRUE,TRUE,"uniform",FALSE,FALSE,FALSE,FALSE
639,"Greencroft Playground",2,8,16,TRUE,TRUE,"uniform",FALSE,FALSE,FALSE,FALSE
639,"Greencroft Playground",3,8,16,TRUE,TRUE,"uniform",FALSE,FALSE,FALSE,FALSE
639,"Greencroft Playground",4,8,16,TRUE,TRUE,"uniform",FALSE,FALSE,FALSE,FALSE
639,"Greencroft Playground",5,8,16,TRUE,TRUE,"uniform",FALSE,FALSE,FALSE,FALSE
639,"Greencroft Playground",6,8,16,TRUE,TRUE,"uniform",FALSE,FALSE,FALSE,FALSE
639,"Greencroft Playground",7,8,16,TRUE,TRUE,"uniform",FALSE,FALSE,FALSE,FALSE
640,"St Nicholas",1,8,16,TRUE,TRUE,"uniform",FALSE,FALSE,FALSE,FALSE
640,"St Nicholas",2,8,16,TRUE,TRUE,"uniform",FALSE,FALSE,FALSE,FALSE
640,"St Nicholas",3,8,16,TRUE,TRUE,"uniform",FALSE,FALSE,FALSE,FALSE
640,"St Nicholas",4,8,16,TRUE,TRUE,"uniform",FALSE,FALSE,FALSE,FALSE
640,"St Nicholas",5,8,16,TRUE,TRUE,"uniform",FALSE,FALSE,FALSE,FALSE
640,"St Nicholas",6,8,16,TRUE,TRUE,"uniform",FALSE,FALSE,FALSE,FALSE
640,"St Nicholas",7,8,16,TRUE,TRUE,"uniform",FALSE,FALSE,FALSE,FALSE
641,"Corporal Thompson Playground",1,8,16,TRUE,TRUE,"uniform",FALSE,FALSE,FALSE,FALSE
641,"Corporal Thompson Playground",2,8,16,TRUE,TRUE,"uniform",FALSE,FALSE,FALSE,FALSE
641,"Corporal Thompson Playground",3,8,16,TRUE,TRUE,"uniform",FALSE,FALSE,FALSE,FALSE
641,"Corporal Thompson Playground",4,8,16,TRUE,TRUE,"uniform",FALSE,FALSE,FALSE,FALSE
641,"Corporal Thompson Playground",5,8,16,TRUE,TRUE,"uniform",FALSE,FALSE,FALSE,FALSE
641,"Corporal Thompson Playground",6,8,16,TRUE,TRUE,"uniform",FALSE,FALSE,FALSE,FALSE
641,"Corporal Thompson Playground",7,8,16,TRUE,TRUE,"uniform",FALSE,FALSE,FALSE,FALSE
642,"Jennifer's Playground",1,8,16,TRUE,TRUE,"uniform",FALSE,FALSE,FALSE,FALSE
642,"Jennifer's Playground",2,8,16,TRUE,TRUE,"uniform",FALSE,FALSE,FALSE,FALSE
642,"Jennifer's Playground",3,8,16,TRUE,TRUE,"uniform",FALSE,FALSE,FALSE,FALSE
642,"Jennifer's Playground",4,8,16,TRUE,TRUE,"uniform",FALSE,FALSE,FALSE,FALSE
642,"Jennifer's Playground",5,8,16,TRUE,TRUE,"uniform",FALSE,FALSE,FALSE,FALSE
642,"Jennifer's Playground",6,8,16,TRUE,TRUE,"uniform",FALSE,FALSE,FALSE,FALSE
642,"Jennifer's Playground",7,8,16,TRUE,TRUE,"uniform",FALSE,FALSE,FALSE,FALSE
643,"Fairview Park Zone 1",1,8,16,TRUE,TRUE,"uniform",FALSE,FALSE,FALSE,FALSE
643,"Fairview Park Zone 1",2,8,16,TRUE,TRUE,"uniform",FALSE,FALSE,FALSE,FALSE
643,"Fairview Park Zone 1",3,8,16,TRUE,TRUE,"uniform",FALSE,FALSE,FALSE,FALSE
643,"Fairview Park Zone 1",4,8,16,TRUE,TRUE,"uniform",FALSE,FALSE,FALSE,FALSE
643,"Fairview Park Zone 1",5,8,16,TRUE,TRUE,"uniform",FALSE,FALSE,FALSE,FALSE
643,"Fairview Park Zone 1",6,8,16,TRUE,TRUE,"uniform",FALSE,FALSE,FALSE,FALSE
643,"Fairview Park Zone 1",7,8,16,TRUE,TRUE,"uniform",FALSE,FALSE,FALSE,FALSE
644,"Monsignor Raul Del Valle Square",1,,,,FALSE,"blank",,,FALSE,
644,"Monsignor Raul Del Valle Square",2,,,,FALSE,"blank",,,FALSE,
644,"Monsignor Raul Del Valle Square",3,,,,FALSE,"blank",,,FALSE,
644,"Monsignor Raul Del Valle Square",4,,,,FALSE,"blank",,,FALSE,
644,"Monsignor Raul Del Valle Square",5,,,,FALSE,"blank",,,FALSE,
644,"Monsignor Raul Del Valle Square",6,,,,FALSE,"blank",,,FALSE,
644,"Monsignor Raul Del Valle Square",7,,,,FALSE,"blank",,,FALSE,
645,"Walter Gladwin Park",1,,,,FALSE,"blank",,,FALSE,
645,"Walter Gladwin Park",2,,,,FALSE,"blank",,,FALSE,
645,"Walter Gladwin Park",3,,,,FALSE,"blank",,,FALSE,
645,"Walter Gladwin Park",4,,,,FALSE,"blank",,,FALSE,
645,"Walter Gladwin Park",5,,,,FALSE,"blank",,,FALSE,
645,"Walter Gladwin Park",6,,,,FALSE,"blank",,,FALSE,
645,"Walter Gladwin Park",7,,,,FALSE,"blank",,,FALSE,
646,"Crotona Malls Zone 1",1,,,,FALSE,"blank",,,FALSE,
646,"Crotona Malls Zone 1",2,,,,FALSE,"blank",,,FALSE,
646,"Crotona Malls Zone 1",3,,,,FALSE,"blank",,,FALSE,
646,"Crotona Malls Zone 1",4,,,,FALSE,"blank",,,FALSE,
646,"Crotona Malls Zone 1",5,,,,FALSE,"blank",,,FALSE,
646,"Crotona Malls Zone 1",6,,,,FALSE,"blank",,,FALSE,
646,"Crotona Malls Zone 1",7,,,,FALSE,"blank",,,FALSE,
647,"Railroad Park",1,,,,FALSE,"blank",,,FALSE,
647,"Railroad Park",2,,,,FALSE,"blank",,,FALSE,
647,"Railroad Park",3,,,,FALSE,"blank",,,FALSE,
647,"Railroad Park",4,,,,FALSE,"blank",,,FALSE,
647,"Railroad Park",5,,,,FALSE,"blank",,,FALSE,
647,"Railroad Park",6,,,,FALSE,"blank",,,FALSE,
647,"Railroad Park",7,,,,FALSE,"blank",,,FALSE,
648,"Mosholu Parkway Zone 4",1,,,,FALSE,"blank",,,FALSE,
648,"Mosholu Parkway Zone 4",2,,,,FALSE,"blank",,,FALSE,
648,"Mosholu Parkway Zone 4",3,,,,FALSE,"blank",,,FALSE,
648,"Mosholu Parkway Zone 4",4,,,,FALSE,"blank",,,FALSE,
648,"Mosholu Parkway Zone 4",5,,,,FALSE,"blank",,,FALSE,
648,"Mosholu Parkway Zone 4",6,,,,FALSE,"blank",,,FALSE,
648,"Mosholu Parkway Zone 4",7,,,,FALSE,"blank",,,FALSE,
649,"Zimmerman Playground",1,,,,FALSE,"blank",,,FALSE,
649,"Zimmerman Playground",2,,,,FALSE,"blank",,,FALSE,
649,"Zimmerman Playground",3,,,,FALSE,"blank",,,FALSE,
649,"Zimmerman Playground",4,,,,FALSE,"blank",,,FALSE,
649,"Zimmerman Playground",5,,,,FALSE,"blank",,,FALSE,
649,"Zimmerman Playground",6,,,,FALSE,"blank",,,FALSE,
649,"Zimmerman Playground",7,,,,FALSE,"blank",,,FALSE,
650,"Van Cortlandt Stadium",1,,,,FALSE,"blank",,,FALSE,
650,"Van Cortlandt Stadium",2,,,,FALSE,"blank",,,FALSE,
650,"Van Cortlandt Stadium",3,,,,FALSE,"blank",,,FALSE,
650,"Van Cortlandt Stadium",4,,,,FALSE,"blank",,,FALSE,
650,"Van Cortlandt Stadium",5,,,,FALSE,"blank",,,FALSE,
650,"Van Cortlandt Stadium",6,,,,FALSE,"blank",,,FALSE,
650,"Van Cortlandt Stadium",7,,,,FALSE,"blank",,,FALSE,
651,"St Nicholas",1,8,16,TRUE,TRUE,"uniform",FALSE,FALSE,FALSE,FALSE
651,"St Nicholas",2,8,16,TRUE,TRUE,"uniform",FALSE,FALSE,FALSE,FALSE
651,"St Nicholas",3,8,16,TRUE,TRUE,"uniform",FALSE,FALSE,FALSE,FALSE
651,"St Nicholas",4,8,16,TRUE,TRUE,"uniform",FALSE,FALSE,FALSE,FALSE
651,"St Nicholas",5,8,16,TRUE,TRUE,"uniform",FALSE,FALSE,FALSE,FALSE
651,"St Nicholas",6,8,16,TRUE,TRUE,"uniform",FALSE,FALSE,FALSE,FALSE
651,"St Nicholas",7,8,16,TRUE,TRUE,"uniform",FALSE,FALSE,FALSE,FALSE
652,"Kelly Park Playground",1,,,,FALSE,"blank",,,FALSE,
652,"Kelly Park Playground",2,,,,FALSE,"blank",,,FALSE,
652,"Kelly Park Playground",3,,,,FALSE,"blank",,,FALSE,
652,"Kelly Park Playground",4,,,,FALSE,"blank",,,FALSE,
652,"Kelly Park Playground",5,,,,FALSE,"blank",,,FALSE,
652,"Kelly Park Playground",6,,,,FALSE,"blank",,,FALSE,
652,"Kelly Park Playground",7,,,,FALSE,"blank",,,FALSE,
653,"Martinez Playground",1,,,,FALSE,"blank",,,FALSE,
653,"Martinez Playground",2,,,,FALSE,"blank",,,FALSE,
653,"Martinez Playground",3,,,,FALSE,"blank",,,FALSE,
653,"Martinez Playground",4,,,,FALSE,"blank",,,FALSE,
653,"Martinez Playground",5,,,,FALSE,"blank",,,FALSE,
653,"Martinez Playground",6,,,,FALSE,"blank",,,FALSE,
653,"Martinez Playground",7,,,,FALSE,"blank",,,FALSE,
654,"Ocean Hill Playground",1,,,,FALSE,"blank",,,FALSE,
654,"Ocean Hill Playground",2,,,,FALSE,"blank",,,FALSE,
654,"Ocean Hill Playground",3,,,,FALSE,"blank",,,FALSE,
654,"Ocean Hill Playground",4,,,,FALSE,"blank",,,FALSE,
654,"Ocean Hill Playground",5,,,,FALSE,"blank",,,FALSE,
654,"Ocean Hill Playground",6,,,,FALSE,"blank",,,FALSE,
654,"Ocean Hill Playground",7,,,,FALSE,"blank",,,FALSE,
655,"Garibaldi Playground",1,,,,FALSE,"blank",,,FALSE,
655,"Garibaldi Playground",2,,,,FALSE,"blank",,,FALSE,
655,"Garibaldi Playground",3,,,,FALSE,"blank",,,FALSE,
655,"Garibaldi Playground",4,,,,FALSE,"blank",,,FALSE,
655,"Garibaldi Playground",5,,,,FALSE,"blank",,,FALSE,
655,"Garibaldi Playground",6,,,,FALSE,"blank",,,FALSE,
655,"Garibaldi Playground",7,,,,FALSE,"blank",,,FALSE,
656,"John Hancock Playground",1,,,,FALSE,"blank",,,FALSE,
656,"John Hancock Playground",2,,,,FALSE,"blank",,,FALSE,
656,"John Hancock Playground",3,,,,FALSE,"blank",,,FALSE,
656,"John Hancock Playground",4,,,,FALSE,"blank",,,FALSE,
656,"John Hancock Playground",5,,,,FALSE,"blank",,,FALSE,
656,"John Hancock Playground",6,,,,FALSE,"blank",,,FALSE,
656,"John Hancock Playground",7,,,,FALSE,"blank",,,FALSE,
657,"Jerome Playground",1,,,,FALSE,"blank",,,FALSE,
657,"Jerome Playground",2,,,,FALSE,"blank",,,FALSE,
657,"Jerome Playground",3,,,,FALSE,"blank",,,FALSE,
657,"Jerome Playground",4,,,,FALSE,"blank",,,FALSE,
657,"Jerome Playground",5,,,,FALSE,"blank",,,FALSE,
657,"Jerome Playground",6,,,,FALSE,"blank",,,FALSE,
657,"Jerome Playground",7,,,,FALSE,"blank",,,FALSE,
658,"Sankofa Park",1,,,,FALSE,"blank",,,FALSE,
658,"Sankofa Park",2,,,,FALSE,"blank",,,FALSE,
658,"Sankofa Park",3,,,,FALSE,"blank",,,FALSE,
658,"Sankofa Park",4,,,,FALSE,"blank",,,FALSE,
658,"Sankofa Park",5,,,,FALSE,"blank",,,FALSE,
658,"Sankofa Park",6,,,,FALSE,"blank",,,FALSE,
658,"Sankofa Park",7,,,,FALSE,"blank",,,FALSE,
659,"Marlboro Playground",1,,,,FALSE,"blank",,,FALSE,
659,"Marlboro Playground",2,,,,FALSE,"blank",,,FALSE,
659,"Marlboro Playground",3,,,,FALSE,"blank",,,FALSE,
659,"Marlboro Playground",4,,,,FALSE,"blank",,,FALSE,
659,"Marlboro Playground",5,,,,FALSE,"blank",,,FALSE,
659,"Marlboro Playground",6,,,,FALSE,"blank",,,FALSE,
659,"Marlboro Playground",7,,,,FALSE,"blank",,,FALSE,
660,"Grady Playground",1,,,,FALSE,"blank",,,FALSE,
660,"Grady Playground",2,,,,FALSE,"blank",,,FALSE,
660,"Grady Playground",3,,,,FALSE,"blank",,,FALSE,
660,"Grady Playground",4,,,,FALSE,"blank",,,FALSE,
660,"Grady Playground",5,,,,FALSE,"blank",,,FALSE,
660,"Grady Playground",6,,,,FALSE,"blank",,,FALSE,
660,"Grady Playground",7,,,,FALSE,"blank",,,FALSE,
661,"Luna Playground",1,,,,FALSE,"blank",,,FALSE,
661,"Luna Playground",2,,,,FALSE,"blank",,,FALSE,
661,"Luna Playground",3,,,,FALSE,"blank",,,FALSE,
661,"Luna Playground",4,,,,FALSE,"blank",,,FALSE,
661,"Luna Playground",5,,,,FALSE,"blank",,,FALSE,
661,"Luna Playground",6,,,,FALSE,"blank",,,FALSE,
661,"Luna Playground",7,,,,FALSE,"blank",,,FALSE,
662,"Osborn Playground",1,,,,FALSE,"blank",,,FALSE,
662,"Osborn Playground",2,,,,FALSE,"blank",,,FALSE,
662,"Osborn Playground",3,,,,FALSE,"blank",,,FALSE,
662,"Osborn Playground",4,,,,FALSE,"blank",,,FALSE,
662,"Osborn Playground",5,,,,FALSE,"blank",,,FALSE,
662,"Osborn Playground",6,,,,FALSE,"blank",,,FALSE,
662,"Osborn Playground",7,,,,FALSE,"blank",,,FALSE,
663,"Ethan Allen Playground",1,,,,FALSE,"blank",,,FALSE,
663,"Ethan Allen Playground",2,,,,FALSE,"blank",,,FALSE,
663,"Ethan Allen Playground",3,,,,FALSE,"blank",,,FALSE,
663,"Ethan Allen Playground",4,,,,FALSE,"blank",,,FALSE,
663,"Ethan Allen Playground",5,,,,FALSE,"blank",,,FALSE,
663,"Ethan Allen Playground",6,,,,FALSE,"blank",,,FALSE,
663,"Ethan Allen Playground",7,,,,FALSE,"blank",,,FALSE,
664,"De Hostos Playground",1,,,,FALSE,"blank",,,FALSE,
664,"De Hostos Playground",2,,,,FALSE,"blank",,,FALSE,
664,"De Hostos Playground",3,,,,FALSE,"blank",,,FALSE,
664,"De Hostos Playground",4,,,,FALSE,"blank",,,FALSE,
664,"De Hostos Playground",5,,,,FALSE,"blank",,,FALSE,
664,"De Hostos Playground",6,,,,FALSE,"blank",,,FALSE,
664,"De Hostos Playground",7,,,,FALSE,"blank",,,FALSE,
665,"Chester Playground",1,,,,FALSE,"blank",,,FALSE,
665,"Chester Playground",2,,,,FALSE,"blank",,,FALSE,
665,"Chester Playground",3,,,,FALSE,"blank",,,FALSE,
665,"Chester Playground",4,,,,FALSE,"blank",,,FALSE,
665,"Chester Playground",5,,,,FALSE,"blank",,,FALSE,
665,"Chester Playground",6,,,,FALSE,"blank",,,FALSE,
665,"Chester Playground",7,,,,FALSE,"blank",,,FALSE,
666,"Allen Street Malls",1,,,,FALSE,"blank",,,FALSE,
666,"Allen Street Malls",2,,,,FALSE,"blank",,,FALSE,
666,"Allen Street Malls",3,,,,FALSE,"blank",,,FALSE,
666,"Allen Street Malls",4,,,,FALSE,"blank",,,FALSE,
666,"Allen Street Malls",5,,,,FALSE,"blank",,,FALSE,
666,"Allen Street Malls",6,,,,FALSE,"blank",,,FALSE,
666,"Allen Street Malls",7,,,,FALSE,"blank",,,FALSE,
667,"Quisqueya Playground",1,,,,FALSE,"blank",,,FALSE,
667,"Quisqueya Playground",2,,,,FALSE,"blank",,,FALSE,
667,"Quisqueya Playground",3,,,,FALSE,"blank",,,FALSE,
667,"Quisqueya Playground",4,,,,FALSE,"blank",,,FALSE,
667,"Quisqueya Playground",5,,,,FALSE,"blank",,,FALSE,
667,"Quisqueya Playground",6,,,,FALSE,"blank",,,FALSE,
667,"Quisqueya Playground",7,,,,FALSE,"blank",,,FALSE,
668,"Payson Playground",1,,,,FALSE,"blank",,,FALSE,
668,"Payson Playground",2,,,,FALSE,"blank",,,FALSE,
668,"Payson Playground",3,,,,FALSE,"blank",,,FALSE,
668,"Payson Playground",4,,,,FALSE,"blank",,,FALSE,
668,"Payson Playground",5,,,,FALSE,"blank",,,FALSE,
668,"Payson Playground",6,,,,FALSE,"blank",,,FALSE,
668,"Payson Playground",7,,,,FALSE,"blank",,,FALSE,
669,"Inwood Hill Park Zone 2",1,8,16,TRUE,TRUE,"uniform",FALSE,FALSE,FALSE,FALSE
669,"Inwood Hill Park Zone 2",2,8,16,TRUE,TRUE,"uniform",FALSE,FALSE,FALSE,FALSE
669,"Inwood Hill Park Zone 2",3,8,16,TRUE,TRUE,"uniform",FALSE,FALSE,FALSE,FALSE
669,"Inwood Hill Park Zone 2",4,8,16,TRUE,TRUE,"uniform",FALSE,FALSE,FALSE,FALSE
669,"Inwood Hill Park Zone 2",5,8,16,TRUE,TRUE,"uniform",FALSE,FALSE,FALSE,FALSE
669,"Inwood Hill Park Zone 2",6,8,16,TRUE,TRUE,"uniform",FALSE,FALSE,FALSE,FALSE
669,"Inwood Hill Park Zone 2",7,8,16,TRUE,TRUE,"uniform",FALSE,FALSE,FALSE,FALSE
670,"Morningside Playground",1,8,16,TRUE,TRUE,"uniform",FALSE,FALSE,FALSE,FALSE
670,"Morningside Playground",2,8,16,TRUE,TRUE,"uniform",FALSE,FALSE,FALSE,FALSE
670,"Morningside Playground",3,8,16,TRUE,TRUE,"uniform",FALSE,FALSE,FALSE,FALSE
670,"Morningside Playground",4,8,16,TRUE,TRUE,"uniform",FALSE,FALSE,FALSE,FALSE
670,"Morningside Playground",5,8,16,TRUE,TRUE,"uniform",FALSE,FALSE,FALSE,FALSE
670,"Morningside Playground",6,8,16,TRUE,TRUE,"uniform",FALSE,FALSE,FALSE,FALSE
670,"Morningside Playground",7,8,16,TRUE,TRUE,"uniform",FALSE,FALSE,FALSE,FALSE
671,"St. Vartan Park",1,8,16,TRUE,TRUE,"uniform",FALSE,FALSE,FALSE,FALSE
671,"St. Vartan Park",2,8,16,TRUE,TRUE,"uniform",FALSE,FALSE,FALSE,FALSE
671,"St. Vartan Park",3,8,16,TRUE,TRUE,"uniform",FALSE,FALSE,FALSE,FALSE
671,"St. Vartan Park",4,8,16,TRUE,TRUE,"uniform",FALSE,FALSE,FALSE,FALSE
671,"St. Vartan Park",5,8,16,TRUE,TRUE,"uniform",FALSE,FALSE,FALSE,FALSE
671,"St. Vartan Park",6,8,16,TRUE,TRUE,"uniform",FALSE,FALSE,FALSE,FALSE
671,"St. Vartan Park",7,8,16,TRUE,TRUE,"uniform",FALSE,FALSE,FALSE,FALSE
672,"The High Line Zone 1",1,8,16,TRUE,TRUE,"uniform",FALSE,FALSE,FALSE,FALSE
672,"The High Line Zone 1",2,8,16,TRUE,TRUE,"uniform",FALSE,FALSE,FALSE,FALSE
672,"The High Line Zone 1",3,8,16,TRUE,TRUE,"uniform",FALSE,FALSE,FALSE,FALSE
672,"The High Line Zone 1",4,8,16,TRUE,TRUE,"uniform",FALSE,FALSE,FALSE,FALSE
672,"The High Line Zone 1",5,8,16,TRUE,TRUE,"uniform",FALSE,FALSE,FALSE,FALSE
672,"The High Line Zone 1",6,8,16,TRUE,TRUE,"uniform",FALSE,FALSE,FALSE,FALSE
672,"The High Line Zone 1",7,8,16,TRUE,TRUE,"uniform",FALSE,FALSE,FALSE,FALSE
673,"The High Line Zone 1",1,8,16,TRUE,TRUE,"uniform",FALSE,FALSE,FALSE,FALSE
673,"The High Line Zone 1",2,8,16,TRUE,TRUE,"uniform",FALSE,FALSE,FALSE,FALSE
673,"The High Line Zone 1",3,8,16,TRUE,TRUE,"uniform",FALSE,FALSE,FALSE,FALSE
673,"The High Line Zone 1",4,8,16,TRUE,TRUE,"uniform",FALSE,FALSE,FALSE,FALSE
673,"The High Line Zone 1",5,8,16,TRUE,TRUE,"uniform",FALSE,FALSE,FALSE,FALSE
673,"The High Line Zone 1",6,8,16,TRUE,TRUE,"uniform",FALSE,FALSE,FALSE,FALSE
673,"The High Line Zone 1",7,8,16,TRUE,TRUE,"uniform",FALSE,FALSE,FALSE,FALSE
674,"The Ramble",1,6,25,TRUE,TRUE,"uniform",FALSE,FALSE,FALSE,FALSE
674,"The Ramble",2,6,25,TRUE,TRUE,"uniform",FALSE,FALSE,FALSE,FALSE
674,"The Ramble",3,6,25,TRUE,TRUE,"uniform",FALSE,FALSE,FALSE,FALSE
674,"The Ramble",4,6,25,TRUE,TRUE,"uniform",FALSE,FALSE,FALSE,FALSE
674,"The Ramble",5,6,25,TRUE,TRUE,"uniform",FALSE,FALSE,FALSE,FALSE
674,"The Ramble",6,6,25,TRUE,TRUE,"uniform",FALSE,FALSE,FALSE,FALSE
674,"The Ramble",7,6,25,TRUE,TRUE,"uniform",FALSE,FALSE,FALSE,FALSE
675,"Scylla Playground",1,,,,FALSE,"blank",,,FALSE,
675,"Scylla Playground",2,,,,FALSE,"blank",,,FALSE,
675,"Scylla Playground",3,,,,FALSE,"blank",,,FALSE,
675,"Scylla Playground",4,,,,FALSE,"blank",,,FALSE,
675,"Scylla Playground",5,,,,FALSE,"blank",,,FALSE,
675,"Scylla Playground",6,,,,FALSE,"blank",,,FALSE,
675,"Scylla Playground",7,,,,FALSE,"blank",,,FALSE,
676,"East River Park Zone 2",1,,,,FALSE,"blank",,,FALSE,
676,"East River Park Zone 2",2,,,,FALSE,"blank",,,FALSE,
676,"East River Park Zone 2",3,,,,FALSE,"blank",,,FALSE,
676,"East River Park Zone 2",4,,,,FALSE,"blank",,,FALSE,
676,"East River Park Zone 2",5,,,,FALSE,"blank",,,FALSE,
676,"East River Park Zone 2",6,,,,FALSE,"blank",,,FALSE,
676,"East River Park Zone 2",7,,,,FALSE,"blank",,,FALSE,
677,"Frederick Johnson Playground",1,8,16,TRUE,TRUE,"uniform",FALSE,FALSE,FALSE,FALSE
677,"Frederick Johnson Playground",2,8,16,TRUE,TRUE,"uniform",FALSE,FALSE,FALSE,FALSE
677,"Frederick Johnson Playground",3,8,16,TRUE,TRUE,"uniform",FALSE,FALSE,FALSE,FALSE
677,"Frederick Johnson Playground",4,8,16,TRUE,TRUE,"uniform",FALSE,FALSE,FALSE,FALSE
677,"Frederick Johnson Playground",5,8,16,TRUE,TRUE,"uniform",FALSE,FALSE,FALSE,FALSE
677,"Frederick Johnson Playground",6,8,16,TRUE,TRUE,"uniform",FALSE,FALSE,FALSE,FALSE
677,"Frederick Johnson Playground",7,8,16,TRUE,TRUE,"uniform",FALSE,FALSE,FALSE,FALSE
678,"Sheltering Arms Playground",1,8,16,TRUE,TRUE,"uniform",FALSE,FALSE,FALSE,FALSE
678,"Sheltering Arms Playground",2,8,16,TRUE,TRUE,"uniform",FALSE,FALSE,FALSE,FALSE
678,"Sheltering Arms Playground",3,8,16,TRUE,TRUE,"uniform",FALSE,FALSE,FALSE,FALSE
678,"Sheltering Arms Playground",4,8,16,TRUE,TRUE,"uniform",FALSE,FALSE,FALSE,FALSE
678,"Sheltering Arms Playground",5,8,16,TRUE,TRUE,"uniform",FALSE,FALSE,FALSE,FALSE
678,"Sheltering Arms Playground",6,8,16,TRUE,TRUE,"uniform",FALSE,FALSE,FALSE,FALSE
678,"Sheltering Arms Playground",7,8,16,TRUE,TRUE,"uniform",FALSE,FALSE,FALSE,FALSE
679,"Monsignor Kett Playground",1,8,16,TRUE,TRUE,"uniform",FALSE,FALSE,FALSE,FALSE
679,"Monsignor Kett Playground",2,8,16,TRUE,TRUE,"uniform",FALSE,FALSE,FALSE,FALSE
679,"Monsignor Kett Playground",3,8,16,TRUE,TRUE,"uniform",FALSE,FALSE,FALSE,FALSE
679,"Monsignor Kett Playground",4,8,16,TRUE,TRUE,"uniform",FALSE,FALSE,FALSE,FALSE
679,"Monsignor Kett Playground",5,8,16,TRUE,TRUE,"uniform",FALSE,FALSE,FALSE,FALSE
679,"Monsignor Kett Playground",6,8,16,TRUE,TRUE,"uniform",FALSE,FALSE,FALSE,FALSE
679,"Monsignor Kett Playground",7,8,16,TRUE,TRUE,"uniform",FALSE,FALSE,FALSE,FALSE
680,"Matthew P. Sapolin Playground",1,,,,FALSE,"blank",,,FALSE,
680,"Matthew P. Sapolin Playground",2,,,,FALSE,"blank",,,FALSE,
680,"Matthew P. Sapolin Playground",3,,,,FALSE,"blank",,,FALSE,
680,"Matthew P. Sapolin Playground",4,,,,FALSE,"blank",,,FALSE,
680,"Matthew P. Sapolin Playground",5,,,,FALSE,"blank",,,FALSE,
680,"Matthew P. Sapolin Playground",6,,,,FALSE,"blank",,,FALSE,
680,"Matthew P. Sapolin Playground",7,,,,FALSE,"blank",,,FALSE,
681,"P.S. 155 Playground",1,8,16,TRUE,TRUE,"uniform",FALSE,FALSE,FALSE,FALSE
681,"P.S. 155 Playground",2,8,16,TRUE,TRUE,"uniform",FALSE,FALSE,FALSE,FALSE
681,"P.S. 155 Playground",3,8,16,TRUE,TRUE,"uniform",FALSE,FALSE,FALSE,FALSE
681,"P.S. 155 Playground",4,8,16,TRUE,TRUE,"uniform",FALSE,FALSE,FALSE,FALSE
681,"P.S. 155 Playground",5,8,16,TRUE,TRUE,"uniform",FALSE,FALSE,FALSE,FALSE
681,"P.S. 155 Playground",6,8,16,TRUE,TRUE,"uniform",FALSE,FALSE,FALSE,FALSE
681,"P.S. 155 Playground",7,8,16,TRUE,TRUE,"uniform",FALSE,FALSE,FALSE,FALSE
682,"210 St Playground",1,8,16,TRUE,TRUE,"uniform",FALSE,FALSE,FALSE,FALSE
682,"210 St Playground",2,8,16,TRUE,TRUE,"uniform",FALSE,FALSE,FALSE,FALSE
682,"210 St Playground",3,8,16,TRUE,TRUE,"uniform",FALSE,FALSE,FALSE,FALSE
682,"210 St Playground",4,8,16,TRUE,TRUE,"uniform",FALSE,FALSE,FALSE,FALSE
682,"210 St Playground",5,8,16,TRUE,TRUE,"uniform",FALSE,FALSE,FALSE,FALSE
682,"210 St Playground",6,8,16,TRUE,TRUE,"uniform",FALSE,FALSE,FALSE,FALSE
682,"210 St Playground",7,8,16,TRUE,TRUE,"uniform",FALSE,FALSE,FALSE,FALSE
683,"The Ramble",1,8,16,TRUE,TRUE,"uniform",FALSE,FALSE,FALSE,FALSE
683,"The Ramble",2,8,16,TRUE,TRUE,"uniform",FALSE,FALSE,FALSE,FALSE
683,"The Ramble",3,8,16,TRUE,TRUE,"uniform",FALSE,FALSE,FALSE,FALSE
683,"The Ramble",4,8,16,TRUE,TRUE,"uniform",FALSE,FALSE,FALSE,FALSE
683,"The Ramble",5,8,16,TRUE,TRUE,"uniform",FALSE,FALSE,FALSE,FALSE
683,"The Ramble",6,8,16,TRUE,TRUE,"uniform",FALSE,FALSE,FALSE,FALSE
683,"The Ramble",7,8,16,TRUE,TRUE,"uniform",FALSE,FALSE,FALSE,FALSE
684,"Kissena Park Zone 2 (Tennis Courts)",1,,,,FALSE,"blank",,,FALSE,
684,"Kissena Park Zone 2 (Tennis Courts)",2,,,,FALSE,"blank",,,FALSE,
684,"Kissena Park Zone 2 (Tennis Courts)",3,,,,FALSE,"blank",,,FALSE,
684,"Kissena Park Zone 2 (Tennis Courts)",4,,,,FALSE,"blank",,,FALSE,
684,"Kissena Park Zone 2 (Tennis Courts)",5,,,,FALSE,"blank",,,FALSE,
684,"Kissena Park Zone 2 (Tennis Courts)",6,,,,FALSE,"blank",,,FALSE,
684,"Kissena Park Zone 2 (Tennis Courts)",7,,,,FALSE,"blank",,,FALSE,
685,"Rainey Park Playground",1,,,,FALSE,"blank",,,FALSE,
685,"Rainey Park Playground",2,,,,FALSE,"blank",,,FALSE,
685,"Rainey Park Playground",3,,,,FALSE,"blank",,,FALSE,
685,"Rainey Park Playground",4,,,,FALSE,"blank",,,FALSE,
685,"Rainey Park Playground",5,,,,FALSE,"blank",,,FALSE,
685,"Rainey Park Playground",6,,,,FALSE,"blank",,,FALSE,
685,"Rainey Park Playground",7,,,,FALSE,"blank",,,FALSE,
686,"Captain Tilly Park",1,8,16,TRUE,TRUE,"uniform",FALSE,FALSE,FALSE,FALSE
686,"Captain Tilly Park",2,8,16,TRUE,TRUE,"uniform",FALSE,FALSE,FALSE,FALSE
686,"Captain Tilly Park",3,8,16,TRUE,TRUE,"uniform",FALSE,FALSE,FALSE,FALSE
686,"Captain Tilly Park",4,8,16,TRUE,TRUE,"uniform",FALSE,FALSE,FALSE,FALSE
686,"Captain Tilly Park",5,8,16,TRUE,TRUE,"uniform",FALSE,FALSE,FALSE,FALSE
686,"Captain Tilly Park",6,8,16,TRUE,TRUE,"uniform",FALSE,FALSE,FALSE,FALSE
686,"Captain Tilly Park",7,8,16,TRUE,TRUE,"uniform",FALSE,FALSE,FALSE,FALSE
687,"World's Fair Playground",1,8,16,TRUE,TRUE,"uniform",FALSE,FALSE,FALSE,FALSE
687,"World's Fair Playground",2,8,16,TRUE,TRUE,"uniform",FALSE,FALSE,FALSE,FALSE
687,"World's Fair Playground",3,8,16,TRUE,TRUE,"uniform",FALSE,FALSE,FALSE,FALSE
687,"World's Fair Playground",4,8,16,TRUE,TRUE,"uniform",FALSE,FALSE,FALSE,FALSE
687,"World's Fair Playground",5,8,16,TRUE,TRUE,"uniform",FALSE,FALSE,FALSE,FALSE
687,"World's Fair Playground",6,8,16,TRUE,TRUE,"uniform",FALSE,FALSE,FALSE,FALSE
687,"World's Fair Playground",7,8,16,TRUE,TRUE,"uniform",FALSE,FALSE,FALSE,FALSE
688,"Lawrence Playground",1,,,,FALSE,"blank",,,FALSE,
688,"Lawrence Playground",2,,,,FALSE,"blank",,,FALSE,
688,"Lawrence Playground",3,,,,FALSE,"blank",,,FALSE,
688,"Lawrence Playground",4,,,,FALSE,"blank",,,FALSE,
688,"Lawrence Playground",5,,,,FALSE,"blank",,,FALSE,
688,"Lawrence Playground",6,,,,FALSE,"blank",,,FALSE,
688,"Lawrence Playground",7,,,,FALSE,"blank",,,FALSE,
689,"Howard Von Dohlen Playground",1,8,16,TRUE,TRUE,"uniform",FALSE,FALSE,FALSE,FALSE
689,"Howard Von Dohlen Playground",2,8,16,TRUE,TRUE,"uniform",FALSE,FALSE,FALSE,FALSE
689,"Howard Von Dohlen Playground",3,8,16,TRUE,TRUE,"uniform",FALSE,FALSE,FALSE,FALSE
689,"Howard Von Dohlen Playground",4,8,16,TRUE,TRUE,"uniform",FALSE,FALSE,FALSE,FALSE
689,"Howard Von Dohlen Playground",5,8,16,TRUE,TRUE,"uniform",FALSE,FALSE,FALSE,FALSE
689,"Howard Von Dohlen Playground",6,8,16,TRUE,TRUE,"uniform",FALSE,FALSE,FALSE,FALSE
689,"Howard Von Dohlen Playground",7,8,16,TRUE,TRUE,"uniform",FALSE,FALSE,FALSE,FALSE
690,"Marconi Park",1,,,,FALSE,"blank",,,FALSE,
690,"Marconi Park",2,,,,FALSE,"blank",,,FALSE,
690,"Marconi Park",3,,,,FALSE,"blank",,,FALSE,
690,"Marconi Park",4,,,,FALSE,"blank",,,FALSE,
690,"Marconi Park",5,,,,FALSE,"blank",,,FALSE,
690,"Marconi Park",6,,,,FALSE,"blank",,,FALSE,
690,"Marconi Park",7,,,,FALSE,"blank",,,FALSE,
691,"St. Michael's Playground",1,,,,FALSE,"blank",,,FALSE,
691,"St. Michael's Playground",2,,,,FALSE,"blank",,,FALSE,
691,"St. Michael's Playground",3,,,,FALSE,"blank",,,FALSE,
691,"St. Michael's Playground",4,,,,FALSE,"blank",,,FALSE,
691,"St. Michael's Playground",5,,,,FALSE,"blank",,,FALSE,
691,"St. Michael's Playground",6,,,,FALSE,"blank",,,FALSE,
691,"St. Michael's Playground",7,,,,FALSE,"blank",,,FALSE,
692,"Fresh Meadows Playground",1,8,16,TRUE,TRUE,"uniform",FALSE,FALSE,FALSE,FALSE
692,"Fresh Meadows Playground",2,8,16,TRUE,TRUE,"uniform",FALSE,FALSE,FALSE,FALSE
692,"Fresh Meadows Playground",3,8,16,TRUE,TRUE,"uniform",FALSE,FALSE,FALSE,FALSE
692,"Fresh Meadows Playground",4,8,16,TRUE,TRUE,"uniform",FALSE,FALSE,FALSE,FALSE
692,"Fresh Meadows Playground",5,8,16,TRUE,TRUE,"uniform",FALSE,FALSE,FALSE,FALSE
692,"Fresh Meadows Playground",6,8,16,TRUE,TRUE,"uniform",FALSE,FALSE,FALSE,FALSE
692,"Fresh Meadows Playground",7,8,16,TRUE,TRUE,"uniform",FALSE,FALSE,FALSE,FALSE
693,"Judge Moses Weinstein Playground",1,8,16,TRUE,TRUE,"uniform",FALSE,FALSE,FALSE,FALSE
693,"Judge Moses Weinstein Playground",2,8,16,TRUE,TRUE,"uniform",FALSE,FALSE,FALSE,FALSE
693,"Judge Moses Weinstein Playground",3,8,16,TRUE,TRUE,"uniform",FALSE,FALSE,FALSE,FALSE
693,"Judge Moses Weinstein Playground",4,8,16,TRUE,TRUE,"uniform",FALSE,FALSE,FALSE,FALSE
693,"Judge Moses Weinstein Playground",5,8,16,TRUE,TRUE,"uniform",FALSE,FALSE,FALSE,FALSE
693,"Judge Moses Weinstein Playground",6,8,16,TRUE,TRUE,"uniform",FALSE,FALSE,FALSE,FALSE
693,"Judge Moses Weinstein Playground",7,8,16,TRUE,TRUE,"uniform",FALSE,FALSE,FALSE,FALSE
694,"Challenge Playground",1,8,16,TRUE,TRUE,"uniform",FALSE,FALSE,FALSE,FALSE
694,"Challenge Playground",2,8,16,TRUE,TRUE,"uniform",FALSE,FALSE,FALSE,FALSE
694,"Challenge Playground",3,8,16,TRUE,TRUE,"uniform",FALSE,FALSE,FALSE,FALSE
694,"Challenge Playground",4,8,16,TRUE,TRUE,"uniform",FALSE,FALSE,FALSE,FALSE
694,"Challenge Playground",5,8,16,TRUE,TRUE,"uniform",FALSE,FALSE,FALSE,FALSE
694,"Challenge Playground",6,8,16,TRUE,TRUE,"uniform",FALSE,FALSE,FALSE,FALSE
694,"Challenge Playground",7,8,16,TRUE,TRUE,"uniform",FALSE,FALSE,FALSE,FALSE
695,"Hammel Playground",1,8,16,TRUE,TRUE,"uniform",FALSE,FALSE,FALSE,FALSE
695,"Hammel Playground",2,8,16,TRUE,TRUE,"uniform",FALSE,FALSE,FALSE,FALSE
695,"Hammel Playground",3,8,16,TRUE,TRUE,"uniform",FALSE,FALSE,FALSE,FALSE
695,"Hammel Playground",4,8,16,TRUE,TRUE,"uniform",FALSE,FALSE,FALSE,FALSE
695,"Hammel Playground",5,8,16,TRUE,TRUE,"uniform",FALSE,FALSE,FALSE,FALSE
695,"Hammel Playground",6,8,16,TRUE,TRUE,"uniform",FALSE,FALSE,FALSE,FALSE
695,"Hammel Playground",7,8,16,TRUE,TRUE,"uniform",FALSE,FALSE,FALSE,FALSE
696,"Rockaway Community Playground",1,,,,FALSE,"blank",,,FALSE,
696,"Rockaway Community Playground",2,,,,FALSE,"blank",,,FALSE,
696,"Rockaway Community Playground",3,,,,FALSE,"blank",,,FALSE,
696,"Rockaway Community Playground",4,,,,FALSE,"blank",,,FALSE,
696,"Rockaway Community Playground",5,,,,FALSE,"blank",,,FALSE,
696,"Rockaway Community Playground",6,,,,FALSE,"blank",,,FALSE,
696,"Rockaway Community Playground",7,,,,FALSE,"blank",,,FALSE,
697,"Bayside Playground",1,8,16,TRUE,TRUE,"uniform",FALSE,FALSE,FALSE,FALSE
697,"Bayside Playground",2,8,16,TRUE,TRUE,"uniform",FALSE,FALSE,FALSE,FALSE
697,"Bayside Playground",3,8,16,TRUE,TRUE,"uniform",FALSE,FALSE,FALSE,FALSE
697,"Bayside Playground",4,8,16,TRUE,TRUE,"uniform",FALSE,FALSE,FALSE,FALSE
697,"Bayside Playground",5,8,16,TRUE,TRUE,"uniform",FALSE,FALSE,FALSE,FALSE
697,"Bayside Playground",6,8,16,TRUE,TRUE,"uniform",FALSE,FALSE,FALSE,FALSE
697,"Bayside Playground",7,8,16,TRUE,TRUE,"uniform",FALSE,FALSE,FALSE,FALSE
698,"South Rochdale Playground",1,,,,FALSE,"blank",,,FALSE,
698,"South Rochdale Playground",2,,,,FALSE,"blank",,,FALSE,
698,"South Rochdale Playground",3,,,,FALSE,"blank",,,FALSE,
698,"South Rochdale Playground",4,,,,FALSE,"blank",,,FALSE,
698,"South Rochdale Playground",5,,,,FALSE,"blank",,,FALSE,
698,"South Rochdale Playground",6,,,,FALSE,"blank",,,FALSE,
698,"South Rochdale Playground",7,,,,FALSE,"blank",,,FALSE,
699,"Tompkins Square Park",1,8,16,TRUE,TRUE,"uniform",FALSE,FALSE,FALSE,FALSE
699,"Tompkins Square Park",2,8,16,TRUE,TRUE,"uniform",FALSE,FALSE,FALSE,FALSE
699,"Tompkins Square Park",3,8,16,TRUE,TRUE,"uniform",FALSE,FALSE,FALSE,FALSE
699,"Tompkins Square Park",4,8,16,TRUE,TRUE,"uniform",FALSE,FALSE,FALSE,FALSE
699,"Tompkins Square Park",5,8,16,TRUE,TRUE,"uniform",FALSE,FALSE,FALSE,FALSE
699,"Tompkins Square Park",6,8,16,TRUE,TRUE,"uniform",FALSE,FALSE,FALSE,FALSE
699,"Tompkins Square Park",7,8,16,TRUE,TRUE,"uniform",FALSE,FALSE,FALSE,FALSE
700,"Fort Totten Park Zone 1",1,,,,FALSE,"blank",,,FALSE,
700,"Fort Totten Park Zone 1",2,,,,FALSE,"blank",,,FALSE,
700,"Fort Totten Park Zone 1",3,,,,FALSE,"blank",,,FALSE,
700,"Fort Totten Park Zone 1",4,,,,FALSE,"blank",,,FALSE,
700,"Fort Totten Park Zone 1",5,,,,FALSE,"blank",,,FALSE,
700,"Fort Totten Park Zone 1",6,,,,FALSE,"blank",,,FALSE,
700,"Fort Totten Park Zone 1",7,,,,FALSE,"blank",,,FALSE,
701,"College Point Fields",1,,,,FALSE,"blank",,,FALSE,
701,"College Point Fields",2,,,,FALSE,"blank",,,FALSE,
701,"College Point Fields",3,,,,FALSE,"blank",,,FALSE,
701,"College Point Fields",4,,,,FALSE,"blank",,,FALSE,
701,"College Point Fields",5,,,,FALSE,"blank",,,FALSE,
701,"College Point Fields",6,,,,FALSE,"blank",,,FALSE,
701,"College Point Fields",7,,,,FALSE,"blank",,,FALSE,
702,"Tompkins Square Park",1,,,,FALSE,"blank",,,FALSE,
702,"Tompkins Square Park",2,,,,FALSE,"blank",,,FALSE,
702,"Tompkins Square Park",3,,,,FALSE,"blank",,,FALSE,
702,"Tompkins Square Park",4,,,,FALSE,"blank",,,FALSE,
702,"Tompkins Square Park",5,,,,FALSE,"blank",,,FALSE,
702,"Tompkins Square Park",6,,,,FALSE,"blank",,,FALSE,
702,"Tompkins Square Park",7,,,,FALSE,"blank",,,FALSE,
703,"Tappen Park",1,,,,FALSE,"blank",,,FALSE,
703,"Tappen Park",2,,,,FALSE,"blank",,,FALSE,
703,"Tappen Park",3,,,,FALSE,"blank",,,FALSE,
703,"Tappen Park",4,,,,FALSE,"blank",,,FALSE,
703,"Tappen Park",5,,,,FALSE,"blank",,,FALSE,
703,"Tappen Park",6,,,,FALSE,"blank",,,FALSE,
703,"Tappen Park",7,,,,FALSE,"blank",,,FALSE,
704,"High Rock Park",1,8,16,TRUE,TRUE,"uniform",FALSE,FALSE,FALSE,FALSE
704,"High Rock Park",2,8,16,TRUE,TRUE,"uniform",FALSE,FALSE,FALSE,FALSE
704,"High Rock Park",3,8,16,TRUE,TRUE,"uniform",FALSE,FALSE,FALSE,FALSE
704,"High Rock Park",4,8,16,TRUE,TRUE,"uniform",FALSE,FALSE,FALSE,FALSE
704,"High Rock Park",5,8,16,TRUE,TRUE,"uniform",FALSE,FALSE,FALSE,FALSE
704,"High Rock Park",6,8,16,TRUE,TRUE,"uniform",FALSE,FALSE,FALSE,FALSE
704,"High Rock Park",7,8,16,TRUE,TRUE,"uniform",FALSE,FALSE,FALSE,FALSE
705,"Lieutenant John H. Martinson Playground",1,8,16,TRUE,TRUE,"uniform",FALSE,FALSE,FALSE,FALSE
705,"Lieutenant John H. Martinson Playground",2,8,16,TRUE,TRUE,"uniform",FALSE,FALSE,FALSE,FALSE
705,"Lieutenant John H. Martinson Playground",3,8,16,TRUE,TRUE,"uniform",FALSE,FALSE,FALSE,FALSE
705,"Lieutenant John H. Martinson Playground",4,8,16,TRUE,TRUE,"uniform",FALSE,FALSE,FALSE,FALSE
705,"Lieutenant John H. Martinson Playground",5,8,16,TRUE,TRUE,"uniform",FALSE,FALSE,FALSE,FALSE
705,"Lieutenant John H. Martinson Playground",6,8,16,TRUE,TRUE,"uniform",FALSE,FALSE,FALSE,FALSE
705,"Lieutenant John H. Martinson Playground",7,8,16,TRUE,TRUE,"uniform",FALSE,FALSE,FALSE,FALSE
706,"Prall Playground",1,,,,FALSE,"blank",,,FALSE,
706,"Prall Playground",2,,,,FALSE,"blank",,,FALSE,
706,"Prall Playground",3,,,,FALSE,"blank",,,FALSE,
706,"Prall Playground",4,,,,FALSE,"blank",,,FALSE,
706,"Prall Playground",5,,,,FALSE,"blank",,,FALSE,
706,"Prall Playground",6,,,,FALSE,"blank",,,FALSE,
706,"Prall Playground",7,,,,FALSE,"blank",,,FALSE,
707,"Castle Clinton National Monument",1,9,16.5,TRUE,TRUE,"uniform",FALSE,FALSE,FALSE,FALSE
707,"Castle Clinton National Monument",2,9,16.5,TRUE,TRUE,"uniform",FALSE,FALSE,FALSE,FALSE
707,"Castle Clinton National Monument",3,9,16.5,TRUE,TRUE,"uniform",FALSE,FALSE,FALSE,FALSE
707,"Castle Clinton National Monument",4,9,16.5,TRUE,TRUE,"uniform",FALSE,FALSE,FALSE,FALSE
707,"Castle Clinton National Monument",5,9,16.5,TRUE,TRUE,"uniform",FALSE,FALSE,FALSE,FALSE
707,"Castle Clinton National Monument",6,9,16.5,TRUE,TRUE,"uniform",FALSE,FALSE,FALSE,FALSE
707,"Castle Clinton National Monument",7,9,16.5,TRUE,TRUE,"uniform",FALSE,FALSE,FALSE,FALSE
708,"Ferry Terminal",1,,,,FALSE,"blank",,,FALSE,
708,"Ferry Terminal",2,,,,FALSE,"blank",,,FALSE,
708,"Ferry Terminal",3,,,,FALSE,"blank",,,FALSE,
708,"Ferry Terminal",4,,,,FALSE,"blank",,,FALSE,
708,"Ferry Terminal",5,,,,FALSE,"blank",,,FALSE,
708,"Ferry Terminal",6,,,,FALSE,"blank",,,FALSE,
708,"Ferry Terminal",7,,,,FALSE,"blank",,,FALSE,
709,"Teardrop Park - Solaire Building",1,,,,FALSE,"blank",,,FALSE,
709,"Teardrop Park - Solaire Building",2,,,,FALSE,"blank",,,FALSE,
709,"Teardrop Park - Solaire Building",3,,,,FALSE,"blank",,,FALSE,
709,"Teardrop Park - Solaire Building",4,,,,FALSE,"blank",,,FALSE,
709,"Teardrop Park - Solaire Building",5,,,,FALSE,"blank",,,FALSE,
709,"Teardrop Park - Solaire Building",6,,,,FALSE,"blank",,,FALSE,
709,"Teardrop Park - Solaire Building",7,,,,FALSE,"blank",,,FALSE,
710,"Central Park Chess & Checkers House",1,7.5,20,TRUE,TRUE,"uniform",TRUE,FALSE,FALSE,FALSE
710,"Central Park Chess & Checkers House",2,7.5,20,TRUE,TRUE,"uniform",TRUE,FALSE,FALSE,FALSE
710,"Central Park Chess & Checkers House",3,7.5,20,TRUE,TRUE,"uniform",TRUE,FALSE,FALSE,FALSE
710,"Central Park Chess & Checkers House",4,7.5,20,TRUE,TRUE,"uniform",TRUE,FALSE,FALSE,FALSE
710,"Central Park Chess & Checkers House",5,7.5,20,TRUE,TRUE,"uniform",TRUE,FALSE,FALSE,FALSE
710,"Central Park Chess & Checkers House",6,7.5,20,TRUE,TRUE,"uniform",TRUE,FALSE,FALSE,FALSE
710,"Central Park Chess & Checkers House",7,7.5,20,TRUE,TRUE,"uniform",TRUE,FALSE,FALSE,FALSE
711,"Brooklyn Bridge Park Pier 6 - Quay Tower",1,6,25,TRUE,TRUE,"uniform",FALSE,FALSE,FALSE,FALSE
711,"Brooklyn Bridge Park Pier 6 - Quay Tower",2,6,25,TRUE,TRUE,"uniform",FALSE,FALSE,FALSE,FALSE
711,"Brooklyn Bridge Park Pier 6 - Quay Tower",3,6,25,TRUE,TRUE,"uniform",FALSE,FALSE,FALSE,FALSE
711,"Brooklyn Bridge Park Pier 6 - Quay Tower",4,6,25,TRUE,TRUE,"uniform",FALSE,FALSE,FALSE,FALSE
711,"Brooklyn Bridge Park Pier 6 - Quay Tower",5,6,25,TRUE,TRUE,"uniform",FALSE,FALSE,FALSE,FALSE
711,"Brooklyn Bridge Park Pier 6 - Quay Tower",6,6,25,TRUE,TRUE,"uniform",FALSE,FALSE,FALSE,FALSE
711,"Brooklyn Bridge Park Pier 6 - Quay Tower",7,6,25,TRUE,TRUE,"uniform",FALSE,FALSE,FALSE,FALSE
712,"Brooklyn Bridge Park Pier 5 - Boathouse/Uplands",1,,,,FALSE,"blank",,,FALSE,
712,"Brooklyn Bridge Park Pier 5 - Boathouse/Uplands",2,,,,FALSE,"blank",,,FALSE,
712,"Brooklyn Bridge Park Pier 5 - Boathouse/Uplands",3,,,,FALSE,"blank",,,FALSE,
712,"Brooklyn Bridge Park Pier 5 - Boathouse/Uplands",4,,,,FALSE,"blank",,,FALSE,
712,"Brooklyn Bridge Park Pier 5 - Boathouse/Uplands",5,,,,FALSE,"blank",,,FALSE,
712,"Brooklyn Bridge Park Pier 5 - Boathouse/Uplands",6,,,,FALSE,"blank",,,FALSE,
712,"Brooklyn Bridge Park Pier 5 - Boathouse/Uplands",7,,,,FALSE,"blank",,,FALSE,
713,"Brooklyn Bridge Park Pier 2 - Uplands",1,,,,FALSE,"blank",,,FALSE,
713,"Brooklyn Bridge Park Pier 2 - Uplands",2,,,,FALSE,"blank",,,FALSE,
713,"Brooklyn Bridge Park Pier 2 - Uplands",3,,,,FALSE,"blank",,,FALSE,
713,"Brooklyn Bridge Park Pier 2 - Uplands",4,,,,FALSE,"blank",,,FALSE,
713,"Brooklyn Bridge Park Pier 2 - Uplands",5,,,,FALSE,"blank",,,FALSE,
713,"Brooklyn Bridge Park Pier 2 - Uplands",6,,,,FALSE,"blank",,,FALSE,
713,"Brooklyn Bridge Park Pier 2 - Uplands",7,,,,FALSE,"blank",,,FALSE,
714,"Brooklyn Bridge Park Pier 1",1,6,25,TRUE,TRUE,"uniform",FALSE,FALSE,FALSE,FALSE
714,"Brooklyn Bridge Park Pier 1",2,6,25,TRUE,TRUE,"uniform",FALSE,FALSE,FALSE,FALSE
714,"Brooklyn Bridge Park Pier 1",3,6,25,TRUE,TRUE,"uniform",FALSE,FALSE,FALSE,FALSE
714,"Brooklyn Bridge Park Pier 1",4,6,25,TRUE,TRUE,"uniform",FALSE,FALSE,FALSE,FALSE
714,"Brooklyn Bridge Park Pier 1",5,6,25,TRUE,TRUE,"uniform",FALSE,FALSE,FALSE,FALSE
714,"Brooklyn Bridge Park Pier 1",6,6,25,TRUE,TRUE,"uniform",FALSE,FALSE,FALSE,FALSE
714,"Brooklyn Bridge Park Pier 1",7,6,25,TRUE,TRUE,"uniform",FALSE,FALSE,FALSE,FALSE
715,"Moynihan Connector",1,,,,FALSE,"blank",,,FALSE,
715,"Moynihan Connector",2,,,,FALSE,"blank",,,FALSE,
715,"Moynihan Connector",3,,,,FALSE,"blank",,,FALSE,
715,"Moynihan Connector",4,,,,FALSE,"blank",,,FALSE,
715,"Moynihan Connector",5,,,,FALSE,"blank",,,FALSE,
715,"Moynihan Connector",6,,,,FALSE,"blank",,,FALSE,
715,"Moynihan Connector",7,,,,FALSE,"blank",,,FALSE,
716,"Refinery Building",1,6,23,TRUE,TRUE,"uniform",FALSE,FALSE,FALSE,FALSE
716,"Refinery Building",2,6,23,TRUE,TRUE,"uniform",FALSE,FALSE,FALSE,FALSE
716,"Refinery Building",3,6,23,TRUE,TRUE,"uniform",FALSE,FALSE,FALSE,FALSE
716,"Refinery Building",4,6,23,TRUE,TRUE,"uniform",FALSE,FALSE,FALSE,FALSE
716,"Refinery Building",5,6,23,TRUE,TRUE,"uniform",FALSE,FALSE,FALSE,FALSE
716,"Refinery Building",6,6,23,TRUE,TRUE,"uniform",FALSE,FALSE,FALSE,FALSE
716,"Refinery Building",7,6,23,TRUE,TRUE,"uniform",FALSE,FALSE,FALSE,FALSE
717,"Hudson River Park Pier 25",1,7.5,23,TRUE,TRUE,"uniform",FALSE,FALSE,FALSE,FALSE
717,"Hudson River Park Pier 25",2,7.5,23,TRUE,TRUE,"uniform",FALSE,FALSE,FALSE,FALSE
717,"Hudson River Park Pier 25",3,7.5,23,TRUE,TRUE,"uniform",FALSE,FALSE,FALSE,FALSE
717,"Hudson River Park Pier 25",4,7.5,23,TRUE,TRUE,"uniform",FALSE,FALSE,FALSE,FALSE
717,"Hudson River Park Pier 25",5,7.5,23,TRUE,TRUE,"uniform",FALSE,FALSE,FALSE,FALSE
717,"Hudson River Park Pier 25",6,7.5,23,TRUE,TRUE,"uniform",FALSE,FALSE,FALSE,FALSE
717,"Hudson River Park Pier 25",7,7.5,23,TRUE,TRUE,"uniform",FALSE,FALSE,FALSE,FALSE
718,"Hudson River Park Pier 40 - Courtyard Tunnel, Second Floor",1,6,24,TRUE,TRUE,"uniform",FALSE,TRUE,FALSE,FALSE
718,"Hudson River Park Pier 40 - Courtyard Tunnel, Second Floor",2,6,24,TRUE,TRUE,"uniform",FALSE,TRUE,FALSE,FALSE
718,"Hudson River Park Pier 40 - Courtyard Tunnel, Second Floor",3,6,24,TRUE,TRUE,"uniform",FALSE,TRUE,FALSE,FALSE
718,"Hudson River Park Pier 40 - Courtyard Tunnel, Second Floor",4,6,24,TRUE,TRUE,"uniform",FALSE,TRUE,FALSE,FALSE
718,"Hudson River Park Pier 40 - Courtyard Tunnel, Second Floor",5,6,24,TRUE,TRUE,"uniform",FALSE,TRUE,FALSE,FALSE
718,"Hudson River Park Pier 40 - Courtyard Tunnel, Second Floor",6,6,24,TRUE,TRUE,"uniform",FALSE,TRUE,FALSE,FALSE
718,"Hudson River Park Pier 40 - Courtyard Tunnel, Second Floor",7,6,24,TRUE,TRUE,"uniform",FALSE,TRUE,FALSE,FALSE
719,"Hudson River Park Pier 45",1,7,24,TRUE,TRUE,"uniform",FALSE,FALSE,FALSE,FALSE
719,"Hudson River Park Pier 45",2,7,24,TRUE,TRUE,"uniform",FALSE,FALSE,FALSE,FALSE
719,"Hudson River Park Pier 45",3,7,24,TRUE,TRUE,"uniform",FALSE,FALSE,FALSE,FALSE
719,"Hudson River Park Pier 45",4,7,24,TRUE,TRUE,"uniform",FALSE,FALSE,FALSE,FALSE
719,"Hudson River Park Pier 45",5,7,24,TRUE,TRUE,"uniform",FALSE,FALSE,FALSE,FALSE
719,"Hudson River Park Pier 45",6,7,24,TRUE,TRUE,"uniform",FALSE,FALSE,FALSE,FALSE
719,"Hudson River Park Pier 45",7,7,24,TRUE,TRUE,"uniform",FALSE,FALSE,FALSE,FALSE
720,"Hudson River Park Pier 51",1,7.5,20,TRUE,TRUE,"uniform",FALSE,FALSE,FALSE,FALSE
720,"Hudson River Park Pier 51",2,7.5,20,TRUE,TRUE,"uniform",FALSE,FALSE,FALSE,FALSE
720,"Hudson River Park Pier 51",3,7.5,20,TRUE,TRUE,"uniform",FALSE,FALSE,FALSE,FALSE
720,"Hudson River Park Pier 51",4,7.5,20,TRUE,TRUE,"uniform",FALSE,FALSE,FALSE,FALSE
720,"Hudson River Park Pier 51",5,7.5,20,TRUE,TRUE,"uniform",FALSE,FALSE,FALSE,FALSE
720,"Hudson River Park Pier 51",6,7.5,20,TRUE,TRUE,"uniform",FALSE,FALSE,FALSE,FALSE
720,"Hudson River Park Pier 51",7,7.5,20,TRUE,TRUE,"uniform",FALSE,FALSE,FALSE,FALSE
721,"Little Island",1,6,23,TRUE,TRUE,"uniform",FALSE,FALSE,FALSE,FALSE
721,"Little Island",2,6,23,TRUE,TRUE,"uniform",FALSE,FALSE,FALSE,FALSE
721,"Little Island",3,6,23,TRUE,TRUE,"uniform",FALSE,FALSE,FALSE,FALSE
721,"Little Island",4,6,23,TRUE,TRUE,"uniform",FALSE,FALSE,FALSE,FALSE
721,"Little Island",5,6,23,TRUE,TRUE,"uniform",FALSE,FALSE,FALSE,FALSE
721,"Little Island",6,6,23,TRUE,TRUE,"uniform",FALSE,FALSE,FALSE,FALSE
721,"Little Island",7,6,23,TRUE,TRUE,"uniform",FALSE,FALSE,FALSE,FALSE
722,"Pier 57 - Ground Floor, Rooftop",1,6,25,TRUE,TRUE,"uniform",FALSE,TRUE,FALSE,FALSE
722,"Pier 57 - Ground Floor, Rooftop",2,6,25,TRUE,TRUE,"uniform",FALSE,TRUE,FALSE,FALSE
722,"Pier 57 - Ground Floor, Rooftop",3,6,25,TRUE,TRUE,"uniform",FALSE,TRUE,FALSE,FALSE
722,"Pier 57 - Ground Floor, Rooftop",4,6,25,TRUE,TRUE,"uniform",FALSE,TRUE,FALSE,FALSE
722,"Pier 57 - Ground Floor, Rooftop",5,6,25,TRUE,TRUE,"uniform",FALSE,TRUE,FALSE,FALSE
722,"Pier 57 - Ground Floor, Rooftop",6,6,25,TRUE,TRUE,"uniform",FALSE,TRUE,FALSE,FALSE
722,"Pier 57 - Ground Floor, Rooftop",7,6,25,TRUE,TRUE,"uniform",FALSE,TRUE,FALSE,FALSE
723,"Chelsea Piers at Pier 61",1,10,20,TRUE,TRUE,"uniform",FALSE,FALSE,FALSE,FALSE
723,"Chelsea Piers at Pier 61",2,10,20,TRUE,TRUE,"uniform",FALSE,FALSE,FALSE,FALSE
723,"Chelsea Piers at Pier 61",3,10,20,TRUE,TRUE,"uniform",FALSE,FALSE,FALSE,FALSE
723,"Chelsea Piers at Pier 61",4,10,20,TRUE,TRUE,"uniform",FALSE,FALSE,FALSE,FALSE
723,"Chelsea Piers at Pier 61",5,10,20,TRUE,TRUE,"uniform",FALSE,FALSE,FALSE,FALSE
723,"Chelsea Piers at Pier 61",6,10,20,TRUE,TRUE,"uniform",FALSE,FALSE,FALSE,FALSE
723,"Chelsea Piers at Pier 61",7,10,20,TRUE,TRUE,"uniform",FALSE,FALSE,FALSE,FALSE
724,"Chelsea Waterside Park",1,8,24,TRUE,TRUE,"uniform",FALSE,FALSE,FALSE,FALSE
724,"Chelsea Waterside Park",2,8,24,TRUE,TRUE,"uniform",FALSE,FALSE,FALSE,FALSE
724,"Chelsea Waterside Park",3,8,24,TRUE,TRUE,"uniform",FALSE,FALSE,FALSE,FALSE
724,"Chelsea Waterside Park",4,8,24,TRUE,TRUE,"uniform",FALSE,FALSE,FALSE,FALSE
724,"Chelsea Waterside Park",5,8,24,TRUE,TRUE,"uniform",FALSE,FALSE,FALSE,FALSE
724,"Chelsea Waterside Park",6,8,24,TRUE,TRUE,"uniform",FALSE,FALSE,FALSE,FALSE
724,"Chelsea Waterside Park",7,8,24,TRUE,TRUE,"uniform",FALSE,FALSE,FALSE,FALSE
725,"Hudson River Park Pier 83",1,9.5,21.5,TRUE,TRUE,"uniform",FALSE,FALSE,FALSE,FALSE
725,"Hudson River Park Pier 83",2,9.5,21.5,TRUE,TRUE,"uniform",FALSE,FALSE,FALSE,FALSE
725,"Hudson River Park Pier 83",3,9.5,21.5,TRUE,TRUE,"uniform",FALSE,FALSE,FALSE,FALSE
725,"Hudson River Park Pier 83",4,9.5,21.5,TRUE,TRUE,"uniform",FALSE,FALSE,FALSE,FALSE
725,"Hudson River Park Pier 83",5,9.5,21.5,TRUE,TRUE,"uniform",FALSE,FALSE,FALSE,FALSE
725,"Hudson River Park Pier 83",6,9.5,21.5,TRUE,TRUE,"uniform",FALSE,FALSE,FALSE,FALSE
725,"Hudson River Park Pier 83",7,9.5,21.5,TRUE,TRUE,"uniform",FALSE,FALSE,FALSE,FALSE
726,"Hudson River Park Pier 84",1,9.5,22,TRUE,TRUE,"uniform",FALSE,FALSE,FALSE,FALSE
726,"Hudson River Park Pier 84",2,9.5,22,TRUE,TRUE,"uniform",FALSE,FALSE,FALSE,FALSE
726,"Hudson River Park Pier 84",3,9.5,22,TRUE,TRUE,"uniform",FALSE,FALSE,FALSE,FALSE
726,"Hudson River Park Pier 84",4,9.5,22,TRUE,TRUE,"uniform",FALSE,FALSE,FALSE,FALSE
726,"Hudson River Park Pier 84",5,9.5,22,TRUE,TRUE,"uniform",FALSE,FALSE,FALSE,FALSE
726,"Hudson River Park Pier 84",6,9.5,22,TRUE,TRUE,"uniform",FALSE,FALSE,FALSE,FALSE
726,"Hudson River Park Pier 84",7,9.5,22,TRUE,TRUE,"uniform",FALSE,FALSE,FALSE,FALSE
727,"Hudson River Park Pier 97 - Portaloo",1,6,25,TRUE,TRUE,"uniform",FALSE,FALSE,FALSE,FALSE
727,"Hudson River Park Pier 97 - Portaloo",2,6,25,TRUE,TRUE,"uniform",FALSE,FALSE,FALSE,FALSE
727,"Hudson River Park Pier 97 - Portaloo",3,6,25,TRUE,TRUE,"uniform",FALSE,FALSE,FALSE,FALSE
727,"Hudson River Park Pier 97 - Portaloo",4,6,25,TRUE,TRUE,"uniform",FALSE,FALSE,FALSE,FALSE
727,"Hudson River Park Pier 97 - Portaloo",5,6,25,TRUE,TRUE,"uniform",FALSE,FALSE,FALSE,FALSE
727,"Hudson River Park Pier 97 - Portaloo",6,6,25,TRUE,TRUE,"uniform",FALSE,FALSE,FALSE,FALSE
727,"Hudson River Park Pier 97 - Portaloo",7,6,25,TRUE,TRUE,"uniform",FALSE,FALSE,FALSE,FALSE
728,"Hunters Point South",1,,,,FALSE,"blank",,,FALSE,
728,"Hunters Point South",2,,,,FALSE,"blank",,,FALSE,
728,"Hunters Point South",3,,,,FALSE,"blank",,,FALSE,
728,"Hunters Point South",4,,,,FALSE,"blank",,,FALSE,
728,"Hunters Point South",5,,,,FALSE,"blank",,,FALSE,
728,"Hunters Point South",6,,,,FALSE,"blank",,,FALSE,
728,"Hunters Point South",7,,,,FALSE,"blank",,,FALSE,
729,"Herald Square",1,8,21,TRUE,TRUE,"uniform",FALSE,FALSE,FALSE,FALSE
729,"Herald Square",2,8,21,TRUE,TRUE,"uniform",FALSE,FALSE,FALSE,FALSE
729,"Herald Square",3,8,21,TRUE,TRUE,"uniform",FALSE,FALSE,FALSE,FALSE
729,"Herald Square",4,8,21,TRUE,TRUE,"uniform",FALSE,FALSE,FALSE,FALSE
729,"Herald Square",5,8,21,TRUE,TRUE,"uniform",FALSE,FALSE,FALSE,FALSE
729,"Herald Square",6,8,21,TRUE,TRUE,"uniform",FALSE,FALSE,FALSE,FALSE
729,"Herald Square",7,8,21,TRUE,TRUE,"uniform",FALSE,FALSE,FALSE,FALSE
730,"Greeley Square Park",1,8,21,TRUE,TRUE,"uniform",FALSE,FALSE,FALSE,FALSE
730,"Greeley Square Park",2,8,21,TRUE,TRUE,"uniform",FALSE,FALSE,FALSE,FALSE
730,"Greeley Square Park",3,8,21,TRUE,TRUE,"uniform",FALSE,FALSE,FALSE,FALSE
730,"Greeley Square Park",4,8,21,TRUE,TRUE,"uniform",FALSE,FALSE,FALSE,FALSE
730,"Greeley Square Park",5,8,21,TRUE,TRUE,"uniform",FALSE,FALSE,FALSE,FALSE
730,"Greeley Square Park",6,8,21,TRUE,TRUE,"uniform",FALSE,FALSE,FALSE,FALSE
730,"Greeley Square Park",7,8,21,TRUE,TRUE,"uniform",FALSE,FALSE,FALSE,FALSE
731,"Nellie Bly Amusement Park",1,11,20,TRUE,TRUE,"dayprefixed",TRUE,FALSE,FALSE,FALSE
731,"Nellie Bly Amusement Park",2,12,20,TRUE,TRUE,"dayprefixed",TRUE,FALSE,FALSE,FALSE
731,"Nellie Bly Amusement Park",3,12,20,TRUE,TRUE,"dayprefixed",TRUE,FALSE,FALSE,FALSE
731,"Nellie Bly Amusement Park",4,12,20,TRUE,TRUE,"dayprefixed",TRUE,FALSE,FALSE,FALSE
731,"Nellie Bly Amusement Park",5,12,20,TRUE,TRUE,"dayprefixed",TRUE,FALSE,FALSE,FALSE
731,"Nellie Bly Amusement Park",6,12,20,TRUE,TRUE,"dayprefixed",TRUE,FALSE,FALSE,FALSE
731,"Nellie Bly Amusement Park",7,11,20,TRUE,TRUE,"dayprefixed",TRUE,FALSE,FALSE,FALSE
732,"Schmidts Lane Recreation Fac.",1,,,,FALSE,"unparseable",,,FALSE,
732,"Schmidts Lane Recreation Fac.",2,,,,FALSE,"unparseable",,,FALSE,
732,"Schmidts Lane Recreation Fac.",3,,,,FALSE,"unparseable",,,FALSE,
732,"Schmidts Lane Recreation Fac.",4,,,,FALSE,"unparseable",,,FALSE,
732,"Schmidts Lane Recreation Fac.",5,,,,FALSE,"unparseable",,,FALSE,
732,"Schmidts Lane Recreation Fac.",6,,,,FALSE,"unparseable",,,FALSE,
732,"Schmidts Lane Recreation Fac.",7,,,,FALSE,"unparseable",,,FALSE,
733,"Steeplechase Park Carousel",1,11,22,TRUE,TRUE,"uniform",FALSE,FALSE,FALSE,FALSE
733,"Steeplechase Park Carousel",2,11,22,TRUE,TRUE,"uniform",FALSE,FALSE,FALSE,FALSE
733,"Steeplechase Park Carousel",3,11,22,TRUE,TRUE,"uniform",FALSE,FALSE,FALSE,FALSE
733,"Steeplechase Park Carousel",4,11,22,TRUE,TRUE,"uniform",FALSE,FALSE,FALSE,FALSE
733,"Steeplechase Park Carousel",5,11,22,TRUE,TRUE,"uniform",FALSE,FALSE,FALSE,FALSE
733,"Steeplechase Park Carousel",6,11,22,TRUE,TRUE,"uniform",FALSE,FALSE,FALSE,FALSE
733,"Steeplechase Park Carousel",7,11,22,TRUE,TRUE,"uniform",FALSE,FALSE,FALSE,FALSE
734,"Alley Pond Park Driving Range",1,6.5,23.5,TRUE,TRUE,"uniform",FALSE,FALSE,FALSE,FALSE
734,"Alley Pond Park Driving Range",2,6.5,23.5,TRUE,TRUE,"uniform",FALSE,FALSE,FALSE,FALSE
734,"Alley Pond Park Driving Range",3,6.5,23.5,TRUE,TRUE,"uniform",FALSE,FALSE,FALSE,FALSE
734,"Alley Pond Park Driving Range",4,6.5,23.5,TRUE,TRUE,"uniform",FALSE,FALSE,FALSE,FALSE
734,"Alley Pond Park Driving Range",5,6.5,23.5,TRUE,TRUE,"uniform",FALSE,FALSE,FALSE,FALSE
734,"Alley Pond Park Driving Range",6,6.5,23.5,TRUE,TRUE,"uniform",FALSE,FALSE,FALSE,FALSE
734,"Alley Pond Park Driving Range",7,6.5,23.5,TRUE,TRUE,"uniform",FALSE,FALSE,FALSE,FALSE
735,"Turtle Cove Driving Range",1,7,22,TRUE,TRUE,"uniform",FALSE,FALSE,FALSE,FALSE
735,"Turtle Cove Driving Range",2,7,22,TRUE,TRUE,"uniform",FALSE,FALSE,FALSE,FALSE
735,"Turtle Cove Driving Range",3,7,22,TRUE,TRUE,"uniform",FALSE,FALSE,FALSE,FALSE
735,"Turtle Cove Driving Range",4,7,22,TRUE,TRUE,"uniform",FALSE,FALSE,FALSE,FALSE
735,"Turtle Cove Driving Range",5,7,22,TRUE,TRUE,"uniform",FALSE,FALSE,FALSE,FALSE
735,"Turtle Cove Driving Range",6,7,22,TRUE,TRUE,"uniform",FALSE,FALSE,FALSE,FALSE
735,"Turtle Cove Driving Range",7,7,22,TRUE,TRUE,"uniform",FALSE,FALSE,FALSE,FALSE
736,"Dyker Beach Golf Course",1,5.5,19,TRUE,TRUE,"uniform",FALSE,FALSE,FALSE,FALSE
736,"Dyker Beach Golf Course",2,5.5,19,TRUE,TRUE,"uniform",FALSE,FALSE,FALSE,FALSE
736,"Dyker Beach Golf Course",3,5.5,19,TRUE,TRUE,"uniform",FALSE,FALSE,FALSE,FALSE
736,"Dyker Beach Golf Course",4,5.5,19,TRUE,TRUE,"uniform",FALSE,FALSE,FALSE,FALSE
736,"Dyker Beach Golf Course",5,5.5,19,TRUE,TRUE,"uniform",FALSE,FALSE,FALSE,FALSE
736,"Dyker Beach Golf Course",6,5.5,19,TRUE,TRUE,"uniform",FALSE,FALSE,FALSE,FALSE
736,"Dyker Beach Golf Course",7,5.5,19,TRUE,TRUE,"uniform",FALSE,FALSE,FALSE,FALSE
737,"Marine Park Golf Course",1,6,19,TRUE,TRUE,"uniform",FALSE,FALSE,FALSE,FALSE
737,"Marine Park Golf Course",2,6,19,TRUE,TRUE,"uniform",FALSE,FALSE,FALSE,FALSE
737,"Marine Park Golf Course",3,6,19,TRUE,TRUE,"uniform",FALSE,FALSE,FALSE,FALSE
737,"Marine Park Golf Course",4,6,19,TRUE,TRUE,"uniform",FALSE,FALSE,FALSE,FALSE
737,"Marine Park Golf Course",5,6,19,TRUE,TRUE,"uniform",FALSE,FALSE,FALSE,FALSE
737,"Marine Park Golf Course",6,6,19,TRUE,TRUE,"uniform",FALSE,FALSE,FALSE,FALSE
737,"Marine Park Golf Course",7,6,19,TRUE,TRUE,"uniform",FALSE,FALSE,FALSE,FALSE
738,"Clearview Golf Course",1,6,20,TRUE,TRUE,"uniform",FALSE,FALSE,FALSE,FALSE
738,"Clearview Golf Course",2,6,20,TRUE,TRUE,"uniform",FALSE,FALSE,FALSE,FALSE
738,"Clearview Golf Course",3,6,20,TRUE,TRUE,"uniform",FALSE,FALSE,FALSE,FALSE
738,"Clearview Golf Course",4,6,20,TRUE,TRUE,"uniform",FALSE,FALSE,FALSE,FALSE
738,"Clearview Golf Course",5,6,20,TRUE,TRUE,"uniform",FALSE,FALSE,FALSE,FALSE
738,"Clearview Golf Course",6,6,20,TRUE,TRUE,"uniform",FALSE,FALSE,FALSE,FALSE
738,"Clearview Golf Course",7,6,20,TRUE,TRUE,"uniform",FALSE,FALSE,FALSE,FALSE
739,"Forest Park Golf Course",1,6,20,TRUE,TRUE,"uniform",FALSE,FALSE,FALSE,FALSE
739,"Forest Park Golf Course",2,6,20,TRUE,TRUE,"uniform",FALSE,FALSE,FALSE,FALSE
739,"Forest Park Golf Course",3,6,20,TRUE,TRUE,"uniform",FALSE,FALSE,FALSE,FALSE
739,"Forest Park Golf Course",4,6,20,TRUE,TRUE,"uniform",FALSE,FALSE,FALSE,FALSE
739,"Forest Park Golf Course",5,6,20,TRUE,TRUE,"uniform",FALSE,FALSE,FALSE,FALSE
739,"Forest Park Golf Course",6,6,20,TRUE,TRUE,"uniform",FALSE,FALSE,FALSE,FALSE
739,"Forest Park Golf Course",7,6,20,TRUE,TRUE,"uniform",FALSE,FALSE,FALSE,FALSE
740,"Kissena Park Golf Course",1,6,20,TRUE,TRUE,"uniform",FALSE,FALSE,FALSE,FALSE
740,"Kissena Park Golf Course",2,6,20,TRUE,TRUE,"uniform",FALSE,FALSE,FALSE,FALSE
740,"Kissena Park Golf Course",3,6,20,TRUE,TRUE,"uniform",FALSE,FALSE,FALSE,FALSE
740,"Kissena Park Golf Course",4,6,20,TRUE,TRUE,"uniform",FALSE,FALSE,FALSE,FALSE
740,"Kissena Park Golf Course",5,6,20,TRUE,TRUE,"uniform",FALSE,FALSE,FALSE,FALSE
740,"Kissena Park Golf Course",6,6,20,TRUE,TRUE,"uniform",FALSE,FALSE,FALSE,FALSE
740,"Kissena Park Golf Course",7,6,20,TRUE,TRUE,"uniform",FALSE,FALSE,FALSE,FALSE
741,"Flushing Meadows Golf Course",1,8,23,TRUE,TRUE,"uniform",FALSE,FALSE,FALSE,FALSE
741,"Flushing Meadows Golf Course",2,8,23,TRUE,TRUE,"uniform",FALSE,FALSE,FALSE,FALSE
741,"Flushing Meadows Golf Course",3,8,23,TRUE,TRUE,"uniform",FALSE,FALSE,FALSE,FALSE
741,"Flushing Meadows Golf Course",4,8,23,TRUE,TRUE,"uniform",FALSE,FALSE,FALSE,FALSE
741,"Flushing Meadows Golf Course",5,8,23,TRUE,TRUE,"uniform",FALSE,FALSE,FALSE,FALSE
741,"Flushing Meadows Golf Course",6,8,23,TRUE,TRUE,"uniform",FALSE,FALSE,FALSE,FALSE
741,"Flushing Meadows Golf Course",7,8,23,TRUE,TRUE,"uniform",FALSE,FALSE,FALSE,FALSE
742,"Douglaston Golf Course",1,6,20,TRUE,TRUE,"uniform",FALSE,FALSE,FALSE,FALSE
742,"Douglaston Golf Course",2,6,20,TRUE,TRUE,"uniform",FALSE,FALSE,FALSE,FALSE
742,"Douglaston Golf Course",3,6,20,TRUE,TRUE,"uniform",FALSE,FALSE,FALSE,FALSE
742,"Douglaston Golf Course",4,6,20,TRUE,TRUE,"uniform",FALSE,FALSE,FALSE,FALSE
742,"Douglaston Golf Course",5,6,20,TRUE,TRUE,"uniform",FALSE,FALSE,FALSE,FALSE
742,"Douglaston Golf Course",6,6,20,TRUE,TRUE,"uniform",FALSE,FALSE,FALSE,FALSE
742,"Douglaston Golf Course",7,6,20,TRUE,TRUE,"uniform",FALSE,FALSE,FALSE,FALSE
743,"La Tourette Golf Course",1,6,20,TRUE,TRUE,"uniform",FALSE,FALSE,FALSE,FALSE
743,"La Tourette Golf Course",2,6,20,TRUE,TRUE,"uniform",FALSE,FALSE,FALSE,FALSE
743,"La Tourette Golf Course",3,6,20,TRUE,TRUE,"uniform",FALSE,FALSE,FALSE,FALSE
743,"La Tourette Golf Course",4,6,20,TRUE,TRUE,"uniform",FALSE,FALSE,FALSE,FALSE
743,"La Tourette Golf Course",5,6,20,TRUE,TRUE,"uniform",FALSE,FALSE,FALSE,FALSE
743,"La Tourette Golf Course",6,6,20,TRUE,TRUE,"uniform",FALSE,FALSE,FALSE,FALSE
743,"La Tourette Golf Course",7,6,20,TRUE,TRUE,"uniform",FALSE,FALSE,FALSE,FALSE
744,"Silver Lake Golf Course",1,6,20,TRUE,TRUE,"uniform",FALSE,FALSE,FALSE,FALSE
744,"Silver Lake Golf Course",2,6,20,TRUE,TRUE,"uniform",FALSE,FALSE,FALSE,FALSE
744,"Silver Lake Golf Course",3,6,20,TRUE,TRUE,"uniform",FALSE,FALSE,FALSE,FALSE
744,"Silver Lake Golf Course",4,6,20,TRUE,TRUE,"uniform",FALSE,FALSE,FALSE,FALSE
744,"Silver Lake Golf Course",5,6,20,TRUE,TRUE,"uniform",FALSE,FALSE,FALSE,FALSE
744,"Silver Lake Golf Course",6,6,20,TRUE,TRUE,"uniform",FALSE,FALSE,FALSE,FALSE
744,"Silver Lake Golf Course",7,6,20,TRUE,TRUE,"uniform",FALSE,FALSE,FALSE,FALSE
745,"South Shore Golf Course",1,6,20,TRUE,TRUE,"uniform",FALSE,FALSE,FALSE,FALSE
745,"South Shore Golf Course",2,6,20,TRUE,TRUE,"uniform",FALSE,FALSE,FALSE,FALSE
745,"South Shore Golf Course",3,6,20,TRUE,TRUE,"uniform",FALSE,FALSE,FALSE,FALSE
745,"South Shore Golf Course",4,6,20,TRUE,TRUE,"uniform",FALSE,FALSE,FALSE,FALSE
745,"South Shore Golf Course",5,6,20,TRUE,TRUE,"uniform",FALSE,FALSE,FALSE,FALSE
745,"South Shore Golf Course",6,6,20,TRUE,TRUE,"uniform",FALSE,FALSE,FALSE,FALSE
745,"South Shore Golf Course",7,6,20,TRUE,TRUE,"uniform",FALSE,FALSE,FALSE,FALSE
746,"Pelham Bay/ Split Rock Golf",1,6,20,TRUE,TRUE,"uniform",FALSE,FALSE,FALSE,FALSE
746,"Pelham Bay/ Split Rock Golf",2,6,20,TRUE,TRUE,"uniform",FALSE,FALSE,FALSE,FALSE
746,"Pelham Bay/ Split Rock Golf",3,6,20,TRUE,TRUE,"uniform",FALSE,FALSE,FALSE,FALSE
746,"Pelham Bay/ Split Rock Golf",4,6,20,TRUE,TRUE,"uniform",FALSE,FALSE,FALSE,FALSE
746,"Pelham Bay/ Split Rock Golf",5,6,20,TRUE,TRUE,"uniform",FALSE,FALSE,FALSE,FALSE
746,"Pelham Bay/ Split Rock Golf",6,6,20,TRUE,TRUE,"uniform",FALSE,FALSE,FALSE,FALSE
746,"Pelham Bay/ Split Rock Golf",7,6,20,TRUE,TRUE,"uniform",FALSE,FALSE,FALSE,FALSE
747,"Van Cortlandt Golf Course",1,6,20,TRUE,TRUE,"uniform",FALSE,FALSE,FALSE,FALSE
747,"Van Cortlandt Golf Course",2,6,20,TRUE,TRUE,"uniform",FALSE,FALSE,FALSE,FALSE
747,"Van Cortlandt Golf Course",3,6,20,TRUE,TRUE,"uniform",FALSE,FALSE,FALSE,FALSE
747,"Van Cortlandt Golf Course",4,6,20,TRUE,TRUE,"uniform",FALSE,FALSE,FALSE,FALSE
747,"Van Cortlandt Golf Course",5,6,20,TRUE,TRUE,"uniform",FALSE,FALSE,FALSE,FALSE
747,"Van Cortlandt Golf Course",6,6,20,TRUE,TRUE,"uniform",FALSE,FALSE,FALSE,FALSE
747,"Van Cortlandt Golf Course",7,6,20,TRUE,TRUE,"uniform",FALSE,FALSE,FALSE,FALSE
748,"Mosholu Golf Course",1,7,20,TRUE,TRUE,"uniform",FALSE,FALSE,FALSE,FALSE
748,"Mosholu Golf Course",2,7,20,TRUE,TRUE,"uniform",FALSE,FALSE,FALSE,FALSE
748,"Mosholu Golf Course",3,7,20,TRUE,TRUE,"uniform",FALSE,FALSE,FALSE,FALSE
748,"Mosholu Golf Course",4,7,20,TRUE,TRUE,"uniform",FALSE,FALSE,FALSE,FALSE
748,"Mosholu Golf Course",5,7,20,TRUE,TRUE,"uniform",FALSE,FALSE,FALSE,FALSE
748,"Mosholu Golf Course",6,7,20,TRUE,TRUE,"uniform",FALSE,FALSE,FALSE,FALSE
748,"Mosholu Golf Course",7,7,20,TRUE,TRUE,"uniform",FALSE,FALSE,FALSE,FALSE
749,"Ferry Point Golf Course",1,6.5,22,TRUE,TRUE,"uniform",FALSE,FALSE,FALSE,FALSE
749,"Ferry Point Golf Course",2,6.5,22,TRUE,TRUE,"uniform",FALSE,FALSE,FALSE,FALSE
749,"Ferry Point Golf Course",3,6.5,22,TRUE,TRUE,"uniform",FALSE,FALSE,FALSE,FALSE
749,"Ferry Point Golf Course",4,6.5,22,TRUE,TRUE,"uniform",FALSE,FALSE,FALSE,FALSE
749,"Ferry Point Golf Course",5,6.5,22,TRUE,TRUE,"uniform",FALSE,FALSE,FALSE,FALSE
749,"Ferry Point Golf Course",6,6.5,22,TRUE,TRUE,"uniform",FALSE,FALSE,FALSE,FALSE
749,"Ferry Point Golf Course",7,6.5,22,TRUE,TRUE,"uniform",FALSE,FALSE,FALSE,FALSE
750,"Shore Parkway Gas Station",1,0,24,TRUE,TRUE,"uniform",FALSE,FALSE,FALSE,FALSE
750,"Shore Parkway Gas Station",2,0,24,TRUE,TRUE,"uniform",FALSE,FALSE,FALSE,FALSE
750,"Shore Parkway Gas Station",3,0,24,TRUE,TRUE,"uniform",FALSE,FALSE,FALSE,FALSE
750,"Shore Parkway Gas Station",4,0,24,TRUE,TRUE,"uniform",FALSE,FALSE,FALSE,FALSE
750,"Shore Parkway Gas Station",5,0,24,TRUE,TRUE,"uniform",FALSE,FALSE,FALSE,FALSE
750,"Shore Parkway Gas Station",6,0,24,TRUE,TRUE,"uniform",FALSE,FALSE,FALSE,FALSE
750,"Shore Parkway Gas Station",7,0,24,TRUE,TRUE,"uniform",FALSE,FALSE,FALSE,FALSE
751,"Cunningham Gas Station",1,0,24,TRUE,TRUE,"uniform",FALSE,FALSE,FALSE,FALSE
751,"Cunningham Gas Station",2,0,24,TRUE,TRUE,"uniform",FALSE,FALSE,FALSE,FALSE
751,"Cunningham Gas Station",3,0,24,TRUE,TRUE,"uniform",FALSE,FALSE,FALSE,FALSE
751,"Cunningham Gas Station",4,0,24,TRUE,TRUE,"uniform",FALSE,FALSE,FALSE,FALSE
751,"Cunningham Gas Station",5,0,24,TRUE,TRUE,"uniform",FALSE,FALSE,FALSE,FALSE
751,"Cunningham Gas Station",6,0,24,TRUE,TRUE,"uniform",FALSE,FALSE,FALSE,FALSE
751,"Cunningham Gas Station",7,0,24,TRUE,TRUE,"uniform",FALSE,FALSE,FALSE,FALSE
752,"Wolfe's Pond Park Zone 2",1,8,16,TRUE,TRUE,"uniform",FALSE,FALSE,FALSE,FALSE
752,"Wolfe's Pond Park Zone 2",2,8,16,TRUE,TRUE,"uniform",FALSE,FALSE,FALSE,FALSE
752,"Wolfe's Pond Park Zone 2",3,8,16,TRUE,TRUE,"uniform",FALSE,FALSE,FALSE,FALSE
752,"Wolfe's Pond Park Zone 2",4,8,16,TRUE,TRUE,"uniform",FALSE,FALSE,FALSE,FALSE
752,"Wolfe's Pond Park Zone 2",5,8,16,TRUE,TRUE,"uniform",FALSE,FALSE,FALSE,FALSE
752,"Wolfe's Pond Park Zone 2",6,8,16,TRUE,TRUE,"uniform",FALSE,FALSE,FALSE,FALSE
752,"Wolfe's Pond Park Zone 2",7,8,16,TRUE,TRUE,"uniform",FALSE,FALSE,FALSE,FALSE
753,"Wolfe's Pond Park Zone 2",1,8,16,TRUE,TRUE,"uniform",FALSE,FALSE,FALSE,FALSE
753,"Wolfe's Pond Park Zone 2",2,8,16,TRUE,TRUE,"uniform",FALSE,FALSE,FALSE,FALSE
753,"Wolfe's Pond Park Zone 2",3,8,16,TRUE,TRUE,"uniform",FALSE,FALSE,FALSE,FALSE
753,"Wolfe's Pond Park Zone 2",4,8,16,TRUE,TRUE,"uniform",FALSE,FALSE,FALSE,FALSE
753,"Wolfe's Pond Park Zone 2",5,8,16,TRUE,TRUE,"uniform",FALSE,FALSE,FALSE,FALSE
753,"Wolfe's Pond Park Zone 2",6,8,16,TRUE,TRUE,"uniform",FALSE,FALSE,FALSE,FALSE
753,"Wolfe's Pond Park Zone 2",7,8,16,TRUE,TRUE,"uniform",FALSE,FALSE,FALSE,FALSE
754,"Hutchinson River Parkway Gas",1,0,24,TRUE,TRUE,"uniform",FALSE,FALSE,FALSE,FALSE
754,"Hutchinson River Parkway Gas",2,0,24,TRUE,TRUE,"uniform",FALSE,FALSE,FALSE,FALSE
754,"Hutchinson River Parkway Gas",3,0,24,TRUE,TRUE,"uniform",FALSE,FALSE,FALSE,FALSE
754,"Hutchinson River Parkway Gas",4,0,24,TRUE,TRUE,"uniform",FALSE,FALSE,FALSE,FALSE
754,"Hutchinson River Parkway Gas",5,0,24,TRUE,TRUE,"uniform",FALSE,FALSE,FALSE,FALSE
754,"Hutchinson River Parkway Gas",6,0,24,TRUE,TRUE,"uniform",FALSE,FALSE,FALSE,FALSE
754,"Hutchinson River Parkway Gas",7,0,24,TRUE,TRUE,"uniform",FALSE,FALSE,FALSE,FALSE
755,"Major Deegan No. Gas Station",1,0,24,TRUE,TRUE,"uniform",FALSE,FALSE,FALSE,FALSE
755,"Major Deegan No. Gas Station",2,0,24,TRUE,TRUE,"uniform",FALSE,FALSE,FALSE,FALSE
755,"Major Deegan No. Gas Station",3,0,24,TRUE,TRUE,"uniform",FALSE,FALSE,FALSE,FALSE
755,"Major Deegan No. Gas Station",4,0,24,TRUE,TRUE,"uniform",FALSE,FALSE,FALSE,FALSE
755,"Major Deegan No. Gas Station",5,0,24,TRUE,TRUE,"uniform",FALSE,FALSE,FALSE,FALSE
755,"Major Deegan No. Gas Station",6,0,24,TRUE,TRUE,"uniform",FALSE,FALSE,FALSE,FALSE
755,"Major Deegan No. Gas Station",7,0,24,TRUE,TRUE,"uniform",FALSE,FALSE,FALSE,FALSE
756,"Major Deegan So. Gas Station",1,0,24,TRUE,TRUE,"uniform",FALSE,FALSE,FALSE,FALSE
756,"Major Deegan So. Gas Station",2,0,24,TRUE,TRUE,"uniform",FALSE,FALSE,FALSE,FALSE
756,"Major Deegan So. Gas Station",3,0,24,TRUE,TRUE,"uniform",FALSE,FALSE,FALSE,FALSE
756,"Major Deegan So. Gas Station",4,0,24,TRUE,TRUE,"uniform",FALSE,FALSE,FALSE,FALSE
756,"Major Deegan So. Gas Station",5,0,24,TRUE,TRUE,"uniform",FALSE,FALSE,FALSE,FALSE
756,"Major Deegan So. Gas Station",6,0,24,TRUE,TRUE,"uniform",FALSE,FALSE,FALSE,FALSE
756,"Major Deegan So. Gas Station",7,0,24,TRUE,TRUE,"uniform",FALSE,FALSE,FALSE,FALSE
757,"Prospect Park Lakeside Center",1,9,19,TRUE,TRUE,"uniform",FALSE,FALSE,FALSE,FALSE
757,"Prospect Park Lakeside Center",2,9,19,TRUE,TRUE,"uniform",FALSE,FALSE,FALSE,FALSE
757,"Prospect Park Lakeside Center",3,9,19,TRUE,TRUE,"uniform",FALSE,FALSE,FALSE,FALSE
757,"Prospect Park Lakeside Center",4,9,19,TRUE,TRUE,"uniform",FALSE,FALSE,FALSE,FALSE
757,"Prospect Park Lakeside Center",5,9,19,TRUE,TRUE,"uniform",FALSE,FALSE,FALSE,FALSE
757,"Prospect Park Lakeside Center",6,9,19,TRUE,TRUE,"uniform",FALSE,FALSE,FALSE,FALSE
757,"Prospect Park Lakeside Center",7,9,19,TRUE,TRUE,"uniform",FALSE,FALSE,FALSE,FALSE
758,"Abe Stark Skating Rink",1,12.5,16,TRUE,TRUE,"uniform",FALSE,FALSE,FALSE,FALSE
758,"Abe Stark Skating Rink",2,12.5,16,TRUE,TRUE,"uniform",FALSE,FALSE,FALSE,FALSE
758,"Abe Stark Skating Rink",3,12.5,16,TRUE,TRUE,"uniform",FALSE,FALSE,FALSE,FALSE
758,"Abe Stark Skating Rink",4,12.5,16,TRUE,TRUE,"uniform",FALSE,FALSE,FALSE,FALSE
758,"Abe Stark Skating Rink",5,12.5,16,TRUE,TRUE,"uniform",FALSE,FALSE,FALSE,FALSE
758,"Abe Stark Skating Rink",6,12.5,16,TRUE,TRUE,"uniform",FALSE,FALSE,FALSE,FALSE
758,"Abe Stark Skating Rink",7,12.5,16,TRUE,TRUE,"uniform",FALSE,FALSE,FALSE,FALSE
759,"Central Park Ice Rinks",1,10,14.3333333333333,TRUE,TRUE,"uniform",FALSE,TRUE,FALSE,FALSE
759,"Central Park Ice Rinks",2,10,14.3333333333333,TRUE,TRUE,"uniform",FALSE,TRUE,FALSE,FALSE
759,"Central Park Ice Rinks",3,10,14.3333333333333,TRUE,TRUE,"uniform",FALSE,TRUE,FALSE,FALSE
759,"Central Park Ice Rinks",4,10,14.3333333333333,TRUE,TRUE,"uniform",FALSE,TRUE,FALSE,FALSE
759,"Central Park Ice Rinks",5,10,14.3333333333333,TRUE,TRUE,"uniform",FALSE,TRUE,FALSE,FALSE
759,"Central Park Ice Rinks",6,10,14.3333333333333,TRUE,TRUE,"uniform",FALSE,TRUE,FALSE,FALSE
759,"Central Park Ice Rinks",7,10,14.3333333333333,TRUE,TRUE,"uniform",FALSE,TRUE,FALSE,FALSE
760,"Flushing Meadows Ice Rink",1,12,20,TRUE,TRUE,"dayprefixed",FALSE,FALSE,FALSE,FALSE
760,"Flushing Meadows Ice Rink",2,10.5,17.25,TRUE,TRUE,"dayprefixed",FALSE,FALSE,FALSE,FALSE
760,"Flushing Meadows Ice Rink",3,10.5,17.25,TRUE,TRUE,"dayprefixed",FALSE,FALSE,FALSE,FALSE
760,"Flushing Meadows Ice Rink",4,10.5,17.25,TRUE,TRUE,"dayprefixed",FALSE,FALSE,FALSE,FALSE
760,"Flushing Meadows Ice Rink",5,10.5,17.25,TRUE,TRUE,"dayprefixed",FALSE,FALSE,FALSE,FALSE
760,"Flushing Meadows Ice Rink",6,10.5,17.25,TRUE,TRUE,"dayprefixed",FALSE,FALSE,FALSE,FALSE
760,"Flushing Meadows Ice Rink",7,12,20,TRUE,TRUE,"dayprefixed",FALSE,FALSE,FALSE,FALSE
761,"Clove Lakes Rink",1,12,18,TRUE,TRUE,"dayprefixed",FALSE,FALSE,FALSE,FALSE
761,"Clove Lakes Rink",2,,,FALSE,TRUE,"dayprefixed",FALSE,FALSE,FALSE,TRUE
761,"Clove Lakes Rink",3,,,FALSE,TRUE,"dayprefixed",FALSE,FALSE,FALSE,TRUE
761,"Clove Lakes Rink",4,,,FALSE,TRUE,"dayprefixed",FALSE,FALSE,FALSE,TRUE
761,"Clove Lakes Rink",5,,,FALSE,TRUE,"dayprefixed",FALSE,FALSE,FALSE,TRUE
761,"Clove Lakes Rink",6,16,22,TRUE,TRUE,"dayprefixed",FALSE,FALSE,FALSE,FALSE
761,"Clove Lakes Rink",7,12,22,TRUE,TRUE,"dayprefixed",FALSE,FALSE,FALSE,FALSE
762,"Mccarren Park Indoor Tennis",1,6,24,TRUE,TRUE,"uniform",FALSE,FALSE,FALSE,FALSE
762,"Mccarren Park Indoor Tennis",2,6,24,TRUE,TRUE,"uniform",FALSE,FALSE,FALSE,FALSE
762,"Mccarren Park Indoor Tennis",3,6,24,TRUE,TRUE,"uniform",FALSE,FALSE,FALSE,FALSE
762,"Mccarren Park Indoor Tennis",4,6,24,TRUE,TRUE,"uniform",FALSE,FALSE,FALSE,FALSE
762,"Mccarren Park Indoor Tennis",5,6,24,TRUE,TRUE,"uniform",FALSE,FALSE,FALSE,FALSE
762,"Mccarren Park Indoor Tennis",6,6,24,TRUE,TRUE,"uniform",FALSE,FALSE,FALSE,FALSE
762,"Mccarren Park Indoor Tennis",7,6,24,TRUE,TRUE,"uniform",FALSE,FALSE,FALSE,FALSE
763,"Prospect Park Indoor Tennis",1,7,23,TRUE,TRUE,"uniform",FALSE,FALSE,FALSE,FALSE
763,"Prospect Park Indoor Tennis",2,7,23,TRUE,TRUE,"uniform",FALSE,FALSE,FALSE,FALSE
763,"Prospect Park Indoor Tennis",3,7,23,TRUE,TRUE,"uniform",FALSE,FALSE,FALSE,FALSE
763,"Prospect Park Indoor Tennis",4,7,23,TRUE,TRUE,"uniform",FALSE,FALSE,FALSE,FALSE
763,"Prospect Park Indoor Tennis",5,7,23,TRUE,TRUE,"uniform",FALSE,FALSE,FALSE,FALSE
763,"Prospect Park Indoor Tennis",6,7,23,TRUE,TRUE,"uniform",FALSE,FALSE,FALSE,FALSE
763,"Prospect Park Indoor Tennis",7,7,23,TRUE,TRUE,"uniform",FALSE,FALSE,FALSE,FALSE
764,"Bensonhurst Indoor Tennis",1,7,22,TRUE,TRUE,"dayprefixed",FALSE,FALSE,FALSE,FALSE
764,"Bensonhurst Indoor Tennis",2,7,24,TRUE,TRUE,"dayprefixed",FALSE,FALSE,FALSE,FALSE
764,"Bensonhurst Indoor Tennis",3,7,24,TRUE,TRUE,"dayprefixed",FALSE,FALSE,FALSE,FALSE
764,"Bensonhurst Indoor Tennis",4,7,24,TRUE,TRUE,"dayprefixed",FALSE,FALSE,FALSE,FALSE
764,"Bensonhurst Indoor Tennis",5,7,24,TRUE,TRUE,"dayprefixed",FALSE,FALSE,FALSE,FALSE
764,"Bensonhurst Indoor Tennis",6,7,24,TRUE,TRUE,"dayprefixed",FALSE,FALSE,FALSE,FALSE
764,"Bensonhurst Indoor Tennis",7,7,22,TRUE,TRUE,"dayprefixed",FALSE,FALSE,FALSE,FALSE
765,"Queensboro Oval Indoor Tennis",1,7,23,TRUE,TRUE,"uniform",FALSE,FALSE,FALSE,FALSE
765,"Queensboro Oval Indoor Tennis",2,7,23,TRUE,TRUE,"uniform",FALSE,FALSE,FALSE,FALSE
765,"Queensboro Oval Indoor Tennis",3,7,23,TRUE,TRUE,"uniform",FALSE,FALSE,FALSE,FALSE
765,"Queensboro Oval Indoor Tennis",4,7,23,TRUE,TRUE,"uniform",FALSE,FALSE,FALSE,FALSE
765,"Queensboro Oval Indoor Tennis",5,7,23,TRUE,TRUE,"uniform",FALSE,FALSE,FALSE,FALSE
765,"Queensboro Oval Indoor Tennis",6,7,23,TRUE,TRUE,"uniform",FALSE,FALSE,FALSE,FALSE
765,"Queensboro Oval Indoor Tennis",7,7,23,TRUE,TRUE,"uniform",FALSE,FALSE,FALSE,FALSE
766,"Alley Pond Indoor Tennis",1,7,23,TRUE,TRUE,"uniform",FALSE,FALSE,FALSE,FALSE
766,"Alley Pond Indoor Tennis",2,7,23,TRUE,TRUE,"uniform",FALSE,FALSE,FALSE,FALSE
766,"Alley Pond Indoor Tennis",3,7,23,TRUE,TRUE,"uniform",FALSE,FALSE,FALSE,FALSE
766,"Alley Pond Indoor Tennis",4,7,23,TRUE,TRUE,"uniform",FALSE,FALSE,FALSE,FALSE
766,"Alley Pond Indoor Tennis",5,7,23,TRUE,TRUE,"uniform",FALSE,FALSE,FALSE,FALSE
766,"Alley Pond Indoor Tennis",6,7,23,TRUE,TRUE,"uniform",FALSE,FALSE,FALSE,FALSE
766,"Alley Pond Indoor Tennis",7,7,23,TRUE,TRUE,"uniform",FALSE,FALSE,FALSE,FALSE
767,"Cunningham Park Indoor Tennis",1,7,23,TRUE,TRUE,"uniform",FALSE,TRUE,FALSE,FALSE
767,"Cunningham Park Indoor Tennis",2,7,23,TRUE,TRUE,"uniform",FALSE,TRUE,FALSE,FALSE
767,"Cunningham Park Indoor Tennis",3,7,23,TRUE,TRUE,"uniform",FALSE,TRUE,FALSE,FALSE
767,"Cunningham Park Indoor Tennis",4,7,23,TRUE,TRUE,"uniform",FALSE,TRUE,FALSE,FALSE
767,"Cunningham Park Indoor Tennis",5,7,23,TRUE,TRUE,"uniform",FALSE,TRUE,FALSE,FALSE
767,"Cunningham Park Indoor Tennis",6,7,23,TRUE,TRUE,"uniform",FALSE,TRUE,FALSE,FALSE
767,"Cunningham Park Indoor Tennis",7,7,23,TRUE,TRUE,"uniform",FALSE,TRUE,FALSE,FALSE
768,"Crotona Park Indoor Tennis",1,7,22,TRUE,TRUE,"uniform",FALSE,FALSE,FALSE,FALSE
768,"Crotona Park Indoor Tennis",2,7,22,TRUE,TRUE,"uniform",FALSE,FALSE,FALSE,FALSE
768,"Crotona Park Indoor Tennis",3,7,22,TRUE,TRUE,"uniform",FALSE,FALSE,FALSE,FALSE
768,"Crotona Park Indoor Tennis",4,7,22,TRUE,TRUE,"uniform",FALSE,FALSE,FALSE,FALSE
768,"Crotona Park Indoor Tennis",5,7,22,TRUE,TRUE,"uniform",FALSE,FALSE,FALSE,FALSE
768,"Crotona Park Indoor Tennis",6,7,22,TRUE,TRUE,"uniform",FALSE,FALSE,FALSE,FALSE
768,"Crotona Park Indoor Tennis",7,7,22,TRUE,TRUE,"uniform",FALSE,FALSE,FALSE,FALSE
769,"Mill Pond Indoor Tennis",1,,,,FALSE,"unparseable",,,FALSE,
769,"Mill Pond Indoor Tennis",2,,,,FALSE,"unparseable",,,FALSE,
769,"Mill Pond Indoor Tennis",3,,,,FALSE,"unparseable",,,FALSE,
769,"Mill Pond Indoor Tennis",4,,,,FALSE,"unparseable",,,FALSE,
769,"Mill Pond Indoor Tennis",5,,,,FALSE,"unparseable",,,FALSE,
769,"Mill Pond Indoor Tennis",6,,,,FALSE,"unparseable",,,FALSE,
769,"Mill Pond Indoor Tennis",7,,,,FALSE,"unparseable",,,FALSE,
770,"Mill Basin Marina",1,9,17,TRUE,TRUE,"uniform",FALSE,FALSE,FALSE,FALSE
770,"Mill Basin Marina",2,9,17,TRUE,TRUE,"uniform",FALSE,FALSE,FALSE,FALSE
770,"Mill Basin Marina",3,9,17,TRUE,TRUE,"uniform",FALSE,FALSE,FALSE,FALSE
770,"Mill Basin Marina",4,9,17,TRUE,TRUE,"uniform",FALSE,FALSE,FALSE,FALSE
770,"Mill Basin Marina",5,9,17,TRUE,TRUE,"uniform",FALSE,FALSE,FALSE,FALSE
770,"Mill Basin Marina",6,9,17,TRUE,TRUE,"uniform",FALSE,FALSE,FALSE,FALSE
770,"Mill Basin Marina",7,9,17,TRUE,TRUE,"uniform",FALSE,FALSE,FALSE,FALSE
771,"Paerdegat Basin Marina 1",1,9,17,TRUE,TRUE,"uniform",FALSE,FALSE,FALSE,FALSE
771,"Paerdegat Basin Marina 1",2,9,17,TRUE,TRUE,"uniform",FALSE,FALSE,FALSE,FALSE
771,"Paerdegat Basin Marina 1",3,9,17,TRUE,TRUE,"uniform",FALSE,FALSE,FALSE,FALSE
771,"Paerdegat Basin Marina 1",4,9,17,TRUE,TRUE,"uniform",FALSE,FALSE,FALSE,FALSE
771,"Paerdegat Basin Marina 1",5,9,17,TRUE,TRUE,"uniform",FALSE,FALSE,FALSE,FALSE
771,"Paerdegat Basin Marina 1",6,9,17,TRUE,TRUE,"uniform",FALSE,FALSE,FALSE,FALSE
771,"Paerdegat Basin Marina 1",7,9,17,TRUE,TRUE,"uniform",FALSE,FALSE,FALSE,FALSE
772,"Paerdegat Basin Marina 2",1,9,17,TRUE,TRUE,"uniform",FALSE,FALSE,FALSE,FALSE
772,"Paerdegat Basin Marina 2",2,9,17,TRUE,TRUE,"uniform",FALSE,FALSE,FALSE,FALSE
772,"Paerdegat Basin Marina 2",3,9,17,TRUE,TRUE,"uniform",FALSE,FALSE,FALSE,FALSE
772,"Paerdegat Basin Marina 2",4,9,17,TRUE,TRUE,"uniform",FALSE,FALSE,FALSE,FALSE
772,"Paerdegat Basin Marina 2",5,9,17,TRUE,TRUE,"uniform",FALSE,FALSE,FALSE,FALSE
772,"Paerdegat Basin Marina 2",6,9,17,TRUE,TRUE,"uniform",FALSE,FALSE,FALSE,FALSE
772,"Paerdegat Basin Marina 2",7,9,17,TRUE,TRUE,"uniform",FALSE,FALSE,FALSE,FALSE
773,"Paerdegat Basin Marina 3",1,9,17,TRUE,TRUE,"uniform",FALSE,FALSE,FALSE,FALSE
773,"Paerdegat Basin Marina 3",2,9,17,TRUE,TRUE,"uniform",FALSE,FALSE,FALSE,FALSE
773,"Paerdegat Basin Marina 3",3,9,17,TRUE,TRUE,"uniform",FALSE,FALSE,FALSE,FALSE
773,"Paerdegat Basin Marina 3",4,9,17,TRUE,TRUE,"uniform",FALSE,FALSE,FALSE,FALSE
773,"Paerdegat Basin Marina 3",5,9,17,TRUE,TRUE,"uniform",FALSE,FALSE,FALSE,FALSE
773,"Paerdegat Basin Marina 3",6,9,17,TRUE,TRUE,"uniform",FALSE,FALSE,FALSE,FALSE
773,"Paerdegat Basin Marina 3",7,9,17,TRUE,TRUE,"uniform",FALSE,FALSE,FALSE,FALSE
774,"Paerdegat Basin Marina 4",1,9,17,TRUE,TRUE,"uniform",FALSE,FALSE,FALSE,FALSE
774,"Paerdegat Basin Marina 4",2,9,17,TRUE,TRUE,"uniform",FALSE,FALSE,FALSE,FALSE
774,"Paerdegat Basin Marina 4",3,9,17,TRUE,TRUE,"uniform",FALSE,FALSE,FALSE,FALSE
774,"Paerdegat Basin Marina 4",4,9,17,TRUE,TRUE,"uniform",FALSE,FALSE,FALSE,FALSE
774,"Paerdegat Basin Marina 4",5,9,17,TRUE,TRUE,"uniform",FALSE,FALSE,FALSE,FALSE
774,"Paerdegat Basin Marina 4",6,9,17,TRUE,TRUE,"uniform",FALSE,FALSE,FALSE,FALSE
774,"Paerdegat Basin Marina 4",7,9,17,TRUE,TRUE,"uniform",FALSE,FALSE,FALSE,FALSE
775,"Paerdegat Basin Marina 5",1,9,17,TRUE,TRUE,"uniform",FALSE,FALSE,FALSE,FALSE
775,"Paerdegat Basin Marina 5",2,9,17,TRUE,TRUE,"uniform",FALSE,FALSE,FALSE,FALSE
775,"Paerdegat Basin Marina 5",3,9,17,TRUE,TRUE,"uniform",FALSE,FALSE,FALSE,FALSE
775,"Paerdegat Basin Marina 5",4,9,17,TRUE,TRUE,"uniform",FALSE,FALSE,FALSE,FALSE
775,"Paerdegat Basin Marina 5",5,9,17,TRUE,TRUE,"uniform",FALSE,FALSE,FALSE,FALSE
775,"Paerdegat Basin Marina 5",6,9,17,TRUE,TRUE,"uniform",FALSE,FALSE,FALSE,FALSE
775,"Paerdegat Basin Marina 5",7,9,17,TRUE,TRUE,"uniform",FALSE,FALSE,FALSE,FALSE
776,"Dyckman Street Marina",1,9,17,TRUE,TRUE,"uniform",FALSE,FALSE,FALSE,FALSE
776,"Dyckman Street Marina",2,9,17,TRUE,TRUE,"uniform",FALSE,FALSE,FALSE,FALSE
776,"Dyckman Street Marina",3,9,17,TRUE,TRUE,"uniform",FALSE,FALSE,FALSE,FALSE
776,"Dyckman Street Marina",4,9,17,TRUE,TRUE,"uniform",FALSE,FALSE,FALSE,FALSE
776,"Dyckman Street Marina",5,9,17,TRUE,TRUE,"uniform",FALSE,FALSE,FALSE,FALSE
776,"Dyckman Street Marina",6,9,17,TRUE,TRUE,"uniform",FALSE,FALSE,FALSE,FALSE
776,"Dyckman Street Marina",7,9,17,TRUE,TRUE,"uniform",FALSE,FALSE,FALSE,FALSE
777,"Bayside Marina",1,9,17,TRUE,TRUE,"uniform",FALSE,FALSE,FALSE,FALSE
777,"Bayside Marina",2,9,17,TRUE,TRUE,"uniform",FALSE,FALSE,FALSE,FALSE
777,"Bayside Marina",3,9,17,TRUE,TRUE,"uniform",FALSE,FALSE,FALSE,FALSE
777,"Bayside Marina",4,9,17,TRUE,TRUE,"uniform",FALSE,FALSE,FALSE,FALSE
777,"Bayside Marina",5,9,17,TRUE,TRUE,"uniform",FALSE,FALSE,FALSE,FALSE
777,"Bayside Marina",6,9,17,TRUE,TRUE,"uniform",FALSE,FALSE,FALSE,FALSE
777,"Bayside Marina",7,9,17,TRUE,TRUE,"uniform",FALSE,FALSE,FALSE,FALSE
778,"Lemon Creek Park Marina",1,9,17,TRUE,TRUE,"uniform",FALSE,FALSE,FALSE,FALSE
778,"Lemon Creek Park Marina",2,9,17,TRUE,TRUE,"uniform",FALSE,FALSE,FALSE,FALSE
778,"Lemon Creek Park Marina",3,9,17,TRUE,TRUE,"uniform",FALSE,FALSE,FALSE,FALSE
778,"Lemon Creek Park Marina",4,9,17,TRUE,TRUE,"uniform",FALSE,FALSE,FALSE,FALSE
778,"Lemon Creek Park Marina",5,9,17,TRUE,TRUE,"uniform",FALSE,FALSE,FALSE,FALSE
778,"Lemon Creek Park Marina",6,9,17,TRUE,TRUE,"uniform",FALSE,FALSE,FALSE,FALSE
778,"Lemon Creek Park Marina",7,9,17,TRUE,TRUE,"uniform",FALSE,FALSE,FALSE,FALSE
779,"Locust Point Marina",1,9,17,TRUE,TRUE,"uniform",FALSE,FALSE,FALSE,FALSE
779,"Locust Point Marina",2,9,17,TRUE,TRUE,"uniform",FALSE,FALSE,FALSE,FALSE
779,"Locust Point Marina",3,9,17,TRUE,TRUE,"uniform",FALSE,FALSE,FALSE,FALSE
779,"Locust Point Marina",4,9,17,TRUE,TRUE,"uniform",FALSE,FALSE,FALSE,FALSE
779,"Locust Point Marina",5,9,17,TRUE,TRUE,"uniform",FALSE,FALSE,FALSE,FALSE
779,"Locust Point Marina",6,9,17,TRUE,TRUE,"uniform",FALSE,FALSE,FALSE,FALSE
779,"Locust Point Marina",7,9,17,TRUE,TRUE,"uniform",FALSE,FALSE,FALSE,FALSE
780,"Paerdegat Athletic Facility",1,,,,FALSE,"unparseable",,,FALSE,
780,"Paerdegat Athletic Facility",2,,,,FALSE,"unparseable",,,FALSE,
780,"Paerdegat Athletic Facility",3,,,,FALSE,"unparseable",,,FALSE,
780,"Paerdegat Athletic Facility",4,,,,FALSE,"unparseable",,,FALSE,
780,"Paerdegat Athletic Facility",5,,,,FALSE,"unparseable",,,FALSE,
780,"Paerdegat Athletic Facility",6,,,,FALSE,"unparseable",,,FALSE,
780,"Paerdegat Athletic Facility",7,,,,FALSE,"unparseable",,,FALSE,
781,"Tavern On The Green",1,6,25,TRUE,TRUE,"uniform",FALSE,FALSE,FALSE,FALSE
781,"Tavern On The Green",2,6,25,TRUE,TRUE,"uniform",FALSE,FALSE,FALSE,FALSE
781,"Tavern On The Green",3,6,25,TRUE,TRUE,"uniform",FALSE,FALSE,FALSE,FALSE
781,"Tavern On The Green",4,6,25,TRUE,TRUE,"uniform",FALSE,FALSE,FALSE,FALSE
781,"Tavern On The Green",5,6,25,TRUE,TRUE,"uniform",FALSE,FALSE,FALSE,FALSE
781,"Tavern On The Green",6,6,25,TRUE,TRUE,"uniform",FALSE,FALSE,FALSE,FALSE
781,"Tavern On The Green",7,6,25,TRUE,TRUE,"uniform",FALSE,FALSE,FALSE,FALSE
782,"Dyckman Marina Restaurant",1,11,22,TRUE,TRUE,"dayprefixed",FALSE,FALSE,FALSE,FALSE
782,"Dyckman Marina Restaurant",2,16,22,TRUE,TRUE,"dayprefixed",FALSE,FALSE,FALSE,FALSE
782,"Dyckman Marina Restaurant",3,16,22,TRUE,TRUE,"dayprefixed",FALSE,FALSE,FALSE,FALSE
782,"Dyckman Marina Restaurant",4,16,22,TRUE,TRUE,"dayprefixed",FALSE,FALSE,FALSE,FALSE
782,"Dyckman Marina Restaurant",5,16,22,TRUE,TRUE,"dayprefixed",FALSE,FALSE,FALSE,FALSE
782,"Dyckman Marina Restaurant",6,11,23,TRUE,TRUE,"dayprefixed",FALSE,FALSE,FALSE,FALSE
782,"Dyckman Marina Restaurant",7,11,23,TRUE,TRUE,"dayprefixed",FALSE,FALSE,FALSE,FALSE
783,"Clearview Cafe",1,17,21,TRUE,TRUE,"uniform",FALSE,FALSE,FALSE,FALSE
783,"Clearview Cafe",2,17,21,TRUE,TRUE,"uniform",FALSE,FALSE,FALSE,FALSE
783,"Clearview Cafe",3,17,21,TRUE,TRUE,"uniform",FALSE,FALSE,FALSE,FALSE
783,"Clearview Cafe",4,17,21,TRUE,TRUE,"uniform",FALSE,FALSE,FALSE,FALSE
783,"Clearview Cafe",5,17,21,TRUE,TRUE,"uniform",FALSE,FALSE,FALSE,FALSE
783,"Clearview Cafe",6,17,21,TRUE,TRUE,"uniform",FALSE,FALSE,FALSE,FALSE
783,"Clearview Cafe",7,17,21,TRUE,TRUE,"uniform",FALSE,FALSE,FALSE,FALSE
784,"Fmcp Heliport",1,9,17,TRUE,TRUE,"uniform",FALSE,FALSE,FALSE,FALSE
784,"Fmcp Heliport",2,9,17,TRUE,TRUE,"uniform",FALSE,FALSE,FALSE,FALSE
784,"Fmcp Heliport",3,9,17,TRUE,TRUE,"uniform",FALSE,FALSE,FALSE,FALSE
784,"Fmcp Heliport",4,9,17,TRUE,TRUE,"uniform",FALSE,FALSE,FALSE,FALSE
784,"Fmcp Heliport",5,9,17,TRUE,TRUE,"uniform",FALSE,FALSE,FALSE,FALSE
784,"Fmcp Heliport",6,9,17,TRUE,TRUE,"uniform",FALSE,FALSE,FALSE,FALSE
784,"Fmcp Heliport",7,9,17,TRUE,TRUE,"uniform",FALSE,FALSE,FALSE,FALSE
785,"Flushing Meadows Grand Bay",1,9,17,TRUE,TRUE,"uniform",FALSE,FALSE,FALSE,FALSE
785,"Flushing Meadows Grand Bay",2,9,17,TRUE,TRUE,"uniform",FALSE,FALSE,FALSE,FALSE
785,"Flushing Meadows Grand Bay",3,9,17,TRUE,TRUE,"uniform",FALSE,FALSE,FALSE,FALSE
785,"Flushing Meadows Grand Bay",4,9,17,TRUE,TRUE,"uniform",FALSE,FALSE,FALSE,FALSE
785,"Flushing Meadows Grand Bay",5,9,17,TRUE,TRUE,"uniform",FALSE,FALSE,FALSE,FALSE
785,"Flushing Meadows Grand Bay",6,9,17,TRUE,TRUE,"uniform",FALSE,FALSE,FALSE,FALSE
785,"Flushing Meadows Grand Bay",7,9,17,TRUE,TRUE,"uniform",FALSE,FALSE,FALSE,FALSE
786,"Clove Lakes Cafe",1,11.5,21,TRUE,TRUE,"uniform",FALSE,FALSE,FALSE,FALSE
786,"Clove Lakes Cafe",2,11.5,21,TRUE,TRUE,"uniform",FALSE,FALSE,FALSE,FALSE
786,"Clove Lakes Cafe",3,11.5,21,TRUE,TRUE,"uniform",FALSE,FALSE,FALSE,FALSE
786,"Clove Lakes Cafe",4,11.5,21,TRUE,TRUE,"uniform",FALSE,FALSE,FALSE,FALSE
786,"Clove Lakes Cafe",5,11.5,21,TRUE,TRUE,"uniform",FALSE,FALSE,FALSE,FALSE
786,"Clove Lakes Cafe",6,11.5,21,TRUE,TRUE,"uniform",FALSE,FALSE,FALSE,FALSE
786,"Clove Lakes Cafe",7,11.5,21,TRUE,TRUE,"uniform",FALSE,FALSE,FALSE,FALSE
787,"FDR Boardwalk/South Beach Restroom",1,,,,FALSE,"unparseable",,,FALSE,
787,"FDR Boardwalk/South Beach Restroom",2,,,,FALSE,"unparseable",,,FALSE,
787,"FDR Boardwalk/South Beach Restroom",3,,,,FALSE,"unparseable",,,FALSE,
787,"FDR Boardwalk/South Beach Restroom",4,,,,FALSE,"unparseable",,,FALSE,
787,"FDR Boardwalk/South Beach Restroom",5,,,,FALSE,"unparseable",,,FALSE,
787,"FDR Boardwalk/South Beach Restroom",6,,,,FALSE,"unparseable",,,FALSE,
787,"FDR Boardwalk/South Beach Restroom",7,,,,FALSE,"unparseable",,,FALSE,
788,"South Shore Restaurant",1,9,17,TRUE,TRUE,"uniform",FALSE,FALSE,FALSE,FALSE
788,"South Shore Restaurant",2,9,17,TRUE,TRUE,"uniform",FALSE,FALSE,FALSE,FALSE
788,"South Shore Restaurant",3,9,17,TRUE,TRUE,"uniform",FALSE,FALSE,FALSE,FALSE
788,"South Shore Restaurant",4,9,17,TRUE,TRUE,"uniform",FALSE,FALSE,FALSE,FALSE
788,"South Shore Restaurant",5,9,17,TRUE,TRUE,"uniform",FALSE,FALSE,FALSE,FALSE
788,"South Shore Restaurant",6,9,17,TRUE,TRUE,"uniform",FALSE,FALSE,FALSE,FALSE
788,"South Shore Restaurant",7,9,17,TRUE,TRUE,"uniform",FALSE,FALSE,FALSE,FALSE
789,"Dag Hammarskjold Food Kiosk",1,7,21,TRUE,TRUE,"uniform",FALSE,FALSE,FALSE,FALSE
789,"Dag Hammarskjold Food Kiosk",2,7,21,TRUE,TRUE,"uniform",FALSE,FALSE,FALSE,FALSE
789,"Dag Hammarskjold Food Kiosk",3,7,21,TRUE,TRUE,"uniform",FALSE,FALSE,FALSE,FALSE
789,"Dag Hammarskjold Food Kiosk",4,7,21,TRUE,TRUE,"uniform",FALSE,FALSE,FALSE,FALSE
789,"Dag Hammarskjold Food Kiosk",5,7,21,TRUE,TRUE,"uniform",FALSE,FALSE,FALSE,FALSE
789,"Dag Hammarskjold Food Kiosk",6,7,21,TRUE,TRUE,"uniform",FALSE,FALSE,FALSE,FALSE
789,"Dag Hammarskjold Food Kiosk",7,7,21,TRUE,TRUE,"uniform",FALSE,FALSE,FALSE,FALSE
790,"Orchard Beach Snack Bars & Mobile Units",1,11,18,TRUE,TRUE,"uniform",FALSE,FALSE,FALSE,FALSE
790,"Orchard Beach Snack Bars & Mobile Units",2,11,18,TRUE,TRUE,"uniform",FALSE,FALSE,FALSE,FALSE
790,"Orchard Beach Snack Bars & Mobile Units",3,11,18,TRUE,TRUE,"uniform",FALSE,FALSE,FALSE,FALSE
790,"Orchard Beach Snack Bars & Mobile Units",4,11,18,TRUE,TRUE,"uniform",FALSE,FALSE,FALSE,FALSE
790,"Orchard Beach Snack Bars & Mobile Units",5,11,18,TRUE,TRUE,"uniform",FALSE,FALSE,FALSE,FALSE
790,"Orchard Beach Snack Bars & Mobile Units",6,11,18,TRUE,TRUE,"uniform",FALSE,FALSE,FALSE,FALSE
790,"Orchard Beach Snack Bars & Mobile Units",7,11,18,TRUE,TRUE,"uniform",FALSE,FALSE,FALSE,FALSE
791,"Keltch Memorial Park Snack Bar",1,6.5,26,TRUE,TRUE,"uniform",FALSE,FALSE,FALSE,FALSE
791,"Keltch Memorial Park Snack Bar",2,6.5,26,TRUE,TRUE,"uniform",FALSE,FALSE,FALSE,FALSE
791,"Keltch Memorial Park Snack Bar",3,6.5,26,TRUE,TRUE,"uniform",FALSE,FALSE,FALSE,FALSE
791,"Keltch Memorial Park Snack Bar",4,6.5,26,TRUE,TRUE,"uniform",FALSE,FALSE,FALSE,FALSE
791,"Keltch Memorial Park Snack Bar",5,6.5,26,TRUE,TRUE,"uniform",FALSE,FALSE,FALSE,FALSE
791,"Keltch Memorial Park Snack Bar",6,6.5,26,TRUE,TRUE,"uniform",FALSE,FALSE,FALSE,FALSE
791,"Keltch Memorial Park Snack Bar",7,6.5,26,TRUE,TRUE,"uniform",FALSE,FALSE,FALSE,FALSE
792,"John Street Snack Bar",1,,,,FALSE,"unparseable",,,FALSE,
792,"John Street Snack Bar",2,,,,FALSE,"unparseable",,,FALSE,
792,"John Street Snack Bar",3,,,,FALSE,"unparseable",,,FALSE,
792,"John Street Snack Bar",4,,,,FALSE,"unparseable",,,FALSE,
792,"John Street Snack Bar",5,,,,FALSE,"unparseable",,,FALSE,
792,"John Street Snack Bar",6,,,,FALSE,"unparseable",,,FALSE,
792,"John Street Snack Bar",7,,,,FALSE,"unparseable",,,FALSE,
793,"Hutchinson River Prkwy Snack",1,0,24,TRUE,TRUE,"uniform",FALSE,FALSE,FALSE,FALSE
793,"Hutchinson River Prkwy Snack",2,0,24,TRUE,TRUE,"uniform",FALSE,FALSE,FALSE,FALSE
793,"Hutchinson River Prkwy Snack",3,0,24,TRUE,TRUE,"uniform",FALSE,FALSE,FALSE,FALSE
793,"Hutchinson River Prkwy Snack",4,0,24,TRUE,TRUE,"uniform",FALSE,FALSE,FALSE,FALSE
793,"Hutchinson River Prkwy Snack",5,0,24,TRUE,TRUE,"uniform",FALSE,FALSE,FALSE,FALSE
793,"Hutchinson River Prkwy Snack",6,0,24,TRUE,TRUE,"uniform",FALSE,FALSE,FALSE,FALSE
793,"Hutchinson River Prkwy Snack",7,0,24,TRUE,TRUE,"uniform",FALSE,FALSE,FALSE,FALSE
794,"Cedar Lane Stables, Tudor Pk.",1,,,,FALSE,"blank",,,FALSE,
794,"Cedar Lane Stables, Tudor Pk.",2,,,,FALSE,"blank",,,FALSE,
794,"Cedar Lane Stables, Tudor Pk.",3,,,,FALSE,"blank",,,FALSE,
794,"Cedar Lane Stables, Tudor Pk.",4,,,,FALSE,"blank",,,FALSE,
794,"Cedar Lane Stables, Tudor Pk.",5,,,,FALSE,"blank",,,FALSE,
794,"Cedar Lane Stables, Tudor Pk.",6,,,,FALSE,"blank",,,FALSE,
794,"Cedar Lane Stables, Tudor Pk.",7,,,,FALSE,"blank",,,FALSE,
795,"Pelham Bay Stable",1,9,18,TRUE,TRUE,"uniform",FALSE,FALSE,FALSE,FALSE
795,"Pelham Bay Stable",2,9,18,TRUE,TRUE,"uniform",FALSE,FALSE,FALSE,FALSE
795,"Pelham Bay Stable",3,9,18,TRUE,TRUE,"uniform",FALSE,FALSE,FALSE,FALSE
795,"Pelham Bay Stable",4,9,18,TRUE,TRUE,"uniform",FALSE,FALSE,FALSE,FALSE
795,"Pelham Bay Stable",5,9,18,TRUE,TRUE,"uniform",FALSE,FALSE,FALSE,FALSE
795,"Pelham Bay Stable",6,9,18,TRUE,TRUE,"uniform",FALSE,FALSE,FALSE,FALSE
795,"Pelham Bay Stable",7,9,18,TRUE,TRUE,"uniform",FALSE,FALSE,FALSE,FALSE
796,"Van Cortlandt Park Stables",1,11,19,TRUE,TRUE,"uniform",FALSE,FALSE,FALSE,FALSE
796,"Van Cortlandt Park Stables",2,11,19,TRUE,TRUE,"uniform",FALSE,FALSE,FALSE,FALSE
796,"Van Cortlandt Park Stables",3,11,19,TRUE,TRUE,"uniform",FALSE,FALSE,FALSE,FALSE
796,"Van Cortlandt Park Stables",4,11,19,TRUE,TRUE,"uniform",FALSE,FALSE,FALSE,FALSE
796,"Van Cortlandt Park Stables",5,11,19,TRUE,TRUE,"uniform",FALSE,FALSE,FALSE,FALSE
796,"Van Cortlandt Park Stables",6,11,19,TRUE,TRUE,"uniform",FALSE,FALSE,FALSE,FALSE
796,"Van Cortlandt Park Stables",7,11,19,TRUE,TRUE,"uniform",FALSE,FALSE,FALSE,FALSE
797,"Grand Army Plaza APT",1,8,20,TRUE,TRUE,"uniform",FALSE,FALSE,FALSE,FALSE
797,"Grand Army Plaza APT",2,8,20,TRUE,TRUE,"uniform",FALSE,FALSE,FALSE,FALSE
797,"Grand Army Plaza APT",3,8,20,TRUE,TRUE,"uniform",FALSE,FALSE,FALSE,FALSE
797,"Grand Army Plaza APT",4,8,20,TRUE,TRUE,"uniform",FALSE,FALSE,FALSE,FALSE
797,"Grand Army Plaza APT",5,8,20,TRUE,TRUE,"uniform",FALSE,FALSE,FALSE,FALSE
797,"Grand Army Plaza APT",6,8,20,TRUE,TRUE,"uniform",FALSE,FALSE,FALSE,FALSE
797,"Grand Army Plaza APT",7,8,20,TRUE,TRUE,"uniform",FALSE,FALSE,FALSE,FALSE
798,"Corona Plaza APT",1,8,20,TRUE,TRUE,"uniform",FALSE,FALSE,FALSE,FALSE
798,"Corona Plaza APT",2,8,20,TRUE,TRUE,"uniform",FALSE,FALSE,FALSE,FALSE
798,"Corona Plaza APT",3,8,20,TRUE,TRUE,"uniform",FALSE,FALSE,FALSE,FALSE
798,"Corona Plaza APT",4,8,20,TRUE,TRUE,"uniform",FALSE,FALSE,FALSE,FALSE
798,"Corona Plaza APT",5,8,20,TRUE,TRUE,"uniform",FALSE,FALSE,FALSE,FALSE
798,"Corona Plaza APT",6,8,20,TRUE,TRUE,"uniform",FALSE,FALSE,FALSE,FALSE
798,"Corona Plaza APT",7,8,20,TRUE,TRUE,"uniform",FALSE,FALSE,FALSE,FALSE
799,"Madison Square Park APT",1,8,20,TRUE,TRUE,"uniform",FALSE,FALSE,FALSE,FALSE
799,"Madison Square Park APT",2,8,20,TRUE,TRUE,"uniform",FALSE,FALSE,FALSE,FALSE
799,"Madison Square Park APT",3,8,20,TRUE,TRUE,"uniform",FALSE,FALSE,FALSE,FALSE
799,"Madison Square Park APT",4,8,20,TRUE,TRUE,"uniform",FALSE,FALSE,FALSE,FALSE
799,"Madison Square Park APT",5,8,20,TRUE,TRUE,"uniform",FALSE,FALSE,FALSE,FALSE
799,"Madison Square Park APT",6,8,20,TRUE,TRUE,"uniform",FALSE,FALSE,FALSE,FALSE
799,"Madison Square Park APT",7,8,20,TRUE,TRUE,"uniform",FALSE,FALSE,FALSE,FALSE
800,"Plaza de Las Americas APT",1,8,20,TRUE,TRUE,"uniform",FALSE,FALSE,FALSE,FALSE
800,"Plaza de Las Americas APT",2,8,20,TRUE,TRUE,"uniform",FALSE,FALSE,FALSE,FALSE
800,"Plaza de Las Americas APT",3,8,20,TRUE,TRUE,"uniform",FALSE,FALSE,FALSE,FALSE
800,"Plaza de Las Americas APT",4,8,20,TRUE,TRUE,"uniform",FALSE,FALSE,FALSE,FALSE
800,"Plaza de Las Americas APT",5,8,20,TRUE,TRUE,"uniform",FALSE,FALSE,FALSE,FALSE
800,"Plaza de Las Americas APT",6,8,20,TRUE,TRUE,"uniform",FALSE,FALSE,FALSE,FALSE
800,"Plaza de Las Americas APT",7,8,20,TRUE,TRUE,"uniform",FALSE,FALSE,FALSE,FALSE
801,"Fordham Plaza APT",1,8,20,TRUE,TRUE,"uniform",FALSE,FALSE,FALSE,FALSE
801,"Fordham Plaza APT",2,8,20,TRUE,TRUE,"uniform",FALSE,FALSE,FALSE,FALSE
801,"Fordham Plaza APT",3,8,20,TRUE,TRUE,"uniform",FALSE,FALSE,FALSE,FALSE
801,"Fordham Plaza APT",4,8,20,TRUE,TRUE,"uniform",FALSE,FALSE,FALSE,FALSE
801,"Fordham Plaza APT",5,8,20,TRUE,TRUE,"uniform",FALSE,FALSE,FALSE,FALSE
801,"Fordham Plaza APT",6,8,20,TRUE,TRUE,"uniform",FALSE,FALSE,FALSE,FALSE
801,"Fordham Plaza APT",7,8,20,TRUE,TRUE,"uniform",FALSE,FALSE,FALSE,FALSE
802,"Williamsburg Bridge Bus Depot APT",1,8,20,TRUE,TRUE,"uniform",FALSE,FALSE,FALSE,FALSE
802,"Williamsburg Bridge Bus Depot APT",2,8,20,TRUE,TRUE,"uniform",FALSE,FALSE,FALSE,FALSE
802,"Williamsburg Bridge Bus Depot APT",3,8,20,TRUE,TRUE,"uniform",FALSE,FALSE,FALSE,FALSE
802,"Williamsburg Bridge Bus Depot APT",4,8,20,TRUE,TRUE,"uniform",FALSE,FALSE,FALSE,FALSE
802,"Williamsburg Bridge Bus Depot APT",5,8,20,TRUE,TRUE,"uniform",FALSE,FALSE,FALSE,FALSE
802,"Williamsburg Bridge Bus Depot APT",6,8,20,TRUE,TRUE,"uniform",FALSE,FALSE,FALSE,FALSE
802,"Williamsburg Bridge Bus Depot APT",7,8,20,TRUE,TRUE,"uniform",FALSE,FALSE,FALSE,FALSE
803,"Chatham Square Library, NYPL",1,,,FALSE,TRUE,"labeled",FALSE,FALSE,FALSE,FALSE
803,"Chatham Square Library, NYPL",2,9,19,TRUE,TRUE,"labeled",FALSE,FALSE,FALSE,FALSE
803,"Chatham Square Library, NYPL",3,9,19,TRUE,TRUE,"labeled",FALSE,FALSE,FALSE,FALSE
803,"Chatham Square Library, NYPL",4,9,19,TRUE,TRUE,"labeled",FALSE,FALSE,FALSE,FALSE
803,"Chatham Square Library, NYPL",5,9,19,TRUE,TRUE,"labeled",FALSE,FALSE,FALSE,FALSE
803,"Chatham Square Library, NYPL",6,10,18,TRUE,TRUE,"labeled",FALSE,FALSE,FALSE,FALSE
803,"Chatham Square Library, NYPL",7,10,17,TRUE,TRUE,"labeled",FALSE,FALSE,FALSE,FALSE
804,"Seward Park Library, NYPL",1,,,FALSE,TRUE,"labeled",FALSE,FALSE,FALSE,FALSE
804,"Seward Park Library, NYPL",2,10,20,TRUE,TRUE,"labeled",FALSE,FALSE,FALSE,FALSE
804,"Seward Park Library, NYPL",3,10,20,TRUE,TRUE,"labeled",FALSE,FALSE,FALSE,FALSE
804,"Seward Park Library, NYPL",4,10,20,TRUE,TRUE,"labeled",FALSE,FALSE,FALSE,FALSE
804,"Seward Park Library, NYPL",5,10,20,TRUE,TRUE,"labeled",FALSE,FALSE,FALSE,FALSE
804,"Seward Park Library, NYPL",6,10,17,TRUE,TRUE,"labeled",FALSE,FALSE,FALSE,FALSE
804,"Seward Park Library, NYPL",7,10,17,TRUE,TRUE,"labeled",FALSE,FALSE,FALSE,FALSE
805,"Ottendorfer Library, NYPL",1,,,FALSE,TRUE,"labeled",FALSE,FALSE,FALSE,FALSE
805,"Ottendorfer Library, NYPL",2,11,19,TRUE,TRUE,"labeled",FALSE,FALSE,FALSE,FALSE
805,"Ottendorfer Library, NYPL",3,11,19,TRUE,TRUE,"labeled",FALSE,FALSE,FALSE,FALSE
805,"Ottendorfer Library, NYPL",4,11,19,TRUE,TRUE,"labeled",FALSE,FALSE,FALSE,FALSE
805,"Ottendorfer Library, NYPL",5,11,19,TRUE,TRUE,"labeled",FALSE,FALSE,FALSE,FALSE
805,"Ottendorfer Library, NYPL",6,10,17,TRUE,TRUE,"labeled",FALSE,FALSE,FALSE,FALSE
805,"Ottendorfer Library, NYPL",7,10,17,TRUE,TRUE,"labeled",FALSE,FALSE,FALSE,FALSE
806,"Harry Belafonte 115th Street Library, NYPL",1,,,FALSE,TRUE,"labeled",FALSE,FALSE,FALSE,FALSE
806,"Harry Belafonte 115th Street Library, NYPL",2,11,19,TRUE,TRUE,"labeled",FALSE,FALSE,FALSE,FALSE
806,"Harry Belafonte 115th Street Library, NYPL",3,11,19,TRUE,TRUE,"labeled",FALSE,FALSE,FALSE,FALSE
806,"Harry Belafonte 115th Street Library, NYPL",4,11,19,TRUE,TRUE,"labeled",FALSE,FALSE,FALSE,FALSE
806,"Harry Belafonte 115th Street Library, NYPL",5,11,19,TRUE,TRUE,"labeled",FALSE,FALSE,FALSE,FALSE
806,"Harry Belafonte 115th Street Library, NYPL",6,10,17,TRUE,TRUE,"labeled",FALSE,FALSE,FALSE,FALSE
806,"Harry Belafonte 115th Street Library, NYPL",7,10,17,TRUE,TRUE,"labeled",FALSE,FALSE,FALSE,FALSE
807,"New Amsterdam Library, NYPL",1,,,FALSE,TRUE,"labeled",FALSE,FALSE,FALSE,FALSE
807,"New Amsterdam Library, NYPL",2,10,19,TRUE,TRUE,"labeled",FALSE,FALSE,FALSE,FALSE
807,"New Amsterdam Library, NYPL",3,10,19,TRUE,TRUE,"labeled",FALSE,FALSE,FALSE,FALSE
807,"New Amsterdam Library, NYPL",4,10,19,TRUE,TRUE,"labeled",FALSE,FALSE,FALSE,FALSE
807,"New Amsterdam Library, NYPL",5,10,19,TRUE,TRUE,"labeled",FALSE,FALSE,FALSE,FALSE
807,"New Amsterdam Library, NYPL",6,10,17,TRUE,TRUE,"labeled",FALSE,FALSE,FALSE,FALSE
807,"New Amsterdam Library, NYPL",7,10,17,TRUE,TRUE,"labeled",FALSE,FALSE,FALSE,FALSE
808,"Tompkins Square Library, NYPL",1,,,FALSE,TRUE,"labeled",FALSE,FALSE,FALSE,FALSE
808,"Tompkins Square Library, NYPL",2,11,19,TRUE,TRUE,"labeled",FALSE,FALSE,FALSE,FALSE
808,"Tompkins Square Library, NYPL",3,11,19,TRUE,TRUE,"labeled",FALSE,FALSE,FALSE,FALSE
808,"Tompkins Square Library, NYPL",4,11,19,TRUE,TRUE,"labeled",FALSE,FALSE,FALSE,FALSE
808,"Tompkins Square Library, NYPL",5,11,19,TRUE,TRUE,"labeled",FALSE,FALSE,FALSE,FALSE
808,"Tompkins Square Library, NYPL",6,10,18,TRUE,TRUE,"labeled",FALSE,FALSE,FALSE,FALSE
808,"Tompkins Square Library, NYPL",7,10,17,TRUE,TRUE,"labeled",FALSE,FALSE,FALSE,FALSE
809,"Epiphany Library, NYPL",1,,,FALSE,TRUE,"labeled",FALSE,FALSE,FALSE,FALSE
809,"Epiphany Library, NYPL",2,12,19,TRUE,TRUE,"labeled",FALSE,FALSE,FALSE,FALSE
809,"Epiphany Library, NYPL",3,10,18,TRUE,TRUE,"labeled",FALSE,FALSE,FALSE,FALSE
809,"Epiphany Library, NYPL",4,12,19,TRUE,TRUE,"labeled",FALSE,FALSE,FALSE,FALSE
809,"Epiphany Library, NYPL",5,10,18,TRUE,TRUE,"labeled",FALSE,FALSE,FALSE,FALSE
809,"Epiphany Library, NYPL",6,10,17,TRUE,TRUE,"labeled",FALSE,FALSE,FALSE,FALSE
809,"Epiphany Library, NYPL",7,10,17,TRUE,TRUE,"labeled",FALSE,FALSE,FALSE,FALSE
810,"Andrew Heiskell Braille and Talking Book Library, NYPL",1,,,FALSE,TRUE,"labeled",FALSE,FALSE,FALSE,FALSE
810,"Andrew Heiskell Braille and Talking Book Library, NYPL",2,10,17,TRUE,TRUE,"labeled",FALSE,FALSE,FALSE,FALSE
810,"Andrew Heiskell Braille and Talking Book Library, NYPL",3,12,19,TRUE,TRUE,"labeled",FALSE,FALSE,FALSE,FALSE
810,"Andrew Heiskell Braille and Talking Book Library, NYPL",4,10,17,TRUE,TRUE,"labeled",FALSE,FALSE,FALSE,FALSE
810,"Andrew Heiskell Braille and Talking Book Library, NYPL",5,12,19,TRUE,TRUE,"labeled",FALSE,FALSE,FALSE,FALSE
810,"Andrew Heiskell Braille and Talking Book Library, NYPL",6,10,17,TRUE,TRUE,"labeled",FALSE,FALSE,FALSE,FALSE
810,"Andrew Heiskell Braille and Talking Book Library, NYPL",7,10,17,TRUE,TRUE,"labeled",FALSE,FALSE,FALSE,FALSE
811,"Jefferson Market Library, NYPL",1,,,FALSE,TRUE,"labeled",FALSE,FALSE,FALSE,FALSE
811,"Jefferson Market Library, NYPL",2,10,20,TRUE,TRUE,"labeled",FALSE,FALSE,FALSE,FALSE
811,"Jefferson Market Library, NYPL",3,10,20,TRUE,TRUE,"labeled",FALSE,FALSE,FALSE,FALSE
811,"Jefferson Market Library, NYPL",4,10,20,TRUE,TRUE,"labeled",FALSE,FALSE,FALSE,FALSE
811,"Jefferson Market Library, NYPL",5,10,20,TRUE,TRUE,"labeled",FALSE,FALSE,FALSE,FALSE
811,"Jefferson Market Library, NYPL",6,10,17,TRUE,TRUE,"labeled",FALSE,FALSE,FALSE,FALSE
811,"Jefferson Market Library, NYPL",7,10,17,TRUE,TRUE,"labeled",FALSE,FALSE,FALSE,FALSE
812,"Mulberry Street Library, NYPL",1,,,FALSE,TRUE,"labeled",FALSE,FALSE,FALSE,FALSE
812,"Mulberry Street Library, NYPL",2,11,19,TRUE,TRUE,"labeled",FALSE,FALSE,FALSE,FALSE
812,"Mulberry Street Library, NYPL",3,11,19,TRUE,TRUE,"labeled",FALSE,FALSE,FALSE,FALSE
812,"Mulberry Street Library, NYPL",4,11,19,TRUE,TRUE,"labeled",FALSE,FALSE,FALSE,FALSE
812,"Mulberry Street Library, NYPL",5,10,19,TRUE,TRUE,"labeled",FALSE,FALSE,FALSE,FALSE
812,"Mulberry Street Library, NYPL",6,10,17,TRUE,TRUE,"labeled",FALSE,FALSE,FALSE,FALSE
812,"Mulberry Street Library, NYPL",7,10,17,TRUE,TRUE,"labeled",FALSE,FALSE,FALSE,FALSE
813,"Hudson Park Library, NYPL",1,,,FALSE,TRUE,"labeled",FALSE,FALSE,FALSE,FALSE
813,"Hudson Park Library, NYPL",2,10,18,TRUE,TRUE,"labeled",FALSE,FALSE,FALSE,FALSE
813,"Hudson Park Library, NYPL",3,10,18,TRUE,TRUE,"labeled",FALSE,FALSE,FALSE,FALSE
813,"Hudson Park Library, NYPL",4,10,18,TRUE,TRUE,"labeled",FALSE,FALSE,FALSE,FALSE
813,"Hudson Park Library, NYPL",5,10,18,TRUE,TRUE,"labeled",FALSE,FALSE,FALSE,FALSE
813,"Hudson Park Library, NYPL",6,10,18,TRUE,TRUE,"labeled",FALSE,FALSE,FALSE,FALSE
813,"Hudson Park Library, NYPL",7,10,17,TRUE,TRUE,"labeled",FALSE,FALSE,FALSE,FALSE
814,"Kips Bay Library, NYPL",1,,,FALSE,TRUE,"labeled",FALSE,FALSE,FALSE,FALSE
814,"Kips Bay Library, NYPL",2,10,18,TRUE,TRUE,"labeled",FALSE,FALSE,FALSE,FALSE
814,"Kips Bay Library, NYPL",3,10,18,TRUE,TRUE,"labeled",FALSE,FALSE,TRUE,FALSE
814,"Kips Bay Library, NYPL",4,10,18,TRUE,TRUE,"labeled",FALSE,FALSE,FALSE,FALSE
814,"Kips Bay Library, NYPL",5,10,18,TRUE,TRUE,"labeled",FALSE,FALSE,TRUE,FALSE
814,"Kips Bay Library, NYPL",6,10,18,TRUE,TRUE,"labeled",FALSE,FALSE,FALSE,FALSE
814,"Kips Bay Library, NYPL",7,10,17,TRUE,TRUE,"labeled",FALSE,FALSE,FALSE,FALSE
815,"Starvos Niarchos Foundation Library, NYPL",1,,,FALSE,TRUE,"labeled",FALSE,FALSE,FALSE,FALSE
815,"Starvos Niarchos Foundation Library, NYPL",2,8,21,TRUE,TRUE,"labeled",FALSE,FALSE,FALSE,FALSE
815,"Starvos Niarchos Foundation Library, NYPL",3,8,21,TRUE,TRUE,"labeled",FALSE,FALSE,FALSE,FALSE
815,"Starvos Niarchos Foundation Library, NYPL",4,8,21,TRUE,TRUE,"labeled",FALSE,FALSE,FALSE,FALSE
815,"Starvos Niarchos Foundation Library, NYPL",5,8,21,TRUE,TRUE,"labeled",FALSE,FALSE,FALSE,FALSE
815,"Starvos Niarchos Foundation Library, NYPL",6,8,21,TRUE,TRUE,"labeled",FALSE,FALSE,FALSE,FALSE
815,"Starvos Niarchos Foundation Library, NYPL",7,10,17,TRUE,TRUE,"labeled",FALSE,FALSE,FALSE,FALSE
816,"Schomburg Center for Research in Black Culture, NYPL",1,,,FALSE,TRUE,"labeled",FALSE,FALSE,FALSE,FALSE
816,"Schomburg Center for Research in Black Culture, NYPL",2,10,18,TRUE,TRUE,"labeled",FALSE,FALSE,FALSE,FALSE
816,"Schomburg Center for Research in Black Culture, NYPL",3,10,18,TRUE,TRUE,"labeled",FALSE,FALSE,FALSE,FALSE
816,"Schomburg Center for Research in Black Culture, NYPL",4,10,18,TRUE,TRUE,"labeled",FALSE,FALSE,FALSE,FALSE
816,"Schomburg Center for Research in Black Culture, NYPL",5,10,18,TRUE,TRUE,"labeled",FALSE,FALSE,FALSE,FALSE
816,"Schomburg Center for Research in Black Culture, NYPL",6,10,18,TRUE,TRUE,"labeled",FALSE,FALSE,FALSE,FALSE
816,"Schomburg Center for Research in Black Culture, NYPL",7,10,18,TRUE,TRUE,"labeled",FALSE,FALSE,FALSE,FALSE
817,"53rd Street Library, NYPL",1,,,FALSE,TRUE,"labeled",FALSE,FALSE,FALSE,FALSE
817,"53rd Street Library, NYPL",2,11,18,TRUE,TRUE,"labeled",FALSE,FALSE,FALSE,FALSE
817,"53rd Street Library, NYPL",3,11,18,TRUE,TRUE,"labeled",FALSE,FALSE,FALSE,FALSE
817,"53rd Street Library, NYPL",4,11,18,TRUE,TRUE,"labeled",FALSE,FALSE,FALSE,FALSE
817,"53rd Street Library, NYPL",5,11,18,TRUE,TRUE,"labeled",FALSE,FALSE,FALSE,FALSE
817,"53rd Street Library, NYPL",6,11,18,TRUE,TRUE,"labeled",FALSE,FALSE,FALSE,FALSE
817,"53rd Street Library, NYPL",7,11,18,TRUE,TRUE,"labeled",FALSE,FALSE,FALSE,FALSE
818,"Columbus Library, NYPL",1,,,FALSE,TRUE,"labeled",FALSE,FALSE,FALSE,FALSE
818,"Columbus Library, NYPL",2,10,19,TRUE,TRUE,"labeled",FALSE,FALSE,FALSE,FALSE
818,"Columbus Library, NYPL",3,10,19,TRUE,TRUE,"labeled",FALSE,FALSE,FALSE,FALSE
818,"Columbus Library, NYPL",4,11,19,TRUE,TRUE,"labeled",FALSE,FALSE,FALSE,FALSE
818,"Columbus Library, NYPL",5,11,19,TRUE,TRUE,"labeled",FALSE,FALSE,FALSE,FALSE
818,"Columbus Library, NYPL",6,10,17,TRUE,TRUE,"labeled",FALSE,FALSE,FALSE,FALSE
818,"Columbus Library, NYPL",7,10,17,TRUE,TRUE,"labeled",FALSE,FALSE,FALSE,FALSE
819,"58th Street Library, NYPL",1,,,FALSE,TRUE,"labeled",FALSE,FALSE,FALSE,FALSE
819,"58th Street Library, NYPL",2,10,18,TRUE,TRUE,"labeled",FALSE,FALSE,FALSE,FALSE
819,"58th Street Library, NYPL",3,10,18,TRUE,TRUE,"labeled",FALSE,FALSE,FALSE,FALSE
819,"58th Street Library, NYPL",4,10,18,TRUE,TRUE,"labeled",FALSE,FALSE,FALSE,FALSE
819,"58th Street Library, NYPL",5,10,18,TRUE,TRUE,"labeled",FALSE,FALSE,FALSE,FALSE
819,"58th Street Library, NYPL",6,10,17,TRUE,TRUE,"labeled",FALSE,FALSE,FALSE,FALSE
819,"58th Street Library, NYPL",7,10,17,TRUE,TRUE,"labeled",FALSE,FALSE,FALSE,FALSE
820,"Library for the Performing Arts, Dorothy and Lewis B. Cullman Center Library, NYPL",1,,,FALSE,TRUE,"labeled",FALSE,FALSE,FALSE,FALSE
820,"Library for the Performing Arts, Dorothy and Lewis B. Cullman Center Library, NYPL",2,10.5,20,TRUE,TRUE,"labeled",FALSE,FALSE,FALSE,FALSE
820,"Library for the Performing Arts, Dorothy and Lewis B. Cullman Center Library, NYPL",3,10.5,18,TRUE,TRUE,"labeled",FALSE,FALSE,TRUE,FALSE
820,"Library for the Performing Arts, Dorothy and Lewis B. Cullman Center Library, NYPL",4,10.5,18,TRUE,TRUE,"labeled",FALSE,FALSE,TRUE,FALSE
820,"Library for the Performing Arts, Dorothy and Lewis B. Cullman Center Library, NYPL",5,10.5,20,TRUE,TRUE,"labeled",FALSE,FALSE,FALSE,FALSE
820,"Library for the Performing Arts, Dorothy and Lewis B. Cullman Center Library, NYPL",6,10.5,18,TRUE,TRUE,"labeled",FALSE,FALSE,FALSE,FALSE
820,"Library for the Performing Arts, Dorothy and Lewis B. Cullman Center Library, NYPL",7,10.5,18,TRUE,TRUE,"labeled",FALSE,FALSE,FALSE,FALSE
821,"Riverside Library, NYPL",1,,,FALSE,TRUE,"labeled",FALSE,FALSE,FALSE,FALSE
821,"Riverside Library, NYPL",2,10,19,TRUE,TRUE,"labeled",FALSE,FALSE,FALSE,FALSE
821,"Riverside Library, NYPL",3,10,19,TRUE,TRUE,"labeled",FALSE,FALSE,FALSE,FALSE
821,"Riverside Library, NYPL",4,10,19,TRUE,TRUE,"labeled",FALSE,FALSE,FALSE,FALSE
821,"Riverside Library, NYPL",5,10,19,TRUE,TRUE,"labeled",FALSE,FALSE,FALSE,FALSE
821,"Riverside Library, NYPL",6,10,17,TRUE,TRUE,"labeled",FALSE,FALSE,FALSE,FALSE
821,"Riverside Library, NYPL",7,10,17,TRUE,TRUE,"labeled",FALSE,FALSE,FALSE,FALSE
822,"St. Agnes Library, NYPL",1,,,FALSE,TRUE,"labeled",FALSE,FALSE,FALSE,FALSE
822,"St. Agnes Library, NYPL",2,10,18,TRUE,TRUE,"labeled",FALSE,FALSE,FALSE,FALSE
822,"St. Agnes Library, NYPL",3,10,19,TRUE,TRUE,"labeled",FALSE,FALSE,TRUE,FALSE
822,"St. Agnes Library, NYPL",4,10,19,TRUE,TRUE,"labeled",FALSE,FALSE,FALSE,FALSE
822,"St. Agnes Library, NYPL",5,10,19,TRUE,TRUE,"labeled",FALSE,FALSE,TRUE,FALSE
822,"St. Agnes Library, NYPL",6,10,18,TRUE,TRUE,"labeled",FALSE,FALSE,FALSE,FALSE
822,"St. Agnes Library, NYPL",7,10,18,TRUE,TRUE,"labeled",FALSE,FALSE,FALSE,FALSE
823,"Bloomingdale Library, NYPL",1,,,FALSE,TRUE,"labeled",FALSE,FALSE,FALSE,FALSE
823,"Bloomingdale Library, NYPL",2,10,19,TRUE,TRUE,"labeled",FALSE,FALSE,FALSE,FALSE
823,"Bloomingdale Library, NYPL",3,10,19,TRUE,TRUE,"labeled",FALSE,FALSE,FALSE,FALSE
823,"Bloomingdale Library, NYPL",4,11,19,TRUE,TRUE,"labeled",FALSE,FALSE,FALSE,FALSE
823,"Bloomingdale Library, NYPL",5,11,19,TRUE,TRUE,"labeled",FALSE,FALSE,FALSE,FALSE
823,"Bloomingdale Library, NYPL",6,10,17,TRUE,TRUE,"labeled",FALSE,FALSE,FALSE,FALSE
823,"Bloomingdale Library, NYPL",7,10,17,TRUE,TRUE,"labeled",FALSE,FALSE,FALSE,FALSE
824,"Morningside Heights Library, NYPL",1,,,FALSE,TRUE,"labeled",FALSE,FALSE,FALSE,FALSE
824,"Morningside Heights Library, NYPL",2,10,18,TRUE,TRUE,"labeled",FALSE,FALSE,FALSE,FALSE
824,"Morningside Heights Library, NYPL",3,10,18,TRUE,TRUE,"labeled",FALSE,FALSE,FALSE,FALSE
824,"Morningside Heights Library, NYPL",4,10,18,TRUE,TRUE,"labeled",FALSE,FALSE,FALSE,FALSE
824,"Morningside Heights Library, NYPL",5,10,18,TRUE,TRUE,"labeled",FALSE,FALSE,FALSE,FALSE
824,"Morningside Heights Library, NYPL",6,10,18,TRUE,TRUE,"labeled",FALSE,FALSE,FALSE,FALSE
824,"Morningside Heights Library, NYPL",7,10,17,TRUE,TRUE,"labeled",FALSE,FALSE,FALSE,FALSE
825,"George Bruce Library, NYPL",1,,,FALSE,TRUE,"labeled",FALSE,FALSE,FALSE,FALSE
825,"George Bruce Library, NYPL",2,12,19,TRUE,TRUE,"labeled",FALSE,FALSE,FALSE,FALSE
825,"George Bruce Library, NYPL",3,12,19,TRUE,TRUE,"labeled",FALSE,FALSE,FALSE,FALSE
825,"George Bruce Library, NYPL",4,12,19,TRUE,TRUE,"labeled",FALSE,FALSE,FALSE,FALSE
825,"George Bruce Library, NYPL",5,12,19,TRUE,TRUE,"labeled",FALSE,FALSE,FALSE,FALSE
825,"George Bruce Library, NYPL",6,11,18,TRUE,TRUE,"labeled",FALSE,FALSE,FALSE,FALSE
825,"George Bruce Library, NYPL",7,11,18,TRUE,TRUE,"labeled",FALSE,FALSE,FALSE,FALSE
826,"Harlem Library, NYPL",1,,,FALSE,TRUE,"labeled",FALSE,FALSE,FALSE,FALSE
826,"Harlem Library, NYPL",2,11,19,TRUE,TRUE,"labeled",FALSE,FALSE,FALSE,FALSE
826,"Harlem Library, NYPL",3,11,19,TRUE,TRUE,"labeled",FALSE,FALSE,FALSE,FALSE
826,"Harlem Library, NYPL",4,11,19,TRUE,TRUE,"labeled",FALSE,FALSE,FALSE,FALSE
826,"Harlem Library, NYPL",5,11,19,TRUE,TRUE,"labeled",FALSE,FALSE,FALSE,FALSE
826,"Harlem Library, NYPL",6,10,17,TRUE,TRUE,"labeled",FALSE,FALSE,FALSE,FALSE
826,"Harlem Library, NYPL",7,10,17,TRUE,TRUE,"labeled",FALSE,FALSE,FALSE,FALSE
827,"Hamilton Grange Library, NYPL",1,,,FALSE,TRUE,"labeled",FALSE,FALSE,FALSE,FALSE
827,"Hamilton Grange Library, NYPL",2,10,19,TRUE,TRUE,"labeled",FALSE,FALSE,FALSE,FALSE
827,"Hamilton Grange Library, NYPL",3,10,19,TRUE,TRUE,"labeled",FALSE,FALSE,FALSE,FALSE
827,"Hamilton Grange Library, NYPL",4,10,19,TRUE,TRUE,"labeled",FALSE,FALSE,FALSE,FALSE
827,"Hamilton Grange Library, NYPL",5,10,19,TRUE,TRUE,"labeled",FALSE,FALSE,FALSE,FALSE
827,"Hamilton Grange Library, NYPL",6,11,18,TRUE,TRUE,"labeled",FALSE,FALSE,FALSE,FALSE
827,"Hamilton Grange Library, NYPL",7,11,17,TRUE,TRUE,"labeled",FALSE,FALSE,FALSE,FALSE
828,"Washington Heights Library, NYPL",1,,,FALSE,TRUE,"labeled",FALSE,FALSE,FALSE,FALSE
828,"Washington Heights Library, NYPL",2,10,19,TRUE,TRUE,"labeled",FALSE,FALSE,FALSE,FALSE
828,"Washington Heights Library, NYPL",3,10,19,TRUE,TRUE,"labeled",FALSE,FALSE,TRUE,FALSE
828,"Washington Heights Library, NYPL",4,10,19,TRUE,TRUE,"labeled",FALSE,FALSE,FALSE,FALSE
828,"Washington Heights Library, NYPL",5,10,19,TRUE,TRUE,"labeled",FALSE,FALSE,TRUE,FALSE
828,"Washington Heights Library, NYPL",6,10,17,TRUE,TRUE,"labeled",FALSE,FALSE,FALSE,FALSE
828,"Washington Heights Library, NYPL",7,10,17,TRUE,TRUE,"labeled",FALSE,FALSE,FALSE,FALSE
829,"Stephen A. Schwarzman Building, NYPL",1,,,FALSE,TRUE,"labeled",FALSE,FALSE,FALSE,FALSE
829,"Stephen A. Schwarzman Building, NYPL",2,10,18,TRUE,TRUE,"labeled",FALSE,FALSE,FALSE,FALSE
829,"Stephen A. Schwarzman Building, NYPL",3,10,20,TRUE,TRUE,"labeled",FALSE,FALSE,TRUE,FALSE
829,"Stephen A. Schwarzman Building, NYPL",4,10,20,TRUE,TRUE,"labeled",FALSE,FALSE,FALSE,FALSE
829,"Stephen A. Schwarzman Building, NYPL",5,10,18,TRUE,TRUE,"labeled",FALSE,FALSE,TRUE,FALSE
829,"Stephen A. Schwarzman Building, NYPL",6,10,18,TRUE,TRUE,"labeled",FALSE,FALSE,FALSE,FALSE
829,"Stephen A. Schwarzman Building, NYPL",7,10,18,TRUE,TRUE,"labeled",FALSE,FALSE,FALSE,FALSE
830,"Inwood Library, NYPL",1,,,FALSE,TRUE,"labeled",FALSE,FALSE,FALSE,FALSE
830,"Inwood Library, NYPL",2,10,19,TRUE,TRUE,"labeled",FALSE,FALSE,FALSE,FALSE
830,"Inwood Library, NYPL",3,10,19,TRUE,TRUE,"labeled",FALSE,FALSE,FALSE,FALSE
830,"Inwood Library, NYPL",4,10,19,TRUE,TRUE,"labeled",FALSE,FALSE,FALSE,FALSE
830,"Inwood Library, NYPL",5,10,19,TRUE,TRUE,"labeled",FALSE,FALSE,FALSE,FALSE
830,"Inwood Library, NYPL",6,10,18,TRUE,TRUE,"labeled",FALSE,FALSE,FALSE,FALSE
830,"Inwood Library, NYPL",7,10,17,TRUE,TRUE,"labeled",FALSE,FALSE,FALSE,FALSE
831,"Steinway Library, QPL",1,,,FALSE,TRUE,"labeled",FALSE,FALSE,FALSE,FALSE
831,"Steinway Library, QPL",2,10,18,TRUE,TRUE,"labeled",FALSE,FALSE,FALSE,FALSE
831,"Steinway Library, QPL",3,13,18,TRUE,TRUE,"labeled",FALSE,FALSE,FALSE,FALSE
831,"Steinway Library, QPL",4,10,18,TRUE,TRUE,"labeled",FALSE,FALSE,FALSE,FALSE
831,"Steinway Library, QPL",5,12,20,TRUE,TRUE,"labeled",FALSE,FALSE,FALSE,FALSE
831,"Steinway Library, QPL",6,10,18,TRUE,TRUE,"labeled",FALSE,FALSE,FALSE,FALSE
831,"Steinway Library, QPL",7,10,17,TRUE,TRUE,"labeled",FALSE,FALSE,FALSE,FALSE
832,"Macomb's Bridge Library, NYPL",1,,,FALSE,TRUE,"labeled",FALSE,FALSE,FALSE,FALSE
832,"Macomb's Bridge Library, NYPL",2,10,18,TRUE,TRUE,"labeled",FALSE,FALSE,FALSE,FALSE
832,"Macomb's Bridge Library, NYPL",3,10,18,TRUE,TRUE,"labeled",FALSE,FALSE,TRUE,FALSE
832,"Macomb's Bridge Library, NYPL",4,11,19,TRUE,TRUE,"labeled",FALSE,FALSE,FALSE,FALSE
832,"Macomb's Bridge Library, NYPL",5,11,19,TRUE,TRUE,"labeled",FALSE,FALSE,FALSE,FALSE
832,"Macomb's Bridge Library, NYPL",6,10,17,TRUE,TRUE,"labeled",FALSE,FALSE,FALSE,FALSE
832,"Macomb's Bridge Library, NYPL",7,10,17,TRUE,TRUE,"labeled",FALSE,FALSE,FALSE,FALSE
833,"96th Street Library, NYPL",1,,,FALSE,TRUE,"labeled",FALSE,FALSE,FALSE,FALSE
833,"96th Street Library, NYPL",2,10,19,TRUE,TRUE,"labeled",FALSE,FALSE,FALSE,FALSE
833,"96th Street Library, NYPL",3,10,19,TRUE,TRUE,"labeled",FALSE,FALSE,FALSE,FALSE
833,"96th Street Library, NYPL",4,10,19,TRUE,TRUE,"labeled",FALSE,FALSE,FALSE,FALSE
833,"96th Street Library, NYPL",5,10,19,TRUE,TRUE,"labeled",FALSE,FALSE,FALSE,FALSE
833,"96th Street Library, NYPL",6,10,17,TRUE,TRUE,"labeled",FALSE,FALSE,FALSE,FALSE
833,"96th Street Library, NYPL",7,10,17,TRUE,TRUE,"labeled",FALSE,FALSE,FALSE,FALSE
834,"Roosevelt Island Library, NYPL",1,,,FALSE,TRUE,"labeled",FALSE,FALSE,FALSE,FALSE
834,"Roosevelt Island Library, NYPL",2,10,20,TRUE,TRUE,"labeled",FALSE,FALSE,FALSE,FALSE
834,"Roosevelt Island Library, NYPL",3,10,18,TRUE,TRUE,"labeled",FALSE,FALSE,FALSE,FALSE
834,"Roosevelt Island Library, NYPL",4,10,20,TRUE,TRUE,"labeled",FALSE,FALSE,FALSE,FALSE
834,"Roosevelt Island Library, NYPL",5,10,18,TRUE,TRUE,"labeled",FALSE,FALSE,FALSE,FALSE
834,"Roosevelt Island Library, NYPL",6,10,17,TRUE,TRUE,"labeled",FALSE,FALSE,FALSE,FALSE
834,"Roosevelt Island Library, NYPL",7,10,17,TRUE,TRUE,"labeled",FALSE,FALSE,FALSE,FALSE
835,"67th Street Library, NYPL",1,,,FALSE,TRUE,"labeled",FALSE,FALSE,FALSE,FALSE
835,"67th Street Library, NYPL",2,11,19,TRUE,TRUE,"labeled",FALSE,FALSE,FALSE,FALSE
835,"67th Street Library, NYPL",3,11,19,TRUE,TRUE,"labeled",FALSE,FALSE,FALSE,FALSE
835,"67th Street Library, NYPL",4,11,19,TRUE,TRUE,"labeled",FALSE,FALSE,FALSE,FALSE
835,"67th Street Library, NYPL",5,11,19,TRUE,TRUE,"labeled",FALSE,FALSE,FALSE,FALSE
835,"67th Street Library, NYPL",6,10,17,TRUE,TRUE,"labeled",FALSE,FALSE,FALSE,FALSE
835,"67th Street Library, NYPL",7,10,17,TRUE,TRUE,"labeled",FALSE,FALSE,FALSE,FALSE
836,"Webster Library, NYPL",1,,,FALSE,TRUE,"labeled",FALSE,FALSE,FALSE,FALSE
836,"Webster Library, NYPL",2,11,19,TRUE,TRUE,"labeled",FALSE,FALSE,FALSE,FALSE
836,"Webster Library, NYPL",3,11,19,TRUE,TRUE,"labeled",FALSE,FALSE,FALSE,FALSE
836,"Webster Library, NYPL",4,11,19,TRUE,TRUE,"labeled",FALSE,FALSE,FALSE,FALSE
836,"Webster Library, NYPL",5,11,19,TRUE,TRUE,"labeled",FALSE,FALSE,FALSE,FALSE
836,"Webster Library, NYPL",6,10,17,TRUE,TRUE,"labeled",FALSE,FALSE,FALSE,FALSE
836,"Webster Library, NYPL",7,10,17,TRUE,TRUE,"labeled",FALSE,FALSE,FALSE,FALSE
837,"Yorkville Library, NYPL",1,,,FALSE,TRUE,"labeled",FALSE,FALSE,FALSE,FALSE
837,"Yorkville Library, NYPL",2,11,19,TRUE,TRUE,"labeled",FALSE,FALSE,FALSE,FALSE
837,"Yorkville Library, NYPL",3,10,18,TRUE,TRUE,"labeled",FALSE,FALSE,TRUE,FALSE
837,"Yorkville Library, NYPL",4,11,19,TRUE,TRUE,"labeled",FALSE,FALSE,FALSE,FALSE
837,"Yorkville Library, NYPL",5,10,18,TRUE,TRUE,"labeled",FALSE,FALSE,TRUE,FALSE
837,"Yorkville Library, NYPL",6,10,17,TRUE,TRUE,"labeled",FALSE,FALSE,FALSE,FALSE
837,"Yorkville Library, NYPL",7,10,17,TRUE,TRUE,"labeled",FALSE,FALSE,FALSE,FALSE
838,"Battery Park City Library, NYPL",1,,,FALSE,TRUE,"labeled",FALSE,FALSE,FALSE,FALSE
838,"Battery Park City Library, NYPL",2,10,18,TRUE,TRUE,"labeled",FALSE,FALSE,FALSE,FALSE
838,"Battery Park City Library, NYPL",3,11,19,TRUE,TRUE,"labeled",FALSE,FALSE,FALSE,FALSE
838,"Battery Park City Library, NYPL",4,10,18,TRUE,TRUE,"labeled",FALSE,FALSE,FALSE,FALSE
838,"Battery Park City Library, NYPL",5,11,19,TRUE,TRUE,"labeled",FALSE,FALSE,FALSE,FALSE
838,"Battery Park City Library, NYPL",6,10,17,TRUE,TRUE,"labeled",FALSE,FALSE,FALSE,FALSE
838,"Battery Park City Library, NYPL",7,10,17,TRUE,TRUE,"labeled",FALSE,FALSE,FALSE,FALSE
839,"St. George Library Center, NYPL",1,,,FALSE,TRUE,"labeled",FALSE,FALSE,FALSE,FALSE
839,"St. George Library Center, NYPL",2,10,19,TRUE,TRUE,"labeled",FALSE,FALSE,FALSE,FALSE
839,"St. George Library Center, NYPL",3,10,19,TRUE,TRUE,"labeled",FALSE,FALSE,FALSE,FALSE
839,"St. George Library Center, NYPL",4,10,19,TRUE,TRUE,"labeled",FALSE,FALSE,FALSE,FALSE
839,"St. George Library Center, NYPL",5,10,19,TRUE,TRUE,"labeled",FALSE,FALSE,FALSE,FALSE
839,"St. George Library Center, NYPL",6,10,17,TRUE,TRUE,"labeled",FALSE,FALSE,FALSE,FALSE
839,"St. George Library Center, NYPL",7,10,17,TRUE,TRUE,"labeled",FALSE,FALSE,FALSE,FALSE
840,"Mariners Harbor Library, NYPL",1,,,FALSE,TRUE,"labeled",FALSE,FALSE,FALSE,FALSE
840,"Mariners Harbor Library, NYPL",2,11,19,TRUE,TRUE,"labeled",FALSE,FALSE,FALSE,FALSE
840,"Mariners Harbor Library, NYPL",3,11,19,TRUE,TRUE,"labeled",FALSE,FALSE,FALSE,FALSE
840,"Mariners Harbor Library, NYPL",4,11,19,TRUE,TRUE,"labeled",FALSE,FALSE,FALSE,FALSE
840,"Mariners Harbor Library, NYPL",5,11,19,TRUE,TRUE,"labeled",FALSE,FALSE,FALSE,FALSE
840,"Mariners Harbor Library, NYPL",6,10,17,TRUE,TRUE,"labeled",FALSE,FALSE,FALSE,FALSE
840,"Mariners Harbor Library, NYPL",7,10,17,TRUE,TRUE,"labeled",FALSE,FALSE,FALSE,FALSE
841,"Dongan Hills Library, NYPL",1,,,FALSE,TRUE,"labeled",FALSE,FALSE,FALSE,FALSE
841,"Dongan Hills Library, NYPL",2,11,18,TRUE,TRUE,"labeled",FALSE,FALSE,FALSE,FALSE
841,"Dongan Hills Library, NYPL",3,11,18,TRUE,TRUE,"labeled",FALSE,FALSE,FALSE,FALSE
841,"Dongan Hills Library, NYPL",4,11,18,TRUE,TRUE,"labeled",FALSE,FALSE,FALSE,FALSE
841,"Dongan Hills Library, NYPL",5,11,18,TRUE,TRUE,"labeled",FALSE,FALSE,FALSE,FALSE
841,"Dongan Hills Library, NYPL",6,10,17,TRUE,TRUE,"labeled",FALSE,FALSE,FALSE,FALSE
841,"Dongan Hills Library, NYPL",7,10,17,TRUE,TRUE,"labeled",FALSE,FALSE,FALSE,FALSE
842,"Stapleton Library, NYPL",1,,,FALSE,TRUE,"labeled",FALSE,FALSE,FALSE,FALSE
842,"Stapleton Library, NYPL",2,11,19,TRUE,TRUE,"labeled",FALSE,FALSE,FALSE,FALSE
842,"Stapleton Library, NYPL",3,11,19,TRUE,TRUE,"labeled",FALSE,FALSE,FALSE,FALSE
842,"Stapleton Library, NYPL",4,11,19,TRUE,TRUE,"labeled",FALSE,FALSE,FALSE,FALSE
842,"Stapleton Library, NYPL",5,11,19,TRUE,TRUE,"labeled",FALSE,FALSE,FALSE,FALSE
842,"Stapleton Library, NYPL",6,10,17,TRUE,TRUE,"labeled",FALSE,FALSE,FALSE,FALSE
842,"Stapleton Library, NYPL",7,10,17,TRUE,TRUE,"labeled",FALSE,FALSE,FALSE,FALSE
843,"South Beach Library, NYPL",1,,,FALSE,TRUE,"labeled",FALSE,FALSE,FALSE,FALSE
843,"South Beach Library, NYPL",2,11,19,TRUE,TRUE,"labeled",FALSE,FALSE,FALSE,FALSE
843,"South Beach Library, NYPL",3,11,19,TRUE,TRUE,"labeled",FALSE,FALSE,FALSE,FALSE
843,"South Beach Library, NYPL",4,11,19,TRUE,TRUE,"labeled",FALSE,FALSE,FALSE,FALSE
843,"South Beach Library, NYPL",5,11,19,TRUE,TRUE,"labeled",FALSE,FALSE,FALSE,FALSE
843,"South Beach Library, NYPL",6,10,17,TRUE,TRUE,"labeled",FALSE,FALSE,FALSE,FALSE
843,"South Beach Library, NYPL",7,10,17,TRUE,TRUE,"labeled",FALSE,FALSE,FALSE,FALSE
844,"New Dorp Library, NYPL",1,,,FALSE,TRUE,"labeled",FALSE,FALSE,FALSE,FALSE
844,"New Dorp Library, NYPL",2,10,19,TRUE,TRUE,"labeled",FALSE,FALSE,FALSE,FALSE
844,"New Dorp Library, NYPL",3,10,19,TRUE,TRUE,"labeled",FALSE,FALSE,FALSE,FALSE
844,"New Dorp Library, NYPL",4,10,19,TRUE,TRUE,"labeled",FALSE,FALSE,FALSE,FALSE
844,"New Dorp Library, NYPL",5,10,19,TRUE,TRUE,"labeled",FALSE,FALSE,FALSE,FALSE
844,"New Dorp Library, NYPL",6,10,17,TRUE,TRUE,"labeled",FALSE,FALSE,FALSE,FALSE
844,"New Dorp Library, NYPL",7,10,17,TRUE,TRUE,"labeled",FALSE,FALSE,FALSE,FALSE
845,"Richmondtown Library, NYPL",1,,,FALSE,TRUE,"labeled",FALSE,FALSE,FALSE,FALSE
845,"Richmondtown Library, NYPL",2,10,18,TRUE,TRUE,"labeled",FALSE,FALSE,FALSE,FALSE
845,"Richmondtown Library, NYPL",3,10,18,TRUE,TRUE,"labeled",FALSE,FALSE,FALSE,FALSE
845,"Richmondtown Library, NYPL",4,10,18,TRUE,TRUE,"labeled",FALSE,FALSE,FALSE,FALSE
845,"Richmondtown Library, NYPL",5,10,18,TRUE,TRUE,"labeled",FALSE,FALSE,FALSE,FALSE
845,"Richmondtown Library, NYPL",6,10,17,TRUE,TRUE,"labeled",FALSE,FALSE,FALSE,FALSE
845,"Richmondtown Library, NYPL",7,10,17,TRUE,TRUE,"labeled",FALSE,FALSE,FALSE,FALSE
846,"Tottenville Library, NYPL",1,,,FALSE,TRUE,"labeled",FALSE,FALSE,FALSE,FALSE
846,"Tottenville Library, NYPL",2,11,18,TRUE,TRUE,"labeled",FALSE,FALSE,FALSE,FALSE
846,"Tottenville Library, NYPL",3,11,18,TRUE,TRUE,"labeled",FALSE,FALSE,FALSE,FALSE
846,"Tottenville Library, NYPL",4,11,18,TRUE,TRUE,"labeled",FALSE,FALSE,FALSE,FALSE
846,"Tottenville Library, NYPL",5,11,18,TRUE,TRUE,"labeled",FALSE,FALSE,FALSE,FALSE
846,"Tottenville Library, NYPL",6,10,17,TRUE,TRUE,"labeled",FALSE,FALSE,FALSE,FALSE
846,"Tottenville Library, NYPL",7,10,17,TRUE,TRUE,"labeled",FALSE,FALSE,FALSE,FALSE
847,"Great Kills Library, NYPL",1,,,FALSE,TRUE,"labeled",FALSE,FALSE,FALSE,FALSE
847,"Great Kills Library, NYPL",2,11,18,TRUE,TRUE,"labeled",FALSE,FALSE,FALSE,FALSE
847,"Great Kills Library, NYPL",3,11,18,TRUE,TRUE,"labeled",FALSE,FALSE,FALSE,FALSE
847,"Great Kills Library, NYPL",4,11,18,TRUE,TRUE,"labeled",FALSE,FALSE,FALSE,FALSE
847,"Great Kills Library, NYPL",5,11,18,TRUE,TRUE,"labeled",FALSE,FALSE,FALSE,FALSE
847,"Great Kills Library, NYPL",6,10,17,TRUE,TRUE,"labeled",FALSE,FALSE,FALSE,FALSE
847,"Great Kills Library, NYPL",7,10,16,TRUE,TRUE,"labeled",FALSE,FALSE,FALSE,FALSE
848,"West New Brighton Library, NYPL",1,,,FALSE,TRUE,"labeled",FALSE,FALSE,FALSE,FALSE
848,"West New Brighton Library, NYPL",2,11,18,TRUE,TRUE,"labeled",FALSE,FALSE,FALSE,FALSE
848,"West New Brighton Library, NYPL",3,11,18,TRUE,TRUE,"labeled",FALSE,FALSE,FALSE,FALSE
848,"West New Brighton Library, NYPL",4,11,18,TRUE,TRUE,"labeled",FALSE,FALSE,FALSE,FALSE
848,"West New Brighton Library, NYPL",5,11,18,TRUE,TRUE,"labeled",FALSE,FALSE,FALSE,FALSE
848,"West New Brighton Library, NYPL",6,10,17,TRUE,TRUE,"labeled",FALSE,FALSE,FALSE,FALSE
848,"West New Brighton Library, NYPL",7,10,17,TRUE,TRUE,"labeled",FALSE,FALSE,FALSE,FALSE
849,"Huguenot Park Library, NYPL",1,,,FALSE,TRUE,"labeled",FALSE,FALSE,FALSE,FALSE
849,"Huguenot Park Library, NYPL",2,10,18,TRUE,TRUE,"labeled",FALSE,FALSE,FALSE,FALSE
849,"Huguenot Park Library, NYPL",3,10,18,TRUE,TRUE,"labeled",FALSE,FALSE,FALSE,FALSE
849,"Huguenot Park Library, NYPL",4,10,18,TRUE,TRUE,"labeled",FALSE,FALSE,FALSE,FALSE
849,"Huguenot Park Library, NYPL",5,10,18,TRUE,TRUE,"labeled",FALSE,FALSE,FALSE,FALSE
849,"Huguenot Park Library, NYPL",6,10,17,TRUE,TRUE,"labeled",FALSE,FALSE,FALSE,FALSE
849,"Huguenot Park Library, NYPL",7,10,17,TRUE,TRUE,"labeled",FALSE,FALSE,FALSE,FALSE
850,"Todt Hill-Westerleigh Library, NYPL",1,,,FALSE,TRUE,"labeled",FALSE,FALSE,FALSE,FALSE
850,"Todt Hill-Westerleigh Library, NYPL",2,10,19,TRUE,TRUE,"labeled",FALSE,FALSE,FALSE,FALSE
850,"Todt Hill-Westerleigh Library, NYPL",3,10,19,TRUE,TRUE,"labeled",FALSE,FALSE,FALSE,FALSE
850,"Todt Hill-Westerleigh Library, NYPL",4,10,19,TRUE,TRUE,"labeled",FALSE,FALSE,FALSE,FALSE
850,"Todt Hill-Westerleigh Library, NYPL",5,10,19,TRUE,TRUE,"labeled",FALSE,FALSE,FALSE,FALSE
850,"Todt Hill-Westerleigh Library, NYPL",6,10,17,TRUE,TRUE,"labeled",FALSE,FALSE,FALSE,FALSE
850,"Todt Hill-Westerleigh Library, NYPL",7,10,17,TRUE,TRUE,"labeled",FALSE,FALSE,FALSE,FALSE
851,"Morrisania Library, NYPL",1,,,FALSE,TRUE,"labeled",FALSE,FALSE,FALSE,FALSE
851,"Morrisania Library, NYPL",2,10,19,TRUE,TRUE,"labeled",FALSE,FALSE,FALSE,FALSE
851,"Morrisania Library, NYPL",3,10,19,TRUE,TRUE,"labeled",FALSE,FALSE,FALSE,FALSE
851,"Morrisania Library, NYPL",4,10,19,TRUE,TRUE,"labeled",FALSE,FALSE,FALSE,FALSE
851,"Morrisania Library, NYPL",5,10,19,TRUE,TRUE,"labeled",FALSE,FALSE,FALSE,FALSE
851,"Morrisania Library, NYPL",6,10,17,TRUE,TRUE,"labeled",FALSE,FALSE,FALSE,FALSE
851,"Morrisania Library, NYPL",7,10,17,TRUE,TRUE,"labeled",FALSE,FALSE,FALSE,FALSE
852,"Woodstock Library, NYPL",1,,,FALSE,TRUE,"labeled",FALSE,FALSE,FALSE,FALSE
852,"Woodstock Library, NYPL",2,10,18,TRUE,TRUE,"labeled",FALSE,FALSE,FALSE,FALSE
852,"Woodstock Library, NYPL",3,10,18,TRUE,TRUE,"labeled",FALSE,FALSE,TRUE,FALSE
852,"Woodstock Library, NYPL",4,10,18,TRUE,TRUE,"labeled",FALSE,FALSE,FALSE,FALSE
852,"Woodstock Library, NYPL",5,10,18,TRUE,TRUE,"labeled",FALSE,FALSE,TRUE,FALSE
852,"Woodstock Library, NYPL",6,10,18,TRUE,TRUE,"labeled",FALSE,FALSE,FALSE,FALSE
852,"Woodstock Library, NYPL",7,10,17,TRUE,TRUE,"labeled",FALSE,FALSE,FALSE,FALSE
853,"High Bridge Library, NYPL",1,,,FALSE,TRUE,"labeled",FALSE,FALSE,FALSE,FALSE
853,"High Bridge Library, NYPL",2,10,19,TRUE,TRUE,"labeled",FALSE,FALSE,FALSE,FALSE
853,"High Bridge Library, NYPL",3,10,19,TRUE,TRUE,"labeled",FALSE,FALSE,TRUE,FALSE
853,"High Bridge Library, NYPL",4,10,19,TRUE,TRUE,"labeled",FALSE,FALSE,FALSE,FALSE
853,"High Bridge Library, NYPL",5,10,19,TRUE,TRUE,"labeled",FALSE,FALSE,TRUE,FALSE
853,"High Bridge Library, NYPL",6,10,18,TRUE,TRUE,"labeled",FALSE,FALSE,FALSE,FALSE
853,"High Bridge Library, NYPL",7,10,17,TRUE,TRUE,"labeled",FALSE,FALSE,FALSE,FALSE
854,"Francis Martin Library, NYPL",1,,,FALSE,TRUE,"labeled",FALSE,FALSE,FALSE,FALSE
854,"Francis Martin Library, NYPL",2,11,19,TRUE,TRUE,"labeled",FALSE,FALSE,FALSE,FALSE
854,"Francis Martin Library, NYPL",3,11,19,TRUE,TRUE,"labeled",FALSE,FALSE,FALSE,FALSE
854,"Francis Martin Library, NYPL",4,11,19,TRUE,TRUE,"labeled",FALSE,FALSE,FALSE,FALSE
854,"Francis Martin Library, NYPL",5,11,19,TRUE,TRUE,"labeled",FALSE,FALSE,FALSE,FALSE
854,"Francis Martin Library, NYPL",6,10,18,TRUE,TRUE,"labeled",FALSE,FALSE,FALSE,FALSE
854,"Francis Martin Library, NYPL",7,10,17,TRUE,TRUE,"labeled",FALSE,FALSE,FALSE,FALSE
855,"Sedgwick Library, NYPL",1,,,FALSE,TRUE,"labeled",FALSE,FALSE,FALSE,FALSE
855,"Sedgwick Library, NYPL",2,10,18,TRUE,TRUE,"labeled",FALSE,FALSE,FALSE,FALSE
855,"Sedgwick Library, NYPL",3,10,18,TRUE,TRUE,"labeled",FALSE,FALSE,TRUE,FALSE
855,"Sedgwick Library, NYPL",4,10,18,TRUE,TRUE,"labeled",FALSE,FALSE,FALSE,FALSE
855,"Sedgwick Library, NYPL",5,10,18,TRUE,TRUE,"labeled",FALSE,FALSE,TRUE,FALSE
855,"Sedgwick Library, NYPL",6,10,18,TRUE,TRUE,"labeled",FALSE,FALSE,FALSE,FALSE
855,"Sedgwick Library, NYPL",7,10,17,TRUE,TRUE,"labeled",FALSE,FALSE,FALSE,FALSE
856,"Mott Haven Library, NYPL",1,,,FALSE,TRUE,"labeled",FALSE,FALSE,FALSE,FALSE
856,"Mott Haven Library, NYPL",2,10,19,TRUE,TRUE,"labeled",FALSE,FALSE,FALSE,FALSE
856,"Mott Haven Library, NYPL",3,10,19,TRUE,TRUE,"labeled",FALSE,FALSE,TRUE,FALSE
856,"Mott Haven Library, NYPL",4,10,19,TRUE,TRUE,"labeled",FALSE,FALSE,FALSE,FALSE
856,"Mott Haven Library, NYPL",5,10,19,TRUE,TRUE,"labeled",FALSE,FALSE,TRUE,FALSE
856,"Mott Haven Library, NYPL",6,10,17,TRUE,TRUE,"labeled",FALSE,FALSE,FALSE,FALSE
856,"Mott Haven Library, NYPL",7,10,17,TRUE,TRUE,"labeled",FALSE,FALSE,FALSE,FALSE
857,"Grand Concourse Library, NYPL",1,,,FALSE,TRUE,"labeled",FALSE,FALSE,FALSE,FALSE
857,"Grand Concourse Library, NYPL",2,10,20,TRUE,TRUE,"labeled",FALSE,FALSE,FALSE,FALSE
857,"Grand Concourse Library, NYPL",3,10,19,TRUE,TRUE,"labeled",FALSE,FALSE,FALSE,FALSE
857,"Grand Concourse Library, NYPL",4,10,20,TRUE,TRUE,"labeled",FALSE,FALSE,FALSE,FALSE
857,"Grand Concourse Library, NYPL",5,10,19,TRUE,TRUE,"labeled",FALSE,FALSE,FALSE,FALSE
857,"Grand Concourse Library, NYPL",6,10,17,TRUE,TRUE,"labeled",FALSE,FALSE,FALSE,FALSE
857,"Grand Concourse Library, NYPL",7,10,17,TRUE,TRUE,"labeled",FALSE,FALSE,FALSE,FALSE
858,"Tremont Library, NYPL",1,,,FALSE,TRUE,"labeled",FALSE,FALSE,FALSE,FALSE
858,"Tremont Library, NYPL",2,10,18,TRUE,TRUE,"labeled",FALSE,FALSE,FALSE,FALSE
858,"Tremont Library, NYPL",3,10,18,TRUE,TRUE,"labeled",FALSE,FALSE,TRUE,FALSE
858,"Tremont Library, NYPL",4,10,18,TRUE,TRUE,"labeled",FALSE,FALSE,FALSE,FALSE
858,"Tremont Library, NYPL",5,10,18,TRUE,TRUE,"labeled",FALSE,FALSE,TRUE,FALSE
858,"Tremont Library, NYPL",6,10,18,TRUE,TRUE,"labeled",FALSE,FALSE,FALSE,FALSE
858,"Tremont Library, NYPL",7,10,17,TRUE,TRUE,"labeled",FALSE,FALSE,FALSE,FALSE
859,"Belmont Library and Enrico Fermi Cultural Center, NYPL",1,,,FALSE,TRUE,"labeled",FALSE,FALSE,FALSE,FALSE
859,"Belmont Library and Enrico Fermi Cultural Center, NYPL",2,10,18,TRUE,TRUE,"labeled",FALSE,FALSE,FALSE,FALSE
859,"Belmont Library and Enrico Fermi Cultural Center, NYPL",3,10,18,TRUE,TRUE,"labeled",FALSE,FALSE,FALSE,FALSE
859,"Belmont Library and Enrico Fermi Cultural Center, NYPL",4,10,18,TRUE,TRUE,"labeled",FALSE,FALSE,FALSE,FALSE
859,"Belmont Library and Enrico Fermi Cultural Center, NYPL",5,10,18,TRUE,TRUE,"labeled",FALSE,FALSE,FALSE,FALSE
859,"Belmont Library and Enrico Fermi Cultural Center, NYPL",6,10,17,TRUE,TRUE,"labeled",FALSE,FALSE,FALSE,FALSE
859,"Belmont Library and Enrico Fermi Cultural Center, NYPL",7,10,17,TRUE,TRUE,"labeled",FALSE,FALSE,FALSE,FALSE
860,"Bronx Library Center, NYPL",1,,,FALSE,TRUE,"labeled",FALSE,FALSE,FALSE,FALSE
860,"Bronx Library Center, NYPL",2,9,21,TRUE,TRUE,"labeled",FALSE,FALSE,FALSE,FALSE
860,"Bronx Library Center, NYPL",3,9,21,TRUE,TRUE,"labeled",FALSE,FALSE,FALSE,FALSE
860,"Bronx Library Center, NYPL",4,9,21,TRUE,TRUE,"labeled",FALSE,FALSE,FALSE,FALSE
860,"Bronx Library Center, NYPL",5,9,21,TRUE,TRUE,"labeled",FALSE,FALSE,FALSE,FALSE
860,"Bronx Library Center, NYPL",6,10,20,TRUE,TRUE,"labeled",FALSE,FALSE,FALSE,FALSE
860,"Bronx Library Center, NYPL",7,10,20,TRUE,TRUE,"labeled",FALSE,FALSE,FALSE,FALSE
861,"Pelham Bay Library, NYPL",1,,,FALSE,TRUE,"labeled",FALSE,FALSE,FALSE,FALSE
861,"Pelham Bay Library, NYPL",2,10,18,TRUE,TRUE,"labeled",FALSE,FALSE,FALSE,FALSE
861,"Pelham Bay Library, NYPL",3,10,18,TRUE,TRUE,"labeled",FALSE,FALSE,TRUE,FALSE
861,"Pelham Bay Library, NYPL",4,10,18,TRUE,TRUE,"labeled",FALSE,FALSE,FALSE,FALSE
861,"Pelham Bay Library, NYPL",5,10,18,TRUE,TRUE,"labeled",FALSE,FALSE,TRUE,FALSE
861,"Pelham Bay Library, NYPL",6,10,17,TRUE,TRUE,"labeled",FALSE,FALSE,FALSE,FALSE
861,"Pelham Bay Library, NYPL",7,10,17,TRUE,TRUE,"labeled",FALSE,FALSE,FALSE,FALSE
862,"Westchester Square Library, NYPL",1,,,FALSE,TRUE,"labeled",FALSE,FALSE,FALSE,FALSE
862,"Westchester Square Library, NYPL",2,11,19,TRUE,TRUE,"labeled",FALSE,FALSE,FALSE,FALSE
862,"Westchester Square Library, NYPL",3,10,18,TRUE,TRUE,"labeled",FALSE,FALSE,TRUE,FALSE
862,"Westchester Square Library, NYPL",4,11,19,TRUE,TRUE,"labeled",FALSE,FALSE,FALSE,FALSE
862,"Westchester Square Library, NYPL",5,10,18,TRUE,TRUE,"labeled",FALSE,FALSE,TRUE,FALSE
862,"Westchester Square Library, NYPL",6,10,17,TRUE,TRUE,"labeled",FALSE,FALSE,FALSE,FALSE
862,"Westchester Square Library, NYPL",7,10,17,TRUE,TRUE,"labeled",FALSE,FALSE,FALSE,FALSE
863,"Glen Oaks Library, QPL",1,,,FALSE,TRUE,"labeled",FALSE,FALSE,FALSE,FALSE
863,"Glen Oaks Library, QPL",2,10,18,TRUE,TRUE,"labeled",FALSE,FALSE,FALSE,FALSE
863,"Glen Oaks Library, QPL",3,13,18,TRUE,TRUE,"labeled",FALSE,FALSE,FALSE,FALSE
863,"Glen Oaks Library, QPL",4,10,18,TRUE,TRUE,"labeled",FALSE,FALSE,FALSE,FALSE
863,"Glen Oaks Library, QPL",5,12,20,TRUE,TRUE,"labeled",FALSE,FALSE,FALSE,FALSE
863,"Glen Oaks Library, QPL",6,10,18,TRUE,TRUE,"labeled",FALSE,FALSE,FALSE,FALSE
863,"Glen Oaks Library, QPL",7,10,17,TRUE,TRUE,"labeled",FALSE,FALSE,FALSE,FALSE
864,"Long Island City Library, QPL",1,,,FALSE,TRUE,"labeled",FALSE,FALSE,FALSE,FALSE
864,"Long Island City Library, QPL",2,10,18,TRUE,TRUE,"labeled",FALSE,FALSE,FALSE,FALSE
864,"Long Island City Library, QPL",3,13,18,TRUE,TRUE,"labeled",FALSE,FALSE,FALSE,FALSE
864,"Long Island City Library, QPL",4,10,18,TRUE,TRUE,"labeled",FALSE,FALSE,FALSE,FALSE
864,"Long Island City Library, QPL",5,12,20,TRUE,TRUE,"labeled",FALSE,FALSE,FALSE,FALSE
864,"Long Island City Library, QPL",6,10,18,TRUE,TRUE,"labeled",FALSE,FALSE,FALSE,FALSE
864,"Long Island City Library, QPL",7,10,17,TRUE,TRUE,"labeled",FALSE,FALSE,FALSE,FALSE
865,"Morris Park Library, NYPL",1,,,FALSE,TRUE,"labeled",FALSE,FALSE,FALSE,FALSE
865,"Morris Park Library, NYPL",2,10,19,TRUE,TRUE,"labeled",FALSE,FALSE,FALSE,FALSE
865,"Morris Park Library, NYPL",3,10,19,TRUE,TRUE,"labeled",FALSE,FALSE,TRUE,FALSE
865,"Morris Park Library, NYPL",4,10,19,TRUE,TRUE,"labeled",FALSE,FALSE,FALSE,FALSE
865,"Morris Park Library, NYPL",5,10,19,TRUE,TRUE,"labeled",FALSE,FALSE,TRUE,FALSE
865,"Morris Park Library, NYPL",6,10,17,TRUE,TRUE,"labeled",FALSE,FALSE,FALSE,FALSE
865,"Morris Park Library, NYPL",7,10,17,TRUE,TRUE,"labeled",FALSE,FALSE,FALSE,FALSE
866,"Parkchester Library, NYPL",1,,,FALSE,TRUE,"labeled",FALSE,FALSE,FALSE,FALSE
866,"Parkchester Library, NYPL",2,10,20,TRUE,TRUE,"labeled",FALSE,FALSE,FALSE,FALSE
866,"Parkchester Library, NYPL",3,10,20,TRUE,TRUE,"labeled",FALSE,FALSE,TRUE,FALSE
866,"Parkchester Library, NYPL",4,10,20,TRUE,TRUE,"labeled",FALSE,FALSE,FALSE,FALSE
866,"Parkchester Library, NYPL",5,10,20,TRUE,TRUE,"labeled",FALSE,FALSE,TRUE,FALSE
866,"Parkchester Library, NYPL",6,10,17,TRUE,TRUE,"labeled",FALSE,FALSE,FALSE,FALSE
866,"Parkchester Library, NYPL",7,10,17,TRUE,TRUE,"labeled",FALSE,FALSE,FALSE,FALSE
867,"Kingsbridge Library, NYPL",1,,,FALSE,TRUE,"labeled",FALSE,FALSE,FALSE,FALSE
867,"Kingsbridge Library, NYPL",2,10,19,TRUE,TRUE,"labeled",FALSE,FALSE,FALSE,FALSE
867,"Kingsbridge Library, NYPL",3,10,19,TRUE,TRUE,"labeled",FALSE,FALSE,TRUE,FALSE
867,"Kingsbridge Library, NYPL",4,10,19,TRUE,TRUE,"labeled",FALSE,FALSE,FALSE,FALSE
867,"Kingsbridge Library, NYPL",5,10,19,TRUE,TRUE,"labeled",FALSE,FALSE,TRUE,FALSE
867,"Kingsbridge Library, NYPL",6,10,17,TRUE,TRUE,"labeled",FALSE,FALSE,FALSE,FALSE
867,"Kingsbridge Library, NYPL",7,10,17,TRUE,TRUE,"labeled",FALSE,FALSE,FALSE,FALSE
868,"Van Cortlandt Library, NYPL",1,,,FALSE,TRUE,"labeled",FALSE,FALSE,FALSE,FALSE
868,"Van Cortlandt Library, NYPL",2,10,19,TRUE,TRUE,"labeled",FALSE,FALSE,FALSE,FALSE
868,"Van Cortlandt Library, NYPL",3,10,19,TRUE,TRUE,"labeled",FALSE,FALSE,TRUE,FALSE
868,"Van Cortlandt Library, NYPL",4,10,19,TRUE,TRUE,"labeled",FALSE,FALSE,FALSE,FALSE
868,"Van Cortlandt Library, NYPL",5,10,19,TRUE,TRUE,"labeled",FALSE,FALSE,TRUE,FALSE
868,"Van Cortlandt Library, NYPL",6,10,17,TRUE,TRUE,"labeled",FALSE,FALSE,FALSE,FALSE
868,"Van Cortlandt Library, NYPL",7,10,17,TRUE,TRUE,"labeled",FALSE,FALSE,FALSE,FALSE
869,"City Island Library, NYPL",1,,,FALSE,TRUE,"labeled",FALSE,FALSE,FALSE,FALSE
869,"City Island Library, NYPL",2,11,19,TRUE,TRUE,"labeled",FALSE,FALSE,FALSE,FALSE
869,"City Island Library, NYPL",3,11,18,TRUE,TRUE,"labeled",FALSE,FALSE,FALSE,FALSE
869,"City Island Library, NYPL",4,11,18,TRUE,TRUE,"labeled",FALSE,FALSE,FALSE,FALSE
869,"City Island Library, NYPL",5,11,19,TRUE,TRUE,"labeled",FALSE,FALSE,FALSE,FALSE
869,"City Island Library, NYPL",6,10,17,TRUE,TRUE,"labeled",FALSE,FALSE,FALSE,FALSE
869,"City Island Library, NYPL",7,10,17,TRUE,TRUE,"labeled",FALSE,FALSE,FALSE,FALSE
870,"Throg's Neck Library, NYPL",1,,,FALSE,TRUE,"labeled",FALSE,FALSE,FALSE,FALSE
870,"Throg's Neck Library, NYPL",2,10,18,TRUE,TRUE,"labeled",FALSE,FALSE,FALSE,FALSE
870,"Throg's Neck Library, NYPL",3,10,18,TRUE,TRUE,"labeled",FALSE,FALSE,TRUE,FALSE
870,"Throg's Neck Library, NYPL",4,10,18,TRUE,TRUE,"labeled",FALSE,FALSE,FALSE,FALSE
870,"Throg's Neck Library, NYPL",5,10,18,TRUE,TRUE,"labeled",FALSE,FALSE,TRUE,FALSE
870,"Throg's Neck Library, NYPL",6,10,17,TRUE,TRUE,"labeled",FALSE,FALSE,FALSE,FALSE
870,"Throg's Neck Library, NYPL",7,10,17,TRUE,TRUE,"labeled",FALSE,FALSE,FALSE,FALSE
871,"Edenwald Library, NYPL",1,,,FALSE,TRUE,"labeled",FALSE,FALSE,FALSE,FALSE
871,"Edenwald Library, NYPL",2,10,19,TRUE,TRUE,"labeled",FALSE,FALSE,FALSE,FALSE
871,"Edenwald Library, NYPL",3,10,19,TRUE,TRUE,"labeled",FALSE,FALSE,FALSE,FALSE
871,"Edenwald Library, NYPL",4,10,19,TRUE,TRUE,"labeled",FALSE,FALSE,FALSE,FALSE
871,"Edenwald Library, NYPL",5,10,19,TRUE,TRUE,"labeled",FALSE,FALSE,FALSE,FALSE
871,"Edenwald Library, NYPL",6,10,18,TRUE,TRUE,"labeled",FALSE,FALSE,FALSE,FALSE
871,"Edenwald Library, NYPL",7,10,17,TRUE,TRUE,"labeled",FALSE,FALSE,FALSE,FALSE
872,"Wakefield Library, NYPL",1,,,FALSE,TRUE,"labeled",FALSE,FALSE,FALSE,FALSE
872,"Wakefield Library, NYPL",2,10,19,TRUE,TRUE,"labeled",FALSE,FALSE,FALSE,FALSE
872,"Wakefield Library, NYPL",3,10,19,TRUE,TRUE,"labeled",FALSE,FALSE,TRUE,FALSE
872,"Wakefield Library, NYPL",4,10,19,TRUE,TRUE,"labeled",FALSE,FALSE,FALSE,FALSE
872,"Wakefield Library, NYPL",5,10,19,TRUE,TRUE,"labeled",FALSE,FALSE,TRUE,FALSE
872,"Wakefield Library, NYPL",6,10,17,TRUE,TRUE,"labeled",FALSE,FALSE,FALSE,FALSE
872,"Wakefield Library, NYPL",7,10,17,TRUE,TRUE,"labeled",FALSE,FALSE,FALSE,FALSE
873,"Allerton Library, NYPL",1,,,FALSE,TRUE,"labeled",FALSE,FALSE,FALSE,FALSE
873,"Allerton Library, NYPL",2,10,18,TRUE,TRUE,"labeled",FALSE,FALSE,FALSE,FALSE
873,"Allerton Library, NYPL",3,10,18,TRUE,TRUE,"labeled",FALSE,FALSE,FALSE,FALSE
873,"Allerton Library, NYPL",4,10,18,TRUE,TRUE,"labeled",FALSE,FALSE,FALSE,FALSE
873,"Allerton Library, NYPL",5,10,18,TRUE,TRUE,"labeled",FALSE,FALSE,FALSE,FALSE
873,"Allerton Library, NYPL",6,10,18,TRUE,TRUE,"labeled",FALSE,FALSE,FALSE,FALSE
873,"Allerton Library, NYPL",7,10,17,TRUE,TRUE,"labeled",FALSE,FALSE,FALSE,FALSE
874,"Mosholu Library, NYPL",1,,,FALSE,TRUE,"labeled",FALSE,FALSE,FALSE,FALSE
874,"Mosholu Library, NYPL",2,11,19,TRUE,TRUE,"labeled",FALSE,FALSE,FALSE,FALSE
874,"Mosholu Library, NYPL",3,11,19,TRUE,TRUE,"labeled",FALSE,FALSE,FALSE,FALSE
874,"Mosholu Library, NYPL",4,11,19,TRUE,TRUE,"labeled",FALSE,FALSE,FALSE,FALSE
874,"Mosholu Library, NYPL",5,11,19,TRUE,TRUE,"labeled",FALSE,FALSE,FALSE,FALSE
874,"Mosholu Library, NYPL",6,10,17,TRUE,TRUE,"labeled",FALSE,FALSE,FALSE,FALSE
874,"Mosholu Library, NYPL",7,10,17,TRUE,TRUE,"labeled",FALSE,FALSE,FALSE,FALSE
875,"Jerome Park Library, NYPL",1,,,FALSE,TRUE,"labeled",FALSE,FALSE,FALSE,FALSE
875,"Jerome Park Library, NYPL",2,10,19,TRUE,TRUE,"labeled",FALSE,FALSE,FALSE,FALSE
875,"Jerome Park Library, NYPL",3,10,19,TRUE,TRUE,"labeled",FALSE,FALSE,TRUE,FALSE
875,"Jerome Park Library, NYPL",4,10,19,TRUE,TRUE,"labeled",FALSE,FALSE,FALSE,FALSE
875,"Jerome Park Library, NYPL",5,10,19,TRUE,TRUE,"labeled",FALSE,FALSE,TRUE,FALSE
875,"Jerome Park Library, NYPL",6,10,17,TRUE,TRUE,"labeled",FALSE,FALSE,FALSE,FALSE
875,"Jerome Park Library, NYPL",7,10,17,TRUE,TRUE,"labeled",FALSE,FALSE,FALSE,FALSE
876,"Eastchester Library, NYPL",1,,,FALSE,TRUE,"labeled",FALSE,FALSE,FALSE,FALSE
876,"Eastchester Library, NYPL",2,10,19,TRUE,TRUE,"labeled",FALSE,FALSE,FALSE,FALSE
876,"Eastchester Library, NYPL",3,10,19,TRUE,TRUE,"labeled",FALSE,FALSE,FALSE,FALSE
876,"Eastchester Library, NYPL",4,10,19,TRUE,TRUE,"labeled",FALSE,FALSE,FALSE,FALSE
876,"Eastchester Library, NYPL",5,10,19,TRUE,TRUE,"labeled",FALSE,FALSE,FALSE,FALSE
876,"Eastchester Library, NYPL",6,10,17,TRUE,TRUE,"labeled",FALSE,FALSE,FALSE,FALSE
876,"Eastchester Library, NYPL",7,10,17,TRUE,TRUE,"labeled",FALSE,FALSE,FALSE,FALSE
877,"Woodlawn Heights Library, NYPL",1,,,FALSE,TRUE,"labeled",FALSE,FALSE,FALSE,FALSE
877,"Woodlawn Heights Library, NYPL",2,10,19,TRUE,TRUE,"labeled",FALSE,FALSE,FALSE,FALSE
877,"Woodlawn Heights Library, NYPL",3,10,19,TRUE,TRUE,"labeled",FALSE,FALSE,TRUE,FALSE
877,"Woodlawn Heights Library, NYPL",4,10,19,TRUE,TRUE,"labeled",FALSE,FALSE,FALSE,FALSE
877,"Woodlawn Heights Library, NYPL",5,10,19,TRUE,TRUE,"labeled",FALSE,FALSE,TRUE,FALSE
877,"Woodlawn Heights Library, NYPL",6,10,17,TRUE,TRUE,"labeled",FALSE,FALSE,FALSE,FALSE
877,"Woodlawn Heights Library, NYPL",7,10,17,TRUE,TRUE,"labeled",FALSE,FALSE,FALSE,FALSE
878,"Astoria Library, QPL",1,,,FALSE,TRUE,"labeled",FALSE,FALSE,FALSE,FALSE
878,"Astoria Library, QPL",2,10,18,TRUE,TRUE,"labeled",FALSE,FALSE,FALSE,FALSE
878,"Astoria Library, QPL",3,13,18,TRUE,TRUE,"labeled",FALSE,FALSE,FALSE,FALSE
878,"Astoria Library, QPL",4,10,18,TRUE,TRUE,"labeled",FALSE,FALSE,FALSE,FALSE
878,"Astoria Library, QPL",5,12,20,TRUE,TRUE,"labeled",FALSE,FALSE,FALSE,FALSE
878,"Astoria Library, QPL",6,10,18,TRUE,TRUE,"labeled",FALSE,FALSE,FALSE,FALSE
878,"Astoria Library, QPL",7,10,17,TRUE,TRUE,"labeled",FALSE,FALSE,FALSE,FALSE
879,"Riverdale Library, NYPL",1,,,FALSE,TRUE,"labeled",FALSE,FALSE,FALSE,FALSE
879,"Riverdale Library, NYPL",2,10,18,TRUE,TRUE,"labeled",FALSE,FALSE,FALSE,FALSE
879,"Riverdale Library, NYPL",3,10,18,TRUE,TRUE,"labeled",FALSE,FALSE,TRUE,FALSE
879,"Riverdale Library, NYPL",4,10,18,TRUE,TRUE,"labeled",FALSE,FALSE,FALSE,FALSE
879,"Riverdale Library, NYPL",5,10,18,TRUE,TRUE,"labeled",FALSE,FALSE,TRUE,FALSE
879,"Riverdale Library, NYPL",6,10,17,TRUE,TRUE,"labeled",FALSE,FALSE,FALSE,FALSE
879,"Riverdale Library, NYPL",7,10,17,TRUE,TRUE,"labeled",FALSE,FALSE,FALSE,FALSE
880,"Spuyten Duyvil Library, NYPL",1,,,FALSE,TRUE,"labeled",FALSE,FALSE,FALSE,FALSE
880,"Spuyten Duyvil Library, NYPL",2,10,18,TRUE,TRUE,"labeled",FALSE,FALSE,FALSE,FALSE
880,"Spuyten Duyvil Library, NYPL",3,10,18,TRUE,TRUE,"labeled",FALSE,FALSE,TRUE,FALSE
880,"Spuyten Duyvil Library, NYPL",4,10,18,TRUE,TRUE,"labeled",FALSE,FALSE,FALSE,FALSE
880,"Spuyten Duyvil Library, NYPL",5,10,18,TRUE,TRUE,"labeled",FALSE,FALSE,TRUE,FALSE
880,"Spuyten Duyvil Library, NYPL",6,10,17,TRUE,TRUE,"labeled",FALSE,FALSE,FALSE,FALSE
880,"Spuyten Duyvil Library, NYPL",7,10,17,TRUE,TRUE,"labeled",FALSE,FALSE,FALSE,FALSE
881,"Clason's Point Library, NYPL",1,,,FALSE,TRUE,"labeled",FALSE,FALSE,FALSE,FALSE
881,"Clason's Point Library, NYPL",2,10,19,TRUE,TRUE,"labeled",FALSE,FALSE,FALSE,FALSE
881,"Clason's Point Library, NYPL",3,10,19,TRUE,TRUE,"labeled",FALSE,FALSE,FALSE,FALSE
881,"Clason's Point Library, NYPL",4,10,19,TRUE,TRUE,"labeled",FALSE,FALSE,FALSE,FALSE
881,"Clason's Point Library, NYPL",5,10,19,TRUE,TRUE,"labeled",FALSE,FALSE,FALSE,FALSE
881,"Clason's Point Library, NYPL",6,10,17,TRUE,TRUE,"labeled",FALSE,FALSE,FALSE,FALSE
881,"Clason's Point Library, NYPL",7,10,17,TRUE,TRUE,"labeled",FALSE,FALSE,FALSE,FALSE
882,"Castle Hill Library, NYPL",1,,,FALSE,TRUE,"labeled",FALSE,FALSE,FALSE,FALSE
882,"Castle Hill Library, NYPL",2,10,18,TRUE,TRUE,"labeled",FALSE,FALSE,FALSE,FALSE
882,"Castle Hill Library, NYPL",3,10,18,TRUE,TRUE,"labeled",FALSE,FALSE,FALSE,FALSE
882,"Castle Hill Library, NYPL",4,10,18,TRUE,TRUE,"labeled",FALSE,FALSE,FALSE,FALSE
882,"Castle Hill Library, NYPL",5,10,18,TRUE,TRUE,"labeled",FALSE,FALSE,FALSE,FALSE
882,"Castle Hill Library, NYPL",6,10,17,TRUE,TRUE,"labeled",FALSE,FALSE,FALSE,FALSE
882,"Castle Hill Library, NYPL",7,10,17,TRUE,TRUE,"labeled",FALSE,FALSE,FALSE,FALSE
883,"Soundview Library, NYPL",1,,,FALSE,TRUE,"labeled",FALSE,FALSE,FALSE,FALSE
883,"Soundview Library, NYPL",2,10,18,TRUE,TRUE,"labeled",FALSE,FALSE,FALSE,FALSE
883,"Soundview Library, NYPL",3,10,18,TRUE,TRUE,"labeled",FALSE,FALSE,TRUE,FALSE
883,"Soundview Library, NYPL",4,10,18,TRUE,TRUE,"labeled",FALSE,FALSE,FALSE,FALSE
883,"Soundview Library, NYPL",5,10,18,TRUE,TRUE,"labeled",FALSE,FALSE,TRUE,FALSE
883,"Soundview Library, NYPL",6,10,17,TRUE,TRUE,"labeled",FALSE,FALSE,FALSE,FALSE
883,"Soundview Library, NYPL",7,10,17,TRUE,TRUE,"labeled",FALSE,FALSE,FALSE,FALSE
884,"Baychester Library, NYPL",1,,,FALSE,TRUE,"labeled",FALSE,FALSE,FALSE,FALSE
884,"Baychester Library, NYPL",2,10,19,TRUE,TRUE,"labeled",FALSE,FALSE,FALSE,FALSE
884,"Baychester Library, NYPL",3,10,19,TRUE,TRUE,"labeled",FALSE,FALSE,TRUE,FALSE
884,"Baychester Library, NYPL",4,10,19,TRUE,TRUE,"labeled",FALSE,FALSE,FALSE,FALSE
884,"Baychester Library, NYPL",5,10,19,TRUE,TRUE,"labeled",FALSE,FALSE,TRUE,FALSE
884,"Baychester Library, NYPL",6,10,18,TRUE,TRUE,"labeled",FALSE,FALSE,FALSE,FALSE
884,"Baychester Library, NYPL",7,10,17,TRUE,TRUE,"labeled",FALSE,FALSE,FALSE,FALSE
885,"Brooklyn Heights Library, BPL",1,13,17,TRUE,TRUE,"dayprefixed",FALSE,FALSE,FALSE,FALSE
885,"Brooklyn Heights Library, BPL",2,10,18,TRUE,TRUE,"dayprefixed",FALSE,FALSE,FALSE,FALSE
885,"Brooklyn Heights Library, BPL",3,13,20,TRUE,TRUE,"dayprefixed",FALSE,FALSE,FALSE,FALSE
885,"Brooklyn Heights Library, BPL",4,10,18,TRUE,TRUE,"dayprefixed",FALSE,FALSE,FALSE,FALSE
885,"Brooklyn Heights Library, BPL",5,10,20,TRUE,TRUE,"dayprefixed",FALSE,FALSE,FALSE,FALSE
885,"Brooklyn Heights Library, BPL",6,10,18,TRUE,TRUE,"dayprefixed",FALSE,FALSE,FALSE,FALSE
885,"Brooklyn Heights Library, BPL",7,10,17,TRUE,TRUE,"dayprefixed",FALSE,FALSE,FALSE,FALSE
886,"Rugby Library, BPL",1,,,FALSE,TRUE,"dayprefixed",FALSE,FALSE,FALSE,FALSE
886,"Rugby Library, BPL",2,10,18,TRUE,TRUE,"dayprefixed",FALSE,FALSE,FALSE,FALSE
886,"Rugby Library, BPL",3,13,20,TRUE,TRUE,"dayprefixed",FALSE,FALSE,FALSE,FALSE
886,"Rugby Library, BPL",4,10,18,TRUE,TRUE,"dayprefixed",FALSE,FALSE,FALSE,FALSE
886,"Rugby Library, BPL",5,10,20,TRUE,TRUE,"dayprefixed",FALSE,FALSE,FALSE,FALSE
886,"Rugby Library, BPL",6,10,18,TRUE,TRUE,"dayprefixed",FALSE,FALSE,FALSE,FALSE
886,"Rugby Library, BPL",7,10,17,TRUE,TRUE,"dayprefixed",FALSE,FALSE,FALSE,FALSE
887,"Walt Whitman Library, BPL",1,,,,FALSE,"blank",,,FALSE,
887,"Walt Whitman Library, BPL",2,,,,FALSE,"blank",,,FALSE,
887,"Walt Whitman Library, BPL",3,,,,FALSE,"blank",,,FALSE,
887,"Walt Whitman Library, BPL",4,,,,FALSE,"blank",,,FALSE,
887,"Walt Whitman Library, BPL",5,,,,FALSE,"blank",,,FALSE,
887,"Walt Whitman Library, BPL",6,,,,FALSE,"blank",,,FALSE,
887,"Walt Whitman Library, BPL",7,,,,FALSE,"blank",,,FALSE,
888,"Bushwick Library, BPL",1,,,FALSE,TRUE,"dayprefixed",FALSE,FALSE,FALSE,FALSE
888,"Bushwick Library, BPL",2,10,18,TRUE,TRUE,"dayprefixed",FALSE,FALSE,FALSE,FALSE
888,"Bushwick Library, BPL",3,13,20,TRUE,TRUE,"dayprefixed",FALSE,FALSE,FALSE,FALSE
888,"Bushwick Library, BPL",4,10,18,TRUE,TRUE,"dayprefixed",FALSE,FALSE,FALSE,FALSE
888,"Bushwick Library, BPL",5,10,20,TRUE,TRUE,"dayprefixed",FALSE,FALSE,FALSE,FALSE
888,"Bushwick Library, BPL",6,10,18,TRUE,TRUE,"dayprefixed",FALSE,FALSE,FALSE,FALSE
888,"Bushwick Library, BPL",7,10,17,TRUE,TRUE,"dayprefixed",FALSE,FALSE,FALSE,FALSE
889,"Arlington Library, BPL",1,,,FALSE,TRUE,"dayprefixed",FALSE,FALSE,FALSE,FALSE
889,"Arlington Library, BPL",2,10,18,TRUE,TRUE,"dayprefixed",FALSE,FALSE,FALSE,FALSE
889,"Arlington Library, BPL",3,13,20,TRUE,TRUE,"dayprefixed",FALSE,FALSE,FALSE,FALSE
889,"Arlington Library, BPL",4,10,18,TRUE,TRUE,"dayprefixed",FALSE,FALSE,FALSE,FALSE
889,"Arlington Library, BPL",5,10,20,TRUE,TRUE,"dayprefixed",FALSE,FALSE,FALSE,FALSE
889,"Arlington Library, BPL",6,10,18,TRUE,TRUE,"dayprefixed",FALSE,FALSE,FALSE,FALSE
889,"Arlington Library, BPL",7,10,17,TRUE,TRUE,"dayprefixed",FALSE,FALSE,FALSE,FALSE
890,"New Lots Library, BPL",1,13,17,TRUE,TRUE,"dayprefixed",FALSE,FALSE,FALSE,FALSE
890,"New Lots Library, BPL",2,10,18,TRUE,TRUE,"dayprefixed",FALSE,FALSE,FALSE,FALSE
890,"New Lots Library, BPL",3,13,20,TRUE,TRUE,"dayprefixed",FALSE,FALSE,FALSE,FALSE
890,"New Lots Library, BPL",4,10,18,TRUE,TRUE,"dayprefixed",FALSE,FALSE,FALSE,FALSE
890,"New Lots Library, BPL",5,10,20,TRUE,TRUE,"dayprefixed",FALSE,FALSE,FALSE,FALSE
890,"New Lots Library, BPL",6,10,18,TRUE,TRUE,"dayprefixed",FALSE,FALSE,FALSE,FALSE
890,"New Lots Library, BPL",7,10,17,TRUE,TRUE,"dayprefixed",FALSE,FALSE,FALSE,FALSE
891,"Spring Creek Library, BPL",1,,,FALSE,TRUE,"dayprefixed",FALSE,FALSE,FALSE,FALSE
891,"Spring Creek Library, BPL",2,10,18,TRUE,TRUE,"dayprefixed",FALSE,FALSE,FALSE,FALSE
891,"Spring Creek Library, BPL",3,13,20,TRUE,TRUE,"dayprefixed",FALSE,FALSE,FALSE,FALSE
891,"Spring Creek Library, BPL",4,10,18,TRUE,TRUE,"dayprefixed",FALSE,FALSE,FALSE,FALSE
891,"Spring Creek Library, BPL",5,10,20,TRUE,TRUE,"dayprefixed",FALSE,FALSE,FALSE,FALSE
891,"Spring Creek Library, BPL",6,10,18,TRUE,TRUE,"dayprefixed",FALSE,FALSE,FALSE,FALSE
891,"Spring Creek Library, BPL",7,10,17,TRUE,TRUE,"dayprefixed",FALSE,FALSE,FALSE,FALSE
892,"Bay Ridge Library, BPL",1,,,FALSE,TRUE,"dayprefixed",FALSE,FALSE,FALSE,FALSE
892,"Bay Ridge Library, BPL",2,10,18,TRUE,TRUE,"dayprefixed",FALSE,FALSE,FALSE,FALSE
892,"Bay Ridge Library, BPL",3,13,20,TRUE,TRUE,"dayprefixed",FALSE,FALSE,FALSE,FALSE
892,"Bay Ridge Library, BPL",4,10,18,TRUE,TRUE,"dayprefixed",FALSE,FALSE,FALSE,FALSE
892,"Bay Ridge Library, BPL",5,10,20,TRUE,TRUE,"dayprefixed",FALSE,FALSE,FALSE,FALSE
892,"Bay Ridge Library, BPL",6,10,18,TRUE,TRUE,"dayprefixed",FALSE,FALSE,FALSE,FALSE
892,"Bay Ridge Library, BPL",7,10,17,TRUE,TRUE,"dayprefixed",FALSE,FALSE,FALSE,FALSE
893,"Fort Hamilton Library, BPL",1,,,FALSE,TRUE,"dayprefixed",FALSE,FALSE,FALSE,FALSE
893,"Fort Hamilton Library, BPL",2,10,18,TRUE,TRUE,"dayprefixed",FALSE,FALSE,FALSE,FALSE
893,"Fort Hamilton Library, BPL",3,13,20,TRUE,TRUE,"dayprefixed",FALSE,FALSE,FALSE,FALSE
893,"Fort Hamilton Library, BPL",4,10,18,TRUE,TRUE,"dayprefixed",FALSE,FALSE,FALSE,FALSE
893,"Fort Hamilton Library, BPL",5,10,20,TRUE,TRUE,"dayprefixed",FALSE,FALSE,FALSE,FALSE
893,"Fort Hamilton Library, BPL",6,10,18,TRUE,TRUE,"dayprefixed",FALSE,FALSE,FALSE,FALSE
893,"Fort Hamilton Library, BPL",7,10,17,TRUE,TRUE,"dayprefixed",FALSE,FALSE,FALSE,FALSE
894,"Cypress Hills Library, BPL",1,,,FALSE,TRUE,"dayprefixed",FALSE,FALSE,FALSE,FALSE
894,"Cypress Hills Library, BPL",2,10,18,TRUE,TRUE,"dayprefixed",FALSE,FALSE,FALSE,FALSE
894,"Cypress Hills Library, BPL",3,13,20,TRUE,TRUE,"dayprefixed",FALSE,FALSE,FALSE,FALSE
894,"Cypress Hills Library, BPL",4,10,18,TRUE,TRUE,"dayprefixed",FALSE,FALSE,FALSE,FALSE
894,"Cypress Hills Library, BPL",5,10,20,TRUE,TRUE,"dayprefixed",FALSE,FALSE,FALSE,FALSE
894,"Cypress Hills Library, BPL",6,10,18,TRUE,TRUE,"dayprefixed",FALSE,FALSE,FALSE,FALSE
894,"Cypress Hills Library, BPL",7,10,17,TRUE,TRUE,"dayprefixed",FALSE,FALSE,FALSE,FALSE
895,"Williamsburgh Library, BPL",1,,,FALSE,TRUE,"dayprefixed",FALSE,FALSE,FALSE,FALSE
895,"Williamsburgh Library, BPL",2,10,18,TRUE,TRUE,"dayprefixed",FALSE,FALSE,FALSE,FALSE
895,"Williamsburgh Library, BPL",3,13,20,TRUE,TRUE,"dayprefixed",FALSE,FALSE,FALSE,FALSE
895,"Williamsburgh Library, BPL",4,10,18,TRUE,TRUE,"dayprefixed",FALSE,FALSE,FALSE,FALSE
895,"Williamsburgh Library, BPL",5,10,20,TRUE,TRUE,"dayprefixed",FALSE,FALSE,FALSE,FALSE
895,"Williamsburgh Library, BPL",6,10,18,TRUE,TRUE,"dayprefixed",FALSE,FALSE,FALSE,FALSE
895,"Williamsburgh Library, BPL",7,10,17,TRUE,TRUE,"dayprefixed",FALSE,FALSE,FALSE,FALSE
896,"Brownsville Library, BPL",1,,,FALSE,TRUE,"dayprefixed",FALSE,FALSE,FALSE,FALSE
896,"Brownsville Library, BPL",2,10,18,TRUE,TRUE,"dayprefixed",FALSE,FALSE,FALSE,FALSE
896,"Brownsville Library, BPL",3,13,20,TRUE,TRUE,"dayprefixed",FALSE,FALSE,FALSE,FALSE
896,"Brownsville Library, BPL",4,10,18,TRUE,TRUE,"dayprefixed",FALSE,FALSE,FALSE,FALSE
896,"Brownsville Library, BPL",5,10,20,TRUE,TRUE,"dayprefixed",FALSE,FALSE,FALSE,FALSE
896,"Brownsville Library, BPL",6,10,18,TRUE,TRUE,"dayprefixed",FALSE,FALSE,FALSE,FALSE
896,"Brownsville Library, BPL",7,10,17,TRUE,TRUE,"dayprefixed",FALSE,FALSE,FALSE,FALSE
897,"East Flatbush Library, BPL",1,,,FALSE,TRUE,"dayprefixed",FALSE,FALSE,FALSE,FALSE
897,"East Flatbush Library, BPL",2,10,18,TRUE,TRUE,"dayprefixed",FALSE,FALSE,FALSE,FALSE
897,"East Flatbush Library, BPL",3,13,20,TRUE,TRUE,"dayprefixed",FALSE,FALSE,FALSE,FALSE
897,"East Flatbush Library, BPL",4,10,18,TRUE,TRUE,"dayprefixed",FALSE,FALSE,FALSE,FALSE
897,"East Flatbush Library, BPL",5,10,20,TRUE,TRUE,"dayprefixed",FALSE,FALSE,FALSE,FALSE
897,"East Flatbush Library, BPL",6,10,18,TRUE,TRUE,"dayprefixed",FALSE,FALSE,FALSE,FALSE
897,"East Flatbush Library, BPL",7,10,17,TRUE,TRUE,"dayprefixed",FALSE,FALSE,FALSE,FALSE
898,"Stone Avenue Library, BPL",1,,,FALSE,TRUE,"dayprefixed",FALSE,FALSE,FALSE,FALSE
898,"Stone Avenue Library, BPL",2,10,18,TRUE,TRUE,"dayprefixed",FALSE,FALSE,FALSE,FALSE
898,"Stone Avenue Library, BPL",3,13,20,TRUE,TRUE,"dayprefixed",FALSE,FALSE,FALSE,FALSE
898,"Stone Avenue Library, BPL",4,10,18,TRUE,TRUE,"dayprefixed",FALSE,FALSE,FALSE,FALSE
898,"Stone Avenue Library, BPL",5,10,20,TRUE,TRUE,"dayprefixed",FALSE,FALSE,FALSE,FALSE
898,"Stone Avenue Library, BPL",6,10,18,TRUE,TRUE,"dayprefixed",FALSE,FALSE,FALSE,FALSE
898,"Stone Avenue Library, BPL",7,10,17,TRUE,TRUE,"dayprefixed",FALSE,FALSE,FALSE,FALSE
899,"Eastern Parkway Library, BPL",1,,,FALSE,TRUE,"dayprefixed",FALSE,FALSE,FALSE,FALSE
899,"Eastern Parkway Library, BPL",2,10,18,TRUE,TRUE,"dayprefixed",FALSE,FALSE,FALSE,FALSE
899,"Eastern Parkway Library, BPL",3,13,20,TRUE,TRUE,"dayprefixed",FALSE,FALSE,FALSE,FALSE
899,"Eastern Parkway Library, BPL",4,10,18,TRUE,TRUE,"dayprefixed",FALSE,FALSE,FALSE,FALSE
899,"Eastern Parkway Library, BPL",5,10,20,TRUE,TRUE,"dayprefixed",FALSE,FALSE,FALSE,FALSE
899,"Eastern Parkway Library, BPL",6,10,18,TRUE,TRUE,"dayprefixed",FALSE,FALSE,FALSE,FALSE
899,"Eastern Parkway Library, BPL",7,10,17,TRUE,TRUE,"dayprefixed",FALSE,FALSE,FALSE,FALSE
900,"Kensington Library, BPL",1,,,FALSE,TRUE,"dayprefixed",FALSE,FALSE,FALSE,FALSE
900,"Kensington Library, BPL",2,10,18,TRUE,TRUE,"dayprefixed",FALSE,FALSE,FALSE,FALSE
900,"Kensington Library, BPL",3,13,20,TRUE,TRUE,"dayprefixed",FALSE,FALSE,FALSE,FALSE
900,"Kensington Library, BPL",4,10,18,TRUE,TRUE,"dayprefixed",FALSE,FALSE,FALSE,FALSE
900,"Kensington Library, BPL",5,10,20,TRUE,TRUE,"dayprefixed",FALSE,FALSE,FALSE,FALSE
900,"Kensington Library, BPL",6,10,18,TRUE,TRUE,"dayprefixed",FALSE,FALSE,FALSE,FALSE
900,"Kensington Library, BPL",7,10,17,TRUE,TRUE,"dayprefixed",FALSE,FALSE,FALSE,FALSE
901,"Windsor Terrace Library, BPL",1,,,FALSE,TRUE,"dayprefixed",FALSE,FALSE,FALSE,FALSE
901,"Windsor Terrace Library, BPL",2,10,18,TRUE,TRUE,"dayprefixed",FALSE,FALSE,FALSE,FALSE
901,"Windsor Terrace Library, BPL",3,13,20,TRUE,TRUE,"dayprefixed",FALSE,FALSE,FALSE,FALSE
901,"Windsor Terrace Library, BPL",4,10,18,TRUE,TRUE,"dayprefixed",FALSE,FALSE,FALSE,FALSE
901,"Windsor Terrace Library, BPL",5,10,20,TRUE,TRUE,"dayprefixed",FALSE,FALSE,FALSE,FALSE
901,"Windsor Terrace Library, BPL",6,10,18,TRUE,TRUE,"dayprefixed",FALSE,FALSE,FALSE,FALSE
901,"Windsor Terrace Library, BPL",7,10,17,TRUE,TRUE,"dayprefixed",FALSE,FALSE,FALSE,FALSE
902,"New Utrecht Library, BPL",1,,,FALSE,TRUE,"dayprefixed",FALSE,FALSE,FALSE,FALSE
902,"New Utrecht Library, BPL",2,10,18,TRUE,TRUE,"dayprefixed",FALSE,FALSE,FALSE,FALSE
902,"New Utrecht Library, BPL",3,13,20,TRUE,TRUE,"dayprefixed",FALSE,FALSE,FALSE,FALSE
902,"New Utrecht Library, BPL",4,10,18,TRUE,TRUE,"dayprefixed",FALSE,FALSE,FALSE,FALSE
902,"New Utrecht Library, BPL",5,10,20,TRUE,TRUE,"dayprefixed",FALSE,FALSE,FALSE,FALSE
902,"New Utrecht Library, BPL",6,10,18,TRUE,TRUE,"dayprefixed",FALSE,FALSE,FALSE,FALSE
902,"New Utrecht Library, BPL",7,10,17,TRUE,TRUE,"dayprefixed",FALSE,FALSE,FALSE,FALSE
903,"Ulmer Park Library, BPL",1,,,FALSE,TRUE,"dayprefixed",FALSE,FALSE,FALSE,FALSE
903,"Ulmer Park Library, BPL",2,10,18,TRUE,TRUE,"dayprefixed",FALSE,FALSE,FALSE,FALSE
903,"Ulmer Park Library, BPL",3,13,20,TRUE,TRUE,"dayprefixed",FALSE,FALSE,FALSE,FALSE
903,"Ulmer Park Library, BPL",4,10,18,TRUE,TRUE,"dayprefixed",FALSE,FALSE,FALSE,FALSE
903,"Ulmer Park Library, BPL",5,10,20,TRUE,TRUE,"dayprefixed",FALSE,FALSE,FALSE,FALSE
903,"Ulmer Park Library, BPL",6,10,18,TRUE,TRUE,"dayprefixed",FALSE,FALSE,FALSE,FALSE
903,"Ulmer Park Library, BPL",7,10,17,TRUE,TRUE,"dayprefixed",FALSE,FALSE,FALSE,FALSE
904,"Park Slope Library, BPL",1,,,FALSE,TRUE,"dayprefixed",FALSE,FALSE,FALSE,FALSE
904,"Park Slope Library, BPL",2,10,18,TRUE,TRUE,"dayprefixed",FALSE,FALSE,FALSE,FALSE
904,"Park Slope Library, BPL",3,13,20,TRUE,TRUE,"dayprefixed",FALSE,FALSE,FALSE,FALSE
904,"Park Slope Library, BPL",4,10,18,TRUE,TRUE,"dayprefixed",FALSE,FALSE,FALSE,FALSE
904,"Park Slope Library, BPL",5,10,20,TRUE,TRUE,"dayprefixed",FALSE,FALSE,FALSE,FALSE
904,"Park Slope Library, BPL",6,10,18,TRUE,TRUE,"dayprefixed",FALSE,FALSE,FALSE,FALSE
904,"Park Slope Library, BPL",7,10,17,TRUE,TRUE,"dayprefixed",FALSE,FALSE,FALSE,FALSE
905,"Brower Park Library, BPL",1,,,FALSE,TRUE,"dayprefixed",FALSE,FALSE,FALSE,FALSE
905,"Brower Park Library, BPL",2,10,18,TRUE,TRUE,"dayprefixed",FALSE,FALSE,FALSE,FALSE
905,"Brower Park Library, BPL",3,13,20,TRUE,TRUE,"dayprefixed",FALSE,FALSE,FALSE,FALSE
905,"Brower Park Library, BPL",4,10,18,TRUE,TRUE,"dayprefixed",FALSE,FALSE,FALSE,FALSE
905,"Brower Park Library, BPL",5,10,20,TRUE,TRUE,"dayprefixed",FALSE,FALSE,FALSE,FALSE
905,"Brower Park Library, BPL",6,10,18,TRUE,TRUE,"dayprefixed",FALSE,FALSE,FALSE,FALSE
905,"Brower Park Library, BPL",7,10,17,TRUE,TRUE,"dayprefixed",FALSE,FALSE,FALSE,FALSE
906,"Marcy Library, BPL",1,,,FALSE,TRUE,"dayprefixed",FALSE,FALSE,FALSE,FALSE
906,"Marcy Library, BPL",2,10,18,TRUE,TRUE,"dayprefixed",FALSE,FALSE,FALSE,FALSE
906,"Marcy Library, BPL",3,13,20,TRUE,TRUE,"dayprefixed",FALSE,FALSE,FALSE,FALSE
906,"Marcy Library, BPL",4,10,18,TRUE,TRUE,"dayprefixed",FALSE,FALSE,FALSE,FALSE
906,"Marcy Library, BPL",5,10,20,TRUE,TRUE,"dayprefixed",FALSE,FALSE,FALSE,FALSE
906,"Marcy Library, BPL",6,10,18,TRUE,TRUE,"dayprefixed",FALSE,FALSE,FALSE,FALSE
906,"Marcy Library, BPL",7,10,17,TRUE,TRUE,"dayprefixed",FALSE,FALSE,FALSE,FALSE
907,"Pacific Library, BPL",1,,,FALSE,TRUE,"dayprefixed",FALSE,FALSE,FALSE,FALSE
907,"Pacific Library, BPL",2,10,18,TRUE,TRUE,"dayprefixed",FALSE,FALSE,FALSE,FALSE
907,"Pacific Library, BPL",3,13,20,TRUE,TRUE,"dayprefixed",FALSE,FALSE,FALSE,FALSE
907,"Pacific Library, BPL",4,10,18,TRUE,TRUE,"dayprefixed",FALSE,FALSE,FALSE,FALSE
907,"Pacific Library, BPL",5,10,20,TRUE,TRUE,"dayprefixed",FALSE,FALSE,FALSE,FALSE
907,"Pacific Library, BPL",6,10,18,TRUE,TRUE,"dayprefixed",FALSE,FALSE,FALSE,FALSE
907,"Pacific Library, BPL",7,10,17,TRUE,TRUE,"dayprefixed",FALSE,FALSE,FALSE,FALSE
908,"Borough Park Library, BPL",1,12,17,TRUE,TRUE,"dayprefixed",FALSE,FALSE,FALSE,FALSE
908,"Borough Park Library, BPL",2,10,18,TRUE,TRUE,"dayprefixed",FALSE,FALSE,FALSE,FALSE
908,"Borough Park Library, BPL",3,13,20,TRUE,TRUE,"dayprefixed",FALSE,FALSE,FALSE,FALSE
908,"Borough Park Library, BPL",4,10,18,TRUE,TRUE,"dayprefixed",FALSE,FALSE,FALSE,FALSE
908,"Borough Park Library, BPL",5,10,20,TRUE,TRUE,"dayprefixed",FALSE,FALSE,FALSE,FALSE
908,"Borough Park Library, BPL",6,10,18,TRUE,TRUE,"dayprefixed",FALSE,FALSE,FALSE,FALSE
908,"Borough Park Library, BPL",7,13,17,TRUE,TRUE,"dayprefixed",FALSE,FALSE,FALSE,FALSE
909,"McKinley Park Library, BPL",1,,,FALSE,TRUE,"dayprefixed",FALSE,FALSE,FALSE,FALSE
909,"McKinley Park Library, BPL",2,10,18,TRUE,TRUE,"dayprefixed",FALSE,FALSE,FALSE,FALSE
909,"McKinley Park Library, BPL",3,13,20,TRUE,TRUE,"dayprefixed",FALSE,FALSE,FALSE,FALSE
909,"McKinley Park Library, BPL",4,10,18,TRUE,TRUE,"dayprefixed",FALSE,FALSE,FALSE,FALSE
909,"McKinley Park Library, BPL",5,10,20,TRUE,TRUE,"dayprefixed",FALSE,FALSE,FALSE,FALSE
909,"McKinley Park Library, BPL",6,10,18,TRUE,TRUE,"dayprefixed",FALSE,FALSE,FALSE,FALSE
909,"McKinley Park Library, BPL",7,10,17,TRUE,TRUE,"dayprefixed",FALSE,FALSE,FALSE,FALSE
910,"Sunset Park Library, BPL",1,,,FALSE,TRUE,"dayprefixed",FALSE,FALSE,FALSE,FALSE
910,"Sunset Park Library, BPL",2,10,18,TRUE,TRUE,"dayprefixed",FALSE,FALSE,FALSE,FALSE
910,"Sunset Park Library, BPL",3,13,20,TRUE,TRUE,"dayprefixed",FALSE,FALSE,FALSE,FALSE
910,"Sunset Park Library, BPL",4,10,18,TRUE,TRUE,"dayprefixed",FALSE,FALSE,FALSE,FALSE
910,"Sunset Park Library, BPL",5,10,20,TRUE,TRUE,"dayprefixed",FALSE,FALSE,FALSE,FALSE
910,"Sunset Park Library, BPL",6,10,18,TRUE,TRUE,"dayprefixed",FALSE,FALSE,FALSE,FALSE
910,"Sunset Park Library, BPL",7,10,17,TRUE,TRUE,"dayprefixed",FALSE,FALSE,FALSE,FALSE
911,"DeKalb Library, BPL",1,,,FALSE,TRUE,"dayprefixed",FALSE,FALSE,FALSE,FALSE
911,"DeKalb Library, BPL",2,10,18,TRUE,TRUE,"dayprefixed",FALSE,FALSE,FALSE,FALSE
911,"DeKalb Library, BPL",3,13,20,TRUE,TRUE,"dayprefixed",FALSE,FALSE,FALSE,FALSE
911,"DeKalb Library, BPL",4,10,18,TRUE,TRUE,"dayprefixed",FALSE,FALSE,FALSE,FALSE
911,"DeKalb Library, BPL",5,10,20,TRUE,TRUE,"dayprefixed",FALSE,FALSE,FALSE,FALSE
911,"DeKalb Library, BPL",6,10,18,TRUE,TRUE,"dayprefixed",FALSE,FALSE,FALSE,FALSE
911,"DeKalb Library, BPL",7,10,17,TRUE,TRUE,"dayprefixed",FALSE,FALSE,FALSE,FALSE
912,"Greenpoint Library, BPL",1,13,17,TRUE,TRUE,"dayprefixed",FALSE,FALSE,FALSE,FALSE
912,"Greenpoint Library, BPL",2,10,18,TRUE,TRUE,"dayprefixed",FALSE,FALSE,FALSE,FALSE
912,"Greenpoint Library, BPL",3,13,20,TRUE,TRUE,"dayprefixed",FALSE,FALSE,FALSE,FALSE
912,"Greenpoint Library, BPL",4,10,18,TRUE,TRUE,"dayprefixed",FALSE,FALSE,FALSE,FALSE
912,"Greenpoint Library, BPL",5,10,20,TRUE,TRUE,"dayprefixed",FALSE,FALSE,FALSE,FALSE
912,"Greenpoint Library, BPL",6,10,18,TRUE,TRUE,"dayprefixed",FALSE,FALSE,FALSE,FALSE
912,"Greenpoint Library, BPL",7,10,17,TRUE,TRUE,"dayprefixed",FALSE,FALSE,FALSE,FALSE
913,"Gravesend Library, BPL",1,,,,FALSE,"blank",,,FALSE,
913,"Gravesend Library, BPL",2,,,,FALSE,"blank",,,FALSE,
913,"Gravesend Library, BPL",3,,,,FALSE,"blank",,,FALSE,
913,"Gravesend Library, BPL",4,,,,FALSE,"blank",,,FALSE,
913,"Gravesend Library, BPL",5,,,,FALSE,"blank",,,FALSE,
913,"Gravesend Library, BPL",6,,,,FALSE,"blank",,,FALSE,
913,"Gravesend Library, BPL",7,,,,FALSE,"blank",,,FALSE,
914,"Highlawn Library, BPL",1,,,FALSE,TRUE,"dayprefixed",FALSE,FALSE,FALSE,FALSE
914,"Highlawn Library, BPL",2,10,18,TRUE,TRUE,"dayprefixed",FALSE,FALSE,FALSE,FALSE
914,"Highlawn Library, BPL",3,13,20,TRUE,TRUE,"dayprefixed",FALSE,FALSE,FALSE,FALSE
914,"Highlawn Library, BPL",4,10,18,TRUE,TRUE,"dayprefixed",FALSE,FALSE,FALSE,FALSE
914,"Highlawn Library, BPL",5,10,20,TRUE,TRUE,"dayprefixed",FALSE,FALSE,FALSE,FALSE
914,"Highlawn Library, BPL",6,10,18,TRUE,TRUE,"dayprefixed",FALSE,FALSE,FALSE,FALSE
914,"Highlawn Library, BPL",7,10,17,TRUE,TRUE,"dayprefixed",FALSE,FALSE,FALSE,FALSE
915,"Coney Island Library, BPL",1,,,FALSE,TRUE,"dayprefixed",FALSE,FALSE,FALSE,FALSE
915,"Coney Island Library, BPL",2,10,18,TRUE,TRUE,"dayprefixed",FALSE,FALSE,FALSE,FALSE
915,"Coney Island Library, BPL",3,13,20,TRUE,TRUE,"dayprefixed",FALSE,FALSE,FALSE,FALSE
915,"Coney Island Library, BPL",4,10,18,TRUE,TRUE,"dayprefixed",FALSE,FALSE,FALSE,FALSE
915,"Coney Island Library, BPL",5,10,20,TRUE,TRUE,"dayprefixed",FALSE,FALSE,FALSE,FALSE
915,"Coney Island Library, BPL",6,10,18,TRUE,TRUE,"dayprefixed",FALSE,FALSE,FALSE,FALSE
915,"Coney Island Library, BPL",7,10,17,TRUE,TRUE,"dayprefixed",FALSE,FALSE,FALSE,FALSE
916,"Crown Heights Library, BPL",1,,,FALSE,TRUE,"dayprefixed",FALSE,FALSE,FALSE,FALSE
916,"Crown Heights Library, BPL",2,10,18,TRUE,TRUE,"dayprefixed",FALSE,FALSE,FALSE,FALSE
916,"Crown Heights Library, BPL",3,13,20,TRUE,TRUE,"dayprefixed",FALSE,FALSE,FALSE,FALSE
916,"Crown Heights Library, BPL",4,10,18,TRUE,TRUE,"dayprefixed",FALSE,FALSE,FALSE,FALSE
916,"Crown Heights Library, BPL",5,10,20,TRUE,TRUE,"dayprefixed",FALSE,FALSE,FALSE,FALSE
916,"Crown Heights Library, BPL",6,10,18,TRUE,TRUE,"dayprefixed",FALSE,FALSE,FALSE,FALSE
916,"Crown Heights Library, BPL",7,10,17,TRUE,TRUE,"dayprefixed",FALSE,FALSE,FALSE,FALSE
917,"Cortelyou Library, BPL",1,,,FALSE,TRUE,"dayprefixed",FALSE,FALSE,FALSE,FALSE
917,"Cortelyou Library, BPL",2,10,18,TRUE,TRUE,"dayprefixed",FALSE,FALSE,FALSE,FALSE
917,"Cortelyou Library, BPL",3,13,20,TRUE,TRUE,"dayprefixed",FALSE,FALSE,FALSE,FALSE
917,"Cortelyou Library, BPL",4,10,18,TRUE,TRUE,"dayprefixed",FALSE,FALSE,FALSE,FALSE
917,"Cortelyou Library, BPL",5,10,20,TRUE,TRUE,"dayprefixed",FALSE,FALSE,FALSE,FALSE
917,"Cortelyou Library, BPL",6,10,18,TRUE,TRUE,"dayprefixed",FALSE,FALSE,FALSE,FALSE
917,"Cortelyou Library, BPL",7,10,17,TRUE,TRUE,"dayprefixed",FALSE,FALSE,FALSE,FALSE
918,"Flatbush Library, BPL",1,,,FALSE,TRUE,"dayprefixed",FALSE,FALSE,FALSE,FALSE
918,"Flatbush Library, BPL",2,10,18,TRUE,TRUE,"dayprefixed",FALSE,FALSE,FALSE,FALSE
918,"Flatbush Library, BPL",3,13,20,TRUE,TRUE,"dayprefixed",FALSE,FALSE,FALSE,FALSE
918,"Flatbush Library, BPL",4,10,18,TRUE,TRUE,"dayprefixed",FALSE,FALSE,FALSE,FALSE
918,"Flatbush Library, BPL",5,10,20,TRUE,TRUE,"dayprefixed",FALSE,FALSE,FALSE,FALSE
918,"Flatbush Library, BPL",6,10,18,TRUE,TRUE,"dayprefixed",FALSE,FALSE,FALSE,FALSE
918,"Flatbush Library, BPL",7,10,17,TRUE,TRUE,"dayprefixed",FALSE,FALSE,FALSE,FALSE
919,"Dyker Library, BPL",1,,,FALSE,TRUE,"dayprefixed",FALSE,FALSE,FALSE,FALSE
919,"Dyker Library, BPL",2,10,18,TRUE,TRUE,"dayprefixed",FALSE,FALSE,FALSE,FALSE
919,"Dyker Library, BPL",3,13,20,TRUE,TRUE,"dayprefixed",FALSE,FALSE,FALSE,FALSE
919,"Dyker Library, BPL",4,10,18,TRUE,TRUE,"dayprefixed",FALSE,FALSE,FALSE,FALSE
919,"Dyker Library, BPL",5,10,20,TRUE,TRUE,"dayprefixed",FALSE,FALSE,FALSE,FALSE
919,"Dyker Library, BPL",6,10,18,TRUE,TRUE,"dayprefixed",FALSE,FALSE,FALSE,FALSE
919,"Dyker Library, BPL",7,10,17,TRUE,TRUE,"dayprefixed",FALSE,FALSE,FALSE,FALSE
920,"Midwood Library, BPL",1,13,17,TRUE,TRUE,"dayprefixed",FALSE,FALSE,FALSE,FALSE
920,"Midwood Library, BPL",2,10,18,TRUE,TRUE,"dayprefixed",FALSE,FALSE,FALSE,FALSE
920,"Midwood Library, BPL",3,13,20,TRUE,TRUE,"dayprefixed",FALSE,FALSE,FALSE,FALSE
920,"Midwood Library, BPL",4,10,18,TRUE,TRUE,"dayprefixed",FALSE,FALSE,FALSE,FALSE
920,"Midwood Library, BPL",5,10,20,TRUE,TRUE,"dayprefixed",FALSE,FALSE,FALSE,FALSE
920,"Midwood Library, BPL",6,10,18,TRUE,TRUE,"dayprefixed",FALSE,FALSE,FALSE,FALSE
920,"Midwood Library, BPL",7,10,17,TRUE,TRUE,"dayprefixed",FALSE,FALSE,FALSE,FALSE
921,"Gerritsen Beach Library, BPL",1,,,FALSE,TRUE,"dayprefixed",FALSE,FALSE,FALSE,FALSE
921,"Gerritsen Beach Library, BPL",2,10,18,TRUE,TRUE,"dayprefixed",FALSE,FALSE,FALSE,FALSE
921,"Gerritsen Beach Library, BPL",3,13,20,TRUE,TRUE,"dayprefixed",FALSE,FALSE,FALSE,FALSE
921,"Gerritsen Beach Library, BPL",4,10,18,TRUE,TRUE,"dayprefixed",FALSE,FALSE,FALSE,FALSE
921,"Gerritsen Beach Library, BPL",5,10,20,TRUE,TRUE,"dayprefixed",FALSE,FALSE,FALSE,FALSE
921,"Gerritsen Beach Library, BPL",6,10,18,TRUE,TRUE,"dayprefixed",FALSE,FALSE,FALSE,FALSE
921,"Gerritsen Beach Library, BPL",7,10,17,TRUE,TRUE,"dayprefixed",FALSE,FALSE,FALSE,FALSE
922,"Homecrest Library, BPL",1,,,FALSE,TRUE,"dayprefixed",FALSE,FALSE,FALSE,FALSE
922,"Homecrest Library, BPL",2,10,18,TRUE,TRUE,"dayprefixed",FALSE,FALSE,FALSE,FALSE
922,"Homecrest Library, BPL",3,13,20,TRUE,TRUE,"dayprefixed",FALSE,FALSE,FALSE,FALSE
922,"Homecrest Library, BPL",4,10,18,TRUE,TRUE,"dayprefixed",FALSE,FALSE,FALSE,FALSE
922,"Homecrest Library, BPL",5,10,20,TRUE,TRUE,"dayprefixed",FALSE,FALSE,FALSE,FALSE
922,"Homecrest Library, BPL",6,10,18,TRUE,TRUE,"dayprefixed",FALSE,FALSE,FALSE,FALSE
922,"Homecrest Library, BPL",7,10,17,TRUE,TRUE,"dayprefixed",FALSE,FALSE,FALSE,FALSE
923,"Kings Bay Library, BPL",1,,,FALSE,TRUE,"dayprefixed",FALSE,FALSE,FALSE,FALSE
923,"Kings Bay Library, BPL",2,10,18,TRUE,TRUE,"dayprefixed",FALSE,FALSE,FALSE,FALSE
923,"Kings Bay Library, BPL",3,13,20,TRUE,TRUE,"dayprefixed",FALSE,FALSE,FALSE,FALSE
923,"Kings Bay Library, BPL",4,10,18,TRUE,TRUE,"dayprefixed",FALSE,FALSE,FALSE,FALSE
923,"Kings Bay Library, BPL",5,10,20,TRUE,TRUE,"dayprefixed",FALSE,FALSE,FALSE,FALSE
923,"Kings Bay Library, BPL",6,10,18,TRUE,TRUE,"dayprefixed",FALSE,FALSE,FALSE,FALSE
923,"Kings Bay Library, BPL",7,10,17,TRUE,TRUE,"dayprefixed",FALSE,FALSE,FALSE,FALSE
924,"Kings Highway Library, BPL",1,13,17,TRUE,TRUE,"dayprefixed",FALSE,FALSE,FALSE,FALSE
924,"Kings Highway Library, BPL",2,10,18,TRUE,TRUE,"dayprefixed",FALSE,FALSE,FALSE,FALSE
924,"Kings Highway Library, BPL",3,13,20,TRUE,TRUE,"dayprefixed",FALSE,FALSE,FALSE,FALSE
924,"Kings Highway Library, BPL",4,10,18,TRUE,TRUE,"dayprefixed",FALSE,FALSE,FALSE,FALSE
924,"Kings Highway Library, BPL",5,10,20,TRUE,TRUE,"dayprefixed",FALSE,FALSE,FALSE,FALSE
924,"Kings Highway Library, BPL",6,10,18,TRUE,TRUE,"dayprefixed",FALSE,FALSE,FALSE,FALSE
924,"Kings Highway Library, BPL",7,10,17,TRUE,TRUE,"dayprefixed",FALSE,FALSE,FALSE,FALSE
925,"Auburndale Library, QPL",1,,,FALSE,TRUE,"labeled",FALSE,FALSE,FALSE,FALSE
925,"Auburndale Library, QPL",2,10,18,TRUE,TRUE,"labeled",FALSE,FALSE,FALSE,FALSE
925,"Auburndale Library, QPL",3,13,18,TRUE,TRUE,"labeled",FALSE,FALSE,FALSE,FALSE
925,"Auburndale Library, QPL",4,10,18,TRUE,TRUE,"labeled",FALSE,FALSE,FALSE,FALSE
925,"Auburndale Library, QPL",5,12,20,TRUE,TRUE,"labeled",FALSE,FALSE,FALSE,FALSE
925,"Auburndale Library, QPL",6,10,18,TRUE,TRUE,"labeled",FALSE,FALSE,FALSE,FALSE
925,"Auburndale Library, QPL",7,10,17,TRUE,TRUE,"labeled",FALSE,FALSE,FALSE,FALSE
926,"East Flushing Library, QPL",1,,,FALSE,TRUE,"labeled",FALSE,FALSE,FALSE,FALSE
926,"East Flushing Library, QPL",2,10,18,TRUE,TRUE,"labeled",FALSE,FALSE,FALSE,FALSE
926,"East Flushing Library, QPL",3,13,18,TRUE,TRUE,"labeled",FALSE,FALSE,FALSE,FALSE
926,"East Flushing Library, QPL",4,10,18,TRUE,TRUE,"labeled",FALSE,FALSE,FALSE,FALSE
926,"East Flushing Library, QPL",5,12,20,TRUE,TRUE,"labeled",FALSE,FALSE,FALSE,FALSE
926,"East Flushing Library, QPL",6,10,18,TRUE,TRUE,"labeled",FALSE,FALSE,FALSE,FALSE
926,"East Flushing Library, QPL",7,10,17,TRUE,TRUE,"labeled",FALSE,FALSE,FALSE,FALSE
927,"Macon Library, BPL",1,13,17,TRUE,TRUE,"dayprefixed",FALSE,FALSE,FALSE,FALSE
927,"Macon Library, BPL",2,10,18,TRUE,TRUE,"dayprefixed",FALSE,FALSE,FALSE,FALSE
927,"Macon Library, BPL",3,13,20,TRUE,TRUE,"dayprefixed",FALSE,FALSE,FALSE,FALSE
927,"Macon Library, BPL",4,10,18,TRUE,TRUE,"dayprefixed",FALSE,FALSE,FALSE,FALSE
927,"Macon Library, BPL",5,10,20,TRUE,TRUE,"dayprefixed",FALSE,FALSE,FALSE,FALSE
927,"Macon Library, BPL",6,10,18,TRUE,TRUE,"dayprefixed",FALSE,FALSE,FALSE,FALSE
927,"Macon Library, BPL",7,10,17,TRUE,TRUE,"dayprefixed",FALSE,FALSE,FALSE,FALSE
928,"Saratoga Library, BPL",1,,,FALSE,TRUE,"dayprefixed",FALSE,FALSE,FALSE,FALSE
928,"Saratoga Library, BPL",2,10,18,TRUE,TRUE,"dayprefixed",FALSE,FALSE,FALSE,FALSE
928,"Saratoga Library, BPL",3,13,20,TRUE,TRUE,"dayprefixed",FALSE,FALSE,FALSE,FALSE
928,"Saratoga Library, BPL",4,10,18,TRUE,TRUE,"dayprefixed",FALSE,FALSE,FALSE,FALSE
928,"Saratoga Library, BPL",5,10,20,TRUE,TRUE,"dayprefixed",FALSE,FALSE,FALSE,FALSE
928,"Saratoga Library, BPL",6,10,18,TRUE,TRUE,"dayprefixed",FALSE,FALSE,FALSE,FALSE
928,"Saratoga Library, BPL",7,10,17,TRUE,TRUE,"dayprefixed",FALSE,FALSE,FALSE,FALSE
929,"Flatlands Library, BPL",1,,,FALSE,TRUE,"dayprefixed",FALSE,FALSE,FALSE,FALSE
929,"Flatlands Library, BPL",2,10,18,TRUE,TRUE,"dayprefixed",FALSE,FALSE,FALSE,FALSE
929,"Flatlands Library, BPL",3,13,20,TRUE,TRUE,"dayprefixed",FALSE,FALSE,FALSE,FALSE
929,"Flatlands Library, BPL",4,10,18,TRUE,TRUE,"dayprefixed",FALSE,FALSE,FALSE,FALSE
929,"Flatlands Library, BPL",5,10,20,TRUE,TRUE,"dayprefixed",FALSE,FALSE,FALSE,FALSE
929,"Flatlands Library, BPL",6,10,18,TRUE,TRUE,"dayprefixed",FALSE,FALSE,FALSE,FALSE
929,"Flatlands Library, BPL",7,10,17,TRUE,TRUE,"dayprefixed",FALSE,FALSE,FALSE,FALSE
930,"Mill Basin Library, BPL",1,,,FALSE,TRUE,"dayprefixed",FALSE,FALSE,FALSE,FALSE
930,"Mill Basin Library, BPL",2,10,18,TRUE,TRUE,"dayprefixed",FALSE,FALSE,FALSE,FALSE
930,"Mill Basin Library, BPL",3,13,20,TRUE,TRUE,"dayprefixed",FALSE,FALSE,FALSE,FALSE
930,"Mill Basin Library, BPL",4,10,18,TRUE,TRUE,"dayprefixed",FALSE,FALSE,FALSE,FALSE
930,"Mill Basin Library, BPL",5,10,20,TRUE,TRUE,"dayprefixed",FALSE,FALSE,FALSE,FALSE
930,"Mill Basin Library, BPL",6,10,18,TRUE,TRUE,"dayprefixed",FALSE,FALSE,FALSE,FALSE
930,"Mill Basin Library, BPL",7,10,17,TRUE,TRUE,"dayprefixed",FALSE,FALSE,FALSE,FALSE
931,"Paerdegat Library, BPL",1,,,FALSE,TRUE,"dayprefixed",FALSE,FALSE,FALSE,FALSE
931,"Paerdegat Library, BPL",2,10,18,TRUE,TRUE,"dayprefixed",FALSE,FALSE,FALSE,FALSE
931,"Paerdegat Library, BPL",3,13,20,TRUE,TRUE,"dayprefixed",FALSE,FALSE,FALSE,FALSE
931,"Paerdegat Library, BPL",4,10,18,TRUE,TRUE,"dayprefixed",FALSE,FALSE,FALSE,FALSE
931,"Paerdegat Library, BPL",5,10,20,TRUE,TRUE,"dayprefixed",FALSE,FALSE,FALSE,FALSE
931,"Paerdegat Library, BPL",6,10,18,TRUE,TRUE,"dayprefixed",FALSE,FALSE,FALSE,FALSE
931,"Paerdegat Library, BPL",7,10,17,TRUE,TRUE,"dayprefixed",FALSE,FALSE,FALSE,FALSE
932,"Brighton Beach Library, BPL",1,,,FALSE,TRUE,"dayprefixed",FALSE,FALSE,FALSE,FALSE
932,"Brighton Beach Library, BPL",2,10,18,TRUE,TRUE,"dayprefixed",FALSE,FALSE,FALSE,FALSE
932,"Brighton Beach Library, BPL",3,13,20,TRUE,TRUE,"dayprefixed",FALSE,FALSE,FALSE,FALSE
932,"Brighton Beach Library, BPL",4,10,18,TRUE,TRUE,"dayprefixed",FALSE,FALSE,FALSE,FALSE
932,"Brighton Beach Library, BPL",5,10,20,TRUE,TRUE,"dayprefixed",FALSE,FALSE,FALSE,FALSE
932,"Brighton Beach Library, BPL",6,10,18,TRUE,TRUE,"dayprefixed",FALSE,FALSE,FALSE,FALSE
932,"Brighton Beach Library, BPL",7,10,17,TRUE,TRUE,"dayprefixed",FALSE,FALSE,FALSE,FALSE
933,"Sheepshead Bay Library, BPL",1,,,FALSE,TRUE,"dayprefixed",FALSE,FALSE,FALSE,FALSE
933,"Sheepshead Bay Library, BPL",2,10,18,TRUE,TRUE,"dayprefixed",FALSE,FALSE,FALSE,FALSE
933,"Sheepshead Bay Library, BPL",3,13,20,TRUE,TRUE,"dayprefixed",FALSE,FALSE,FALSE,FALSE
933,"Sheepshead Bay Library, BPL",4,10,18,TRUE,TRUE,"dayprefixed",FALSE,FALSE,FALSE,FALSE
933,"Sheepshead Bay Library, BPL",5,10,20,TRUE,TRUE,"dayprefixed",FALSE,FALSE,FALSE,FALSE
933,"Sheepshead Bay Library, BPL",6,10,18,TRUE,TRUE,"dayprefixed",FALSE,FALSE,FALSE,FALSE
933,"Sheepshead Bay Library, BPL",7,10,17,TRUE,TRUE,"dayprefixed",FALSE,FALSE,FALSE,FALSE
934,"Canarsie Library, BPL",1,,,FALSE,TRUE,"dayprefixed",FALSE,FALSE,FALSE,FALSE
934,"Canarsie Library, BPL",2,10,18,TRUE,TRUE,"dayprefixed",FALSE,FALSE,FALSE,FALSE
934,"Canarsie Library, BPL",3,13,20,TRUE,TRUE,"dayprefixed",FALSE,FALSE,FALSE,FALSE
934,"Canarsie Library, BPL",4,10,18,TRUE,TRUE,"dayprefixed",FALSE,FALSE,FALSE,FALSE
934,"Canarsie Library, BPL",5,10,20,TRUE,TRUE,"dayprefixed",FALSE,FALSE,FALSE,FALSE
934,"Canarsie Library, BPL",6,10,18,TRUE,TRUE,"dayprefixed",FALSE,FALSE,FALSE,FALSE
934,"Canarsie Library, BPL",7,10,17,TRUE,TRUE,"dayprefixed",FALSE,FALSE,FALSE,FALSE
935,"Jamaica Bay Library, BPL",1,,,FALSE,TRUE,"dayprefixed",FALSE,FALSE,FALSE,FALSE
935,"Jamaica Bay Library, BPL",2,10,18,TRUE,TRUE,"dayprefixed",FALSE,FALSE,FALSE,FALSE
935,"Jamaica Bay Library, BPL",3,13,20,TRUE,TRUE,"dayprefixed",FALSE,FALSE,FALSE,FALSE
935,"Jamaica Bay Library, BPL",4,10,18,TRUE,TRUE,"dayprefixed",FALSE,FALSE,FALSE,FALSE
935,"Jamaica Bay Library, BPL",5,10,20,TRUE,TRUE,"dayprefixed",FALSE,FALSE,FALSE,FALSE
935,"Jamaica Bay Library, BPL",6,10,18,TRUE,TRUE,"dayprefixed",FALSE,FALSE,FALSE,FALSE
935,"Jamaica Bay Library, BPL",7,10,17,TRUE,TRUE,"dayprefixed",FALSE,FALSE,FALSE,FALSE
936,"Washington Irving Library, BPL",1,,,,FALSE,"blank",,,FALSE,
936,"Washington Irving Library, BPL",2,,,,FALSE,"blank",,,FALSE,
936,"Washington Irving Library, BPL",3,,,,FALSE,"blank",,,FALSE,
936,"Washington Irving Library, BPL",4,,,,FALSE,"blank",,,FALSE,
936,"Washington Irving Library, BPL",5,,,,FALSE,"blank",,,FALSE,
936,"Washington Irving Library, BPL",6,,,,FALSE,"blank",,,FALSE,
936,"Washington Irving Library, BPL",7,,,,FALSE,"blank",,,FALSE,
937,"Brooklyn Central Library, BPL",1,13,17,TRUE,TRUE,"dayprefixed",FALSE,FALSE,FALSE,FALSE
937,"Brooklyn Central Library, BPL",2,9,20,TRUE,TRUE,"dayprefixed",FALSE,FALSE,FALSE,FALSE
937,"Brooklyn Central Library, BPL",3,9,20,TRUE,TRUE,"dayprefixed",FALSE,FALSE,FALSE,FALSE
937,"Brooklyn Central Library, BPL",4,9,20,TRUE,TRUE,"dayprefixed",FALSE,FALSE,FALSE,FALSE
937,"Brooklyn Central Library, BPL",5,9,20,TRUE,TRUE,"dayprefixed",FALSE,FALSE,FALSE,FALSE
937,"Brooklyn Central Library, BPL",6,9,18,TRUE,TRUE,"dayprefixed",FALSE,FALSE,FALSE,FALSE
937,"Brooklyn Central Library, BPL",7,9,18,TRUE,TRUE,"dayprefixed",FALSE,FALSE,FALSE,FALSE
938,"Clinton Hill Library, BPL",1,,,FALSE,TRUE,"dayprefixed",FALSE,FALSE,FALSE,FALSE
938,"Clinton Hill Library, BPL",2,10,18,TRUE,TRUE,"dayprefixed",FALSE,FALSE,FALSE,FALSE
938,"Clinton Hill Library, BPL",3,13,20,TRUE,TRUE,"dayprefixed",FALSE,FALSE,FALSE,FALSE
938,"Clinton Hill Library, BPL",4,10,18,TRUE,TRUE,"dayprefixed",FALSE,FALSE,FALSE,FALSE
938,"Clinton Hill Library, BPL",5,10,20,TRUE,TRUE,"dayprefixed",FALSE,FALSE,FALSE,FALSE
938,"Clinton Hill Library, BPL",6,10,18,TRUE,TRUE,"dayprefixed",FALSE,FALSE,FALSE,FALSE
938,"Clinton Hill Library, BPL",7,10,17,TRUE,TRUE,"dayprefixed",FALSE,FALSE,FALSE,FALSE
939,"McGoldrick Library, QPL",1,,,FALSE,TRUE,"labeled",FALSE,FALSE,FALSE,FALSE
939,"McGoldrick Library, QPL",2,10,18,TRUE,TRUE,"labeled",FALSE,FALSE,FALSE,FALSE
939,"McGoldrick Library, QPL",3,13,18,TRUE,TRUE,"labeled",FALSE,FALSE,FALSE,FALSE
939,"McGoldrick Library, QPL",4,10,18,TRUE,TRUE,"labeled",FALSE,FALSE,FALSE,FALSE
939,"McGoldrick Library, QPL",5,12,20,TRUE,TRUE,"labeled",FALSE,FALSE,FALSE,FALSE
939,"McGoldrick Library, QPL",6,10,18,TRUE,TRUE,"labeled",FALSE,FALSE,FALSE,FALSE
939,"McGoldrick Library, QPL",7,10,17,TRUE,TRUE,"labeled",FALSE,FALSE,FALSE,FALSE
940,"Mitchell-Linden Library, QPL",1,,,FALSE,TRUE,"labeled",FALSE,FALSE,FALSE,FALSE
940,"Mitchell-Linden Library, QPL",2,10,18,TRUE,TRUE,"labeled",FALSE,FALSE,FALSE,FALSE
940,"Mitchell-Linden Library, QPL",3,13,18,TRUE,TRUE,"labeled",FALSE,FALSE,FALSE,FALSE
940,"Mitchell-Linden Library, QPL",4,10,18,TRUE,TRUE,"labeled",FALSE,FALSE,FALSE,FALSE
940,"Mitchell-Linden Library, QPL",5,12,20,TRUE,TRUE,"labeled",FALSE,FALSE,FALSE,FALSE
940,"Mitchell-Linden Library, QPL",6,10,18,TRUE,TRUE,"labeled",FALSE,FALSE,FALSE,FALSE
940,"Mitchell-Linden Library, QPL",7,10,17,TRUE,TRUE,"labeled",FALSE,FALSE,FALSE,FALSE
941,"Flushing Library, QPL",1,,,FALSE,TRUE,"labeled",FALSE,FALSE,FALSE,FALSE
941,"Flushing Library, QPL",2,10,20,TRUE,TRUE,"labeled",FALSE,FALSE,FALSE,FALSE
941,"Flushing Library, QPL",3,10,20,TRUE,TRUE,"labeled",FALSE,FALSE,FALSE,FALSE
941,"Flushing Library, QPL",4,10,20,TRUE,TRUE,"labeled",FALSE,FALSE,FALSE,FALSE
941,"Flushing Library, QPL",5,10,20,TRUE,TRUE,"labeled",FALSE,FALSE,FALSE,FALSE
941,"Flushing Library, QPL",6,10,18,TRUE,TRUE,"labeled",FALSE,FALSE,FALSE,FALSE
941,"Flushing Library, QPL",7,10,17,TRUE,TRUE,"labeled",FALSE,FALSE,FALSE,FALSE
942,"Poppenhusen Library, QPL",1,,,FALSE,TRUE,"labeled",FALSE,FALSE,FALSE,FALSE
942,"Poppenhusen Library, QPL",2,10,18,TRUE,TRUE,"labeled",FALSE,FALSE,FALSE,FALSE
942,"Poppenhusen Library, QPL",3,13,18,TRUE,TRUE,"labeled",FALSE,FALSE,FALSE,FALSE
942,"Poppenhusen Library, QPL",4,10,18,TRUE,TRUE,"labeled",FALSE,FALSE,FALSE,FALSE
942,"Poppenhusen Library, QPL",5,12,20,TRUE,TRUE,"labeled",FALSE,FALSE,FALSE,FALSE
942,"Poppenhusen Library, QPL",6,10,18,TRUE,TRUE,"labeled",FALSE,FALSE,FALSE,FALSE
942,"Poppenhusen Library, QPL",7,10,17,TRUE,TRUE,"labeled",FALSE,FALSE,FALSE,FALSE
943,"Whitestone Library, QPL",1,,,FALSE,TRUE,"labeled",FALSE,FALSE,FALSE,FALSE
943,"Whitestone Library, QPL",2,10,18,TRUE,TRUE,"labeled",FALSE,FALSE,FALSE,FALSE
943,"Whitestone Library, QPL",3,13,18,TRUE,TRUE,"labeled",FALSE,FALSE,FALSE,FALSE
943,"Whitestone Library, QPL",4,10,18,TRUE,TRUE,"labeled",FALSE,FALSE,FALSE,FALSE
943,"Whitestone Library, QPL",5,12,20,TRUE,TRUE,"labeled",FALSE,FALSE,FALSE,FALSE
943,"Whitestone Library, QPL",6,10,18,TRUE,TRUE,"labeled",FALSE,FALSE,FALSE,FALSE
943,"Whitestone Library, QPL",7,10,17,TRUE,TRUE,"labeled",FALSE,FALSE,FALSE,FALSE
944,"Jackson Heights Library, QPL",1,,,FALSE,TRUE,"labeled",FALSE,FALSE,FALSE,FALSE
944,"Jackson Heights Library, QPL",2,10,18,TRUE,TRUE,"labeled",FALSE,FALSE,FALSE,FALSE
944,"Jackson Heights Library, QPL",3,13,18,TRUE,TRUE,"labeled",FALSE,FALSE,FALSE,FALSE
944,"Jackson Heights Library, QPL",4,10,18,TRUE,TRUE,"labeled",FALSE,FALSE,FALSE,FALSE
944,"Jackson Heights Library, QPL",5,12,20,TRUE,TRUE,"labeled",FALSE,FALSE,FALSE,FALSE
944,"Jackson Heights Library, QPL",6,10,18,TRUE,TRUE,"labeled",FALSE,FALSE,FALSE,FALSE
944,"Jackson Heights Library, QPL",7,10,17,TRUE,TRUE,"labeled",FALSE,FALSE,FALSE,FALSE
945,"Bayside Library, QPL",1,,,FALSE,TRUE,"labeled",FALSE,FALSE,FALSE,FALSE
945,"Bayside Library, QPL",2,10,18,TRUE,TRUE,"labeled",FALSE,FALSE,FALSE,FALSE
945,"Bayside Library, QPL",3,13,18,TRUE,TRUE,"labeled",FALSE,FALSE,FALSE,FALSE
945,"Bayside Library, QPL",4,10,18,TRUE,TRUE,"labeled",FALSE,FALSE,FALSE,FALSE
945,"Bayside Library, QPL",5,12,20,TRUE,TRUE,"labeled",FALSE,FALSE,FALSE,FALSE
945,"Bayside Library, QPL",6,10,18,TRUE,TRUE,"labeled",FALSE,FALSE,FALSE,FALSE
945,"Bayside Library, QPL",7,10,17,TRUE,TRUE,"labeled",FALSE,FALSE,FALSE,FALSE
946,"North Hills Library, QPL",1,,,FALSE,TRUE,"labeled",FALSE,FALSE,FALSE,FALSE
946,"North Hills Library, QPL",2,10,18,TRUE,TRUE,"labeled",FALSE,FALSE,FALSE,FALSE
946,"North Hills Library, QPL",3,13,18,TRUE,TRUE,"labeled",FALSE,FALSE,FALSE,FALSE
946,"North Hills Library, QPL",4,10,18,TRUE,TRUE,"labeled",FALSE,FALSE,FALSE,FALSE
946,"North Hills Library, QPL",5,12,20,TRUE,TRUE,"labeled",FALSE,FALSE,FALSE,FALSE
946,"North Hills Library, QPL",6,10,18,TRUE,TRUE,"labeled",FALSE,FALSE,FALSE,FALSE
946,"North Hills Library, QPL",7,10,17,TRUE,TRUE,"labeled",FALSE,FALSE,FALSE,FALSE
947,"Douglaston-Little Neck Library, QPL",1,,,FALSE,TRUE,"labeled",FALSE,FALSE,FALSE,FALSE
947,"Douglaston-Little Neck Library, QPL",2,10,18,TRUE,TRUE,"labeled",FALSE,FALSE,FALSE,FALSE
947,"Douglaston-Little Neck Library, QPL",3,13,18,TRUE,TRUE,"labeled",FALSE,FALSE,FALSE,FALSE
947,"Douglaston-Little Neck Library, QPL",4,10,18,TRUE,TRUE,"labeled",FALSE,FALSE,FALSE,FALSE
947,"Douglaston-Little Neck Library, QPL",5,12,20,TRUE,TRUE,"labeled",FALSE,FALSE,FALSE,FALSE
947,"Douglaston-Little Neck Library, QPL",6,10,18,TRUE,TRUE,"labeled",FALSE,FALSE,FALSE,FALSE
947,"Douglaston-Little Neck Library, QPL",7,10,17,TRUE,TRUE,"labeled",FALSE,FALSE,FALSE,FALSE
948,"Windsor Park Library, QPL",1,,,FALSE,TRUE,"labeled",FALSE,FALSE,FALSE,FALSE
948,"Windsor Park Library, QPL",2,10,18,TRUE,TRUE,"labeled",FALSE,FALSE,FALSE,FALSE
948,"Windsor Park Library, QPL",3,13,18,TRUE,TRUE,"labeled",FALSE,FALSE,FALSE,FALSE
948,"Windsor Park Library, QPL",4,10,18,TRUE,TRUE,"labeled",FALSE,FALSE,FALSE,FALSE
948,"Windsor Park Library, QPL",5,12,20,TRUE,TRUE,"labeled",FALSE,FALSE,FALSE,FALSE
948,"Windsor Park Library, QPL",6,10,18,TRUE,TRUE,"labeled",FALSE,FALSE,FALSE,FALSE
948,"Windsor Park Library, QPL",7,10,17,TRUE,TRUE,"labeled",FALSE,FALSE,FALSE,FALSE
949,"Elmhurst Library, QPL",1,,,FALSE,TRUE,"labeled",FALSE,FALSE,FALSE,FALSE
949,"Elmhurst Library, QPL",2,10,18,TRUE,TRUE,"labeled",FALSE,FALSE,FALSE,FALSE
949,"Elmhurst Library, QPL",3,13,18,TRUE,TRUE,"labeled",FALSE,FALSE,FALSE,FALSE
949,"Elmhurst Library, QPL",4,10,18,TRUE,TRUE,"labeled",FALSE,FALSE,FALSE,FALSE
949,"Elmhurst Library, QPL",5,12,20,TRUE,TRUE,"labeled",FALSE,FALSE,FALSE,FALSE
949,"Elmhurst Library, QPL",6,10,18,TRUE,TRUE,"labeled",FALSE,FALSE,FALSE,FALSE
949,"Elmhurst Library, QPL",7,10,17,TRUE,TRUE,"labeled",FALSE,FALSE,FALSE,FALSE
950,"Fresh Meadows Library, QPL",1,,,FALSE,TRUE,"labeled",FALSE,FALSE,FALSE,FALSE
950,"Fresh Meadows Library, QPL",2,10,18,TRUE,TRUE,"labeled",FALSE,FALSE,FALSE,FALSE
950,"Fresh Meadows Library, QPL",3,13,18,TRUE,TRUE,"labeled",FALSE,FALSE,FALSE,FALSE
950,"Fresh Meadows Library, QPL",4,10,18,TRUE,TRUE,"labeled",FALSE,FALSE,FALSE,FALSE
950,"Fresh Meadows Library, QPL",5,12,20,TRUE,TRUE,"labeled",FALSE,FALSE,FALSE,FALSE
950,"Fresh Meadows Library, QPL",6,10,18,TRUE,TRUE,"labeled",FALSE,FALSE,FALSE,FALSE
950,"Fresh Meadows Library, QPL",7,10,17,TRUE,TRUE,"labeled",FALSE,FALSE,FALSE,FALSE
951,"Pomonok Library, QPL",1,,,FALSE,TRUE,"labeled",FALSE,FALSE,FALSE,FALSE
951,"Pomonok Library, QPL",2,10,18,TRUE,TRUE,"labeled",FALSE,FALSE,FALSE,FALSE
951,"Pomonok Library, QPL",3,13,18,TRUE,TRUE,"labeled",FALSE,FALSE,FALSE,FALSE
951,"Pomonok Library, QPL",4,10,18,TRUE,TRUE,"labeled",FALSE,FALSE,FALSE,FALSE
951,"Pomonok Library, QPL",5,12,20,TRUE,TRUE,"labeled",FALSE,FALSE,FALSE,FALSE
951,"Pomonok Library, QPL",6,10,18,TRUE,TRUE,"labeled",FALSE,FALSE,FALSE,FALSE
951,"Pomonok Library, QPL",7,10,17,TRUE,TRUE,"labeled",FALSE,FALSE,FALSE,FALSE
952,"Kew Gardens Hills Library, QPL",1,12,17,TRUE,TRUE,"labeled",FALSE,FALSE,FALSE,FALSE
952,"Kew Gardens Hills Library, QPL",2,10,18,TRUE,TRUE,"labeled",FALSE,FALSE,FALSE,FALSE
952,"Kew Gardens Hills Library, QPL",3,13,18,TRUE,TRUE,"labeled",FALSE,FALSE,FALSE,FALSE
952,"Kew Gardens Hills Library, QPL",4,10,18,TRUE,TRUE,"labeled",FALSE,FALSE,FALSE,FALSE
952,"Kew Gardens Hills Library, QPL",5,12,20,TRUE,TRUE,"labeled",FALSE,FALSE,FALSE,FALSE
952,"Kew Gardens Hills Library, QPL",6,10,18,TRUE,TRUE,"labeled",FALSE,FALSE,FALSE,FALSE
952,"Kew Gardens Hills Library, QPL",7,,,FALSE,TRUE,"labeled",FALSE,FALSE,FALSE,FALSE
953,"Rego Park Library, QPL",1,,,FALSE,TRUE,"labeled",FALSE,FALSE,FALSE,FALSE
953,"Rego Park Library, QPL",2,10,18,TRUE,TRUE,"labeled",FALSE,FALSE,FALSE,FALSE
953,"Rego Park Library, QPL",3,13,18,TRUE,TRUE,"labeled",FALSE,FALSE,FALSE,FALSE
953,"Rego Park Library, QPL",4,10,18,TRUE,TRUE,"labeled",FALSE,FALSE,FALSE,FALSE
953,"Rego Park Library, QPL",5,12,20,TRUE,TRUE,"labeled",FALSE,FALSE,FALSE,FALSE
953,"Rego Park Library, QPL",6,10,18,TRUE,TRUE,"labeled",FALSE,FALSE,FALSE,FALSE
953,"Rego Park Library, QPL",7,10,17,TRUE,TRUE,"labeled",FALSE,FALSE,FALSE,FALSE
954,"Corona Library, QPL",1,,,FALSE,TRUE,"labeled",FALSE,FALSE,FALSE,FALSE
954,"Corona Library, QPL",2,10,18,TRUE,TRUE,"labeled",FALSE,FALSE,FALSE,FALSE
954,"Corona Library, QPL",3,13,18,TRUE,TRUE,"labeled",FALSE,FALSE,FALSE,FALSE
954,"Corona Library, QPL",4,10,18,TRUE,TRUE,"labeled",FALSE,FALSE,FALSE,FALSE
954,"Corona Library, QPL",5,12,20,TRUE,TRUE,"labeled",FALSE,FALSE,FALSE,FALSE
954,"Corona Library, QPL",6,10,18,TRUE,TRUE,"labeled",FALSE,FALSE,FALSE,FALSE
954,"Corona Library, QPL",7,10,17,TRUE,TRUE,"labeled",FALSE,FALSE,FALSE,FALSE
955,"Ozone Park Library, QPL",1,,,FALSE,TRUE,"labeled",FALSE,FALSE,FALSE,FALSE
955,"Ozone Park Library, QPL",2,10,18,TRUE,TRUE,"labeled",FALSE,FALSE,FALSE,FALSE
955,"Ozone Park Library, QPL",3,13,18,TRUE,TRUE,"labeled",FALSE,FALSE,FALSE,FALSE
955,"Ozone Park Library, QPL",4,10,18,TRUE,TRUE,"labeled",FALSE,FALSE,FALSE,FALSE
955,"Ozone Park Library, QPL",5,12,20,TRUE,TRUE,"labeled",FALSE,FALSE,FALSE,FALSE
955,"Ozone Park Library, QPL",6,10,18,TRUE,TRUE,"labeled",FALSE,FALSE,FALSE,FALSE
955,"Ozone Park Library, QPL",7,10,17,TRUE,TRUE,"labeled",FALSE,FALSE,FALSE,FALSE
956,"East Elmhurst Library, QPL",1,,,FALSE,TRUE,"labeled",FALSE,FALSE,FALSE,FALSE
956,"East Elmhurst Library, QPL",2,10,18,TRUE,TRUE,"labeled",FALSE,FALSE,FALSE,FALSE
956,"East Elmhurst Library, QPL",3,13,18,TRUE,TRUE,"labeled",FALSE,FALSE,FALSE,FALSE
956,"East Elmhurst Library, QPL",4,10,18,TRUE,TRUE,"labeled",FALSE,FALSE,FALSE,FALSE
956,"East Elmhurst Library, QPL",5,12,20,TRUE,TRUE,"labeled",FALSE,FALSE,FALSE,FALSE
956,"East Elmhurst Library, QPL",6,10,18,TRUE,TRUE,"labeled",FALSE,FALSE,FALSE,FALSE
956,"East Elmhurst Library, QPL",7,10,17,TRUE,TRUE,"labeled",FALSE,FALSE,FALSE,FALSE
957,"Langston Hughes Library, QPL",1,,,FALSE,TRUE,"labeled",FALSE,FALSE,FALSE,FALSE
957,"Langston Hughes Library, QPL",2,10,18,TRUE,TRUE,"labeled",FALSE,FALSE,FALSE,FALSE
957,"Langston Hughes Library, QPL",3,13,18,TRUE,TRUE,"labeled",FALSE,FALSE,FALSE,FALSE
957,"Langston Hughes Library, QPL",4,10,18,TRUE,TRUE,"labeled",FALSE,FALSE,FALSE,FALSE
957,"Langston Hughes Library, QPL",5,12,20,TRUE,TRUE,"labeled",FALSE,FALSE,FALSE,FALSE
957,"Langston Hughes Library, QPL",6,10,18,TRUE,TRUE,"labeled",FALSE,FALSE,FALSE,FALSE
957,"Langston Hughes Library, QPL",7,10,17,TRUE,TRUE,"labeled",FALSE,FALSE,FALSE,FALSE
958,"Forest Hills Library, QPL",1,,,FALSE,TRUE,"labeled",FALSE,FALSE,FALSE,FALSE
958,"Forest Hills Library, QPL",2,10,18,TRUE,TRUE,"labeled",FALSE,FALSE,FALSE,FALSE
958,"Forest Hills Library, QPL",3,13,18,TRUE,TRUE,"labeled",FALSE,FALSE,FALSE,FALSE
958,"Forest Hills Library, QPL",4,10,18,TRUE,TRUE,"labeled",FALSE,FALSE,FALSE,FALSE
958,"Forest Hills Library, QPL",5,12,20,TRUE,TRUE,"labeled",FALSE,FALSE,FALSE,FALSE
958,"Forest Hills Library, QPL",6,10,18,TRUE,TRUE,"labeled",FALSE,FALSE,FALSE,FALSE
958,"Forest Hills Library, QPL",7,10,17,TRUE,TRUE,"labeled",FALSE,FALSE,FALSE,FALSE
959,"North Forest Park Library, QPL",1,,,FALSE,TRUE,"labeled",FALSE,FALSE,FALSE,FALSE
959,"North Forest Park Library, QPL",2,10,18,TRUE,TRUE,"labeled",FALSE,FALSE,FALSE,FALSE
959,"North Forest Park Library, QPL",3,13,18,TRUE,TRUE,"labeled",FALSE,FALSE,FALSE,FALSE
959,"North Forest Park Library, QPL",4,10,18,TRUE,TRUE,"labeled",FALSE,FALSE,FALSE,FALSE
959,"North Forest Park Library, QPL",5,12,20,TRUE,TRUE,"labeled",FALSE,FALSE,FALSE,FALSE
959,"North Forest Park Library, QPL",6,10,18,TRUE,TRUE,"labeled",FALSE,FALSE,FALSE,FALSE
959,"North Forest Park Library, QPL",7,10,17,TRUE,TRUE,"labeled",FALSE,FALSE,FALSE,FALSE
960,"Middle Village Library, QPL",1,,,FALSE,TRUE,"labeled",FALSE,FALSE,FALSE,FALSE
960,"Middle Village Library, QPL",2,10,18,TRUE,TRUE,"labeled",FALSE,FALSE,FALSE,FALSE
960,"Middle Village Library, QPL",3,13,18,TRUE,TRUE,"labeled",FALSE,FALSE,FALSE,FALSE
960,"Middle Village Library, QPL",4,10,18,TRUE,TRUE,"labeled",FALSE,FALSE,FALSE,FALSE
960,"Middle Village Library, QPL",5,12,20,TRUE,TRUE,"labeled",FALSE,FALSE,FALSE,FALSE
960,"Middle Village Library, QPL",6,10,18,TRUE,TRUE,"labeled",FALSE,FALSE,FALSE,FALSE
960,"Middle Village Library, QPL",7,10,17,TRUE,TRUE,"labeled",FALSE,FALSE,FALSE,FALSE
961,"Sunnyside Library, QPL",1,,,FALSE,TRUE,"labeled",FALSE,FALSE,FALSE,FALSE
961,"Sunnyside Library, QPL",2,10,18,TRUE,TRUE,"labeled",FALSE,FALSE,FALSE,FALSE
961,"Sunnyside Library, QPL",3,13,18,TRUE,TRUE,"labeled",FALSE,FALSE,FALSE,FALSE
961,"Sunnyside Library, QPL",4,10,18,TRUE,TRUE,"labeled",FALSE,FALSE,FALSE,FALSE
961,"Sunnyside Library, QPL",5,12,20,TRUE,TRUE,"labeled",FALSE,FALSE,FALSE,FALSE
961,"Sunnyside Library, QPL",6,10,18,TRUE,TRUE,"labeled",FALSE,FALSE,FALSE,FALSE
961,"Sunnyside Library, QPL",7,10,17,TRUE,TRUE,"labeled",FALSE,FALSE,FALSE,FALSE
962,"Woodside Library, QPL",1,,,FALSE,TRUE,"labeled",FALSE,FALSE,FALSE,FALSE
962,"Woodside Library, QPL",2,10,18,TRUE,TRUE,"labeled",FALSE,FALSE,FALSE,FALSE
962,"Woodside Library, QPL",3,13,18,TRUE,TRUE,"labeled",FALSE,FALSE,FALSE,FALSE
962,"Woodside Library, QPL",4,10,18,TRUE,TRUE,"labeled",FALSE,FALSE,FALSE,FALSE
962,"Woodside Library, QPL",5,12,20,TRUE,TRUE,"labeled",FALSE,FALSE,FALSE,FALSE
962,"Woodside Library, QPL",6,10,18,TRUE,TRUE,"labeled",FALSE,FALSE,FALSE,FALSE
962,"Woodside Library, QPL",7,10,17,TRUE,TRUE,"labeled",FALSE,FALSE,FALSE,FALSE
963,"Maspeth Library, QPL",1,,,FALSE,TRUE,"labeled",FALSE,FALSE,FALSE,FALSE
963,"Maspeth Library, QPL",2,10,18,TRUE,TRUE,"labeled",FALSE,FALSE,FALSE,FALSE
963,"Maspeth Library, QPL",3,13,18,TRUE,TRUE,"labeled",FALSE,FALSE,FALSE,FALSE
963,"Maspeth Library, QPL",4,10,18,TRUE,TRUE,"labeled",FALSE,FALSE,FALSE,FALSE
963,"Maspeth Library, QPL",5,12,20,TRUE,TRUE,"labeled",FALSE,FALSE,FALSE,FALSE
963,"Maspeth Library, QPL",6,10,18,TRUE,TRUE,"labeled",FALSE,FALSE,FALSE,FALSE
963,"Maspeth Library, QPL",7,10,17,TRUE,TRUE,"labeled",FALSE,FALSE,FALSE,FALSE
964,"Woodhaven Library, QPL",1,,,FALSE,TRUE,"labeled",FALSE,FALSE,FALSE,FALSE
964,"Woodhaven Library, QPL",2,10,18,TRUE,TRUE,"labeled",FALSE,FALSE,FALSE,FALSE
964,"Woodhaven Library, QPL",3,13,18,TRUE,TRUE,"labeled",FALSE,FALSE,FALSE,FALSE
964,"Woodhaven Library, QPL",4,10,18,TRUE,TRUE,"labeled",FALSE,FALSE,FALSE,FALSE
964,"Woodhaven Library, QPL",5,12,20,TRUE,TRUE,"labeled",FALSE,FALSE,FALSE,FALSE
964,"Woodhaven Library, QPL",6,10,18,TRUE,TRUE,"labeled",FALSE,FALSE,FALSE,FALSE
964,"Woodhaven Library, QPL",7,10,17,TRUE,TRUE,"labeled",FALSE,FALSE,FALSE,FALSE
965,"Rosedale Library, QPL",1,,,FALSE,TRUE,"labeled",FALSE,FALSE,FALSE,FALSE
965,"Rosedale Library, QPL",2,10,18,TRUE,TRUE,"labeled",FALSE,FALSE,FALSE,FALSE
965,"Rosedale Library, QPL",3,13,18,TRUE,TRUE,"labeled",FALSE,FALSE,FALSE,FALSE
965,"Rosedale Library, QPL",4,10,18,TRUE,TRUE,"labeled",FALSE,FALSE,FALSE,FALSE
965,"Rosedale Library, QPL",5,12,20,TRUE,TRUE,"labeled",FALSE,FALSE,FALSE,FALSE
965,"Rosedale Library, QPL",6,10,18,TRUE,TRUE,"labeled",FALSE,FALSE,FALSE,FALSE
965,"Rosedale Library, QPL",7,10,17,TRUE,TRUE,"labeled",FALSE,FALSE,FALSE,FALSE
966,"Glendale Library, QPL",1,,,FALSE,TRUE,"labeled",FALSE,FALSE,FALSE,FALSE
966,"Glendale Library, QPL",2,10,18,TRUE,TRUE,"labeled",FALSE,FALSE,FALSE,FALSE
966,"Glendale Library, QPL",3,13,18,TRUE,TRUE,"labeled",FALSE,FALSE,FALSE,FALSE
966,"Glendale Library, QPL",4,10,18,TRUE,TRUE,"labeled",FALSE,FALSE,FALSE,FALSE
966,"Glendale Library, QPL",5,12,20,TRUE,TRUE,"labeled",FALSE,FALSE,FALSE,FALSE
966,"Glendale Library, QPL",6,10,18,TRUE,TRUE,"labeled",FALSE,FALSE,FALSE,FALSE
966,"Glendale Library, QPL",7,10,17,TRUE,TRUE,"labeled",FALSE,FALSE,FALSE,FALSE
967,"Ridgewood Library, QPL",1,,,FALSE,TRUE,"labeled",FALSE,FALSE,FALSE,FALSE
967,"Ridgewood Library, QPL",2,10,18,TRUE,TRUE,"labeled",FALSE,FALSE,FALSE,FALSE
967,"Ridgewood Library, QPL",3,13,18,TRUE,TRUE,"labeled",FALSE,FALSE,FALSE,FALSE
967,"Ridgewood Library, QPL",4,10,18,TRUE,TRUE,"labeled",FALSE,FALSE,FALSE,FALSE
967,"Ridgewood Library, QPL",5,12,20,TRUE,TRUE,"labeled",FALSE,FALSE,FALSE,FALSE
967,"Ridgewood Library, QPL",6,10,18,TRUE,TRUE,"labeled",FALSE,FALSE,FALSE,FALSE
967,"Ridgewood Library, QPL",7,10,17,TRUE,TRUE,"labeled",FALSE,FALSE,FALSE,FALSE
968,"Cambria Heights Library, QPL",1,,,FALSE,TRUE,"labeled",FALSE,FALSE,FALSE,FALSE
968,"Cambria Heights Library, QPL",2,10,18,TRUE,TRUE,"labeled",FALSE,FALSE,FALSE,FALSE
968,"Cambria Heights Library, QPL",3,13,18,TRUE,TRUE,"labeled",FALSE,FALSE,FALSE,FALSE
968,"Cambria Heights Library, QPL",4,10,18,TRUE,TRUE,"labeled",FALSE,FALSE,FALSE,FALSE
968,"Cambria Heights Library, QPL",5,12,20,TRUE,TRUE,"labeled",FALSE,FALSE,FALSE,FALSE
968,"Cambria Heights Library, QPL",6,10,18,TRUE,TRUE,"labeled",FALSE,FALSE,FALSE,FALSE
968,"Cambria Heights Library, QPL",7,10,17,TRUE,TRUE,"labeled",FALSE,FALSE,FALSE,FALSE
969,"South Hollis Library, QPL",1,,,FALSE,TRUE,"labeled",FALSE,FALSE,FALSE,FALSE
969,"South Hollis Library, QPL",2,10,18,TRUE,TRUE,"labeled",FALSE,FALSE,FALSE,FALSE
969,"South Hollis Library, QPL",3,13,18,TRUE,TRUE,"labeled",FALSE,FALSE,FALSE,FALSE
969,"South Hollis Library, QPL",4,10,18,TRUE,TRUE,"labeled",FALSE,FALSE,FALSE,FALSE
969,"South Hollis Library, QPL",5,12,20,TRUE,TRUE,"labeled",FALSE,FALSE,FALSE,FALSE
969,"South Hollis Library, QPL",6,10,18,TRUE,TRUE,"labeled",FALSE,FALSE,FALSE,FALSE
969,"South Hollis Library, QPL",7,10,17,TRUE,TRUE,"labeled",FALSE,FALSE,FALSE,FALSE
970,"St. Albans Library, QPL",1,,,FALSE,TRUE,"labeled",FALSE,FALSE,FALSE,FALSE
970,"St. Albans Library, QPL",2,10,18,TRUE,TRUE,"labeled",FALSE,FALSE,FALSE,FALSE
970,"St. Albans Library, QPL",3,13,18,TRUE,TRUE,"labeled",FALSE,FALSE,FALSE,FALSE
970,"St. Albans Library, QPL",4,10,18,TRUE,TRUE,"labeled",FALSE,FALSE,FALSE,FALSE
970,"St. Albans Library, QPL",5,12,20,TRUE,TRUE,"labeled",FALSE,FALSE,FALSE,FALSE
970,"St. Albans Library, QPL",6,10,18,TRUE,TRUE,"labeled",FALSE,FALSE,FALSE,FALSE
970,"St. Albans Library, QPL",7,10,17,TRUE,TRUE,"labeled",FALSE,FALSE,FALSE,FALSE
971,"Howard Beach Library, QPL",1,,,FALSE,TRUE,"labeled",FALSE,FALSE,FALSE,FALSE
971,"Howard Beach Library, QPL",2,10,18,TRUE,TRUE,"labeled",FALSE,FALSE,FALSE,FALSE
971,"Howard Beach Library, QPL",3,13,18,TRUE,TRUE,"labeled",FALSE,FALSE,FALSE,FALSE
971,"Howard Beach Library, QPL",4,10,18,TRUE,TRUE,"labeled",FALSE,FALSE,FALSE,FALSE
971,"Howard Beach Library, QPL",5,12,20,TRUE,TRUE,"labeled",FALSE,FALSE,FALSE,FALSE
971,"Howard Beach Library, QPL",6,10,18,TRUE,TRUE,"labeled",FALSE,FALSE,FALSE,FALSE
971,"Howard Beach Library, QPL",7,10,17,TRUE,TRUE,"labeled",FALSE,FALSE,FALSE,FALSE
972,"South Ozone Park Library, QPL",1,,,FALSE,TRUE,"labeled",FALSE,FALSE,FALSE,FALSE
972,"South Ozone Park Library, QPL",2,10,18,TRUE,TRUE,"labeled",FALSE,FALSE,FALSE,FALSE
972,"South Ozone Park Library, QPL",3,13,18,TRUE,TRUE,"labeled",FALSE,FALSE,FALSE,FALSE
972,"South Ozone Park Library, QPL",4,10,18,TRUE,TRUE,"labeled",FALSE,FALSE,FALSE,FALSE
972,"South Ozone Park Library, QPL",5,12,20,TRUE,TRUE,"labeled",FALSE,FALSE,FALSE,FALSE
972,"South Ozone Park Library, QPL",6,10,18,TRUE,TRUE,"labeled",FALSE,FALSE,FALSE,FALSE
972,"South Ozone Park Library, QPL",7,10,17,TRUE,TRUE,"labeled",FALSE,FALSE,FALSE,FALSE
973,"Richmond Hill Library, QPL",1,,,FALSE,TRUE,"labeled",FALSE,FALSE,FALSE,FALSE
973,"Richmond Hill Library, QPL",2,10,18,TRUE,TRUE,"labeled",FALSE,FALSE,FALSE,FALSE
973,"Richmond Hill Library, QPL",3,13,18,TRUE,TRUE,"labeled",FALSE,FALSE,FALSE,FALSE
973,"Richmond Hill Library, QPL",4,10,18,TRUE,TRUE,"labeled",FALSE,FALSE,FALSE,FALSE
973,"Richmond Hill Library, QPL",5,12,20,TRUE,TRUE,"labeled",FALSE,FALSE,FALSE,FALSE
973,"Richmond Hill Library, QPL",6,10,18,TRUE,TRUE,"labeled",FALSE,FALSE,FALSE,FALSE
973,"Richmond Hill Library, QPL",7,10,17,TRUE,TRUE,"labeled",FALSE,FALSE,FALSE,FALSE
974,"Lefferts Library, QPL",1,,,FALSE,TRUE,"labeled",FALSE,FALSE,FALSE,FALSE
974,"Lefferts Library, QPL",2,10,18,TRUE,TRUE,"labeled",FALSE,FALSE,FALSE,FALSE
974,"Lefferts Library, QPL",3,13,18,TRUE,TRUE,"labeled",FALSE,FALSE,FALSE,FALSE
974,"Lefferts Library, QPL",4,10,18,TRUE,TRUE,"labeled",FALSE,FALSE,FALSE,FALSE
974,"Lefferts Library, QPL",5,12,20,TRUE,TRUE,"labeled",FALSE,FALSE,FALSE,FALSE
974,"Lefferts Library, QPL",6,10,18,TRUE,TRUE,"labeled",FALSE,FALSE,FALSE,FALSE
974,"Lefferts Library, QPL",7,10,17,TRUE,TRUE,"labeled",FALSE,FALSE,FALSE,FALSE
975,"Hollis Library, QPL",1,,,,FALSE,"blank",,,FALSE,
975,"Hollis Library, QPL",2,,,,FALSE,"blank",,,FALSE,
975,"Hollis Library, QPL",3,,,,FALSE,"blank",,,FALSE,
975,"Hollis Library, QPL",4,,,,FALSE,"blank",,,FALSE,
975,"Hollis Library, QPL",5,,,,FALSE,"blank",,,FALSE,
975,"Hollis Library, QPL",6,,,,FALSE,"blank",,,FALSE,
975,"Hollis Library, QPL",7,,,,FALSE,"blank",,,FALSE,
976,"Bellerose Library, QPL",1,,,FALSE,TRUE,"labeled",FALSE,FALSE,FALSE,FALSE
976,"Bellerose Library, QPL",2,10,18,TRUE,TRUE,"labeled",FALSE,FALSE,FALSE,FALSE
976,"Bellerose Library, QPL",3,13,18,TRUE,TRUE,"labeled",FALSE,FALSE,FALSE,FALSE
976,"Bellerose Library, QPL",4,10,18,TRUE,TRUE,"labeled",FALSE,FALSE,FALSE,FALSE
976,"Bellerose Library, QPL",5,12,20,TRUE,TRUE,"labeled",FALSE,FALSE,FALSE,FALSE
976,"Bellerose Library, QPL",6,10,18,TRUE,TRUE,"labeled",FALSE,FALSE,FALSE,FALSE
976,"Bellerose Library, QPL",7,10,17,TRUE,TRUE,"labeled",FALSE,FALSE,FALSE,FALSE
977,"Queens Village Library, QPL",1,,,FALSE,TRUE,"labeled",FALSE,FALSE,FALSE,FALSE
977,"Queens Village Library, QPL",2,10,18,TRUE,TRUE,"labeled",FALSE,FALSE,FALSE,FALSE
977,"Queens Village Library, QPL",3,13,18,TRUE,TRUE,"labeled",FALSE,FALSE,FALSE,FALSE
977,"Queens Village Library, QPL",4,10,18,TRUE,TRUE,"labeled",FALSE,FALSE,FALSE,FALSE
977,"Queens Village Library, QPL",5,12,20,TRUE,TRUE,"labeled",FALSE,FALSE,FALSE,FALSE
977,"Queens Village Library, QPL",6,10,18,TRUE,TRUE,"labeled",FALSE,FALSE,FALSE,FALSE
977,"Queens Village Library, QPL",7,10,17,TRUE,TRUE,"labeled",FALSE,FALSE,FALSE,FALSE
978,"Far Rockaway Library, QPL",1,,,FALSE,TRUE,"labeled",FALSE,FALSE,FALSE,FALSE
978,"Far Rockaway Library, QPL",2,10,18,TRUE,TRUE,"labeled",FALSE,FALSE,FALSE,FALSE
978,"Far Rockaway Library, QPL",3,13,18,TRUE,TRUE,"labeled",FALSE,FALSE,FALSE,FALSE
978,"Far Rockaway Library, QPL",4,10,18,TRUE,TRUE,"labeled",FALSE,FALSE,FALSE,FALSE
978,"Far Rockaway Library, QPL",5,12,20,TRUE,TRUE,"labeled",FALSE,FALSE,FALSE,FALSE
978,"Far Rockaway Library, QPL",6,10,18,TRUE,TRUE,"labeled",FALSE,FALSE,FALSE,FALSE
978,"Far Rockaway Library, QPL",7,10,17,TRUE,TRUE,"labeled",FALSE,FALSE,FALSE,FALSE
979,"Arverne Library, QPL",1,,,FALSE,TRUE,"labeled",FALSE,FALSE,FALSE,FALSE
979,"Arverne Library, QPL",2,10,18,TRUE,TRUE,"labeled",FALSE,FALSE,FALSE,FALSE
979,"Arverne Library, QPL",3,13,18,TRUE,TRUE,"labeled",FALSE,FALSE,FALSE,FALSE
979,"Arverne Library, QPL",4,10,18,TRUE,TRUE,"labeled",FALSE,FALSE,FALSE,FALSE
979,"Arverne Library, QPL",5,12,20,TRUE,TRUE,"labeled",FALSE,FALSE,FALSE,FALSE
979,"Arverne Library, QPL",6,10,18,TRUE,TRUE,"labeled",FALSE,FALSE,FALSE,FALSE
979,"Arverne Library, QPL",7,10,17,TRUE,TRUE,"labeled",FALSE,FALSE,FALSE,FALSE
980,"Broad Channel Library, QPL",1,,,FALSE,TRUE,"labeled",FALSE,FALSE,FALSE,FALSE
980,"Broad Channel Library, QPL",2,10,18,TRUE,TRUE,"labeled",FALSE,FALSE,FALSE,FALSE
980,"Broad Channel Library, QPL",3,13,18,TRUE,TRUE,"labeled",FALSE,FALSE,FALSE,FALSE
980,"Broad Channel Library, QPL",4,10,18,TRUE,TRUE,"labeled",FALSE,FALSE,FALSE,FALSE
980,"Broad Channel Library, QPL",5,12,20,TRUE,TRUE,"labeled",FALSE,FALSE,FALSE,FALSE
980,"Broad Channel Library, QPL",6,10,18,TRUE,TRUE,"labeled",FALSE,FALSE,FALSE,FALSE
980,"Broad Channel Library, QPL",7,10,17,TRUE,TRUE,"labeled",FALSE,FALSE,FALSE,FALSE
981,"Peninsula Library, QPL",1,,,FALSE,TRUE,"labeled",FALSE,FALSE,FALSE,FALSE
981,"Peninsula Library, QPL",2,10,18,TRUE,TRUE,"labeled",FALSE,FALSE,FALSE,FALSE
981,"Peninsula Library, QPL",3,13,18,TRUE,TRUE,"labeled",FALSE,FALSE,FALSE,FALSE
981,"Peninsula Library, QPL",4,10,18,TRUE,TRUE,"labeled",FALSE,FALSE,FALSE,FALSE
981,"Peninsula Library, QPL",5,12,20,TRUE,TRUE,"labeled",FALSE,FALSE,FALSE,FALSE
981,"Peninsula Library, QPL",6,10,18,TRUE,TRUE,"labeled",FALSE,FALSE,FALSE,FALSE
981,"Peninsula Library, QPL",7,10,17,TRUE,TRUE,"labeled",FALSE,FALSE,FALSE,FALSE
982,"Queens Central Library, QPL",1,,,FALSE,TRUE,"labeled",FALSE,FALSE,FALSE,FALSE
982,"Queens Central Library, QPL",2,10,20,TRUE,TRUE,"labeled",FALSE,FALSE,FALSE,FALSE
982,"Queens Central Library, QPL",3,10,20,TRUE,TRUE,"labeled",FALSE,FALSE,FALSE,FALSE
982,"Queens Central Library, QPL",4,10,20,TRUE,TRUE,"labeled",FALSE,FALSE,FALSE,FALSE
982,"Queens Central Library, QPL",5,10,20,TRUE,TRUE,"labeled",FALSE,FALSE,FALSE,FALSE
982,"Queens Central Library, QPL",6,10,18,TRUE,TRUE,"labeled",FALSE,FALSE,FALSE,FALSE
982,"Queens Central Library, QPL",7,10,17,TRUE,TRUE,"labeled",FALSE,FALSE,FALSE,FALSE
983,"South Jamaica Library, QPL",1,,,FALSE,TRUE,"labeled",FALSE,FALSE,FALSE,FALSE
983,"South Jamaica Library, QPL",2,10,18,TRUE,TRUE,"labeled",FALSE,FALSE,FALSE,FALSE
983,"South Jamaica Library, QPL",3,13,18,TRUE,TRUE,"labeled",FALSE,FALSE,FALSE,FALSE
983,"South Jamaica Library, QPL",4,10,18,TRUE,TRUE,"labeled",FALSE,FALSE,FALSE,FALSE
983,"South Jamaica Library, QPL",5,12,20,TRUE,TRUE,"labeled",FALSE,FALSE,FALSE,FALSE
983,"South Jamaica Library, QPL",6,10,18,TRUE,TRUE,"labeled",FALSE,FALSE,FALSE,FALSE
983,"South Jamaica Library, QPL",7,10,17,TRUE,TRUE,"labeled",FALSE,FALSE,FALSE,FALSE
984,"Baisley Park Library, QPL",1,,,FALSE,TRUE,"labeled",FALSE,FALSE,FALSE,FALSE
984,"Baisley Park Library, QPL",2,10,18,TRUE,TRUE,"labeled",FALSE,FALSE,FALSE,FALSE
984,"Baisley Park Library, QPL",3,13,18,TRUE,TRUE,"labeled",FALSE,FALSE,FALSE,FALSE
984,"Baisley Park Library, QPL",4,10,18,TRUE,TRUE,"labeled",FALSE,FALSE,FALSE,FALSE
984,"Baisley Park Library, QPL",5,12,20,TRUE,TRUE,"labeled",FALSE,FALSE,FALSE,FALSE
984,"Baisley Park Library, QPL",6,10,18,TRUE,TRUE,"labeled",FALSE,FALSE,FALSE,FALSE
984,"Baisley Park Library, QPL",7,10,17,TRUE,TRUE,"labeled",FALSE,FALSE,FALSE,FALSE
985,"Rochdale Village Library, QPL",1,,,FALSE,TRUE,"labeled",FALSE,FALSE,FALSE,FALSE
985,"Rochdale Village Library, QPL",2,10,18,TRUE,TRUE,"labeled",FALSE,FALSE,FALSE,FALSE
985,"Rochdale Village Library, QPL",3,13,18,TRUE,TRUE,"labeled",FALSE,FALSE,FALSE,FALSE
985,"Rochdale Village Library, QPL",4,10,18,TRUE,TRUE,"labeled",FALSE,FALSE,FALSE,FALSE
985,"Rochdale Village Library, QPL",5,12,20,TRUE,TRUE,"labeled",FALSE,FALSE,FALSE,FALSE
985,"Rochdale Village Library, QPL",6,10,18,TRUE,TRUE,"labeled",FALSE,FALSE,FALSE,FALSE
985,"Rochdale Village Library, QPL",7,10,17,TRUE,TRUE,"labeled",FALSE,FALSE,FALSE,FALSE
986,"Briarwood Library, QPL",1,,,FALSE,TRUE,"labeled",FALSE,FALSE,FALSE,FALSE
986,"Briarwood Library, QPL",2,10,18,TRUE,TRUE,"labeled",FALSE,FALSE,FALSE,FALSE
986,"Briarwood Library, QPL",3,13,18,TRUE,TRUE,"labeled",FALSE,FALSE,FALSE,FALSE
986,"Briarwood Library, QPL",4,10,18,TRUE,TRUE,"labeled",FALSE,FALSE,FALSE,FALSE
986,"Briarwood Library, QPL",5,12,20,TRUE,TRUE,"labeled",FALSE,FALSE,FALSE,FALSE
986,"Briarwood Library, QPL",6,10,18,TRUE,TRUE,"labeled",FALSE,FALSE,FALSE,FALSE
986,"Briarwood Library, QPL",7,10,17,TRUE,TRUE,"labeled",FALSE,FALSE,FALSE,FALSE
987,"Seaside Library, QPL",1,,,,FALSE,"blank",,,FALSE,
987,"Seaside Library, QPL",2,,,,FALSE,"blank",,,FALSE,
987,"Seaside Library, QPL",3,,,,FALSE,"blank",,,FALSE,
987,"Seaside Library, QPL",4,,,,FALSE,"blank",,,FALSE,
987,"Seaside Library, QPL",5,,,,FALSE,"blank",,,FALSE,
987,"Seaside Library, QPL",6,,,,FALSE,"blank",,,FALSE,
987,"Seaside Library, QPL",7,,,,FALSE,"blank",,,FALSE,
988,"Charleston Library, NYPL",1,,,FALSE,TRUE,"labeled",FALSE,FALSE,FALSE,FALSE
988,"Charleston Library, NYPL",2,10,19,TRUE,TRUE,"labeled",FALSE,FALSE,FALSE,FALSE
988,"Charleston Library, NYPL",3,10,19,TRUE,TRUE,"labeled",FALSE,FALSE,FALSE,FALSE
988,"Charleston Library, NYPL",4,10,19,TRUE,TRUE,"labeled",FALSE,FALSE,FALSE,FALSE
988,"Charleston Library, NYPL",5,10,19,TRUE,TRUE,"labeled",FALSE,FALSE,FALSE,FALSE
988,"Charleston Library, NYPL",6,10,17,TRUE,TRUE,"labeled",FALSE,FALSE,FALSE,FALSE
988,"Charleston Library, NYPL",7,10,17,TRUE,TRUE,"labeled",FALSE,FALSE,FALSE,FALSE
989,"Hunters Point Library, QPL",1,,,FALSE,TRUE,"labeled",FALSE,FALSE,FALSE,FALSE
989,"Hunters Point Library, QPL",2,10,18,TRUE,TRUE,"labeled",FALSE,FALSE,FALSE,FALSE
989,"Hunters Point Library, QPL",3,13,18,TRUE,TRUE,"labeled",FALSE,FALSE,FALSE,FALSE
989,"Hunters Point Library, QPL",4,10,18,TRUE,TRUE,"labeled",FALSE,FALSE,FALSE,FALSE
989,"Hunters Point Library, QPL",5,12,20,TRUE,TRUE,"labeled",FALSE,FALSE,FALSE,FALSE
989,"Hunters Point Library, QPL",6,10,18,TRUE,TRUE,"labeled",FALSE,FALSE,FALSE,FALSE
989,"Hunters Point Library, QPL",7,10,17,TRUE,TRUE,"labeled",FALSE,FALSE,FALSE,FALSE
990,"Center for Brooklyn History, BPL",1,,,FALSE,TRUE,"dayprefixed",FALSE,FALSE,FALSE,FALSE
990,"Center for Brooklyn History, BPL",2,10,18,TRUE,TRUE,"dayprefixed",FALSE,FALSE,FALSE,FALSE
990,"Center for Brooklyn History, BPL",3,10,18,TRUE,TRUE,"dayprefixed",FALSE,FALSE,FALSE,FALSE
990,"Center for Brooklyn History, BPL",4,10,18,TRUE,TRUE,"dayprefixed",FALSE,FALSE,FALSE,FALSE
990,"Center for Brooklyn History, BPL",5,10,18,TRUE,TRUE,"dayprefixed",FALSE,FALSE,FALSE,FALSE
990,"Center for Brooklyn History, BPL",6,10,18,TRUE,TRUE,"dayprefixed",FALSE,FALSE,FALSE,FALSE
990,"Center for Brooklyn History, BPL",7,10,16,TRUE,TRUE,"dayprefixed",FALSE,FALSE,FALSE,FALSE
991,"Adams Street Library, BPL",1,,,FALSE,TRUE,"dayprefixed",FALSE,FALSE,FALSE,FALSE
991,"Adams Street Library, BPL",2,10,18,TRUE,TRUE,"dayprefixed",FALSE,FALSE,FALSE,FALSE
991,"Adams Street Library, BPL",3,13,20,TRUE,TRUE,"dayprefixed",FALSE,FALSE,FALSE,FALSE
991,"Adams Street Library, BPL",4,10,18,TRUE,TRUE,"dayprefixed",FALSE,FALSE,FALSE,FALSE
991,"Adams Street Library, BPL",5,10,20,TRUE,TRUE,"dayprefixed",FALSE,FALSE,FALSE,FALSE
991,"Adams Street Library, BPL",6,10,18,TRUE,TRUE,"dayprefixed",FALSE,FALSE,FALSE,FALSE
991,"Adams Street Library, BPL",7,10,17,TRUE,TRUE,"dayprefixed",FALSE,FALSE,FALSE,FALSE
992,"Queensbridge Tech Lab Library, QPL",1,,,FALSE,TRUE,"labeled",FALSE,FALSE,FALSE,FALSE
992,"Queensbridge Tech Lab Library, QPL",2,12,20,TRUE,TRUE,"labeled",FALSE,FALSE,FALSE,FALSE
992,"Queensbridge Tech Lab Library, QPL",3,,,FALSE,TRUE,"labeled",FALSE,FALSE,FALSE,FALSE
992,"Queensbridge Tech Lab Library, QPL",4,12,20,TRUE,TRUE,"labeled",FALSE,FALSE,FALSE,FALSE
992,"Queensbridge Tech Lab Library, QPL",5,12,20,TRUE,TRUE,"labeled",FALSE,FALSE,FALSE,FALSE
992,"Queensbridge Tech Lab Library, QPL",6,,,FALSE,TRUE,"labeled",FALSE,FALSE,FALSE,FALSE
992,"Queensbridge Tech Lab Library, QPL",7,10,17,TRUE,TRUE,"labeled",FALSE,FALSE,FALSE,FALSE
993,"Hamilton Fish Park Library, NYPL",1,,,,FALSE,"blank",,,FALSE,
993,"Hamilton Fish Park Library, NYPL",2,,,,FALSE,"blank",,,FALSE,
993,"Hamilton Fish Park Library, NYPL",3,,,,FALSE,"blank",,,FALSE,
993,"Hamilton Fish Park Library, NYPL",4,,,,FALSE,"blank",,,FALSE,
993,"Hamilton Fish Park Library, NYPL",5,,,,FALSE,"blank",,,FALSE,
993,"Hamilton Fish Park Library, NYPL",6,,,,FALSE,"blank",,,FALSE,
993,"Hamilton Fish Park Library, NYPL",7,,,,FALSE,"blank",,,FALSE,
994,"Muhlenberg Library, NYPL",1,,,,FALSE,"blank",,,FALSE,
994,"Muhlenberg Library, NYPL",2,,,,FALSE,"blank",,,FALSE,
994,"Muhlenberg Library, NYPL",3,,,,FALSE,"blank",,,FALSE,
994,"Muhlenberg Library, NYPL",4,,,,FALSE,"blank",,,FALSE,
994,"Muhlenberg Library, NYPL",5,,,,FALSE,"blank",,,FALSE,
994,"Muhlenberg Library, NYPL",6,,,,FALSE,"blank",,,FALSE,
994,"Muhlenberg Library, NYPL",7,,,,FALSE,"blank",,,FALSE,
995,"Countee Cullen Library, NYPL",1,,,FALSE,TRUE,"labeled",FALSE,FALSE,FALSE,FALSE
995,"Countee Cullen Library, NYPL",2,11,19,TRUE,TRUE,"labeled",FALSE,FALSE,FALSE,FALSE
995,"Countee Cullen Library, NYPL",3,11,19,TRUE,TRUE,"labeled",FALSE,FALSE,FALSE,FALSE
995,"Countee Cullen Library, NYPL",4,11,19,TRUE,TRUE,"labeled",FALSE,FALSE,FALSE,FALSE
995,"Countee Cullen Library, NYPL",5,11,19,TRUE,TRUE,"labeled",FALSE,FALSE,FALSE,FALSE
995,"Countee Cullen Library, NYPL",6,11,17,TRUE,TRUE,"labeled",FALSE,FALSE,FALSE,FALSE
995,"Countee Cullen Library, NYPL",7,10,17,TRUE,TRUE,"labeled",FALSE,FALSE,FALSE,FALSE
996,"Terence Cardinal Cooke-Cathedral Library, NYPL",1,,,,FALSE,"blank",,,FALSE,
996,"Terence Cardinal Cooke-Cathedral Library, NYPL",2,,,,FALSE,"blank",,,FALSE,
996,"Terence Cardinal Cooke-Cathedral Library, NYPL",3,,,,FALSE,"blank",,,FALSE,
996,"Terence Cardinal Cooke-Cathedral Library, NYPL",4,,,,FALSE,"blank",,,FALSE,
996,"Terence Cardinal Cooke-Cathedral Library, NYPL",5,,,,FALSE,"blank",,,FALSE,
996,"Terence Cardinal Cooke-Cathedral Library, NYPL",6,,,,FALSE,"blank",,,FALSE,
996,"Terence Cardinal Cooke-Cathedral Library, NYPL",7,,,,FALSE,"blank",,,FALSE,
997,"Aguilar Library, NYPL",1,,,,FALSE,"blank",,,FALSE,
997,"Aguilar Library, NYPL",2,,,,FALSE,"blank",,,FALSE,
997,"Aguilar Library, NYPL",3,,,,FALSE,"blank",,,FALSE,
997,"Aguilar Library, NYPL",4,,,,FALSE,"blank",,,FALSE,
997,"Aguilar Library, NYPL",5,,,,FALSE,"blank",,,FALSE,
997,"Aguilar Library, NYPL",6,,,,FALSE,"blank",,,FALSE,
997,"Aguilar Library, NYPL",7,,,,FALSE,"blank",,,FALSE,
998,"Fort Washington Library, NYPL",1,,,FALSE,TRUE,"dayprefixed",FALSE,FALSE,FALSE,FALSE
998,"Fort Washington Library, NYPL",2,10,18,TRUE,TRUE,"dayprefixed",FALSE,FALSE,FALSE,FALSE
998,"Fort Washington Library, NYPL",3,10,18,TRUE,TRUE,"dayprefixed",FALSE,FALSE,FALSE,FALSE
998,"Fort Washington Library, NYPL",4,10,18,TRUE,TRUE,"dayprefixed",FALSE,FALSE,FALSE,FALSE
998,"Fort Washington Library, NYPL",5,10,18,TRUE,TRUE,"dayprefixed",FALSE,FALSE,FALSE,FALSE
998,"Fort Washington Library, NYPL",6,10,18,TRUE,TRUE,"dayprefixed",FALSE,FALSE,FALSE,FALSE
998,"Fort Washington Library, NYPL",7,10,17,TRUE,TRUE,"dayprefixed",FALSE,FALSE,FALSE,FALSE
999,"125th Street Library, NYPL",1,,,FALSE,TRUE,"labeled",FALSE,FALSE,FALSE,FALSE
999,"125th Street Library, NYPL",2,11,19,TRUE,TRUE,"labeled",FALSE,FALSE,FALSE,FALSE
999,"125th Street Library, NYPL",3,10,19,TRUE,TRUE,"labeled",FALSE,FALSE,FALSE,FALSE
999,"125th Street Library, NYPL",4,10,19,TRUE,TRUE,"labeled",FALSE,FALSE,FALSE,FALSE
999,"125th Street Library, NYPL",5,11,19,TRUE,TRUE,"labeled",FALSE,FALSE,FALSE,FALSE
999,"125th Street Library, NYPL",6,10,17,TRUE,TRUE,"labeled",FALSE,FALSE,FALSE,FALSE
999,"125th Street Library, NYPL",7,10,17,TRUE,TRUE,"labeled",FALSE,FALSE,FALSE,FALSE
1000,"Port Richmond Library, NYPL",1,,,FALSE,TRUE,"labeled",FALSE,FALSE,FALSE,FALSE
1000,"Port Richmond Library, NYPL",2,11,18,TRUE,TRUE,"labeled",FALSE,FALSE,FALSE,FALSE
1000,"Port Richmond Library, NYPL",3,11,18,TRUE,TRUE,"labeled",FALSE,FALSE,FALSE,FALSE
1000,"Port Richmond Library, NYPL",4,11,18,TRUE,TRUE,"labeled",FALSE,FALSE,FALSE,FALSE
1000,"Port Richmond Library, NYPL",5,11,18,TRUE,TRUE,"labeled",FALSE,FALSE,FALSE,FALSE
1000,"Port Richmond Library, NYPL",6,10,17,TRUE,TRUE,"labeled",FALSE,FALSE,FALSE,FALSE
1000,"Port Richmond Library, NYPL",7,10,17,TRUE,TRUE,"labeled",FALSE,FALSE,FALSE,FALSE
1001,"Melrose Library, NYPL",1,,,FALSE,TRUE,"labeled",FALSE,FALSE,FALSE,FALSE
1001,"Melrose Library, NYPL",2,10,19,TRUE,TRUE,"labeled",FALSE,FALSE,FALSE,FALSE
1001,"Melrose Library, NYPL",3,10,19,TRUE,TRUE,"labeled",FALSE,FALSE,FALSE,FALSE
1001,"Melrose Library, NYPL",4,10,19,TRUE,TRUE,"labeled",FALSE,FALSE,FALSE,FALSE
1001,"Melrose Library, NYPL",5,10,19,TRUE,TRUE,"labeled",FALSE,FALSE,FALSE,FALSE
1001,"Melrose Library, NYPL",6,10,17,TRUE,TRUE,"labeled",FALSE,FALSE,FALSE,FALSE
1001,"Melrose Library, NYPL",7,10,17,TRUE,TRUE,"labeled",FALSE,FALSE,FALSE,FALSE
1002,"Hunts Point Library, NYPL",1,,,FALSE,TRUE,"dayprefixed",FALSE,FALSE,FALSE,FALSE
1002,"Hunts Point Library, NYPL",2,10,18,TRUE,TRUE,"dayprefixed",FALSE,FALSE,FALSE,FALSE
1002,"Hunts Point Library, NYPL",3,10,18,TRUE,TRUE,"dayprefixed",FALSE,FALSE,FALSE,FALSE
1002,"Hunts Point Library, NYPL",4,10,18,TRUE,TRUE,"dayprefixed",FALSE,FALSE,FALSE,FALSE
1002,"Hunts Point Library, NYPL",5,10,18,TRUE,TRUE,"dayprefixed",FALSE,FALSE,FALSE,FALSE
1002,"Hunts Point Library, NYPL",6,10,18,TRUE,TRUE,"dayprefixed",FALSE,FALSE,FALSE,FALSE
1002,"Hunts Point Library, NYPL",7,10,17,TRUE,TRUE,"dayprefixed",FALSE,FALSE,FALSE,FALSE
1003,"West Farms Library, NYPL",1,,,FALSE,TRUE,"labeled",FALSE,FALSE,FALSE,FALSE
1003,"West Farms Library, NYPL",2,10,19,TRUE,TRUE,"labeled",FALSE,FALSE,FALSE,FALSE
1003,"West Farms Library, NYPL",3,10,19,TRUE,TRUE,"labeled",FALSE,FALSE,FALSE,FALSE
1003,"West Farms Library, NYPL",4,10,19,TRUE,TRUE,"labeled",FALSE,FALSE,FALSE,FALSE
1003,"West Farms Library, NYPL",5,10,19,TRUE,TRUE,"labeled",FALSE,FALSE,FALSE,FALSE
1003,"West Farms Library, NYPL",6,10,17,TRUE,TRUE,"labeled",FALSE,FALSE,FALSE,FALSE
1003,"West Farms Library, NYPL",7,10,17,TRUE,TRUE,"labeled",FALSE,FALSE,FALSE,FALSE
1004,"Pelham Parkway-Van Nest Library, NYPL",1,,,FALSE,TRUE,"labeled",FALSE,FALSE,FALSE,FALSE
1004,"Pelham Parkway-Van Nest Library, NYPL",2,10,18,TRUE,TRUE,"labeled",FALSE,FALSE,FALSE,FALSE
1004,"Pelham Parkway-Van Nest Library, NYPL",3,10,18,TRUE,TRUE,"labeled",FALSE,FALSE,TRUE,FALSE
1004,"Pelham Parkway-Van Nest Library, NYPL",4,10,18,TRUE,TRUE,"labeled",FALSE,FALSE,FALSE,FALSE
1004,"Pelham Parkway-Van Nest Library, NYPL",5,10,18,TRUE,TRUE,"labeled",FALSE,FALSE,TRUE,FALSE
1004,"Pelham Parkway-Van Nest Library, NYPL",6,10,18,TRUE,TRUE,"labeled",FALSE,FALSE,FALSE,FALSE
1004,"Pelham Parkway-Van Nest Library, NYPL",7,10,17,TRUE,TRUE,"labeled",FALSE,FALSE,FALSE,FALSE
1005,"Ravenswood Library, QPL",1,,,FALSE,TRUE,"labeled",FALSE,FALSE,FALSE,FALSE
1005,"Ravenswood Library, QPL",2,10,18,TRUE,TRUE,"labeled",FALSE,FALSE,FALSE,FALSE
1005,"Ravenswood Library, QPL",3,13,18,TRUE,TRUE,"labeled",FALSE,FALSE,FALSE,FALSE
1005,"Ravenswood Library, QPL",4,10,18,TRUE,TRUE,"labeled",FALSE,FALSE,FALSE,FALSE
1005,"Ravenswood Library, QPL",5,12,20,TRUE,TRUE,"labeled",FALSE,FALSE,FALSE,FALSE
1005,"Ravenswood Library, QPL",6,,,FALSE,TRUE,"labeled",FALSE,FALSE,FALSE,FALSE
1005,"Ravenswood Library, QPL",7,,,FALSE,TRUE,"labeled",FALSE,FALSE,FALSE,FALSE
1006,"Broadway Library, QPL",1,,,FALSE,TRUE,"labeled",FALSE,FALSE,FALSE,FALSE
1006,"Broadway Library, QPL",2,10,18,TRUE,TRUE,"labeled",FALSE,FALSE,FALSE,FALSE
1006,"Broadway Library, QPL",3,13,18,TRUE,TRUE,"labeled",FALSE,FALSE,FALSE,FALSE
1006,"Broadway Library, QPL",4,10,18,TRUE,TRUE,"labeled",FALSE,FALSE,FALSE,FALSE
1006,"Broadway Library, QPL",5,12,20,TRUE,TRUE,"labeled",FALSE,FALSE,FALSE,FALSE
1006,"Broadway Library, QPL",6,10,18,TRUE,TRUE,"labeled",FALSE,FALSE,FALSE,FALSE
1006,"Broadway Library, QPL",7,10,17,TRUE,TRUE,"labeled",FALSE,FALSE,FALSE,FALSE
1007,"Mapleton Library, BPL",1,,,,FALSE,"blank",,,FALSE,
1007,"Mapleton Library, BPL",2,,,,FALSE,"blank",,,FALSE,
1007,"Mapleton Library, BPL",3,,,,FALSE,"blank",,,FALSE,
1007,"Mapleton Library, BPL",4,,,,FALSE,"blank",,,FALSE,
1007,"Mapleton Library, BPL",5,,,,FALSE,"blank",,,FALSE,
1007,"Mapleton Library, BPL",6,,,,FALSE,"blank",,,FALSE,
1007,"Mapleton Library, BPL",7,,,,FALSE,"blank",,,FALSE,
1008,"Ryder Library, BPL",1,,,,FALSE,"blank",,,FALSE,
1008,"Ryder Library, BPL",2,,,,FALSE,"blank",,,FALSE,
1008,"Ryder Library, BPL",3,,,,FALSE,"blank",,,FALSE,
1008,"Ryder Library, BPL",4,,,,FALSE,"blank",,,FALSE,
1008,"Ryder Library, BPL",5,,,,FALSE,"blank",,,FALSE,
1008,"Ryder Library, BPL",6,,,,FALSE,"blank",,,FALSE,
1008,"Ryder Library, BPL",7,,,,FALSE,"blank",,,FALSE,
1009,"Clarendon Library, BPL",1,,,FALSE,TRUE,"dayprefixed",FALSE,FALSE,FALSE,FALSE
1009,"Clarendon Library, BPL",2,10,18,TRUE,TRUE,"dayprefixed",FALSE,FALSE,FALSE,FALSE
1009,"Clarendon Library, BPL",3,13,20,TRUE,TRUE,"dayprefixed",FALSE,FALSE,FALSE,FALSE
1009,"Clarendon Library, BPL",4,10,18,TRUE,TRUE,"dayprefixed",FALSE,FALSE,FALSE,FALSE
1009,"Clarendon Library, BPL",5,10,20,TRUE,TRUE,"dayprefixed",FALSE,FALSE,FALSE,FALSE
1009,"Clarendon Library, BPL",6,10,18,TRUE,TRUE,"dayprefixed",FALSE,FALSE,FALSE,FALSE
1009,"Clarendon Library, BPL",7,10,17,TRUE,TRUE,"dayprefixed",FALSE,FALSE,FALSE,FALSE
1010,"Leonard Library, BPL",1,,,,FALSE,"blank",,,FALSE,
1010,"Leonard Library, BPL",2,,,,FALSE,"blank",,,FALSE,
1010,"Leonard Library, BPL",3,,,,FALSE,"blank",,,FALSE,
1010,"Leonard Library, BPL",4,,,,FALSE,"blank",,,FALSE,
1010,"Leonard Library, BPL",5,,,,FALSE,"blank",,,FALSE,
1010,"Leonard Library, BPL",6,,,,FALSE,"blank",,,FALSE,
1010,"Leonard Library, BPL",7,,,,FALSE,"blank",,,FALSE,
1011,"Carroll Gardens Library, BPL",1,,,,FALSE,"blank",,,FALSE,
1011,"Carroll Gardens Library, BPL",2,,,,FALSE,"blank",,,FALSE,
1011,"Carroll Gardens Library, BPL",3,,,,FALSE,"blank",,,FALSE,
1011,"Carroll Gardens Library, BPL",4,,,,FALSE,"blank",,,FALSE,
1011,"Carroll Gardens Library, BPL",5,,,,FALSE,"blank",,,FALSE,
1011,"Carroll Gardens Library, BPL",6,,,,FALSE,"blank",,,FALSE,
1011,"Carroll Gardens Library, BPL",7,,,,FALSE,"blank",,,FALSE,
1012,"Red Hook Library, BPL",1,10,17,TRUE,TRUE,"uniform",FALSE,FALSE,FALSE,FALSE
1012,"Red Hook Library, BPL",2,10,17,TRUE,TRUE,"uniform",FALSE,FALSE,FALSE,FALSE
1012,"Red Hook Library, BPL",3,10,17,TRUE,TRUE,"uniform",FALSE,FALSE,FALSE,FALSE
1012,"Red Hook Library, BPL",4,10,17,TRUE,TRUE,"uniform",FALSE,FALSE,FALSE,FALSE
1012,"Red Hook Library, BPL",5,10,17,TRUE,TRUE,"uniform",FALSE,FALSE,FALSE,FALSE
1012,"Red Hook Library, BPL",6,10,17,TRUE,TRUE,"uniform",FALSE,FALSE,FALSE,FALSE
1012,"Red Hook Library, BPL",7,10,17,TRUE,TRUE,"uniform",FALSE,FALSE,FALSE,FALSE
1013,"Bedford Library, BPL",1,,,FALSE,TRUE,"dayprefixed",FALSE,FALSE,FALSE,FALSE
1013,"Bedford Library, BPL",2,10,18,TRUE,TRUE,"dayprefixed",FALSE,FALSE,FALSE,FALSE
1013,"Bedford Library, BPL",3,13,20,TRUE,TRUE,"dayprefixed",FALSE,FALSE,FALSE,FALSE
1013,"Bedford Library, BPL",4,10,18,TRUE,TRUE,"dayprefixed",FALSE,FALSE,FALSE,FALSE
1013,"Bedford Library, BPL",5,10,20,TRUE,TRUE,"dayprefixed",FALSE,FALSE,FALSE,FALSE
1013,"Bedford Library, BPL",6,10,18,TRUE,TRUE,"dayprefixed",FALSE,FALSE,FALSE,FALSE
1013,"Bedford Library, BPL",7,10,17,TRUE,TRUE,"dayprefixed",FALSE,FALSE,FALSE,FALSE
1014,"Queensboro Hill Library, QPL",1,,,,FALSE,"blank",,,FALSE,
1014,"Queensboro Hill Library, QPL",2,,,,FALSE,"blank",,,FALSE,
1014,"Queensboro Hill Library, QPL",3,,,,FALSE,"blank",,,FALSE,
1014,"Queensboro Hill Library, QPL",4,,,,FALSE,"blank",,,FALSE,
1014,"Queensboro Hill Library, QPL",5,,,,FALSE,"blank",,,FALSE,
1014,"Queensboro Hill Library, QPL",6,,,,FALSE,"blank",,,FALSE,
1014,"Queensboro Hill Library, QPL",7,,,,FALSE,"blank",,,FALSE,
1015,"Bay Terrace Library, QPL",1,,,FALSE,TRUE,"labeled",FALSE,FALSE,FALSE,FALSE
1015,"Bay Terrace Library, QPL",2,10,18,TRUE,TRUE,"labeled",FALSE,FALSE,FALSE,FALSE
1015,"Bay Terrace Library, QPL",3,13,18,TRUE,TRUE,"labeled",FALSE,FALSE,FALSE,FALSE
1015,"Bay Terrace Library, QPL",4,10,18,TRUE,TRUE,"labeled",FALSE,FALSE,FALSE,FALSE
1015,"Bay Terrace Library, QPL",5,12,20,TRUE,TRUE,"labeled",FALSE,FALSE,FALSE,FALSE
1015,"Bay Terrace Library, QPL",6,10,18,TRUE,TRUE,"labeled",FALSE,FALSE,FALSE,FALSE
1015,"Bay Terrace Library, QPL",7,10,17,TRUE,TRUE,"labeled",FALSE,FALSE,FALSE,FALSE
1016,"Hillcrest Library, QPL",1,,,FALSE,TRUE,"labeled",FALSE,FALSE,FALSE,FALSE
1016,"Hillcrest Library, QPL",2,10,18,TRUE,TRUE,"labeled",FALSE,FALSE,FALSE,FALSE
1016,"Hillcrest Library, QPL",3,13,18,TRUE,TRUE,"labeled",FALSE,FALSE,FALSE,FALSE
1016,"Hillcrest Library, QPL",4,10,18,TRUE,TRUE,"labeled",FALSE,FALSE,FALSE,FALSE
1016,"Hillcrest Library, QPL",5,12,20,TRUE,TRUE,"labeled",FALSE,FALSE,FALSE,FALSE
1016,"Hillcrest Library, QPL",6,10,18,TRUE,TRUE,"labeled",FALSE,FALSE,FALSE,FALSE
1016,"Hillcrest Library, QPL",7,10,17,TRUE,TRUE,"labeled",FALSE,FALSE,FALSE,FALSE
1017,"Laurelton Library, QPL",1,,,FALSE,TRUE,"labeled",FALSE,FALSE,FALSE,FALSE
1017,"Laurelton Library, QPL",2,10,18,TRUE,TRUE,"labeled",FALSE,FALSE,FALSE,FALSE
1017,"Laurelton Library, QPL",3,13,18,TRUE,TRUE,"labeled",FALSE,FALSE,FALSE,FALSE
1017,"Laurelton Library, QPL",4,10,18,TRUE,TRUE,"labeled",FALSE,FALSE,FALSE,FALSE
1017,"Laurelton Library, QPL",5,12,20,TRUE,TRUE,"labeled",FALSE,FALSE,FALSE,FALSE
1017,"Laurelton Library, QPL",6,10,18,TRUE,TRUE,"labeled",FALSE,FALSE,FALSE,FALSE
1017,"Laurelton Library, QPL",7,10,17,TRUE,TRUE,"labeled",FALSE,FALSE,FALSE,FALSE
1018,"Fulton St (A-C) MTA Restroom",1,7,19,TRUE,TRUE,"uniform",FALSE,TRUE,FALSE,FALSE
1018,"Fulton St (A-C) MTA Restroom",2,7,19,TRUE,TRUE,"uniform",FALSE,TRUE,FALSE,FALSE
1018,"Fulton St (A-C) MTA Restroom",3,7,19,TRUE,TRUE,"uniform",FALSE,TRUE,FALSE,FALSE
1018,"Fulton St (A-C) MTA Restroom",4,7,19,TRUE,TRUE,"uniform",FALSE,TRUE,FALSE,FALSE
1018,"Fulton St (A-C) MTA Restroom",5,7,19,TRUE,TRUE,"uniform",FALSE,TRUE,FALSE,FALSE
1018,"Fulton St (A-C) MTA Restroom",6,7,19,TRUE,TRUE,"uniform",FALSE,TRUE,FALSE,FALSE
1018,"Fulton St (A-C) MTA Restroom",7,7,19,TRUE,TRUE,"uniform",FALSE,TRUE,FALSE,FALSE
1019,"Atlantic Ave Terminal LIRR Restroom",1,7,19,TRUE,TRUE,"uniform",FALSE,TRUE,FALSE,FALSE
1019,"Atlantic Ave Terminal LIRR Restroom",2,7,19,TRUE,TRUE,"uniform",FALSE,TRUE,FALSE,FALSE
1019,"Atlantic Ave Terminal LIRR Restroom",3,7,19,TRUE,TRUE,"uniform",FALSE,TRUE,FALSE,FALSE
1019,"Atlantic Ave Terminal LIRR Restroom",4,7,19,TRUE,TRUE,"uniform",FALSE,TRUE,FALSE,FALSE
1019,"Atlantic Ave Terminal LIRR Restroom",5,7,19,TRUE,TRUE,"uniform",FALSE,TRUE,FALSE,FALSE
1019,"Atlantic Ave Terminal LIRR Restroom",6,7,19,TRUE,TRUE,"uniform",FALSE,TRUE,FALSE,FALSE
1019,"Atlantic Ave Terminal LIRR Restroom",7,7,19,TRUE,TRUE,"uniform",FALSE,TRUE,FALSE,FALSE
1020,"Grand Central (Metro North) LIRR Restroom",1,7,19,TRUE,TRUE,"uniform",FALSE,TRUE,FALSE,FALSE
1020,"Grand Central (Metro North) LIRR Restroom",2,7,19,TRUE,TRUE,"uniform",FALSE,TRUE,FALSE,FALSE
1020,"Grand Central (Metro North) LIRR Restroom",3,7,19,TRUE,TRUE,"uniform",FALSE,TRUE,FALSE,FALSE
1020,"Grand Central (Metro North) LIRR Restroom",4,7,19,TRUE,TRUE,"uniform",FALSE,TRUE,FALSE,FALSE
1020,"Grand Central (Metro North) LIRR Restroom",5,7,19,TRUE,TRUE,"uniform",FALSE,TRUE,FALSE,FALSE
1020,"Grand Central (Metro North) LIRR Restroom",6,7,19,TRUE,TRUE,"uniform",FALSE,TRUE,FALSE,FALSE
1020,"Grand Central (Metro North) LIRR Restroom",7,7,19,TRUE,TRUE,"uniform",FALSE,TRUE,FALSE,FALSE
1021,"Jamaica LIRR Restroom",1,7,19,TRUE,TRUE,"uniform",FALSE,TRUE,FALSE,FALSE
1021,"Jamaica LIRR Restroom",2,7,19,TRUE,TRUE,"uniform",FALSE,TRUE,FALSE,FALSE
1021,"Jamaica LIRR Restroom",3,7,19,TRUE,TRUE,"uniform",FALSE,TRUE,FALSE,FALSE
1021,"Jamaica LIRR Restroom",4,7,19,TRUE,TRUE,"uniform",FALSE,TRUE,FALSE,FALSE
1021,"Jamaica LIRR Restroom",5,7,19,TRUE,TRUE,"uniform",FALSE,TRUE,FALSE,FALSE
1021,"Jamaica LIRR Restroom",6,7,19,TRUE,TRUE,"uniform",FALSE,TRUE,FALSE,FALSE
1021,"Jamaica LIRR Restroom",7,7,19,TRUE,TRUE,"uniform",FALSE,TRUE,FALSE,FALSE
1022,"Penn Station LIRR Restroom",1,7,19,TRUE,TRUE,"uniform",FALSE,TRUE,FALSE,FALSE
1022,"Penn Station LIRR Restroom",2,7,19,TRUE,TRUE,"uniform",FALSE,TRUE,FALSE,FALSE
1022,"Penn Station LIRR Restroom",3,7,19,TRUE,TRUE,"uniform",FALSE,TRUE,FALSE,FALSE
1022,"Penn Station LIRR Restroom",4,7,19,TRUE,TRUE,"uniform",FALSE,TRUE,FALSE,FALSE
1022,"Penn Station LIRR Restroom",5,7,19,TRUE,TRUE,"uniform",FALSE,TRUE,FALSE,FALSE
1022,"Penn Station LIRR Restroom",6,7,19,TRUE,TRUE,"uniform",FALSE,TRUE,FALSE,FALSE
1022,"Penn Station LIRR Restroom",7,7,19,TRUE,TRUE,"uniform",FALSE,TRUE,FALSE,FALSE
1023,"60 Wall Street POPS",1,7,22,TRUE,TRUE,"dayprefixed",FALSE,FALSE,FALSE,FALSE
1023,"60 Wall Street POPS",2,7,22,TRUE,TRUE,"dayprefixed",FALSE,FALSE,FALSE,FALSE
1023,"60 Wall Street POPS",3,7,22,TRUE,TRUE,"dayprefixed",FALSE,FALSE,FALSE,FALSE
1023,"60 Wall Street POPS",4,7,22,TRUE,TRUE,"dayprefixed",FALSE,FALSE,FALSE,FALSE
1023,"60 Wall Street POPS",5,7,22,TRUE,TRUE,"dayprefixed",FALSE,FALSE,FALSE,FALSE
1023,"60 Wall Street POPS",6,7,22,TRUE,TRUE,"dayprefixed",FALSE,FALSE,FALSE,FALSE
1023,"60 Wall Street POPS",7,7,22,TRUE,TRUE,"dayprefixed",FALSE,FALSE,FALSE,FALSE
1024,"805 Third Avenue POPS",1,,,FALSE,TRUE,"dayprefixed",FALSE,FALSE,FALSE,TRUE
1024,"805 Third Avenue POPS",2,8,19,TRUE,TRUE,"dayprefixed",FALSE,FALSE,FALSE,FALSE
1024,"805 Third Avenue POPS",3,8,19,TRUE,TRUE,"dayprefixed",FALSE,FALSE,FALSE,FALSE
1024,"805 Third Avenue POPS",4,8,19,TRUE,TRUE,"dayprefixed",FALSE,FALSE,FALSE,FALSE
1024,"805 Third Avenue POPS",5,8,19,TRUE,TRUE,"dayprefixed",FALSE,FALSE,FALSE,FALSE
1024,"805 Third Avenue POPS",6,8,19,TRUE,TRUE,"dayprefixed",FALSE,FALSE,FALSE,FALSE
1024,"805 Third Avenue POPS",7,,,FALSE,TRUE,"dayprefixed",FALSE,FALSE,FALSE,TRUE
1025,"575 Fifth Avenue POPS",1,7,24,TRUE,TRUE,"dayprefixed",FALSE,FALSE,FALSE,FALSE
1025,"575 Fifth Avenue POPS",2,7,24,TRUE,TRUE,"dayprefixed",FALSE,FALSE,FALSE,FALSE
1025,"575 Fifth Avenue POPS",3,7,24,TRUE,TRUE,"dayprefixed",FALSE,FALSE,FALSE,FALSE
1025,"575 Fifth Avenue POPS",4,7,24,TRUE,TRUE,"dayprefixed",FALSE,FALSE,FALSE,FALSE
1025,"575 Fifth Avenue POPS",5,7,24,TRUE,TRUE,"dayprefixed",FALSE,FALSE,FALSE,FALSE
1025,"575 Fifth Avenue POPS",6,7,24,TRUE,TRUE,"dayprefixed",FALSE,FALSE,FALSE,FALSE
1025,"575 Fifth Avenue POPS",7,7,24,TRUE,TRUE,"dayprefixed",FALSE,FALSE,FALSE,FALSE
1026,"120 Park Avenue POPS",1,11,19,TRUE,TRUE,"dayprefixed",FALSE,FALSE,FALSE,FALSE
1026,"120 Park Avenue POPS",2,7.5,21.5,TRUE,TRUE,"dayprefixed",FALSE,FALSE,FALSE,FALSE
1026,"120 Park Avenue POPS",3,7.5,21.5,TRUE,TRUE,"dayprefixed",FALSE,FALSE,FALSE,FALSE
1026,"120 Park Avenue POPS",4,7.5,21.5,TRUE,TRUE,"dayprefixed",FALSE,FALSE,FALSE,FALSE
1026,"120 Park Avenue POPS",5,7.5,21.5,TRUE,TRUE,"dayprefixed",FALSE,FALSE,FALSE,FALSE
1026,"120 Park Avenue POPS",6,7.5,21.5,TRUE,TRUE,"dayprefixed",FALSE,FALSE,FALSE,FALSE
1026,"120 Park Avenue POPS",7,7.5,21.5,TRUE,TRUE,"dayprefixed",FALSE,FALSE,FALSE,FALSE
1027,"825 Eighth Avenue POPS",1,6,21,TRUE,TRUE,"dayprefixed",FALSE,FALSE,FALSE,FALSE
1027,"825 Eighth Avenue POPS",2,6,21,TRUE,TRUE,"dayprefixed",FALSE,FALSE,FALSE,FALSE
1027,"825 Eighth Avenue POPS",3,6,21,TRUE,TRUE,"dayprefixed",FALSE,FALSE,FALSE,FALSE
1027,"825 Eighth Avenue POPS",4,6,21,TRUE,TRUE,"dayprefixed",FALSE,FALSE,FALSE,FALSE
1027,"825 Eighth Avenue POPS",5,6,21,TRUE,TRUE,"dayprefixed",FALSE,FALSE,FALSE,FALSE
1027,"825 Eighth Avenue POPS",6,6,21,TRUE,TRUE,"dayprefixed",FALSE,FALSE,FALSE,FALSE
1027,"825 Eighth Avenue POPS",7,6,21,TRUE,TRUE,"dayprefixed",FALSE,FALSE,FALSE,FALSE
1028,"875 Third Avenue POPS",1,11,19,TRUE,TRUE,"dayprefixed",FALSE,FALSE,FALSE,FALSE
1028,"875 Third Avenue POPS",2,7,23,TRUE,TRUE,"dayprefixed",FALSE,FALSE,FALSE,FALSE
1028,"875 Third Avenue POPS",3,7,23,TRUE,TRUE,"dayprefixed",FALSE,FALSE,FALSE,FALSE
1028,"875 Third Avenue POPS",4,7,23,TRUE,TRUE,"dayprefixed",FALSE,FALSE,FALSE,FALSE
1028,"875 Third Avenue POPS",5,7,23,TRUE,TRUE,"dayprefixed",FALSE,FALSE,FALSE,FALSE
1028,"875 Third Avenue POPS",6,7,23,TRUE,TRUE,"dayprefixed",FALSE,FALSE,FALSE,FALSE
1028,"875 Third Avenue POPS",7,7,23,TRUE,TRUE,"dayprefixed",FALSE,FALSE,FALSE,FALSE
1029,"725 Fifth Avenue POPS",1,8,22,TRUE,TRUE,"dayprefixed",FALSE,FALSE,FALSE,FALSE
1029,"725 Fifth Avenue POPS",2,8,22,TRUE,TRUE,"dayprefixed",FALSE,FALSE,FALSE,FALSE
1029,"725 Fifth Avenue POPS",3,8,22,TRUE,TRUE,"dayprefixed",FALSE,FALSE,FALSE,FALSE
1029,"725 Fifth Avenue POPS",4,8,22,TRUE,TRUE,"dayprefixed",FALSE,FALSE,FALSE,FALSE
1029,"725 Fifth Avenue POPS",5,8,22,TRUE,TRUE,"dayprefixed",FALSE,FALSE,FALSE,FALSE
1029,"725 Fifth Avenue POPS",6,8,22,TRUE,TRUE,"dayprefixed",FALSE,FALSE,FALSE,FALSE
1029,"725 Fifth Avenue POPS",7,8,22,TRUE,TRUE,"dayprefixed",FALSE,FALSE,FALSE,FALSE
1030,"645 Fifth Avenue POPS",1,8,22,TRUE,TRUE,"dayprefixed",FALSE,FALSE,FALSE,FALSE
1030,"645 Fifth Avenue POPS",2,8,22,TRUE,TRUE,"dayprefixed",FALSE,FALSE,FALSE,FALSE
1030,"645 Fifth Avenue POPS",3,8,22,TRUE,TRUE,"dayprefixed",FALSE,FALSE,FALSE,FALSE
1030,"645 Fifth Avenue POPS",4,8,22,TRUE,TRUE,"dayprefixed",FALSE,FALSE,FALSE,FALSE
1030,"645 Fifth Avenue POPS",5,8,22,TRUE,TRUE,"dayprefixed",FALSE,FALSE,FALSE,FALSE
1030,"645 Fifth Avenue POPS",6,8,22,TRUE,TRUE,"dayprefixed",FALSE,FALSE,FALSE,FALSE
1030,"645 Fifth Avenue POPS",7,8,22,TRUE,TRUE,"dayprefixed",FALSE,FALSE,FALSE,FALSE
1031,"550 Madison Avenue POPS",1,7,23,TRUE,TRUE,"dayprefixed",FALSE,FALSE,FALSE,FALSE
1031,"550 Madison Avenue POPS",2,7,23,TRUE,TRUE,"dayprefixed",FALSE,FALSE,FALSE,FALSE
1031,"550 Madison Avenue POPS",3,7,23,TRUE,TRUE,"dayprefixed",FALSE,FALSE,FALSE,FALSE
1031,"550 Madison Avenue POPS",4,7,23,TRUE,TRUE,"dayprefixed",FALSE,FALSE,FALSE,FALSE
1031,"550 Madison Avenue POPS",5,7,23,TRUE,TRUE,"dayprefixed",FALSE,FALSE,FALSE,FALSE
1031,"550 Madison Avenue POPS",6,7,23,TRUE,TRUE,"dayprefixed",FALSE,FALSE,FALSE,FALSE
1031,"550 Madison Avenue POPS",7,7,23,TRUE,TRUE,"dayprefixed",FALSE,FALSE,FALSE,FALSE
1032,"55 East 52nd Street POPS",1,8,22,TRUE,TRUE,"dayprefixed",FALSE,FALSE,FALSE,FALSE
1032,"55 East 52nd Street POPS",2,8,22,TRUE,TRUE,"dayprefixed",FALSE,FALSE,FALSE,FALSE
1032,"55 East 52nd Street POPS",3,8,22,TRUE,TRUE,"dayprefixed",FALSE,FALSE,FALSE,FALSE
1032,"55 East 52nd Street POPS",4,8,22,TRUE,TRUE,"dayprefixed",FALSE,FALSE,FALSE,FALSE
1032,"55 East 52nd Street POPS",5,8,22,TRUE,TRUE,"dayprefixed",FALSE,FALSE,FALSE,FALSE
1032,"55 East 52nd Street POPS",6,8,22,TRUE,TRUE,"dayprefixed",FALSE,FALSE,FALSE,FALSE
1032,"55 East 52nd Street POPS",7,8,22,TRUE,TRUE,"dayprefixed",FALSE,FALSE,FALSE,FALSE
1033,"153 East 53rd Street POPS",1,7,23,TRUE,TRUE,"dayprefixed",FALSE,FALSE,FALSE,FALSE
1033,"153 East 53rd Street POPS",2,7,23,TRUE,TRUE,"dayprefixed",FALSE,FALSE,FALSE,FALSE
1033,"153 East 53rd Street POPS",3,7,23,TRUE,TRUE,"dayprefixed",FALSE,FALSE,FALSE,FALSE
1033,"153 East 53rd Street POPS",4,7,23,TRUE,TRUE,"dayprefixed",FALSE,FALSE,FALSE,FALSE
1033,"153 East 53rd Street POPS",5,7,23,TRUE,TRUE,"dayprefixed",FALSE,FALSE,FALSE,FALSE
1033,"153 East 53rd Street POPS",6,7,23,TRUE,TRUE,"dayprefixed",FALSE,FALSE,FALSE,FALSE
1033,"153 East 53rd Street POPS",7,7,23,TRUE,TRUE,"dayprefixed",FALSE,FALSE,FALSE,FALSE
1034,"2 Lincoln Square POPS",1,11.5,19.5,TRUE,TRUE,"dayprefixed",FALSE,FALSE,FALSE,FALSE
1034,"2 Lincoln Square POPS",2,11.5,19.5,TRUE,TRUE,"dayprefixed",FALSE,FALSE,FALSE,FALSE
1034,"2 Lincoln Square POPS",3,11.5,19.5,TRUE,TRUE,"dayprefixed",FALSE,FALSE,FALSE,FALSE
1034,"2 Lincoln Square POPS",4,11.5,19.5,TRUE,TRUE,"dayprefixed",FALSE,FALSE,FALSE,FALSE
1034,"2 Lincoln Square POPS",5,11.5,19.5,TRUE,TRUE,"dayprefixed",FALSE,FALSE,FALSE,FALSE
1034,"2 Lincoln Square POPS",6,11.5,19.5,TRUE,TRUE,"dayprefixed",FALSE,FALSE,FALSE,FALSE
1034,"2 Lincoln Square POPS",7,11.5,19.5,TRUE,TRUE,"dayprefixed",FALSE,FALSE,FALSE,FALSE
1035,"61 West 62nd Street POPS",1,9,22,TRUE,TRUE,"dayprefixed",FALSE,FALSE,FALSE,FALSE
1035,"61 West 62nd Street POPS",2,8,22,TRUE,TRUE,"dayprefixed",FALSE,FALSE,FALSE,FALSE
1035,"61 West 62nd Street POPS",3,8,22,TRUE,TRUE,"dayprefixed",FALSE,FALSE,FALSE,FALSE
1035,"61 West 62nd Street POPS",4,8,22,TRUE,TRUE,"dayprefixed",FALSE,FALSE,FALSE,FALSE
1035,"61 West 62nd Street POPS",5,8,22,TRUE,TRUE,"dayprefixed",FALSE,FALSE,FALSE,FALSE
1035,"61 West 62nd Street POPS",6,8,22,TRUE,TRUE,"dayprefixed",FALSE,FALSE,FALSE,FALSE
1035,"61 West 62nd Street POPS",7,9,22,TRUE,TRUE,"dayprefixed",FALSE,FALSE,FALSE,FALSE
1036,"180 Maiden Lane POPS",1,10,19,TRUE,TRUE,"dayprefixed",FALSE,FALSE,FALSE,FALSE
1036,"180 Maiden Lane POPS",2,8.5,22,TRUE,TRUE,"dayprefixed",FALSE,FALSE,FALSE,FALSE
1036,"180 Maiden Lane POPS",3,8.5,22,TRUE,TRUE,"dayprefixed",FALSE,FALSE,FALSE,FALSE
1036,"180 Maiden Lane POPS",4,8.5,22,TRUE,TRUE,"dayprefixed",FALSE,FALSE,FALSE,FALSE
1036,"180 Maiden Lane POPS",5,8.5,22,TRUE,TRUE,"dayprefixed",FALSE,FALSE,FALSE,FALSE
1036,"180 Maiden Lane POPS",6,8.5,22,TRUE,TRUE,"dayprefixed",FALSE,FALSE,FALSE,FALSE
1036,"180 Maiden Lane POPS",7,8.5,22,TRUE,TRUE,"dayprefixed",FALSE,FALSE,FALSE,FALSE
1037,"Lopez Playground",1,8,16,TRUE,TRUE,"uniform",FALSE,FALSE,FALSE,FALSE
1037,"Lopez Playground",2,8,16,TRUE,TRUE,"uniform",FALSE,FALSE,FALSE,FALSE
1037,"Lopez Playground",3,8,16,TRUE,TRUE,"uniform",FALSE,FALSE,FALSE,FALSE
1037,"Lopez Playground",4,8,16,TRUE,TRUE,"uniform",FALSE,FALSE,FALSE,FALSE
1037,"Lopez Playground",5,8,16,TRUE,TRUE,"uniform",FALSE,FALSE,FALSE,FALSE
1037,"Lopez Playground",6,8,16,TRUE,TRUE,"uniform",FALSE,FALSE,FALSE,FALSE
1037,"Lopez Playground",7,8,16,TRUE,TRUE,"uniform",FALSE,FALSE,FALSE,FALSE
1038,"Adventure Playground",1,8,16,TRUE,TRUE,"uniform",FALSE,FALSE,FALSE,FALSE
1038,"Adventure Playground",2,8,16,TRUE,TRUE,"uniform",FALSE,FALSE,FALSE,FALSE
1038,"Adventure Playground",3,8,16,TRUE,TRUE,"uniform",FALSE,FALSE,FALSE,FALSE
1038,"Adventure Playground",4,8,16,TRUE,TRUE,"uniform",FALSE,FALSE,FALSE,FALSE
1038,"Adventure Playground",5,8,16,TRUE,TRUE,"uniform",FALSE,FALSE,FALSE,FALSE
1038,"Adventure Playground",6,8,16,TRUE,TRUE,"uniform",FALSE,FALSE,FALSE,FALSE
1038,"Adventure Playground",7,8,16,TRUE,TRUE,"uniform",FALSE,FALSE,FALSE,FALSE
1039,"Maspeth Park",1,8,16,TRUE,TRUE,"uniform",FALSE,FALSE,FALSE,FALSE
1039,"Maspeth Park",2,8,16,TRUE,TRUE,"uniform",FALSE,FALSE,FALSE,FALSE
1039,"Maspeth Park",3,8,16,TRUE,TRUE,"uniform",FALSE,FALSE,FALSE,FALSE
1039,"Maspeth Park",4,8,16,TRUE,TRUE,"uniform",FALSE,FALSE,FALSE,FALSE
1039,"Maspeth Park",5,8,16,TRUE,TRUE,"uniform",FALSE,FALSE,FALSE,FALSE
1039,"Maspeth Park",6,8,16,TRUE,TRUE,"uniform",FALSE,FALSE,FALSE,FALSE
1039,"Maspeth Park",7,8,16,TRUE,TRUE,"uniform",FALSE,FALSE,FALSE,FALSE
1040,"Valentino Park and Pier",1,8,20,TRUE,TRUE,"uniform",FALSE,FALSE,FALSE,FALSE
1040,"Valentino Park and Pier",2,8,20,TRUE,TRUE,"uniform",FALSE,FALSE,FALSE,FALSE
1040,"Valentino Park and Pier",3,8,20,TRUE,TRUE,"uniform",FALSE,FALSE,FALSE,FALSE
1040,"Valentino Park and Pier",4,8,20,TRUE,TRUE,"uniform",FALSE,FALSE,FALSE,FALSE
1040,"Valentino Park and Pier",5,8,20,TRUE,TRUE,"uniform",FALSE,FALSE,FALSE,FALSE
1040,"Valentino Park and Pier",6,8,20,TRUE,TRUE,"uniform",FALSE,FALSE,FALSE,FALSE
1040,"Valentino Park and Pier",7,8,20,TRUE,TRUE,"uniform",FALSE,FALSE,FALSE,FALSE
1041,"Library for Arts & Culture",1,,,FALSE,TRUE,"dayprefixed",FALSE,FALSE,FALSE,FALSE
1041,"Library for Arts & Culture",2,10,17,TRUE,TRUE,"dayprefixed",FALSE,FALSE,FALSE,FALSE
1041,"Library for Arts & Culture",3,10,17,TRUE,TRUE,"dayprefixed",FALSE,FALSE,FALSE,FALSE
1041,"Library for Arts & Culture",4,10,17,TRUE,TRUE,"dayprefixed",FALSE,FALSE,FALSE,FALSE
1041,"Library for Arts & Culture",5,10,17,TRUE,TRUE,"dayprefixed",FALSE,FALSE,FALSE,FALSE
1041,"Library for Arts & Culture",6,10,17,TRUE,TRUE,"dayprefixed",FALSE,FALSE,FALSE,FALSE
1041,"Library for Arts & Culture",7,10,15,TRUE,TRUE,"dayprefixed",FALSE,FALSE,FALSE,FALSE
1042,"Al Quiñones Playground",1,8,16,TRUE,TRUE,"uniform",FALSE,FALSE,FALSE,FALSE
1042,"Al Quiñones Playground",2,8,16,TRUE,TRUE,"uniform",FALSE,FALSE,FALSE,FALSE
1042,"Al Quiñones Playground",3,8,16,TRUE,TRUE,"uniform",FALSE,FALSE,FALSE,FALSE
1042,"Al Quiñones Playground",4,8,16,TRUE,TRUE,"uniform",FALSE,FALSE,FALSE,FALSE
1042,"Al Quiñones Playground",5,8,16,TRUE,TRUE,"uniform",FALSE,FALSE,FALSE,FALSE
1042,"Al Quiñones Playground",6,8,16,TRUE,TRUE,"uniform",FALSE,FALSE,FALSE,FALSE
1042,"Al Quiñones Playground",7,8,16,TRUE,TRUE,"uniform",FALSE,FALSE,FALSE,FALSE
1043,"Arthur Kill Amusement Park",1,12,22,TRUE,TRUE,"dayprefixed",FALSE,FALSE,FALSE,FALSE
1043,"Arthur Kill Amusement Park",2,,,FALSE,TRUE,"dayprefixed",FALSE,FALSE,FALSE,TRUE
1043,"Arthur Kill Amusement Park",3,12,22,TRUE,TRUE,"dayprefixed",FALSE,FALSE,FALSE,FALSE
1043,"Arthur Kill Amusement Park",4,12,22,TRUE,TRUE,"dayprefixed",FALSE,FALSE,FALSE,FALSE
1043,"Arthur Kill Amusement Park",5,12,22,TRUE,TRUE,"dayprefixed",FALSE,FALSE,FALSE,FALSE
1043,"Arthur Kill Amusement Park",6,12,22,TRUE,TRUE,"dayprefixed",FALSE,FALSE,FALSE,FALSE
1043,"Arthur Kill Amusement Park",7,12,22,TRUE,TRUE,"dayprefixed",FALSE,FALSE,FALSE,FALSE
1044,"Arthur Kill Restaurant",1,12,22,TRUE,TRUE,"uniform",FALSE,FALSE,FALSE,FALSE
1044,"Arthur Kill Restaurant",2,12,22,TRUE,TRUE,"uniform",FALSE,FALSE,FALSE,FALSE
1044,"Arthur Kill Restaurant",3,12,22,TRUE,TRUE,"uniform",FALSE,FALSE,FALSE,FALSE
1044,"Arthur Kill Restaurant",4,12,22,TRUE,TRUE,"uniform",FALSE,FALSE,FALSE,FALSE
1044,"Arthur Kill Restaurant",5,12,22,TRUE,TRUE,"uniform",FALSE,FALSE,FALSE,FALSE
1044,"Arthur Kill Restaurant",6,12,22,TRUE,TRUE,"uniform",FALSE,FALSE,FALSE,FALSE
1044,"Arthur Kill Restaurant",7,12,22,TRUE,TRUE,"uniform",FALSE,FALSE,FALSE,FALSE
1045,"Canarsie Park Zone 2",1,8,16,TRUE,TRUE,"uniform",FALSE,FALSE,FALSE,FALSE
1045,"Canarsie Park Zone 2",2,8,16,TRUE,TRUE,"uniform",FALSE,FALSE,FALSE,FALSE
1045,"Canarsie Park Zone 2",3,8,16,TRUE,TRUE,"uniform",FALSE,FALSE,FALSE,FALSE
1045,"Canarsie Park Zone 2",4,8,16,TRUE,TRUE,"uniform",FALSE,FALSE,FALSE,FALSE
1045,"Canarsie Park Zone 2",5,8,16,TRUE,TRUE,"uniform",FALSE,FALSE,FALSE,FALSE
1045,"Canarsie Park Zone 2",6,8,16,TRUE,TRUE,"uniform",FALSE,FALSE,FALSE,FALSE
1045,"Canarsie Park Zone 2",7,8,16,TRUE,TRUE,"uniform",FALSE,FALSE,FALSE,FALSE
1046,"Dairy, Chess & Checkers House, Carousel",1,8,16,TRUE,TRUE,"uniform",FALSE,FALSE,FALSE,FALSE
1046,"Dairy, Chess & Checkers House, Carousel",2,8,16,TRUE,TRUE,"uniform",FALSE,FALSE,FALSE,FALSE
1046,"Dairy, Chess & Checkers House, Carousel",3,8,16,TRUE,TRUE,"uniform",FALSE,FALSE,FALSE,FALSE
1046,"Dairy, Chess & Checkers House, Carousel",4,8,16,TRUE,TRUE,"uniform",FALSE,FALSE,FALSE,FALSE
1046,"Dairy, Chess & Checkers House, Carousel",5,8,16,TRUE,TRUE,"uniform",FALSE,FALSE,FALSE,FALSE
1046,"Dairy, Chess & Checkers House, Carousel",6,8,16,TRUE,TRUE,"uniform",FALSE,FALSE,FALSE,FALSE
1046,"Dairy, Chess & Checkers House, Carousel",7,8,16,TRUE,TRUE,"uniform",FALSE,FALSE,FALSE,FALSE
1047,"Father Macris Park",1,8,16,TRUE,TRUE,"uniform",FALSE,FALSE,FALSE,FALSE
1047,"Father Macris Park",2,8,16,TRUE,TRUE,"uniform",FALSE,FALSE,FALSE,FALSE
1047,"Father Macris Park",3,8,16,TRUE,TRUE,"uniform",FALSE,FALSE,FALSE,FALSE
1047,"Father Macris Park",4,8,16,TRUE,TRUE,"uniform",FALSE,FALSE,FALSE,FALSE
1047,"Father Macris Park",5,8,16,TRUE,TRUE,"uniform",FALSE,FALSE,FALSE,FALSE
1047,"Father Macris Park",6,8,16,TRUE,TRUE,"uniform",FALSE,FALSE,FALSE,FALSE
1047,"Father Macris Park",7,8,16,TRUE,TRUE,"uniform",FALSE,FALSE,FALSE,FALSE
1048,"Fdr Brdwalk/South Beach Rest.",1,6,23,TRUE,TRUE,"uniform",FALSE,FALSE,FALSE,FALSE
1048,"Fdr Brdwalk/South Beach Rest.",2,6,23,TRUE,TRUE,"uniform",FALSE,FALSE,FALSE,FALSE
1048,"Fdr Brdwalk/South Beach Rest.",3,6,23,TRUE,TRUE,"uniform",FALSE,FALSE,FALSE,FALSE
1048,"Fdr Brdwalk/South Beach Rest.",4,6,23,TRUE,TRUE,"uniform",FALSE,FALSE,FALSE,FALSE
1048,"Fdr Brdwalk/South Beach Rest.",5,6,23,TRUE,TRUE,"uniform",FALSE,FALSE,FALSE,FALSE
1048,"Fdr Brdwalk/South Beach Rest.",6,6,23,TRUE,TRUE,"uniform",FALSE,FALSE,FALSE,FALSE
1048,"Fdr Brdwalk/South Beach Rest.",7,6,23,TRUE,TRUE,"uniform",FALSE,FALSE,FALSE,FALSE
1049,"Fidler-Wyckoff House Park",1,,,,FALSE,"unparseable",,,FALSE,
1049,"Fidler-Wyckoff House Park",2,,,,FALSE,"unparseable",,,FALSE,
1049,"Fidler-Wyckoff House Park",3,,,,FALSE,"unparseable",,,FALSE,
1049,"Fidler-Wyckoff House Park",4,,,,FALSE,"unparseable",,,FALSE,
1049,"Fidler-Wyckoff House Park",5,,,,FALSE,"unparseable",,,FALSE,
1049,"Fidler-Wyckoff House Park",6,,,,FALSE,"unparseable",,,FALSE,
1049,"Fidler-Wyckoff House Park",7,,,,FALSE,"unparseable",,,FALSE,
1050,"Fort #4 Playground",1,8,16,TRUE,TRUE,"uniform",FALSE,FALSE,FALSE,FALSE
1050,"Fort #4 Playground",2,8,16,TRUE,TRUE,"uniform",FALSE,FALSE,FALSE,FALSE
1050,"Fort #4 Playground",3,8,16,TRUE,TRUE,"uniform",FALSE,FALSE,FALSE,FALSE
1050,"Fort #4 Playground",4,8,16,TRUE,TRUE,"uniform",FALSE,FALSE,FALSE,FALSE
1050,"Fort #4 Playground",5,8,16,TRUE,TRUE,"uniform",FALSE,FALSE,FALSE,FALSE
1050,"Fort #4 Playground",6,8,16,TRUE,TRUE,"uniform",FALSE,FALSE,FALSE,FALSE
1050,"Fort #4 Playground",7,8,16,TRUE,TRUE,"uniform",FALSE,FALSE,FALSE,FALSE
1051,"High Line Food And Other Facilities",1,10.5,22.5,TRUE,TRUE,"uniform",FALSE,FALSE,FALSE,FALSE
1051,"High Line Food And Other Facilities",2,10.5,22.5,TRUE,TRUE,"uniform",FALSE,FALSE,FALSE,FALSE
1051,"High Line Food And Other Facilities",3,10.5,22.5,TRUE,TRUE,"uniform",FALSE,FALSE,FALSE,FALSE
1051,"High Line Food And Other Facilities",4,10.5,22.5,TRUE,TRUE,"uniform",FALSE,FALSE,FALSE,FALSE
1051,"High Line Food And Other Facilities",5,10.5,22.5,TRUE,TRUE,"uniform",FALSE,FALSE,FALSE,FALSE
1051,"High Line Food And Other Facilities",6,10.5,22.5,TRUE,TRUE,"uniform",FALSE,FALSE,FALSE,FALSE
1051,"High Line Food And Other Facilities",7,10.5,22.5,TRUE,TRUE,"uniform",FALSE,FALSE,FALSE,FALSE
1052,"Hoyt Playground",1,8,16,TRUE,TRUE,"uniform",FALSE,FALSE,FALSE,FALSE
1052,"Hoyt Playground",2,8,16,TRUE,TRUE,"uniform",FALSE,FALSE,FALSE,FALSE
1052,"Hoyt Playground",3,8,16,TRUE,TRUE,"uniform",FALSE,FALSE,FALSE,FALSE
1052,"Hoyt Playground",4,8,16,TRUE,TRUE,"uniform",FALSE,FALSE,FALSE,FALSE
1052,"Hoyt Playground",5,8,16,TRUE,TRUE,"uniform",FALSE,FALSE,FALSE,FALSE
1052,"Hoyt Playground",6,8,16,TRUE,TRUE,"uniform",FALSE,FALSE,FALSE,FALSE
1052,"Hoyt Playground",7,8,16,TRUE,TRUE,"uniform",FALSE,FALSE,FALSE,FALSE
1053,"Irving Square Park",1,8,16,TRUE,TRUE,"uniform",FALSE,FALSE,FALSE,FALSE
1053,"Irving Square Park",2,8,16,TRUE,TRUE,"uniform",FALSE,FALSE,FALSE,FALSE
1053,"Irving Square Park",3,8,16,TRUE,TRUE,"uniform",FALSE,FALSE,FALSE,FALSE
1053,"Irving Square Park",4,8,16,TRUE,TRUE,"uniform",FALSE,FALSE,FALSE,FALSE
1053,"Irving Square Park",5,8,16,TRUE,TRUE,"uniform",FALSE,FALSE,FALSE,FALSE
1053,"Irving Square Park",6,8,16,TRUE,TRUE,"uniform",FALSE,FALSE,FALSE,FALSE
1053,"Irving Square Park",7,8,16,TRUE,TRUE,"uniform",FALSE,FALSE,FALSE,FALSE
1054,"Jack Breininger Park",1,8,16,TRUE,TRUE,"uniform",FALSE,FALSE,FALSE,FALSE
1054,"Jack Breininger Park",2,8,16,TRUE,TRUE,"uniform",FALSE,FALSE,FALSE,FALSE
1054,"Jack Breininger Park",3,8,16,TRUE,TRUE,"uniform",FALSE,FALSE,FALSE,FALSE
1054,"Jack Breininger Park",4,8,16,TRUE,TRUE,"uniform",FALSE,FALSE,FALSE,FALSE
1054,"Jack Breininger Park",5,8,16,TRUE,TRUE,"uniform",FALSE,FALSE,FALSE,FALSE
1054,"Jack Breininger Park",6,8,16,TRUE,TRUE,"uniform",FALSE,FALSE,FALSE,FALSE
1054,"Jack Breininger Park",7,8,16,TRUE,TRUE,"uniform",FALSE,FALSE,FALSE,FALSE
1055,"Joyce Kilmer Park",1,8,16,TRUE,TRUE,"uniform",FALSE,FALSE,FALSE,FALSE
1055,"Joyce Kilmer Park",2,8,16,TRUE,TRUE,"uniform",FALSE,FALSE,FALSE,FALSE
1055,"Joyce Kilmer Park",3,8,16,TRUE,TRUE,"uniform",FALSE,FALSE,FALSE,FALSE
1055,"Joyce Kilmer Park",4,8,16,TRUE,TRUE,"uniform",FALSE,FALSE,FALSE,FALSE
1055,"Joyce Kilmer Park",5,8,16,TRUE,TRUE,"uniform",FALSE,FALSE,FALSE,FALSE
1055,"Joyce Kilmer Park",6,8,16,TRUE,TRUE,"uniform",FALSE,FALSE,FALSE,FALSE
1055,"Joyce Kilmer Park",7,8,16,TRUE,TRUE,"uniform",FALSE,FALSE,FALSE,FALSE
1056,"Midland Beach Zone 4",1,8,16,TRUE,TRUE,"uniform",FALSE,FALSE,FALSE,FALSE
1056,"Midland Beach Zone 4",2,8,16,TRUE,TRUE,"uniform",FALSE,FALSE,FALSE,FALSE
1056,"Midland Beach Zone 4",3,8,16,TRUE,TRUE,"uniform",FALSE,FALSE,FALSE,FALSE
1056,"Midland Beach Zone 4",4,8,16,TRUE,TRUE,"uniform",FALSE,FALSE,FALSE,FALSE
1056,"Midland Beach Zone 4",5,8,16,TRUE,TRUE,"uniform",FALSE,FALSE,FALSE,FALSE
1056,"Midland Beach Zone 4",6,8,16,TRUE,TRUE,"uniform",FALSE,FALSE,FALSE,FALSE
1056,"Midland Beach Zone 4",7,8,16,TRUE,TRUE,"uniform",FALSE,FALSE,FALSE,FALSE
1057,"Mill Pond Indoor Tennis",1,,,,FALSE,"blank",,,FALSE,
1057,"Mill Pond Indoor Tennis",2,,,,FALSE,"blank",,,FALSE,
1057,"Mill Pond Indoor Tennis",3,,,,FALSE,"blank",,,FALSE,
1057,"Mill Pond Indoor Tennis",4,,,,FALSE,"blank",,,FALSE,
1057,"Mill Pond Indoor Tennis",5,,,,FALSE,"blank",,,FALSE,
1057,"Mill Pond Indoor Tennis",6,,,,FALSE,"blank",,,FALSE,
1057,"Mill Pond Indoor Tennis",7,,,,FALSE,"blank",,,FALSE,
1058,"Mill Pond Playground",1,8,16,TRUE,TRUE,"uniform",FALSE,FALSE,FALSE,FALSE
1058,"Mill Pond Playground",2,8,16,TRUE,TRUE,"uniform",FALSE,FALSE,FALSE,FALSE
1058,"Mill Pond Playground",3,8,16,TRUE,TRUE,"uniform",FALSE,FALSE,FALSE,FALSE
1058,"Mill Pond Playground",4,8,16,TRUE,TRUE,"uniform",FALSE,FALSE,FALSE,FALSE
1058,"Mill Pond Playground",5,8,16,TRUE,TRUE,"uniform",FALSE,FALSE,FALSE,FALSE
1058,"Mill Pond Playground",6,8,16,TRUE,TRUE,"uniform",FALSE,FALSE,FALSE,FALSE
1058,"Mill Pond Playground",7,8,16,TRUE,TRUE,"uniform",FALSE,FALSE,FALSE,FALSE
1059,"North Park Phase 1",1,8,16,TRUE,TRUE,"uniform",FALSE,FALSE,FALSE,FALSE
1059,"North Park Phase 1",2,8,16,TRUE,TRUE,"uniform",FALSE,FALSE,FALSE,FALSE
1059,"North Park Phase 1",3,8,16,TRUE,TRUE,"uniform",FALSE,FALSE,FALSE,FALSE
1059,"North Park Phase 1",4,8,16,TRUE,TRUE,"uniform",FALSE,FALSE,FALSE,FALSE
1059,"North Park Phase 1",5,8,16,TRUE,TRUE,"uniform",FALSE,FALSE,FALSE,FALSE
1059,"North Park Phase 1",6,8,16,TRUE,TRUE,"uniform",FALSE,FALSE,FALSE,FALSE
1059,"North Park Phase 1",7,8,16,TRUE,TRUE,"uniform",FALSE,FALSE,FALSE,FALSE
1060,"Owl Hollow Fields",1,8,16,TRUE,TRUE,"uniform",FALSE,FALSE,FALSE,FALSE
1060,"Owl Hollow Fields",2,8,16,TRUE,TRUE,"uniform",FALSE,FALSE,FALSE,FALSE
1060,"Owl Hollow Fields",3,8,16,TRUE,TRUE,"uniform",FALSE,FALSE,FALSE,FALSE
1060,"Owl Hollow Fields",4,8,16,TRUE,TRUE,"uniform",FALSE,FALSE,FALSE,FALSE
1060,"Owl Hollow Fields",5,8,16,TRUE,TRUE,"uniform",FALSE,FALSE,FALSE,FALSE
1060,"Owl Hollow Fields",6,8,16,TRUE,TRUE,"uniform",FALSE,FALSE,FALSE,FALSE
1060,"Owl Hollow Fields",7,8,16,TRUE,TRUE,"uniform",FALSE,FALSE,FALSE,FALSE
1061,"Pier 42",1,8,16,TRUE,TRUE,"uniform",FALSE,FALSE,FALSE,FALSE
1061,"Pier 42",2,8,16,TRUE,TRUE,"uniform",FALSE,FALSE,FALSE,FALSE
1061,"Pier 42",3,8,16,TRUE,TRUE,"uniform",FALSE,FALSE,FALSE,FALSE
1061,"Pier 42",4,8,16,TRUE,TRUE,"uniform",FALSE,FALSE,FALSE,FALSE
1061,"Pier 42",5,8,16,TRUE,TRUE,"uniform",FALSE,FALSE,FALSE,FALSE
1061,"Pier 42",6,8,16,TRUE,TRUE,"uniform",FALSE,FALSE,FALSE,FALSE
1061,"Pier 42",7,8,16,TRUE,TRUE,"uniform",FALSE,FALSE,FALSE,FALSE
1062,"Raymond O’Connor Park",1,8,16,TRUE,TRUE,"uniform",FALSE,FALSE,FALSE,FALSE
1062,"Raymond O’Connor Park",2,8,16,TRUE,TRUE,"uniform",FALSE,FALSE,FALSE,FALSE
1062,"Raymond O’Connor Park",3,8,16,TRUE,TRUE,"uniform",FALSE,FALSE,FALSE,FALSE
1062,"Raymond O’Connor Park",4,8,16,TRUE,TRUE,"uniform",FALSE,FALSE,FALSE,FALSE
1062,"Raymond O’Connor Park",5,8,16,TRUE,TRUE,"uniform",FALSE,FALSE,FALSE,FALSE
1062,"Raymond O’Connor Park",6,8,16,TRUE,TRUE,"uniform",FALSE,FALSE,FALSE,FALSE
1062,"Raymond O’Connor Park",7,8,16,TRUE,TRUE,"uniform",FALSE,FALSE,FALSE,FALSE
1063,"Rudd Playground",1,8,16,TRUE,TRUE,"uniform",FALSE,FALSE,FALSE,FALSE
1063,"Rudd Playground",2,8,16,TRUE,TRUE,"uniform",FALSE,FALSE,FALSE,FALSE
1063,"Rudd Playground",3,8,16,TRUE,TRUE,"uniform",FALSE,FALSE,FALSE,FALSE
1063,"Rudd Playground",4,8,16,TRUE,TRUE,"uniform",FALSE,FALSE,FALSE,FALSE
1063,"Rudd Playground",5,8,16,TRUE,TRUE,"uniform",FALSE,FALSE,FALSE,FALSE
1063,"Rudd Playground",6,8,16,TRUE,TRUE,"uniform",FALSE,FALSE,FALSE,FALSE
1063,"Rudd Playground",7,8,16,TRUE,TRUE,"uniform",FALSE,FALSE,FALSE,FALSE
1064,"Starlight Park Zone 1",1,8,16,TRUE,TRUE,"uniform",FALSE,FALSE,FALSE,FALSE
1064,"Starlight Park Zone 1",2,8,16,TRUE,TRUE,"uniform",FALSE,FALSE,FALSE,FALSE
1064,"Starlight Park Zone 1",3,8,16,TRUE,TRUE,"uniform",FALSE,FALSE,FALSE,FALSE
1064,"Starlight Park Zone 1",4,8,16,TRUE,TRUE,"uniform",FALSE,FALSE,FALSE,FALSE
1064,"Starlight Park Zone 1",5,8,16,TRUE,TRUE,"uniform",FALSE,FALSE,FALSE,FALSE
1064,"Starlight Park Zone 1",6,8,16,TRUE,TRUE,"uniform",FALSE,FALSE,FALSE,FALSE
1064,"Starlight Park Zone 1",7,8,16,TRUE,TRUE,"uniform",FALSE,FALSE,FALSE,FALSE
1065,"Thomas Jefferson Park",1,8,16,TRUE,TRUE,"uniform",FALSE,FALSE,FALSE,FALSE
1065,"Thomas Jefferson Park",2,8,16,TRUE,TRUE,"uniform",FALSE,FALSE,FALSE,FALSE
1065,"Thomas Jefferson Park",3,8,16,TRUE,TRUE,"uniform",FALSE,FALSE,FALSE,FALSE
1065,"Thomas Jefferson Park",4,8,16,TRUE,TRUE,"uniform",FALSE,FALSE,FALSE,FALSE
1065,"Thomas Jefferson Park",5,8,16,TRUE,TRUE,"uniform",FALSE,FALSE,FALSE,FALSE
1065,"Thomas Jefferson Park",6,8,16,TRUE,TRUE,"uniform",FALSE,FALSE,FALSE,FALSE
1065,"Thomas Jefferson Park",7,8,16,TRUE,TRUE,"uniform",FALSE,FALSE,FALSE,FALSE
1066,"Van Cortlandt Stadium",1,8,16,TRUE,TRUE,"uniform",FALSE,FALSE,FALSE,FALSE
1066,"Van Cortlandt Stadium",2,8,16,TRUE,TRUE,"uniform",FALSE,FALSE,FALSE,FALSE
1066,"Van Cortlandt Stadium",3,8,16,TRUE,TRUE,"uniform",FALSE,FALSE,FALSE,FALSE
1066,"Van Cortlandt Stadium",4,8,16,TRUE,TRUE,"uniform",FALSE,FALSE,FALSE,FALSE
1066,"Van Cortlandt Stadium",5,8,16,TRUE,TRUE,"uniform",FALSE,FALSE,FALSE,FALSE
1066,"Van Cortlandt Stadium",6,8,16,TRUE,TRUE,"uniform",FALSE,FALSE,FALSE,FALSE
1066,"Van Cortlandt Stadium",7,8,16,TRUE,TRUE,"uniform",FALSE,FALSE,FALSE,FALSE
