"hour","day","day_type","scenario","placeholder_close","metric","value"
6,"Sunday","weekend","off_season",16,"n_open",34
7,"Sunday","weekend","off_season",16,"n_open",55
8,"Sunday","weekend","off_season",16,"n_open",715
9,"Sunday","weekend","off_season",16,"n_open",733
10,"Sunday","weekend","off_season",16,"n_open",739
11,"Sunday","weekend","off_season",16,"n_open",749
12,"Sunday","weekend","off_season",16,"n_open",759
13,"Sunday","weekend","off_season",16,"n_open",767
14,"Sunday","weekend","off_season",16,"n_open",767
15,"Sunday","weekend","off_season",16,"n_open",766
16,"Sunday","weekend","off_season",16,"n_open",124
17,"Sunday","weekend","off_season",16,"n_open",100
18,"Sunday","weekend","off_season",16,"n_open",97
19,"Sunday","weekend","off_season",16,"n_open",85
20,"Sunday","weekend","off_season",16,"n_open",61
21,"Sunday","weekend","off_season",16,"n_open",54
22,"Sunday","weekend","off_season",16,"n_open",39
23,"Sunday","weekend","off_season",16,"n_open",21
24,"Sunday","weekend","off_season",16,"n_open",15
6,"Monday","weekday","off_season",16,"n_open",34
7,"Monday","weekday","off_season",16,"n_open",56
8,"Monday","weekday","off_season",16,"n_open",720
9,"Monday","weekday","off_season",16,"n_open",741
10,"Monday","weekday","off_season",16,"n_open",912
11,"Monday","weekday","off_season",16,"n_open",943
12,"Monday","weekday","off_season",16,"n_open",952
13,"Monday","weekday","off_season",16,"n_open",953
14,"Monday","weekday","off_season",16,"n_open",953
15,"Monday","weekday","off_season",16,"n_open",952
16,"Monday","weekday","off_season",16,"n_open",311
17,"Monday","weekday","off_season",16,"n_open",294
18,"Monday","weekday","off_season",16,"n_open",154
19,"Monday","weekday","off_season",16,"n_open",98
20,"Monday","weekday","off_season",16,"n_open",65
21,"Monday","weekday","off_season",16,"n_open",56
22,"Monday","weekday","off_season",16,"n_open",41
23,"Monday","weekday","off_season",16,"n_open",22
24,"Monday","weekday","off_season",16,"n_open",15
6,"Tuesday","weekday","off_season",16,"n_open",34
7,"Tuesday","weekday","off_season",16,"n_open",56
8,"Tuesday","weekday","off_season",16,"n_open",720
9,"Tuesday","weekday","off_season",16,"n_open",741
10,"Tuesday","weekday","off_season",16,"n_open",807
11,"Tuesday","weekday","off_season",16,"n_open",836
12,"Tuesday","weekday","off_season",16,"n_open",845
13,"Tuesday","weekday","off_season",16,"n_open",953
14,"Tuesday","weekday","off_season",16,"n_open",953
15,"Tuesday","weekday","off_season",16,"n_open",952
16,"Tuesday","weekday","off_season",16,"n_open",311
17,"Tuesday","weekday","off_season",16,"n_open",295
18,"Tuesday","weekday","off_season",16,"n_open",202
19,"Tuesday","weekday","off_season",16,"n_open",146
20,"Tuesday","weekday","off_season",16,"n_open",66
21,"Tuesday","weekday","off_season",16,"n_open",57
22,"Tuesday","weekday","off_season",16,"n_open",41
23,"Tuesday","weekday","off_season",16,"n_open",22
24,"Tuesday","weekday","off_season",16,"n_open",15
6,"Wednesday","weekday","off_season",16,"n_open",34
7,"Wednesday","weekday","off_season",16,"n_open",56
8,"Wednesday","weekday","off_season",16,"n_open",720
9,"Wednesday","weekday","off_season",16,"n_open",741
10,"Wednesday","weekday","off_season",16,"n_open",910
11,"Wednesday","weekday","off_season",16,"n_open",943
12,"Wednesday","weekday","off_season",16,"n_open",953
13,"Wednesday","weekday","off_season",16,"n_open",954
14,"Wednesday","weekday","off_season",16,"n_open",954
15,"Wednesday","weekday","off_season",16,"n_open",953
16,"Wednesday","weekday","off_season",16,"n_open",312
17,"Wednesday","weekday","off_season",16,"n_open",295
18,"Wednesday","weekday","off_season",16,"n_open",156
19,"Wednesday","weekday","off_season",16,"n_open",99
20,"Wednesday","weekday","off_season",16,"n_open",66
21,"Wednesday","weekday","off_season",16,"n_open",57
22,"Wednesday","weekday","off_season",16,"n_open",41
23,"Wednesday","weekday","off_season",16,"n_open",22
24,"Wednesday","weekday","off_season",16,"n_open",15
6,"Thursday","weekday","off_season",16,"n_open",34
7,"Thursday","weekday","off_season",16,"n_open",56
8,"Thursday","weekday","off_season",16,"n_open",720
9,"Thursday","weekday","off_season",16,"n_open",741
10,"Thursday","weekday","off_season",16,"n_open",854
11,"Thursday","weekday","off_season",16,"n_open",886
12,"Thursday","weekday","off_season",16,"n_open",953
13,"Thursday","weekday","off_season",16,"n_open",954
14,"Thursday","weekday","off_season",16,"n_open",954
15,"Thursday","weekday","off_season",16,"n_open",953
16,"Thursday","weekday","off_season",16,"n_open",312
17,"Thursday","weekday","off_season",16,"n_open",296
18,"Thursday","weekday","off_season",16,"n_open",262
19,"Thursday","weekday","off_season",16,"n_open",204
20,"Thursday","weekday","off_season",16,"n_open",66
21,"Thursday","weekday","off_season",16,"n_open",57
22,"Thursday","weekday","off_season",16,"n_open",41
23,"Thursday","weekday","off_season",16,"n_open",22
24,"Thursday","weekday","off_season",16,"n_open",15
6,"Friday","weekday","off_season",16,"n_open",34
7,"Friday","weekday","off_season",16,"n_open",56
8,"Friday","weekday","off_season",16,"n_open",720
9,"Friday","weekday","off_season",16,"n_open",739
10,"Friday","weekday","off_season",16,"n_open",932
11,"Friday","weekday","off_season",16,"n_open",945
12,"Friday","weekday","off_season",16,"n_open",952
13,"Friday","weekday","off_season",16,"n_open",953
14,"Friday","weekday","off_season",16,"n_open",953
15,"Friday","weekday","off_season",16,"n_open",952
16,"Friday","weekday","off_season",16,"n_open",311
17,"Friday","weekday","off_season",16,"n_open",236
18,"Friday","weekday","off_season",16,"n_open",100
19,"Friday","weekday","off_season",16,"n_open",90
20,"Friday","weekday","off_season",16,"n_open",66
21,"Friday","weekday","off_season",16,"n_open",58
22,"Friday","weekday","off_season",16,"n_open",42
23,"Friday","weekday","off_season",16,"n_open",22
24,"Friday","weekday","off_season",16,"n_open",15
6,"Saturday","weekend","off_season",16,"n_open",34
7,"Saturday","weekend","off_season",16,"n_open",56
8,"Saturday","weekend","off_season",16,"n_open",717
9,"Saturday","weekend","off_season",16,"n_open",737
10,"Saturday","weekend","off_season",16,"n_open",931
11,"Saturday","weekend","off_season",16,"n_open",943
12,"Saturday","weekend","off_season",16,"n_open",951
13,"Saturday","weekend","off_season",16,"n_open",953
14,"Saturday","weekend","off_season",16,"n_open",953
15,"Saturday","weekend","off_season",16,"n_open",951
16,"Saturday","weekend","off_season",16,"n_open",307
17,"Saturday","weekend","off_season",16,"n_open",108
18,"Saturday","weekend","off_season",16,"n_open",99
19,"Saturday","weekend","off_season",16,"n_open",90
20,"Saturday","weekend","off_season",16,"n_open",65
21,"Saturday","weekend","off_season",16,"n_open",58
22,"Saturday","weekend","off_season",16,"n_open",41
23,"Saturday","weekend","off_season",16,"n_open",21
24,"Saturday","weekend","off_season",16,"n_open",15
6,"Sunday","weekend","in_season",20,"n_open",34
7,"Sunday","weekend","in_season",20,"n_open",55
8,"Sunday","weekend","in_season",20,"n_open",715
9,"Sunday","weekend","in_season",20,"n_open",733
10,"Sunday","weekend","in_season",20,"n_open",739
11,"Sunday","weekend","in_season",20,"n_open",749
12,"Sunday","weekend","in_season",20,"n_open",759
13,"Sunday","weekend","in_season",20,"n_open",767
14,"Sunday","weekend","in_season",20,"n_open",767
15,"Sunday","weekend","in_season",20,"n_open",766
16,"Sunday","weekend","in_season",20,"n_open",765
17,"Sunday","weekend","in_season",20,"n_open",741
18,"Sunday","weekend","in_season",20,"n_open",738
19,"Sunday","weekend","in_season",20,"n_open",726
20,"Sunday","weekend","in_season",20,"n_open",61
21,"Sunday","weekend","in_season",20,"n_open",54
22,"Sunday","weekend","in_season",20,"n_open",39
23,"Sunday","weekend","in_season",20,"n_open",21
24,"Sunday","weekend","in_season",20,"n_open",15
6,"Monday","weekday","in_season",20,"n_open",34
7,"Monday","weekday","in_season",20,"n_open",56
8,"Monday","weekday","in_season",20,"n_open",720
9,"Monday","weekday","in_season",20,"n_open",741
10,"Monday","weekday","in_season",20,"n_open",912
11,"Monday","weekday","in_season",20,"n_open",943
12,"Monday","weekday","in_season",20,"n_open",952
13,"Monday","weekday","in_season",20,"n_open",953
14,"Monday","weekday","in_season",20,"n_open",953
15,"Monday","weekday","in_season",20,"n_open",952
16,"Monday","weekday","in_season",20,"n_open",952
17,"Monday","weekday","in_season",20,"n_open",935
18,"Monday","weekday","in_season",20,"n_open",795
19,"Monday","weekday","in_season",20,"n_open",739
20,"Monday","weekday","in_season",20,"n_open",65
21,"Monday","weekday","in_season",20,"n_open",56
22,"Monday","weekday","in_season",20,"n_open",41
23,"Monday","weekday","in_season",20,"n_open",22
24,"Monday","weekday","in_season",20,"n_open",15
6,"Tuesday","weekday","in_season",20,"n_open",34
7,"Tuesday","weekday","in_season",20,"n_open",56
8,"Tuesday","weekday","in_season",20,"n_open",720
9,"Tuesday","weekday","in_season",20,"n_open",741
10,"Tuesday","weekday","in_season",20,"n_open",807
11,"Tuesday","weekday","in_season",20,"n_open",836
12,"Tuesday","weekday","in_season",20,"n_open",845
13,"Tuesday","weekday","in_season",20,"n_open",953
14,"Tuesday","weekday","in_season",20,"n_open",953
15,"Tuesday","weekday","in_season",20,"n_open",952
16,"Tuesday","weekday","in_season",20,"n_open",952
17,"Tuesday","weekday","in_season",20,"n_open",936
18,"Tuesday","weekday","in_season",20,"n_open",843
19,"Tuesday","weekday","in_season",20,"n_open",787
20,"Tuesday","weekday","in_season",20,"n_open",66
21,"Tuesday","weekday","in_season",20,"n_open",57
22,"Tuesday","weekday","in_season",20,"n_open",41
23,"Tuesday","weekday","in_season",20,"n_open",22
24,"Tuesday","weekday","in_season",20,"n_open",15
6,"Wednesday","weekday","in_season",20,"n_open",34
7,"Wednesday","weekday","in_season",20,"n_open",56
8,"Wednesday","weekday","in_season",20,"n_open",720
9,"Wednesday","weekday","in_season",20,"n_open",741
10,"Wednesday","weekday","in_season",20,"n_open",910
11,"Wednesday","weekday","in_season",20,"n_open",943
12,"Wednesday","weekday","in_season",20,"n_open",953
13,"Wednesday","weekday","in_season",20,"n_open",954
14,"Wednesday","weekday","in_season",20,"n_open",954
15,"Wednesday","weekday","in_season",20,"n_open",953
16,"Wednesday","weekday","in_season",20,"n_open",953
17,"Wednesday","weekday","in_season",20,"n_open",936
18,"Wednesday","weekday","in_season",20,"n_open",797
19,"Wednesday","weekday","in_season",20,"n_open",740
20,"Wednesday","weekday","in_season",20,"n_open",66
21,"Wednesday","weekday","in_season",20,"n_open",57
22,"Wednesday","weekday","in_season",20,"n_open",41
23,"Wednesday","weekday","in_season",20,"n_open",22
24,"Wednesday","weekday","in_season",20,"n_open",15
6,"Thursday","weekday","in_season",20,"n_open",34
7,"Thursday","weekday","in_season",20,"n_open",56
8,"Thursday","weekday","in_season",20,"n_open",720
9,"Thursday","weekday","in_season",20,"n_open",741
10,"Thursday","weekday","in_season",20,"n_open",854
11,"Thursday","weekday","in_season",20,"n_open",886
12,"Thursday","weekday","in_season",20,"n_open",953
13,"Thursday","weekday","in_season",20,"n_open",954
14,"Thursday","weekday","in_season",20,"n_open",954
15,"Thursday","weekday","in_season",20,"n_open",953
16,"Thursday","weekday","in_season",20,"n_open",953
17,"Thursday","weekday","in_season",20,"n_open",937
18,"Thursday","weekday","in_season",20,"n_open",903
19,"Thursday","weekday","in_season",20,"n_open",845
20,"Thursday","weekday","in_season",20,"n_open",66
21,"Thursday","weekday","in_season",20,"n_open",57
22,"Thursday","weekday","in_season",20,"n_open",41
23,"Thursday","weekday","in_season",20,"n_open",22
24,"Thursday","weekday","in_season",20,"n_open",15
6,"Friday","weekday","in_season",20,"n_open",34
7,"Friday","weekday","in_season",20,"n_open",56
8,"Friday","weekday","in_season",20,"n_open",720
9,"Friday","weekday","in_season",20,"n_open",739
10,"Friday","weekday","in_season",20,"n_open",932
11,"Friday","weekday","in_season",20,"n_open",945
12,"Friday","weekday","in_season",20,"n_open",952
13,"Friday","weekday","in_season",20,"n_open",953
14,"Friday","weekday","in_season",20,"n_open",953
15,"Friday","weekday","in_season",20,"n_open",952
16,"Friday","weekday","in_season",20,"n_open",952
17,"Friday","weekday","in_season",20,"n_open",877
18,"Friday","weekday","in_season",20,"n_open",741
19,"Friday","weekday","in_season",20,"n_open",731
20,"Friday","weekday","in_season",20,"n_open",66
21,"Friday","weekday","in_season",20,"n_open",58
22,"Friday","weekday","in_season",20,"n_open",42
23,"Friday","weekday","in_season",20,"n_open",22
24,"Friday","weekday","in_season",20,"n_open",15
6,"Saturday","weekend","in_season",20,"n_open",34
7,"Saturday","weekend","in_season",20,"n_open",56
8,"Saturday","weekend","in_season",20,"n_open",717
9,"Saturday","weekend","in_season",20,"n_open",737
10,"Saturday","weekend","in_season",20,"n_open",931
11,"Saturday","weekend","in_season",20,"n_open",943
12,"Saturday","weekend","in_season",20,"n_open",951
13,"Saturday","weekend","in_season",20,"n_open",953
14,"Saturday","weekend","in_season",20,"n_open",953
15,"Saturday","weekend","in_season",20,"n_open",951
16,"Saturday","weekend","in_season",20,"n_open",948
17,"Saturday","weekend","in_season",20,"n_open",749
18,"Saturday","weekend","in_season",20,"n_open",740
19,"Saturday","weekend","in_season",20,"n_open",731
20,"Saturday","weekend","in_season",20,"n_open",65
21,"Saturday","weekend","in_season",20,"n_open",58
22,"Saturday","weekend","in_season",20,"n_open",41
23,"Saturday","weekend","in_season",20,"n_open",21
24,"Saturday","weekend","in_season",20,"n_open",15
6,"Sunday","weekend","in_season_late",22,"n_open",34
7,"Sunday","weekend","in_season_late",22,"n_open",55
8,"Sunday","weekend","in_season_late",22,"n_open",715
9,"Sunday","weekend","in_season_late",22,"n_open",733
10,"Sunday","weekend","in_season_late",22,"n_open",739
11,"Sunday","weekend","in_season_late",22,"n_open",749
12,"Sunday","weekend","in_season_late",22,"n_open",759
13,"Sunday","weekend","in_season_late",22,"n_open",767
14,"Sunday","weekend","in_season_late",22,"n_open",767
15,"Sunday","weekend","in_season_late",22,"n_open",766
16,"Sunday","weekend","in_season_late",22,"n_open",765
17,"Sunday","weekend","in_season_late",22,"n_open",741
18,"Sunday","weekend","in_season_late",22,"n_open",738
19,"Sunday","weekend","in_season_late",22,"n_open",726
20,"Sunday","weekend","in_season_late",22,"n_open",702
21,"Sunday","weekend","in_season_late",22,"n_open",695
22,"Sunday","weekend","in_season_late",22,"n_open",39
23,"Sunday","weekend","in_season_late",22,"n_open",21
24,"Sunday","weekend","in_season_late",22,"n_open",15
6,"Monday","weekday","in_season_late",22,"n_open",34
7,"Monday","weekday","in_season_late",22,"n_open",56
8,"Monday","weekday","in_season_late",22,"n_open",720
9,"Monday","weekday","in_season_late",22,"n_open",741
10,"Monday","weekday","in_season_late",22,"n_open",912
11,"Monday","weekday","in_season_late",22,"n_open",943
12,"Monday","weekday","in_season_late",22,"n_open",952
13,"Monday","weekday","in_season_late",22,"n_open",953
14,"Monday","weekday","in_season_late",22,"n_open",953
15,"Monday","weekday","in_season_late",22,"n_open",952
16,"Monday","weekday","in_season_late",22,"n_open",952
17,"Monday","weekday","in_season_late",22,"n_open",935
18,"Monday","weekday","in_season_late",22,"n_open",795
19,"Monday","weekday","in_season_late",22,"n_open",739
20,"Monday","weekday","in_season_late",22,"n_open",706
21,"Monday","weekday","in_season_late",22,"n_open",697
22,"Monday","weekday","in_season_late",22,"n_open",41
23,"Monday","weekday","in_season_late",22,"n_open",22
24,"Monday","weekday","in_season_late",22,"n_open",15
6,"Tuesday","weekday","in_season_late",22,"n_open",34
7,"Tuesday","weekday","in_season_late",22,"n_open",56
8,"Tuesday","weekday","in_season_late",22,"n_open",720
9,"Tuesday","weekday","in_season_late",22,"n_open",741
10,"Tuesday","weekday","in_season_late",22,"n_open",807
11,"Tuesday","weekday","in_season_late",22,"n_open",836
12,"Tuesday","weekday","in_season_late",22,"n_open",845
13,"Tuesday","weekday","in_season_late",22,"n_open",953
14,"Tuesday","weekday","in_season_late",22,"n_open",953
15,"Tuesday","weekday","in_season_late",22,"n_open",952
16,"Tuesday","weekday","in_season_late",22,"n_open",952
17,"Tuesday","weekday","in_season_late",22,"n_open",936
18,"Tuesday","weekday","in_season_late",22,"n_open",843
19,"Tuesday","weekday","in_season_late",22,"n_open",787
20,"Tuesday","weekday","in_season_late",22,"n_open",707
21,"Tuesday","weekday","in_season_late",22,"n_open",698
22,"Tuesday","weekday","in_season_late",22,"n_open",41
23,"Tuesday","weekday","in_season_late",22,"n_open",22
24,"Tuesday","weekday","in_season_late",22,"n_open",15
6,"Wednesday","weekday","in_season_late",22,"n_open",34
7,"Wednesday","weekday","in_season_late",22,"n_open",56
8,"Wednesday","weekday","in_season_late",22,"n_open",720
9,"Wednesday","weekday","in_season_late",22,"n_open",741
10,"Wednesday","weekday","in_season_late",22,"n_open",910
11,"Wednesday","weekday","in_season_late",22,"n_open",943
12,"Wednesday","weekday","in_season_late",22,"n_open",953
13,"Wednesday","weekday","in_season_late",22,"n_open",954
14,"Wednesday","weekday","in_season_late",22,"n_open",954
15,"Wednesday","weekday","in_season_late",22,"n_open",953
16,"Wednesday","weekday","in_season_late",22,"n_open",953
17,"Wednesday","weekday","in_season_late",22,"n_open",936
18,"Wednesday","weekday","in_season_late",22,"n_open",797
19,"Wednesday","weekday","in_season_late",22,"n_open",740
20,"Wednesday","weekday","in_season_late",22,"n_open",707
21,"Wednesday","weekday","in_season_late",22,"n_open",698
22,"Wednesday","weekday","in_season_late",22,"n_open",41
23,"Wednesday","weekday","in_season_late",22,"n_open",22
24,"Wednesday","weekday","in_season_late",22,"n_open",15
6,"Thursday","weekday","in_season_late",22,"n_open",34
7,"Thursday","weekday","in_season_late",22,"n_open",56
8,"Thursday","weekday","in_season_late",22,"n_open",720
9,"Thursday","weekday","in_season_late",22,"n_open",741
10,"Thursday","weekday","in_season_late",22,"n_open",854
11,"Thursday","weekday","in_season_late",22,"n_open",886
12,"Thursday","weekday","in_season_late",22,"n_open",953
13,"Thursday","weekday","in_season_late",22,"n_open",954
14,"Thursday","weekday","in_season_late",22,"n_open",954
15,"Thursday","weekday","in_season_late",22,"n_open",953
16,"Thursday","weekday","in_season_late",22,"n_open",953
17,"Thursday","weekday","in_season_late",22,"n_open",937
18,"Thursday","weekday","in_season_late",22,"n_open",903
19,"Thursday","weekday","in_season_late",22,"n_open",845
20,"Thursday","weekday","in_season_late",22,"n_open",707
21,"Thursday","weekday","in_season_late",22,"n_open",698
22,"Thursday","weekday","in_season_late",22,"n_open",41
23,"Thursday","weekday","in_season_late",22,"n_open",22
24,"Thursday","weekday","in_season_late",22,"n_open",15
6,"Friday","weekday","in_season_late",22,"n_open",34
7,"Friday","weekday","in_season_late",22,"n_open",56
8,"Friday","weekday","in_season_late",22,"n_open",720
9,"Friday","weekday","in_season_late",22,"n_open",739
10,"Friday","weekday","in_season_late",22,"n_open",932
11,"Friday","weekday","in_season_late",22,"n_open",945
12,"Friday","weekday","in_season_late",22,"n_open",952
13,"Friday","weekday","in_season_late",22,"n_open",953
14,"Friday","weekday","in_season_late",22,"n_open",953
15,"Friday","weekday","in_season_late",22,"n_open",952
16,"Friday","weekday","in_season_late",22,"n_open",952
17,"Friday","weekday","in_season_late",22,"n_open",877
18,"Friday","weekday","in_season_late",22,"n_open",741
19,"Friday","weekday","in_season_late",22,"n_open",731
20,"Friday","weekday","in_season_late",22,"n_open",707
21,"Friday","weekday","in_season_late",22,"n_open",699
22,"Friday","weekday","in_season_late",22,"n_open",42
23,"Friday","weekday","in_season_late",22,"n_open",22
24,"Friday","weekday","in_season_late",22,"n_open",15
6,"Saturday","weekend","in_season_late",22,"n_open",34
7,"Saturday","weekend","in_season_late",22,"n_open",56
8,"Saturday","weekend","in_season_late",22,"n_open",717
9,"Saturday","weekend","in_season_late",22,"n_open",737
10,"Saturday","weekend","in_season_late",22,"n_open",931
11,"Saturday","weekend","in_season_late",22,"n_open",943
12,"Saturday","weekend","in_season_late",22,"n_open",951
13,"Saturday","weekend","in_season_late",22,"n_open",953
14,"Saturday","weekend","in_season_late",22,"n_open",953
15,"Saturday","weekend","in_season_late",22,"n_open",951
16,"Saturday","weekend","in_season_late",22,"n_open",948
17,"Saturday","weekend","in_season_late",22,"n_open",749
18,"Saturday","weekend","in_season_late",22,"n_open",740
19,"Saturday","weekend","in_season_late",22,"n_open",731
20,"Saturday","weekend","in_season_late",22,"n_open",706
21,"Saturday","weekend","in_season_late",22,"n_open",699
22,"Saturday","weekend","in_season_late",22,"n_open",41
23,"Saturday","weekend","in_season_late",22,"n_open",21
24,"Saturday","weekend","in_season_late",22,"n_open",15
6,"Sunday","weekend","off_season",16,"all_wmean_min",31.1137
7,"Sunday","weekend","off_season",16,"all_wmean_min",21.335
8,"Sunday","weekend","off_season",16,"all_wmean_min",5.1665
9,"Sunday","weekend","off_season",16,"all_wmean_min",5.1303
10,"Sunday","weekend","off_season",16,"all_wmean_min",5.1272
11,"Sunday","weekend","off_season",16,"all_wmean_min",5.124
12,"Sunday","weekend","off_season",16,"all_wmean_min",5.1113
13,"Sunday","weekend","off_season",16,"all_wmean_min",5.0399
14,"Sunday","weekend","off_season",16,"all_wmean_min",5.0399
15,"Sunday","weekend","off_season",16,"all_wmean_min",5.0399
16,"Sunday","weekend","off_season",16,"all_wmean_min",14.2333
17,"Sunday","weekend","off_season",16,"all_wmean_min",16.578
18,"Sunday","weekend","off_season",16,"all_wmean_min",16.5852
19,"Sunday","weekend","off_season",16,"all_wmean_min",19.0627
20,"Sunday","weekend","off_season",16,"all_wmean_min",22.8681
21,"Sunday","weekend","off_season",16,"all_wmean_min",23.8457
22,"Sunday","weekend","off_season",16,"all_wmean_min",25.7355
23,"Sunday","weekend","off_season",16,"all_wmean_min",33.2644
24,"Sunday","weekend","off_season",16,"all_wmean_min",39.1063
6,"Monday","weekday","off_season",16,"all_wmean_min",31.1137
7,"Monday","weekday","off_season",16,"all_wmean_min",21.3327
8,"Monday","weekday","off_season",16,"all_wmean_min",5.1616
9,"Monday","weekday","off_season",16,"all_wmean_min",5.1224
10,"Monday","weekday","off_season",16,"all_wmean_min",4.4567
11,"Monday","weekday","off_season",16,"all_wmean_min",4.3381
12,"Monday","weekday","off_season",16,"all_wmean_min",4.3068
13,"Monday","weekday","off_season",16,"all_wmean_min",4.3068
14,"Monday","weekday","off_season",16,"all_wmean_min",4.3068
15,"Monday","weekday","off_season",16,"all_wmean_min",4.3068
16,"Monday","weekday","off_season",16,"all_wmean_min",6.0887
17,"Monday","weekday","off_season",16,"all_wmean_min",6.2068
18,"Monday","weekday","off_season",16,"all_wmean_min",12.715
19,"Monday","weekday","off_season",16,"all_wmean_min",16.6061
20,"Monday","weekday","off_season",16,"all_wmean_min",22.0224
21,"Monday","weekday","off_season",16,"all_wmean_min",23.1838
22,"Monday","weekday","off_season",16,"all_wmean_min",24.8125
23,"Monday","weekday","off_season",16,"all_wmean_min",31.4233
24,"Monday","weekday","off_season",16,"all_wmean_min",39.1063
6,"Tuesday","weekday","off_season",16,"all_wmean_min",31.1137
7,"Tuesday","weekday","off_season",16,"all_wmean_min",21.3327
8,"Tuesday","weekday","off_season",16,"all_wmean_min",5.1616
9,"Tuesday","weekday","off_season",16,"all_wmean_min",5.1224
10,"Tuesday","weekday","off_season",16,"all_wmean_min",4.8327
11,"Tuesday","weekday","off_season",16,"all_wmean_min",4.743
12,"Tuesday","weekday","off_season",16,"all_wmean_min",4.708
13,"Tuesday","weekday","off_season",16,"all_wmean_min",4.3313
14,"Tuesday","weekday","off_season",16,"all_wmean_min",4.3313
15,"Tuesday","weekday","off_season",16,"all_wmean_min",4.3313
16,"Tuesday","weekday","off_season",16,"all_wmean_min",6.1298
17,"Tuesday","weekday","off_season",16,"all_wmean_min",6.2185
18,"Tuesday","weekday","off_season",16,"all_wmean_min",9.0336
19,"Tuesday","weekday","off_season",16,"all_wmean_min",12.3146
20,"Tuesday","weekday","off_season",16,"all_wmean_min",22.0224
21,"Tuesday","weekday","off_season",16,"all_wmean_min",23.1838
22,"Tuesday","weekday","off_season",16,"all_wmean_min",24.8125
23,"Tuesday","weekday","off_season",16,"all_wmean_min",31.4233
24,"Tuesday","weekday","off_season",16,"all_wmean_min",39.1063
6,"Wednesday","weekday","off_season",16,"all_wmean_min",31.1137
7,"Wednesday","weekday","off_season",16,"all_wmean_min",21.3327
8,"Wednesday","weekday","off_season",16,"all_wmean_min",5.1616
9,"Wednesday","weekday","off_season",16,"all_wmean_min",5.1224
10,"Wednesday","weekday","off_season",16,"all_wmean_min",4.4533
11,"Wednesday","weekday","off_season",16,"all_wmean_min",4.3381
12,"Wednesday","weekday","off_season",16,"all_wmean_min",4.3068
13,"Wednesday","weekday","off_season",16,"all_wmean_min",4.3068
14,"Wednesday","weekday","off_season",16,"all_wmean_min",4.3068
15,"Wednesday","weekday","off_season",16,"all_wmean_min",4.3068
16,"Wednesday","weekday","off_season",16,"all_wmean_min",6.0887
17,"Wednesday","weekday","off_season",16,"all_wmean_min",6.2068
18,"Wednesday","weekday","off_season",16,"all_wmean_min",12.5739
19,"Wednesday","weekday","off_season",16,"all_wmean_min",16.557
20,"Wednesday","weekday","off_season",16,"all_wmean_min",22.0224
21,"Wednesday","weekday","off_season",16,"all_wmean_min",23.1838
22,"Wednesday","weekday","off_season",16,"all_wmean_min",24.8125
23,"Wednesday","weekday","off_season",16,"all_wmean_min",31.4233
24,"Wednesday","weekday","off_season",16,"all_wmean_min",39.1063
6,"Thursday","weekday","off_season",16,"all_wmean_min",31.1137
7,"Thursday","weekday","off_season",16,"all_wmean_min",21.3327
8,"Thursday","weekday","off_season",16,"all_wmean_min",5.1616
9,"Thursday","weekday","off_season",16,"all_wmean_min",5.1224
10,"Thursday","weekday","off_season",16,"all_wmean_min",4.5555
11,"Thursday","weekday","off_season",16,"all_wmean_min",4.5209
12,"Thursday","weekday","off_season",16,"all_wmean_min",4.3068
13,"Thursday","weekday","off_season",16,"all_wmean_min",4.3068
14,"Thursday","weekday","off_season",16,"all_wmean_min",4.3068
15,"Thursday","weekday","off_season",16,"all_wmean_min",4.3068
16,"Thursday","weekday","off_season",16,"all_wmean_min",6.0887
17,"Thursday","weekday","off_season",16,"all_wmean_min",6.1774
18,"Thursday","weekday","off_season",16,"all_wmean_min",6.5596
19,"Thursday","weekday","off_season",16,"all_wmean_min",9.6994
20,"Thursday","weekday","off_season",16,"all_wmean_min",22.0224
21,"Thursday","weekday","off_season",16,"all_wmean_min",23.1838
22,"Thursday","weekday","off_season",16,"all_wmean_min",24.8125
23,"Thursday","weekday","off_season",16,"all_wmean_min",31.4233
24,"Thursday","weekday","off_season",16,"all_wmean_min",39.1063
6,"Friday","weekday","off_season",16,"all_wmean_min",31.1137
7,"Friday","weekday","off_season",16,"all_wmean_min",21.3327
8,"Friday","weekday","off_season",16,"all_wmean_min",5.1616
9,"Friday","weekday","off_season",16,"all_wmean_min",5.1249
10,"Friday","weekday","off_season",16,"all_wmean_min",4.3426
11,"Friday","weekday","off_season",16,"all_wmean_min",4.3381
12,"Friday","weekday","off_season",16,"all_wmean_min",4.3313
13,"Friday","weekday","off_season",16,"all_wmean_min",4.3313
14,"Friday","weekday","off_season",16,"all_wmean_min",4.3313
15,"Friday","weekday","off_season",16,"all_wmean_min",4.3313
16,"Friday","weekday","off_season",16,"all_wmean_min",6.1317
17,"Friday","weekday","off_season",16,"all_wmean_min",7.8125
18,"Friday","weekday","off_season",16,"all_wmean_min",16.5468
19,"Friday","weekday","off_season",16,"all_wmean_min",18.4982
20,"Friday","weekday","off_season",16,"all_wmean_min",22.3129
21,"Friday","weekday","off_season",16,"all_wmean_min",23.1838
22,"Friday","weekday","off_season",16,"all_wmean_min",24.5761
23,"Friday","weekday","off_season",16,"all_wmean_min",31.4233
24,"Friday","weekday","off_season",16,"all_wmean_min",39.1063
6,"Saturday","weekend","off_season",16,"all_wmean_min",31.1137
7,"Saturday","weekend","off_season",16,"all_wmean_min",21.3327
8,"Saturday","weekend","off_season",16,"all_wmean_min",5.1642
9,"Saturday","weekend","off_season",16,"all_wmean_min",5.1249
10,"Saturday","weekend","off_season",16,"all_wmean_min",4.3205
11,"Saturday","weekend","off_season",16,"all_wmean_min",4.316
12,"Saturday","weekend","off_season",16,"all_wmean_min",4.3091
13,"Saturday","weekend","off_season",16,"all_wmean_min",4.3068
14,"Saturday","weekend","off_season",16,"all_wmean_min",4.3068
15,"Saturday","weekend","off_season",16,"all_wmean_min",4.3075
16,"Saturday","weekend","off_season",16,"all_wmean_min",6.1195
17,"Saturday","weekend","off_season",16,"all_wmean_min",15.698
18,"Saturday","weekend","off_season",16,"all_wmean_min",16.5504
19,"Saturday","weekend","off_season",16,"all_wmean_min",18.5019
20,"Saturday","weekend","off_season",16,"all_wmean_min",22.3421
21,"Saturday","weekend","off_season",16,"all_wmean_min",23.1838
22,"Saturday","weekend","off_season",16,"all_wmean_min",25.4968
23,"Saturday","weekend","off_season",16,"all_wmean_min",33.2644
24,"Saturday","weekend","off_season",16,"all_wmean_min",39.1063
6,"Sunday","weekend","in_season",20,"all_wmean_min",31.1137
7,"Sunday","weekend","in_season",20,"all_wmean_min",21.335
8,"Sunday","weekend","in_season",20,"all_wmean_min",5.1665
9,"Sunday","weekend","in_season",20,"all_wmean_min",5.1303
10,"Sunday","weekend","in_season",20,"all_wmean_min",5.1272
11,"Sunday","weekend","in_season",20,"all_wmean_min",5.124
12,"Sunday","weekend","in_season",20,"all_wmean_min",5.1113
13,"Sunday","weekend","in_season",20,"all_wmean_min",5.0399
14,"Sunday","weekend","in_season",20,"all_wmean_min",5.0399
15,"Sunday","weekend","in_season",20,"all_wmean_min",5.0399
16,"Sunday","weekend","in_season",20,"all_wmean_min",5.0399
17,"Sunday","weekend","in_season",20,"all_wmean_min",5.1502
18,"Sunday","weekend","in_season",20,"all_wmean_min",5.1502
19,"Sunday","weekend","in_season",20,"all_wmean_min",5.6585
20,"Sunday","weekend","in_season",20,"all_wmean_min",22.8681
21,"Sunday","weekend","in_season",20,"all_wmean_min",23.8457
22,"Sunday","weekend","in_season",20,"all_wmean_min",25.7355
23,"Sunday","weekend","in_season",20,"all_wmean_min",33.2644
24,"Sunday","weekend","in_season",20,"all_wmean_min",39.1063
6,"Monday","weekday","in_season",20,"all_wmean_min",31.1137
7,"Monday","weekday","in_season",20,"all_wmean_min",21.3327
8,"Monday","weekday","in_season",20,"all_wmean_min",5.1616
9,"Monday","weekday","in_season",20,"all_wmean_min",5.1224
10,"Monday","weekday","in_season",20,"all_wmean_min",4.4567
11,"Monday","weekday","in_season",20,"all_wmean_min",4.3381
12,"Monday","weekday","in_season",20,"all_wmean_min",4.3068
13,"Monday","weekday","in_season",20,"all_wmean_min",4.3068
14,"Monday","weekday","in_season",20,"all_wmean_min",4.3068
15,"Monday","weekday","in_season",20,"all_wmean_min",4.3068
16,"Monday","weekday","in_season",20,"all_wmean_min",4.3068
17,"Monday","weekday","in_season",20,"all_wmean_min",4.3644
18,"Monday","weekday","in_season",20,"all_wmean_min",4.8799
19,"Monday","weekday","in_season",20,"all_wmean_min",5.3809
20,"Monday","weekday","in_season",20,"all_wmean_min",22.0224
21,"Monday","weekday","in_season",20,"all_wmean_min",23.1838
22,"Monday","weekday","in_season",20,"all_wmean_min",24.8125
23,"Monday","weekday","in_season",20,"all_wmean_min",31.4233
24,"Monday","weekday","in_season",20,"all_wmean_min",39.1063
6,"Tuesday","weekday","in_season",20,"all_wmean_min",31.1137
7,"Tuesday","weekday","in_season",20,"all_wmean_min",21.3327
8,"Tuesday","weekday","in_season",20,"all_wmean_min",5.1616
9,"Tuesday","weekday","in_season",20,"all_wmean_min",5.1224
10,"Tuesday","weekday","in_season",20,"all_wmean_min",4.8327
11,"Tuesday","weekday","in_season",20,"all_wmean_min",4.743
12,"Tuesday","weekday","in_season",20,"all_wmean_min",4.708
13,"Tuesday","weekday","in_season",20,"all_wmean_min",4.3313
14,"Tuesday","weekday","in_season",20,"all_wmean_min",4.3313
15,"Tuesday","weekday","in_season",20,"all_wmean_min",4.3313
16,"Tuesday","weekday","in_season",20,"all_wmean_min",4.3313
17,"Tuesday","weekday","in_season",20,"all_wmean_min",4.3614
18,"Tuesday","weekday","in_season",20,"all_wmean_min",4.653
19,"Tuesday","weekday","in_season",20,"all_wmean_min",5.1325
20,"Tuesday","weekday","in_season",20,"all_wmean_min",22.0224
21,"Tuesday","weekday","in_season",20,"all_wmean_min",23.1838
22,"Tuesday","weekday","in_season",20,"all_wmean_min",24.8125
23,"Tuesday","weekday","in_season",20,"all_wmean_min",31.4233
24,"Tuesday","weekday","in_season",20,"all_wmean_min",39.1063
6,"Wednesday","weekday","in_season",20,"all_wmean_min",31.1137
7,"Wednesday","weekday","in_season",20,"all_wmean_min",21.3327
8,"Wednesday","weekday","in_season",20,"all_wmean_min",5.1616
9,"Wednesday","weekday","in_season",20,"all_wmean_min",5.1224
10,"Wednesday","weekday","in_season",20,"all_wmean_min",4.4533
11,"Wednesday","weekday","in_season",20,"all_wmean_min",4.3381
12,"Wednesday","weekday","in_season",20,"all_wmean_min",4.3068
13,"Wednesday","weekday","in_season",20,"all_wmean_min",4.3068
14,"Wednesday","weekday","in_season",20,"all_wmean_min",4.3068
15,"Wednesday","weekday","in_season",20,"all_wmean_min",4.3068
16,"Wednesday","weekday","in_season",20,"all_wmean_min",4.3068
17,"Wednesday","weekday","in_season",20,"all_wmean_min",4.3644
18,"Wednesday","weekday","in_season",20,"all_wmean_min",4.8754
19,"Wednesday","weekday","in_season",20,"all_wmean_min",5.3809
20,"Wednesday","weekday","in_season",20,"all_wmean_min",22.0224
21,"Wednesday","weekday","in_season",20,"all_wmean_min",23.1838
22,"Wednesday","weekday","in_season",20,"all_wmean_min",24.8125
23,"Wednesday","weekday","in_season",20,"all_wmean_min",31.4233
24,"Wednesday","weekday","in_season",20,"all_wmean_min",39.1063
6,"Thursday","weekday","in_season",20,"all_wmean_min",31.1137
7,"Thursday","weekday","in_season",20,"all_wmean_min",21.3327
8,"Thursday","weekday","in_season",20,"all_wmean_min",5.1616
9,"Thursday","weekday","in_season",20,"all_wmean_min",5.1224
10,"Thursday","weekday","in_season",20,"all_wmean_min",4.5555
11,"Thursday","weekday","in_season",20,"all_wmean_min",4.5209
12,"Thursday","weekday","in_season",20,"all_wmean_min",4.3068
13,"Thursday","weekday","in_season",20,"all_wmean_min",4.3068
14,"Thursday","weekday","in_season",20,"all_wmean_min",4.3068
15,"Thursday","weekday","in_season",20,"all_wmean_min",4.3068
16,"Thursday","weekday","in_season",20,"all_wmean_min",4.3068
17,"Thursday","weekday","in_season",20,"all_wmean_min",4.3369
18,"Thursday","weekday","in_season",20,"all_wmean_min",4.4732
19,"Thursday","weekday","in_season",20,"all_wmean_min",4.9527
20,"Thursday","weekday","in_season",20,"all_wmean_min",22.0224
21,"Thursday","weekday","in_season",20,"all_wmean_min",23.1838
22,"Thursday","weekday","in_season",20,"all_wmean_min",24.8125
23,"Thursday","weekday","in_season",20,"all_wmean_min",31.4233
24,"Thursday","weekday","in_season",20,"all_wmean_min",39.1063
6,"Friday","weekday","in_season",20,"all_wmean_min",31.1137
7,"Friday","weekday","in_season",20,"all_wmean_min",21.3327
8,"Friday","weekday","in_season",20,"all_wmean_min",5.1616
9,"Friday","weekday","in_season",20,"all_wmean_min",5.1249
10,"Friday","weekday","in_season",20,"all_wmean_min",4.3426
11,"Friday","weekday","in_season",20,"all_wmean_min",4.3381
12,"Friday","weekday","in_season",20,"all_wmean_min",4.3313
13,"Friday","weekday","in_season",20,"all_wmean_min",4.3313
14,"Friday","weekday","in_season",20,"all_wmean_min",4.3313
15,"Friday","weekday","in_season",20,"all_wmean_min",4.3313
16,"Friday","weekday","in_season",20,"all_wmean_min",4.3313
17,"Friday","weekday","in_season",20,"all_wmean_min",4.625
18,"Friday","weekday","in_season",20,"all_wmean_min",5.1477
19,"Friday","weekday","in_season",20,"all_wmean_min",5.491
20,"Friday","weekday","in_season",20,"all_wmean_min",22.3129
21,"Friday","weekday","in_season",20,"all_wmean_min",23.1838
22,"Friday","weekday","in_season",20,"all_wmean_min",24.5761
23,"Friday","weekday","in_season",20,"all_wmean_min",31.4233
24,"Friday","weekday","in_season",20,"all_wmean_min",39.1063
6,"Saturday","weekend","in_season",20,"all_wmean_min",31.1137
7,"Saturday","weekend","in_season",20,"all_wmean_min",21.3327
8,"Saturday","weekend","in_season",20,"all_wmean_min",5.1642
9,"Saturday","weekend","in_season",20,"all_wmean_min",5.1249
10,"Saturday","weekend","in_season",20,"all_wmean_min",4.3205
11,"Saturday","weekend","in_season",20,"all_wmean_min",4.316
12,"Saturday","weekend","in_season",20,"all_wmean_min",4.3091
13,"Saturday","weekend","in_season",20,"all_wmean_min",4.3068
14,"Saturday","weekend","in_season",20,"all_wmean_min",4.3068
15,"Saturday","weekend","in_season",20,"all_wmean_min",4.3075
16,"Saturday","weekend","in_season",20,"all_wmean_min",4.311
17,"Saturday","weekend","in_season",20,"all_wmean_min",5.1386
18,"Saturday","weekend","in_season",20,"all_wmean_min",5.1477
19,"Saturday","weekend","in_season",20,"all_wmean_min",5.491
20,"Saturday","weekend","in_season",20,"all_wmean_min",22.3421
21,"Saturday","weekend","in_season",20,"all_wmean_min",23.1838
22,"Saturday","weekend","in_season",20,"all_wmean_min",25.4968
23,"Saturday","weekend","in_season",20,"all_wmean_min",33.2644
24,"Saturday","weekend","in_season",20,"all_wmean_min",39.1063
6,"Sunday","weekend","in_season_late",22,"all_wmean_min",31.1137
7,"Sunday","weekend","in_season_late",22,"all_wmean_min",21.335
8,"Sunday","weekend","in_season_late",22,"all_wmean_min",5.1665
9,"Sunday","weekend","in_season_late",22,"all_wmean_min",5.1303
10,"Sunday","weekend","in_season_late",22,"all_wmean_min",5.1272
11,"Sunday","weekend","in_season_late",22,"all_wmean_min",5.124
12,"Sunday","weekend","in_season_late",22,"all_wmean_min",5.1113
13,"Sunday","weekend","in_season_late",22,"all_wmean_min",5.0399
14,"Sunday","weekend","in_season_late",22,"all_wmean_min",5.0399
15,"Sunday","weekend","in_season_late",22,"all_wmean_min",5.0399
16,"Sunday","weekend","in_season_late",22,"all_wmean_min",5.0399
17,"Sunday","weekend","in_season_late",22,"all_wmean_min",5.1502
18,"Sunday","weekend","in_season_late",22,"all_wmean_min",5.1502
19,"Sunday","weekend","in_season_late",22,"all_wmean_min",5.6585
20,"Sunday","weekend","in_season_late",22,"all_wmean_min",5.7625
21,"Sunday","weekend","in_season_late",22,"all_wmean_min",6.1948
22,"Sunday","weekend","in_season_late",22,"all_wmean_min",25.7355
23,"Sunday","weekend","in_season_late",22,"all_wmean_min",33.2644
24,"Sunday","weekend","in_season_late",22,"all_wmean_min",39.1063
6,"Monday","weekday","in_season_late",22,"all_wmean_min",31.1137
7,"Monday","weekday","in_season_late",22,"all_wmean_min",21.3327
8,"Monday","weekday","in_season_late",22,"all_wmean_min",5.1616
9,"Monday","weekday","in_season_late",22,"all_wmean_min",5.1224
10,"Monday","weekday","in_season_late",22,"all_wmean_min",4.4567
11,"Monday","weekday","in_season_late",22,"all_wmean_min",4.3381
12,"Monday","weekday","in_season_late",22,"all_wmean_min",4.3068
13,"Monday","weekday","in_season_late",22,"all_wmean_min",4.3068
14,"Monday","weekday","in_season_late",22,"all_wmean_min",4.3068
15,"Monday","weekday","in_season_late",22,"all_wmean_min",4.3068
16,"Monday","weekday","in_season_late",22,"all_wmean_min",4.3068
17,"Monday","weekday","in_season_late",22,"all_wmean_min",4.3644
18,"Monday","weekday","in_season_late",22,"all_wmean_min",4.8799
19,"Monday","weekday","in_season_late",22,"all_wmean_min",5.3809
20,"Monday","weekday","in_season_late",22,"all_wmean_min",5.595
21,"Monday","weekday","in_season_late",22,"all_wmean_min",6.0279
22,"Monday","weekday","in_season_late",22,"all_wmean_min",24.8125
23,"Monday","weekday","in_season_late",22,"all_wmean_min",31.4233
24,"Monday","weekday","in_season_late",22,"all_wmean_min",39.1063
6,"Tuesday","weekday","in_season_late",22,"all_wmean_min",31.1137
7,"Tuesday","weekday","in_season_late",22,"all_wmean_min",21.3327
8,"Tuesday","weekday","in_season_late",22,"all_wmean_min",5.1616
9,"Tuesday","weekday","in_season_late",22,"all_wmean_min",5.1224
10,"Tuesday","weekday","in_season_late",22,"all_wmean_min",4.8327
11,"Tuesday","weekday","in_season_late",22,"all_wmean_min",4.743
12,"Tuesday","weekday","in_season_late",22,"all_wmean_min",4.708
13,"Tuesday","weekday","in_season_late",22,"all_wmean_min",4.3313
14,"Tuesday","weekday","in_season_late",22,"all_wmean_min",4.3313
15,"Tuesday","weekday","in_season_late",22,"all_wmean_min",4.3313
16,"Tuesday","weekday","in_season_late",22,"all_wmean_min",4.3313
17,"Tuesday","weekday","in_season_late",22,"all_wmean_min",4.3614
18,"Tuesday","weekday","in_season_late",22,"all_wmean_min",4.653
19,"Tuesday","weekday","in_season_late",22,"all_wmean_min",5.1325
20,"Tuesday","weekday","in_season_late",22,"all_wmean_min",5.595
21,"Tuesday","weekday","in_season_late",22,"all_wmean_min",6.0279
22,"Tuesday","weekday","in_season_late",22,"all_wmean_min",24.8125
23,"Tuesday","weekday","in_season_late",22,"all_wmean_min",31.4233
24,"Tuesday","weekday","in_season_late",22,"all_wmean_min",39.1063
6,"Wednesday","weekday","in_season_late",22,"all_wmean_min",31.1137
7,"Wednesday","weekday","in_season_late",22,"all_wmean_min",21.3327
8,"Wednesday","weekday","in_season_late",22,"all_wmean_min",5.1616
9,"Wednesday","weekday","in_season_late",22,"all_wmean_min",5.1224
10,"Wednesday","weekday","in_season_late",22,"all_wmean_min",4.4533
11,"Wednesday","weekday","in_season_late",22,"all_wmean_min",4.3381
12,"Wednesday","weekday","in_season_late",22,"all_wmean_min",4.3068
13,"Wednesday","weekday","in_season_late",22,"all_wmean_min",4.3068
14,"Wednesday","weekday","in_season_late",22,"all_wmean_min",4.3068
15,"Wednesday","weekday","in_season_late",22,"all_wmean_min",4.3068
16,"Wednesday","weekday","in_season_late",22,"all_wmean_min",4.3068
17,"Wednesday","weekday","in_season_late",22,"all_wmean_min",4.3644
18,"Wednesday","weekday","in_season_late",22,"all_wmean_min",4.8754
19,"Wednesday","weekday","in_season_late",22,"all_wmean_min",5.3809
20,"Wednesday","weekday","in_season_late",22,"all_wmean_min",5.595
21,"Wednesday","weekday","in_season_late",22,"all_wmean_min",6.0279
22,"Wednesday","weekday","in_season_late",22,"all_wmean_min",24.8125
23,"Wednesday","weekday","in_season_late",22,"all_wmean_min",31.4233
24,"Wednesday","weekday","in_season_late",22,"all_wmean_min",39.1063
6,"Thursday","weekday","in_season_late",22,"all_wmean_min",31.1137
7,"Thursday","weekday","in_season_late",22,"all_wmean_min",21.3327
8,"Thursday","weekday","in_season_late",22,"all_wmean_min",5.1616
9,"Thursday","weekday","in_season_late",22,"all_wmean_min",5.1224
10,"Thursday","weekday","in_season_late",22,"all_wmean_min",4.5555
11,"Thursday","weekday","in_season_late",22,"all_wmean_min",4.5209
12,"Thursday","weekday","in_season_late",22,"all_wmean_min",4.3068
13,"Thursday","weekday","in_season_late",22,"all_wmean_min",4.3068
14,"Thursday","weekday","in_season_late",22,"all_wmean_min",4.3068
15,"Thursday","weekday","in_season_late",22,"all_wmean_min",4.3068
16,"Thursday","weekday","in_season_late",22,"all_wmean_min",4.3068
17,"Thursday","weekday","in_season_late",22,"all_wmean_min",4.3369
18,"Thursday","weekday","in_season_late",22,"all_wmean_min",4.4732
19,"Thursday","weekday","in_season_late",22,"all_wmean_min",4.9527
20,"Thursday","weekday","in_season_late",22,"all_wmean_min",5.595
21,"Thursday","weekday","in_season_late",22,"all_wmean_min",6.0279
22,"Thursday","weekday","in_season_late",22,"all_wmean_min",24.8125
23,"Thursday","weekday","in_season_late",22,"all_wmean_min",31.4233
24,"Thursday","weekday","in_season_late",22,"all_wmean_min",39.1063
6,"Friday","weekday","in_season_late",22,"all_wmean_min",31.1137
7,"Friday","weekday","in_season_late",22,"all_wmean_min",21.3327
8,"Friday","weekday","in_season_late",22,"all_wmean_min",5.1616
9,"Friday","weekday","in_season_late",22,"all_wmean_min",5.1249
10,"Friday","weekday","in_season_late",22,"all_wmean_min",4.3426
11,"Friday","weekday","in_season_late",22,"all_wmean_min",4.3381
12,"Friday","weekday","in_season_late",22,"all_wmean_min",4.3313
13,"Friday","weekday","in_season_late",22,"all_wmean_min",4.3313
14,"Friday","weekday","in_season_late",22,"all_wmean_min",4.3313
15,"Friday","weekday","in_season_late",22,"all_wmean_min",4.3313
16,"Friday","weekday","in_season_late",22,"all_wmean_min",4.3313
17,"Friday","weekday","in_season_late",22,"all_wmean_min",4.625
18,"Friday","weekday","in_season_late",22,"all_wmean_min",5.1477
19,"Friday","weekday","in_season_late",22,"all_wmean_min",5.491
20,"Friday","weekday","in_season_late",22,"all_wmean_min",5.5975
21,"Friday","weekday","in_season_late",22,"all_wmean_min",6.0279
22,"Friday","weekday","in_season_late",22,"all_wmean_min",24.5761
23,"Friday","weekday","in_season_late",22,"all_wmean_min",31.4233
24,"Friday","weekday","in_season_late",22,"all_wmean_min",39.1063
6,"Saturday","weekend","in_season_late",22,"all_wmean_min",31.1137
7,"Saturday","weekend","in_season_late",22,"all_wmean_min",21.3327
8,"Saturday","weekend","in_season_late",22,"all_wmean_min",5.1642
9,"Saturday","weekend","in_season_late",22,"all_wmean_min",5.1249
10,"Saturday","weekend","in_season_late",22,"all_wmean_min",4.3205
11,"Saturday","weekend","in_season_late",22,"all_wmean_min",4.316
12,"Saturday","weekend","in_season_late",22,"all_wmean_min",4.3091
13,"Saturday","weekend","in_season_late",22,"all_wmean_min",4.3068
14,"Saturday","weekend","in_season_late",22,"all_wmean_min",4.3068
15,"Saturday","weekend","in_season_late",22,"all_wmean_min",4.3075
16,"Saturday","weekend","in_season_late",22,"all_wmean_min",4.311
17,"Saturday","weekend","in_season_late",22,"all_wmean_min",5.1386
18,"Saturday","weekend","in_season_late",22,"all_wmean_min",5.1477
19,"Saturday","weekend","in_season_late",22,"all_wmean_min",5.491
20,"Saturday","weekend","in_season_late",22,"all_wmean_min",5.5975
21,"Saturday","weekend","in_season_late",22,"all_wmean_min",6.0279
22,"Saturday","weekend","in_season_late",22,"all_wmean_min",25.4968
23,"Saturday","weekend","in_season_late",22,"all_wmean_min",33.2644
24,"Saturday","weekend","in_season_late",22,"all_wmean_min",39.1063
6,"Sunday","weekend","off_season",16,"all_median_min",41.0814
7,"Sunday","weekend","off_season",16,"all_median_min",27.9033
8,"Sunday","weekend","off_season",16,"all_median_min",5.3751
9,"Sunday","weekend","off_season",16,"all_median_min",5.3519
10,"Sunday","weekend","off_season",16,"all_median_min",5.3391
11,"Sunday","weekend","off_season",16,"all_median_min",5.3391
12,"Sunday","weekend","off_season",16,"all_median_min",5.3391
13,"Sunday","weekend","off_season",16,"all_median_min",5.2967
14,"Sunday","weekend","off_season",16,"all_median_min",5.2967
15,"Sunday","weekend","off_season",16,"all_median_min",5.2967
16,"Sunday","weekend","off_season",16,"all_median_min",18.6118
17,"Sunday","weekend","off_season",16,"all_median_min",21.8356
18,"Sunday","weekend","off_season",16,"all_median_min",21.8356
19,"Sunday","weekend","off_season",16,"all_median_min",24.1826
20,"Sunday","weekend","off_season",16,"all_median_min",28.836
21,"Sunday","weekend","off_season",16,"all_median_min",28.8955
22,"Sunday","weekend","off_season",16,"all_median_min",34.2823
23,"Sunday","weekend","off_season",16,"all_median_min",43.9885
24,"Sunday","weekend","off_season",16,"all_median_min",47.9545
6,"Monday","weekday","off_season",16,"all_median_min",41.0814
7,"Monday","weekday","off_season",16,"all_median_min",27.9033
8,"Monday","weekday","off_season",16,"all_median_min",5.3751
9,"Monday","weekday","off_season",16,"all_median_min",5.3275
10,"Monday","weekday","off_season",16,"all_median_min",4.8271
11,"Monday","weekday","off_season",16,"all_median_min",4.7133
12,"Monday","weekday","off_season",16,"all_median_min",4.6897
13,"Monday","weekday","off_season",16,"all_median_min",4.6897
14,"Monday","weekday","off_season",16,"all_median_min",4.6897
15,"Monday","weekday","off_season",16,"all_median_min",4.6897
16,"Monday","weekday","off_season",16,"all_median_min",7.2893
17,"Monday","weekday","off_season",16,"all_median_min",7.3776
18,"Monday","weekday","off_season",16,"all_median_min",13.3618
19,"Monday","weekday","off_season",16,"all_median_min",20.8942
20,"Monday","weekday","off_season",16,"all_median_min",27.7242
21,"Monday","weekday","off_season",16,"all_median_min",28.8955
22,"Monday","weekday","off_season",16,"all_median_min",33.0541
23,"Monday","weekday","off_season",16,"all_median_min",40.255
24,"Monday","weekday","off_season",16,"all_median_min",47.9545
6,"Tuesday","weekday","off_season",16,"all_median_min",41.0814
7,"Tuesday","weekday","off_season",16,"all_median_min",27.9033
8,"Tuesday","weekday","off_season",16,"all_median_min",5.3751
9,"Tuesday","weekday","off_season",16,"all_median_min",5.3275
10,"Tuesday","weekday","off_season",16,"all_median_min",5.1613
11,"Tuesday","weekday","off_season",16,"all_median_min",5.0738
12,"Tuesday","weekday","off_season",16,"all_median_min",5.0495
13,"Tuesday","weekday","off_season",16,"all_median_min",4.7133
14,"Tuesday","weekday","off_season",16,"all_median_min",4.7133
15,"Tuesday","weekday","off_season",16,"all_median_min",4.7133
16,"Tuesday","weekday","off_season",16,"all_median_min",7.2893
17,"Tuesday","weekday","off_season",16,"all_median_min",7.3655
18,"Tuesday","weekday","off_season",16,"all_median_min",8.455
19,"Tuesday","weekday","off_season",16,"all_median_min",11.6534
20,"Tuesday","weekday","off_season",16,"all_median_min",27.7242
21,"Tuesday","weekday","off_season",16,"all_median_min",28.8955
22,"Tuesday","weekday","off_season",16,"all_median_min",33.0541
23,"Tuesday","weekday","off_season",16,"all_median_min",40.255
24,"Tuesday","weekday","off_season",16,"all_median_min",47.9545
6,"Wednesday","weekday","off_season",16,"all_median_min",41.0814
7,"Wednesday","weekday","off_season",16,"all_median_min",27.9033
8,"Wednesday","weekday","off_season",16,"all_median_min",5.3751
9,"Wednesday","weekday","off_season",16,"all_median_min",5.3275
10,"Wednesday","weekday","off_season",16,"all_median_min",4.8271
11,"Wednesday","weekday","off_season",16,"all_median_min",4.7133
12,"Wednesday","weekday","off_season",16,"all_median_min",4.6897
13,"Wednesday","weekday","off_season",16,"all_median_min",4.6897
14,"Wednesday","weekday","off_season",16,"all_median_min",4.6897
15,"Wednesday","weekday","off_season",16,"all_median_min",4.6897
16,"Wednesday","weekday","off_season",16,"all_median_min",7.2893
17,"Wednesday","weekday","off_season",16,"all_median_min",7.3776
18,"Wednesday","weekday","off_season",16,"all_median_min",12.5272
19,"Wednesday","weekday","off_season",16,"all_median_min",20.8942
20,"Wednesday","weekday","off_season",16,"all_median_min",27.7242
21,"Wednesday","weekday","off_season",16,"all_median_min",28.8955
22,"Wednesday","weekday","off_season",16,"all_median_min",33.0541
23,"Wednesday","weekday","off_season",16,"all_median_min",40.255
24,"Wednesday","weekday","off_season",16,"all_median_min",47.9545
6,"Thursday","weekday","off_season",16,"all_median_min",41.0814
7,"Thursday","weekday","off_season",16,"all_median_min",27.9033
8,"Thursday","weekday","off_season",16,"all_median_min",5.3751
9,"Thursday","weekday","off_season",16,"all_median_min",5.3275
10,"Thursday","weekday","off_season",16,"all_median_min",4.9032
11,"Thursday","weekday","off_season",16,"all_median_min",4.8752
12,"Thursday","weekday","off_season",16,"all_median_min",4.6897
13,"Thursday","weekday","off_season",16,"all_median_min",4.6897
14,"Thursday","weekday","off_season",16,"all_median_min",4.6897
15,"Thursday","weekday","off_season",16,"all_median_min",4.6897
16,"Thursday","weekday","off_season",16,"all_median_min",7.2893
17,"Thursday","weekday","off_season",16,"all_median_min",7.3655
18,"Thursday","weekday","off_season",16,"all_median_min",7.6538
19,"Thursday","weekday","off_season",16,"all_median_min",9.9021
20,"Thursday","weekday","off_season",16,"all_median_min",27.7242
21,"Thursday","weekday","off_season",16,"all_median_min",28.8955
22,"Thursday","weekday","off_season",16,"all_median_min",33.0541
23,"Thursday","weekday","off_season",16,"all_median_min",40.255
24,"Thursday","weekday","off_season",16,"all_median_min",47.9545
6,"Friday","weekday","off_season",16,"all_median_min",41.0814
7,"Friday","weekday","off_season",16,"all_median_min",27.9033
8,"Friday","weekday","off_season",16,"all_median_min",5.3751
9,"Friday","weekday","off_season",16,"all_median_min",5.3391
10,"Friday","weekday","off_season",16,"all_median_min",4.7133
11,"Friday","weekday","off_season",16,"all_median_min",4.7133
12,"Friday","weekday","off_season",16,"all_median_min",4.7133
13,"Friday","weekday","off_season",16,"all_median_min",4.7133
14,"Friday","weekday","off_season",16,"all_median_min",4.7133
15,"Friday","weekday","off_season",16,"all_median_min",4.7133
16,"Friday","weekday","off_season",16,"all_median_min",7.2893
17,"Friday","weekday","off_season",16,"all_median_min",8.582
18,"Friday","weekday","off_season",16,"all_median_min",21.6101
19,"Friday","weekday","off_season",16,"all_median_min",24.1826
20,"Friday","weekday","off_season",16,"all_median_min",28.836
21,"Friday","weekday","off_season",16,"all_median_min",28.8955
22,"Friday","weekday","off_season",16,"all_median_min",32.2886
23,"Friday","weekday","off_season",16,"all_median_min",40.255
24,"Friday","weekday","off_season",16,"all_median_min",47.9545
6,"Saturday","weekend","off_season",16,"all_median_min",41.0814
7,"Saturday","weekend","off_season",16,"all_median_min",27.9033
8,"Saturday","weekend","off_season",16,"all_median_min",5.3751
9,"Saturday","weekend","off_season",16,"all_median_min",5.3391
10,"Saturday","weekend","off_season",16,"all_median_min",4.6897
11,"Saturday","weekend","off_season",16,"all_median_min",4.6897
12,"Saturday","weekend","off_season",16,"all_median_min",4.6897
13,"Saturday","weekend","off_season",16,"all_median_min",4.6897
14,"Saturday","weekend","off_season",16,"all_median_min",4.6897
15,"Saturday","weekend","off_season",16,"all_median_min",4.6897
16,"Saturday","weekend","off_season",16,"all_median_min",7.2893
17,"Saturday","weekend","off_season",16,"all_median_min",19.8885
18,"Saturday","weekend","off_season",16,"all_median_min",21.6101
19,"Saturday","weekend","off_season",16,"all_median_min",24.1826
20,"Saturday","weekend","off_season",16,"all_median_min",28.836
21,"Saturday","weekend","off_season",16,"all_median_min",28.8955
22,"Saturday","weekend","off_season",16,"all_median_min",33.7006
23,"Saturday","weekend","off_season",16,"all_median_min",43.9885
24,"Saturday","weekend","off_season",16,"all_median_min",47.9545
6,"Sunday","weekend","in_season",20,"all_median_min",41.0814
7,"Sunday","weekend","in_season",20,"all_median_min",27.9033
8,"Sunday","weekend","in_season",20,"all_median_min",5.3751
9,"Sunday","weekend","in_season",20,"all_median_min",5.3519
10,"Sunday","weekend","in_season",20,"all_median_min",5.3391
11,"Sunday","weekend","in_season",20,"all_median_min",5.3391
12,"Sunday","weekend","in_season",20,"all_median_min",5.3391
13,"Sunday","weekend","in_season",20,"all_median_min",5.2967
14,"Sunday","weekend","in_season",20,"all_median_min",5.2967
15,"Sunday","weekend","in_season",20,"all_median_min",5.2967
16,"Sunday","weekend","in_season",20,"all_median_min",5.2967
17,"Sunday","weekend","in_season",20,"all_median_min",5.3589
18,"Sunday","weekend","in_season",20,"all_median_min",5.3589
19,"Sunday","weekend","in_season",20,"all_median_min",5.4515
20,"Sunday","weekend","in_season",20,"all_median_min",28.836
21,"Sunday","weekend","in_season",20,"all_median_min",28.8955
22,"Sunday","weekend","in_season",20,"all_median_min",34.2823
23,"Sunday","weekend","in_season",20,"all_median_min",43.9885
24,"Sunday","weekend","in_season",20,"all_median_min",47.9545
6,"Monday","weekday","in_season",20,"all_median_min",41.0814
7,"Monday","weekday","in_season",20,"all_median_min",27.9033
8,"Monday","weekday","in_season",20,"all_median_min",5.3751
9,"Monday","weekday","in_season",20,"all_median_min",5.3275
10,"Monday","weekday","in_season",20,"all_median_min",4.8271
11,"Monday","weekday","in_season",20,"all_median_min",4.7133
12,"Monday","weekday","in_season",20,"all_median_min",4.6897
13,"Monday","weekday","in_season",20,"all_median_min",4.6897
14,"Monday","weekday","in_season",20,"all_median_min",4.6897
15,"Monday","weekday","in_season",20,"all_median_min",4.6897
16,"Monday","weekday","in_season",20,"all_median_min",4.6897
17,"Monday","weekday","in_season",20,"all_median_min",4.7812
18,"Monday","weekday","in_season",20,"all_median_min",5.1918
19,"Monday","weekday","in_season",20,"all_median_min",5.3948
20,"Monday","weekday","in_season",20,"all_median_min",27.7242
21,"Monday","weekday","in_season",20,"all_median_min",28.8955
22,"Monday","weekday","in_season",20,"all_median_min",33.0541
23,"Monday","weekday","in_season",20,"all_median_min",40.255
24,"Monday","weekday","in_season",20,"all_median_min",47.9545
6,"Tuesday","weekday","in_season",20,"all_median_min",41.0814
7,"Tuesday","weekday","in_season",20,"all_median_min",27.9033
8,"Tuesday","weekday","in_season",20,"all_median_min",5.3751
9,"Tuesday","weekday","in_season",20,"all_median_min",5.3275
10,"Tuesday","weekday","in_season",20,"all_median_min",5.1613
11,"Tuesday","weekday","in_season",20,"all_median_min",5.0738
12,"Tuesday","weekday","in_season",20,"all_median_min",5.0495
13,"Tuesday","weekday","in_season",20,"all_median_min",4.7133
14,"Tuesday","weekday","in_season",20,"all_median_min",4.7133
15,"Tuesday","weekday","in_season",20,"all_median_min",4.7133
16,"Tuesday","weekday","in_season",20,"all_median_min",4.7133
17,"Tuesday","weekday","in_season",20,"all_median_min",4.7812
18,"Tuesday","weekday","in_season",20,"all_median_min",4.9938
19,"Tuesday","weekday","in_season",20,"all_median_min",5.2864
20,"Tuesday","weekday","in_season",20,"all_median_min",27.7242
21,"Tuesday","weekday","in_season",20,"all_median_min",28.8955
22,"Tuesday","weekday","in_season",20,"all_median_min",33.0541
23,"Tuesday","weekday","in_season",20,"all_median_min",40.255
24,"Tuesday","weekday","in_season",20,"all_median_min",47.9545
6,"Wednesday","weekday","in_season",20,"all_median_min",41.0814
7,"Wednesday","weekday","in_season",20,"all_median_min",27.9033
8,"Wednesday","weekday","in_season",20,"all_median_min",5.3751
9,"Wednesday","weekday","in_season",20,"all_median_min",5.3275
10,"Wednesday","weekday","in_season",20,"all_median_min",4.8271
11,"Wednesday","weekday","in_season",20,"all_median_min",4.7133
12,"Wednesday","weekday","in_season",20,"all_median_min",4.6897
13,"Wednesday","weekday","in_season",20,"all_median_min",4.6897
14,"Wednesday","weekday","in_season",20,"all_median_min",4.6897
15,"Wednesday","weekday","in_season",20,"all_median_min",4.6897
16,"Wednesday","weekday","in_season",20,"all_median_min",4.6897
17,"Wednesday","weekday","in_season",20,"all_median_min",4.7812
18,"Wednesday","weekday","in_season",20,"all_median_min",5.1918
19,"Wednesday","weekday","in_season",20,"all_median_min",5.3948
20,"Wednesday","weekday","in_season",20,"all_median_min",27.7242
21,"Wednesday","weekday","in_season",20,"all_median_min",28.8955
22,"Wednesday","weekday","in_season",20,"all_median_min",33.0541
23,"Wednesday","weekday","in_season",20,"all_median_min",40.255
24,"Wednesday","weekday","in_season",20,"all_median_min",47.9545
6,"Thursday","weekday","in_season",20,"all_median_min",41.0814
7,"Thursday","weekday","in_season",20,"all_median_min",27.9033
8,"Thursday","weekday","in_season",20,"all_median_min",5.3751
9,"Thursday","weekday","in_season",20,"all_median_min",5.3275
10,"Thursday","weekday","in_season",20,"all_median_min",4.9032
11,"Thursday","weekday","in_season",20,"all_median_min",4.8752
12,"Thursday","weekday","in_season",20,"all_median_min",4.6897
13,"Thursday","weekday","in_season",20,"all_median_min",4.6897
14,"Thursday","weekday","in_season",20,"all_median_min",4.6897
15,"Thursday","weekday","in_season",20,"all_median_min",4.6897
16,"Thursday","weekday","in_season",20,"all_median_min",4.6897
17,"Thursday","weekday","in_season",20,"all_median_min",4.7677
18,"Thursday","weekday","in_season",20,"all_median_min",4.8385
19,"Thursday","weekday","in_season",20,"all_median_min",5.0955
20,"Thursday","weekday","in_season",20,"all_median_min",27.7242
21,"Thursday","weekday","in_season",20,"all_median_min",28.8955
22,"Thursday","weekday","in_season",20,"all_median_min",33.0541
23,"Thursday","weekday","in_season",20,"all_median_min",40.255
24,"Thursday","weekday","in_season",20,"all_median_min",47.9545
6,"Friday","weekday","in_season",20,"all_median_min",41.0814
7,"Friday","weekday","in_season",20,"all_median_min",27.9033
8,"Friday","weekday","in_season",20,"all_median_min",5.3751
9,"Friday","weekday","in_season",20,"all_median_min",5.3391
10,"Friday","weekday","in_season",20,"all_median_min",4.7133
11,"Friday","weekday","in_season",20,"all_median_min",4.7133
12,"Friday","weekday","in_season",20,"all_median_min",4.7133
13,"Friday","weekday","in_season",20,"all_median_min",4.7133
14,"Friday","weekday","in_season",20,"all_median_min",4.7133
15,"Friday","weekday","in_season",20,"all_median_min",4.7133
16,"Friday","weekday","in_season",20,"all_median_min",4.7133
17,"Friday","weekday","in_season",20,"all_median_min",4.9224
18,"Friday","weekday","in_season",20,"all_median_min",5.3519
19,"Friday","weekday","in_season",20,"all_median_min",5.4381
20,"Friday","weekday","in_season",20,"all_median_min",28.836
21,"Friday","weekday","in_season",20,"all_median_min",28.8955
22,"Friday","weekday","in_season",20,"all_median_min",32.2886
23,"Friday","weekday","in_season",20,"all_median_min",40.255
24,"Friday","weekday","in_season",20,"all_median_min",47.9545
6,"Saturday","weekend","in_season",20,"all_median_min",41.0814
7,"Saturday","weekend","in_season",20,"all_median_min",27.9033
8,"Saturday","weekend","in_season",20,"all_median_min",5.3751
9,"Saturday","weekend","in_season",20,"all_median_min",5.3391
10,"Saturday","weekend","in_season",20,"all_median_min",4.6897
11,"Saturday","weekend","in_season",20,"all_median_min",4.6897
12,"Saturday","weekend","in_season",20,"all_median_min",4.6897
13,"Saturday","weekend","in_season",20,"all_median_min",4.6897
14,"Saturday","weekend","in_season",20,"all_median_min",4.6897
15,"Saturday","weekend","in_season",20,"all_median_min",4.6897
16,"Saturday","weekend","in_season",20,"all_median_min",4.6897
17,"Saturday","weekend","in_season",20,"all_median_min",5.3519
18,"Saturday","weekend","in_season",20,"all_median_min",5.3519
19,"Saturday","weekend","in_season",20,"all_median_min",5.4381
20,"Saturday","weekend","in_season",20,"all_median_min",28.836
21,"Saturday","weekend","in_season",20,"all_median_min",28.8955
22,"Saturday","weekend","in_season",20,"all_median_min",33.7006
23,"Saturday","weekend","in_season",20,"all_median_min",43.9885
24,"Saturday","weekend","in_season",20,"all_median_min",47.9545
6,"Sunday","weekend","in_season_late",22,"all_median_min",41.0814
7,"Sunday","weekend","in_season_late",22,"all_median_min",27.9033
8,"Sunday","weekend","in_season_late",22,"all_median_min",5.3751
9,"Sunday","weekend","in_season_late",22,"all_median_min",5.3519
10,"Sunday","weekend","in_season_late",22,"all_median_min",5.3391
11,"Sunday","weekend","in_season_late",22,"all_median_min",5.3391
12,"Sunday","weekend","in_season_late",22,"all_median_min",5.3391
13,"Sunday","weekend","in_season_late",22,"all_median_min",5.2967
14,"Sunday","weekend","in_season_late",22,"all_median_min",5.2967
15,"Sunday","weekend","in_season_late",22,"all_median_min",5.2967
16,"Sunday","weekend","in_season_late",22,"all_median_min",5.2967
17,"Sunday","weekend","in_season_late",22,"all_median_min",5.3589
18,"Sunday","weekend","in_season_late",22,"all_median_min",5.3589
19,"Sunday","weekend","in_season_late",22,"all_median_min",5.4515
20,"Sunday","weekend","in_season_late",22,"all_median_min",5.4804
21,"Sunday","weekend","in_season_late",22,"all_median_min",5.6636
22,"Sunday","weekend","in_season_late",22,"all_median_min",34.2823
23,"Sunday","weekend","in_season_late",22,"all_median_min",43.9885
24,"Sunday","weekend","in_season_late",22,"all_median_min",47.9545
6,"Monday","weekday","in_season_late",22,"all_median_min",41.0814
7,"Monday","weekday","in_season_late",22,"all_median_min",27.9033
8,"Monday","weekday","in_season_late",22,"all_median_min",5.3751
9,"Monday","weekday","in_season_late",22,"all_median_min",5.3275
10,"Monday","weekday","in_season_late",22,"all_median_min",4.8271
11,"Monday","weekday","in_season_late",22,"all_median_min",4.7133
12,"Monday","weekday","in_season_late",22,"all_median_min",4.6897
13,"Monday","weekday","in_season_late",22,"all_median_min",4.6897
14,"Monday","weekday","in_season_late",22,"all_median_min",4.6897
15,"Monday","weekday","in_season_late",22,"all_median_min",4.6897
16,"Monday","weekday","in_season_late",22,"all_median_min",4.6897
17,"Monday","weekday","in_season_late",22,"all_median_min",4.7812
18,"Monday","weekday","in_season_late",22,"all_median_min",5.1918
19,"Monday","weekday","in_season_late",22,"all_median_min",5.3948
20,"Monday","weekday","in_season_late",22,"all_median_min",5.4603
21,"Monday","weekday","in_season_late",22,"all_median_min",5.6325
22,"Monday","weekday","in_season_late",22,"all_median_min",33.0541
23,"Monday","weekday","in_season_late",22,"all_median_min",40.255
24,"Monday","weekday","in_season_late",22,"all_median_min",47.9545
6,"Tuesday","weekday","in_season_late",22,"all_median_min",41.0814
7,"Tuesday","weekday","in_season_late",22,"all_median_min",27.9033
8,"Tuesday","weekday","in_season_late",22,"all_median_min",5.3751
9,"Tuesday","weekday","in_season_late",22,"all_median_min",5.3275
10,"Tuesday","weekday","in_season_late",22,"all_median_min",5.1613
11,"Tuesday","weekday","in_season_late",22,"all_median_min",5.0738
12,"Tuesday","weekday","in_season_late",22,"all_median_min",5.0495
13,"Tuesday","weekday","in_season_late",22,"all_median_min",4.7133
14,"Tuesday","weekday","in_season_late",22,"all_median_min",4.7133
15,"Tuesday","weekday","in_season_late",22,"all_median_min",4.7133
16,"Tuesday","weekday","in_season_late",22,"all_median_min",4.7133
17,"Tuesday","weekday","in_season_late",22,"all_median_min",4.7812
18,"Tuesday","weekday","in_season_late",22,"all_median_min",4.9938
19,"Tuesday","weekday","in_season_late",22,"all_median_min",5.2864
20,"Tuesday","weekday","in_season_late",22,"all_median_min",5.4603
21,"Tuesday","weekday","in_season_late",22,"all_median_min",5.6325
22,"Tuesday","weekday","in_season_late",22,"all_median_min",33.0541
23,"Tuesday","weekday","in_season_late",22,"all_median_min",40.255
24,"Tuesday","weekday","in_season_late",22,"all_median_min",47.9545
6,"Wednesday","weekday","in_season_late",22,"all_median_min",41.0814
7,"Wednesday","weekday","in_season_late",22,"all_median_min",27.9033
8,"Wednesday","weekday","in_season_late",22,"all_median_min",5.3751
9,"Wednesday","weekday","in_season_late",22,"all_median_min",5.3275
10,"Wednesday","weekday","in_season_late",22,"all_median_min",4.8271
11,"Wednesday","weekday","in_season_late",22,"all_median_min",4.7133
12,"Wednesday","weekday","in_season_late",22,"all_median_min",4.6897
13,"Wednesday","weekday","in_season_late",22,"all_median_min",4.6897
14,"Wednesday","weekday","in_season_late",22,"all_median_min",4.6897
15,"Wednesday","weekday","in_season_late",22,"all_median_min",4.6897
16,"Wednesday","weekday","in_season_late",22,"all_median_min",4.6897
17,"Wednesday","weekday","in_season_late",22,"all_median_min",4.7812
18,"Wednesday","weekday","in_season_late",22,"all_median_min",5.1918
19,"Wednesday","weekday","in_season_late",22,"all_median_min",5.3948
20,"Wednesday","weekday","in_season_late",22,"all_median_min",5.4603
21,"Wednesday","weekday","in_season_late",22,"all_median_min",5.6325
22,"Wednesday","weekday","in_season_late",22,"all_median_min",33.0541
23,"Wednesday","weekday","in_season_late",22,"all_median_min",40.255
24,"Wednesday","weekday","in_season_late",22,"all_median_min",47.9545
6,"Thursday","weekday","in_season_late",22,"all_median_min",41.0814
7,"Thursday","weekday","in_season_late",22,"all_median_min",27.9033
8,"Thursday","weekday","in_season_late",22,"all_median_min",5.3751
9,"Thursday","weekday","in_season_late",22,"all_median_min",5.3275
10,"Thursday","weekday","in_season_late",22,"all_median_min",4.9032
11,"Thursday","weekday","in_season_late",22,"all_median_min",4.8752
12,"Thursday","weekday","in_season_late",22,"all_median_min",4.6897
13,"Thursday","weekday","in_season_late",22,"all_median_min",4.6897
14,"Thursday","weekday","in_season_late",22,"all_median_min",4.6897
15,"Thursday","weekday","in_season_late",22,"all_median_min",4.6897
16,"Thursday","weekday","in_season_late",22,"all_median_min",4.6897
17,"Thursday","weekday","in_season_late",22,"all_median_min",4.7677
18,"Thursday","weekday","in_season_late",22,"all_median_min",4.8385
19,"Thursday","weekday","in_season_late",22,"all_median_min",5.0955
20,"Thursday","weekday","in_season_late",22,"all_median_min",5.4603
21,"Thursday","weekday","in_season_late",22,"all_median_min",5.6325
22,"Thursday","weekday","in_season_late",22,"all_median_min",33.0541
23,"Thursday","weekday","in_season_late",22,"all_median_min",40.255
24,"Thursday","weekday","in_season_late",22,"all_median_min",47.9545
6,"Friday","weekday","in_season_late",22,"all_median_min",41.0814
7,"Friday","weekday","in_season_late",22,"all_median_min",27.9033
8,"Friday","weekday","in_season_late",22,"all_median_min",5.3751
9,"Friday","weekday","in_season_late",22,"all_median_min",5.3391
10,"Friday","weekday","in_season_late",22,"all_median_min",4.7133
11,"Friday","weekday","in_season_late",22,"all_median_min",4.7133
12,"Friday","weekday","in_season_late",22,"all_median_min",4.7133
13,"Friday","weekday","in_season_late",22,"all_median_min",4.7133
14,"Friday","weekday","in_season_late",22,"all_median_min",4.7133
15,"Friday","weekday","in_season_late",22,"all_median_min",4.7133
16,"Friday","weekday","in_season_late",22,"all_median_min",4.7133
17,"Friday","weekday","in_season_late",22,"all_median_min",4.9224
18,"Friday","weekday","in_season_late",22,"all_median_min",5.3519
19,"Friday","weekday","in_season_late",22,"all_median_min",5.4381
20,"Friday","weekday","in_season_late",22,"all_median_min",5.4669
21,"Friday","weekday","in_season_late",22,"all_median_min",5.6325
22,"Friday","weekday","in_season_late",22,"all_median_min",32.2886
23,"Friday","weekday","in_season_late",22,"all_median_min",40.255
24,"Friday","weekday","in_season_late",22,"all_median_min",47.9545
6,"Saturday","weekend","in_season_late",22,"all_median_min",41.0814
7,"Saturday","weekend","in_season_late",22,"all_median_min",27.9033
8,"Saturday","weekend","in_season_late",22,"all_median_min",5.3751
9,"Saturday","weekend","in_season_late",22,"all_median_min",5.3391
10,"Saturday","weekend","in_season_late",22,"all_median_min",4.6897
11,"Saturday","weekend","in_season_late",22,"all_median_min",4.6897
12,"Saturday","weekend","in_season_late",22,"all_median_min",4.6897
13,"Saturday","weekend","in_season_late",22,"all_median_min",4.6897
14,"Saturday","weekend","in_season_late",22,"all_median_min",4.6897
15,"Saturday","weekend","in_season_late",22,"all_median_min",4.6897
16,"Saturday","weekend","in_season_late",22,"all_median_min",4.6897
17,"Saturday","weekend","in_season_late",22,"all_median_min",5.3519
18,"Saturday","weekend","in_season_late",22,"all_median_min",5.3519
19,"Saturday","weekend","in_season_late",22,"all_median_min",5.4381
20,"Saturday","weekend","in_season_late",22,"all_median_min",5.4669
21,"Saturday","weekend","in_season_late",22,"all_median_min",5.6325
22,"Saturday","weekend","in_season_late",22,"all_median_min",33.7006
23,"Saturday","weekend","in_season_late",22,"all_median_min",43.9885
24,"Saturday","weekend","in_season_late",22,"all_median_min",47.9545
6,"Sunday","weekend","off_season",16,"all_no500_n",417
7,"Sunday","weekend","off_season",16,"all_no500_n",390
8,"Sunday","weekend","off_season",16,"all_no500_n",134
9,"Sunday","weekend","off_season",16,"all_no500_n",131
10,"Sunday","weekend","off_season",16,"all_no500_n",131
11,"Sunday","weekend","off_season",16,"all_no500_n",131
12,"Sunday","weekend","off_season",16,"all_no500_n",131
13,"Sunday","weekend","off_season",16,"all_no500_n",126
14,"Sunday","weekend","off_season",16,"all_no500_n",126
15,"Sunday","weekend","off_season",16,"all_no500_n",126
16,"Sunday","weekend","off_season",16,"all_no500_n",360
17,"Sunday","weekend","off_season",16,"all_no500_n",372
18,"Sunday","weekend","off_season",16,"all_no500_n",372
19,"Sunday","weekend","off_season",16,"all_no500_n",386
20,"Sunday","weekend","off_season",16,"all_no500_n",396
21,"Sunday","weekend","off_season",16,"all_no500_n",404
22,"Sunday","weekend","off_season",16,"all_no500_n",406
23,"Sunday","weekend","off_season",16,"all_no500_n",416
24,"Sunday","weekend","off_season",16,"all_no500_n",420
6,"Monday","weekday","off_season",16,"all_no500_n",417
7,"Monday","weekday","off_season",16,"all_no500_n",390
8,"Monday","weekday","off_season",16,"all_no500_n",134
9,"Monday","weekday","off_season",16,"all_no500_n",131
10,"Monday","weekday","off_season",16,"all_no500_n",92
11,"Monday","weekday","off_season",16,"all_no500_n",87
12,"Monday","weekday","off_season",16,"all_no500_n",87
13,"Monday","weekday","off_season",16,"all_no500_n",87
14,"Monday","weekday","off_season",16,"all_no500_n",87
15,"Monday","weekday","off_season",16,"all_no500_n",87
16,"Monday","weekday","off_season",16,"all_no500_n",223
17,"Monday","weekday","off_season",16,"all_no500_n",228
18,"Monday","weekday","off_season",16,"all_no500_n",311
19,"Monday","weekday","off_season",16,"all_no500_n",370
20,"Monday","weekday","off_season",16,"all_no500_n",392
21,"Monday","weekday","off_season",16,"all_no500_n",402
22,"Monday","weekday","off_season",16,"all_no500_n",406
23,"Monday","weekday","off_season",16,"all_no500_n",416
24,"Monday","weekday","off_season",16,"all_no500_n",420
6,"Tuesday","weekday","off_season",16,"all_no500_n",417
7,"Tuesday","weekday","off_season",16,"all_no500_n",390
8,"Tuesday","weekday","off_season",16,"all_no500_n",134
9,"Tuesday","weekday","off_season",16,"all_no500_n",131
10,"Tuesday","weekday","off_season",16,"all_no500_n",117
11,"Tuesday","weekday","off_season",16,"all_no500_n",113
12,"Tuesday","weekday","off_season",16,"all_no500_n",111
13,"Tuesday","weekday","off_season",16,"all_no500_n",87
14,"Tuesday","weekday","off_season",16,"all_no500_n",87
15,"Tuesday","weekday","off_season",16,"all_no500_n",87
16,"Tuesday","weekday","off_season",16,"all_no500_n",223
17,"Tuesday","weekday","off_season",16,"all_no500_n",226
18,"Tuesday","weekday","off_season",16,"all_no500_n",266
19,"Tuesday","weekday","off_season",16,"all_no500_n",324
20,"Tuesday","weekday","off_season",16,"all_no500_n",392
21,"Tuesday","weekday","off_season",16,"all_no500_n",402
22,"Tuesday","weekday","off_season",16,"all_no500_n",406
23,"Tuesday","weekday","off_season",16,"all_no500_n",416
24,"Tuesday","weekday","off_season",16,"all_no500_n",420
6,"Wednesday","weekday","off_season",16,"all_no500_n",417
7,"Wednesday","weekday","off_season",16,"all_no500_n",390
8,"Wednesday","weekday","off_season",16,"all_no500_n",134
9,"Wednesday","weekday","off_season",16,"all_no500_n",131
10,"Wednesday","weekday","off_season",16,"all_no500_n",92
11,"Wednesday","weekday","off_season",16,"all_no500_n",87
12,"Wednesday","weekday","off_season",16,"all_no500_n",87
13,"Wednesday","weekday","off_season",16,"all_no500_n",87
14,"Wednesday","weekday","off_season",16,"all_no500_n",87
15,"Wednesday","weekday","off_season",16,"all_no500_n",87
16,"Wednesday","weekday","off_season",16,"all_no500_n",223
17,"Wednesday","weekday","off_season",16,"all_no500_n",228
18,"Wednesday","weekday","off_season",16,"all_no500_n",308
19,"Wednesday","weekday","off_season",16,"all_no500_n",370
20,"Wednesday","weekday","off_season",16,"all_no500_n",392
21,"Wednesday","weekday","off_season",16,"all_no500_n",402
22,"Wednesday","weekday","off_season",16,"all_no500_n",406
23,"Wednesday","weekday","off_season",16,"all_no500_n",416
24,"Wednesday","weekday","off_season",16,"all_no500_n",420
6,"Thursday","weekday","off_season",16,"all_no500_n",417
7,"Thursday","weekday","off_season",16,"all_no500_n",390
8,"Thursday","weekday","off_season",16,"all_no500_n",134
9,"Thursday","weekday","off_season",16,"all_no500_n",131
10,"Thursday","weekday","off_season",16,"all_no500_n",100
11,"Thursday","weekday","off_season",16,"all_no500_n",98
12,"Thursday","weekday","off_season",16,"all_no500_n",87
13,"Thursday","weekday","off_season",16,"all_no500_n",87
14,"Thursday","weekday","off_season",16,"all_no500_n",87
15,"Thursday","weekday","off_season",16,"all_no500_n",87
16,"Thursday","weekday","off_season",16,"all_no500_n",223
17,"Thursday","weekday","off_season",16,"all_no500_n",226
18,"Thursday","weekday","off_season",16,"all_no500_n",244
19,"Thursday","weekday","off_season",16,"all_no500_n",303
20,"Thursday","weekday","off_season",16,"all_no500_n",392
21,"Thursday","weekday","off_season",16,"all_no500_n",402
22,"Thursday","weekday","off_season",16,"all_no500_n",406
23,"Thursday","weekday","off_season",16,"all_no500_n",416
24,"Thursday","weekday","off_season",16,"all_no500_n",420
6,"Friday","weekday","off_season",16,"all_no500_n",417
7,"Friday","weekday","off_season",16,"all_no500_n",390
8,"Friday","weekday","off_season",16,"all_no500_n",134
9,"Friday","weekday","off_season",16,"all_no500_n",131
10,"Friday","weekday","off_season",16,"all_no500_n",87
11,"Friday","weekday","off_season",16,"all_no500_n",87
12,"Friday","weekday","off_season",16,"all_no500_n",87
13,"Friday","weekday","off_season",16,"all_no500_n",87
14,"Friday","weekday","off_season",16,"all_no500_n",87
15,"Friday","weekday","off_season",16,"all_no500_n",87
16,"Friday","weekday","off_season",16,"all_no500_n",223
17,"Friday","weekday","off_season",16,"all_no500_n",275
18,"Friday","weekday","off_season",16,"all_no500_n",370
19,"Friday","weekday","off_season",16,"all_no500_n",382
20,"Friday","weekday","off_season",16,"all_no500_n",394
21,"Friday","weekday","off_season",16,"all_no500_n",402
22,"Friday","weekday","off_season",16,"all_no500_n",405
23,"Friday","weekday","off_season",16,"all_no500_n",416
24,"Friday","weekday","off_season",16,"all_no500_n",420
6,"Saturday","weekend","off_season",16,"all_no500_n",417
7,"Saturday","weekend","off_season",16,"all_no500_n",390
8,"Saturday","weekend","off_season",16,"all_no500_n",134
9,"Saturday","weekend","off_season",16,"all_no500_n",131
10,"Saturday","weekend","off_season",16,"all_no500_n",87
11,"Saturday","weekend","off_season",16,"all_no500_n",87
12,"Saturday","weekend","off_season",16,"all_no500_n",87
13,"Saturday","weekend","off_season",16,"all_no500_n",87
14,"Saturday","weekend","off_season",16,"all_no500_n",87
15,"Saturday","weekend","off_season",16,"all_no500_n",87
16,"Saturday","weekend","off_season",16,"all_no500_n",223
17,"Saturday","weekend","off_season",16,"all_no500_n",365
18,"Saturday","weekend","off_season",16,"all_no500_n",370
19,"Saturday","weekend","off_season",16,"all_no500_n",382
20,"Saturday","weekend","off_season",16,"all_no500_n",394
21,"Saturday","weekend","off_season",16,"all_no500_n",402
22,"Saturday","weekend","off_season",16,"all_no500_n",405
23,"Saturday","weekend","off_season",16,"all_no500_n",416
24,"Saturday","weekend","off_season",16,"all_no500_n",420
6,"Sunday","weekend","in_season",20,"all_no500_n",417
7,"Sunday","weekend","in_season",20,"all_no500_n",390
8,"Sunday","weekend","in_season",20,"all_no500_n",134
9,"Sunday","weekend","in_season",20,"all_no500_n",131
10,"Sunday","weekend","in_season",20,"all_no500_n",131
11,"Sunday","weekend","in_season",20,"all_no500_n",131
12,"Sunday","weekend","in_season",20,"all_no500_n",131
13,"Sunday","weekend","in_season",20,"all_no500_n",126
14,"Sunday","weekend","in_season",20,"all_no500_n",126
15,"Sunday","weekend","in_season",20,"all_no500_n",126
16,"Sunday","weekend","in_season",20,"all_no500_n",126
17,"Sunday","weekend","in_season",20,"all_no500_n",133
18,"Sunday","weekend","in_season",20,"all_no500_n",133
19,"Sunday","weekend","in_season",20,"all_no500_n",141
20,"Sunday","weekend","in_season",20,"all_no500_n",396
21,"Sunday","weekend","in_season",20,"all_no500_n",404
22,"Sunday","weekend","in_season",20,"all_no500_n",406
23,"Sunday","weekend","in_season",20,"all_no500_n",416
24,"Sunday","weekend","in_season",20,"all_no500_n",420
6,"Monday","weekday","in_season",20,"all_no500_n",417
7,"Monday","weekday","in_season",20,"all_no500_n",390
8,"Monday","weekday","in_season",20,"all_no500_n",134
9,"Monday","weekday","in_season",20,"all_no500_n",131
10,"Monday","weekday","in_season",20,"all_no500_n",92
11,"Monday","weekday","in_season",20,"all_no500_n",87
12,"Monday","weekday","in_season",20,"all_no500_n",87
13,"Monday","weekday","in_season",20,"all_no500_n",87
14,"Monday","weekday","in_season",20,"all_no500_n",87
15,"Monday","weekday","in_season",20,"all_no500_n",87
16,"Monday","weekday","in_season",20,"all_no500_n",87
17,"Monday","weekday","in_season",20,"all_no500_n",90
18,"Monday","weekday","in_season",20,"all_no500_n",123
19,"Monday","weekday","in_season",20,"all_no500_n",136
20,"Monday","weekday","in_season",20,"all_no500_n",392
21,"Monday","weekday","in_season",20,"all_no500_n",402
22,"Monday","weekday","in_season",20,"all_no500_n",406
23,"Monday","weekday","in_season",20,"all_no500_n",416
24,"Monday","weekday","in_season",20,"all_no500_n",420
6,"Tuesday","weekday","in_season",20,"all_no500_n",417
7,"Tuesday","weekday","in_season",20,"all_no500_n",390
8,"Tuesday","weekday","in_season",20,"all_no500_n",134
9,"Tuesday","weekday","in_season",20,"all_no500_n",131
10,"Tuesday","weekday","in_season",20,"all_no500_n",117
11,"Tuesday","weekday","in_season",20,"all_no500_n",113
12,"Tuesday","weekday","in_season",20,"all_no500_n",111
13,"Tuesday","weekday","in_season",20,"all_no500_n",87
14,"Tuesday","weekday","in_season",20,"all_no500_n",87
15,"Tuesday","weekday","in_season",20,"all_no500_n",87
16,"Tuesday","weekday","in_season",20,"all_no500_n",87
17,"Tuesday","weekday","in_season",20,"all_no500_n",88
18,"Tuesday","weekday","in_season",20,"all_no500_n",105
19,"Tuesday","weekday","in_season",20,"all_no500_n",121
20,"Tuesday","weekday","in_season",20,"all_no500_n",392
21,"Tuesday","weekday","in_season",20,"all_no500_n",402
22,"Tuesday","weekday","in_season",20,"all_no500_n",406
23,"Tuesday","weekday","in_season",20,"all_no500_n",416
24,"Tuesday","weekday","in_season",20,"all_no500_n",420
6,"Wednesday","weekday","in_season",20,"all_no500_n",417
7,"Wednesday","weekday","in_season",20,"all_no500_n",390
8,"Wednesday","weekday","in_season",20,"all_no500_n",134
9,"Wednesday","weekday","in_season",20,"all_no500_n",131
10,"Wednesday","weekday","in_season",20,"all_no500_n",92
11,"Wednesday","weekday","in_season",20,"all_no500_n",87
12,"Wednesday","weekday","in_season",20,"all_no500_n",87
13,"Wednesday","weekday","in_season",20,"all_no500_n",87
14,"Wednesday","weekday","in_season",20,"all_no500_n",87
15,"Wednesday","weekday","in_season",20,"all_no500_n",87
16,"Wednesday","weekday","in_season",20,"all_no500_n",87
17,"Wednesday","weekday","in_season",20,"all_no500_n",90
18,"Wednesday","weekday","in_season",20,"all_no500_n",122
19,"Wednesday","weekday","in_season",20,"all_no500_n",136
20,"Wednesday","weekday","in_season",20,"all_no500_n",392
21,"Wednesday","weekday","in_season",20,"all_no500_n",402
22,"Wednesday","weekday","in_season",20,"all_no500_n",406
23,"Wednesday","weekday","in_season",20,"all_no500_n",416
24,"Wednesday","weekday","in_season",20,"all_no500_n",420
6,"Thursday","weekday","in_season",20,"all_no500_n",417
7,"Thursday","weekday","in_season",20,"all_no500_n",390
8,"Thursday","weekday","in_season",20,"all_no500_n",134
9,"Thursday","weekday","in_season",20,"all_no500_n",131
10,"Thursday","weekday","in_season",20,"all_no500_n",100
11,"Thursday","weekday","in_season",20,"all_no500_n",98
12,"Thursday","weekday","in_season",20,"all_no500_n",87
13,"Thursday","weekday","in_season",20,"all_no500_n",87
14,"Thursday","weekday","in_season",20,"all_no500_n",87
15,"Thursday","weekday","in_season",20,"all_no500_n",87
16,"Thursday","weekday","in_season",20,"all_no500_n",87
17,"Thursday","weekday","in_season",20,"all_no500_n",88
18,"Thursday","weekday","in_season",20,"all_no500_n",96
19,"Thursday","weekday","in_season",20,"all_no500_n",112
20,"Thursday","weekday","in_season",20,"all_no500_n",392
21,"Thursday","weekday","in_season",20,"all_no500_n",402
22,"Thursday","weekday","in_season",20,"all_no500_n",406
23,"Thursday","weekday","in_season",20,"all_no500_n",416
24,"Thursday","weekday","in_season",20,"all_no500_n",420
6,"Friday","weekday","in_season",20,"all_no500_n",417
7,"Friday","weekday","in_season",20,"all_no500_n",390
8,"Friday","weekday","in_season",20,"all_no500_n",134
9,"Friday","weekday","in_season",20,"all_no500_n",131
10,"Friday","weekday","in_season",20,"all_no500_n",87
11,"Friday","weekday","in_season",20,"all_no500_n",87
12,"Friday","weekday","in_season",20,"all_no500_n",87
13,"Friday","weekday","in_season",20,"all_no500_n",87
14,"Friday","weekday","in_season",20,"all_no500_n",87
15,"Friday","weekday","in_season",20,"all_no500_n",87
16,"Friday","weekday","in_season",20,"all_no500_n",87
17,"Friday","weekday","in_season",20,"all_no500_n",102
18,"Friday","weekday","in_season",20,"all_no500_n",133
19,"Friday","weekday","in_season",20,"all_no500_n",140
20,"Friday","weekday","in_season",20,"all_no500_n",394
21,"Friday","weekday","in_season",20,"all_no500_n",402
22,"Friday","weekday","in_season",20,"all_no500_n",405
23,"Friday","weekday","in_season",20,"all_no500_n",416
24,"Friday","weekday","in_season",20,"all_no500_n",420
6,"Saturday","weekend","in_season",20,"all_no500_n",417
7,"Saturday","weekend","in_season",20,"all_no500_n",390
8,"Saturday","weekend","in_season",20,"all_no500_n",134
9,"Saturday","weekend","in_season",20,"all_no500_n",131
10,"Saturday","weekend","in_season",20,"all_no500_n",87
11,"Saturday","weekend","in_season",20,"all_no500_n",87
12,"Saturday","weekend","in_season",20,"all_no500_n",87
13,"Saturday","weekend","in_season",20,"all_no500_n",87
14,"Saturday","weekend","in_season",20,"all_no500_n",87
15,"Saturday","weekend","in_season",20,"all_no500_n",87
16,"Saturday","weekend","in_season",20,"all_no500_n",87
17,"Saturday","weekend","in_season",20,"all_no500_n",132
18,"Saturday","weekend","in_season",20,"all_no500_n",133
19,"Saturday","weekend","in_season",20,"all_no500_n",140
20,"Saturday","weekend","in_season",20,"all_no500_n",394
21,"Saturday","weekend","in_season",20,"all_no500_n",402
22,"Saturday","weekend","in_season",20,"all_no500_n",405
23,"Saturday","weekend","in_season",20,"all_no500_n",416
24,"Saturday","weekend","in_season",20,"all_no500_n",420
6,"Sunday","weekend","in_season_late",22,"all_no500_n",417
7,"Sunday","weekend","in_season_late",22,"all_no500_n",390
8,"Sunday","weekend","in_season_late",22,"all_no500_n",134
9,"Sunday","weekend","in_season_late",22,"all_no500_n",131
10,"Sunday","weekend","in_season_late",22,"all_no500_n",131
11,"Sunday","weekend","in_season_late",22,"all_no500_n",131
12,"Sunday","weekend","in_season_late",22,"all_no500_n",131
13,"Sunday","weekend","in_season_late",22,"all_no500_n",126
14,"Sunday","weekend","in_season_late",22,"all_no500_n",126
15,"Sunday","weekend","in_season_late",22,"all_no500_n",126
16,"Sunday","weekend","in_season_late",22,"all_no500_n",126
17,"Sunday","weekend","in_season_late",22,"all_no500_n",133
18,"Sunday","weekend","in_season_late",22,"all_no500_n",133
19,"Sunday","weekend","in_season_late",22,"all_no500_n",141
20,"Sunday","weekend","in_season_late",22,"all_no500_n",144
21,"Sunday","weekend","in_season_late",22,"all_no500_n",152
22,"Sunday","weekend","in_season_late",22,"all_no500_n",406
23,"Sunday","weekend","in_season_late",22,"all_no500_n",416
24,"Sunday","weekend","in_season_late",22,"all_no500_n",420
6,"Monday","weekday","in_season_late",22,"all_no500_n",417
7,"Monday","weekday","in_season_late",22,"all_no500_n",390
8,"Monday","weekday","in_season_late",22,"all_no500_n",134
9,"Monday","weekday","in_season_late",22,"all_no500_n",131
10,"Monday","weekday","in_season_late",22,"all_no500_n",92
11,"Monday","weekday","in_season_late",22,"all_no500_n",87
12,"Monday","weekday","in_season_late",22,"all_no500_n",87
13,"Monday","weekday","in_season_late",22,"all_no500_n",87
14,"Monday","weekday","in_season_late",22,"all_no500_n",87
15,"Monday","weekday","in_season_late",22,"all_no500_n",87
16,"Monday","weekday","in_season_late",22,"all_no500_n",87
17,"Monday","weekday","in_season_late",22,"all_no500_n",90
18,"Monday","weekday","in_season_late",22,"all_no500_n",123
19,"Monday","weekday","in_season_late",22,"all_no500_n",136
20,"Monday","weekday","in_season_late",22,"all_no500_n",143
21,"Monday","weekday","in_season_late",22,"all_no500_n",151
22,"Monday","weekday","in_season_late",22,"all_no500_n",406
23,"Monday","weekday","in_season_late",22,"all_no500_n",416
24,"Monday","weekday","in_season_late",22,"all_no500_n",420
6,"Tuesday","weekday","in_season_late",22,"all_no500_n",417
7,"Tuesday","weekday","in_season_late",22,"all_no500_n",390
8,"Tuesday","weekday","in_season_late",22,"all_no500_n",134
9,"Tuesday","weekday","in_season_late",22,"all_no500_n",131
10,"Tuesday","weekday","in_season_late",22,"all_no500_n",117
11,"Tuesday","weekday","in_season_late",22,"all_no500_n",113
12,"Tuesday","weekday","in_season_late",22,"all_no500_n",111
13,"Tuesday","weekday","in_season_late",22,"all_no500_n",87
14,"Tuesday","weekday","in_season_late",22,"all_no500_n",87
15,"Tuesday","weekday","in_season_late",22,"all_no500_n",87
16,"Tuesday","weekday","in_season_late",22,"all_no500_n",87
17,"Tuesday","weekday","in_season_late",22,"all_no500_n",88
18,"Tuesday","weekday","in_season_late",22,"all_no500_n",105
19,"Tuesday","weekday","in_season_late",22,"all_no500_n",121
20,"Tuesday","weekday","in_season_late",22,"all_no500_n",143
21,"Tuesday","weekday","in_season_late",22,"all_no500_n",151
22,"Tuesday","weekday","in_season_late",22,"all_no500_n",406
23,"Tuesday","weekday","in_season_late",22,"all_no500_n",416
24,"Tuesday","weekday","in_season_late",22,"all_no500_n",420
6,"Wednesday","weekday","in_season_late",22,"all_no500_n",417
7,"Wednesday","weekday","in_season_late",22,"all_no500_n",390
8,"Wednesday","weekday","in_season_late",22,"all_no500_n",134
9,"Wednesday","weekday","in_season_late",22,"all_no500_n",131
10,"Wednesday","weekday","in_season_late",22,"all_no500_n",92
11,"Wednesday","weekday","in_season_late",22,"all_no500_n",87
12,"Wednesday","weekday","in_season_late",22,"all_no500_n",87
13,"Wednesday","weekday","in_season_late",22,"all_no500_n",87
14,"Wednesday","weekday","in_season_late",22,"all_no500_n",87
15,"Wednesday","weekday","in_season_late",22,"all_no500_n",87
16,"Wednesday","weekday","in_season_late",22,"all_no500_n",87
17,"Wednesday","weekday","in_season_late",22,"all_no500_n",90
18,"Wednesday","weekday","in_season_late",22,"all_no500_n",122
19,"Wednesday","weekday","in_season_late",22,"all_no500_n",136
20,"Wednesday","weekday","in_season_late",22,"all_no500_n",143
21,"Wednesday","weekday","in_season_late",22,"all_no500_n",151
22,"Wednesday","weekday","in_season_late",22,"all_no500_n",406
23,"Wednesday","weekday","in_season_late",22,"all_no500_n",416
24,"Wednesday","weekday","in_season_late",22,"all_no500_n",420
6,"Thursday","weekday","in_season_late",22,"all_no500_n",417
7,"Thursday","weekday","in_season_late",22,"all_no500_n",390
8,"Thursday","weekday","in_season_late",22,"all_no500_n",134
9,"Thursday","weekday","in_season_late",22,"all_no500_n",131
10,"Thursday","weekday","in_season_late",22,"all_no500_n",100
11,"Thursday","weekday","in_season_late",22,"all_no500_n",98
12,"Thursday","weekday","in_season_late",22,"all_no500_n",87
13,"Thursday","weekday","in_season_late",22,"all_no500_n",87
14,"Thursday","weekday","in_season_late",22,"all_no500_n",87
15,"Thursday","weekday","in_season_late",22,"all_no500_n",87
16,"Thursday","weekday","in_season_late",22,"all_no500_n",87
17,"Thursday","weekday","in_season_late",22,"all_no500_n",88
18,"Thursday","weekday","in_season_late",22,"all_no500_n",96
19,"Thursday","weekday","in_season_late",22,"all_no500_n",112
20,"Thursday","weekday","in_season_late",22,"all_no500_n",143
21,"Thursday","weekday","in_season_late",22,"all_no500_n",151
22,"Thursday","weekday","in_season_late",22,"all_no500_n",406
23,"Thursday","weekday","in_season_late",22,"all_no500_n",416
24,"Thursday","weekday","in_season_late",22,"all_no500_n",420
6,"Friday","weekday","in_season_late",22,"all_no500_n",417
7,"Friday","weekday","in_season_late",22,"all_no500_n",390
8,"Friday","weekday","in_season_late",22,"all_no500_n",134
9,"Friday","weekday","in_season_late",22,"all_no500_n",131
10,"Friday","weekday","in_season_late",22,"all_no500_n",87
11,"Friday","weekday","in_season_late",22,"all_no500_n",87
12,"Friday","weekday","in_season_late",22,"all_no500_n",87
13,"Friday","weekday","in_season_late",22,"all_no500_n",87
14,"Friday","weekday","in_season_late",22,"all_no500_n",87
15,"Friday","weekday","in_season_late",22,"all_no500_n",87
16,"Friday","weekday","in_season_late",22,"all_no500_n",87
17,"Friday","weekday","in_season_late",22,"all_no500_n",102
18,"Friday","weekday","in_season_late",22,"all_no500_n",133
19,"Friday","weekday","in_season_late",22,"all_no500_n",140
20,"Friday","weekday","in_season_late",22,"all_no500_n",143
21,"Friday","weekday","in_season_late",22,"all_no500_n",151
22,"Friday","weekday","in_season_late",22,"all_no500_n",405
23,"Friday","weekday","in_season_late",22,"all_no500_n",416
24,"Friday","weekday","in_season_late",22,"all_no500_n",420
6,"Saturday","weekend","in_season_late",22,"all_no500_n",417
7,"Saturday","weekend","in_season_late",22,"all_no500_n",390
8,"Saturday","weekend","in_season_late",22,"all_no500_n",134
9,"Saturday","weekend","in_season_late",22,"all_no500_n",131
10,"Saturday","weekend","in_season_late",22,"all_no500_n",87
11,"Saturday","weekend","in_season_late",22,"all_no500_n",87
12,"Saturday","weekend","in_season_late",22,"all_no500_n",87
13,"Saturday","weekend","in_season_late",22,"all_no500_n",87
14,"Saturday","weekend","in_season_late",22,"all_no500_n",87
15,"Saturday","weekend","in_season_late",22,"all_no500_n",87
16,"Saturday","weekend","in_season_late",22,"all_no500_n",87
17,"Saturday","weekend","in_season_late",22,"all_no500_n",132
18,"Saturday","weekend","in_season_late",22,"all_no500_n",133
19,"Saturday","weekend","in_season_late",22,"all_no500_n",140
20,"Saturday","weekend","in_season_late",22,"all_no500_n",143
21,"Saturday","weekend","in_season_late",22,"all_no500_n",151
22,"Saturday","weekend","in_season_late",22,"all_no500_n",405
23,"Saturday","weekend","in_season_late",22,"all_no500_n",416
24,"Saturday","weekend","in_season_late",22,"all_no500_n",420
6,"Sunday","weekend","off_season",16,"all_no500_share",0.9835
7,"Sunday","weekend","off_season",16,"all_no500_share",0.9198
8,"Sunday","weekend","off_season",16,"all_no500_share",0.316
9,"Sunday","weekend","off_season",16,"all_no500_share",0.309
10,"Sunday","weekend","off_season",16,"all_no500_share",0.309
11,"Sunday","weekend","off_season",16,"all_no500_share",0.309
12,"Sunday","weekend","off_season",16,"all_no500_share",0.309
13,"Sunday","weekend","off_season",16,"all_no500_share",0.2972
14,"Sunday","weekend","off_season",16,"all_no500_share",0.2972
15,"Sunday","weekend","off_season",16,"all_no500_share",0.2972
16,"Sunday","weekend","off_season",16,"all_no500_share",0.8491
17,"Sunday","weekend","off_season",16,"all_no500_share",0.8774
18,"Sunday","weekend","off_season",16,"all_no500_share",0.8774
19,"Sunday","weekend","off_season",16,"all_no500_share",0.9104
20,"Sunday","weekend","off_season",16,"all_no500_share",0.934
21,"Sunday","weekend","off_season",16,"all_no500_share",0.9528
22,"Sunday","weekend","off_season",16,"all_no500_share",0.9575
23,"Sunday","weekend","off_season",16,"all_no500_share",0.9811
24,"Sunday","weekend","off_season",16,"all_no500_share",0.9906
6,"Monday","weekday","off_season",16,"all_no500_share",0.9835
7,"Monday","weekday","off_season",16,"all_no500_share",0.9198
8,"Monday","weekday","off_season",16,"all_no500_share",0.316
9,"Monday","weekday","off_season",16,"all_no500_share",0.309
10,"Monday","weekday","off_season",16,"all_no500_share",0.217
11,"Monday","weekday","off_season",16,"all_no500_share",0.2052
12,"Monday","weekday","off_season",16,"all_no500_share",0.2052
13,"Monday","weekday","off_season",16,"all_no500_share",0.2052
14,"Monday","weekday","off_season",16,"all_no500_share",0.2052
15,"Monday","weekday","off_season",16,"all_no500_share",0.2052
16,"Monday","weekday","off_season",16,"all_no500_share",0.5259
17,"Monday","weekday","off_season",16,"all_no500_share",0.5377
18,"Monday","weekday","off_season",16,"all_no500_share",0.7335
19,"Monday","weekday","off_season",16,"all_no500_share",0.8726
20,"Monday","weekday","off_season",16,"all_no500_share",0.9245
21,"Monday","weekday","off_season",16,"all_no500_share",0.9481
22,"Monday","weekday","off_season",16,"all_no500_share",0.9575
23,"Monday","weekday","off_season",16,"all_no500_share",0.9811
24,"Monday","weekday","off_season",16,"all_no500_share",0.9906
6,"Tuesday","weekday","off_season",16,"all_no500_share",0.9835
7,"Tuesday","weekday","off_season",16,"all_no500_share",0.9198
8,"Tuesday","weekday","off_season",16,"all_no500_share",0.316
9,"Tuesday","weekday","off_season",16,"all_no500_share",0.309
10,"Tuesday","weekday","off_season",16,"all_no500_share",0.2759
11,"Tuesday","weekday","off_season",16,"all_no500_share",0.2665
12,"Tuesday","weekday","off_season",16,"all_no500_share",0.2618
13,"Tuesday","weekday","off_season",16,"all_no500_share",0.2052
14,"Tuesday","weekday","off_season",16,"all_no500_share",0.2052
15,"Tuesday","weekday","off_season",16,"all_no500_share",0.2052
16,"Tuesday","weekday","off_season",16,"all_no500_share",0.5259
17,"Tuesday","weekday","off_season",16,"all_no500_share",0.533
18,"Tuesday","weekday","off_season",16,"all_no500_share",0.6274
19,"Tuesday","weekday","off_season",16,"all_no500_share",0.7642
20,"Tuesday","weekday","off_season",16,"all_no500_share",0.9245
21,"Tuesday","weekday","off_season",16,"all_no500_share",0.9481
22,"Tuesday","weekday","off_season",16,"all_no500_share",0.9575
23,"Tuesday","weekday","off_season",16,"all_no500_share",0.9811
24,"Tuesday","weekday","off_season",16,"all_no500_share",0.9906
6,"Wednesday","weekday","off_season",16,"all_no500_share",0.9835
7,"Wednesday","weekday","off_season",16,"all_no500_share",0.9198
8,"Wednesday","weekday","off_season",16,"all_no500_share",0.316
9,"Wednesday","weekday","off_season",16,"all_no500_share",0.309
10,"Wednesday","weekday","off_season",16,"all_no500_share",0.217
11,"Wednesday","weekday","off_season",16,"all_no500_share",0.2052
12,"Wednesday","weekday","off_season",16,"all_no500_share",0.2052
13,"Wednesday","weekday","off_season",16,"all_no500_share",0.2052
14,"Wednesday","weekday","off_season",16,"all_no500_share",0.2052
15,"Wednesday","weekday","off_season",16,"all_no500_share",0.2052
16,"Wednesday","weekday","off_season",16,"all_no500_share",0.5259
17,"Wednesday","weekday","off_season",16,"all_no500_share",0.5377
18,"Wednesday","weekday","off_season",16,"all_no500_share",0.7264
19,"Wednesday","weekday","off_season",16,"all_no500_share",0.8726
20,"Wednesday","weekday","off_season",16,"all_no500_share",0.9245
21,"Wednesday","weekday","off_season",16,"all_no500_share",0.9481
22,"Wednesday","weekday","off_season",16,"all_no500_share",0.9575
23,"Wednesday","weekday","off_season",16,"all_no500_share",0.9811
24,"Wednesday","weekday","off_season",16,"all_no500_share",0.9906
6,"Thursday","weekday","off_season",16,"all_no500_share",0.9835
7,"Thursday","weekday","off_season",16,"all_no500_share",0.9198
8,"Thursday","weekday","off_season",16,"all_no500_share",0.316
9,"Thursday","weekday","off_season",16,"all_no500_share",0.309
10,"Thursday","weekday","off_season",16,"all_no500_share",0.2358
11,"Thursday","weekday","off_season",16,"all_no500_share",0.2311
12,"Thursday","weekday","off_season",16,"all_no500_share",0.2052
13,"Thursday","weekday","off_season",16,"all_no500_share",0.2052
14,"Thursday","weekday","off_season",16,"all_no500_share",0.2052
15,"Thursday","weekday","off_season",16,"all_no500_share",0.2052
16,"Thursday","weekday","off_season",16,"all_no500_share",0.5259
17,"Thursday","weekday","off_season",16,"all_no500_share",0.533
18,"Thursday","weekday","off_season",16,"all_no500_share",0.5755
19,"Thursday","weekday","off_season",16,"all_no500_share",0.7146
20,"Thursday","weekday","off_season",16,"all_no500_share",0.9245
21,"Thursday","weekday","off_season",16,"all_no500_share",0.9481
22,"Thursday","weekday","off_season",16,"all_no500_share",0.9575
23,"Thursday","weekday","off_season",16,"all_no500_share",0.9811
24,"Thursday","weekday","off_season",16,"all_no500_share",0.9906
6,"Friday","weekday","off_season",16,"all_no500_share",0.9835
7,"Friday","weekday","off_season",16,"all_no500_share",0.9198
8,"Friday","weekday","off_season",16,"all_no500_share",0.316
9,"Friday","weekday","off_season",16,"all_no500_share",0.309
10,"Friday","weekday","off_season",16,"all_no500_share",0.2052
11,"Friday","weekday","off_season",16,"all_no500_share",0.2052
12,"Friday","weekday","off_season",16,"all_no500_share",0.2052
13,"Friday","weekday","off_season",16,"all_no500_share",0.2052
14,"Friday","weekday","off_season",16,"all_no500_share",0.2052
15,"Friday","weekday","off_season",16,"all_no500_share",0.2052
16,"Friday","weekday","off_season",16,"all_no500_share",0.5259
17,"Friday","weekday","off_season",16,"all_no500_share",0.6486
18,"Friday","weekday","off_season",16,"all_no500_share",0.8726
19,"Friday","weekday","off_season",16,"all_no500_share",0.9009
20,"Friday","weekday","off_season",16,"all_no500_share",0.9292
21,"Friday","weekday","off_season",16,"all_no500_share",0.9481
22,"Friday","weekday","off_season",16,"all_no500_share",0.9552
23,"Friday","weekday","off_season",16,"all_no500_share",0.9811
24,"Friday","weekday","off_season",16,"all_no500_share",0.9906
6,"Saturday","weekend","off_season",16,"all_no500_share",0.9835
7,"Saturday","weekend","off_season",16,"all_no500_share",0.9198
8,"Saturday","weekend","off_season",16,"all_no500_share",0.316
9,"Saturday","weekend","off_season",16,"all_no500_share",0.309
10,"Saturday","weekend","off_season",16,"all_no500_share",0.2052
11,"Saturday","weekend","off_season",16,"all_no500_share",0.2052
12,"Saturday","weekend","off_season",16,"all_no500_share",0.2052
13,"Saturday","weekend","off_season",16,"all_no500_share",0.2052
14,"Saturday","weekend","off_season",16,"all_no500_share",0.2052
15,"Saturday","weekend","off_season",16,"all_no500_share",0.2052
16,"Saturday","weekend","off_season",16,"all_no500_share",0.5259
17,"Saturday","weekend","off_season",16,"all_no500_share",0.8608
18,"Saturday","weekend","off_season",16,"all_no500_share",0.8726
19,"Saturday","weekend","off_season",16,"all_no500_share",0.9009
20,"Saturday","weekend","off_season",16,"all_no500_share",0.9292
21,"Saturday","weekend","off_season",16,"all_no500_share",0.9481
22,"Saturday","weekend","off_season",16,"all_no500_share",0.9552
23,"Saturday","weekend","off_season",16,"all_no500_share",0.9811
24,"Saturday","weekend","off_season",16,"all_no500_share",0.9906
6,"Sunday","weekend","in_season",20,"all_no500_share",0.9835
7,"Sunday","weekend","in_season",20,"all_no500_share",0.9198
8,"Sunday","weekend","in_season",20,"all_no500_share",0.316
9,"Sunday","weekend","in_season",20,"all_no500_share",0.309
10,"Sunday","weekend","in_season",20,"all_no500_share",0.309
11,"Sunday","weekend","in_season",20,"all_no500_share",0.309
12,"Sunday","weekend","in_season",20,"all_no500_share",0.309
13,"Sunday","weekend","in_season",20,"all_no500_share",0.2972
14,"Sunday","weekend","in_season",20,"all_no500_share",0.2972
15,"Sunday","weekend","in_season",20,"all_no500_share",0.2972
16,"Sunday","weekend","in_season",20,"all_no500_share",0.2972
17,"Sunday","weekend","in_season",20,"all_no500_share",0.3137
18,"Sunday","weekend","in_season",20,"all_no500_share",0.3137
19,"Sunday","weekend","in_season",20,"all_no500_share",0.3325
20,"Sunday","weekend","in_season",20,"all_no500_share",0.934
21,"Sunday","weekend","in_season",20,"all_no500_share",0.9528
22,"Sunday","weekend","in_season",20,"all_no500_share",0.9575
23,"Sunday","weekend","in_season",20,"all_no500_share",0.9811
24,"Sunday","weekend","in_season",20,"all_no500_share",0.9906
6,"Monday","weekday","in_season",20,"all_no500_share",0.9835
7,"Monday","weekday","in_season",20,"all_no500_share",0.9198
8,"Monday","weekday","in_season",20,"all_no500_share",0.316
9,"Monday","weekday","in_season",20,"all_no500_share",0.309
10,"Monday","weekday","in_season",20,"all_no500_share",0.217
11,"Monday","weekday","in_season",20,"all_no500_share",0.2052
12,"Monday","weekday","in_season",20,"all_no500_share",0.2052
13,"Monday","weekday","in_season",20,"all_no500_share",0.2052
14,"Monday","weekday","in_season",20,"all_no500_share",0.2052
15,"Monday","weekday","in_season",20,"all_no500_share",0.2052
16,"Monday","weekday","in_season",20,"all_no500_share",0.2052
17,"Monday","weekday","in_season",20,"all_no500_share",0.2123
18,"Monday","weekday","in_season",20,"all_no500_share",0.2901
19,"Monday","weekday","in_season",20,"all_no500_share",0.3208
20,"Monday","weekday","in_season",20,"all_no500_share",0.9245
21,"Monday","weekday","in_season",20,"all_no500_share",0.9481
22,"Monday","weekday","in_season",20,"all_no500_share",0.9575
23,"Monday","weekday","in_season",20,"all_no500_share",0.9811
24,"Monday","weekday","in_season",20,"all_no500_share",0.9906
6,"Tuesday","weekday","in_season",20,"all_no500_share",0.9835
7,"Tuesday","weekday","in_season",20,"all_no500_share",0.9198
8,"Tuesday","weekday","in_season",20,"all_no500_share",0.316
9,"Tuesday","weekday","in_season",20,"all_no500_share",0.309
10,"Tuesday","weekday","in_season",20,"all_no500_share",0.2759
11,"Tuesday","weekday","in_season",20,"all_no500_share",0.2665
12,"Tuesday","weekday","in_season",20,"all_no500_share",0.2618
13,"Tuesday","weekday","in_season",20,"all_no500_share",0.2052
14,"Tuesday","weekday","in_season",20,"all_no500_share",0.2052
15,"Tuesday","weekday","in_season",20,"all_no500_share",0.2052
16,"Tuesday","weekday","in_season",20,"all_no500_share",0.2052
17,"Tuesday","weekday","in_season",20,"all_no500_share",0.2075
18,"Tuesday","weekday","in_season",20,"all_no500_share",0.2476
19,"Tuesday","weekday","in_season",20,"all_no500_share",0.2854
20,"Tuesday","weekday","in_season",20,"all_no500_share",0.9245
21,"Tuesday","weekday","in_season",20,"all_no500_share",0.9481
22,"Tuesday","weekday","in_season",20,"all_no500_share",0.9575
23,"Tuesday","weekday","in_season",20,"all_no500_share",0.9811
24,"Tuesday","weekday","in_season",20,"all_no500_share",0.9906
6,"Wednesday","weekday","in_season",20,"all_no500_share",0.9835
7,"Wednesday","weekday","in_season",20,"all_no500_share",0.9198
8,"Wednesday","weekday","in_season",20,"all_no500_share",0.316
9,"Wednesday","weekday","in_season",20,"all_no500_share",0.309
10,"Wednesday","weekday","in_season",20,"all_no500_share",0.217
11,"Wednesday","weekday","in_season",20,"all_no500_share",0.2052
12,"Wednesday","weekday","in_season",20,"all_no500_share",0.2052
13,"Wednesday","weekday","in_season",20,"all_no500_share",0.2052
14,"Wednesday","weekday","in_season",20,"all_no500_share",0.2052
15,"Wednesday","weekday","in_season",20,"all_no500_share",0.2052
16,"Wednesday","weekday","in_season",20,"all_no500_share",0.2052
17,"Wednesday","weekday","in_season",20,"all_no500_share",0.2123
18,"Wednesday","weekday","in_season",20,"all_no500_share",0.2877
19,"Wednesday","weekday","in_season",20,"all_no500_share",0.3208
20,"Wednesday","weekday","in_season",20,"all_no500_share",0.9245
21,"Wednesday","weekday","in_season",20,"all_no500_share",0.9481
22,"Wednesday","weekday","in_season",20,"all_no500_share",0.9575
23,"Wednesday","weekday","in_season",20,"all_no500_share",0.9811
24,"Wednesday","weekday","in_season",20,"all_no500_share",0.9906
6,"Thursday","weekday","in_season",20,"all_no500_share",0.9835
7,"Thursday","weekday","in_season",20,"all_no500_share",0.9198
8,"Thursday","weekday","in_season",20,"all_no500_share",0.316
9,"Thursday","weekday","in_season",20,"all_no500_share",0.309
10,"Thursday","weekday","in_season",20,"all_no500_share",0.2358
11,"Thursday","weekday","in_season",20,"all_no500_share",0.2311
12,"Thursday","weekday","in_season",20,"all_no500_share",0.2052
13,"Thursday","weekday","in_season",20,"all_no500_share",0.2052
14,"Thursday","weekday","in_season",20,"all_no500_share",0.2052
15,"Thursday","weekday","in_season",20,"all_no500_share",0.2052
16,"Thursday","weekday","in_season",20,"all_no500_share",0.2052
17,"Thursday","weekday","in_season",20,"all_no500_share",0.2075
18,"Thursday","weekday","in_season",20,"all_no500_share",0.2264
19,"Thursday","weekday","in_season",20,"all_no500_share",0.2642
20,"Thursday","weekday","in_season",20,"all_no500_share",0.9245
21,"Thursday","weekday","in_season",20,"all_no500_share",0.9481
22,"Thursday","weekday","in_season",20,"all_no500_share",0.9575
23,"Thursday","weekday","in_season",20,"all_no500_share",0.9811
24,"Thursday","weekday","in_season",20,"all_no500_share",0.9906
6,"Friday","weekday","in_season",20,"all_no500_share",0.9835
7,"Friday","weekday","in_season",20,"all_no500_share",0.9198
8,"Friday","weekday","in_season",20,"all_no500_share",0.316
9,"Friday","weekday","in_season",20,"all_no500_share",0.309
10,"Friday","weekday","in_season",20,"all_no500_share",0.2052
11,"Friday","weekday","in_season",20,"all_no500_share",0.2052
12,"Friday","weekday","in_season",20,"all_no500_share",0.2052
13,"Friday","weekday","in_season",20,"all_no500_share",0.2052
14,"Friday","weekday","in_season",20,"all_no500_share",0.2052
15,"Friday","weekday","in_season",20,"all_no500_share",0.2052
16,"Friday","weekday","in_season",20,"all_no500_share",0.2052
17,"Friday","weekday","in_season",20,"all_no500_share",0.2406
18,"Friday","weekday","in_season",20,"all_no500_share",0.3137
19,"Friday","weekday","in_season",20,"all_no500_share",0.3302
20,"Friday","weekday","in_season",20,"all_no500_share",0.9292
21,"Friday","weekday","in_season",20,"all_no500_share",0.9481
22,"Friday","weekday","in_season",20,"all_no500_share",0.9552
23,"Friday","weekday","in_season",20,"all_no500_share",0.9811
24,"Friday","weekday","in_season",20,"all_no500_share",0.9906
6,"Saturday","weekend","in_season",20,"all_no500_share",0.9835
7,"Saturday","weekend","in_season",20,"all_no500_share",0.9198
8,"Saturday","weekend","in_season",20,"all_no500_share",0.316
9,"Saturday","weekend","in_season",20,"all_no500_share",0.309
10,"Saturday","weekend","in_season",20,"all_no500_share",0.2052
11,"Saturday","weekend","in_season",20,"all_no500_share",0.2052
12,"Saturday","weekend","in_season",20,"all_no500_share",0.2052
13,"Saturday","weekend","in_season",20,"all_no500_share",0.2052
14,"Saturday","weekend","in_season",20,"all_no500_share",0.2052
15,"Saturday","weekend","in_season",20,"all_no500_share",0.2052
16,"Saturday","weekend","in_season",20,"all_no500_share",0.2052
17,"Saturday","weekend","in_season",20,"all_no500_share",0.3113
18,"Saturday","weekend","in_season",20,"all_no500_share",0.3137
19,"Saturday","weekend","in_season",20,"all_no500_share",0.3302
20,"Saturday","weekend","in_season",20,"all_no500_share",0.9292
21,"Saturday","weekend","in_season",20,"all_no500_share",0.9481
22,"Saturday","weekend","in_season",20,"all_no500_share",0.9552
23,"Saturday","weekend","in_season",20,"all_no500_share",0.9811
24,"Saturday","weekend","in_season",20,"all_no500_share",0.9906
6,"Sunday","weekend","in_season_late",22,"all_no500_share",0.9835
7,"Sunday","weekend","in_season_late",22,"all_no500_share",0.9198
8,"Sunday","weekend","in_season_late",22,"all_no500_share",0.316
9,"Sunday","weekend","in_season_late",22,"all_no500_share",0.309
10,"Sunday","weekend","in_season_late",22,"all_no500_share",0.309
11,"Sunday","weekend","in_season_late",22,"all_no500_share",0.309
12,"Sunday","weekend","in_season_late",22,"all_no500_share",0.309
13,"Sunday","weekend","in_season_late",22,"all_no500_share",0.2972
14,"Sunday","weekend","in_season_late",22,"all_no500_share",0.2972
15,"Sunday","weekend","in_season_late",22,"all_no500_share",0.2972
16,"Sunday","weekend","in_season_late",22,"all_no500_share",0.2972
17,"Sunday","weekend","in_season_late",22,"all_no500_share",0.3137
18,"Sunday","weekend","in_season_late",22,"all_no500_share",0.3137
19,"Sunday","weekend","in_season_late",22,"all_no500_share",0.3325
20,"Sunday","weekend","in_season_late",22,"all_no500_share",0.3396
21,"Sunday","weekend","in_season_late",22,"all_no500_share",0.3585
22,"Sunday","weekend","in_season_late",22,"all_no500_share",0.9575
23,"Sunday","weekend","in_season_late",22,"all_no500_share",0.9811
24,"Sunday","weekend","in_season_late",22,"all_no500_share",0.9906
6,"Monday","weekday","in_season_late",22,"all_no500_share",0.9835
7,"Monday","weekday","in_season_late",22,"all_no500_share",0.9198
8,"Monday","weekday","in_season_late",22,"all_no500_share",0.316
9,"Monday","weekday","in_season_late",22,"all_no500_share",0.309
10,"Monday","weekday","in_season_late",22,"all_no500_share",0.217
11,"Monday","weekday","in_season_late",22,"all_no500_share",0.2052
12,"Monday","weekday","in_season_late",22,"all_no500_share",0.2052
13,"Monday","weekday","in_season_late",22,"all_no500_share",0.2052
14,"Monday","weekday","in_season_late",22,"all_no500_share",0.2052
15,"Monday","weekday","in_season_late",22,"all_no500_share",0.2052
16,"Monday","weekday","in_season_late",22,"all_no500_share",0.2052
17,"Monday","weekday","in_season_late",22,"all_no500_share",0.2123
18,"Monday","weekday","in_season_late",22,"all_no500_share",0.2901
19,"Monday","weekday","in_season_late",22,"all_no500_share",0.3208
20,"Monday","weekday","in_season_late",22,"all_no500_share",0.3373
21,"Monday","weekday","in_season_late",22,"all_no500_share",0.3561
22,"Monday","weekday","in_season_late",22,"all_no500_share",0.9575
23,"Monday","weekday","in_season_late",22,"all_no500_share",0.9811
24,"Monday","weekday","in_season_late",22,"all_no500_share",0.9906
6,"Tuesday","weekday","in_season_late",22,"all_no500_share",0.9835
7,"Tuesday","weekday","in_season_late",22,"all_no500_share",0.9198
8,"Tuesday","weekday","in_season_late",22,"all_no500_share",0.316
9,"Tuesday","weekday","in_season_late",22,"all_no500_share",0.309
10,"Tuesday","weekday","in_season_late",22,"all_no500_share",0.2759
11,"Tuesday","weekday","in_season_late",22,"all_no500_share",0.2665
12,"Tuesday","weekday","in_season_late",22,"all_no500_share",0.2618
13,"Tuesday","weekday","in_season_late",22,"all_no500_share",0.2052
14,"Tuesday","weekday","in_season_late",22,"all_no500_share",0.2052
15,"Tuesday","weekday","in_season_late",22,"all_no500_share",0.2052
16,"Tuesday","weekday","in_season_late",22,"all_no500_share",0.2052
17,"Tuesday","weekday","in_season_late",22,"all_no500_share",0.2075
18,"Tuesday","weekday","in_season_late",22,"all_no500_share",0.2476
19,"Tuesday","weekday","in_season_late",22,"all_no500_share",0.2854
20,"Tuesday","weekday","in_season_late",22,"all_no500_share",0.3373
21,"Tuesday","weekday","in_season_late",22,"all_no500_share",0.3561
22,"Tuesday","weekday","in_season_late",22,"all_no500_share",0.9575
23,"Tuesday","weekday","in_season_late",22,"all_no500_share",0.9811
24,"Tuesday","weekday","in_season_late",22,"all_no500_share",0.9906
6,"Wednesday","weekday","in_season_late",22,"all_no500_share",0.9835
7,"Wednesday","weekday","in_season_late",22,"all_no500_share",0.9198
8,"Wednesday","weekday","in_season_late",22,"all_no500_share",0.316
9,"Wednesday","weekday","in_season_late",22,"all_no500_share",0.309
10,"Wednesday","weekday","in_season_late",22,"all_no500_share",0.217
11,"Wednesday","weekday","in_season_late",22,"all_no500_share",0.2052
12,"Wednesday","weekday","in_season_late",22,"all_no500_share",0.2052
13,"Wednesday","weekday","in_season_late",22,"all_no500_share",0.2052
14,"Wednesday","weekday","in_season_late",22,"all_no500_share",0.2052
15,"Wednesday","weekday","in_season_late",22,"all_no500_share",0.2052
16,"Wednesday","weekday","in_season_late",22,"all_no500_share",0.2052
17,"Wednesday","weekday","in_season_late",22,"all_no500_share",0.2123
18,"Wednesday","weekday","in_season_late",22,"all_no500_share",0.2877
19,"Wednesday","weekday","in_season_late",22,"all_no500_share",0.3208
20,"Wednesday","weekday","in_season_late",22,"all_no500_share",0.3373
21,"Wednesday","weekday","in_season_late",22,"all_no500_share",0.3561
22,"Wednesday","weekday","in_season_late",22,"all_no500_share",0.9575
23,"Wednesday","weekday","in_season_late",22,"all_no500_share",0.9811
24,"Wednesday","weekday","in_season_late",22,"all_no500_share",0.9906
6,"Thursday","weekday","in_season_late",22,"all_no500_share",0.9835
7,"Thursday","weekday","in_season_late",22,"all_no500_share",0.9198
8,"Thursday","weekday","in_season_late",22,"all_no500_share",0.316
9,"Thursday","weekday","in_season_late",22,"all_no500_share",0.309
10,"Thursday","weekday","in_season_late",22,"all_no500_share",0.2358
11,"Thursday","weekday","in_season_late",22,"all_no500_share",0.2311
12,"Thursday","weekday","in_season_late",22,"all_no500_share",0.2052
13,"Thursday","weekday","in_season_late",22,"all_no500_share",0.2052
14,"Thursday","weekday","in_season_late",22,"all_no500_share",0.2052
15,"Thursday","weekday","in_season_late",22,"all_no500_share",0.2052
16,"Thursday","weekday","in_season_late",22,"all_no500_share",0.2052
17,"Thursday","weekday","in_season_late",22,"all_no500_share",0.2075
18,"Thursday","weekday","in_season_late",22,"all_no500_share",0.2264
19,"Thursday","weekday","in_season_late",22,"all_no500_share",0.2642
20,"Thursday","weekday","in_season_late",22,"all_no500_share",0.3373
21,"Thursday","weekday","in_season_late",22,"all_no500_share",0.3561
22,"Thursday","weekday","in_season_late",22,"all_no500_share",0.9575
23,"Thursday","weekday","in_season_late",22,"all_no500_share",0.9811
24,"Thursday","weekday","in_season_late",22,"all_no500_share",0.9906
6,"Friday","weekday","in_season_late",22,"all_no500_share",0.9835
7,"Friday","weekday","in_season_late",22,"all_no500_share",0.9198
8,"Friday","weekday","in_season_late",22,"all_no500_share",0.316
9,"Friday","weekday","in_season_late",22,"all_no500_share",0.309
10,"Friday","weekday","in_season_late",22,"all_no500_share",0.2052
11,"Friday","weekday","in_season_late",22,"all_no500_share",0.2052
12,"Friday","weekday","in_season_late",22,"all_no500_share",0.2052
13,"Friday","weekday","in_season_late",22,"all_no500_share",0.2052
14,"Friday","weekday","in_season_late",22,"all_no500_share",0.2052
15,"Friday","weekday","in_season_late",22,"all_no500_share",0.2052
16,"Friday","weekday","in_season_late",22,"all_no500_share",0.2052
17,"Friday","weekday","in_season_late",22,"all_no500_share",0.2406
18,"Friday","weekday","in_season_late",22,"all_no500_share",0.3137
19,"Friday","weekday","in_season_late",22,"all_no500_share",0.3302
20,"Friday","weekday","in_season_late",22,"all_no500_share",0.3373
21,"Friday","weekday","in_season_late",22,"all_no500_share",0.3561
22,"Friday","weekday","in_season_late",22,"all_no500_share",0.9552
23,"Friday","weekday","in_season_late",22,"all_no500_share",0.9811
24,"Friday","weekday","in_season_late",22,"all_no500_share",0.9906
6,"Saturday","weekend","in_season_late",22,"all_no500_share",0.9835
7,"Saturday","weekend","in_season_late",22,"all_no500_share",0.9198
8,"Saturday","weekend","in_season_late",22,"all_no500_share",0.316
9,"Saturday","weekend","in_season_late",22,"all_no500_share",0.309
10,"Saturday","weekend","in_season_late",22,"all_no500_share",0.2052
11,"Saturday","weekend","in_season_late",22,"all_no500_share",0.2052
12,"Saturday","weekend","in_season_late",22,"all_no500_share",0.2052
13,"Saturday","weekend","in_season_late",22,"all_no500_share",0.2052
14,"Saturday","weekend","in_season_late",22,"all_no500_share",0.2052
15,"Saturday","weekend","in_season_late",22,"all_no500_share",0.2052
16,"Saturday","weekend","in_season_late",22,"all_no500_share",0.2052
17,"Saturday","weekend","in_season_late",22,"all_no500_share",0.3113
18,"Saturday","weekend","in_season_late",22,"all_no500_share",0.3137
19,"Saturday","weekend","in_season_late",22,"all_no500_share",0.3302
20,"Saturday","weekend","in_season_late",22,"all_no500_share",0.3373
21,"Saturday","weekend","in_season_late",22,"all_no500_share",0.3561
22,"Saturday","weekend","in_season_late",22,"all_no500_share",0.9552
23,"Saturday","weekend","in_season_late",22,"all_no500_share",0.9811
24,"Saturday","weekend","in_season_late",22,"all_no500_share",0.9906
6,"Sunday","weekend","off_season",16,"top50_wmean_min",20.5358
7,"Sunday","weekend","off_season",16,"top50_wmean_min",12.7683
8,"Sunday","weekend","off_season",16,"top50_wmean_min",4.34
9,"Sunday","weekend","off_season",16,"top50_wmean_min",4.3001
10,"Sunday","weekend","off_season",16,"top50_wmean_min",4.3001
11,"Sunday","weekend","off_season",16,"top50_wmean_min",4.2951
12,"Sunday","weekend","off_season",16,"top50_wmean_min",4.2951
13,"Sunday","weekend","off_season",16,"top50_wmean_min",4.2537
14,"Sunday","weekend","off_season",16,"top50_wmean_min",4.2537
15,"Sunday","weekend","off_season",16,"top50_wmean_min",4.2537
16,"Sunday","weekend","off_season",16,"top50_wmean_min",8.573
17,"Sunday","weekend","off_season",16,"top50_wmean_min",8.9816
18,"Sunday","weekend","off_season",16,"top50_wmean_min",8.9816
19,"Sunday","weekend","off_season",16,"top50_wmean_min",12.0408
20,"Sunday","weekend","off_season",16,"top50_wmean_min",12.9248
21,"Sunday","weekend","off_season",16,"top50_wmean_min",14.7571
22,"Sunday","weekend","off_season",16,"top50_wmean_min",14.8923
23,"Sunday","weekend","off_season",16,"top50_wmean_min",19.5267
24,"Sunday","weekend","off_season",16,"top50_wmean_min",26.6044
6,"Monday","weekday","off_season",16,"top50_wmean_min",20.5358
7,"Monday","weekday","off_season",16,"top50_wmean_min",12.7633
8,"Monday","weekday","off_season",16,"top50_wmean_min",4.335
9,"Monday","weekday","off_season",16,"top50_wmean_min",4.2951
10,"Monday","weekday","off_season",16,"top50_wmean_min",3.8242
11,"Monday","weekday","off_season",16,"top50_wmean_min",3.6675
12,"Monday","weekday","off_season",16,"top50_wmean_min",3.6675
13,"Monday","weekday","off_season",16,"top50_wmean_min",3.6675
14,"Monday","weekday","off_season",16,"top50_wmean_min",3.6675
15,"Monday","weekday","off_season",16,"top50_wmean_min",3.6675
16,"Monday","weekday","off_season",16,"top50_wmean_min",4.6279
17,"Monday","weekday","off_season",16,"top50_wmean_min",4.7291
18,"Monday","weekday","off_season",16,"top50_wmean_min",6.2609
19,"Monday","weekday","off_season",16,"top50_wmean_min",9.1132
20,"Monday","weekday","off_season",16,"top50_wmean_min",12.0588
21,"Monday","weekday","off_season",16,"top50_wmean_min",13.6561
22,"Monday","weekday","off_season",16,"top50_wmean_min",14.8873
23,"Monday","weekday","off_season",16,"top50_wmean_min",19.5267
24,"Monday","weekday","off_season",16,"top50_wmean_min",26.6044
6,"Tuesday","weekday","off_season",16,"top50_wmean_min",20.5358
7,"Tuesday","weekday","off_season",16,"top50_wmean_min",12.7633
8,"Tuesday","weekday","off_season",16,"top50_wmean_min",4.335
9,"Tuesday","weekday","off_season",16,"top50_wmean_min",4.2951
10,"Tuesday","weekday","off_season",16,"top50_wmean_min",3.8625
11,"Tuesday","weekday","off_season",16,"top50_wmean_min",3.7696
12,"Tuesday","weekday","off_season",16,"top50_wmean_min",3.742
13,"Tuesday","weekday","off_season",16,"top50_wmean_min",3.6675
14,"Tuesday","weekday","off_season",16,"top50_wmean_min",3.6675
15,"Tuesday","weekday","off_season",16,"top50_wmean_min",3.6675
16,"Tuesday","weekday","off_season",16,"top50_wmean_min",4.6644
17,"Tuesday","weekday","off_season",16,"top50_wmean_min",4.7381
18,"Tuesday","weekday","off_season",16,"top50_wmean_min",6.1782
19,"Tuesday","weekday","off_season",16,"top50_wmean_min",8.563
20,"Tuesday","weekday","off_season",16,"top50_wmean_min",12.0588
21,"Tuesday","weekday","off_season",16,"top50_wmean_min",13.6561
22,"Tuesday","weekday","off_season",16,"top50_wmean_min",14.8873
23,"Tuesday","weekday","off_season",16,"top50_wmean_min",19.5267
24,"Tuesday","weekday","off_season",16,"top50_wmean_min",26.6044
6,"Wednesday","weekday","off_season",16,"top50_wmean_min",20.5358
7,"Wednesday","weekday","off_season",16,"top50_wmean_min",12.7633
8,"Wednesday","weekday","off_season",16,"top50_wmean_min",4.335
9,"Wednesday","weekday","off_season",16,"top50_wmean_min",4.2951
10,"Wednesday","weekday","off_season",16,"top50_wmean_min",3.8168
11,"Wednesday","weekday","off_season",16,"top50_wmean_min",3.6675
12,"Wednesday","weekday","off_season",16,"top50_wmean_min",3.6675
13,"Wednesday","weekday","off_season",16,"top50_wmean_min",3.6675
14,"Wednesday","weekday","off_season",16,"top50_wmean_min",3.6675
15,"Wednesday","weekday","off_season",16,"top50_wmean_min",3.6675
16,"Wednesday","weekday","off_season",16,"top50_wmean_min",4.6279
17,"Wednesday","weekday","off_season",16,"top50_wmean_min",4.7291
18,"Wednesday","weekday","off_season",16,"top50_wmean_min",6.1527
19,"Wednesday","weekday","off_season",16,"top50_wmean_min",9.005
20,"Wednesday","weekday","off_season",16,"top50_wmean_min",12.0588
21,"Wednesday","weekday","off_season",16,"top50_wmean_min",13.6561
22,"Wednesday","weekday","off_season",16,"top50_wmean_min",14.8873
23,"Wednesday","weekday","off_season",16,"top50_wmean_min",19.5267
24,"Wednesday","weekday","off_season",16,"top50_wmean_min",26.6044
6,"Thursday","weekday","off_season",16,"top50_wmean_min",20.5358
7,"Thursday","weekday","off_season",16,"top50_wmean_min",12.7633
8,"Thursday","weekday","off_season",16,"top50_wmean_min",4.335
9,"Thursday","weekday","off_season",16,"top50_wmean_min",4.2951
10,"Thursday","weekday","off_season",16,"top50_wmean_min",3.7839
11,"Thursday","weekday","off_season",16,"top50_wmean_min",3.7696
12,"Thursday","weekday","off_season",16,"top50_wmean_min",3.6675
13,"Thursday","weekday","off_season",16,"top50_wmean_min",3.6675
14,"Thursday","weekday","off_season",16,"top50_wmean_min",3.6675
15,"Thursday","weekday","off_season",16,"top50_wmean_min",3.6675
16,"Thursday","weekday","off_season",16,"top50_wmean_min",4.6279
17,"Thursday","weekday","off_season",16,"top50_wmean_min",4.7016
18,"Thursday","weekday","off_season",16,"top50_wmean_min",5.0867
19,"Thursday","weekday","off_season",16,"top50_wmean_min",7.4715
20,"Thursday","weekday","off_season",16,"top50_wmean_min",12.0588
21,"Thursday","weekday","off_season",16,"top50_wmean_min",13.6561
22,"Thursday","weekday","off_season",16,"top50_wmean_min",14.8873
23,"Thursday","weekday","off_season",16,"top50_wmean_min",19.5267
24,"Thursday","weekday","off_season",16,"top50_wmean_min",26.6044
6,"Friday","weekday","off_season",16,"top50_wmean_min",20.5358
7,"Friday","weekday","off_season",16,"top50_wmean_min",12.7633
8,"Friday","weekday","off_season",16,"top50_wmean_min",4.335
9,"Friday","weekday","off_season",16,"top50_wmean_min",4.2951
10,"Friday","weekday","off_season",16,"top50_wmean_min",3.6675
11,"Friday","weekday","off_season",16,"top50_wmean_min",3.6675
12,"Friday","weekday","off_season",16,"top50_wmean_min",3.6675
13,"Friday","weekday","off_season",16,"top50_wmean_min",3.6675
14,"Friday","weekday","off_season",16,"top50_wmean_min",3.6675
15,"Friday","weekday","off_season",16,"top50_wmean_min",3.6675
16,"Friday","weekday","off_season",16,"top50_wmean_min",4.6644
17,"Friday","weekday","off_season",16,"top50_wmean_min",6.0137
18,"Friday","weekday","off_season",16,"top50_wmean_min",8.9735
19,"Friday","weekday","off_season",16,"top50_wmean_min",11.2313
20,"Friday","weekday","off_season",16,"top50_wmean_min",12.0588
21,"Friday","weekday","off_season",16,"top50_wmean_min",13.6561
22,"Friday","weekday","off_season",16,"top50_wmean_min",14.8873
23,"Friday","weekday","off_season",16,"top50_wmean_min",19.5267
24,"Friday","weekday","off_season",16,"top50_wmean_min",26.6044
6,"Saturday","weekend","off_season",16,"top50_wmean_min",20.5358
7,"Saturday","weekend","off_season",16,"top50_wmean_min",12.7633
8,"Saturday","weekend","off_season",16,"top50_wmean_min",4.335
9,"Saturday","weekend","off_season",16,"top50_wmean_min",4.2951
10,"Saturday","weekend","off_season",16,"top50_wmean_min",3.6675
11,"Saturday","weekend","off_season",16,"top50_wmean_min",3.6675
12,"Saturday","weekend","off_season",16,"top50_wmean_min",3.6675
13,"Saturday","weekend","off_season",16,"top50_wmean_min",3.6675
14,"Saturday","weekend","off_season",16,"top50_wmean_min",3.6675
15,"Saturday","weekend","off_season",16,"top50_wmean_min",3.6675
16,"Saturday","weekend","off_season",16,"top50_wmean_min",4.6354
17,"Saturday","weekend","off_season",16,"top50_wmean_min",8.4713
18,"Saturday","weekend","off_season",16,"top50_wmean_min",8.9816
19,"Saturday","weekend","off_season",16,"top50_wmean_min",11.2394
20,"Saturday","weekend","off_season",16,"top50_wmean_min",12.1233
21,"Saturday","weekend","off_season",16,"top50_wmean_min",13.6561
22,"Saturday","weekend","off_season",16,"top50_wmean_min",14.8873
23,"Saturday","weekend","off_season",16,"top50_wmean_min",19.5267
24,"Saturday","weekend","off_season",16,"top50_wmean_min",26.6044
6,"Sunday","weekend","in_season",20,"top50_wmean_min",20.5358
7,"Sunday","weekend","in_season",20,"top50_wmean_min",12.7683
8,"Sunday","weekend","in_season",20,"top50_wmean_min",4.34
9,"Sunday","weekend","in_season",20,"top50_wmean_min",4.3001
10,"Sunday","weekend","in_season",20,"top50_wmean_min",4.3001
11,"Sunday","weekend","in_season",20,"top50_wmean_min",4.2951
12,"Sunday","weekend","in_season",20,"top50_wmean_min",4.2951
13,"Sunday","weekend","in_season",20,"top50_wmean_min",4.2537
14,"Sunday","weekend","in_season",20,"top50_wmean_min",4.2537
15,"Sunday","weekend","in_season",20,"top50_wmean_min",4.2537
16,"Sunday","weekend","in_season",20,"top50_wmean_min",4.2537
17,"Sunday","weekend","in_season",20,"top50_wmean_min",4.335
18,"Sunday","weekend","in_season",20,"top50_wmean_min",4.335
19,"Sunday","weekend","in_season",20,"top50_wmean_min",5.3614
20,"Sunday","weekend","in_season",20,"top50_wmean_min",12.9248
21,"Sunday","weekend","in_season",20,"top50_wmean_min",14.7571
22,"Sunday","weekend","in_season",20,"top50_wmean_min",14.8923
23,"Sunday","weekend","in_season",20,"top50_wmean_min",19.5267
24,"Sunday","weekend","in_season",20,"top50_wmean_min",26.6044
6,"Monday","weekday","in_season",20,"top50_wmean_min",20.5358
7,"Monday","weekday","in_season",20,"top50_wmean_min",12.7633
8,"Monday","weekday","in_season",20,"top50_wmean_min",4.335
9,"Monday","weekday","in_season",20,"top50_wmean_min",4.2951
10,"Monday","weekday","in_season",20,"top50_wmean_min",3.8242
11,"Monday","weekday","in_season",20,"top50_wmean_min",3.6675
12,"Monday","weekday","in_season",20,"top50_wmean_min",3.6675
13,"Monday","weekday","in_season",20,"top50_wmean_min",3.6675
14,"Monday","weekday","in_season",20,"top50_wmean_min",3.6675
15,"Monday","weekday","in_season",20,"top50_wmean_min",3.6675
16,"Monday","weekday","in_season",20,"top50_wmean_min",3.6675
17,"Monday","weekday","in_season",20,"top50_wmean_min",3.7349
18,"Monday","weekday","in_season",20,"top50_wmean_min",4.0033
19,"Monday","weekday","in_season",20,"top50_wmean_min",4.8577
20,"Monday","weekday","in_season",20,"top50_wmean_min",12.0588
21,"Monday","weekday","in_season",20,"top50_wmean_min",13.6561
22,"Monday","weekday","in_season",20,"top50_wmean_min",14.8873
23,"Monday","weekday","in_season",20,"top50_wmean_min",19.5267
24,"Monday","weekday","in_season",20,"top50_wmean_min",26.6044
6,"Tuesday","weekday","in_season",20,"top50_wmean_min",20.5358
7,"Tuesday","weekday","in_season",20,"top50_wmean_min",12.7633
8,"Tuesday","weekday","in_season",20,"top50_wmean_min",4.335
9,"Tuesday","weekday","in_season",20,"top50_wmean_min",4.2951
10,"Tuesday","weekday","in_season",20,"top50_wmean_min",3.8625
11,"Tuesday","weekday","in_season",20,"top50_wmean_min",3.7696
12,"Tuesday","weekday","in_season",20,"top50_wmean_min",3.742
13,"Tuesday","weekday","in_season",20,"top50_wmean_min",3.6675
14,"Tuesday","weekday","in_season",20,"top50_wmean_min",3.6675
15,"Tuesday","weekday","in_season",20,"top50_wmean_min",3.6675
16,"Tuesday","weekday","in_season",20,"top50_wmean_min",3.6675
17,"Tuesday","weekday","in_season",20,"top50_wmean_min",3.7074
18,"Tuesday","weekday","in_season",20,"top50_wmean_min",3.9907
19,"Tuesday","weekday","in_season",20,"top50_wmean_min",4.7396
20,"Tuesday","weekday","in_season",20,"top50_wmean_min",12.0588
21,"Tuesday","weekday","in_season",20,"top50_wmean_min",13.6561
22,"Tuesday","weekday","in_season",20,"top50_wmean_min",14.8873
23,"Tuesday","weekday","in_season",20,"top50_wmean_min",19.5267
24,"Tuesday","weekday","in_season",20,"top50_wmean_min",26.6044
6,"Wednesday","weekday","in_season",20,"top50_wmean_min",20.5358
7,"Wednesday","weekday","in_season",20,"top50_wmean_min",12.7633
8,"Wednesday","weekday","in_season",20,"top50_wmean_min",4.335
9,"Wednesday","weekday","in_season",20,"top50_wmean_min",4.2951
10,"Wednesday","weekday","in_season",20,"top50_wmean_min",3.8168
11,"Wednesday","weekday","in_season",20,"top50_wmean_min",3.6675
12,"Wednesday","weekday","in_season",20,"top50_wmean_min",3.6675
13,"Wednesday","weekday","in_season",20,"top50_wmean_min",3.6675
14,"Wednesday","weekday","in_season",20,"top50_wmean_min",3.6675
15,"Wednesday","weekday","in_season",20,"top50_wmean_min",3.6675
16,"Wednesday","weekday","in_season",20,"top50_wmean_min",3.6675
17,"Wednesday","weekday","in_season",20,"top50_wmean_min",3.7349
18,"Wednesday","weekday","in_season",20,"top50_wmean_min",4.0033
19,"Wednesday","weekday","in_season",20,"top50_wmean_min",4.8577
20,"Wednesday","weekday","in_season",20,"top50_wmean_min",12.0588
21,"Wednesday","weekday","in_season",20,"top50_wmean_min",13.6561
22,"Wednesday","weekday","in_season",20,"top50_wmean_min",14.8873
23,"Wednesday","weekday","in_season",20,"top50_wmean_min",19.5267
24,"Wednesday","weekday","in_season",20,"top50_wmean_min",26.6044
6,"Thursday","weekday","in_season",20,"top50_wmean_min",20.5358
7,"Thursday","weekday","in_season",20,"top50_wmean_min",12.7633
8,"Thursday","weekday","in_season",20,"top50_wmean_min",4.335
9,"Thursday","weekday","in_season",20,"top50_wmean_min",4.2951
10,"Thursday","weekday","in_season",20,"top50_wmean_min",3.7839
11,"Thursday","weekday","in_season",20,"top50_wmean_min",3.7696
12,"Thursday","weekday","in_season",20,"top50_wmean_min",3.6675
13,"Thursday","weekday","in_season",20,"top50_wmean_min",3.6675
14,"Thursday","weekday","in_season",20,"top50_wmean_min",3.6675
15,"Thursday","weekday","in_season",20,"top50_wmean_min",3.6675
16,"Thursday","weekday","in_season",20,"top50_wmean_min",3.6675
17,"Thursday","weekday","in_season",20,"top50_wmean_min",3.7074
18,"Thursday","weekday","in_season",20,"top50_wmean_min",3.9162
19,"Thursday","weekday","in_season",20,"top50_wmean_min",4.6651
20,"Thursday","weekday","in_season",20,"top50_wmean_min",12.0588
21,"Thursday","weekday","in_season",20,"top50_wmean_min",13.6561
22,"Thursday","weekday","in_season",20,"top50_wmean_min",14.8873
23,"Thursday","weekday","in_season",20,"top50_wmean_min",19.5267
24,"Thursday","weekday","in_season",20,"top50_wmean_min",26.6044
6,"Friday","weekday","in_season",20,"top50_wmean_min",20.5358
7,"Friday","weekday","in_season",20,"top50_wmean_min",12.7633
8,"Friday","weekday","in_season",20,"top50_wmean_min",4.335
9,"Friday","weekday","in_season",20,"top50_wmean_min",4.2951
10,"Friday","weekday","in_season",20,"top50_wmean_min",3.6675
11,"Friday","weekday","in_season",20,"top50_wmean_min",3.6675
12,"Friday","weekday","in_season",20,"top50_wmean_min",3.6675
13,"Friday","weekday","in_season",20,"top50_wmean_min",3.6675
14,"Friday","weekday","in_season",20,"top50_wmean_min",3.6675
15,"Friday","weekday","in_season",20,"top50_wmean_min",3.6675
16,"Friday","weekday","in_season",20,"top50_wmean_min",3.6675
17,"Friday","weekday","in_season",20,"top50_wmean_min",4.0683
18,"Friday","weekday","in_season",20,"top50_wmean_min",4.335
19,"Friday","weekday","in_season",20,"top50_wmean_min",5.0124
20,"Friday","weekday","in_season",20,"top50_wmean_min",12.0588
21,"Friday","weekday","in_season",20,"top50_wmean_min",13.6561
22,"Friday","weekday","in_season",20,"top50_wmean_min",14.8873
23,"Friday","weekday","in_season",20,"top50_wmean_min",19.5267
24,"Friday","weekday","in_season",20,"top50_wmean_min",26.6044
6,"Saturday","weekend","in_season",20,"top50_wmean_min",20.5358
7,"Saturday","weekend","in_season",20,"top50_wmean_min",12.7633
8,"Saturday","weekend","in_season",20,"top50_wmean_min",4.335
9,"Saturday","weekend","in_season",20,"top50_wmean_min",4.2951
10,"Saturday","weekend","in_season",20,"top50_wmean_min",3.6675
11,"Saturday","weekend","in_season",20,"top50_wmean_min",3.6675
12,"Saturday","weekend","in_season",20,"top50_wmean_min",3.6675
13,"Saturday","weekend","in_season",20,"top50_wmean_min",3.6675
14,"Saturday","weekend","in_season",20,"top50_wmean_min",3.6675
15,"Saturday","weekend","in_season",20,"top50_wmean_min",3.6675
16,"Saturday","weekend","in_season",20,"top50_wmean_min",3.6751
17,"Saturday","weekend","in_season",20,"top50_wmean_min",4.335
18,"Saturday","weekend","in_season",20,"top50_wmean_min",4.335
19,"Saturday","weekend","in_season",20,"top50_wmean_min",5.0124
20,"Saturday","weekend","in_season",20,"top50_wmean_min",12.1233
21,"Saturday","weekend","in_season",20,"top50_wmean_min",13.6561
22,"Saturday","weekend","in_season",20,"top50_wmean_min",14.8873
23,"Saturday","weekend","in_season",20,"top50_wmean_min",19.5267
24,"Saturday","weekend","in_season",20,"top50_wmean_min",26.6044
6,"Sunday","weekend","in_season_late",22,"top50_wmean_min",20.5358
7,"Sunday","weekend","in_season_late",22,"top50_wmean_min",12.7683
8,"Sunday","weekend","in_season_late",22,"top50_wmean_min",4.34
9,"Sunday","weekend","in_season_late",22,"top50_wmean_min",4.3001
10,"Sunday","weekend","in_season_late",22,"top50_wmean_min",4.3001
11,"Sunday","weekend","in_season_late",22,"top50_wmean_min",4.2951
12,"Sunday","weekend","in_season_late",22,"top50_wmean_min",4.2951
13,"Sunday","weekend","in_season_late",22,"top50_wmean_min",4.2537
14,"Sunday","weekend","in_season_late",22,"top50_wmean_min",4.2537
15,"Sunday","weekend","in_season_late",22,"top50_wmean_min",4.2537
16,"Sunday","weekend","in_season_late",22,"top50_wmean_min",4.2537
17,"Sunday","weekend","in_season_late",22,"top50_wmean_min",4.335
18,"Sunday","weekend","in_season_late",22,"top50_wmean_min",4.335
19,"Sunday","weekend","in_season_late",22,"top50_wmean_min",5.3614
20,"Sunday","weekend","in_season_late",22,"top50_wmean_min",5.4528
21,"Sunday","weekend","in_season_late",22,"top50_wmean_min",6.231
22,"Sunday","weekend","in_season_late",22,"top50_wmean_min",14.8923
23,"Sunday","weekend","in_season_late",22,"top50_wmean_min",19.5267
24,"Sunday","weekend","in_season_late",22,"top50_wmean_min",26.6044
6,"Monday","weekday","in_season_late",22,"top50_wmean_min",20.5358
7,"Monday","weekday","in_season_late",22,"top50_wmean_min",12.7633
8,"Monday","weekday","in_season_late",22,"top50_wmean_min",4.335
9,"Monday","weekday","in_season_late",22,"top50_wmean_min",4.2951
10,"Monday","weekday","in_season_late",22,"top50_wmean_min",3.8242
11,"Monday","weekday","in_season_late",22,"top50_wmean_min",3.6675
12,"Monday","weekday","in_season_late",22,"top50_wmean_min",3.6675
13,"Monday","weekday","in_season_late",22,"top50_wmean_min",3.6675
14,"Monday","weekday","in_season_late",22,"top50_wmean_min",3.6675
15,"Monday","weekday","in_season_late",22,"top50_wmean_min",3.6675
16,"Monday","weekday","in_season_late",22,"top50_wmean_min",3.6675
17,"Monday","weekday","in_season_late",22,"top50_wmean_min",3.7349
18,"Monday","weekday","in_season_late",22,"top50_wmean_min",4.0033
19,"Monday","weekday","in_season_late",22,"top50_wmean_min",4.8577
20,"Monday","weekday","in_season_late",22,"top50_wmean_min",5.1038
21,"Monday","weekday","in_season_late",22,"top50_wmean_min",5.8778
22,"Monday","weekday","in_season_late",22,"top50_wmean_min",14.8873
23,"Monday","weekday","in_season_late",22,"top50_wmean_min",19.5267
24,"Monday","weekday","in_season_late",22,"top50_wmean_min",26.6044
6,"Tuesday","weekday","in_season_late",22,"top50_wmean_min",20.5358
7,"Tuesday","weekday","in_season_late",22,"top50_wmean_min",12.7633
8,"Tuesday","weekday","in_season_late",22,"top50_wmean_min",4.335
9,"Tuesday","weekday","in_season_late",22,"top50_wmean_min",4.2951
10,"Tuesday","weekday","in_season_late",22,"top50_wmean_min",3.8625
11,"Tuesday","weekday","in_season_late",22,"top50_wmean_min",3.7696
12,"Tuesday","weekday","in_season_late",22,"top50_wmean_min",3.742
13,"Tuesday","weekday","in_season_late",22,"top50_wmean_min",3.6675
14,"Tuesday","weekday","in_season_late",22,"top50_wmean_min",3.6675
15,"Tuesday","weekday","in_season_late",22,"top50_wmean_min",3.6675
16,"Tuesday","weekday","in_season_late",22,"top50_wmean_min",3.6675
17,"Tuesday","weekday","in_season_late",22,"top50_wmean_min",3.7074
18,"Tuesday","weekday","in_season_late",22,"top50_wmean_min",3.9907
19,"Tuesday","weekday","in_season_late",22,"top50_wmean_min",4.7396
20,"Tuesday","weekday","in_season_late",22,"top50_wmean_min",5.1038
21,"Tuesday","weekday","in_season_late",22,"top50_wmean_min",5.8778
22,"Tuesday","weekday","in_season_late",22,"top50_wmean_min",14.8873
23,"Tuesday","weekday","in_season_late",22,"top50_wmean_min",19.5267
24,"Tuesday","weekday","in_season_late",22,"top50_wmean_min",26.6044
6,"Wednesday","weekday","in_season_late",22,"top50_wmean_min",20.5358
7,"Wednesday","weekday","in_season_late",22,"top50_wmean_min",12.7633
8,"Wednesday","weekday","in_season_late",22,"top50_wmean_min",4.335
9,"Wednesday","weekday","in_season_late",22,"top50_wmean_min",4.2951
10,"Wednesday","weekday","in_season_late",22,"top50_wmean_min",3.8168
11,"Wednesday","weekday","in_season_late",22,"top50_wmean_min",3.6675
12,"Wednesday","weekday","in_season_late",22,"top50_wmean_min",3.6675
13,"Wednesday","weekday","in_season_late",22,"top50_wmean_min",3.6675
14,"Wednesday","weekday","in_season_late",22,"top50_wmean_min",3.6675
15,"Wednesday","weekday","in_season_late",22,"top50_wmean_min",3.6675
16,"Wednesday","weekday","in_season_late",22,"top50_wmean_min",3.6675
17,"Wednesday","weekday","in_season_late",22,"top50_wmean_min",3.7349
18,"Wednesday","weekday","in_season_late",22,"top50_wmean_min",4.0033
19,"Wednesday","weekday","in_season_late",22,"top50_wmean_min",4.8577
20,"Wednesday","weekday","in_season_late",22,"top50_wmean_min",5.1038
21,"Wednesday","weekday","in_season_late",22,"top50_wmean_min",5.8778
22,"Wednesday","weekday","in_season_late",22,"top50_wmean_min",14.8873
23,"Wednesday","weekday","in_season_late",22,"top50_wmean_min",19.5267
24,"Wednesday","weekday","in_season_late",22,"top50_wmean_min",26.6044
6,"Thursday","weekday","in_season_late",22,"top50_wmean_min",20.5358
7,"Thursday","weekday","in_season_late",22,"top50_wmean_min",12.7633
8,"Thursday","weekday","in_season_late",22,"top50_wmean_min",4.335
9,"Thursday","weekday","in_season_late",22,"top50_wmean_min",4.2951
10,"Thursday","weekday","in_season_late",22,"top50_wmean_min",3.7839
11,"Thursday","weekday","in_season_late",22,"top50_wmean_min",3.7696
12,"Thursday","weekday","in_season_late",22,"top50_wmean_min",3.6675
13,"Thursday","weekday","in_season_late",22,"top50_wmean_min",3.6675
14,"Thursday","weekday","in_season_late",22,"top50_wmean_min",3.6675
15,"Thursday","weekday","in_season_late",22,"top50_wmean_min",3.6675
16,"Thursday","weekday","in_season_late",22,"top50_wmean_min",3.6675
17,"Thursday","weekday","in_season_late",22,"top50_wmean_min",3.7074
18,"Thursday","weekday","in_season_late",22,"top50_wmean_min",3.9162
19,"Thursday","weekday","in_season_late",22,"top50_wmean_min",4.6651
20,"Thursday","weekday","in_season_late",22,"top50_wmean_min",5.1038
21,"Thursday","weekday","in_season_late",22,"top50_wmean_min",5.8778
22,"Thursday","weekday","in_season_late",22,"top50_wmean_min",14.8873
23,"Thursday","weekday","in_season_late",22,"top50_wmean_min",19.5267
24,"Thursday","weekday","in_season_late",22,"top50_wmean_min",26.6044
6,"Friday","weekday","in_season_late",22,"top50_wmean_min",20.5358
7,"Friday","weekday","in_season_late",22,"top50_wmean_min",12.7633
8,"Friday","weekday","in_season_late",22,"top50_wmean_min",4.335
9,"Friday","weekday","in_season_late",22,"top50_wmean_min",4.2951
10,"Friday","weekday","in_season_late",22,"top50_wmean_min",3.6675
11,"Friday","weekday","in_season_late",22,"top50_wmean_min",3.6675
12,"Friday","weekday","in_season_late",22,"top50_wmean_min",3.6675
13,"Friday","weekday","in_season_late",22,"top50_wmean_min",3.6675
14,"Friday","weekday","in_season_late",22,"top50_wmean_min",3.6675
15,"Friday","weekday","in_season_late",22,"top50_wmean_min",3.6675
16,"Friday","weekday","in_season_late",22,"top50_wmean_min",3.6675
17,"Friday","weekday","in_season_late",22,"top50_wmean_min",4.0683
18,"Friday","weekday","in_season_late",22,"top50_wmean_min",4.335
19,"Friday","weekday","in_season_late",22,"top50_wmean_min",5.0124
20,"Friday","weekday","in_season_late",22,"top50_wmean_min",5.1038
21,"Friday","weekday","in_season_late",22,"top50_wmean_min",5.8778
22,"Friday","weekday","in_season_late",22,"top50_wmean_min",14.8873
23,"Friday","weekday","in_season_late",22,"top50_wmean_min",19.5267
24,"Friday","weekday","in_season_late",22,"top50_wmean_min",26.6044
6,"Saturday","weekend","in_season_late",22,"top50_wmean_min",20.5358
7,"Saturday","weekend","in_season_late",22,"top50_wmean_min",12.7633
8,"Saturday","weekend","in_season_late",22,"top50_wmean_min",4.335
9,"Saturday","weekend","in_season_late",22,"top50_wmean_min",4.2951
10,"Saturday","weekend","in_season_late",22,"top50_wmean_min",3.6675
11,"Saturday","weekend","in_season_late",22,"top50_wmean_min",3.6675
12,"Saturday","weekend","in_season_late",22,"top50_wmean_min",3.6675
13,"Saturday","weekend","in_season_late",22,"top50_wmean_min",3.6675
14,"Saturday","weekend","in_season_late",22,"top50_wmean_min",3.6675
15,"Saturday","weekend","in_season_late",22,"top50_wmean_min",3.6675
16,"Saturday","weekend","in_season_late",22,"top50_wmean_min",3.6751
17,"Saturday","weekend","in_season_late",22,"top50_wmean_min",4.335
18,"Saturday","weekend","in_season_late",22,"top50_wmean_min",4.335
19,"Saturday","weekend","in_season_late",22,"top50_wmean_min",5.0124
20,"Saturday","weekend","in_season_late",22,"top50_wmean_min",5.1038
21,"Saturday","weekend","in_season_late",22,"top50_wmean_min",5.8778
22,"Saturday","weekend","in_season_late",22,"top50_wmean_min",14.8873
23,"Saturday","weekend","in_season_late",22,"top50_wmean_min",19.5267
24,"Saturday","weekend","in_season_late",22,"top50_wmean_min",26.6044
6,"Sunday","weekend","off_season",16,"top50_no500_n",48
7,"Sunday","weekend","off_season",16,"top50_no500_n",37
8,"Sunday","weekend","off_season",16,"top50_no500_n",12
9,"Sunday","weekend","off_season",16,"top50_no500_n",11
10,"Sunday","weekend","off_season",16,"top50_no500_n",11
11,"Sunday","weekend","off_season",16,"top50_no500_n",11
12,"Sunday","weekend","off_season",16,"top50_no500_n",11
13,"Sunday","weekend","off_season",16,"top50_no500_n",10
14,"Sunday","weekend","off_season",16,"top50_no500_n",10
15,"Sunday","weekend","off_season",16,"top50_no500_n",10
16,"Sunday","weekend","off_season",16,"top50_no500_n",31
17,"Sunday","weekend","off_season",16,"top50_no500_n",33
18,"Sunday","weekend","off_season",16,"top50_no500_n",33
19,"Sunday","weekend","off_season",16,"top50_no500_n",38
20,"Sunday","weekend","off_season",16,"top50_no500_n",39
21,"Sunday","weekend","off_season",16,"top50_no500_n",43
22,"Sunday","weekend","off_season",16,"top50_no500_n",44
23,"Sunday","weekend","off_season",16,"top50_no500_n",47
24,"Sunday","weekend","off_season",16,"top50_no500_n",50
6,"Monday","weekday","off_season",16,"top50_no500_n",48
7,"Monday","weekday","off_season",16,"top50_no500_n",37
8,"Monday","weekday","off_season",16,"top50_no500_n",12
9,"Monday","weekday","off_season",16,"top50_no500_n",11
10,"Monday","weekday","off_season",16,"top50_no500_n",6
11,"Monday","weekday","off_season",16,"top50_no500_n",4
12,"Monday","weekday","off_season",16,"top50_no500_n",4
13,"Monday","weekday","off_season",16,"top50_no500_n",4
14,"Monday","weekday","off_season",16,"top50_no500_n",4
15,"Monday","weekday","off_season",16,"top50_no500_n",4
16,"Monday","weekday","off_season",16,"top50_no500_n",16
17,"Monday","weekday","off_season",16,"top50_no500_n",17
18,"Monday","weekday","off_season",16,"top50_no500_n",21
19,"Monday","weekday","off_season",16,"top50_no500_n",34
20,"Monday","weekday","off_season",16,"top50_no500_n",39
21,"Monday","weekday","off_season",16,"top50_no500_n",43
22,"Monday","weekday","off_season",16,"top50_no500_n",44
23,"Monday","weekday","off_season",16,"top50_no500_n",47
24,"Monday","weekday","off_season",16,"top50_no500_n",50
6,"Tuesday","weekday","off_season",16,"top50_no500_n",48
7,"Tuesday","weekday","off_season",16,"top50_no500_n",37
8,"Tuesday","weekday","off_season",16,"top50_no500_n",12
9,"Tuesday","weekday","off_season",16,"top50_no500_n",11
10,"Tuesday","weekday","off_season",16,"top50_no500_n",6
11,"Tuesday","weekday","off_season",16,"top50_no500_n",5
12,"Tuesday","weekday","off_season",16,"top50_no500_n",5
13,"Tuesday","weekday","off_season",16,"top50_no500_n",4
14,"Tuesday","weekday","off_season",16,"top50_no500_n",4
15,"Tuesday","weekday","off_season",16,"top50_no500_n",4
16,"Tuesday","weekday","off_season",16,"top50_no500_n",16
17,"Tuesday","weekday","off_season",16,"top50_no500_n",17
18,"Tuesday","weekday","off_season",16,"top50_no500_n",21
19,"Tuesday","weekday","off_season",16,"top50_no500_n",32
20,"Tuesday","weekday","off_season",16,"top50_no500_n",39
21,"Tuesday","weekday","off_season",16,"top50_no500_n",43
22,"Tuesday","weekday","off_season",16,"top50_no500_n",44
23,"Tuesday","weekday","off_season",16,"top50_no500_n",47
24,"Tuesday","weekday","off_season",16,"top50_no500_n",50
6,"Wednesday","weekday","off_season",16,"top50_no500_n",48
7,"Wednesday","weekday","off_season",16,"top50_no500_n",37
8,"Wednesday","weekday","off_season",16,"top50_no500_n",12
9,"Wednesday","weekday","off_season",16,"top50_no500_n",11
10,"Wednesday","weekday","off_season",16,"top50_no500_n",6
11,"Wednesday","weekday","off_season",16,"top50_no500_n",4
12,"Wednesday","weekday","off_season",16,"top50_no500_n",4
13,"Wednesday","weekday","off_season",16,"top50_no500_n",4
14,"Wednesday","weekday","off_season",16,"top50_no500_n",4
15,"Wednesday","weekday","off_season",16,"top50_no500_n",4
16,"Wednesday","weekday","off_season",16,"top50_no500_n",16
17,"Wednesday","weekday","off_season",16,"top50_no500_n",17
18,"Wednesday","weekday","off_season",16,"top50_no500_n",21
19,"Wednesday","weekday","off_season",16,"top50_no500_n",34
20,"Wednesday","weekday","off_season",16,"top50_no500_n",39
21,"Wednesday","weekday","off_season",16,"top50_no500_n",43
22,"Wednesday","weekday","off_season",16,"top50_no500_n",44
23,"Wednesday","weekday","off_season",16,"top50_no500_n",47
24,"Wednesday","weekday","off_season",16,"top50_no500_n",50
6,"Thursday","weekday","off_season",16,"top50_no500_n",48
7,"Thursday","weekday","off_season",16,"top50_no500_n",37
8,"Thursday","weekday","off_season",16,"top50_no500_n",12
9,"Thursday","weekday","off_season",16,"top50_no500_n",11
10,"Thursday","weekday","off_season",16,"top50_no500_n",5
11,"Thursday","weekday","off_season",16,"top50_no500_n",5
12,"Thursday","weekday","off_season",16,"top50_no500_n",4
13,"Thursday","weekday","off_season",16,"top50_no500_n",4
14,"Thursday","weekday","off_season",16,"top50_no500_n",4
15,"Thursday","weekday","off_season",16,"top50_no500_n",4
16,"Thursday","weekday","off_season",16,"top50_no500_n",16
17,"Thursday","weekday","off_season",16,"top50_no500_n",17
18,"Thursday","weekday","off_season",16,"top50_no500_n",20
19,"Thursday","weekday","off_season",16,"top50_no500_n",31
20,"Thursday","weekday","off_season",16,"top50_no500_n",39
21,"Thursday","weekday","off_season",16,"top50_no500_n",43
22,"Thursday","weekday","off_season",16,"top50_no500_n",44
23,"Thursday","weekday","off_season",16,"top50_no500_n",47
24,"Thursday","weekday","off_season",16,"top50_no500_n",50
6,"Friday","weekday","off_season",16,"top50_no500_n",48
7,"Friday","weekday","off_season",16,"top50_no500_n",37
8,"Friday","weekday","off_season",16,"top50_no500_n",12
9,"Friday","weekday","off_season",16,"top50_no500_n",11
10,"Friday","weekday","off_season",16,"top50_no500_n",4
11,"Friday","weekday","off_season",16,"top50_no500_n",4
12,"Friday","weekday","off_season",16,"top50_no500_n",4
13,"Friday","weekday","off_season",16,"top50_no500_n",4
14,"Friday","weekday","off_season",16,"top50_no500_n",4
15,"Friday","weekday","off_season",16,"top50_no500_n",4
16,"Friday","weekday","off_season",16,"top50_no500_n",16
17,"Friday","weekday","off_season",16,"top50_no500_n",26
18,"Friday","weekday","off_season",16,"top50_no500_n",33
19,"Friday","weekday","off_season",16,"top50_no500_n",38
20,"Friday","weekday","off_season",16,"top50_no500_n",39
21,"Friday","weekday","off_season",16,"top50_no500_n",43
22,"Friday","weekday","off_season",16,"top50_no500_n",44
23,"Friday","weekday","off_season",16,"top50_no500_n",47
24,"Friday","weekday","off_season",16,"top50_no500_n",50
6,"Saturday","weekend","off_season",16,"top50_no500_n",48
7,"Saturday","weekend","off_season",16,"top50_no500_n",37
8,"Saturday","weekend","off_season",16,"top50_no500_n",12
9,"Saturday","weekend","off_season",16,"top50_no500_n",11
10,"Saturday","weekend","off_season",16,"top50_no500_n",4
11,"Saturday","weekend","off_season",16,"top50_no500_n",4
12,"Saturday","weekend","off_season",16,"top50_no500_n",4
13,"Saturday","weekend","off_season",16,"top50_no500_n",4
14,"Saturday","weekend","off_season",16,"top50_no500_n",4
15,"Saturday","weekend","off_season",16,"top50_no500_n",4
16,"Saturday","weekend","off_season",16,"top50_no500_n",16
17,"Saturday","weekend","off_season",16,"top50_no500_n",32
18,"Saturday","weekend","off_season",16,"top50_no500_n",33
19,"Saturday","weekend","off_season",16,"top50_no500_n",38
20,"Saturday","weekend","off_season",16,"top50_no500_n",39
21,"Saturday","weekend","off_season",16,"top50_no500_n",43
22,"Saturday","weekend","off_season",16,"top50_no500_n",44
23,"Saturday","weekend","off_season",16,"top50_no500_n",47
24,"Saturday","weekend","off_season",16,"top50_no500_n",50
6,"Sunday","weekend","in_season",20,"top50_no500_n",48
7,"Sunday","weekend","in_season",20,"top50_no500_n",37
8,"Sunday","weekend","in_season",20,"top50_no500_n",12
9,"Sunday","weekend","in_season",20,"top50_no500_n",11
10,"Sunday","weekend","in_season",20,"top50_no500_n",11
11,"Sunday","weekend","in_season",20,"top50_no500_n",11
12,"Sunday","weekend","in_season",20,"top50_no500_n",11
13,"Sunday","weekend","in_season",20,"top50_no500_n",10
14,"Sunday","weekend","in_season",20,"top50_no500_n",10
15,"Sunday","weekend","in_season",20,"top50_no500_n",10
16,"Sunday","weekend","in_season",20,"top50_no500_n",10
17,"Sunday","weekend","in_season",20,"top50_no500_n",12
18,"Sunday","weekend","in_season",20,"top50_no500_n",12
19,"Sunday","weekend","in_season",20,"top50_no500_n",15
20,"Sunday","weekend","in_season",20,"top50_no500_n",39
21,"Sunday","weekend","in_season",20,"top50_no500_n",43
22,"Sunday","weekend","in_season",20,"top50_no500_n",44
23,"Sunday","weekend","in_season",20,"top50_no500_n",47
24,"Sunday","weekend","in_season",20,"top50_no500_n",50
6,"Monday","weekday","in_season",20,"top50_no500_n",48
7,"Monday","weekday","in_season",20,"top50_no500_n",37
8,"Monday","weekday","in_season",20,"top50_no500_n",12
9,"Monday","weekday","in_season",20,"top50_no500_n",11
10,"Monday","weekday","in_season",20,"top50_no500_n",6
11,"Monday","weekday","in_season",20,"top50_no500_n",4
12,"Monday","weekday","in_season",20,"top50_no500_n",4
13,"Monday","weekday","in_season",20,"top50_no500_n",4
14,"Monday","weekday","in_season",20,"top50_no500_n",4
15,"Monday","weekday","in_season",20,"top50_no500_n",4
16,"Monday","weekday","in_season",20,"top50_no500_n",4
17,"Monday","weekday","in_season",20,"top50_no500_n",5
18,"Monday","weekday","in_season",20,"top50_no500_n",9
19,"Monday","weekday","in_season",20,"top50_no500_n",14
20,"Monday","weekday","in_season",20,"top50_no500_n",39
21,"Monday","weekday","in_season",20,"top50_no500_n",43
22,"Monday","weekday","in_season",20,"top50_no500_n",44
23,"Monday","weekday","in_season",20,"top50_no500_n",47
24,"Monday","weekday","in_season",20,"top50_no500_n",50
6,"Tuesday","weekday","in_season",20,"top50_no500_n",48
7,"Tuesday","weekday","in_season",20,"top50_no500_n",37
8,"Tuesday","weekday","in_season",20,"top50_no500_n",12
9,"Tuesday","weekday","in_season",20,"top50_no500_n",11
10,"Tuesday","weekday","in_season",20,"top50_no500_n",6
11,"Tuesday","weekday","in_season",20,"top50_no500_n",5
12,"Tuesday","weekday","in_season",20,"top50_no500_n",5
13,"Tuesday","weekday","in_season",20,"top50_no500_n",4
14,"Tuesday","weekday","in_season",20,"top50_no500_n",4
15,"Tuesday","weekday","in_season",20,"top50_no500_n",4
16,"Tuesday","weekday","in_season",20,"top50_no500_n",4
17,"Tuesday","weekday","in_season",20,"top50_no500_n",5
18,"Tuesday","weekday","in_season",20,"top50_no500_n",9
19,"Tuesday","weekday","in_season",20,"top50_no500_n",13
20,"Tuesday","weekday","in_season",20,"top50_no500_n",39
21,"Tuesday","weekday","in_season",20,"top50_no500_n",43
22,"Tuesday","weekday","in_season",20,"top50_no500_n",44
23,"Tuesday","weekday","in_season",20,"top50_no500_n",47
24,"Tuesday","weekday","in_season",20,"top50_no500_n",50
6,"Wednesday","weekday","in_season",20,"top50_no500_n",48
7,"Wednesday","weekday","in_season",20,"top50_no500_n",37
8,"Wednesday","weekday","in_season",20,"top50_no500_n",12
9,"Wednesday","weekday","in_season",20,"top50_no500_n",11
10,"Wednesday","weekday","in_season",20,"top50_no500_n",6
11,"Wednesday","weekday","in_season",20,"top50_no500_n",4
12,"Wednesday","weekday","in_season",20,"top50_no500_n",4
13,"Wednesday","weekday","in_season",20,"top50_no500_n",4
14,"Wednesday","weekday","in_season",20,"top50_no500_n",4
15,"Wednesday","weekday","in_season",20,"top50_no500_n",4
16,"Wednesday","weekday","in_season",20,"top50_no500_n",4
17,"Wednesday","weekday","in_season",20,"top50_no500_n",5
18,"Wednesday","weekday","in_season",20,"top50_no500_n",9
19,"Wednesday","weekday","in_season",20,"top50_no500_n",14
20,"Wednesday","weekday","in_season",20,"top50_no500_n",39
21,"Wednesday","weekday","in_season",20,"top50_no500_n",43
22,"Wednesday","weekday","in_season",20,"top50_no500_n",44
23,"Wednesday","weekday","in_season",20,"top50_no500_n",47
24,"Wednesday","weekday","in_season",20,"top50_no500_n",50
6,"Thursday","weekday","in_season",20,"top50_no500_n",48
7,"Thursday","weekday","in_season",20,"top50_no500_n",37
8,"Thursday","weekday","in_season",20,"top50_no500_n",12
9,"Thursday","weekday","in_season",20,"top50_no500_n",11
10,"Thursday","weekday","in_season",20,"top50_no500_n",5
11,"Thursday","weekday","in_season",20,"top50_no500_n",5
12,"Thursday","weekday","in_season",20,"top50_no500_n",4
13,"Thursday","weekday","in_season",20,"top50_no500_n",4
14,"Thursday","weekday","in_season",20,"top50_no500_n",4
15,"Thursday","weekday","in_season",20,"top50_no500_n",4
16,"Thursday","weekday","in_season",20,"top50_no500_n",4
17,"Thursday","weekday","in_season",20,"top50_no500_n",5
18,"Thursday","weekday","in_season",20,"top50_no500_n",8
19,"Thursday","weekday","in_season",20,"top50_no500_n",12
20,"Thursday","weekday","in_season",20,"top50_no500_n",39
21,"Thursday","weekday","in_season",20,"top50_no500_n",43
22,"Thursday","weekday","in_season",20,"top50_no500_n",44
23,"Thursday","weekday","in_season",20,"top50_no500_n",47
24,"Thursday","weekday","in_season",20,"top50_no500_n",50
6,"Friday","weekday","in_season",20,"top50_no500_n",48
7,"Friday","weekday","in_season",20,"top50_no500_n",37
8,"Friday","weekday","in_season",20,"top50_no500_n",12
9,"Friday","weekday","in_season",20,"top50_no500_n",11
10,"Friday","weekday","in_season",20,"top50_no500_n",4
11,"Friday","weekday","in_season",20,"top50_no500_n",4
12,"Friday","weekday","in_season",20,"top50_no500_n",4
13,"Friday","weekday","in_season",20,"top50_no500_n",4
14,"Friday","weekday","in_season",20,"top50_no500_n",4
15,"Friday","weekday","in_season",20,"top50_no500_n",4
16,"Friday","weekday","in_season",20,"top50_no500_n",4
17,"Friday","weekday","in_season",20,"top50_no500_n",9
18,"Friday","weekday","in_season",20,"top50_no500_n",12
19,"Friday","weekday","in_season",20,"top50_no500_n",15
20,"Friday","weekday","in_season",20,"top50_no500_n",39
21,"Friday","weekday","in_season",20,"top50_no500_n",43
22,"Friday","weekday","in_season",20,"top50_no500_n",44
23,"Friday","weekday","in_season",20,"top50_no500_n",47
24,"Friday","weekday","in_season",20,"top50_no500_n",50
6,"Saturday","weekend","in_season",20,"top50_no500_n",48
7,"Saturday","weekend","in_season",20,"top50_no500_n",37
8,"Saturday","weekend","in_season",20,"top50_no500_n",12
9,"Saturday","weekend","in_season",20,"top50_no500_n",11
10,"Saturday","weekend","in_season",20,"top50_no500_n",4
11,"Saturday","weekend","in_season",20,"top50_no500_n",4
12,"Saturday","weekend","in_season",20,"top50_no500_n",4
13,"Saturday","weekend","in_season",20,"top50_no500_n",4
14,"Saturday","weekend","in_season",20,"top50_no500_n",4
15,"Saturday","weekend","in_season",20,"top50_no500_n",4
16,"Saturday","weekend","in_season",20,"top50_no500_n",4
17,"Saturday","weekend","in_season",20,"top50_no500_n",12
18,"Saturday","weekend","in_season",20,"top50_no500_n",12
19,"Saturday","weekend","in_season",20,"top50_no500_n",15
20,"Saturday","weekend","in_season",20,"top50_no500_n",39
21,"Saturday","weekend","in_season",20,"top50_no500_n",43
22,"Saturday","weekend","in_season",20,"top50_no500_n",44
23,"Saturday","weekend","in_season",20,"top50_no500_n",47
24,"Saturday","weekend","in_season",20,"top50_no500_n",50
6,"Sunday","weekend","in_season_late",22,"top50_no500_n",48
7,"Sunday","weekend","in_season_late",22,"top50_no500_n",37
8,"Sunday","weekend","in_season_late",22,"top50_no500_n",12
9,"Sunday","weekend","in_season_late",22,"top50_no500_n",11
10,"Sunday","weekend","in_season_late",22,"top50_no500_n",11
11,"Sunday","weekend","in_season_late",22,"top50_no500_n",11
12,"Sunday","weekend","in_season_late",22,"top50_no500_n",11
13,"Sunday","weekend","in_season_late",22,"top50_no500_n",10
14,"Sunday","weekend","in_season_late",22,"top50_no500_n",10
15,"Sunday","weekend","in_season_late",22,"top50_no500_n",10
16,"Sunday","weekend","in_season_late",22,"top50_no500_n",10
17,"Sunday","weekend","in_season_late",22,"top50_no500_n",12
18,"Sunday","weekend","in_season_late",22,"top50_no500_n",12
19,"Sunday","weekend","in_season_late",22,"top50_no500_n",15
20,"Sunday","weekend","in_season_late",22,"top50_no500_n",16
21,"Sunday","weekend","in_season_late",22,"top50_no500_n",20
22,"Sunday","weekend","in_season_late",22,"top50_no500_n",44
23,"Sunday","weekend","in_season_late",22,"top50_no500_n",47
24,"Sunday","weekend","in_season_late",22,"top50_no500_n",50
6,"Monday","weekday","in_season_late",22,"top50_no500_n",48
7,"Monday","weekday","in_season_late",22,"top50_no500_n",37
8,"Monday","weekday","in_season_late",22,"top50_no500_n",12
9,"Monday","weekday","in_season_late",22,"top50_no500_n",11
10,"Monday","weekday","in_season_late",22,"top50_no500_n",6
11,"Monday","weekday","in_season_late",22,"top50_no500_n",4
12,"Monday","weekday","in_season_late",22,"top50_no500_n",4
13,"Monday","weekday","in_season_late",22,"top50_no500_n",4
14,"Monday","weekday","in_season_late",22,"top50_no500_n",4
15,"Monday","weekday","in_season_late",22,"top50_no500_n",4
16,"Monday","weekday","in_season_late",22,"top50_no500_n",4
17,"Monday","weekday","in_season_late",22,"top50_no500_n",5
18,"Monday","weekday","in_season_late",22,"top50_no500_n",9
19,"Monday","weekday","in_season_late",22,"top50_no500_n",14
20,"Monday","weekday","in_season_late",22,"top50_no500_n",16
21,"Monday","weekday","in_season_late",22,"top50_no500_n",20
22,"Monday","weekday","in_season_late",22,"top50_no500_n",44
23,"Monday","weekday","in_season_late",22,"top50_no500_n",47
24,"Monday","weekday","in_season_late",22,"top50_no500_n",50
6,"Tuesday","weekday","in_season_late",22,"top50_no500_n",48
7,"Tuesday","weekday","in_season_late",22,"top50_no500_n",37
8,"Tuesday","weekday","in_season_late",22,"top50_no500_n",12
9,"Tuesday","weekday","in_season_late",22,"top50_no500_n",11
10,"Tuesday","weekday","in_season_late",22,"top50_no500_n",6
11,"Tuesday","weekday","in_season_late",22,"top50_no500_n",5
12,"Tuesday","weekday","in_season_late",22,"top50_no500_n",5
13,"Tuesday","weekday","in_season_late",22,"top50_no500_n",4
14,"Tuesday","weekday","in_season_late",22,"top50_no500_n",4
15,"Tuesday","weekday","in_season_late",22,"top50_no500_n",4
16,"Tuesday","weekday","in_season_late",22,"top50_no500_n",4
17,"Tuesday","weekday","in_season_late",22,"top50_no500_n",5
18,"Tuesday","weekday","in_season_late",22,"top50_no500_n",9
19,"Tuesday","weekday","in_season_late",22,"top50_no500_n",13
20,"Tuesday","weekday","in_season_late",22,"top50_no500_n",16
21,"Tuesday","weekday","in_season_late",22,"top50_no500_n",20
22,"Tuesday","weekday","in_season_late",22,"top50_no500_n",44
23,"Tuesday","weekday","in_season_late",22,"top50_no500_n",47
24,"Tuesday","weekday","in_season_late",22,"top50_no500_n",50
6,"Wednesday","weekday","in_season_late",22,"top50_no500_n",48
7,"Wednesday","weekday","in_season_late",22,"top50_no500_n",37
8,"Wednesday","weekday","in_season_late",22,"top50_no500_n",12
9,"Wednesday","weekday","in_season_late",22,"top50_no500_n",11
10,"Wednesday","weekday","in_season_late",22,"top50_no500_n",6
11,"Wednesday","weekday","in_season_late",22,"top50_no500_n",4
12,"Wednesday","weekday","in_season_late",22,"top50_no500_n",4
13,"Wednesday","weekday","in_season_late",22,"top50_no500_n",4
14,"Wednesday","weekday","in_season_late",22,"top50_no500_n",4
15,"Wednesday","weekday","in_season_late",22,"top50_no500_n",4
16,"Wednesday","weekday","in_season_late",22,"top50_no500_n",4
17,"Wednesday","weekday","in_season_late",22,"top50_no500_n",5
18,"Wednesday","weekday","in_season_late",22,"top50_no500_n",9
19,"Wednesday","weekday","in_season_late",22,"top50_no500_n",14
20,"Wednesday","weekday","in_season_late",22,"top50_no500_n",16
21,"Wednesday","weekday","in_season_late",22,"top50_no500_n",20
22,"Wednesday","weekday","in_season_late",22,"top50_no500_n",44
23,"Wednesday","weekday","in_season_late",22,"top50_no500_n",47
24,"Wednesday","weekday","in_season_late",22,"top50_no500_n",50
6,"Thursday","weekday","in_season_late",22,"top50_no500_n",48
7,"Thursday","weekday","in_season_late",22,"top50_no500_n",37
8,"Thursday","weekday","in_season_late",22,"top50_no500_n",12
9,"Thursday","weekday","in_season_late",22,"top50_no500_n",11
10,"Thursday","weekday","in_season_late",22,"top50_no500_n",5
11,"Thursday","weekday","in_season_late",22,"top50_no500_n",5
12,"Thursday","weekday","in_season_late",22,"top50_no500_n",4
13,"Thursday","weekday","in_season_late",22,"top50_no500_n",4
14,"Thursday","weekday","in_season_late",22,"top50_no500_n",4
15,"Thursday","weekday","in_season_late",22,"top50_no500_n",4
16,"Thursday","weekday","in_season_late",22,"top50_no500_n",4
17,"Thursday","weekday","in_season_late",22,"top50_no500_n",5
18,"Thursday","weekday","in_season_late",22,"top50_no500_n",8
19,"Thursday","weekday","in_season_late",22,"top50_no500_n",12
20,"Thursday","weekday","in_season_late",22,"top50_no500_n",16
21,"Thursday","weekday","in_season_late",22,"top50_no500_n",20
22,"Thursday","weekday","in_season_late",22,"top50_no500_n",44
23,"Thursday","weekday","in_season_late",22,"top50_no500_n",47
24,"Thursday","weekday","in_season_late",22,"top50_no500_n",50
6,"Friday","weekday","in_season_late",22,"top50_no500_n",48
7,"Friday","weekday","in_season_late",22,"top50_no500_n",37
8,"Friday","weekday","in_season_late",22,"top50_no500_n",12
9,"Friday","weekday","in_season_late",22,"top50_no500_n",11
10,"Friday","weekday","in_season_late",22,"top50_no500_n",4
11,"Friday","weekday","in_season_late",22,"top50_no500_n",4
12,"Friday","weekday","in_season_late",22,"top50_no500_n",4
13,"Friday","weekday","in_season_late",22,"top50_no500_n",4
14,"Friday","weekday","in_season_late",22,"top50_no500_n",4
15,"Friday","weekday","in_season_late",22,"top50_no500_n",4
16,"Friday","weekday","in_season_late",22,"top50_no500_n",4
17,"Friday","weekday","in_season_late",22,"top50_no500_n",9
18,"Friday","weekday","in_season_late",22,"top50_no500_n",12
19,"Friday","weekday","in_season_late",22,"top50_no500_n",15
20,"Friday","weekday","in_season_late",22,"top50_no500_n",16
21,"Friday","weekday","in_season_late",22,"top50_no500_n",20
22,"Friday","weekday","in_season_late",22,"top50_no500_n",44
23,"Friday","weekday","in_season_late",22,"top50_no500_n",47
24,"Friday","weekday","in_season_late",22,"top50_no500_n",50
6,"Saturday","weekend","in_season_late",22,"top50_no500_n",48
7,"Saturday","weekend","in_season_late",22,"top50_no500_n",37
8,"Saturday","weekend","in_season_late",22,"top50_no500_n",12
9,"Saturday","weekend","in_season_late",22,"top50_no500_n",11
10,"Saturday","weekend","in_season_late",22,"top50_no500_n",4
11,"Saturday","weekend","in_season_late",22,"top50_no500_n",4
12,"Saturday","weekend","in_season_late",22,"top50_no500_n",4
13,"Saturday","weekend","in_season_late",22,"top50_no500_n",4
14,"Saturday","weekend","in_season_late",22,"top50_no500_n",4
15,"Saturday","weekend","in_season_late",22,"top50_no500_n",4
16,"Saturday","weekend","in_season_late",22,"top50_no500_n",4
17,"Saturday","weekend","in_season_late",22,"top50_no500_n",12
18,"Saturday","weekend","in_season_late",22,"top50_no500_n",12
19,"Saturday","weekend","in_season_late",22,"top50_no500_n",15
20,"Saturday","weekend","in_season_late",22,"top50_no500_n",16
21,"Saturday","weekend","in_season_late",22,"top50_no500_n",20
22,"Saturday","weekend","in_season_late",22,"top50_no500_n",44
23,"Saturday","weekend","in_season_late",22,"top50_no500_n",47
24,"Saturday","weekend","in_season_late",22,"top50_no500_n",50
6,"Sunday","weekend","off_season",16,"top50_no500_share",0.96
7,"Sunday","weekend","off_season",16,"top50_no500_share",0.74
8,"Sunday","weekend","off_season",16,"top50_no500_share",0.24
9,"Sunday","weekend","off_season",16,"top50_no500_share",0.22
10,"Sunday","weekend","off_season",16,"top50_no500_share",0.22
11,"Sunday","weekend","off_season",16,"top50_no500_share",0.22
12,"Sunday","weekend","off_season",16,"top50_no500_share",0.22
13,"Sunday","weekend","off_season",16,"top50_no500_share",0.2
14,"Sunday","weekend","off_season",16,"top50_no500_share",0.2
15,"Sunday","weekend","off_season",16,"top50_no500_share",0.2
16,"Sunday","weekend","off_season",16,"top50_no500_share",0.62
17,"Sunday","weekend","off_season",16,"top50_no500_share",0.66
18,"Sunday","weekend","off_season",16,"top50_no500_share",0.66
19,"Sunday","weekend","off_season",16,"top50_no500_share",0.76
20,"Sunday","weekend","off_season",16,"top50_no500_share",0.78
21,"Sunday","weekend","off_season",16,"top50_no500_share",0.86
22,"Sunday","weekend","off_season",16,"top50_no500_share",0.88
23,"Sunday","weekend","off_season",16,"top50_no500_share",0.94
24,"Sunday","weekend","off_season",16,"top50_no500_share",1
6,"Monday","weekday","off_season",16,"top50_no500_share",0.96
7,"Monday","weekday","off_season",16,"top50_no500_share",0.74
8,"Monday","weekday","off_season",16,"top50_no500_share",0.24
9,"Monday","weekday","off_season",16,"top50_no500_share",0.22
10,"Monday","weekday","off_season",16,"top50_no500_share",0.12
11,"Monday","weekday","off_season",16,"top50_no500_share",0.08
12,"Monday","weekday","off_season",16,"top50_no500_share",0.08
13,"Monday","weekday","off_season",16,"top50_no500_share",0.08
14,"Monday","weekday","off_season",16,"top50_no500_share",0.08
15,"Monday","weekday","off_season",16,"top50_no500_share",0.08
16,"Monday","weekday","off_season",16,"top50_no500_share",0.32
17,"Monday","weekday","off_season",16,"top50_no500_share",0.34
18,"Monday","weekday","off_season",16,"top50_no500_share",0.42
19,"Monday","weekday","off_season",16,"top50_no500_share",0.68
20,"Monday","weekday","off_season",16,"top50_no500_share",0.78
21,"Monday","weekday","off_season",16,"top50_no500_share",0.86
22,"Monday","weekday","off_season",16,"top50_no500_share",0.88
23,"Monday","weekday","off_season",16,"top50_no500_share",0.94
24,"Monday","weekday","off_season",16,"top50_no500_share",1
6,"Tuesday","weekday","off_season",16,"top50_no500_share",0.96
7,"Tuesday","weekday","off_season",16,"top50_no500_share",0.74
8,"Tuesday","weekday","off_season",16,"top50_no500_share",0.24
9,"Tuesday","weekday","off_season",16,"top50_no500_share",0.22
10,"Tuesday","weekday","off_season",16,"top50_no500_share",0.12
11,"Tuesday","weekday","off_season",16,"top50_no500_share",0.1
12,"Tuesday","weekday","off_season",16,"top50_no500_share",0.1
13,"Tuesday","weekday","off_season",16,"top50_no500_share",0.08
14,"Tuesday","weekday","off_season",16,"top50_no500_share",0.08
15,"Tuesday","weekday","off_season",16,"top50_no500_share",0.08
16,"Tuesday","weekday","off_season",16,"top50_no500_share",0.32
17,"Tuesday","weekday","off_season",16,"top50_no500_share",0.34
18,"Tuesday","weekday","off_season",16,"top50_no500_share",0.42
19,"Tuesday","weekday","off_season",16,"top50_no500_share",0.64
20,"Tuesday","weekday","off_season",16,"top50_no500_share",0.78
21,"Tuesday","weekday","off_season",16,"top50_no500_share",0.86
22,"Tuesday","weekday","off_season",16,"top50_no500_share",0.88
23,"Tuesday","weekday","off_season",16,"top50_no500_share",0.94
24,"Tuesday","weekday","off_season",16,"top50_no500_share",1
6,"Wednesday","weekday","off_season",16,"top50_no500_share",0.96
7,"Wednesday","weekday","off_season",16,"top50_no500_share",0.74
8,"Wednesday","weekday","off_season",16,"top50_no500_share",0.24
9,"Wednesday","weekday","off_season",16,"top50_no500_share",0.22
10,"Wednesday","weekday","off_season",16,"top50_no500_share",0.12
11,"Wednesday","weekday","off_season",16,"top50_no500_share",0.08
12,"Wednesday","weekday","off_season",16,"top50_no500_share",0.08
13,"Wednesday","weekday","off_season",16,"top50_no500_share",0.08
14,"Wednesday","weekday","off_season",16,"top50_no500_share",0.08
15,"Wednesday","weekday","off_season",16,"top50_no500_share",0.08
16,"Wednesday","weekday","off_season",16,"top50_no500_share",0.32
17,"Wednesday","weekday","off_season",16,"top50_no500_share",0.34
18,"Wednesday","weekday","off_season",16,"top50_no500_share",0.42
19,"Wednesday","weekday","off_season",16,"top50_no500_share",0.68
20,"Wednesday","weekday","off_season",16,"top50_no500_share",0.78
21,"Wednesday","weekday","off_season",16,"top50_no500_share",0.86
22,"Wednesday","weekday","off_season",16,"top50_no500_share",0.88
23,"Wednesday","weekday","off_season",16,"top50_no500_share",0.94
24,"Wednesday","weekday","off_season",16,"top50_no500_share",1
6,"Thursday","weekday","off_season",16,"top50_no500_share",0.96
7,"Thursday","weekday","off_season",16,"top50_no500_share",0.74
8,"Thursday","weekday","off_season",16,"top50_no500_share",0.24
9,"Thursday","weekday","off_season",16,"top50_no500_share",0.22
10,"Thursday","weekday","off_season",16,"top50_no500_share",0.1
11,"Thursday","weekday","off_season",16,"top50_no500_share",0.1
12,"Thursday","weekday","off_season",16,"top50_no500_share",0.08
13,"Thursday","weekday","off_season",16,"top50_no500_share",0.08
14,"Thursday","weekday","off_season",16,"top50_no500_share",0.08
15,"Thursday","weekday","off_season",16,"top50_no500_share",0.08
16,"Thursday","weekday","off_season",16,"top50_no500_share",0.32
17,"Thursday","weekday","off_season",16,"top50_no500_share",0.34
18,"Thursday","weekday","off_season",16,"top50_no500_share",0.4
19,"Thursday","weekday","off_season",16,"top50_no500_share",0.62
20,"Thursday","weekday","off_season",16,"top50_no500_share",0.78
21,"Thursday","weekday","off_season",16,"top50_no500_share",0.86
22,"Thursday","weekday","off_season",16,"top50_no500_share",0.88
23,"Thursday","weekday","off_season",16,"top50_no500_share",0.94
24,"Thursday","weekday","off_season",16,"top50_no500_share",1
6,"Friday","weekday","off_season",16,"top50_no500_share",0.96
7,"Friday","weekday","off_season",16,"top50_no500_share",0.74
8,"Friday","weekday","off_season",16,"top50_no500_share",0.24
9,"Friday","weekday","off_season",16,"top50_no500_share",0.22
10,"Friday","weekday","off_season",16,"top50_no500_share",0.08
11,"Friday","weekday","off_season",16,"top50_no500_share",0.08
12,"Friday","weekday","off_season",16,"top50_no500_share",0.08
13,"Friday","weekday","off_season",16,"top50_no500_share",0.08
14,"Friday","weekday","off_season",16,"top50_no500_share",0.08
15,"Friday","weekday","off_season",16,"top50_no500_share",0.08
16,"Friday","weekday","off_season",16,"top50_no500_share",0.32
17,"Friday","weekday","off_season",16,"top50_no500_share",0.52
18,"Friday","weekday","off_season",16,"top50_no500_share",0.66
19,"Friday","weekday","off_season",16,"top50_no500_share",0.76
20,"Friday","weekday","off_season",16,"top50_no500_share",0.78
21,"Friday","weekday","off_season",16,"top50_no500_share",0.86
22,"Friday","weekday","off_season",16,"top50_no500_share",0.88
23,"Friday","weekday","off_season",16,"top50_no500_share",0.94
24,"Friday","weekday","off_season",16,"top50_no500_share",1
6,"Saturday","weekend","off_season",16,"top50_no500_share",0.96
7,"Saturday","weekend","off_season",16,"top50_no500_share",0.74
8,"Saturday","weekend","off_season",16,"top50_no500_share",0.24
9,"Saturday","weekend","off_season",16,"top50_no500_share",0.22
10,"Saturday","weekend","off_season",16,"top50_no500_share",0.08
11,"Saturday","weekend","off_season",16,"top50_no500_share",0.08
12,"Saturday","weekend","off_season",16,"top50_no500_share",0.08
13,"Saturday","weekend","off_season",16,"top50_no500_share",0.08
14,"Saturday","weekend","off_season",16,"top50_no500_share",0.08
15,"Saturday","weekend","off_season",16,"top50_no500_share",0.08
16,"Saturday","weekend","off_season",16,"top50_no500_share",0.32
17,"Saturday","weekend","off_season",16,"top50_no500_share",0.64
18,"Saturday","weekend","off_season",16,"top50_no500_share",0.66
19,"Saturday","weekend","off_season",16,"top50_no500_share",0.76
20,"Saturday","weekend","off_season",16,"top50_no500_share",0.78
21,"Saturday","weekend","off_season",16,"top50_no500_share",0.86
22,"Saturday","weekend","off_season",16,"top50_no500_share",0.88
23,"Saturday","weekend","off_season",16,"top50_no500_share",0.94
24,"Saturday","weekend","off_season",16,"top50_no500_share",1
6,"Sunday","weekend","in_season",20,"top50_no500_share",0.96
7,"Sunday","weekend","in_season",20,"top50_no500_share",0.74
8,"Sunday","weekend","in_season",20,"top50_no500_share",0.24
9,"Sunday","weekend","in_season",20,"top50_no500_share",0.22
10,"Sunday","weekend","in_season",20,"top50_no500_share",0.22
11,"Sunday","weekend","in_season",20,"top50_no500_share",0.22
12,"Sunday","weekend","in_season",20,"top50_no500_share",0.22
13,"Sunday","weekend","in_season",20,"top50_no500_share",0.2
14,"Sunday","weekend","in_season",20,"top50_no500_share",0.2
15,"Sunday","weekend","in_season",20,"top50_no500_share",0.2
16,"Sunday","weekend","in_season",20,"top50_no500_share",0.2
17,"Sunday","weekend","in_season",20,"top50_no500_share",0.24
18,"Sunday","weekend","in_season",20,"top50_no500_share",0.24
19,"Sunday","weekend","in_season",20,"top50_no500_share",0.3
20,"Sunday","weekend","in_season",20,"top50_no500_share",0.78
21,"Sunday","weekend","in_season",20,"top50_no500_share",0.86
22,"Sunday","weekend","in_season",20,"top50_no500_share",0.88
23,"Sunday","weekend","in_season",20,"top50_no500_share",0.94
24,"Sunday","weekend","in_season",20,"top50_no500_share",1
6,"Monday","weekday","in_season",20,"top50_no500_share",0.96
7,"Monday","weekday","in_season",20,"top50_no500_share",0.74
8,"Monday","weekday","in_season",20,"top50_no500_share",0.24
9,"Monday","weekday","in_season",20,"top50_no500_share",0.22
10,"Monday","weekday","in_season",20,"top50_no500_share",0.12
11,"Monday","weekday","in_season",20,"top50_no500_share",0.08
12,"Monday","weekday","in_season",20,"top50_no500_share",0.08
13,"Monday","weekday","in_season",20,"top50_no500_share",0.08
14,"Monday","weekday","in_season",20,"top50_no500_share",0.08
15,"Monday","weekday","in_season",20,"top50_no500_share",0.08
16,"Monday","weekday","in_season",20,"top50_no500_share",0.08
17,"Monday","weekday","in_season",20,"top50_no500_share",0.1
18,"Monday","weekday","in_season",20,"top50_no500_share",0.18
19,"Monday","weekday","in_season",20,"top50_no500_share",0.28
20,"Monday","weekday","in_season",20,"top50_no500_share",0.78
21,"Monday","weekday","in_season",20,"top50_no500_share",0.86
22,"Monday","weekday","in_season",20,"top50_no500_share",0.88
23,"Monday","weekday","in_season",20,"top50_no500_share",0.94
24,"Monday","weekday","in_season",20,"top50_no500_share",1
6,"Tuesday","weekday","in_season",20,"top50_no500_share",0.96
7,"Tuesday","weekday","in_season",20,"top50_no500_share",0.74
8,"Tuesday","weekday","in_season",20,"top50_no500_share",0.24
9,"Tuesday","weekday","in_season",20,"top50_no500_share",0.22
10,"Tuesday","weekday","in_season",20,"top50_no500_share",0.12
11,"Tuesday","weekday","in_season",20,"top50_no500_share",0.1
12,"Tuesday","weekday","in_season",20,"top50_no500_share",0.1
13,"Tuesday","weekday","in_season",20,"top50_no500_share",0.08
14,"Tuesday","weekday","in_season",20,"top50_no500_share",0.08
15,"Tuesday","weekday","in_season",20,"top50_no500_share",0.08
16,"Tuesday","weekday","in_season",20,"top50_no500_share",0.08
17,"Tuesday","weekday","in_season",20,"top50_no500_share",0.1
18,"Tuesday","weekday","in_season",20,"top50_no500_share",0.18
19,"Tuesday","weekday","in_season",20,"top50_no500_share",0.26
20,"Tuesday","weekday","in_season",20,"top50_no500_share",0.78
21,"Tuesday","weekday","in_season",20,"top50_no500_share",0.86
22,"Tuesday","weekday","in_season",20,"top50_no500_share",0.88
23,"Tuesday","weekday","in_season",20,"top50_no500_share",0.94
24,"Tuesday","weekday","in_season",20,"top50_no500_share",1
6,"Wednesday","weekday","in_season",20,"top50_no500_share",0.96
7,"Wednesday","weekday","in_season",20,"top50_no500_share",0.74
8,"Wednesday","weekday","in_season",20,"top50_no500_share",0.24
9,"Wednesday","weekday","in_season",20,"top50_no500_share",0.22
10,"Wednesday","weekday","in_season",20,"top50_no500_share",0.12
11,"Wednesday","weekday","in_season",20,"top50_no500_share",0.08
12,"Wednesday","weekday","in_season",20,"top50_no500_share",0.08
13,"Wednesday","weekday","in_season",20,"top50_no500_share",0.08
14,"Wednesday","weekday","in_season",20,"top50_no500_share",0.08
15,"Wednesday","weekday","in_season",20,"top50_no500_share",0.08
16,"Wednesday","weekday","in_season",20,"top50_no500_share",0.08
17,"Wednesday","weekday","in_season",20,"top50_no500_share",0.1
18,"Wednesday","weekday","in_season",20,"top50_no500_share",0.18
19,"Wednesday","weekday","in_season",20,"top50_no500_share",0.28
20,"Wednesday","weekday","in_season",20,"top50_no500_share",0.78
21,"Wednesday","weekday","in_season",20,"top50_no500_share",0.86
22,"Wednesday","weekday","in_season",20,"top50_no500_share",0.88
23,"Wednesday","weekday","in_season",20,"top50_no500_share",0.94
24,"Wednesday","weekday","in_season",20,"top50_no500_share",1
6,"Thursday","weekday","in_season",20,"top50_no500_share",0.96
7,"Thursday","weekday","in_season",20,"top50_no500_share",0.74
8,"Thursday","weekday","in_season",20,"top50_no500_share",0.24
9,"Thursday","weekday","in_season",20,"top50_no500_share",0.22
10,"Thursday","weekday","in_season",20,"top50_no500_share",0.1
11,"Thursday","weekday","in_season",20,"top50_no500_share",0.1
12,"Thursday","weekday","in_season",20,"top50_no500_share",0.08
13,"Thursday","weekday","in_season",20,"top50_no500_share",0.08
14,"Thursday","weekday","in_season",20,"top50_no500_share",0.08
15,"Thursday","weekday","in_season",20,"top50_no500_share",0.08
16,"Thursday","weekday","in_season",20,"top50_no500_share",0.08
17,"Thursday","weekday","in_season",20,"top50_no500_share",0.1
18,"Thursday","weekday","in_season",20,"top50_no500_share",0.16
19,"Thursday","weekday","in_season",20,"top50_no500_share",0.24
20,"Thursday","weekday","in_season",20,"top50_no500_share",0.78
21,"Thursday","weekday","in_season",20,"top50_no500_share",0.86
22,"Thursday","weekday","in_season",20,"top50_no500_share",0.88
23,"Thursday","weekday","in_season",20,"top50_no500_share",0.94
24,"Thursday","weekday","in_season",20,"top50_no500_share",1
6,"Friday","weekday","in_season",20,"top50_no500_share",0.96
7,"Friday","weekday","in_season",20,"top50_no500_share",0.74
8,"Friday","weekday","in_season",20,"top50_no500_share",0.24
9,"Friday","weekday","in_season",20,"top50_no500_share",0.22
10,"Friday","weekday","in_season",20,"top50_no500_share",0.08
11,"Friday","weekday","in_season",20,"top50_no500_share",0.08
12,"Friday","weekday","in_season",20,"top50_no500_share",0.08
13,"Friday","weekday","in_season",20,"top50_no500_share",0.08
14,"Friday","weekday","in_season",20,"top50_no500_share",0.08
15,"Friday","weekday","in_season",20,"top50_no500_share",0.08
16,"Friday","weekday","in_season",20,"top50_no500_share",0.08
17,"Friday","weekday","in_season",20,"top50_no500_share",0.18
18,"Friday","weekday","in_season",20,"top50_no500_share",0.24
19,"Friday","weekday","in_season",20,"top50_no500_share",0.3
20,"Friday","weekday","in_season",20,"top50_no500_share",0.78
21,"Friday","weekday","in_season",20,"top50_no500_share",0.86
22,"Friday","weekday","in_season",20,"top50_no500_share",0.88
23,"Friday","weekday","in_season",20,"top50_no500_share",0.94
24,"Friday","weekday","in_season",20,"top50_no500_share",1
6,"Saturday","weekend","in_season",20,"top50_no500_share",0.96
7,"Saturday","weekend","in_season",20,"top50_no500_share",0.74
8,"Saturday","weekend","in_season",20,"top50_no500_share",0.24
9,"Saturday","weekend","in_season",20,"top50_no500_share",0.22
10,"Saturday","weekend","in_season",20,"top50_no500_share",0.08
11,"Saturday","weekend","in_season",20,"top50_no500_share",0.08
12,"Saturday","weekend","in_season",20,"top50_no500_share",0.08
13,"Saturday","weekend","in_season",20,"top50_no500_share",0.08
14,"Saturday","weekend","in_season",20,"top50_no500_share",0.08
15,"Saturday","weekend","in_season",20,"top50_no500_share",0.08
16,"Saturday","weekend","in_season",20,"top50_no500_share",0.08
17,"Saturday","weekend","in_season",20,"top50_no500_share",0.24
18,"Saturday","weekend","in_season",20,"top50_no500_share",0.24
19,"Saturday","weekend","in_season",20,"top50_no500_share",0.3
20,"Saturday","weekend","in_season",20,"top50_no500_share",0.78
21,"Saturday","weekend","in_season",20,"top50_no500_share",0.86
22,"Saturday","weekend","in_season",20,"top50_no500_share",0.88
23,"Saturday","weekend","in_season",20,"top50_no500_share",0.94
24,"Saturday","weekend","in_season",20,"top50_no500_share",1
6,"Sunday","weekend","in_season_late",22,"top50_no500_share",0.96
7,"Sunday","weekend","in_season_late",22,"top50_no500_share",0.74
8,"Sunday","weekend","in_season_late",22,"top50_no500_share",0.24
9,"Sunday","weekend","in_season_late",22,"top50_no500_share",0.22
10,"Sunday","weekend","in_season_late",22,"top50_no500_share",0.22
11,"Sunday","weekend","in_season_late",22,"top50_no500_share",0.22
12,"Sunday","weekend","in_season_late",22,"top50_no500_share",0.22
13,"Sunday","weekend","in_season_late",22,"top50_no500_share",0.2
14,"Sunday","weekend","in_season_late",22,"top50_no500_share",0.2
15,"Sunday","weekend","in_season_late",22,"top50_no500_share",0.2
16,"Sunday","weekend","in_season_late",22,"top50_no500_share",0.2
17,"Sunday","weekend","in_season_late",22,"top50_no500_share",0.24
18,"Sunday","weekend","in_season_late",22,"top50_no500_share",0.24
19,"Sunday","weekend","in_season_late",22,"top50_no500_share",0.3
20,"Sunday","weekend","in_season_late",22,"top50_no500_share",0.32
21,"Sunday","weekend","in_season_late",22,"top50_no500_share",0.4
22,"Sunday","weekend","in_season_late",22,"top50_no500_share",0.88
23,"Sunday","weekend","in_season_late",22,"top50_no500_share",0.94
24,"Sunday","weekend","in_season_late",22,"top50_no500_share",1
6,"Monday","weekday","in_season_late",22,"top50_no500_share",0.96
7,"Monday","weekday","in_season_late",22,"top50_no500_share",0.74
8,"Monday","weekday","in_season_late",22,"top50_no500_share",0.24
9,"Monday","weekday","in_season_late",22,"top50_no500_share",0.22
10,"Monday","weekday","in_season_late",22,"top50_no500_share",0.12
11,"Monday","weekday","in_season_late",22,"top50_no500_share",0.08
12,"Monday","weekday","in_season_late",22,"top50_no500_share",0.08
13,"Monday","weekday","in_season_late",22,"top50_no500_share",0.08
14,"Monday","weekday","in_season_late",22,"top50_no500_share",0.08
15,"Monday","weekday","in_season_late",22,"top50_no500_share",0.08
16,"Monday","weekday","in_season_late",22,"top50_no500_share",0.08
17,"Monday","weekday","in_season_late",22,"top50_no500_share",0.1
18,"Monday","weekday","in_season_late",22,"top50_no500_share",0.18
19,"Monday","weekday","in_season_late",22,"top50_no500_share",0.28
20,"Monday","weekday","in_season_late",22,"top50_no500_share",0.32
21,"Monday","weekday","in_season_late",22,"top50_no500_share",0.4
22,"Monday","weekday","in_season_late",22,"top50_no500_share",0.88
23,"Monday","weekday","in_season_late",22,"top50_no500_share",0.94
24,"Monday","weekday","in_season_late",22,"top50_no500_share",1
6,"Tuesday","weekday","in_season_late",22,"top50_no500_share",0.96
7,"Tuesday","weekday","in_season_late",22,"top50_no500_share",0.74
8,"Tuesday","weekday","in_season_late",22,"top50_no500_share",0.24
9,"Tuesday","weekday","in_season_late",22,"top50_no500_share",0.22
10,"Tuesday","weekday","in_season_late",22,"top50_no500_share",0.12
11,"Tuesday","weekday","in_season_late",22,"top50_no500_share",0.1
12,"Tuesday","weekday","in_season_late",22,"top50_no500_share",0.1
13,"Tuesday","weekday","in_season_late",22,"top50_no500_share",0.08
14,"Tuesday","weekday","in_season_late",22,"top50_no500_share",0.08
15,"Tuesday","weekday","in_season_late",22,"top50_no500_share",0.08
16,"Tuesday","weekday","in_season_late",22,"top50_no500_share",0.08
17,"Tuesday","weekday","in_season_late",22,"top50_no500_share",0.1
18,"Tuesday","weekday","in_season_late",22,"top50_no500_share",0.18
19,"Tuesday","weekday","in_season_late",22,"top50_no500_share",0.26
20,"Tuesday","weekday","in_season_late",22,"top50_no500_share",0.32
21,"Tuesday","weekday","in_season_late",22,"top50_no500_share",0.4
22,"Tuesday","weekday","in_season_late",22,"top50_no500_share",0.88
23,"Tuesday","weekday","in_season_late",22,"top50_no500_share",0.94
24,"Tuesday","weekday","in_season_late",22,"top50_no500_share",1
6,"Wednesday","weekday","in_season_late",22,"top50_no500_share",0.96
7,"Wednesday","weekday","in_season_late",22,"top50_no500_share",0.74
8,"Wednesday","weekday","in_season_late",22,"top50_no500_share",0.24
9,"Wednesday","weekday","in_season_late",22,"top50_no500_share",0.22
10,"Wednesday","weekday","in_season_late",22,"top50_no500_share",0.12
11,"Wednesday","weekday","in_season_late",22,"top50_no500_share",0.08
12,"Wednesday","weekday","in_season_late",22,"top50_no500_share",0.08
13,"Wednesday","weekday","in_season_late",22,"top50_no500_share",0.08
14,"Wednesday","weekday","in_season_late",22,"top50_no500_share",0.08
15,"Wednesday","weekday","in_season_late",22,"top50_no500_share",0.08
16,"Wednesday","weekday","in_season_late",22,"top50_no500_share",0.08
17,"Wednesday","weekday","in_season_late",22,"top50_no500_share",0.1
18,"Wednesday","weekday","in_season_late",22,"top50_no500_share",0.18
19,"Wednesday","weekday","in_season_late",22,"top50_no500_share",0.28
20,"Wednesday","weekday","in_season_late",22,"top50_no500_share",0.32
21,"Wednesday","weekday","in_season_late",22,"top50_no500_share",0.4
22,"Wednesday","weekday","in_season_late",22,"top50_no500_share",0.88
23,"Wednesday","weekday","in_season_late",22,"top50_no500_share",0.94
24,"Wednesday","weekday","in_season_late",22,"top50_no500_share",1
6,"Thursday","weekday","in_season_late",22,"top50_no500_share",0.96
7,"Thursday","weekday","in_season_late",22,"top50_no500_share",0.74
8,"Thursday","weekday","in_season_late",22,"top50_no500_share",0.24
9,"Thursday","weekday","in_season_late",22,"top50_no500_share",0.22
10,"Thursday","weekday","in_season_late",22,"top50_no500_share",0.1
11,"Thursday","weekday","in_season_late",22,"top50_no500_share",0.1
12,"Thursday","weekday","in_season_late",22,"top50_no500_share",0.08
13,"Thursday","weekday","in_season_late",22,"top50_no500_share",0.08
14,"Thursday","weekday","in_season_late",22,"top50_no500_share",0.08
15,"Thursday","weekday","in_season_late",22,"top50_no500_share",0.08
16,"Thursday","weekday","in_season_late",22,"top50_no500_share",0.08
17,"Thursday","weekday","in_season_late",22,"top50_no500_share",0.1
18,"Thursday","weekday","in_season_late",22,"top50_no500_share",0.16
19,"Thursday","weekday","in_season_late",22,"top50_no500_share",0.24
20,"Thursday","weekday","in_season_late",22,"top50_no500_share",0.32
21,"Thursday","weekday","in_season_late",22,"top50_no500_share",0.4
22,"Thursday","weekday","in_season_late",22,"top50_no500_share",0.88
23,"Thursday","weekday","in_season_late",22,"top50_no500_share",0.94
24,"Thursday","weekday","in_season_late",22,"top50_no500_share",1
6,"Friday","weekday","in_season_late",22,"top50_no500_share",0.96
7,"Friday","weekday","in_season_late",22,"top50_no500_share",0.74
8,"Friday","weekday","in_season_late",22,"top50_no500_share",0.24
9,"Friday","weekday","in_season_late",22,"top50_no500_share",0.22
10,"Friday","weekday","in_season_late",22,"top50_no500_share",0.08
11,"Friday","weekday","in_season_late",22,"top50_no500_share",0.08
12,"Friday","weekday","in_season_late",22,"top50_no500_share",0.08
13,"Friday","weekday","in_season_late",22,"top50_no500_share",0.08
14,"Friday","weekday","in_season_late",22,"top50_no500_share",0.08
15,"Friday","weekday","in_season_late",22,"top50_no500_share",0.08
16,"Friday","weekday","in_season_late",22,"top50_no500_share",0.08
17,"Friday","weekday","in_season_late",22,"top50_no500_share",0.18
18,"Friday","weekday","in_season_late",22,"top50_no500_share",0.24
19,"Friday","weekday","in_season_late",22,"top50_no500_share",0.3
20,"Friday","weekday","in_season_late",22,"top50_no500_share",0.32
21,"Friday","weekday","in_season_late",22,"top50_no500_share",0.4
22,"Friday","weekday","in_season_late",22,"top50_no500_share",0.88
23,"Friday","weekday","in_season_late",22,"top50_no500_share",0.94
24,"Friday","weekday","in_season_late",22,"top50_no500_share",1
6,"Saturday","weekend","in_season_late",22,"top50_no500_share",0.96
7,"Saturday","weekend","in_season_late",22,"top50_no500_share",0.74
8,"Saturday","weekend","in_season_late",22,"top50_no500_share",0.24
9,"Saturday","weekend","in_season_late",22,"top50_no500_share",0.22
10,"Saturday","weekend","in_season_late",22,"top50_no500_share",0.08
11,"Saturday","weekend","in_season_late",22,"top50_no500_share",0.08
12,"Saturday","weekend","in_season_late",22,"top50_no500_share",0.08
13,"Saturday","weekend","in_season_late",22,"top50_no500_share",0.08
14,"Saturday","weekend","in_season_late",22,"top50_no500_share",0.08
15,"Saturday","weekend","in_season_late",22,"top50_no500_share",0.08
16,"Saturday","weekend","in_season_late",22,"top50_no500_share",0.08
17,"Saturday","weekend","in_season_late",22,"top50_no500_share",0.24
18,"Saturday","weekend","in_season_late",22,"top50_no500_share",0.24
19,"Saturday","weekend","in_season_late",22,"top50_no500_share",0.3
20,"Saturday","weekend","in_season_late",22,"top50_no500_share",0.32
21,"Saturday","weekend","in_season_late",22,"top50_no500_share",0.4
22,"Saturday","weekend","in_season_late",22,"top50_no500_share",0.88
23,"Saturday","weekend","in_season_late",22,"top50_no500_share",0.94
24,"Saturday","weekend","in_season_late",22,"top50_no500_share",1
NA,"any","any","any_hours_listed",NA,"n_open",975
NA,"any","any","any_hours_listed",NA,"all_wmean_min",4.296
NA,"any","any","any_hours_listed",NA,"all_median_min",4.6697
NA,"any","any","any_hours_listed",NA,"all_no500_n",87
NA,"any","any","any_hours_listed",NA,"all_no500_share",0.2052
NA,"any","any","any_hours_listed",NA,"top50_wmean_min",3.6675
NA,"any","any","any_hours_listed",NA,"top50_no500_n",4
NA,"any","any","any_hours_listed",NA,"top50_no500_share",0.08
