"station_complex_id","station","borough","nta2020","nta_ratio","in_hi","in_six","entries","d_rr","d_rr18","d_rr21","team_score","y_250","y_250_no_top1","y_250_no_subloc","y_400","y_400_no_top1","y_400_no_subloc","y_600","y_600_no_top1","y_600_no_subloc","pop_250","pop_400","pop_600","area_km2_250","area_km2_400","area_km2_600"
1,"Astoria-Ditmars Blvd (N,W)","Queens","QN0101",0.89520282524565,FALSE,FALSE,3607457,295.050256963882,2083.03029234229,2083.03029234229,56.2617924528302,5,5,5,7,7,7,9,9,9,3147.18479838497,8833.04248517135,17617.9796486071,0.196259835911022,0.493577581614333,0.971014794586
2,"Astoria Blvd (N,W)","Queens","QN0101",0.89520282524565,FALSE,FALSE,2633399,199.662701855666,2530.45301383944,2530.45301383944,45.1179245283019,1,1,1,1,1,1,4,4,4,3392.46806596222,7405.67679114263,12735.5769977222,0.196079018199485,0.42627529873708,0.693094448735317
3,"30 Av (N,W)","Queens","QN0103",0.85258310598345,FALSE,FALSE,3378416,141.118182908164,2318.74371703661,2922.54837996074,47.5,2,2,1,4,4,3,9,9,8,4551.4540524011,9929.24164488912,15645.2088509212,0.196079018201257,0.410773262029641,0.655873802799853
4,"Broadway (N,W)","Queens","QN0103",0.85258310598345,FALSE,FALSE,3023232,686.160151090917,1746.02247499571,2928.71913455134,80.5070754716981,5,5,5,10,10,10,11,11,11,5200.46793934242,11895.8443318431,16048.6972510101,0.196259835911023,0.438316988826462,0.608870239863298
5,"36 Av (N,W)","Queens","QN0103",0.85258310598345,FALSE,FALSE,1630136,347.723870182972,1245.01193192972,2586.25783631777,41.9575471698113,3,3,2,5,5,4,5,5,4,3723.57603780899,6889.23640732801,8815.70045581875,0.196259835911072,0.385914937502074,0.513159028738789
6,"39 Av-Dutch Kills (N,W)","Queens","QN0105",0.298642690097429,FALSE,FALSE,972281,543.351395642479,986.223662723837,2409.18738290868,50.9669811320755,1,1,0,1,1,0,1,1,0,1712.39196620951,2852.10036617912,3052.51439767221,0.177528316174968,0.296170098406656,0.340224417421106
8,"5 Av/59 St (N,R,W)","Manhattan","MN0502",1.92873430718364,TRUE,TRUE,3858708,280.643303306363,280.643303306363,280.643303306363,56.8278301886792,7,7,3,8,8,4,8,8,4,1020.03465673116,1588.3469792021,1712.47432791589,0.179312346888337,0.305008252293295,0.413782359934043
9,"57 St-7 Av (N,Q,R,W)","Manhattan","MN0502",1.92873430718364,TRUE,TRUE,8768081,502.746548128164,595.066071856047,627.761776816817,91.4504716981132,8,2,7,10,3,9,10,3,9,3317.58386311514,4023.60174260113,4023.60174260113,0.113685527458322,0.133563627773751,0.133563627773751
10,"49 St (N,R,W)","Manhattan","MN0502",1.92873430718364,TRUE,TRUE,7380047,351.37741862662,351.37741862662,640.246610015592,69.4575471698113,4,4,3,4,4,3,4,4,3,1565.59462116624,1946.68919320334,1971.04980701332,0.111176601542934,0.14113052440874,0.141805589656209
13,"28 St (R,W)","Manhattan","MN0501",0.696787909162235,FALSE,FALSE,3260572,337.924507182306,337.924507182306,1009.62008621173,55.9198113207547,5,5,5,5,5,5,5,5,5,3514.17264993782,3820.17415184194,3820.17415184194,0.181573985981214,0.19598231646388,0.19598231646388
14,"23 St (R,W)","Manhattan","MN0501",0.696787909162235,FALSE,FALSE,4826687,126.274580354711,126.274580354711,540.879604569965,53.4080188679245,7,6,4,7,6,4,7,6,4,3188.37050893421,4191.67003061866,4242.59635551857,0.141790334615507,0.183297927865133,0.18522022827693
16,"8 St-NYU (R,W)","Manhattan","MN0202",1.23593330174516,FALSE,FALSE,4313213,441.577658184005,441.577658184005,717.887115805361,66.627358490566,7,6,6,14,13,13,14,13,13,4627.53908321313,8408.64635873211,8571.03972854774,0.131523845654312,0.229240639099509,0.233399716857922
17,"Prince St (R,W)","Manhattan","MN0201",1.02389093600833,FALSE,FALSE,3620714,171.348181399,171.348181399,1276.44721797053,50.1533018867924,2,2,2,2,2,2,2,2,2,2499.5959016927,3561.61984218265,3564.09701653797,0.113393550948252,0.154342765415463,0.154432056440882
20,"City Hall (R,W)","Manhattan","MN0102",1.72068802073447,TRUE,FALSE,1188601,82.3744398531469,82.3744398531469,881.870705487727,21.1556603773585,6,6,5,6,6,5,6,6,5,2056.93177720448,2145.03486420634,2145.03486420634,0.0935580214550311,0.0986825535370357,0.0986825535370357
22,"Rector St (R,W)","Manhattan","MN0101",0.553449068501232,FALSE,FALSE,1263770,481.334665060762,513.701980666832,695.501503326703,41.3325471698113,0,0,0,0,0,0,0,0,0,385.598368213257,385.598368213257,385.598368213257,0.0258080202034877,0.0258080202034877,0.0258080202034877
26,"DeKalb Av (B,Q,R)","Brooklyn","BK0202",1.36704605554042,FALSE,FALSE,5490082,434.702052847751,726.265776874217,1615.20802643692,70.1297169811321,6,6,3,7,7,4,7,7,4,3933.20705396644,6547.07722672476,9393.76088803583,0.13000719924098,0.226045790432834,0.366145173855884
28,"Union St (R)","Brooklyn","BK0602",0.954756164382297,FALSE,FALSE,2005303,391.032099737182,960.102049141718,2276.74813835295,50.625,8,5,8,11,8,11,13,10,13,2840.60729640169,7992.9122597203,14239.4373207159,0.196259835910727,0.501393741804156,0.836739475096964
30,"Prospect Av (R)","Brooklyn","BK0702",1.03261456574915,FALSE,FALSE,1432173,547.675974055383,2150.35390042727,2475.07379668138,62.6650943396226,5,1,3,7,2,5,9,3,7,3367.03103112856,7512.62616322554,11268.2678437232,0.196259835909468,0.469212644713897,0.735815149368525
31,"25 St (R)","Brooklyn","BK0702",1.03261456574915,FALSE,FALSE,910077,750.059512085628,2535.19350013467,2562.93619362885,51.7806603773585,1,1,1,5,4,5,6,5,6,3114.58582088203,6236.91239777896,7806.52211269494,0.196259835911,0.484015346226253,0.763188252278514
32,"36 St (D,N,R)","Brooklyn","BK0702",1.03261456574915,FALSE,FALSE,3975974,837.880313824076,2788.23638643577,2848.46915404193,86.6981132075472,1,0,1,4,3,4,6,3,6,2357.98764961316,4679.41887692406,6610.87842786992,0.196259835911034,0.496919134950227,0.891266165911832
33,"45 St (R)","Brooklyn","BK0702",1.03261456574915,FALSE,FALSE,2010526,183.790108638882,3285.04555354716,3372.19480126836,39.5047169811321,4,3,4,11,5,11,20,14,20,4739.40487848094,10420.9108786175,15517.8558324852,0.196259835911083,0.451665847655753,0.792288175473972
34,"53 St (R)","Brooklyn","BK0702",1.03261456574915,FALSE,FALSE,2197316,100.242223129196,3623.60059818173,3765.77840397637,37.3702830188679,1,0,1,3,2,3,5,4,5,5876.349413592,11106.4066756868,16490.1195881619,0.196259835911073,0.394208501451425,0.621054613248511
35,"59 St (N,R)","Brooklyn","BK0702",1.03261456574915,FALSE,FALSE,3298968,514.687910433378,3183.94502349549,4175.64841364067,79.3042452830189,5,2,5,7,4,7,8,4,8,6590.15393803074,12693.5637728335,16537.0543096459,0.19625983591108,0.444967833728002,0.682195976285175
36,"Bay Ridge Av (R)","Brooklyn","BK1001",0.773993519210113,FALSE,FALSE,1871589,349.809195492835,2490.96337350918,4802.67479692454,45.872641509434,4,2,3,9,7,8,11,8,10,4346.12329533819,9975.85732329337,16156.8415410714,0.196259835911015,0.46827838659655,0.771337146316233
37,"77 St (R)","Brooklyn","BK1001",0.773993519210113,FALSE,FALSE,1301021,550.662063385709,1954.49448668028,4354.52546226012,59.186320754717,2,2,2,6,5,6,6,5,6,3746.46294447748,9262.25025936512,15124.2249613411,0.19625983591103,0.468278386596499,0.798772380344514
38,"86 St (R)","Brooklyn","BK1001",0.773993519210113,FALSE,FALSE,2793489,744.334715348873,1332.89440157039,3821.67706447359,78.7735849056604,1,0,0,1,0,0,2,1,1,3733.39021739253,8996.88044925799,14777.7593872614,0.196259835911043,0.490440536783792,0.847776080233653
39,"Bay Ridge-95 St (R)","Brooklyn","BK1001",0.773993519210113,FALSE,FALSE,1285500,49.7668480088929,1045.6922286962,3453.78962117235,22.6533018867925,1,1,1,1,1,1,3,2,3,3101.47746026787,7094.62650077335,12791.3057354217,0.196259835911047,0.490440536783803,0.962608942296689
41,"7 Av (B,Q)","Brooklyn","BK0801",0.676354382000446,FALSE,FALSE,2326442,391.468784836747,602.757402906249,2868.70595189053,53.7971698113208,3,3,3,4,4,4,5,5,5,3269.01412314243,5906.97008767718,7531.14731885989,0.152584828129073,0.270207129559789,0.334745860107465
42,"Prospect Park (B,Q,S)","Brooklyn","BK0902",1.18897658462277,FALSE,FALSE,2528547,169.890840756525,530.338835237769,1333.60513098313,42.9599056603774,2,2,1,3,3,2,4,4,3,2835.7183218416,6403.085315086,10112.8298010842,0.196259835910469,0.490285577112722,0.871477432596949
43,"Parkside Av (Q)","Brooklyn","BK0902",1.18897658462277,FALSE,FALSE,1669675,300.82598673017,300.82598673017,865.532659975564,40.9669811320755,5,5,5,9,9,9,10,10,10,6271.43932053559,12102.2190648107,15696.6572874188,0.196259835910804,0.438392667494707,0.65039735672636
44,"Church Av (B,Q)","Brooklyn","BK1402",0.943971159409082,FALSE,FALSE,2912055,275.926840993734,620.918188219083,620.918188219083,50.4127358490566,11,11,10,12,12,11,13,13,12,8311.326585746,16397.1841205068,21050.6017283198,0.19625983591052,0.443310625648628,0.696961191305663
45,"Beverley Rd (Q)","Brooklyn","BK1402",0.943971159409082,FALSE,FALSE,970295,378.532670696415,940.097585303272,940.097585303272,29.5754716981132,0,0,0,0,0,0,2,2,2,4424.29294611215,9593.7782651296,15620.7304643669,0.1775288854726,0.378780503964511,0.616485894260591
46,"Cortelyou Rd (Q)","Brooklyn","BK1402",0.943971159409082,FALSE,FALSE,1474688,176.065221434284,1268.35048207199,1268.35048207199,31.5683962264151,2,2,1,2,2,1,4,4,3,3940.23292705149,7691.1538306528,13479.6933074205,0.177528885472598,0.363546814163274,0.578729087313021
47,"Newkirk Plaza (B,Q)","Brooklyn","BK1402",0.943971159409082,FALSE,FALSE,2266429,690.696394065288,1905.05071590969,1905.05071590969,75.0471698113208,3,3,2,4,4,3,5,5,4,3470.2779767158,8732.17801986268,16146.9923801199,0.196259835911046,0.456847573223723,0.743959923761873
48,"Avenue H (Q)","Brooklyn","BK1403",0.556719604296887,FALSE,FALSE,748352,390.421723895653,2549.14270759166,2549.14270759166,26.25,0,0,0,1,1,1,2,2,2,2789.48397685911,6646.42578368141,10355.166897996,0.194967002768265,0.4062236403125,0.648596621396531
49,"Avenue J (Q)","Brooklyn","BK1403",0.556719604296887,FALSE,FALSE,1259591,104.114315967521,3020.30937691266,3020.30937691266,23.561320754717,1,1,1,4,4,4,4,4,4,3424.59672671431,8380.88630418626,13761.360307578,0.194967002768279,0.429345912555595,0.733073323721336
50,"Avenue M (Q)","Brooklyn","BK1403",0.556719604296887,FALSE,FALSE,1329727,325.482401488329,3847.63636472587,3847.63636472587,35.4009433962264,2,2,2,2,2,2,3,3,3,3768.91277776669,10056.0181626453,18454.8048902195,0.19625983591105,0.502425179932256,0.97731268447121
51,"Kings Hwy (B,Q)","Brooklyn","BK1502",1.13799740518484,FALSE,FALSE,4503120,429.469544415511,3731.62250159958,3995.59958263956,67.063679245283,5,5,4,7,7,6,10,10,9,4183.63551170423,10361.2903443631,20153.0346743703,0.196259835911073,0.502425179932211,1.05792910227866
52,"Avenue U (Q)","Brooklyn","BK1502",1.13799740518484,FALSE,FALSE,1588629,276.144933210411,3437.85300909981,3714.78212027608,37.7358490566038,5,5,5,5,5,5,5,5,5,3486.33475158497,7132.86567256765,13169.9631027283,0.193131994759723,0.422810044694615,0.80258252716794
53,"Neck Rd (Q)","Brooklyn","BK1503",0.474231214406555,FALSE,FALSE,1024272,278.34173651469,3404.11876772156,3419.08693099347,26.3679245283019,1,1,1,1,1,1,1,1,1,2980.67412739588,6854.75816420019,12593.6136125322,0.193131994757336,0.422810044691361,0.762056453728065
54,"Sheepshead Bay (B,Q)","Brooklyn","BK1503",0.474231214406555,FALSE,FALSE,2824255,104.241973272022,2899.31945447173,2899.31945447173,42.4410377358491,0,0,0,0,0,0,2,2,2,2733.25828820005,6941.7164866405,14898.1055897629,0.196259835910791,0.502425179931091,1.02395941475611
55,"Brighton Beach (B,Q)","Brooklyn","BK1303",3.84776004100713,TRUE,TRUE,2539302,326.959309082896,1918.40070601385,1918.40070601385,50.9433962264151,5,5,5,9,9,9,15,15,15,5558.38324212326,10851.077516125,18000.9048797998,0.196259835911092,0.471614534528332,0.828352170274904
56,"Ocean Pkwy (Q)","Brooklyn","BK1303",3.84776004100713,TRUE,TRUE,703052,147.605127656297,1297.8414737004,1297.8414737004,13.0896226415094,5,5,5,8,8,8,10,10,9,4838.58625204427,8983.91449121449,10217.7944781203,0.196259835911038,0.425452441501168,0.495184981066533
57,"W 8 St-NY Aquarium (F,Q)","Brooklyn","BK1302",0.782908898033763,FALSE,FALSE,691765,269.079796912747,702.847374405334,702.847374405334,18.5259433962264,1,1,1,1,1,1,1,1,1,2423.00153485021,3492.20703170142,3610.23213893326,0.19459577495697,0.354346405403912,0.430809970929094
58,"Coney Island-Stillwell Av (D,F,N,Q)","Brooklyn","BK1302",0.782908898033763,FALSE,FALSE,3746117,418.213609588961,507.455942100544,507.455942100544,63.2547169811321,1,1,0,1,1,0,1,1,0,2191.40340577457,4922.56233874969,8502.68615885123,0.19459577495694,0.419634819583516,0.755001212548041
59,"9 Av (D)","Brooklyn","BK1201",0.538816707836227,FALSE,FALSE,1402927,916.359771551128,2108.8462192809,2108.8462192809,65.1415094339623,1,1,1,1,1,1,7,6,6,2611.26409946688,6397.70164085881,11164.7609267724,0.19625983591094,0.465503966168206,0.908131553154044
60,"Fort Hamilton Pkwy (D)","Brooklyn","BK1201",0.538816707836227,FALSE,FALSE,1016478,500.842388100261,2336.06634813614,2336.06634813614,51.2028301886792,1,1,1,1,1,1,5,5,5,6395.18054964655,12459.7048385116,19626.3701960523,0.196259835911049,0.406055404089909,0.644004002801193
61,"50 St (D)","Brooklyn","BK1202",0.311925372659857,FALSE,FALSE,779526,511.689684368188,2661.48073783862,2661.48073783862,46.2146226415094,1,1,1,1,1,1,2,2,2,5489.02473973056,10562.0105302814,16124.3014684135,0.196259835911045,0.389634630143157,0.604214171977202
62,"55 St (D)","Brooklyn","BK1202",0.311925372659857,FALSE,FALSE,424979,745.091764967678,2914.94393057833,3066.08882316717,41.6155660377358,0,0,0,0,0,0,0,0,0,5349.46422732849,11376.9258359459,16694.6929159122,0.19625983591102,0.425130691724783,0.591044528624131
64,"71 St (D)","Brooklyn","BK1101",1.01083773011612,FALSE,FALSE,1164177,1169.02470604871,1916.14191878604,2730.3965903068,59.3278301886792,3,3,3,7,7,7,9,9,9,3502.76662259074,8238.54527895549,11884.6707175569,0.196259835911064,0.466020183186763,0.667993205376582
65,"79 St (D)","Brooklyn","BK1101",1.01083773011612,FALSE,FALSE,1501103,652.584456493381,1612.01459310907,2046.91133878397,65.4952830188679,1,1,1,1,1,1,4,4,4,4505.56769806985,9910.3213057799,15080.5636423167,0.196259835911063,0.457714759167634,0.747333010559595
66,"18 Av (D)","Brooklyn","BK1101",1.01083773011612,FALSE,FALSE,1441946,138.820843067294,1429.50594582168,1429.50594582168,29.6933962264151,1,1,1,7,7,7,7,7,7,3669.08896368354,7668.82232147391,11594.1390011118,0.195541160295232,0.401842636149909,0.638351838927367
67,"20 Av (D)","Brooklyn","BK1101",1.01083773011612,FALSE,FALSE,1200555,425.638916317999,1088.09181756603,1088.09181756603,37.7948113207547,0,0,0,0,0,0,1,1,1,4462.58388089203,8331.71323691207,13033.8405630696,0.194577085765727,0.360269103752937,0.561562786277297
68,"Bay Pkwy (D)","Brooklyn","BK1103",0.568668793392249,FALSE,FALSE,1740839,692.420033263624,997.597614824258,997.597614824258,69.0212264150943,1,1,1,1,1,1,1,1,1,5299.52565019382,10640.6568816502,15534.7468743615,0.195295761380001,0.425449895659822,0.693910024556545
69,"25 Av (D)","Brooklyn","BK1103",0.568668793392249,FALSE,FALSE,965455,577.129795682956,1043.20059107217,1270.66057587998,51.3089622641509,0,0,0,0,0,0,1,1,1,3671.73746140772,8691.643230449,12288.9988713527,0.196259835911087,0.473890063459529,0.701274034329165
70,"Bay 50 St (D)","Brooklyn","BK1301",0.591096035442869,FALSE,FALSE,658378,558.821614506225,963.994279129786,1649.019109854,44.8702830188679,3,3,3,3,3,3,3,3,3,1952.5259737611,4524.28936373152,7538.91909032337,0.196259835911048,0.475479105314677,0.864390631252872
71,"8 Av (N)","Brooklyn","BK0703",1.96888650605023,TRUE,FALSE,2951046,416.679498689231,2569.93482823994,3941.91053302002,58.3844339622642,1,0,1,1,0,1,3,2,3,2123.24242614213,6884.06061941311,14504.9896115032,0.196259835911052,0.484515578575379,0.81565881977981
72,"Fort Hamilton Pkwy (N)","Brooklyn","BK1202",0.311925372659857,FALSE,FALSE,1639459,600.447196746432,2399.40367287835,3699.47344551183,66.6391509433962,2,2,2,3,3,3,5,5,5,2953.30752007545,7617.16783136977,14470.4773310304,0.196259835911061,0.484515578575391,0.804429259308694
74,"18 Av (N)","Brooklyn","BK1101",1.01083773011612,FALSE,FALSE,1252598,594.354368671966,2624.819869757,2990.74209363713,58.7382075471698,2,2,2,4,4,4,4,4,4,3729.4787693863,8874.30669739376,12128.1422708678,0.196259835911038,0.450059853943991,0.648415818751447
75,"20 Av (N)","Brooklyn","BK1101",1.01083773011612,FALSE,FALSE,1047373,729.648806916807,2842.4839775322,2842.4839775322,55.5896226415094,2,2,2,2,2,2,2,2,2,3708.91454448605,8361.71111883705,11666.1971288951,0.196259835911024,0.44382903873305,0.631326463529439
76,"Bay Pkwy (N)","Brooklyn","BK1101",1.01083773011612,FALSE,FALSE,1642428,557.490254492793,2490.57216085358,2490.57216085358,65.8962264150943,0,0,0,1,1,1,1,1,1,4761.47530003756,11850.3953896166,16346.7113033909,0.196259835911092,0.479304131751584,0.671202583881673
77,"Kings Hwy (N)","Brooklyn","BK1103",0.568668793392249,FALSE,FALSE,1383801,536.456208426202,1924.33517620213,2037.16180416628,60.5542452830189,1,1,1,3,3,3,3,3,3,4901.20065326091,11365.5438991942,14857.6475177079,0.196259835911022,0.476867253995927,0.649188676403157
78,"Avenue U (N)","Brooklyn","BK1103",0.568668793392249,FALSE,FALSE,945722,715.334574406012,1537.81613438798,1907.14434851035,52.4174528301887,3,3,3,3,3,3,3,3,3,2991.95358735293,6041.85636511025,6279.57927288235,0.196259835910692,0.365813744656428,0.380965847177831
79,"86 St (N)","Brooklyn","BK1501",0.626138899819381,FALSE,FALSE,580275,880.294822770654,1431.40993436344,1982.22341924211,45.6367924528302,2,2,1,2,2,1,2,2,1,2860.95839879817,4888.94912045642,5215.6327395762,0.195445825257092,0.315225520151581,0.334174126872765
80,"121 St (J,Z)","Queens","QN0902",0.710558879025279,FALSE,FALSE,539436,285.584831611812,1672.8271953728,5507.53768381819,14.8938679245283,1,1,1,2,2,2,3,3,3,2439.91009236474,7096.4752178826,13468.5020988243,0.196259835911004,0.499242327885811,0.938622978955123
81,"111 St (J)","Queens","QN0902",0.710558879025279,FALSE,FALSE,533097,546.720603764026,2358.36564604323,6007.93386031985,40.6132075471698,0,0,0,1,1,1,3,3,2,2583.72856943266,6535.28926349661,11086.3542656417,0.196259835910997,0.489821803021354,0.827966779209215
82,"104 St (J,Z)","Queens","QN0902",0.710558879025279,FALSE,FALSE,608333,668.039248449689,1743.68364887388,6258.647014628,45.2948113207547,1,1,1,2,2,2,2,2,2,2774.99116730282,6571.15834729221,9929.11750145477,0.196259835911043,0.464351751949748,0.763718074500244
83,"Woodhaven Blvd (J,Z)","Queens","QN0905",0.197063120780429,FALSE,FALSE,1118208,324.975973231839,1239.60101726301,6466.08971549118,30.4716981132075,2,2,1,2,2,1,2,2,1,2831.6965748641,6893.05655631249,11338.7343300819,0.19625983591098,0.466156003778978,0.768825782783644
84,"85 St-Forest Pkwy (J)","Queens","QN0905",0.197063120780429,FALSE,FALSE,575553,263.700586476481,878.879893645007,6765.88191694009,14.4339622641509,1,1,1,1,1,1,1,1,1,4700.96016332267,10430.8088399168,14386.9868145447,0.196259835910958,0.462557642901446,0.761478260116274
85,"75 St-Elderts Ln (J,Z)","Queens","QN0905",0.197063120780429,FALSE,FALSE,857338,598.495163117347,967.672472178057,7057.2744407148,49.4575471698113,0,0,0,0,0,0,3,3,3,3042.61946671201,6054.44185067032,8261.34630412244,0.195490456067858,0.399427646019177,0.633502010460681
86,"Cypress Hills (J)","Brooklyn","BK0501",1.49065218562769,FALSE,FALSE,171012,1067.55410815286,1300.68168140842,7360.49405304373,41.0141509433962,0,0,0,1,1,1,2,2,2,2650.84652747733,5404.99246663196,6519.98368160522,0.195490456067906,0.427913987814116,0.703000311023049
87,"Crescent St (J,Z)","Brooklyn","BK0501",1.49065218562769,FALSE,FALSE,973642,454.938955661386,2010.34839070893,7878.12137827174,33.4198113207547,2,2,2,6,6,6,8,8,8,3577.64716723123,8814.25330092599,13112.4222362145,0.196259835911032,0.452533005686139,0.65173262121789
88,"Norwood Av (J,Z)","Brooklyn","BK0501",1.49065218562769,FALSE,FALSE,581868,385.613481920657,2439.79692766706,7558.59261994579,21.9575471698113,0,0,0,0,0,0,3,3,3,3663.48228069432,7133.80818927342,8879.68089124509,0.18912420948359,0.365493554209742,0.499556110792277
89,"Cleveland St (J)","Brooklyn","BK0501",1.49065218562769,FALSE,FALSE,514489,235.331120320438,2799.99022770647,7352.51843147824,11.438679245283,1,1,1,2,2,2,3,3,3,3550.4720531579,6930.46241464251,7866.65005125308,0.189124209483541,0.375268150885171,0.494489097083498
90,"Van Siclen Av (J,Z)","Brooklyn","BK0502",0.603875781783198,FALSE,FALSE,685726,479.01323414699,3353.96464218287,7049.35897364726,28.502358490566,0,0,0,0,0,0,1,1,1,2956.75062507015,5594.83519735188,7069.03924103943,0.196259835911107,0.383859814057672,0.507342571007154
91,"Alabama Av (J,Z)","Brooklyn","BK0502",0.603875781783198,FALSE,FALSE,462836,840.090033638665,3861.33267650845,6695.09179344362,42.747641509434,1,1,1,1,1,1,1,1,1,1408.39811542159,1881.84823647355,1953.24166778946,0.165635987562207,0.248104762803165,0.304854977010732
93,"Chauncey St (J,Z)","Brooklyn","BK1601",0.568412603127196,FALSE,FALSE,692830,274.82967692899,4342.22200181409,5577.04593112702,19.0212264150943,1,1,1,4,4,4,4,4,4,4306.45031496108,7580.45032573099,8390.67498836142,0.191421766941917,0.333245476888508,0.370040995225982
94,"Halsey St (J)","Brooklyn","BK0402",1.36558666154075,FALSE,FALSE,1462550,210.31940784364,4406.2968804999,4954.86154194784,33.0778301886792,1,1,1,3,3,3,5,5,5,4790.56465110476,10886.5272682337,15922.8421283593,0.196259835911063,0.442189744766472,0.64099478792889
95,"Gates Av (J,Z)","Brooklyn","BK0402",1.36558666154075,FALSE,FALSE,1632920,333.207956000827,3803.28495268312,4378.68775309275,41.5919811320755,3,3,3,4,4,4,4,4,4,4543.20786318745,10774.8399810302,17201.848279719,0.196259835911027,0.452095036492674,0.707143484225868
96,"Kosciuszko St (J)","Brooklyn","BK0302",0.684255274630301,FALSE,FALSE,1423847,168.683805189702,3113.60379410272,3731.15547846497,29.8466981132075,5,5,5,6,6,6,8,8,8,4717.19209071148,10246.3628936154,14226.1781277522,0.196259835911038,0.418295454289938,0.592262290740877
97,"Myrtle Av (M,J,Z)","Brooklyn","BK0302",0.684255274630301,FALSE,FALSE,2929109,495.43568138166,2394.64932151457,3075.57923326134,61.1320754716981,7,7,7,7,7,7,9,9,9,4507.05183995605,11108.8793494371,16575.1328320603,0.196259835911032,0.437517188342309,0.623590047711346
98,"Flushing Av (M,J)","Brooklyn","BK0302",0.684255274630301,FALSE,FALSE,2018638,211.577646301267,1821.98512834113,2580.35574327162,41.061320754717,1,1,1,1,1,1,2,2,2,3741.70864602761,10347.2399019267,13277.2951358413,0.196259835910281,0.437272164119229,0.527136154224123
99,"Lorimer St (M,J)","Brooklyn","BK0104",1.18997767271809,FALSE,FALSE,1049427,221.696978766157,1159.13655640098,2049.46646263131,23.75,0,0,0,1,1,1,1,1,1,5181.02116962738,8251.51239824031,8434.64071574533,0.174300345947879,0.288167711442249,0.295095438235459
100,"Hewes St (M,J)","Brooklyn","BK0103",0.232171853631506,FALSE,FALSE,681885,348.758464623,552.376860394469,1441.71773207846,22.4056603773585,2,2,2,2,2,2,2,2,2,3859.38235778564,6722.85593474457,8493.80391099965,0.153714227171698,0.25889192883087,0.311145614487877
101,"Marcy Av (M,J,Z)","Brooklyn","BK0103",0.232171853631506,FALSE,FALSE,3008128,153.545176267099,153.545176267099,1051.03974789393,45.5306603773585,5,5,5,5,5,5,6,6,6,5125.32651127263,12040.2096969229,23207.4004234543,0.186249594604961,0.404672899599923,0.716382501501801
103,"Bowery (J,Z)","Manhattan","MN0302",0.862349755240968,FALSE,FALSE,1014512,180.441419369002,454.988778835556,1587.79258665078,20.7900943396226,3,3,3,3,3,3,3,3,3,4178.91600307913,4661.44038520002,4661.44038520002,0.133550853874266,0.149503653810969,0.149503653810969
107,"Broad St (J,Z)","Manhattan","MN0101",0.553449068501232,FALSE,FALSE,1436826,480.07818252416,480.07818252416,486.596912973134,45.8844339622642,3,3,3,3,3,3,3,3,3,1102.03525459102,1162.23842720924,1162.23842720924,0.0629022461933037,0.0716456768949048,0.0716456768949048
108,"Middle Village-Metropolitan Av (M)","Queens","QN0502",1.04687384632639,FALSE,FALSE,910963,611.768504697538,2516.40851413584,5386.59744579646,50.7429245283019,0,0,0,0,0,0,0,0,0,891.218657246237,1914.95511117209,3740.68208532318,0.196259835911026,0.501653707548328,0.999860892158803
109,"Fresh Pond Rd (M)","Queens","QN0502",1.04687384632639,FALSE,FALSE,1355368,386.86846806353,2781.21991263735,5042.59719197268,39.8231132075472,3,3,3,7,7,7,10,10,10,2933.2963316308,7510.3398671185,12558.7465389944,0.196259835911059,0.475374623821862,0.799115985459431
110,"Forest Av (M)","Queens","QN0502",1.04687384632639,FALSE,FALSE,1046994,99.1852345433506,3336.78301957582,4557.84244084292,18.6320754716981,2,2,2,3,3,3,6,6,6,5083.39911333243,10230.3249962923,14668.3119196258,0.190870286135655,0.389919169697951,0.601019680622438
111,"Seneca Av (M)","Queens","QN0502",1.04687384632639,FALSE,FALSE,677347,349.569733652964,3705.32327127516,4294.05034943714,22.1816037735849,1,1,1,5,5,5,7,7,7,6535.86181215565,11591.0834619165,14838.298377567,0.19087028613557,0.35120639339276,0.472988009895036
113,"Knickerbocker Av (M)","Brooklyn","BK0401",1.68230770373219,TRUE,FALSE,1005341,406.958166892715,3537.17211509931,3752.96737871089,32.1933962264151,2,2,2,3,3,3,4,4,4,4659.49212813019,10280.6218419682,13422.6051198209,0.19625983591102,0.418159516217108,0.548121345939631
114,"Central Av (M)","Brooklyn","BK0401",1.68230770373219,TRUE,FALSE,919120,287.82830352223,2968.50946526106,3384.83563763934,23.4433962264151,3,3,3,6,6,6,7,7,7,4970.96043670457,10321.0557208676,12824.8410098613,0.196259835910998,0.407452393105406,0.518870194971163
118,"3 Av (L)","Manhattan","MN0602",1.26246054981878,FALSE,FALSE,1894925,458.004816598626,458.004816598626,511.637911132964,51.5919811320755,8,8,8,11,11,11,14,14,14,9162.473346886,13244.4573775916,14775.5779024375,0.185766130962052,0.285090151657144,0.32120560399245
119,"1 Av (L)","Manhattan","MN0303",0.734710220845332,FALSE,FALSE,7329341,418.729651543706,418.729651543706,927.714892874158,72.7948113207547,13,12,11,21,17,19,26,22,24,7954.81520155944,17335.9758687084,32446.9836963795,0.190719389471743,0.415788256222411,0.798069227141683
120,"Bedford Av (L)","Brooklyn","BK0102",0.581671250713063,FALSE,FALSE,9837921,473.519195632608,535.545918339249,535.545918339249,75.7900943396226,1,1,1,4,4,4,9,9,9,4194.10644385906,10128.8602607189,17985.7389452629,0.196259835911024,0.482499177210197,0.853348056613537
122,"Graham Av (L)","Brooklyn","BK0104",1.18997767271809,FALSE,FALSE,2475636,753.110373604276,1056.39998900057,1056.39998900057,77.1698113207547,2,2,2,6,6,6,7,7,7,3986.02256476776,7558.25632720479,10917.2715631706,0.187410999838844,0.367825832063167,0.582303787165975
123,"Grand St (L)","Brooklyn","BK0104",1.18997767271809,FALSE,FALSE,1704864,354.674901419852,1464.01369885448,1464.01369885448,44.0448113207547,2,2,1,2,2,1,4,4,3,3426.42355547953,5855.30767975562,7586.17690487114,0.185703201094214,0.332686742121248,0.501990118993168
124,"Montrose Av (L)","Brooklyn","BK0104",1.18997767271809,FALSE,FALSE,1832637,164.21305666383,1644.56323149673,1880.8887843209,35.6721698113208,4,4,4,4,4,4,4,4,4,3800.56834994847,7392.0927118373,8280.76643787654,0.194552037166328,0.387668845953558,0.429965862789747
125,"Morgan Av (L)","Brooklyn","BK0104",1.18997767271809,FALSE,FALSE,2084920,448.999494745283,2229.2939900888,2365.21161366401,53.1957547169811,0,0,0,3,3,3,4,4,4,948.170621594186,2505.00656406931,4900.46715613954,0.196259835911048,0.462620488002419,0.703499972471685
126,"Jefferson St (L)","Brooklyn","BK0401",1.68230770373219,TRUE,FALSE,2613770,411.113809929144,2981.95132300208,2981.95132300208,55.9433962264151,7,7,7,15,15,15,20,20,20,2727.91984403888,5785.74737062562,8435.88702065363,0.195922109101727,0.434034347038315,0.7350557405696
127,"DeKalb Av (L)","Brooklyn","BK0401",1.68230770373219,TRUE,FALSE,3263072,479.243439762567,3470.5349678221,3470.5349678221,62.8066037735849,4,4,3,9,9,8,10,10,9,5057.69101824346,9826.78232263406,12332.0834478055,0.195922109101694,0.383367668032544,0.507007549736174
129,"Halsey St (L)","Queens","QN0502",1.04687384632639,FALSE,FALSE,2128340,539.440346581251,3411.50618482937,4987.41404873062,71.3679245283019,0,0,0,5,5,5,8,8,8,2794.41925093719,8084.17753972707,13297.0500837729,0.19625983591107,0.499033207596477,0.807873277464617
130,"Wilson Av (L)","Brooklyn","BK0402",1.36558666154075,FALSE,FALSE,1161608,609.80012561958,3590.36880353556,5471.22242364973,56.7688679245283,8,8,7,9,9,8,9,9,8,2205.01811287443,5722.4118044205,8614.01516579785,0.196259835911053,0.479070422948649,0.772509617830804
131,"Bushwick Av-Aberdeen St (L)","Brooklyn","BK0402",1.36558666154075,FALSE,FALSE,609253,58.3735323578411,3953.16600787139,5867.36993273,8.08962264150943,0,0,0,0,0,0,0,0,0,1886.65491491569,2698.21278026053,2712.8842347347,0.186986384556023,0.316574240019866,0.40098991788716
133,"Atlantic Av (L)","Brooklyn","BK0502",0.603875781783198,FALSE,FALSE,598497,629.076154939436,4266.73032037458,6276.93842637004,44.4339622641509,2,2,2,3,3,3,3,3,3,2277.26246924977,4299.14937122635,5795.25682518776,0.179729537211836,0.303276748249803,0.374824009696129
134,"Sutter Av (L)","Brooklyn","BK1602",0.560883056221366,FALSE,FALSE,644336,509.270522542237,4650.05099745237,6113.84295016026,43.4905660377358,0,0,0,0,0,0,1,1,1,3449.4639907191,7852.42668204702,11256.9636365121,0.196259835911038,0.438658245014712,0.582247012336814
135,"Livonia Av (L)","Brooklyn","BK1602",0.560883056221366,FALSE,FALSE,662065,399.225558416208,5021.35571662902,6061.6507088599,25,0,0,0,0,0,0,0,0,0,2553.75859558813,3676.85715568603,3676.85715568603,0.138981510532102,0.197879264950817,0.197879264950817
136,"New Lots Av (L)","Brooklyn","BK1602",0.560883056221366,FALSE,FALSE,794709,693.381034065144,5435.61192978009,6063.86963627185,49.4103773584906,0,0,0,0,0,0,0,0,0,2375.14361522808,5412.69486287776,8068.15527374992,0.19625983591103,0.453454277912794,0.729599534429686
137,"East 105 St (L)","Brooklyn","BK0503",0.289396446117287,FALSE,FALSE,599654,420.206160801853,5519.26083942304,5986.64212112291,24.0919811320755,0,0,0,1,1,1,1,1,1,934.110672515263,2402.07144858559,5019.64734569069,0.195291717525206,0.430747902413655,0.765981634140874
138,"Canarsie-Rockaway Pkwy (L)","Brooklyn","BK1803",0.637760063994079,FALSE,FALSE,2266453,199.359692848352,5336.44491478358,5808.52091651863,42.7358490566038,2,2,2,2,2,2,2,2,2,1584.95443834611,3723.2827313027,8442.85082788544,0.195291717526111,0.43074790241556,0.844979137583785
141,"Park Pl (S)","Brooklyn","BK0802",0.90510590320526,FALSE,FALSE,422467,387.152337147551,935.254045401956,2819.92089250356,18.5141509433962,1,1,1,3,3,3,3,3,3,5224.23381912622,10548.7976772278,13256.133426928,0.195410045738965,0.404981596379923,0.512954173832729
143,"Inwood-207 St (A)","Manhattan","MN1203",1.01392764837119,FALSE,FALSE,1935075,277.762957936287,393.989445588391,1354.01930745956,43.4316037735849,13,13,13,14,14,14,14,14,14,6143.88216864705,9064.16752981042,9139.09022095248,0.177629106485659,0.302480733089802,0.422673751010304
144,"Dyckman St (A)","Manhattan","MN1202",0.645328650736314,FALSE,FALSE,1482779,192.439647511794,296.28300369192,699.352009638762,32.6179245283019,4,4,3,5,5,4,5,5,4,6265.64044404488,12042.9156955374,12801.404169201,0.196259835907477,0.435439843705969,0.643924287887765
145,"190 St (A)","Manhattan","MN1202",0.645328650736314,FALSE,FALSE,967936,226.506428308633,226.506428308633,228.162612535186,21.2382075471698,1,1,1,2,2,2,2,2,2,5031.55619482447,10677.6579796519,11896.7843028103,0.196259835911037,0.429642064333569,0.526626682592001
146,"181 St (A)","Manhattan","MN1202",0.645328650736314,FALSE,FALSE,2202062,169.329675959668,640.322410177579,1098.99453183597,39.9292452830189,4,4,3,5,5,4,6,6,5,7406.52352079519,12516.2884231319,14098.553704675,0.191684082221809,0.366336386101124,0.456373980910214
147,"175 St (A)","Manhattan","MN1201",0.677143171019652,FALSE,FALSE,2343739,139.368096560928,216.871574096482,1596.98731495951,40.7900943396226,4,4,4,7,7,7,8,8,8,7159.64027032753,14961.0694311934,19658.1003317934,0.19625983591088,0.406342411110801,0.603034658988223
149,"163 St-Amsterdam Av (C)","Manhattan","MN1201",0.677143171019652,FALSE,FALSE,938564,162.542658923476,162.542658923476,1931.44600349559,17.3820754716981,7,7,7,8,8,8,8,8,8,10606.5417500277,14920.3516989298,15612.131581518,0.194948979811435,0.345334482886891,0.401654141977201
150,"155 St (C)","Manhattan","MN0903",0.798799152703625,FALSE,FALSE,580582,130.482768914567,473.581829745172,2289.88904673493,8.84433962264151,1,1,1,2,2,2,2,2,2,6531.96388826744,10063.8921332379,10359.412340754,0.163925272833712,0.263065541906964,0.274721390089587
151,"145 St (A,C,B,D)","Manhattan","MN0903",0.798799152703625,FALSE,FALSE,5267995,277.194946635307,337.31989331571,2834.0819805851,61.4268867924528,2,2,2,4,4,4,4,4,4,8105.08356753623,18103.1872604733,19800.6686684944,0.19625983590967,0.414472285693141,0.450060180693756
152,"135 St (C,B)","Manhattan","MN0902",1.37837951254756,FALSE,FALSE,1230629,275.000942646281,643.69424670478,2660.57371936673,30.5424528301887,5,5,5,5,5,5,6,6,6,2852.85989038548,8701.5717475724,11902.3361222754,0.19625983590953,0.474670155565914,0.571301139350192
153,"125 St (A,C,B,D)","Manhattan","MN0901",0.599172878534003,FALSE,FALSE,6318735,313.783622397957,495.41550768229,1902.14059195255,65.1297169811321,25,14,25,26,15,26,27,16,27,6591.31808841048,14204.0572724141,16712.8416248046,0.196259835909747,0.463322391268192,0.552411751924613
154,"116 St (C,B)","Manhattan","MN1001",0.763300163778297,FALSE,FALSE,1540963,259.067577403829,259.067577403829,1462.88223969262,36.0731132075472,5,5,5,9,9,9,9,9,9,7649.49933643036,13119.7770398214,14259.382284514,0.196259835911048,0.397046547796014,0.435586042873086
155,"Cathedral Pkwy (110 St) (C,B)","Manhattan","MN1001",0.763300163778297,FALSE,FALSE,1872944,371.912358742604,471.94008136253,1180.09451250032,47.1933962264151,1,1,1,2,2,2,2,2,2,6849.91182272122,11520.0030767568,12051.870013791,0.19625983591109,0.368886902175701,0.393688970913066
156,"103 St (C,B)","Manhattan","MN0703",0.887211320481636,FALSE,FALSE,1117356,241.94520014304,519.381159451054,1138.04699829162,25.9433962264151,0,0,0,2,2,2,2,2,2,3809.31156988068,7606.05505550582,7830.61562716668,0.19625983591078,0.398523084318823,0.505615554287992
157,"96 St (C,B)","Manhattan","MN0702",0.790851528760514,FALSE,FALSE,2286376,339.90381081147,531.170309700798,1358.36060964366,50.1768867924528,0,0,0,1,1,1,1,1,1,5323.75038348485,11106.2236279451,11715.6531946141,0.196259835910838,0.434681647586883,0.590884072234163
158,"86 St (C,B)","Manhattan","MN0702",0.790851528760514,FALSE,FALSE,2703721,442.366145874053,729.303190753278,1167.17088992591,57.7712264150943,6,6,6,14,10,14,24,20,24,4917.05549115562,10605.6148692901,11360.8094385649,0.196259835911061,0.433599959223905,0.590216042006585
159,"81 St-Museum of Natural History (C,B)","Manhattan","MN0702",0.790851528760514,FALSE,FALSE,3484039,503.473909018846,586.702386757296,731.129935750246,80.188679245283,1,1,0,5,4,4,6,4,5,3523.46669042855,7921.78073282027,8417.33080551271,0.196259835911018,0.439546873276438,0.596877851409283
160,"72 St (C,B)","Manhattan","MN0701",0.627347480791183,FALSE,FALSE,2662312,329.457176749064,329.457176749064,329.457176749064,51.7688679245283,3,3,3,10,9,10,10,9,10,5650.40153723045,8812.10364967401,8918.86917762935,0.196259835911063,0.408894874962668,0.609518635140907
162,"50 St (C,E)","Manhattan","MN0402",0.899631311442176,FALSE,FALSE,5873923,84.484047729343,84.484047729343,910.277991089173,54.1037735849057,10,10,8,11,11,9,21,21,19,4284.6214715543,9696.3253443883,17507.0448548298,0.141606387869156,0.287520941328475,0.489228968449797
164,"34 St-Penn Station (A,C,E)","Manhattan","MN0502",1.92873430718364,TRUE,TRUE,20316282,189.691924768285,189.691924768285,1257.07409677307,64.3632075471698,10,9,7,14,12,11,19,17,16,2622.05119313042,6058.76327842639,8211.80236872724,0.166273638490092,0.331895260626758,0.422242548139493
165,"23 St (C,E)","Manhattan","MN0401",0.682041633156165,FALSE,FALSE,5127597,497.023676551253,641.891728852505,906.656010807463,71.3797169811321,7,5,6,10,8,9,14,12,13,6867.81362479899,12507.9767934643,18658.0234530447,0.159832109663257,0.302029787114248,0.474787653970638
167,"W 4 St-Wash Sq (A,C,E,B,D,F,M)","Manhattan","MN0203",1.78329038933733,TRUE,FALSE,12051684,255.950573983504,279.367987376364,871.262285253599,65.6721698113208,20,16,19,30,25,29,30,25,29,4586.27120852184,8773.78630038708,9199.28180157077,0.154996520774038,0.293995407373506,0.307317301241382
168,"Spring St (C,E)","Manhattan","MN0201",1.02389093600833,FALSE,FALSE,3773254,123.973539821505,718.529819968164,724.430728102154,48.5377358490566,8,8,7,8,8,7,9,9,8,2234.69821792646,3601.1257169395,3696.94138489759,0.154918181604242,0.219565988601773,0.223019713700348
169,"Canal St (A,C,E)","Manhattan","MN0102",1.72068802073447,TRUE,FALSE,4371789,581.168703050532,639.032504425557,639.032504425557,86.2382075471698,9,9,9,9,9,9,9,9,9,1724.49652524869,2023.03714310758,2023.03714310758,0.108460011882391,0.13042333941498,0.13042333941498
173,"High St (A,C)","Brooklyn","BK0202",1.36704605554042,FALSE,FALSE,2815547,98.6770085101976,542.310726530639,542.310726530639,42.063679245283,7,7,6,8,8,7,18,18,16,2070.43146351605,3629.2943953688,5347.3898944016,0.157016068878833,0.266153785959379,0.365035387102048
175,"Hoyt-Schermerhorn Sts (A,C,G)","Brooklyn","BK0202",1.36704605554042,FALSE,FALSE,3088382,390.768810327381,735.108565405614,1413.66295773631,58.7146226415094,3,3,3,4,4,4,4,4,4,3111.62387029442,4651.76491833126,5393.04777274826,0.138410227538154,0.211600237272405,0.244700525248545
176,"Lafayette Av (C)","Brooklyn","BK0203",1.2533838035799,FALSE,FALSE,1391564,342.745898813539,342.745898813539,2383.00398971237,37.7004716981132,1,1,1,2,2,2,2,2,2,2965.02511411362,5192.23448654981,5228.42738550928,0.130937919142108,0.220159667921147,0.221537791380179
177,"Clinton-Washington Avs (C)","Brooklyn","BK0204",1.66726026215952,TRUE,FALSE,1893810,345.37179913705,1017.92966807623,3134.38685717397,46.0849056603774,5,5,4,5,5,4,6,6,5,4395.98324886678,9793.92554218355,12143.6742964403,0.196259835911126,0.446656607098596,0.571092338044124
179,"Nostrand Av (A,C)","Brooklyn","BK0301",1.23563830007288,FALSE,FALSE,4317977,509.03958253945,1752.69227202863,3647.93505561008,84.186320754717,12,12,10,18,18,15,18,18,15,4034.37943640443,9948.8171649409,16454.3850997034,0.196259835911021,0.43844640107763,0.686566261988653
180,"Kingston-Throop Avs (C)","Brooklyn","BK0301",1.23563830007288,FALSE,FALSE,1645595,156.468300004964,2461.58072507059,4037.72554066739,33.2547169811321,0,0,0,0,0,0,2,2,2,4147.6025294226,11444.7935040124,22211.9405469529,0.196259835911079,0.502425179932248,0.910854321414427
181,"Utica Av (A,C)","Brooklyn","BK0302",0.684255274630301,FALSE,FALSE,3565894,87.510789795289,3264.33879021173,4572.28776802095,46.6627358490566,1,1,0,3,3,2,6,6,5,3645.5400267652,9704.38224804388,18989.767438893,0.196259835911026,0.502425179932235,0.925415363551505
182,"Ralph Av (C)","Brooklyn","BK1601",0.568412603127196,FALSE,FALSE,1243536,262.488200645451,4074.84763846211,5182.92540705544,29.7405660377358,1,1,1,1,1,1,1,1,1,3989.62358088341,10506.4936625105,17716.5146533205,0.196259835911007,0.497606419189496,0.810739562245638
183,"Rockaway Av (C)","Brooklyn","BK1601",0.568412603127196,FALSE,FALSE,1271955,408.598959736526,4691.45914161357,5774.73747005366,38.9033018867924,2,2,2,4,4,4,5,5,5,4157.85328633954,9140.87445256364,12699.606609271,0.196259835910998,0.416032289252157,0.575391143787395
185,"Liberty Av (C)","Brooklyn","BK0502",0.603875781783198,FALSE,FALSE,557026,955.486868488565,3917.81978476296,6747.793949891,44.7405660377358,5,5,5,5,5,5,6,6,6,1398.17048830836,2128.08130854752,2404.04503782926,0.173226022693784,0.282014714577134,0.300648819035065
186,"Van Siclen Av (C)","Brooklyn","BK0502",0.603875781783198,FALSE,FALSE,678854,587.597113422542,3732.41136246407,7163.70376905064,46.2264150943396,0,0,0,0,0,0,0,0,0,3093.63002134685,6693.59294140318,8221.3811073974,0.196259835911034,0.426564240552933,0.510552279299915
187,"Shepherd Av (C)","Brooklyn","BK0502",0.603875781783198,FALSE,FALSE,591249,491.064744097563,3171.81196889137,7983.41311216271,26.1674528301887,0,0,0,0,0,0,0,0,0,3942.12223297449,9948.92360975392,13331.8823807091,0.196259835911005,0.488296247804242,0.640424208168914
188,"Euclid Av (A,C)","Brooklyn","BK0505",0.274155719574276,FALSE,FALSE,2214913,337.39542440925,2787.04695839019,8497.18886219969,48.6438679245283,0,0,0,0,0,0,0,0,0,3828.33042609083,9049.84739220998,13799.0474389385,0.196259835911064,0.46705086828893,0.681066090288938
189,"Grant Av (A)","Brooklyn","BK0505",0.274155719574276,FALSE,FALSE,1176926,292.529899710786,2519.34269004473,8527.39371304548,30.0471698113208,2,2,2,2,2,2,2,2,2,3629.25954544859,8597.67094846969,13766.649931957,0.196259835911086,0.429285512981117,0.662180301643259
190,"80 St (A)","Queens","QN1002",0.951412748693226,FALSE,FALSE,972553,295.156810521048,2300.30665208818,8161.89381376916,25.6132075471698,4,4,4,4,4,4,4,4,4,2888.85727199163,6554.82683608105,10341.1962133152,0.196259835911055,0.432473364139503,0.694347099522145
191,"88 St (A)","Queens","QN1002",0.951412748693226,FALSE,FALSE,627420,436.300174892783,2450.98469637994,8009.38204002829,25.6132075471698,2,2,2,3,3,3,4,4,4,2549.60641781592,5664.62616350264,9273.98761568848,0.196259835911012,0.451271588296896,0.731964067035697
192,"Rockaway Blvd (A)","Queens","QN1002",0.951412748693226,FALSE,FALSE,1652598,227.813522946446,2740.49813133113,7860.47984324919,36.5801886792453,5,5,4,5,5,4,5,5,4,2412.55147670418,5131.23711161869,7967.279495278,0.196259835911002,0.425178327384096,0.67609582250196
193,"104 St (A)","Queens","QN1001",1.04274478210173,FALSE,FALSE,391387,170.955632229255,2996.20065459084,7368.87610423611,6.65094339622642,2,2,2,3,3,3,4,4,4,2796.45520714847,5062.67095514781,7103.13154416198,0.196259835911059,0.399697847630602,0.610569664801467
194,"111 St (A)","Queens","QN1001",1.04274478210173,FALSE,FALSE,468889,682.864829369736,2620.57942575844,6825.74652169013,41.5330188679245,3,3,2,3,3,2,6,6,5,3035.00837068249,6498.94923230228,10380.4833259124,0.196259835911048,0.407150141193657,0.645083547154593
195,"Ozone Park-Lefferts Blvd (A)","Queens","QN1001",1.04274478210173,FALSE,FALSE,1423018,134.969963493584,2104.98022082257,6307.85657436804,28.4669811320755,3,3,2,5,5,4,5,5,4,3502.31970360025,8345.73978552897,15967.1006330309,0.19625983591106,0.457172225938799,0.892193516944656
196,"Aqueduct Racetrack (A)","Queens","QN1001",1.04274478210173,FALSE,FALSE,173199,766.331473484348,3833.33339710881,8005.09807104762,40.2712264150943,0,0,0,0,0,0,0,0,0,1039.24899303776,2308.75890533388,4524.86200963453,0.193295914647325,0.423334857973985,0.805990957629409
197,"Aqueduct-N Conduit Av (A)","Queens","QN1002",0.951412748693226,FALSE,FALSE,184726,818.154534785615,4098.07692777014,8223.54866953245,40.6485849056604,0,0,0,0,0,0,0,0,0,972.546339896628,1999.90641827762,3478.40822831043,0.193295914647244,0.42333485797373,0.758079707671452
198,"Howard Beach-JFK Airport (A)","Queens","QN1003",0.103489612999995,FALSE,FALSE,1574997,1041.20261445437,4719.05667866347,8717.5560361419,67.8419811320755,0,0,0,0,0,0,0,0,0,567.31540336293,1410.6131706886,3030.38029042383,0.194594061280559,0.491321592753343,1.01966485340022
199,"Broad Channel (A,S)","Queens","QN1403",1.71248199807692,TRUE,FALSE,43018,917.828060494099,2670.94898762687,5749.46779668553,39.7287735849057,0,0,0,0,0,0,0,0,0,215.59150890466,447.261449476675,803.631130699843,0.132708149779368,0.275313419179068,0.516552690511467
200,"Beach 90 St (A,S)","Queens","QN1402",0.526959537550872,FALSE,FALSE,144821,315.894134724309,446.485788342642,5380.46397387528,12.6061320754717,2,2,2,2,2,2,2,2,2,1695.4338762897,3833.76285867731,6321.47626175809,0.196259835911034,0.42496283752442,0.682096014305982
201,"Beach 98 St (A,S)","Queens","QN1402",0.526959537550872,FALSE,FALSE,78851,366.771682041261,829.517509274687,6004.04049058013,14.6344339622642,1,1,1,3,3,3,3,3,3,1971.94081851791,3889.89887164171,4305.28258368422,0.188460529491096,0.388527246928897,0.430985358764678
202,"Beach 105 St (A,S)","Queens","QN1403",1.71248199807692,TRUE,FALSE,57201,292.586875577397,1427.92550352767,6628.27227846678,10.7193396226415,0,0,0,0,0,0,0,0,0,1182.46347126168,2483.84156351575,2723.47839675179,0.191329927663028,0.401900979544593,0.440675713212987
203,"Rockaway Park-Beach 116 St (A,S)","Queens","QN1403",1.71248199807692,TRUE,FALSE,134107,331.71174630008,2140.02116983123,6284.40803274882,13.1721698113208,6,6,6,8,8,8,8,8,8,1274.22264448087,3034.14846372908,4840.81282179531,0.192697502926489,0.414693956343782,0.595316817176098
204,"Beach 67 St (A)","Queens","QN1402",0.526959537550872,FALSE,FALSE,346918,392.179308468698,1366.23595043917,3937.76719162615,18.3962264150943,0,0,0,0,0,0,0,0,0,1688.45080016173,4222.70849593923,7863.24536770116,0.196259835911094,0.494584485962441,0.921269422970295
205,"Beach 60 St (A)","Queens","QN1402",0.526959537550872,FALSE,FALSE,234945,388.777614837278,2071.97146485631,3216.28796873251,17.5589622641509,0,0,0,0,0,0,0,0,0,1667.16086989481,4317.46926780932,8049.35986950021,0.196259835911018,0.48078980031,0.854850266206137
206,"Beach 44 St (A)","Queens","QN1402",0.526959537550872,FALSE,FALSE,99061,93.9403184456488,2156.28289736255,2156.28289736255,2.04009433962264,0,0,0,0,0,0,1,1,1,1644.52637460894,3751.67973824697,5978.24910933034,0.196259835911065,0.459206557574956,0.733147398469089
207,"Beach 36 St (A)","Queens","QN1401",1.97943381388832,TRUE,FALSE,106082,378.719664666059,1493.31556195312,1493.31556195312,15.625,0,0,0,0,0,0,1,1,1,1471.27635904352,3631.27401609794,5920.90801802792,0.196259835910944,0.479873141096193,0.734726764437479
208,"Beach 25 St (A)","Queens","QN1401",1.97943381388832,TRUE,FALSE,200222,540.111144615597,1119.78073994433,1119.78073994433,37.6061320754717,0,0,0,0,0,0,0,0,0,2709.67522842561,6465.97415020775,10632.098392991,0.196259835910942,0.480834836779173,0.808656194181999
209,"Far Rockaway-Mott Av (A)","Queens","QN1401",1.97943381388832,TRUE,FALSE,771878,249.693219800932,1162.24965536092,1162.24965536092,18.4551886792453,2,2,1,6,6,5,46,13,45,2714.67026487965,6958.55467671514,13826.4771090845,0.196259835910989,0.482383898527208,0.943303653882445
210,"Norwood-205 St (D)","Bronx","BX0703",0.304078277334477,FALSE,FALSE,1399996,61.0407137558347,61.0407137558347,2257.01578573501,26.1202830188679,1,1,1,1,1,1,1,1,1,4467.68971393585,11512.6365002049,18779.6707058026,0.196259835911037,0.486266416011335,0.818931769085093
211,"Bedford Park Blvd (B,D)","Bronx","BX0702",0.776149771718753,FALSE,FALSE,1399414,363.271610097769,748.755842736919,2439.27682602914,39.4811320754717,0,0,0,2,2,2,3,3,3,5907.37416504161,12389.1432024804,16938.797745431,0.157219898982289,0.334626659344803,0.457463326746317
212,"Kingsbridge Rd (B,D)","Bronx","BX0702",0.776149771718753,FALSE,FALSE,1352829,237.450537215175,450.838122360008,3043.6386576363,31.4268867924528,4,4,1,5,5,2,5,5,2,8179.73988954789,16095.8813134201,21492.35335369,0.172354439816249,0.367095168089256,0.545996449172073
213,"Fordham Rd (B,D)","Bronx","BX0503",0.724364867481836,FALSE,FALSE,1917479,331.901976344764,331.901976344764,2420.92153493783,46.061320754717,4,4,4,6,6,6,7,7,7,6176.30553277544,12361.3956714564,16865.9388970267,0.172858850939469,0.334118481512265,0.474331377713578
214,"182-183 Sts (B,D)","Bronx","BX0503",0.724364867481836,FALSE,FALSE,975287,244.169270454314,738.328162965264,1894.17873817232,22.8891509433962,1,1,1,1,1,1,1,1,1,8531.89025082054,16204.5119314627,21023.1738333073,0.18107915425742,0.354059090400553,0.519304877965328
215,"Tremont Av (B,D)","Bronx","BX0502",0.546446536437994,FALSE,FALSE,1772833,279.569092033786,820.380572065797,1476.68429037111,41.061320754717,2,2,2,4,4,4,4,4,4,8417.4214354453,16231.1088521224,20508.6082244509,0.185521342359331,0.357316991741512,0.52713824170857
216,"174-175 Sts (B,D)","Bronx","BX0502",0.546446536437994,FALSE,FALSE,946797,209.913632351738,209.913632351738,877.952967769336,20.2830188679245,1,1,0,2,2,1,4,4,3,7108.23759318585,12219.7309671823,14438.7115706203,0.164442134721008,0.29035088287769,0.420180029861847
217,"170 St (B,D)","Bronx","BX0403",0.637748685408992,FALSE,FALSE,1189146,394.471967452256,394.471967452256,394.471967452256,36.627358490566,2,2,2,2,2,2,2,2,2,8829.89993924898,16529.104963813,20784.0478743307,0.182932207245406,0.366512267059614,0.568221793776512
218,"167 St (B,D)","Bronx","BX0401",0.899342485336271,FALSE,FALSE,1725697,413.932103139209,635.005936058583,754.058290083458,47.5707547169811,3,3,3,5,5,5,6,6,6,8828.78048342837,18513.665291842,27765.3555327561,0.171778483292207,0.367846449606661,0.590163812202374
220,"155 St (B,D)","Manhattan","MN1002",0.839343219404944,FALSE,FALSE,607131,199.395486271292,507.142791678739,2074.46651393486,12.936320754717,1,1,1,1,1,1,1,1,1,6223.08022063172,11116.7774527611,13276.337420498,0.16458387469232,0.294217634256015,0.386784382814421
221,"21 St-Queensbridge (M)","Queens","QN0105",0.298642690097429,FALSE,FALSE,2842357,136.45554732621,136.45554732621,1556.53366558216,43.6674528301887,1,1,1,1,1,1,2,2,2,4191.40740756502,7195.80505935597,9648.74200493508,0.193565166930222,0.424216169380333,0.745423646857712
222,"Roosevelt Island (M)","Manhattan","MN0801",0.63107427932149,FALSE,FALSE,2278718,478.671413416762,478.671413416762,571.688768721129,56.3207547169811,1,1,0,1,1,0,2,2,1,1487.5787660832,3939.17648120845,11237.4697271657,0.0950455747105442,0.200868599398676,0.553908855448181
223,"Lexington Av/63 St (M,Q)","Manhattan","MN0802",0.796366213218585,FALSE,FALSE,4605501,386.718100350534,554.75267925674,705.647263383985,66.2264150943396,5,5,5,8,8,8,14,12,14,3846.7838331087,7121.71336619856,10348.5244228684,0.15433246547159,0.253086390358951,0.329624185847125
224,"57 St (M)","Manhattan","MN0502",1.92873430718364,TRUE,TRUE,3816579,350.765800268635,351.904832292056,351.904832292056,60,7,7,5,7,7,5,7,7,5,2405.26678175364,2477.34969845436,2477.34969845436,0.141661996544248,0.16884042301661,0.170017961494077
225,"47-50 Sts-Rockefeller Ctr (B,D,F,M)","Manhattan","MN0502",1.92873430718364,TRUE,TRUE,13575901,371.772650678232,371.772650678232,371.772650678232,72.8891509433962,4,3,2,6,4,4,6,4,4,1350.50315145708,1608.24064187222,1611.31322938941,0.161822866939682,0.232769242983227,0.23948303304448
228,"23 St (F,M)","Manhattan","MN0501",0.696787909162235,FALSE,FALSE,6346453,270.800466432519,454.889710562755,755.22787160729,62.936320754717,6,6,6,6,6,6,6,6,6,4005.60402409431,4539.59300988776,4540.78349782912,0.139019155788103,0.158925899595205,0.158970836579438
231,"Grand St (B,D)","Manhattan","MN0302",0.862349755240968,FALSE,FALSE,6023472,87.5500532868096,593.929514623323,1611.45787111005,54.5047169811321,3,3,3,5,5,5,6,6,6,5090.65987995066,7869.7570699486,8794.70440184308,0.152195730362337,0.233453743306195,0.261339098997383
232,"2 Av (F)","Manhattan","MN0303",0.734710220845332,FALSE,FALSE,4577098,150.655560360167,492.507259074127,1449.18514556572,53.8207547169811,9,7,7,10,8,8,10,8,8,6772.05687509673,12115.003877167,16466.2083153998,0.19548211303593,0.347356309397453,0.467464411158336
234,"East Broadway (F)","Manhattan","MN0301",1.81553961897821,TRUE,FALSE,3851534,161.11811143223,161.11811143223,1298.64578079096,50.436320754717,6,6,5,13,13,12,16,16,15,7993.31850257181,16925.4827432,26528.3735810589,0.196259835908922,0.4279040801532,0.705482648658112
235,"York St (F)","Brooklyn","BK0202",1.36704605554042,FALSE,FALSE,3871062,126.523764877691,729.648411574955,729.648411574955,49.5047169811321,1,1,0,3,3,2,5,5,4,2409.26397467797,5445.87452907998,9364.36093574822,0.18498233218053,0.400987187289164,0.671084473725596
236,"Bergen St (F,G)","Brooklyn","BK0202",1.36704605554042,FALSE,FALSE,2970345,305.047896137914,1115.89221286029,1115.89221286029,52.8066037735849,4,4,4,8,8,7,12,12,11,4315.36515224096,9836.39427158218,14771.9870579718,0.196259835911007,0.448042113577316,0.66102687822577
237,"Carroll St (F,G)","Brooklyn","BK0601",1.22603352395057,FALSE,FALSE,3020242,66.7324432236235,1471.37814197143,1471.37814197143,43.0188679245283,5,5,4,9,9,8,10,10,9,3412.36686548697,9122.14257819795,15742.9498905048,0.196259835911014,0.49163953244918,0.806551353583625
238,"Smith-9 Sts (F,G)","Brooklyn","BK0601",1.22603352395057,FALSE,FALSE,1065545,815.45586828061,1858.77795177793,2174.89999992259,56.5212264150943,0,0,0,1,1,1,3,3,3,895.454558922094,3187.56600285827,5378.27492582973,0.196259835911068,0.476395949192347,0.75682137954169
240,"7 Av (F,G)","Brooklyn","BK0602",0.954756164382297,FALSE,FALSE,3003412,344.692356260189,1158.30298644805,1870.41996465944,54.7995283018868,1,1,1,3,3,3,4,4,4,4667.67502069984,11272.8635513355,17852.5221403666,0.196259835911045,0.480808832761378,0.838225440540593
241,"15 St-Prospect Park (F,G)","Brooklyn","BK0701",1.63515272457257,TRUE,FALSE,1477617,412.22246706365,1276.97718744128,1276.97718744128,43.9740566037736,3,3,1,3,3,1,5,5,3,3312.91569886347,7954.49831023122,13075.4234906902,0.19625983590921,0.480808832759385,0.92591804380189
242,"Fort Hamilton Pkwy (F,G)","Brooklyn","BK0701",1.63515272457257,TRUE,FALSE,1434367,77.6260447129429,470.190465516796,470.190465516796,27.4646226415094,2,2,1,3,3,2,4,4,3,3107.3841442243,7277.15319531476,11896.1088657855,0.196259835911041,0.502425179930102,0.980576477773782
243,"Church Av (F,G)","Brooklyn","BK1203",1.10777315823882,FALSE,FALSE,2243040,232.799348904028,1130.76277956,1130.76277956,43.4433962264151,1,1,1,4,4,4,7,7,7,4161.37825397188,11052.7620396948,19125.7001615996,0.196259835911137,0.502425179932274,0.928729250456762
244,"Ditmas Av (F)","Brooklyn","BK1203",1.10777315823882,FALSE,FALSE,861184,380.308039145471,1810.31476709708,1810.31476709708,27.3466981132075,0,0,0,4,4,4,6,6,6,4244.01022517016,11603.9590085304,21855.3687422593,0.196259835911072,0.492041892379492,0.880801068489153
245,"18 Av (F)","Brooklyn","BK1402",0.943971159409082,FALSE,FALSE,799512,215.455194093553,2455.70634627222,2455.70634627222,17.688679245283,0,0,0,0,0,0,3,3,3,4371.35754467707,9321.75567028922,14701.6233985714,0.196219128314128,0.426057968733018,0.69118583732292
246,"Avenue I (F)","Brooklyn","BK1204",0.556221985185929,FALSE,FALSE,347315,666.64439855553,2923.85793004587,2923.85793004587,40.1415094339623,0,0,0,0,0,0,3,3,3,2994.63973480211,5855.26780097992,8351.7148364559,0.19621912831412,0.374525526096832,0.586335335638053
247,"Bay Pkwy (F)","Brooklyn","BK1204",0.556221985185929,FALSE,FALSE,244162,361.602182589687,3413.01016470105,3413.01016470105,15.872641509434,0,0,0,0,0,0,1,1,1,1389.5252394715,3031.53776018302,4915.79297042071,0.196259835911025,0.4123749890982,0.592884335630968
248,"Avenue N (F)","Brooklyn","BK1204",0.556221985185929,FALSE,FALSE,602095,433.956237812786,3205.8230864528,3205.8230864528,24.5283018867925,0,0,0,1,1,1,2,2,2,2684.92796481151,6872.03541545851,9282.7159792724,0.196259835911082,0.454995906294092,0.625347801722725
249,"Avenue P (F)","Brooklyn","BK1204",0.556221985185929,FALSE,FALSE,569103,313.98288086082,2752.5950232716,2855.9598835277,17.3584905660377,0,0,0,2,2,2,2,2,2,3784.1877002199,9012.45210930807,11584.703385987,0.196259835910717,0.461932330636215,0.637505659926473
250,"Kings Hwy (F)","Brooklyn","BK1501",0.626138899819381,FALSE,FALSE,719498,228.934984986307,2367.06822416639,2622.11686589739,16.9693396226415,0,0,0,0,0,0,0,0,0,2624.94421002069,6170.54654341191,8724.46432573261,0.196259835911057,0.459048737189494,0.653571018679238
251,"Avenue U (F)","Brooklyn","BK1501",0.626138899819381,FALSE,FALSE,436382,574.786340292035,1922.01219214804,2379.47828188363,40.0117924528302,0,0,0,0,0,0,0,0,0,2565.17764532203,5553.61666568994,8642.0779449198,0.196259835910716,0.400289437898923,0.578913137917462
252,"Avenue X (F)","Brooklyn","BK1301",0.591096035442869,FALSE,FALSE,566142,1264.15937743196,1752.61401909044,1984.30496718263,45.5188679245283,2,2,2,2,2,2,3,3,3,2241.80281621648,5272.28236457572,9803.28913226706,0.195445825257129,0.426765283342477,0.681025484341795
253,"Neptune Av (F)","Brooklyn","BK1302",0.782908898033763,FALSE,FALSE,340424,577.505700386152,1143.60296448803,1143.60296448803,38.9150943396226,0,0,0,0,0,0,0,0,0,2243.19445808895,5991.4404152132,9006.82733362029,0.196259835910927,0.439832628917662,0.677914903309354
254,"Jamaica-179 St (F)","Queens","QN1201",1.17905168442154,FALSE,FALSE,4132660,968.496919592378,1059.97879036462,1718.41796202896,87.5353773584906,6,6,6,10,10,10,13,13,13,3405.85866758044,8493.88923128862,14862.7830782297,0.196259835910765,0.502425179931249,1.03343825664622
255,"169 St (F)","Queens","QN1201",1.17905168442154,FALSE,FALSE,1796908,301.615525593824,301.615525593824,2461.45777027803,42.5825471698113,0,0,0,1,1,1,5,5,5,4416.4075696243,10961.2813914326,17213.2772478949,0.196259835909992,0.502425179930569,0.942082027992686
256,"Parsons Blvd (F)","Queens","QN1201",1.17905168442154,FALSE,FALSE,1630160,469.215111984098,731.899441147662,3306.20684531078,47.877358490566,2,2,2,3,3,3,3,3,3,4224.38675653382,9591.31768744294,12877.9175207116,0.196259835911022,0.453754099808745,0.673799223340553
257,"Sutphin Blvd (F)","Queens","QN1201",1.17905168442154,FALSE,FALSE,1013150,661.104303396785,675.4409346173,3952.13047959511,53.8089622641509,4,4,3,6,6,5,6,6,5,4466.44244841258,8520.81113157883,10366.6108682674,0.196259835910979,0.412566513588866,0.534519303182016
258,"Briarwood (E,F)","Queens","QN0901",1.07968052610031,FALSE,FALSE,1183353,134.453651121309,1471.39241969524,4492.33774460612,22.4646226415094,1,1,1,1,1,1,2,2,2,1517.52846140878,4434.55915835171,11244.4697756525,0.196259835911029,0.502411364160057,0.941998092288938
259,"Kew Gardens-Union Tpke (E,F)","Queens","QN0602",0.670052297168256,FALSE,FALSE,5251436,527.867760099331,2514.23543925273,4180.42683978731,87.4056603773585,4,4,2,8,8,6,8,8,6,2414.06603546898,5476.86725000847,8696.18258035103,0.196259835911003,0.486707788176909,0.926300470327636
260,"75 Av (E,F)","Queens","QN0602",0.670052297168256,FALSE,FALSE,785198,283.404131227827,3063.10470294763,3684.95788997098,20.9198113207547,1,1,1,2,2,2,2,2,2,5402.38076424196,9402.36875289796,10874.536939882,0.196259835911018,0.476138379502173,0.789205136921605
261,"Forest Hills-71 Av (E,F,M,R)","Queens","QN0602",0.670052297168256,FALSE,FALSE,6375818,137.160615814809,2946.98769831076,3325.65550611379,56.9457547169811,8,8,7,9,9,8,10,10,9,3721.5152331163,8807.10877673585,14197.1652164544,0.196259835911047,0.491855771257483,0.87532776646903
262,"67 Av (M,R)","Queens","QN0602",0.670052297168256,FALSE,FALSE,1845040,300.038568728493,2701.29448543411,2966.35926007997,43.0306603773585,2,2,2,3,3,3,6,6,6,7961.07867117377,19500.7062537465,29819.3360846696,0.196259835911036,0.50242517993219,0.931515150294316
263,"63 Dr-Rego Park (M,R)","Queens","QN0601",0.510498842154356,FALSE,FALSE,3261027,372.318857259285,2200.84087893698,3009.39976412411,58.0070754716981,3,3,2,3,3,2,3,3,2,4717.00878312078,12352.0068326923,20120.1172335368,0.196259835911029,0.496197142045897,0.870745927524242
264,"Woodhaven Blvd (M,R)","Queens","QN0401",1.20541273317044,FALSE,FALSE,4524888,192.256558058301,1919.80937240362,3195.19383069799,55.3419811320755,0,0,0,2,2,2,4,4,4,3322.36990471706,8392.05065909363,17925.6065500276,0.196259835911086,0.496197142045938,0.856067526184277
265,"Grand Av-Newtown (M,R)","Queens","QN0401",1.20541273317044,FALSE,FALSE,4531553,175.143265617109,1866.95732153083,3374.77947442616,54.7169811320755,2,2,0,5,5,3,5,5,3,3984.77589173592,9889.79991007937,16681.9380473805,0.196259835911029,0.494345515581619,0.850557992669163
266,"Elmhurst Av (M,R)","Queens","QN0401",1.20541273317044,FALSE,FALSE,3256579,34.5427773825515,1821.53300326089,3037.20547033139,43.3372641509434,14,14,14,23,23,22,25,25,24,9261.29351671569,19444.2485313438,25249.9818126492,0.196259835911054,0.456791612087719,0.674572167689216
268,"65 St (M,R)","Queens","QN0203",1.70571758332386,TRUE,FALSE,880975,143.853997832015,3024.41052477724,3449.91612394132,15.8608490566038,9,9,9,11,11,11,12,12,12,4085.47117074291,7615.34635605026,10876.9567087498,0.187484579880361,0.372265429649264,0.530722850010196
269,"Northern Blvd (M,R)","Queens","QN0203",1.70571758332386,TRUE,FALSE,1619525,713.6656520244,3226.04555064658,3819.64589581835,66.933962264151,0,0,0,0,0,0,4,4,4,2099.0321621265,5197.19330345404,7274.66663561006,0.196259835911082,0.486650381062372,0.758697351386801
270,"46 St (M,R)","Queens","QN0104",2.81518212285938,TRUE,TRUE,1913413,510.851856987769,2603.68038960829,3956.79055009589,68.938679245283,2,1,2,3,2,3,4,3,4,3438.12371514586,7787.00485825735,11675.252272621,0.196259835911023,0.465315313779701,0.766537297657745
271,"Steinway St (M,R)","Queens","QN0104",2.81518212285938,TRUE,TRUE,2989535,256.666867181546,1985.09557053459,3328.03750039233,49.8820754716981,1,1,1,13,12,12,14,13,13,3376.54444867575,8055.4831534807,9579.88924113046,0.196259835911047,0.45141479365596,0.615136715321902
272,"36 St (M,R)","Queens","QN0105",0.298642690097429,FALSE,FALSE,873051,748.017600137959,1334.46651281053,2757.48067518798,51.2971698113208,1,1,1,1,1,1,1,1,1,736.744102470943,1199.95692689717,1379.58652660596,0.177528316175049,0.351931610361219,0.489315656309184
273,"Queens Plaza (E,F,R)","Queens","QN0105",0.298642690097429,FALSE,FALSE,4201798,881.780085948615,881.780085948615,2237.1223129021,87.8655660377358,1,1,1,1,1,1,1,1,1,3071.24319076084,4324.14694265558,4394.12007082377,0.169786490435216,0.318698861254307,0.376141216193372
276,"5 Av/53 St (E,F)","Manhattan","MN0502",1.92873430718364,TRUE,TRUE,4185585,128.755700400282,128.755700400282,128.755700400282,50.6132075471698,1,1,0,2,2,1,2,2,1,611.858974939601,932.092220409629,936.241397563203,0.193873573915162,0.284786750768581,0.293852954474675
277,"7 Av (E,B,D)","Manhattan","MN0502",1.92873430718364,TRUE,TRUE,4534161,426.354021820287,453.528839421739,619.973688915725,67.7122641509434,5,4,4,5,4,4,5,4,4,2119.46140223758,2211.65268195817,2211.65268195817,0.1012297864653,0.110066578216989,0.110066578216989
278,"Jamaica Center-Parsons/Archer (E,J,Z)","Queens","QN1201",1.17905168442154,FALSE,FALSE,6890598,234.344980531503,687.778491076632,3558.29931299995,62.4646226415094,4,4,4,9,9,9,9,9,9,2509.42131974943,5230.73928508326,7247.92757906932,0.196259835910996,0.439882588296269,0.728570419385705
279,"Sutphin Blvd-Archer Av-JFK Airport (E,J,Z)","Queens","QN1201",1.17905168442154,FALSE,FALSE,7311657,108.317239649164,108.317239649164,4105.68219404514,57.5,3,3,3,14,9,14,16,11,16,2188.3889366758,4982.0753183988,6827.10209278763,0.196259835911,0.431310614821383,0.652089896493505
280,"Jamaica-Van Wyck (E)","Queens","QN0901",1.07968052610031,FALSE,FALSE,1148213,453.533069655752,776.69317422343,4563.08912027268,37.1816037735849,2,2,1,6,6,5,6,6,5,1992.93874667145,4669.77501133566,6713.90040032165,0.196259835911051,0.46845270645737,0.702717572568321
282,"21 St (G)","Queens","QN0201",0.479788815326291,FALSE,FALSE,501057,361.605241092184,1298.68126826053,1897.45415923127,17.9127358490566,0,0,0,0,0,0,2,2,2,1902.78088246277,2950.66889810345,3472.7570114301,0.137240339876323,0.21004185373771,0.27236925590956
283,"Greenpoint Av (G)","Brooklyn","BK0101",0.854743050300947,FALSE,FALSE,2797497,393.794058256849,1059.34117558235,1059.34117558235,56.6627358490566,3,3,3,6,6,6,11,11,11,4005.89370646583,9083.5299964808,15247.6064381428,0.196259835911015,0.502168671797692,1.00229433302783
284,"Nassau Av (G)","Brooklyn","BK0101",0.854743050300947,FALSE,FALSE,2647101,163.108674584832,292.707499835738,292.707499835738,43.1957547169811,0,0,0,4,4,4,8,8,8,2989.90706780744,7870.51804920383,14489.0120084316,0.19625983591108,0.502168671797283,0.935071796964442
286,"Broadway (G)","Brooklyn","BK0104",1.18997767271809,FALSE,FALSE,1190734,264.089791081576,827.233561785034,1708.38032286635,28.9268867924528,0,0,0,0,0,0,0,0,0,3865.43450611381,6321.43776374516,7264.30276280834,0.144894205157647,0.238017890130385,0.27711755117393
287,"Flushing Av (G)","Brooklyn","BK0103",0.232171853631506,FALSE,FALSE,755553,359.370384373948,1237.75520986039,2124.74507031927,24.3278301886792,0,0,0,0,0,0,0,0,0,8110.88940328716,15781.9748667819,21655.3161920079,0.193130609268605,0.393757193395144,0.540460044958717
288,"Myrtle-Willoughby Avs (G)","Brooklyn","BK0301",1.23563830007288,FALSE,FALSE,1268340,197.981599324937,1836.37128097269,2691.42615038733,27.6768867924528,1,1,1,3,3,3,6,6,6,5180.15542088945,12909.4582257195,20557.5597836632,0.196259835911097,0.459385611668465,0.708309371344081
289,"Bedford-Nostrand Avs (G)","Brooklyn","BK0301",1.23563830007288,FALSE,FALSE,2243069,291.660671040009,2108.5782596291,2989.68732477096,46.8278301886793,16,5,14,17,6,15,20,9,18,4985.76193193799,11502.2564470321,17493.9943849694,0.196259835911071,0.435223294134494,0.655172466579316
290,"Classon Av (G)","Brooklyn","BK0204",1.66726026215952,TRUE,FALSE,1341975,366.980212229598,1552.409817643,2902.54013240809,38.1839622641509,1,1,1,6,6,6,8,8,8,5634.40651031383,11479.7818889776,15833.2779890985,0.196259835911022,0.41312105509723,0.571683442355613
291,"Clinton-Washington Avs (G)","Brooklyn","BK0204",1.66726026215952,TRUE,FALSE,1430633,54.9261027162412,982.020729986298,2894.1860057766,26.6509433962264,8,8,6,9,9,7,9,9,7,4428.38344055822,9048.73360570526,12684.1546100177,0.196259835911058,0.382352027802,0.52658790589492
292,"Fulton St (G)","Brooklyn","BK0203",1.2533838035799,FALSE,FALSE,1616716,272.449917669432,313.763028398442,2234.62208818149,37.5235849056604,3,3,3,4,4,4,4,4,4,2804.28921483851,3751.21650360225,4474.58569083213,0.126540624241938,0.199920096170915,0.279426072820153
293,"Van Cortlandt Park-242 St (1)","Bronx","BX0802",1.44139634079466,FALSE,FALSE,1366783,75.7673534729102,713.834671480143,1488.97293800822,25.4245283018868,1,1,0,1,1,0,1,1,0,940.223851924943,1884.02817582638,2867.85196306622,0.196259835910958,0.450634739078195,0.880109619621054
294,"238 St (1)","Bronx","BX0802",1.44139634079466,FALSE,FALSE,1045048,391.610612849787,551.158802657691,1917.44617542194,33.0542452830189,2,1,2,2,1,2,4,3,4,2781.45435333952,7934.72070586839,13735.3353709562,0.196259835910901,0.442351914984211,0.722264093112828
295,"231 St (1)","Bronx","BX0802",1.44139634079466,FALSE,FALSE,1988125,289.406832140535,317.894432984321,2589.34259231801,44.5047169811321,1,1,1,3,3,3,4,4,4,3968.97844660569,10400.3007848955,17409.2426417562,0.196259835911,0.467223636151254,0.770518939112948
296,"Marble Hill-225 St (1)","Manhattan","BX0802",1.44139634079466,FALSE,FALSE,1086979,383.776572641512,705.803327558143,2466.21797312746,33.3608490566038,2,2,1,3,2,2,3,2,2,5046.86873283869,9587.72079297879,14404.8954255116,0.158433226869021,0.390757764387527,0.660708629439873
297,"215 St (1)","Manhattan","MN1203",1.01392764837119,FALSE,FALSE,537826,524.891972515788,812.261003601723,1761.02163287133,40.2240566037736,1,1,1,2,1,2,3,2,3,3393.35355186142,5392.8332680126,6395.81519595311,0.188722589014412,0.374145717318286,0.494954683149793
298,"207 St (1)","Manhattan","MN1203",1.01392764837119,FALSE,FALSE,1387238,532.90866863655,532.90866863655,1250.65868646737,60.5778301886792,0,0,0,0,0,0,0,0,0,5018.33008700326,8203.66531806072,9075.21061708865,0.185129550352083,0.343648214719531,0.438516563735768
299,"Dyckman St (1)","Manhattan","MN1202",0.645328650736314,FALSE,FALSE,1674196,425.435491088504,609.308848050746,609.308848050746,47.3584905660377,2,2,2,2,2,2,2,2,2,6331.23259054872,13520.9725650108,13931.4145397365,0.196259835909855,0.419261247957946,0.489206551844822
300,"191 St (1)","Manhattan","MN1202",0.645328650736314,FALSE,FALSE,1748269,325.661213619144,677.365410347831,677.365410347831,42.9599056603774,9,9,7,11,11,9,11,11,9,9088.73934926829,17888.0038072052,18930.9017572087,0.19625983591105,0.434848357745627,0.551093153736954
301,"181 St (1)","Manhattan","MN1202",0.645328650736314,FALSE,FALSE,2489196,182.292826815098,543.887010701685,1252.71867608164,43.2075471698113,1,1,1,3,3,3,3,3,3,9032.92639563443,17508.4917115771,20223.5879943476,0.19168408222176,0.382109043008327,0.55073466327614
303,"157 St (1)","Manhattan","MN1201",0.677143171019652,FALSE,FALSE,2420316,380.934647622042,440.496526382755,2397.38950832542,53.0188679245283,1,0,1,1,0,1,3,2,3,8578.27287709328,14216.2897550386,18335.7558127317,0.194290377952228,0.366567049309585,0.522627877874226
304,"145 St (1)","Manhattan","MN0903",0.798799152703625,FALSE,FALSE,2190118,218.658233811809,218.658233811809,3156.50026829673,41.9457547169811,8,8,6,12,12,10,15,15,13,6826.11727393146,14085.9801287346,17306.6934359308,0.196259835910998,0.408008578399973,0.512275727339815
305,"137 St-City College (1)","Manhattan","MN0902",1.37837951254756,FALSE,FALSE,2784625,225.030482160084,626.83358055358,2649.24745810125,46.6509433962264,10,9,9,10,9,9,11,10,10,7969.51429036368,16918.515978333,21342.106167898,0.19625983591107,0.441789711528366,0.549903773137117
306,"125 St (1)","Manhattan","MN0901",0.599172878534003,FALSE,FALSE,2115489,202.08685180236,229.264631565136,1840.45775669877,41.1320754716981,2,2,1,5,4,4,5,4,4,4722.68936294554,12346.9548619121,17159.0707196338,0.196259835911002,0.491408424631974,0.675753383687012
307,"116 St-Columbia University (1)","Manhattan","MN0901",0.599172878534003,FALSE,FALSE,3442824,184.369825589833,870.57332979118,870.57332979118,49.6698113207547,3,3,2,4,4,3,4,4,3,4799.40791262407,10857.5281232084,15036.4842915268,0.195084129375974,0.429837284744941,0.590365819329383
308,"Cathedral Pkwy (110 St) (1)","Manhattan","MN0703",0.887211320481636,FALSE,FALSE,3081761,297.952718018729,453.123010653678,453.123010653678,53.3254716981132,11,8,10,15,11,14,15,11,14,7261.37264448578,13451.2880250616,14935.9891098033,0.195084129376061,0.370304555342249,0.41548568491767
309,"103 St (1)","Manhattan","MN0703",0.887211320481636,FALSE,FALSE,3004952,183.825057491813,401.052076052834,457.77696138153,46.9221698113208,14,10,11,16,12,13,20,16,17,7546.72084202651,16579.6396297466,20891.6172631315,0.196259835910975,0.414924413718413,0.517396954551391
310,"96 St (1,2,3)","Manhattan","MN0702",0.790851528760514,FALSE,FALSE,8784987,381.095138242305,453.444915409983,962.341522938185,71.7570754716981,6,5,6,11,9,11,11,9,11,8637.7967820574,20816.6603252939,27033.6398911165,0.196259835910975,0.455455972275534,0.597001338170995
311,"86 St (1)","Manhattan","MN0702",0.790851528760514,FALSE,FALSE,4400533,434.65136388669,434.65136388669,1590.05778950432,67.0990566037736,5,4,5,14,11,14,15,12,15,9046.28329252906,20148.0065992958,25413.6367126019,0.196259835911053,0.434511774333538,0.549604447464984
312,"79 St (1)","Manhattan","MN0702",0.790851528760514,FALSE,FALSE,3858793,231.239537809406,231.239537809406,1295.57962287733,54.1391509433962,11,9,10,16,14,15,16,14,15,6974.11643382406,15009.5562268214,18747.8285964182,0.19625983591105,0.430051102514311,0.544874744429729
313,"72 St (1,2,3)","Manhattan","MN0701",0.627347480791183,FALSE,FALSE,10124348,472.742845584267,514.888036131577,778.7581463428,75.872641509434,20,13,16,25,18,21,27,20,23,10755.1181615294,20215.7103797511,27606.5120754713,0.196259835911015,0.390737776875686,0.54953301270423
314,"66 St-Lincoln Center (1)","Manhattan","MN0701",0.627347480791183,FALSE,FALSE,5103336,72.6627957804028,72.6627957804028,262.706179462736,52.1933962264151,5,4,4,5,4,4,5,4,4,8734.73731750678,15245.2256279287,20169.5323802678,0.196259835911011,0.36868007610575,0.506459006195944
316,"50 St (1)","Manhattan","MN0502",1.92873430718364,TRUE,TRUE,6493904,267.362936092883,267.362936092883,712.690166565691,63.4080188679245,4,4,3,4,4,3,4,4,3,1105.61900886947,1105.61900886947,1105.61900886947,0.0585885955865178,0.0585885955865178,0.0585885955865178
318,"34 St-Penn Station (1,2,3)","Manhattan","MN0501",0.696787909162235,FALSE,FALSE,18183255,214.224107189552,214.224107189552,1090.95969760482,65.4599056603774,3,2,2,3,2,2,3,2,2,989.3166825491,1026.81918988607,1026.81918988607,0.124272543118687,0.13869161004826,0.13869161004826
319,"28 St (1)","Manhattan","MN0501",0.696787909162235,FALSE,FALSE,3299675,375.031860484006,375.031860484006,1230.64017396256,58.6084905660377,6,6,5,6,6,5,6,6,5,3646.3810484383,4309.46222483874,4329.11398970724,0.165417191043445,0.193929112532834,0.194625950030278
320,"23 St (1)","Manhattan","MN0401",0.682041633156165,FALSE,FALSE,3422076,445.147716589365,728.26790972898,977.04354422629,62.6179245283019,9,5,7,9,5,7,9,5,7,3912.51180555199,3938.30596884263,3938.30596884263,0.111011800759338,0.111805612118546,0.111805612118546
321,"18 St (1)","Manhattan","MN0401",0.682041633156165,FALSE,FALSE,1854074,386.248524127958,718.826836619415,844.393163792108,47.7712264150943,4,4,4,4,4,4,4,4,4,5132.75051899188,5925.7606821223,5925.7606821223,0.151661835935168,0.176945595299146,0.176945595299146
323,"Christopher St-Stonewall (1)","Manhattan","MN0203",1.78329038933733,TRUE,FALSE,3310724,343.803585208883,343.803585208883,667.512905215021,56.8632075471698,9,9,7,11,11,9,15,15,13,4924.11789484822,9237.02620114773,12023.8368117548,0.154996520774068,0.306360443078266,0.435646134268137
324,"Houston St (1)","Manhattan","MN0201",1.02389093600833,FALSE,FALSE,3589906,193.127576774938,532.083360494741,532.083360494741,50.9905660377359,8,8,4,15,15,11,16,16,12,2770.37743158877,5035.06768374726,6549.26032515136,0.160744190166655,0.306982406050689,0.441726315290294
325,"Canal St (1)","Manhattan","MN0201",1.02389093600833,FALSE,FALSE,1323729,443.787789479157,632.130102828733,632.130102828733,41.1910377358491,4,4,4,6,6,6,6,6,6,1947.53176898982,3342.11373936989,4306.14986672111,0.150092619798326,0.246357796955769,0.312622650149166
326,"Franklin St (1)","Manhattan","MN0102",1.72068802073447,TRUE,FALSE,1496561,439.33396138736,495.260062631883,495.260062631883,45.3419811320755,3,3,3,6,6,6,6,6,6,2588.89815475822,4029.20036184143,4845.26282161847,0.149016327533366,0.232522346317978,0.27989964574516
327,"Chambers St (1,2,3)","Manhattan","MN0102",1.72068802073447,TRUE,FALSE,4280084,241.07508389113,241.07508389113,572.845213312902,56.0259433962264,5,5,5,7,7,7,7,7,7,3987.98836285128,5935.25581096902,7674.13824708966,0.156234040962272,0.242461033963237,0.316024006343486
328,"WTC Cortlandt (1)","Manhattan","MN0101",0.553449068501232,FALSE,FALSE,4397741,298.762572494293,298.762572494293,899.844087828529,60.1768867924528,2,2,2,3,3,3,3,3,3,2909.40208854554,5791.36387570204,7845.99330400883,0.151912396909367,0.247076075799788,0.316415608842919
329,"Rector St (1)","Manhattan","MN0101",0.553449068501232,FALSE,FALSE,1864470,464.625014828131,519.575873258981,741.881494012978,51.0966981132076,2,2,1,4,4,3,4,4,3,2376.61808173787,5707.85906294065,6798.80711067513,0.0959654443705868,0.17131961503653,0.19552946198862
333,"Wall St (2,3)","Manhattan","MN0101",0.553449068501232,FALSE,FALSE,4509256,347.984834957126,347.984834957126,347.984834957126,62.9599056603774,23,15,23,24,16,24,25,17,25,4833.59966154662,8453.50090202375,10690.7856367723,0.120024869835159,0.214389116581562,0.277991058356534
334,"Clark St (2,3)","Brooklyn","BK0201",2.11184052950501,TRUE,FALSE,1724293,237.024828566291,605.070631200029,605.070631200029,37.877358490566,1,1,0,3,3,2,3,3,2,5260.0313351632,8980.21803402197,12973.3307443083,0.168293572609367,0.308258199891999,0.466629309412359
336,"Hoyt St (2,3)","Brooklyn","BK0202",1.36704605554042,FALSE,FALSE,1873248,545.98972095019,883.536561991513,1347.81844758719,68.997641509434,2,2,2,2,2,2,2,2,2,2428.62750435283,2592.3150134571,2592.3150134571,0.0822390005323879,0.0890565217543614,0.0890565217543614
337,"Nevins St (2,3,4,5)","Brooklyn","BK0203",1.2533838035799,FALSE,FALSE,2266048,175.071932343058,440.303565896997,1784.07109750217,41.2146226415094,2,2,1,2,2,1,2,2,1,3704.38585138609,4605.96896290884,4634.9615555374,0.153019316767117,0.196328742147851,0.198390908242021
339,"Bergen St (2,3)","Brooklyn","BK0602",0.954756164382297,FALSE,FALSE,1124010,196.739724634577,502.775213245086,2542.74162365989,24.3632075471698,2,2,1,3,3,2,3,3,2,4530.41421420114,7612.33706084064,7929.32754485335,0.189776071213648,0.330697179853,0.34454546966242
340,"Grand Army Plaza (2,3)","Brooklyn","BK0602",0.954756164382297,FALSE,FALSE,1764934,372.588034835113,372.588034835113,2662.54034583233,45.813679245283,1,1,0,1,1,0,1,1,0,3626.2302805131,8043.99696427087,12741.4619595127,0.153582596930818,0.322685339071521,0.513329741939423
341,"Eastern Pkwy-Brooklyn Museum (2,3)","Brooklyn","BK0801",0.676354382000446,FALSE,FALSE,1210413,129.961581890364,327.711887757078,2353.85468993923,23.0778301886792,0,0,0,1,1,1,2,2,2,3517.82230420611,6845.16247516121,7842.00089293505,0.196259835623731,0.407625099297592,0.59635744947323
343,"Nostrand Av (3)","Brooklyn","BK0901",0.524776707042881,FALSE,FALSE,824030,634.90898829204,1527.71067158433,2656.94043162716,49.7287735849057,3,3,1,3,3,1,4,4,2,3956.52322126323,8386.91076732839,11441.9296290652,0.150962784150395,0.31473432274487,0.425224930702495
344,"Kingston Av (3)","Brooklyn","BK0901",0.524776707042881,FALSE,FALSE,1018975,512.178785353152,2228.18578665776,3114.52177220356,51.9339622641509,2,2,2,4,4,4,6,6,6,4727.93417396787,11735.3987688304,19248.6807625493,0.196259835910979,0.487256803334434,0.797431131800143
345,"Crown Hts-Utica Av (3,4)","Brooklyn","BK0901",0.524776707042881,FALSE,FALSE,5424987,74.5427643260846,2949.81209927529,3713.2854942576,53.1014150943396,11,3,11,17,9,17,17,9,17,6334.74331341724,15859.5061055205,27995.2844736014,0.196259835911085,0.501356189080177,0.947976085551797
346,"Sutter Av-Rutland Rd (3)","Brooklyn","BK1602",0.560883056221366,FALSE,FALSE,1394873,460.015327415951,3616.57958539276,4297.46329409766,43.561320754717,1,1,1,2,2,2,2,2,2,3744.20460881322,9975.52952167185,20283.4583923809,0.196259835911028,0.477062733720575,0.883154743833884
347,"Saratoga Av (3)","Brooklyn","BK1602",0.560883056221366,FALSE,FALSE,1083464,171.934953544678,4075.71116006936,4698.82105218775,22.1933962264151,0,0,0,0,0,0,0,0,0,3951.53706614821,9491.54149211852,16550.2031297429,0.196259835911117,0.450141118023547,0.7295582859082
348,"Rockaway Av (3)","Brooklyn","BK1602",0.560883056221366,FALSE,FALSE,1005649,248.284072598723,4710.89877714419,5334.748486494,23.4905660377358,1,1,1,1,1,1,1,1,1,4437.65117418006,9612.23682732131,15022.810304004,0.19625983591106,0.428045757829902,0.664530763942795
349,"Junius St (3)","Brooklyn","BK1602",0.560883056221366,FALSE,FALSE,567425,261.359855509602,5165.95253076005,5893.4358704334,13.9150943396226,2,2,2,2,2,2,2,2,2,2689.89281798574,4817.99622515332,5134.46028075193,0.139646377347435,0.241143853851456,0.253815303358565
350,"Pennsylvania Av (3)","Brooklyn","BK0503",0.289396446117287,FALSE,FALSE,810381,503.579714316814,4686.91923247458,6543.45383416146,46.7099056603774,1,1,1,1,1,1,1,1,1,4839.74012129625,8486.48738196575,10407.7675097957,0.194196984616351,0.35615406493815,0.442770095106776
351,"Van Siclen Av (3)","Brooklyn","BK0503",0.289396446117287,FALSE,FALSE,511745,229.301918832155,4366.46339652164,7016.89214406752,10.9433962264151,1,1,1,2,2,2,3,3,3,4014.74265678869,7031.21399132443,8545.956587568,0.192073485775604,0.350396871215632,0.462280342270626
352,"New Lots Av (3)","Brooklyn","BK0503",0.289396446117287,FALSE,FALSE,1164508,206.069028768965,4084.46523929373,7474.98072035374,25.6014150943396,1,1,1,1,1,1,2,2,2,3771.47507547742,7749.24347238157,12343.4534115298,0.193471470255025,0.423906596411938,0.73076943076344
353,"President St-Medgar Evers College (2,5)","Brooklyn","BK0901",0.524776707042881,FALSE,FALSE,814732,492.490077000204,1564.30449053511,2479.17883916565,31.3797169811321,0,0,0,0,0,0,0,0,0,4032.90818051928,7197.89961836312,8146.62587559644,0.15096278415039,0.287858335120918,0.330844957190765
354,"Sterling St (2,5)","Brooklyn","BK0902",1.18897658462277,FALSE,FALSE,1315715,115.475794803374,1291.40856062398,2077.91624879544,25.0707547169811,0,0,0,0,0,0,0,0,0,5178.97907604031,10667.590275362,15636.3820907619,0.196259835911005,0.44103461861918,0.655183415799551
355,"Winthrop St (2,5)","Brooklyn","BK0902",1.18897658462277,FALSE,FALSE,1813383,252.001119943413,1183.20457978499,1798.53942687627,39.5990566037736,1,1,1,2,2,2,2,2,2,4238.79785983017,10045.2182293471,14479.9726372419,0.196259835911037,0.46058604936982,0.696923571654576
356,"Church Av (2,5)","Brooklyn","BK1701",1.14396953275006,FALSE,FALSE,2203459,566.053130281165,1415.05230838857,1749.4348997661,72.5825471698113,4,4,3,7,7,6,7,7,6,5335.13240716493,11890.6866566907,17579.7766700524,0.196259835911076,0.451833201200081,0.719012598772406
357,"Beverly Rd (2,5)","Brooklyn","BK1701",1.14396953275006,FALSE,FALSE,1074752,754.196272515856,1850.3055660979,1927.11006923906,56.4268867924528,3,3,3,5,5,5,6,6,6,4119.34631018303,8978.02923428612,12919.7594054775,0.196259835911072,0.432388559104274,0.694305606216585
358,"Newkirk Av-Little Haiti (2,5)","Brooklyn","BK1702",1.07127926197003,FALSE,FALSE,1643460,190.582297467617,2233.50720308113,2233.50720308113,34.7051886792453,2,2,1,3,3,2,3,3,2,4845.44654566632,11198.3144667853,18226.1811592099,0.196259835911,0.458332149203783,0.76863526809106
359,"Flatbush Av-Brooklyn College (2,5)","Brooklyn","BK1401",0.65912981347675,FALSE,FALSE,4169321,323.480272348342,2801.71425597446,2801.71425597446,59.7051886792453,4,4,4,6,6,6,8,8,8,4014.3469823833,9336.39370860433,16157.2717615657,0.19625983591105,0.502284245638405,1.00445289513696
360,"Pelham Bay Park (6)","Bronx","BX1003",1.13940737787388,FALSE,FALSE,1300991,299.954694954508,1952.19281283266,1952.19281283266,33.4905660377358,0,0,0,0,0,0,0,0,0,2126.55590271482,4500.75856913612,5923.80382490372,0.196259835909032,0.494938522416131,0.974912105937995
361,"Buhre Av (6)","Bronx","BX1003",1.13940737787388,FALSE,FALSE,790818,480.339672597194,1224.71344028968,1224.71344028968,30.377358490566,1,1,1,1,1,1,1,1,1,3700.06955430873,7482.71169414847,10029.5821949663,0.193165284993515,0.415429241503197,0.676100507102312
362,"Middletown Rd (6)","Bronx","BX1003",1.13940737787388,FALSE,FALSE,428827,711.764103361654,813.970500720214,813.970500720214,41.4033018867924,1,1,1,1,1,1,1,1,1,1916.21080329214,3319.62265300124,5186.31993069582,0.193165284992715,0.412147854798087,0.666975812149961
363,"Westchester Sq-E Tremont Av (6)","Bronx","BX1001",0.902998016185007,FALSE,FALSE,993324,262.809646412613,337.126809584261,522.612790703609,23.8561320754717,0,0,0,1,1,1,1,1,1,1502.71784346033,2990.89274437638,4881.42583615433,0.195505562857381,0.416197484639538,0.671313974422476
364,"Zerega Av (6)","Bronx","BX1001",0.902998016185007,FALSE,FALSE,511586,278.591759142128,488.091182794993,681.009594526701,13.6910377358491,0,0,0,0,0,0,0,0,0,2159.54364252635,3867.08566360522,5796.17229486542,0.190355947299431,0.353324503831933,0.550335584520478
365,"Castle Hill Av (6)","Bronx","BX1001",0.902998016185007,FALSE,FALSE,1301576,420.012705061063,603.689608270546,1057.54324643057,40.0235849056604,3,3,3,3,3,3,3,3,3,3403.02037487749,7122.81770226793,13019.710026532,0.190355947298589,0.414813048500793,0.702182950256942
366,"Parkchester (6)","Bronx","BX0903",0.930234952414123,FALSE,FALSE,2834403,169.13350413363,217.465162842502,1874.01505409008,44.7641509433962,0,0,0,0,0,0,6,6,6,5031.71114249351,12655.5825166326,21826.3335439365,0.196259835910761,0.46725490960339,0.795681346217643
367,"St Lawrence Av (6)","Bronx","BX0901",1.29308353027416,FALSE,FALSE,934164,302.551720860472,646.860246343534,2473.60910103691,24.6698113207547,1,1,1,4,4,4,4,4,4,4332.97005999858,9693.3417361548,15055.5598531965,0.196259835911001,0.436958162442368,0.702486011119713
368,"Morrison Av-Soundview (6)","Bronx","BX0901",1.29308353027416,FALSE,FALSE,1337645,68.1630128833329,68.1630128833329,2061.0380387794,24.3985849056604,2,2,2,4,4,4,9,9,9,5230.50884231901,9839.25953390889,14947.0557534218,0.186798721149214,0.375659390499288,0.59437982296548
369,"Elder Av (6)","Bronx","BX0901",1.29308353027416,FALSE,FALSE,1397012,382.922737355326,382.922737355326,1813.80875943966,40.4599056603774,2,2,2,4,4,4,4,4,4,7180.03892567498,13108.1467892145,18949.9772252821,0.186798721149204,0.380522900010386,0.604517703973043
370,"Whitlock Av (6)","Bronx","BX0202",0.852152132216302,FALSE,FALSE,392495,464.978127569563,1025.32715224352,1628.39796998302,21.2971698113208,1,1,1,2,2,2,2,2,2,4179.34609710301,8133.83183075646,9647.80330819696,0.196259835911104,0.411634349848173,0.525684044246066
371,"Hunts Point Av (6)","Bronx","BX0202",0.852152132216302,FALSE,FALSE,2245378,266.14795730551,1487.76750648438,2104.91200405394,45.377358490566,0,0,0,2,2,2,3,3,3,4208.48478625707,7279.12264651089,9290.22153869221,0.187073776314138,0.37371671629778,0.559503223691435
372,"Longwood Av (6)","Bronx","BX0202",0.852152132216302,FALSE,FALSE,670708,204.181923167103,1743.71533815378,2611.22926671097,14.5872641509434,1,1,1,1,1,1,1,1,1,4440.88715586284,8611.92867343185,9458.61689015631,0.196259835908794,0.44388624661943,0.644052311408634
373,"E 149 St (6)","Bronx","BX0202",0.852152132216302,FALSE,FALSE,1023256,434.330098835914,1712.33038550302,2464.75899824249,34.0683962264151,0,0,0,0,0,0,0,0,0,5108.85551824428,8887.48814384161,9170.83182670225,0.195463721813421,0.388347711085869,0.508285881373773
374,"E 143 St-St Mary's St (6)","Bronx","BX0101",0.625636604888906,FALSE,FALSE,418507,274.392159547624,1447.5808020159,1988.27070722755,11.8278301886792,0,0,0,0,0,0,0,0,0,3723.6190304965,5592.92722356357,6093.29133245013,0.195463721813665,0.409016828010803,0.636906377005749
375,"Cypress Av (6)","Bronx","BX0101",0.625636604888906,FALSE,FALSE,611022,274.577853705058,1113.74848369943,1432.533266055,16.8396226415094,1,1,1,2,2,2,2,2,2,5392.18194097438,8259.08967548617,9085.9363221915,0.196259835911063,0.415419070228208,0.666332512510466
376,"Brook Av (6)","Bronx","BX0101",0.625636604888906,FALSE,FALSE,1099074,150.224481585931,623.373276186804,1614.56503561518,21.3561320754717,1,1,1,2,2,2,3,3,3,6486.08792719611,11864.2373230965,14325.6649397807,0.196259835911032,0.417764945417621,0.621233088123592
377,"3 Av-138 St (6)","Bronx","BX0101",0.625636604888906,FALSE,FALSE,1838710,193.796108823519,193.796108823519,2028.68740720589,37.4646226415094,1,1,0,2,2,1,2,2,1,5664.68636091654,10240.7110963993,12782.3542231402,0.191151985788934,0.39678464295284,0.574227032394051
378,"Woodlawn (4)","Bronx","BX0703",0.304078277334477,FALSE,FALSE,1426724,355.176177254856,473.516409740165,1035.33617345656,39.7169811320755,1,1,1,2,2,2,2,2,2,2154.16075389522,3976.56983472698,6129.67697327374,0.196259835910134,0.502425179929179,1.03165423959439
379,"Mosholu Pkwy (4)","Bronx","BX0703",0.304078277334477,FALSE,FALSE,1494474,506.94222702124,796.391813246155,1695.50968019064,62.6179245283019,1,1,1,3,3,3,3,3,3,3582.24989095753,8805.18654556157,12071.29842889,0.19625983591104,0.491248564303528,0.763512708733641
380,"Bedford Park Blvd-Lehman College (4)","Bronx","BX0702",0.776149771718753,FALSE,FALSE,1117629,304.153469334257,989.997480144283,2471.89664346665,29.6816037735849,0,0,0,1,1,0,1,1,0,2036.61862503071,4774.50350403954,5522.96373629587,0.157219898982328,0.346344166915189,0.542797713670663
381,"Kingsbridge Rd (4)","Bronx","BX0702",0.776149771718753,FALSE,FALSE,1888573,280.978893740444,369.459265341468,3099.30172233297,42.877358490566,0,0,0,0,0,0,0,0,0,5647.74954730039,11158.3131138861,17383.108988037,0.172354439816237,0.348011687192274,0.549008688518151
382,"Fordham Rd (4)","Bronx","BX0701",0.916765475120105,FALSE,FALSE,2082445,340.786162178769,550.583031360828,2626.36481927537,47.688679245283,0,0,0,3,3,3,4,4,4,6607.82364168135,11843.1864166655,15511.5484764684,0.172858850939448,0.310424612701743,0.445620063985268
383,"183 St (4)","Bronx","BX0503",0.724364867481836,FALSE,FALSE,1186637,347.37622003861,471.142271853025,2217.93419076799,32.9834905660377,1,1,1,1,1,1,1,1,1,8144.74497044174,13462.4030828847,17668.5462996619,0.181079154257348,0.314839710009805,0.434896471342161
384,"Burnside Av (4)","Bronx","BX0501",0.373088451924141,FALSE,FALSE,1972760,462.4274114619,462.4274114619,1667.90691726481,52.6768867924528,0,0,0,0,0,0,1,1,1,6944.25661057633,12456.5634271891,15888.226951829,0.185521342359209,0.349385559831634,0.487052921779069
385,"176 St (4)","Bronx","BX0501",0.373088451924141,FALSE,FALSE,1217229,492.327370575868,516.940369780585,1015.78718754146,40.377358490566,0,0,0,1,1,0,2,2,1,5966.29065744742,10475.8010590699,16050.7096472574,0.172107149814671,0.305878224360129,0.437622905764037
386,"Mt Eden Av (4)","Bronx","BX0403",0.637748685408992,FALSE,FALSE,1008520,390.847072062193,390.847072062193,504.813745867309,31.8867924528302,1,1,1,1,1,1,1,1,1,6075.63341351206,10498.0430513377,14411.3878448645,0.188594820816483,0.316611155293483,0.42898748603552
387,"170 St (4)","Bronx","BX0403",0.637748685408992,FALSE,FALSE,1619634,51.7511381633269,51.7511381633269,51.7511381633269,29.1391509433962,1,1,1,1,1,1,1,1,1,5966.90364556709,10914.488961409,15258.7944234442,0.182932207245346,0.318355140970928,0.435217495771215
388,"167 St (4)","Bronx","BX0401",0.899342485336271,FALSE,FALSE,1960736,325.305587743404,325.305587743404,633.939152074608,45.813679245283,1,1,1,3,3,3,5,5,5,6552.85044148604,11464.3633035889,17501.5523334877,0.171778483290294,0.337593618966083,0.537238361153319
391,"138 St-Grand Concourse (4,5)","Bronx","BX0101",0.625636604888906,FALSE,FALSE,949171,466.628619358365,495.389972006501,2422.341059187,33.1014150943396,0,0,0,0,0,0,1,1,1,2407.87636087533,4307.02098375881,6774.02992811285,0.187090613168953,0.317820204780988,0.413441612815919
392,"125 St (4,5,6)","Manhattan","MN1102",2.9956467076955,TRUE,TRUE,5914319,262.301603436525,262.301603436525,1995.83345098294,61.3797169811321,14,14,13,62,37,61,62,37,61,4058.26221044456,9785.40054121135,16130.4382138346,0.196259835911026,0.488090454159178,0.78544634923701
393,"116 St (6)","Manhattan","MN1102",2.9956467076955,TRUE,TRUE,3141079,546.914248309601,751.530390216935,2007.72807044032,79.1627358490566,10,10,8,14,14,12,16,16,14,7840.99464541239,15425.2584458866,19968.9716580642,0.193461811672838,0.409408654384925,0.555365638780951
394,"110 St (6)","Manhattan","MN1101",0.324169851299942,FALSE,FALSE,2436244,245.435571125058,1181.74254091036,2142.43101223223,45.7311320754717,3,2,3,4,3,4,4,3,4,7058.8112178056,15125.932826452,19985.5248511904,0.193461811672824,0.376042205785099,0.497996640421349
395,"103 St (6)","Manhattan","MN1101",0.324169851299942,FALSE,FALSE,2915996,381.631627427996,630.847273681718,2418.78260504909,56.3915094339623,0,0,0,1,1,1,1,1,1,7335.39830275932,15716.7387498943,21524.6476935901,0.196259835911034,0.419982179204869,0.61858967951238
396,"96 St (6)","Manhattan","MN0802",0.796366213218585,FALSE,FALSE,4019994,24.0571969964936,70.462163849041,1838.9578129756,47.6061320754717,5,5,5,12,12,12,17,16,17,9702.75663387162,17114.7012383856,20255.1099604516,0.180158943104449,0.363912748827001,0.526626523030937
397,"86 St (4,5,6)","Manhattan","MN0802",0.796366213218585,FALSE,FALSE,11244884,534.319792910791,650.348583610993,1105.73114882779,93.183962264151,5,5,3,7,7,5,14,13,12,9855.94596376472,18916.0335214907,22691.8634788001,0.18072362259017,0.386550948657435,0.566042609310071
398,"77 St (6)","Manhattan","MN0802",0.796366213218585,FALSE,FALSE,6603753,296.023888725269,296.023888725269,560.300399191436,65.5778301886792,4,4,4,5,5,5,13,11,13,7346.35839680553,16340.824562025,20821.6859180239,0.196259835910401,0.440101660430434,0.644898011802064
399,"68 St-Hunter College (6)","Manhattan","MN0802",0.796366213218585,FALSE,FALSE,5391266,510.721940117437,510.721940117437,685.168194052543,87.4174528301887,7,6,7,10,9,10,11,10,11,4841.17584541599,8700.56956347232,10089.0303586819,0.188534671059716,0.332211737976872,0.455106925139997
403,"33 St (6)","Manhattan","MN0501",0.696787909162235,FALSE,FALSE,6442731,311.473407989802,603.667861672278,724.009080728955,65.7783018867925,8,8,8,14,12,14,16,14,16,6472.98480027407,11999.0046992367,17319.4182962315,0.183226119273432,0.355138442637882,0.484480431215453
404,"28 St (6)","Manhattan","MN0602",1.26246054981878,FALSE,FALSE,4784950,360.454812275388,360.454812275388,875.99814895312,65.058962264151,8,8,8,10,9,10,16,14,16,5466.63211304331,8593.194932296,13363.5473490937,0.170596173054403,0.236941205475901,0.318510673625881
405,"23 St-Baruch College (6)","Manhattan","MN0501",0.696787909162235,FALSE,FALSE,6071816,191.851955377781,191.851955377781,470.561611230344,58.5377358490566,10,10,5,10,10,5,12,12,7,4628.25421834499,8374.35310622787,12030.5568841585,0.155558507857232,0.264021554895799,0.341350869890359
407,"Astor Pl (6)","Manhattan","MN0202",1.23593330174516,FALSE,FALSE,4099732,308.085075611777,308.085075611777,717.219073747065,59.0094339622642,1,1,1,5,5,5,5,5,5,5627.77188836682,9442.79704042502,10325.7035792146,0.131523845651908,0.225389234422712,0.249953117988441
409,"Spring St (6)","Manhattan","MN0201",1.02389093600833,FALSE,FALSE,3332273,239.174383714796,239.174383714796,1340.52293012603,51.5801886792453,4,4,4,6,6,6,6,6,6,2876.62850118882,3331.15713671298,3331.15713671298,0.134906248276404,0.158686217411659,0.158686217411659
413,"Wall St (4,5)","Manhattan","MN0101",0.553449068501232,FALSE,FALSE,3834481,404.504644357192,404.504644357192,592.941174164887,63.2665094339623,6,6,4,6,6,4,6,6,4,1666.12360050604,1668.18953341623,1668.18953341623,0.0648971050665746,0.0650265144450681,0.0650265144450681
414,"Bowling Green (4,5)","Manhattan","MN0101",0.553449068501232,FALSE,FALSE,5258468,253.70295367305,724.668860295724,724.668860295724,59.752358490566,1,1,1,1,1,1,1,1,1,1208.95179849152,2795.9057676326,3177.98371089811,0.114523285580398,0.161163292733567,0.169642200775952
416,"Wakefield-241 St (2)","Bronx","BX1203",2.31723664269181,TRUE,FALSE,925160,379.224956934985,1489.61704708017,2749.3926135003,28.4198113207547,0,0,0,0,0,0,0,0,0,2299.85403146422,5637.74100417877,9359.26042924401,0.196259835911084,0.469926256313236,0.768738746376058
417,"Nereid Av (2,5)","Bronx","BX1203",2.31723664269181,TRUE,FALSE,579744,388.076086702435,920.376284189893,2313.48827121707,21.8867924528302,1,1,1,1,1,1,3,3,3,2203.63322870615,5206.80533599034,8425.5744001466,0.196259835911026,0.442149872641788,0.694917321507691
418,"233 St (2,5)","Bronx","BX1203",2.31723664269181,TRUE,FALSE,799990,293.072967876518,293.072967876518,2035.64171533988,21.9575471698113,20,9,20,24,10,24,24,10,24,4145.70228734481,8848.04305505787,12068.0023642722,0.196259835911055,0.444155975891982,0.717072000661317
419,"225 St (2,5)","Bronx","BX1201",2.97356433786456,TRUE,TRUE,640107,136.898852757639,346.907044908091,1949.20400293108,10.8962264150943,1,1,1,1,1,1,2,2,2,4793.38212861009,9502.6662388133,11834.5172782919,0.196212365829257,0.40603971910204,0.645550435643582
420,"219 St (2,5)","Bronx","BX1201",2.97356433786456,TRUE,TRUE,557834,371.452182879441,839.476298543139,2020.54453779216,19.622641509434,2,2,2,3,3,3,3,3,3,3769.72366411507,7874.76686193407,10583.9067038119,0.19621236582925,0.429929574689463,0.702309708210957
421,"Gun Hill Rd (2,5)","Bronx","BX1201",2.97356433786456,TRUE,TRUE,1299502,359.417811795259,1092.03924386336,2308.35517051194,36.4150943396226,9,9,9,11,11,11,11,11,11,4570.67557872182,9313.21162194024,15048.1021805688,0.196259835911017,0.487503914849736,0.807777256494539
422,"Burke Av (2,5)","Bronx","BX1201",2.97356433786456,TRUE,TRUE,538237,331.494929241885,1003.99205758485,2902.53709151113,16.9339622641509,3,3,3,18,8,18,18,8,18,4544.49605833677,9446.37703362935,12212.2477210706,0.196259835911037,0.471277860165995,0.752485838297774
423,"Allerton Av (2,5)","Bronx","BX1104",1.08312687428049,FALSE,FALSE,891525,335.040118079639,1359.07091162799,3502.82355246462,25.377358490566,3,3,3,6,6,6,6,6,6,5360.51195789732,11464.289034816,16211.6783314891,0.196259835911042,0.479770547311929,0.863322387543507
424,"Pelham Pkwy (2,5)","Bronx","BX1101",1.35332961740908,FALSE,FALSE,1579860,358.456597095982,1356.90885515923,3027.93597344601,41.9575471698113,1,1,0,2,2,1,2,2,1,4740.41029150115,11003.2724441757,14481.827747567,0.196259835911013,0.484768454892051,0.817431484701802
425,"Bronx Park East (2,5)","Bronx","BX0601",0.337521721310818,FALSE,FALSE,501019,289.326368451393,973.302980616247,2465.49817008786,13.8797169811321,0,0,0,0,0,0,1,1,1,2023.46292014835,6039.10203636457,10439.4423739154,0.196259835911131,0.502425179932199,0.915555697159104
426,"E 180 St (2,5)","Bronx","BX0601",0.337521721310818,FALSE,FALSE,1898705,351.262489777541,859.648517730883,1835.44136530641,46.8985849056604,0,0,0,0,0,0,0,0,0,1517.6388039181,3733.07439944846,7904.54368177359,0.196259835911051,0.461091831440119,0.809869654111337
427,"West Farms Sq-E Tremont Av (2,5)","Bronx","BX0601",0.337521721310818,FALSE,FALSE,1230196,394.705363669876,544.760513173734,1266.77513394558,37.5353773584906,0,0,0,1,1,1,1,1,1,4072.13601466492,8864.63478566545,14506.7197908462,0.196259835911036,0.453201270177033,0.742886639695559
428,"174 St (2,5)","Bronx","BX0303",0.760247798328811,FALSE,FALSE,1340485,487.267919594987,667.791215474247,667.791215474247,43.2311320754717,0,0,0,2,2,2,2,2,2,3292.26562273179,8688.14799432139,14889.5572716244,0.196259835910999,0.494534618669133,0.885054635508064
429,"Freeman St (2,5)","Bronx","BX0303",0.760247798328811,FALSE,FALSE,940379,606.847441855536,849.097307295167,1099.24725513626,51.2735849056604,0,0,0,3,3,3,3,3,3,4072.34921935954,9216.94627031284,14615.3070134665,0.196259835911072,0.449837813377788,0.710393175648346
430,"Simpson St (2,5)","Bronx","BX0202",0.852152132216302,FALSE,FALSE,1693773,128.722764242307,1086.47909331891,1731.61594095389,32.5825471698113,1,1,1,2,2,2,2,2,2,4231.41562205275,6613.46608978911,7294.08045310663,0.172763774644837,0.271117357464561,0.300737698549604
431,"Intervale Av (2,5)","Bronx","BX0202",0.852152132216302,FALSE,FALSE,676202,245.74169042798,1096.04673554272,1939.20857372783,16.497641509434,0,0,0,1,1,1,1,1,1,5151.18700343517,8322.261895076,10621.3685188025,0.18194983424106,0.299760452996587,0.39208167933706
432,"Prospect Av (2,5)","Bronx","BX0102",1.55430740431305,TRUE,FALSE,1326999,269.085118791067,1297.84281985808,2293.54439371622,32.311320754717,1,1,1,5,5,5,5,5,5,5520.64669652323,10797.4600235352,14892.2471560888,0.19625983591106,0.373958021223126,0.498481536339306
433,"Jackson Av (2,5)","Bronx","BX0102",1.55430740431305,TRUE,FALSE,1107312,183.160710772573,1392.3937363151,2771.06142629955,23.0306603773585,1,1,1,4,4,4,6,6,6,5941.79446288709,12247.767370267,14898.5149344986,0.196259835911039,0.427701137864848,0.592652399424904
434,"3 Av-149 St (2,5)","Bronx","BX0102",1.55430740431305,TRUE,FALSE,4326279,375.439821646814,750.849398975753,2565.17699920839,63.9033018867924,5,5,5,9,9,9,12,12,12,4080.78835498057,11040.7631027118,19159.5636065402,0.196259835910478,0.502425179931535,0.815586526489666
436,"Harlem-148 St (3)","Manhattan","MN1002",0.839343219404944,FALSE,FALSE,707211,165.960675167773,206.78779559622,2430.5488653945,13.938679245283,1,1,1,1,1,1,1,1,1,7593.65092542732,12687.3434882361,13479.352036666,0.170049474816861,0.299861432877956,0.38124970013706
437,"145 St (3)","Manhattan","MN1002",0.839343219404944,FALSE,FALSE,690355,90.0492518799279,573.193296243739,2723.79993433256,10.8372641509434,0,0,0,1,1,1,2,2,2,6951.41488072853,12596.7071419522,15271.9066380773,0.17083458243899,0.333964925110251,0.413208914139813
438,"135 St (2,3)","Manhattan","MN1002",0.839343219404944,FALSE,FALSE,2693604,49.8758730577701,75.9822478661695,2927.90616242991,40.1179245283019,5,5,5,11,11,11,16,15,16,6172.59825302478,16388.4811336256,22122.6583153072,0.196259835911067,0.490421184827137,0.664295846543953
439,"125 St (2,3)","Manhattan","MN1001",0.763300163778297,FALSE,FALSE,3368897,254.608942646429,254.608942646429,2300.94492442467,52.311320754717,8,8,8,15,15,15,17,17,17,4817.14281505307,12188.7365445634,14360.8254693328,0.19625983590884,0.475990991676605,0.557117685569899
440,"116 St (2,3)","Manhattan","MN1001",0.763300163778297,FALSE,FALSE,2284589,204.449032505976,344.625062359933,1880.87674331733,43.372641509434,3,3,3,5,5,5,6,6,6,6709.31863833613,12242.3594791634,12727.5652916174,0.183486433890651,0.339774057001207,0.36220557411782
441,"110 St-Malcolm X Plaza (2,3)","Manhattan","MN1001",0.763300163778297,FALSE,FALSE,1780877,188.632707882035,457.818358208178,1738.60550011911,36.4268867924528,4,4,4,4,4,4,4,4,4,6965.8686131569,10666.1326954878,11323.7085659343,0.183486433890619,0.35081250001299,0.444362978956885
442,"Eastchester-Dyre Av (5)","Bronx","BX1202",0.596768208824728,FALSE,FALSE,819651,768.238172949956,846.17501246084,3302.80491916785,50.9433962264151,1,1,1,1,1,1,1,1,1,1313.54984436069,3182.22362111589,6418.99001201291,0.196259835911022,0.499919604972965,0.992028726322271
443,"Baychester Av (5)","Bronx","BX1202",0.596768208824728,FALSE,FALSE,556745,571.942809576581,1091.76109500756,3062.75336066595,41.6509433962264,0,0,0,0,0,0,0,0,0,2046.13687108151,5172.109335643,13850.3176962294,0.196259835911035,0.502425179932103,1.1304566548471
444,"Gun Hill Rd (5)","Bronx","BX1103",0.713450871534643,FALSE,FALSE,862902,130.542019965424,130.542019965424,3328.21300655901,14.9882075471698,2,2,2,2,2,2,2,2,2,1994.74766645906,5233.32948335407,12029.3350625022,0.196259835908513,0.502425179928537,1.13045665484181
445,"Pelham Pkwy (5)","Bronx","BX1103",0.713450871534643,FALSE,FALSE,617437,458.784053911765,1223.34472096176,2859.34849462215,26.1792452830189,0,0,0,0,0,0,0,0,0,1827.47948683573,4673.915738651,8995.86372626875,0.196259835911,0.483615824028264,0.94177972126519
446,"Morris Park (5)","Bronx","BX1102",1.05387647588573,FALSE,FALSE,558520,756.644210652352,763.225853986039,2706.66236537054,44.3160377358491,1,1,1,1,1,1,3,3,3,3374.92680850214,8917.96731312665,13021.2112757535,0.196259835911067,0.465959098987871,0.70479529272006
447,"Flushing-Main St (7)","Queens","QN0707",0.425962135317276,FALSE,FALSE,15017678,223.807755277919,223.807755277919,1241.12381552068,65.4127358490566,3,3,2,5,5,4,8,8,7,3213.31969719763,8845.52743787201,22437.7516102846,0.19625983591109,0.502425179932417,1.13045665484768
448,"Mets-Willets Point (7)","Queens","QN0707",0.425962135317276,FALSE,FALSE,2511091,383.381807968582,586.3625074885,586.3625074885,53.9622641509434,0,0,0,0,0,0,0,0,0,0,0,0,0.196259835911075,0.502425179932311,1.04089009261069
449,"111 St (7)","Queens","QN0303",1.20837431424689,FALSE,FALSE,3447109,356.63544712697,658.976118049022,1287.99208893066,58.5966981132076,8,8,7,9,9,8,11,11,10,5530.29299300675,11701.702225458,16789.3266730468,0.196259835911073,0.480044369861787,0.84853401953268
450,"103 St-Corona Plaza (7)","Queens","QN0402",1.7495916593748,TRUE,FALSE,5569769,24.5513543580607,24.5513543580607,1684.55399117733,52.7594339622641,24,23,23,30,29,29,34,33,33,5879.84565596333,14043.5587635597,21822.1298703142,0.196259835911056,0.439072110739964,0.707941477506006
451,"Junction Blvd (7)","Queens","QN0401",1.20541273317044,FALSE,FALSE,6732344,584.733019127431,584.733019127431,1882.61982348114,92.0990566037736,10,10,10,12,12,12,33,27,33,6100.69952229734,13605.2374664411,21159.0713231755,0.196259835911045,0.426160267133316,0.681174725364139
452,"90 St-Elmhurst Av (7)","Queens","QN0301",1.28790240228604,FALSE,FALSE,4729033,741.807848428968,1187.98768942166,2233.4209450867,89.3278301886793,5,5,5,9,9,9,11,11,11,8680.00821930594,19369.5873585334,27765.8444912132,0.19625983591098,0.432124766032152,0.640911565997298
453,"82 St-Jackson Hts (7)","Queens","QN0301",1.28790240228604,FALSE,FALSE,3669161,305.520020255442,1792.46564403751,2677.74769081274,57.252358490566,14,14,14,21,21,21,23,23,23,7726.05553862282,15561.3134054065,20779.8961211718,0.196259835911068,0.407323460218863,0.54996708443257
455,"69 St (7)","Queens","QN0203",1.70571758332386,TRUE,FALSE,1153440,281.84200550382,2875.14738218155,3547.63475125972,29.0683962264151,4,4,4,13,13,13,16,16,16,4137.74836497326,6393.95789521807,7827.83564837617,0.181173684462527,0.283923397363578,0.38515029411582
456,"61 St-Woodside (7)","Queens","QN0203",1.70571758332386,TRUE,FALSE,4172109,575.996780770076,3436.62263421954,4024.81354111203,84.9292452830189,7,7,6,13,10,12,15,12,14,5010.65491513315,10028.6568474497,13656.0014303939,0.196259835911072,0.432853094269973,0.628926613605648
457,"52 St (7)","Queens","QN0202",0.931164518110329,FALSE,FALSE,1254197,268.140651317171,2922.93944155248,4126.37099492624,30.4952830188679,2,2,2,3,3,3,5,4,5,5077.45900766309,9661.59201303046,13714.4203152655,0.196259835911065,0.440227345610824,0.740604270590686
458,"46 St-Bliss St (7)","Queens","QN0202",0.931164518110329,FALSE,FALSE,3460509,372.43344290986,2534.76368395575,3665.59525237558,59.622641509434,12,12,7,12,12,7,14,14,9,4900.71817754943,9321.00764791475,13950.1797044995,0.195132704954038,0.367847454457902,0.574780529612482
459,"40 St-Lowery St (7)","Queens","QN0202",0.931164518110329,FALSE,FALSE,2475004,329.778356273472,2101.86368858737,3367.73796136263,50.4127358490566,6,6,4,9,9,7,10,10,8,5871.94998720107,10151.0636571745,13180.0570658769,0.195132704954049,0.392841761757807,0.598156043688102
460,"33 St-Rawson St (7)","Queens","QN0202",0.931164518110329,FALSE,FALSE,2239622,816.421457040779,1597.22022509018,2942.74049050152,75.4009433962264,0,0,0,0,0,0,0,0,0,40.1504367858935,462.454939683501,1221.40907795119,0.196259835911058,0.455452394592582,0.683759695001943
461,"Queensboro Plaza (7,N,W)","Queens","QN0201",0.479788815326291,FALSE,FALSE,3562985,586.920172520321,586.920172520321,1931.09442245452,82.3938679245283,2,2,2,2,2,2,2,2,2,3416.51318178083,4280.00708144515,4284.67897964826,0.167091821455451,0.241651639424274,0.243028299555596
463,"Hunters Point Av (7)","Queens","QN0201",0.479788815326291,FALSE,FALSE,1076479,560.351860724873,1471.56187948107,2111.64995494373,54.2688679245283,0,0,0,0,0,0,0,0,0,923.410262922949,1176.52833778667,1249.03625750052,0.144427713470124,0.284501353826334,0.458872210536151
464,"Vernon Blvd-Jackson Av (7)","Queens","QN0201",0.479788815326291,FALSE,FALSE,4308698,472.222096323707,1585.36532595614,1924.30819427449,67.6061320754717,5,5,4,7,7,6,8,8,7,2451.9661034398,5159.33774058812,12127.7972902443,0.175374370691515,0.340039234107893,0.631561409577082
471,"34 St-Hudson Yards (7)","Manhattan","MN0401",0.682041633156165,FALSE,FALSE,6753333,192.856105370918,762.363596344985,762.363596344985,60.5542452830189,1,1,0,5,5,4,8,8,7,682.589683707937,3723.91071372546,12037.5190272272,0.196259835911032,0.486253183882082,0.856564586347215
475,"96 St (Q)","Manhattan","MN1101",0.324169851299942,FALSE,FALSE,4512150,264.676607492935,433.740173980757,1996.44817620385,58.561320754717,10,8,8,11,9,9,11,9,9,8326.31705669224,18698.7041332508,24371.2193578726,0.180158943106057,0.3740518975315,0.507737766427396
476,"86 St (Q)","Manhattan","MN0803",0.911669082657658,FALSE,FALSE,6418901,608.266743342514,608.266743342514,1315.52688394653,91.6627358490566,20,16,17,26,22,23,29,24,26,11733.5322084864,24499.986862288,38913.3608692602,0.180723622591976,0.392545864657578,0.642761574887966
477,"72 St (Q)","Manhattan","MN0801",0.63107427932149,FALSE,FALSE,7615798,387.826553329417,440.817346121402,891.670114602598,71.7806603773585,15,9,9,19,11,13,24,15,18,12239.0849054971,21692.1024627334,33166.4741485607,0.194115461573404,0.378473996389233,0.639685346256459
601,"14 St/6 Av (1,2,3,L,F,M)","Manhattan","MN0401",0.682041633156165,FALSE,FALSE,11515343,370.683957693396,370.683957693396,678.420539344547,71.7806603773585,4,3,2,16,13,13,16,13,13,5725.11671160848,9623.36785021512,9782.28550153263,0.178051255853143,0.307780675348037,0.313047095142867
602,"14 St-Union Sq (4,5,6,L,N,Q,R,W)","Manhattan","MN0501",0.696787909162235,FALSE,FALSE,24530660,154.635848119109,159.95138235644,159.95138235644,62.9952830188679,16,15,15,20,19,19,20,19,19,5935.56440684675,9951.7860396489,10131.2612149346,0.191306577399838,0.326849354003328,0.332402099190369
603,"149 St-Grand Concourse (2,4,5)","Bronx","BX0101",0.625636604888906,FALSE,FALSE,2599147,169.301814198351,787.043967165475,2580.20362373052,43.125,3,3,3,4,4,4,5,5,5,2446.39461262944,6164.66504711947,9275.07646946612,0.196259835910742,0.471730879293761,0.675685458793821
604,"161 St-Yankee Stadium (4,B,D)","Bronx","BX0401",0.899342485336271,FALSE,FALSE,6323559,229.877598470218,704.219450598175,1550.98662557175,60.7311320754717,5,5,4,6,6,5,6,6,5,2366.69665207733,8154.91265399906,17533.8537303708,0.196259835909968,0.502425172111365,0.941707257525223
605,"168 St-Washington Hts (1,A,C)","Manhattan","MN1201",0.677143171019652,FALSE,FALSE,5447621,200.512590982137,608.207786193214,1860.92882256769,58.1957547169811,8,7,5,9,8,6,12,11,9,5456.43870605517,14410.6627182014,19045.7922222694,0.196259835911048,0.436752376127377,0.709897299077782
606,"Court Sq-23 St (7,E,F,G)","Queens","QN0201",0.479788815326291,FALSE,FALSE,6443955,327.101032191546,870.755908789948,1846.82436877456,66.5683962264151,3,3,1,5,5,3,5,5,3,2026.135041868,4185.61496255302,4722.89384442271,0.196259835911026,0.393259896799859,0.554798154387092
607,"34 St-Herald Sq (B,D,F,M,N,Q,R,W)","Manhattan","MN0501",0.696787909162235,FALSE,FALSE,26489852,96.0259101518958,96.0259101518958,848.185296713667,61.25,5,4,4,5,4,4,5,4,4,1595.93745836408,2383.59825604752,2422.64617835826,0.162188770744832,0.240397965351198,0.242377578482537
608,"4 Av-9 St (F,G,R)","Brooklyn","BK0601",1.22603352395057,FALSE,FALSE,3162853,463.251179455929,1698.73448981635,2662.46440206116,61.6509433962264,2,1,0,6,5,4,6,5,4,3248.71900429385,7482.21705205188,10028.1846991069,0.196259835910353,0.461931900832795,0.604951777179918
609,"42 St-Bryant Pk/5 Av (7,B,D,F,M)","Manhattan","MN0502",1.92873430718364,TRUE,TRUE,13112395,48.1859278625419,125.358409240146,478.839397492977,58.3962264150943,5,5,2,6,6,3,6,6,3,1299.06664415356,2170.68637049582,2252.76120792397,0.187708717810365,0.286443729291793,0.290648297024064
610,"Grand Central-42 St (4,5,6,7,S)","Manhattan","MN0604",0.856913231815316,FALSE,FALSE,36369834,57.477388389007,57.477388389007,80.4508157836525,60.3891509433962,7,7,5,12,11,10,14,13,12,3101.74341066483,8125.10312453198,15083.553920626,0.196259835909904,0.449332452699234,0.637441010431844
611,"Times Sq-42 St/Port Authority Bus Terminal (1,2,3,7,A,C,E,N,Q,R,W,S)","Manhattan","MN0502",1.92873430718364,TRUE,TRUE,48521533,453.510245104775,531.995477560174,790.658914335665,78.1603773584906,13,13,9,19,19,15,22,22,18,628.836200754706,2647.88021029809,5276.52200208594,0.187708717810401,0.320888119518187,0.402237516449756
612,"Lexington Av/51-53 Sts (6,E,F)","Manhattan","MN0604",0.856913231815316,FALSE,FALSE,13389402,109.770448724138,109.770448724138,109.770448724138,60.247641509434,10,8,6,18,14,14,23,17,19,4568.8754856253,11231.0195592342,20708.2354080156,0.196259835911011,0.414254746613351,0.630323870866434
613,"Lexington Av/59 St (4,5,6,N,R,W)","Manhattan","MN0802",0.796366213218585,FALSE,FALSE,12120506,156.093411420577,508.053129877059,508.053129877059,61.2146226415094,3,3,1,3,3,1,6,4,4,3364.34228566567,6538.94046171535,11206.5746751505,0.159913255983238,0.276709128193265,0.360315503006097
614,"59 St-Columbus Circle (1,A,C,B,D)","Manhattan","MN0701",0.627347480791183,FALSE,FALSE,17440119,134.214188060493,327.751525598223,327.751525598223,61.6037735849057,12,7,8,23,17,19,26,19,22,5543.20303191351,10606.0665480442,15064.6809477023,0.187913903731181,0.363903183285458,0.503355671077112
615,"62 St/New Utrecht Av (D,N)","Brooklyn","BK1101",1.01083773011612,FALSE,FALSE,1217594,1009.78294148783,2419.07418540703,3419.58053676947,60.7075471698113,7,7,7,9,9,9,9,9,9,2750.06621863077,7053.09832578402,10794.9425197817,0.196259835911057,0.46241999838027,0.637202571718931
616,"Jackson Hts-Roosevelt Av/74 St-Broadway (7,E,F,M,R)","Queens","QN0401",1.20541273317044,FALSE,FALSE,14907349,458.974223478107,2447.45654207253,3210.29358487206,77.1816037735849,20,11,20,22,13,22,25,16,25,5262.3227996452,10750.8698922627,15438.2820580754,0.189948940493223,0.389832819385541,0.571466356556451
617,"Atlantic Av-Barclays Ctr (2,3,4,5,B,D,N,Q,R)","Brooklyn","BK0602",0.954756164382297,FALSE,FALSE,11178446,83.4628298023832,83.4628298023832,2164.04934277992,58.2900943396226,7,6,7,10,9,10,12,11,12,3312.89395100263,5209.13817856073,6680.85971755768,0.173685638540953,0.262008921279894,0.320975629524401
618,"14 St/8 Av (A,C,E,L)","Manhattan","MN0401",0.682041633156165,FALSE,FALSE,12164345,265.930933192922,512.609682651448,512.609682651448,66.686320754717,9,7,9,14,12,14,14,12,14,5118.50663430867,9632.19945858947,13793.0406763253,0.179555384215681,0.356281772780439,0.567935421771458
619,"Broadway-Lafayette St/Bleecker St (6,B,D,F,M)","Manhattan","MN0202",1.23593330174516,FALSE,FALSE,10812464,163.236485657995,163.236485657995,1291.74975881345,60.8018867924528,6,6,6,7,7,7,9,9,9,3799.27045460185,6502.05328386185,6784.21881193552,0.154705013994386,0.235881122361873,0.243634302020362
620,"Borough Hall/Court St (2,3,4,5,R)","Brooklyn","BK0202",1.36704605554042,FALSE,FALSE,6547577,229.59908866317,853.321792454317,853.321792454317,61.6627358490566,9,9,1,11,11,3,12,12,4,4159.40630474919,7936.18774699442,10729.9637010704,0.178731929236716,0.325761985742385,0.430354615469903
621,"Broadway Junction (A,C,J,Z,L)","Brooklyn","BK1601",0.568412603127196,FALSE,FALSE,2005153,494.02448265309,4115.67216606273,6246.32273272275,54.1391509433962,0,0,0,0,0,0,0,0,0,2064.98329088186,3030.62801215395,3033.07188661889,0.182884189957507,0.270539545797731,0.277834218345444
622,"Brooklyn Bridge-City Hall/Chambers St (4,5,6,J,Z)","Manhattan","MN0102",1.72068802073447,TRUE,FALSE,6308245,349.817674871553,349.817674871553,887.081662546084,66.875,3,3,3,6,6,6,10,10,10,1801.15450001747,4542.90478581383,9145.18495960689,0.162441628656725,0.316806181653191,0.47341893275875
623,"Canal St (6,J,Z,N,Q,R,W)","Manhattan","MN0201",1.02389093600833,FALSE,FALSE,12160551,316.756407733742,688.129994156516,1032.81814193253,69.5518867924528,20,12,19,23,15,22,24,16,23,3255.03797216565,5606.83208092585,6027.34677244585,0.193299701115891,0.300835705353482,0.315680541888584
624,"Chambers St/WTC/Park Place/Cortlandt St (2,3,A,C,E,R,W)","Manhattan","MN0102",1.72068802073447,TRUE,FALSE,14131439,178.805532257556,178.805532257556,855.575217458753,63.1839622641509,3,3,3,3,3,3,3,3,3,2198.52230949304,2201.43079838516,2201.43079838516,0.0786810700472257,0.0787740347674994,0.0787740347674994
625,"Delancey St-Essex St (F,M,J,Z)","Manhattan","MN0302",0.862349755240968,FALSE,FALSE,7843480,442.717348099202,453.423525957627,1787.16761797177,74.1037735849057,9,9,9,12,12,11,15,15,14,6084.04869582678,11781.4444259688,19291.8580113883,0.196259835910491,0.36035575256481,0.551101409706544
626,"Franklin Av-Medgar Evers College/Botanic Garden (2,3,4,5,S)","Brooklyn","BK0901",0.524776707042881,FALSE,FALSE,3743258,515.899172281605,831.743966885803,2350.42630893537,81.7688679245283,3,3,3,3,3,3,3,3,3,6445.44630893895,11592.4960555079,14230.323133954,0.195410045738955,0.359379806097463,0.454835003009465
627,"Franklin Av (C,S)","Brooklyn","BK0301",1.23563830007288,FALSE,FALSE,1363607,93.3359846212047,1389.22531641224,3504.17390357047,25.7547169811321,11,11,8,11,11,8,11,11,8,3918.52372750251,8839.40386140678,11205.8164082476,0.196259835911064,0.425262326143385,0.534425586718839
628,"Fulton St (2,3,4,5,A,C,J,Z)","Manhattan","MN0101",0.553449068501232,FALSE,FALSE,20650784,117.31855481563,117.31855481563,569.268252620129,61.497641509434,14,14,9,15,15,9,16,16,10,4809.2239317469,6301.27353740068,7398.49953727827,0.14638858071629,0.194107322056188,0.233182099446305
629,"Metropolitan Av/Lorimer St (G,L)","Brooklyn","BK0102",0.581671250713063,FALSE,FALSE,4744427,309.265894881875,850.913223270768,958.452830001507,62.3231132075472,7,7,6,8,8,7,8,8,7,4219.6381841446,9421.13037963931,11015.0545483158,0.196259835911024,0.439671232357339,0.522372645057451
630,"Myrtle-Wyckoff Avs (M,L)","Brooklyn","BK0402",1.36558666154075,FALSE,FALSE,5671105,236.102421380942,4049.16511990561,4184.25319871612,60.0353773584906,6,6,6,8,8,8,11,11,11,5206.76341271219,10987.8416686116,13808.1003680739,0.196259835911042,0.40687782753894,0.506636939981396
635,"Whitehall St-South Ferry (1,R,W)","Manhattan","MN0101",0.553449068501232,FALSE,FALSE,6988385,277.683421260816,725.289735442407,725.289735442407,65.0235849056604,6,6,5,7,7,6,7,7,6,701.712644597091,960.08381818921,1013.97765986607,0.151664737201923,0.198651422747991,0.206577057437508
636,"Jay St-MetroTech (A,C,F,R)","Brooklyn","BK0202",1.36704605554042,FALSE,FALSE,8557744,492.699568244192,1113.49586217087,1191.85827426244,76.0141509433962,4,4,4,8,4,8,9,5,9,2328.57908267227,4310.08284862608,5890.32199397806,0.136588443588502,0.221458764424583,0.28990680520624
