"geoid","pop_total","pop_moe","med_hh_income","households","pov_universe","pov_below","poverty_rate","pop_65plus","pct_65plus","dis_universe","pop_disabled","pop_disabled_65plus","disability_rate","borocode","acs_year"
"36005000100",2950,1354,NA,0,0,0,NA,91,0.0308474576271186,0,0,0,NA,"2","2020-2024 5yr"
"36005000200",5061,683,123729,1416,5061,652,0.128828294803399,753,0.148784825133373,5061,702,252,0.138707765263782,"2","2020-2024 5yr"
"36005000400",6649,974,105924,2218,6649,297,0.0446683711836366,935,0.14062265002256,6649,935,281,0.14062265002256,"2","2020-2024 5yr"
"36005001600",5611,602,52147,2083,5329,808,0.151623193844999,1215,0.216538941365176,5412,1105,442,0.204175905395418,"2","2020-2024 5yr"
"36005001901",2260,308,58083,1149,2258,507,0.224534986713906,73,0.0323008849557522,2259,401,73,0.17751217352811,"2","2020-2024 5yr"
"36005001902",2079,359,48953,624,2040,807,0.395588235294118,66,0.0317460317460317,2069,253,45,0.122281295311745,"2","2020-2024 5yr"
"36005001903",0,14,NA,0,0,0,NA,0,NA,0,0,0,NA,"2","2020-2024 5yr"
"36005001904",0,14,NA,0,0,0,NA,0,NA,0,0,0,NA,"2","2020-2024 5yr"
"36005002001",4199,805,22311,1729,4113,2155,0.523948456114758,648,0.15432245772803,4199,1211,428,0.288402000476304,"2","2020-2024 5yr"
"36005002002",3609,807,18649,1808,3551,1526,0.429738101943115,1163,0.322249930728734,3609,1171,586,0.324466611249654,"2","2020-2024 5yr"
"36005002300",4567,632,16332,1904,4567,2754,0.603021677249836,561,0.122837749069411,4567,1208,307,0.264506240420407,"2","2020-2024 5yr"
"36005002400",105,9,NA,0,105,78,0.742857142857143,0,0,105,14,0,0.133333333333333,"2","2020-2024 5yr"
"36005002500",5117,609,35582,1872,5111,2292,0.448444531402857,523,0.102208325190541,5117,975,388,0.190541332812195,"2","2020-2024 5yr"
"36005002701",3111,536,20266,1197,3083,1441,0.467401881284463,628,0.201864352298296,3111,754,492,0.242365798778528,"2","2020-2024 5yr"
"36005002702",4798,604,30895,1528,4788,2206,0.460735171261487,424,0.0883701542309296,4798,997,343,0.207794914547728,"2","2020-2024 5yr"
"36005002800",5462,809,58068,2806,5462,449,0.0822043207616258,853,0.156169901135115,5462,1376,461,0.251922372757232,"2","2020-2024 5yr"
"36005003100",2788,466,59297,1162,2788,612,0.219512195121951,237,0.0850071736011478,2788,282,83,0.101147776183644,"2","2020-2024 5yr"
"36005003300",3577,759,31289,1243,3577,1547,0.432485322896282,535,0.149566675985463,3577,607,336,0.169695275370422,"2","2020-2024 5yr"
"36005003500",3481,794,36569,1428,3481,780,0.224073542085608,473,0.135880494110888,3481,980,334,0.281528296466533,"2","2020-2024 5yr"
"36005003700",418,222,53029,149,387,116,0.299741602067183,34,0.0813397129186603,418,82,26,0.196172248803828,"2","2020-2024 5yr"
"36005003800",1250,322,54214,392,1210,391,0.323140495867769,197,0.1576,1250,209,78,0.1672,"2","2020-2024 5yr"
"36005003900",5581,930,25625,2197,5567,2065,0.370935872103467,876,0.156961118079197,5581,1159,484,0.207668876545422,"2","2020-2024 5yr"
"36005004001",1294,243,78935,489,1294,111,0.0857805255023184,373,0.288253477588872,1294,161,67,0.124420401854714,"2","2020-2024 5yr"
"36005004100",6162,1109,14592,2468,6143,3311,0.538987465407781,748,0.121389159363843,6105,1726,692,0.282719082719083,"2","2020-2024 5yr"
"36005004200",7755,881,55404,2839,7755,1214,0.156544165054803,1273,0.164152159896841,7724,1165,528,0.150828586224754,"2","2020-2024 5yr"
"36005004300",5400,659,23393,2230,5400,2546,0.471481481481482,796,0.147407407407407,5400,1508,454,0.279259259259259,"2","2020-2024 5yr"
"36005004400",4303,572,24375,1539,4118,1573,0.381981544439048,598,0.138972809667674,4118,591,246,0.143516270033997,"2","2020-2024 5yr"
"36005004600",1478,314,30714,664,1403,721,0.513898788310763,298,0.201623815967524,1478,389,175,0.26319350473613,"2","2020-2024 5yr"
"36005004800",4204,644,35870,1498,4204,1072,0.25499524262607,424,0.100856327307326,4204,496,119,0.117982873453853,"2","2020-2024 5yr"
"36005005001",4878,681,33632,1406,4852,2714,0.559356966199505,382,0.0783107831078311,4878,593,117,0.121566215662157,"2","2020-2024 5yr"
"36005005002",6275,1225,34688,1880,6151,2360,0.383677450821005,474,0.0755378486055777,6275,499,206,0.0795219123505976,"2","2020-2024 5yr"
"36005005100",7261,953,25851,2930,7261,2772,0.381765597025203,1240,0.170775375292659,7261,2208,968,0.304090345682413,"2","2020-2024 5yr"
"36005005200",1837,289,39743,813,1837,696,0.378878606423517,289,0.157321720195972,1837,317,78,0.172563962983125,"2","2020-2024 5yr"
"36005005300",4065,858,20608,1614,4065,2597,0.638868388683887,359,0.0883148831488315,4065,963,139,0.23690036900369,"2","2020-2024 5yr"
"36005005400",5482,911,54884,1756,5482,1362,0.248449470995987,484,0.0882889456402773,5482,428,240,0.0780736957314849,"2","2020-2024 5yr"
"36005005600",2501,490,41684,1006,2501,1093,0.43702518992403,466,0.186325469812075,2501,321,189,0.128348660535786,"2","2020-2024 5yr"
"36005005902",3019,478,51364,1288,3019,1030,0.341172573699901,486,0.160980457105002,3019,424,196,0.140443855581318,"2","2020-2024 5yr"
"36005006000",1280,344,78269,386,1264,183,0.144778481012658,203,0.15859375,1280,128,53,0.1,"2","2020-2024 5yr"
"36005006100",3369,677,72123,1875,3351,359,0.10713219934348,917,0.272187592757495,3369,947,393,0.281092312258831,"2","2020-2024 5yr"
"36005006200",6363,1077,27453,2544,6363,2998,0.471161401854471,978,0.153701084394154,6363,1025,388,0.161087537325161,"2","2020-2024 5yr"
"36005006301",7053,1061,59924,3045,7038,2425,0.344558113100313,889,0.12604565433149,7053,997,413,0.141358287253651,"2","2020-2024 5yr"
"36005006302",0,14,NA,0,0,0,NA,0,NA,0,0,0,NA,"2","2020-2024 5yr"
"36005006400",4194,609,41429,1574,4054,1671,0.412185495806611,441,0.105150214592275,4194,420,175,0.100143061516452,"2","2020-2024 5yr"
"36005006500",5024,1013,22740,2245,4980,2702,0.542570281124498,513,0.102109872611465,5008,707,133,0.141174121405751,"2","2020-2024 5yr"
"36005006700",7664,2163,30191,2640,7588,4164,0.548761201897733,781,0.101905010438413,7664,2566,472,0.334812108559499,"2","2020-2024 5yr"
"36005006800",2542,572,32550,893,2542,884,0.347757671125098,541,0.212824547600315,2542,388,160,0.152635719905586,"2","2020-2024 5yr"
"36005006900",6077,958,26608,2705,6077,2378,0.391311502386046,994,0.163567549777851,6077,1202,708,0.197794964620701,"2","2020-2024 5yr"
"36005007000",4408,599,40417,1447,4402,1540,0.349840981372104,709,0.160843920145191,4402,543,212,0.12335302135393,"2","2020-2024 5yr"
"36005007100",2805,430,23148,1530,2802,1021,0.364382583868665,531,0.189304812834225,2802,630,199,0.224839400428266,"2","2020-2024 5yr"
"36005007200",4845,740,58244,1625,4845,905,0.186790505675955,911,0.188028895768834,4845,510,343,0.105263157894737,"2","2020-2024 5yr"
"36005007300",4325,703,29978,1602,4325,1720,0.397687861271676,522,0.120693641618497,4325,526,232,0.121618497109827,"2","2020-2024 5yr"
"36005007400",3280,500,69363,1429,3280,632,0.192682926829268,692,0.210975609756098,3280,405,180,0.123475609756098,"2","2020-2024 5yr"
"36005007500",6353,1041,34259,2430,6353,2753,0.433338580198331,851,0.133952463403117,6353,1203,615,0.189359357783724,"2","2020-2024 5yr"
"36005007600",5252,908,53320,1822,5244,1071,0.204233409610984,750,0.142802741812643,5252,560,226,0.106626047220107,"2","2020-2024 5yr"
"36005007700",1966,478,50733,601,1966,535,0.272126144455748,215,0.109359104781282,1966,602,154,0.306205493387589,"2","2020-2024 5yr"
"36005007800",5633,749,47216,1932,5633,1651,0.293094265932895,515,0.0914255281377596,5633,938,326,0.166518728918871,"2","2020-2024 5yr"
"36005007900",6829,1128,43081,2225,6809,2128,0.312527537083272,833,0.12197979206326,6829,1449,526,0.212183335773905,"2","2020-2024 5yr"
"36005008300",6287,1112,48634,2213,6285,1895,0.30151153540175,573,0.0911404485446159,6287,1554,487,0.247176713853984,"2","2020-2024 5yr"
"36005008400",3108,714,63631,1023,3036,470,0.154808959156785,523,0.168275418275418,3108,628,210,0.202059202059202,"2","2020-2024 5yr"
"36005008500",5866,643,41535,2189,5861,1574,0.268554854120457,655,0.111660415956359,5866,1099,368,0.187350835322196,"2","2020-2024 5yr"
"36005008600",3849,929,22671,1550,3813,1832,0.480461578809336,757,0.196674460898935,3849,1172,507,0.304494673941283,"2","2020-2024 5yr"
"36005008700",5914,849,40188,2091,5738,2120,0.369466713140467,697,0.117855935069327,5807,1162,410,0.200103323574996,"2","2020-2024 5yr"
"36005008900",2949,501,35914,1346,2919,754,0.258307639602604,849,0.287894201424212,2947,1093,406,0.370885646420088,"2","2020-2024 5yr"
"36005009000",3861,608,36806,1281,3764,1613,0.428533475026567,614,0.159026159026159,3861,965,454,0.24993524993525,"2","2020-2024 5yr"
"36005009200",5888,776,58717,1872,5888,934,0.158627717391304,625,0.106148097826087,5888,657,284,0.111582880434783,"2","2020-2024 5yr"
"36005009301",5754,1102,50962,1912,5623,1460,0.259647874799929,502,0.0872436565867223,5714,1124,198,0.196709835491775,"2","2020-2024 5yr"
"36005009302",319,306,NA,0,84,28,0.333333333333333,53,0.166144200626959,84,84,42,1,"2","2020-2024 5yr"
"36005009600",1978,353,47212,818,1780,369,0.207303370786517,428,0.216380182002022,1780,196,89,0.110112359550562,"2","2020-2024 5yr"
"36005009800",4080,782,97896,1669,4071,504,0.123802505526898,1241,0.304166666666667,4071,1006,715,0.247113731269958,"2","2020-2024 5yr"
"36005011000",0,14,NA,0,0,0,NA,0,NA,0,0,0,NA,"2","2020-2024 5yr"
"36005011502",3935,838,30922,1513,3928,1509,0.384164969450102,522,0.132655654383736,3935,866,198,0.22007623888183,"2","2020-2024 5yr"
"36005011701",1262,286,36857,474,1262,199,0.157686212361331,120,0.0950871632329636,1262,295,47,0.233755942947702,"2","2020-2024 5yr"
"36005011702",0,14,NA,0,0,0,NA,0,NA,0,0,0,NA,"2","2020-2024 5yr"
"36005011800",5057,645,93319,1517,3823,460,0.120324352602668,679,0.13426932964208,5027,586,331,0.11657051919634,"2","2020-2024 5yr"
"36005011900",5879,1062,44122,1875,5842,1343,0.229887024991441,956,0.162612689232863,5826,1281,545,0.219876416065911,"2","2020-2024 5yr"
"36005012101",3293,527,34464,1057,3293,1067,0.324020649863346,429,0.13027634375949,3293,731,204,0.221986030974795,"2","2020-2024 5yr"
"36005012102",1429,258,28200,572,1399,557,0.398141529664046,293,0.205038488453464,1429,530,198,0.370888733379986,"2","2020-2024 5yr"
"36005012300",4712,913,36435,1772,4712,1511,0.320670628183362,403,0.0855263157894737,4712,1358,250,0.288200339558574,"2","2020-2024 5yr"
"36005012500",4001,604,55772,1449,3989,1188,0.297819002256205,259,0.0647338165458635,4001,571,134,0.142714321419645,"2","2020-2024 5yr"
"36005012701",2129,578,34688,745,2102,706,0.335870599429115,216,0.101456082667919,2129,579,148,0.271958666040395,"2","2020-2024 5yr"
"36005012901",4944,1045,39409,1744,4754,2143,0.450778291964661,466,0.0942556634304207,4921,1654,296,0.336110546636862,"2","2020-2024 5yr"
"36005013000",1388,429,59595,472,1388,325,0.234149855907781,278,0.20028818443804,1388,265,161,0.190922190201729,"2","2020-2024 5yr"
"36005013100",5288,703,19760,2225,5277,2083,0.394731855220769,642,0.121406959152799,5288,1725,467,0.326210287443268,"2","2020-2024 5yr"
"36005013200",7083,1032,107563,2605,7083,397,0.0560496964563038,1134,0.16010165184244,7083,1809,570,0.255400254129606,"2","2020-2024 5yr"
"36005013300",6087,958,28560,2269,6087,2857,0.469360933136192,492,0.0808279940857565,6087,1733,339,0.28470510924922,"2","2020-2024 5yr"
"36005013500",4075,1056,26125,1534,4075,1977,0.485153374233129,236,0.0579141104294479,4075,925,161,0.226993865030675,"2","2020-2024 5yr"
"36005013800",3062,475,92567,1255,3062,568,0.185499673416068,495,0.161659046374918,3062,615,272,0.200849118223383,"2","2020-2024 5yr"
"36005014100",7856,860,38816,3034,7856,2133,0.271512219959267,417,0.0530804480651731,7744,1466,131,0.189307851239669,"2","2020-2024 5yr"
"36005014300",1647,238,12367,743,1617,800,0.494743351886209,197,0.119611414693382,1647,487,136,0.295689131754706,"2","2020-2024 5yr"
"36005014400",6128,937,30288,2428,6091,1724,0.283040551633558,1197,0.195332898172324,6128,1451,834,0.236781984334204,"2","2020-2024 5yr"
"36005014500",6899,1481,28104,2433,6678,3537,0.529649595687331,969,0.140455138425859,6679,1278,535,0.191346009881719,"2","2020-2024 5yr"
"36005014701",6094,1538,35277,2009,6085,3678,0.604437140509449,689,0.113062028224483,6094,1472,555,0.241549064653758,"2","2020-2024 5yr"
"36005014702",4950,958,23825,1924,4950,1795,0.362626262626263,830,0.167676767676768,4950,667,200,0.134747474747475,"2","2020-2024 5yr"
"36005014900",4714,1212,35982,1546,4631,2036,0.439645864824012,319,0.0676707679253288,4631,802,107,0.173180738501404,"2","2020-2024 5yr"
"36005015100",5216,1010,31298,2117,5051,1603,0.317362898435953,636,0.121932515337423,5199,1580,460,0.303904597037892,"2","2020-2024 5yr"
"36005015200",2562,467,81875,986,2474,286,0.115602263540825,408,0.159250585480094,2562,299,102,0.116705698672912,"2","2020-2024 5yr"
"36005015300",3603,710,33028,1781,3596,896,0.24916573971079,356,0.0988065500971413,3603,872,245,0.242020538440189,"2","2020-2024 5yr"
"36005015500",3016,639,43913,1064,3016,839,0.278183023872679,475,0.157493368700265,3016,857,351,0.284151193633952,"2","2020-2024 5yr"
"36005015700",6152,968,46504,2321,6152,1835,0.298276983094929,626,0.101755526657997,6152,1219,193,0.198146944083225,"2","2020-2024 5yr"
"36005015800",1490,289,87656,534,1490,285,0.191275167785235,375,0.251677852348993,1490,313,183,0.21006711409396,"2","2020-2024 5yr"
"36005015900",2407,489,25686,1023,2405,890,0.37006237006237,456,0.189447444952223,2405,751,284,0.312266112266112,"2","2020-2024 5yr"
"36005016000",3848,562,90221,1521,3832,576,0.150313152400835,766,0.199064449064449,3848,543,253,0.141112266112266,"2","2020-2024 5yr"
"36005016100",4703,695,23210,2224,4703,1763,0.374867106102488,1225,0.260472039123963,4703,1425,598,0.302998086327876,"2","2020-2024 5yr"
"36005016200",1885,403,121645,509,1697,97,0.0571596935769004,308,0.163395225464191,1697,158,40,0.0931054802592811,"2","2020-2024 5yr"
"36005016300",0,14,NA,0,0,0,NA,0,NA,0,0,0,NA,"2","2020-2024 5yr"
"36005016400",1132,310,69057,392,1132,243,0.214664310954064,212,0.187279151943463,1132,156,80,0.137809187279152,"2","2020-2024 5yr"
"36005016500",1311,285,52446,376,1311,285,0.217391304347826,62,0.0472921434019832,1311,158,26,0.120518688024409,"2","2020-2024 5yr"
"36005016600",2395,399,109519,802,2376,319,0.134259259259259,231,0.0964509394572025,2395,367,91,0.153235908141962,"2","2020-2024 5yr"
"36005016700",3015,400,45363,1154,2961,1095,0.369807497467072,202,0.0669983416252073,3015,621,97,0.205970149253731,"2","2020-2024 5yr"
"36005016900",1944,312,42168,607,1904,990,0.519957983193277,231,0.118827160493827,1944,439,93,0.22582304526749,"2","2020-2024 5yr"
"36005017100",0,14,NA,0,0,0,NA,0,NA,0,0,0,NA,"2","2020-2024 5yr"
"36005017300",5266,984,33269,2276,5265,1590,0.301994301994302,807,0.153247246486897,5265,1784,684,0.338841405508072,"2","2020-2024 5yr"
"36005017500",6264,976,18474,2975,6228,2433,0.390655105973025,1022,0.163154533844189,6228,1498,643,0.240526653821451,"2","2020-2024 5yr"
"36005017701",5395,828,62126,1462,5025,1261,0.250945273631841,648,0.120111214087118,4984,774,182,0.15529695024077,"2","2020-2024 5yr"
"36005017702",5232,1071,40125,1675,5232,1818,0.347477064220183,672,0.128440366972477,5232,944,257,0.180428134556575,"2","2020-2024 5yr"
"36005017901",4968,876,47778,1688,4968,1002,0.201690821256039,444,0.0893719806763285,4968,731,131,0.147141706924316,"2","2020-2024 5yr"
"36005017902",3030,729,42870,1216,3030,483,0.159405940594059,373,0.123102310231023,3030,610,226,0.201320132013201,"2","2020-2024 5yr"
"36005018101",2881,709,55664,1084,2876,665,0.231223922114047,260,0.0902464422075668,2876,589,152,0.204798331015299,"2","2020-2024 5yr"
"36005018102",5324,919,31618,2150,5066,1583,0.31247532570075,1141,0.214312546957175,5107,1084,433,0.212257685529665,"2","2020-2024 5yr"
"36005018301",3933,561,46389,1934,3933,1116,0.283752860411899,970,0.246631070429697,3933,964,606,0.24510551741673,"2","2020-2024 5yr"
"36005018302",3295,589,68627,1452,3295,787,0.238846737481032,325,0.0986342943854325,3295,490,183,0.148710166919575,"2","2020-2024 5yr"
"36005018400",3886,669,92273,1340,3886,505,0.12995367987648,611,0.157231085949563,3886,362,174,0.0931549150797735,"2","2020-2024 5yr"
"36005018501",3775,706,49444,1466,3761,1162,0.308960382876894,385,0.101986754966887,3775,592,114,0.15682119205298,"2","2020-2024 5yr"
"36005018502",5525,1011,28963,2106,5479,2784,0.508121920058405,492,0.0890497737556561,5520,1178,317,0.213405797101449,"2","2020-2024 5yr"
"36005018900",8244,1042,54056,3050,8034,2079,0.258775205377147,553,0.0670790878214459,8163,1420,240,0.173955653558741,"2","2020-2024 5yr"
"36005019300",5949,987,46794,2519,5735,859,0.149782040104621,613,0.103042528155993,5949,1150,468,0.193309799966381,"2","2020-2024 5yr"
"36005019400",2117,350,100950,696,2117,166,0.0784128483703354,313,0.147850732168162,2117,322,149,0.152102031176193,"2","2020-2024 5yr"
"36005019500",7738,1832,45661,2703,6997,2781,0.397456052593969,813,0.105065908503489,7738,1416,394,0.182993021452572,"2","2020-2024 5yr"
"36005019700",7628,1188,25439,2528,7542,4287,0.568416865552904,532,0.069743051914001,7628,1332,291,0.174619821709491,"2","2020-2024 5yr"
"36005019900",6852,1230,34311,3185,6781,2421,0.357026987170034,902,0.13164039696439,6852,1175,336,0.17148277875073,"2","2020-2024 5yr"
"36005020000",4419,571,46622,1430,4398,1156,0.262846748522055,448,0.101380402806065,4398,448,204,0.101864483856298,"2","2020-2024 5yr"
"36005020100",3845,662,32692,1406,3845,1713,0.445513654096229,511,0.132899869960988,3845,585,150,0.152145643693108,"2","2020-2024 5yr"
"36005020200",2602,354,53491,975,2593,668,0.257616660239105,527,0.202536510376633,2602,324,254,0.124519600307456,"2","2020-2024 5yr"
"36005020400",2829,520,55947,988,2823,747,0.26461211477152,259,0.0915517850830682,2807,362,102,0.128963306020663,"2","2020-2024 5yr"
"36005020501",8397,1216,27349,2681,8397,3682,0.43848993688222,950,0.113135643682267,8397,1989,626,0.236870310825295,"2","2020-2024 5yr"
"36005020502",2331,375,39688,1040,2316,554,0.239205526770294,367,0.157443157443157,2321,640,268,0.27574321413184,"2","2020-2024 5yr"
"36005020601",2852,638,86701,937,2840,553,0.194718309859155,401,0.140603085553997,2849,400,184,0.14040014040014,"2","2020-2024 5yr"
"36005020900",4809,787,38333,1944,4796,1281,0.267097581317765,362,0.0752755250571844,4809,447,154,0.0929507174048659,"2","2020-2024 5yr"
"36005021001",7347,1080,52629,3563,7346,1393,0.189627007895453,1141,0.155301483598748,7347,1249,508,0.170001361099769,"2","2020-2024 5yr"
"36005021002",7434,1507,73188,3158,7410,1739,0.23468286099865,1112,0.149582997040624,7434,837,395,0.112590799031477,"2","2020-2024 5yr"
"36005021100",5922,1104,52128,2002,5812,1758,0.302477632484515,791,0.133569739952719,5920,852,362,0.143918918918919,"2","2020-2024 5yr"
"36005021200",5322,749,68926,2325,5218,1106,0.211958604829437,963,0.180947012401353,5322,746,484,0.140172867343104,"2","2020-2024 5yr"
"36005021301",1289,589,37171,447,1289,413,0.320403413498836,99,0.0768037238169123,1289,172,34,0.133436772692009,"2","2020-2024 5yr"
"36005021302",5898,980,37049,2324,5898,2441,0.413869108172262,1382,0.234316717531367,5898,1394,658,0.236351305527297,"2","2020-2024 5yr"
"36005021501",4346,897,37171,1348,4247,1684,0.396515187190958,253,0.058214450069029,4346,568,113,0.130694891854579,"2","2020-2024 5yr"
"36005021502",6235,1008,20415,2322,6163,2880,0.467304883985072,454,0.0728147554129912,6235,1581,254,0.253568564554932,"2","2020-2024 5yr"
"36005021601",4118,761,33990,1582,4118,1241,0.301359883438562,411,0.0998057309373482,4118,370,126,0.0898494414764449,"2","2020-2024 5yr"
"36005021602",6027,1028,58569,2345,6027,1075,0.178364028538245,980,0.16260162601626,6027,515,241,0.0854488136718102,"2","2020-2024 5yr"
"36005021700",5006,849,36195,1939,5005,1915,0.382617382617383,441,0.0880942868557731,5006,1047,211,0.20914902117459,"2","2020-2024 5yr"
"36005021800",6050,997,60108,2329,6010,1521,0.253078202995008,631,0.104297520661157,6050,974,219,0.16099173553719,"2","2020-2024 5yr"
"36005021900",1488,153,48444,489,1477,207,0.140148950575491,137,0.0920698924731183,1488,212,105,0.14247311827957,"2","2020-2024 5yr"
"36005022000",1872,349,23910,650,1777,1091,0.613956105796286,202,0.107905982905983,1872,366,119,0.19551282051282,"2","2020-2024 5yr"
"36005022101",3752,746,52176,1339,3724,891,0.239258861439313,273,0.0727611940298507,3752,574,177,0.152985074626866,"2","2020-2024 5yr"
"36005022102",5144,915,33614,1681,5128,1810,0.352964118564743,636,0.123639191290824,5144,986,304,0.191679626749611,"2","2020-2024 5yr"
"36005022200",3330,482,48110,1089,3271,877,0.268113726689086,333,0.1,3315,440,160,0.132730015082956,"2","2020-2024 5yr"
"36005022300",4867,893,45257,2103,4867,1610,0.330799260324635,431,0.0885555783850421,4867,950,207,0.195192110129443,"2","2020-2024 5yr"
"36005022401",2433,391,53398,965,2433,561,0.230579531442663,430,0.176736539251952,2433,460,169,0.189066995478833,"2","2020-2024 5yr"
"36005022403",2782,512,72143,1154,2782,390,0.14018691588785,218,0.0783608914450036,2782,545,78,0.195902228612509,"2","2020-2024 5yr"
"36005022404",4292,593,61760,1875,4261,692,0.162403191739028,592,0.137931034482759,4292,708,201,0.164958061509786,"2","2020-2024 5yr"
"36005022500",8040,1518,50243,2225,7960,2048,0.257286432160804,855,0.10634328358209,8040,1852,420,0.230348258706468,"2","2020-2024 5yr"
"36005022701",4942,666,37828,2025,4939,1419,0.287305122494432,319,0.0645487656819102,4939,835,105,0.169062563271917,"2","2020-2024 5yr"
"36005022702",1071,208,34145,545,1071,509,0.475256769374416,177,0.165266106442577,1071,286,74,0.267040149393091,"2","2020-2024 5yr"
"36005022703",1685,637,60694,695,1661,623,0.375075255869958,295,0.175074183976261,1685,447,161,0.265281899109792,"2","2020-2024 5yr"
"36005022800",5744,842,83859,2381,5628,551,0.0979033404406539,692,0.120473537604457,5687,636,233,0.111834007385265,"2","2020-2024 5yr"
"36005022901",5927,794,52222,1970,5918,1793,0.302973977695167,243,0.0409988189640628,5927,924,172,0.155896743715202,"2","2020-2024 5yr"
"36005022902",3378,677,47833,1186,3378,1038,0.307282415630551,372,0.1101243339254,3378,945,199,0.279751332149201,"2","2020-2024 5yr"
"36005023000",2889,618,53826,965,2889,1107,0.383177570093458,171,0.059190031152648,2889,375,47,0.129802699896158,"2","2020-2024 5yr"
"36005023100",1420,312,NA,404,1254,365,0.291068580542265,183,0.12887323943662,1254,267,41,0.212918660287081,"2","2020-2024 5yr"
"36005023200",2626,397,50893,867,2626,871,0.331683168316832,274,0.104341203351104,2626,344,107,0.130997715156131,"2","2020-2024 5yr"
"36005023301",3841,512,37936,1622,3814,1189,0.311746198217095,415,0.108044780005207,3841,713,174,0.18562874251497,"2","2020-2024 5yr"
"36005023302",3955,658,69030,1082,3955,953,0.240960809102402,251,0.0634639696586599,3955,777,174,0.19646017699115,"2","2020-2024 5yr"
"36005023501",2963,588,19940,1211,2963,1203,0.406007424907189,356,0.120148498143773,2963,701,227,0.236584542693216,"2","2020-2024 5yr"
"36005023502",4490,988,41780,1703,4276,1313,0.307062675397568,692,0.154120267260579,4490,1549,522,0.344988864142539,"2","2020-2024 5yr"
"36005023600",1782,373,52368,566,1777,470,0.264490714687676,191,0.107182940516274,1777,224,98,0.126055149127743,"2","2020-2024 5yr"
"36005023702",1021,476,34922,317,1021,339,0.332027424094025,93,0.0910871694417238,1021,115,43,0.112634671890304,"2","2020-2024 5yr"
"36005023703",4959,865,32892,1835,4946,1948,0.39385361908613,438,0.08832425892317,4959,863,145,0.174027021576931,"2","2020-2024 5yr"
"36005023704",3358,585,32228,1392,3358,1247,0.371351995235259,295,0.0878499106611078,3358,528,100,0.157236450268017,"2","2020-2024 5yr"
"36005023800",2552,381,64408,802,2525,554,0.219405940594059,172,0.0673981191222571,2552,357,73,0.139890282131661,"2","2020-2024 5yr"
"36005023900",8591,1670,37543,2583,8570,3371,0.393348891481914,476,0.0554068210918403,8591,1269,322,0.147712722616692,"2","2020-2024 5yr"
"36005024000",3855,712,68832,1319,3855,725,0.188067444876783,519,0.134630350194553,3834,515,133,0.134324465310381,"2","2020-2024 5yr"
"36005024100",6078,1029,22361,2309,6067,2451,0.403988791824625,1058,0.174070417900625,6078,922,343,0.151694636393551,"2","2020-2024 5yr"
"36005024300",4134,773,30446,2007,4133,1190,0.287926445681103,424,0.102564102564103,4134,1032,292,0.249637155297533,"2","2020-2024 5yr"
"36005024400",2252,305,82083,830,2241,388,0.173136992414101,229,0.101687388987567,2252,230,117,0.102131438721137,"2","2020-2024 5yr"
"36005024501",4856,699,45900,1630,4813,1580,0.328277581549969,898,0.18492586490939,4856,1298,480,0.267298187808896,"2","2020-2024 5yr"
"36005024502",4226,821,60221,1256,4225,1014,0.24,427,0.101041173686701,4225,627,224,0.148402366863905,"2","2020-2024 5yr"
"36005024600",2037,348,97115,774,2026,145,0.0715695952615992,450,0.220913107511046,2037,295,127,0.144820814923908,"2","2020-2024 5yr"
"36005024700",1756,265,48906,735,1756,281,0.16002277904328,252,0.143507972665148,1756,304,132,0.173120728929385,"2","2020-2024 5yr"
"36005024800",3699,588,61210,1250,3410,517,0.151612903225806,847,0.228980805623141,3397,446,225,0.131292316750074,"2","2020-2024 5yr"
"36005024900",0,14,NA,0,0,0,NA,0,NA,0,0,0,NA,"2","2020-2024 5yr"
"36005025000",2763,663,109896,905,2748,296,0.107714701601164,440,0.159247195077814,2763,290,210,0.104958378574014,"2","2020-2024 5yr"
"36005025100",6983,1493,36845,2314,6983,2828,0.404983531433481,785,0.112415867105828,6983,1730,392,0.247744522411571,"2","2020-2024 5yr"
"36005025200",2582,409,83688,921,2469,123,0.0498177399756987,285,0.110379550735864,2582,212,76,0.0821068938807126,"2","2020-2024 5yr"
"36005025300",5503,955,42976,1862,5477,1828,0.333759357312397,510,0.0926767217881156,5503,917,260,0.166636380156278,"2","2020-2024 5yr"
"36005025400",2582,540,90108,833,2582,344,0.133230054221534,413,0.15995352439969,2582,280,137,0.10844306738962,"2","2020-2024 5yr"
"36005025500",6139,1032,49159,2311,6116,1379,0.225474166121648,1133,0.184557745561166,6136,1265,673,0.20616036505867,"2","2020-2024 5yr"
"36005025600",1582,344,60815,626,1528,102,0.0667539267015707,274,0.173198482932996,1528,235,106,0.153795811518325,"2","2020-2024 5yr"
"36005025700",1685,353,38667,656,1685,673,0.399406528189911,172,0.102077151335312,1685,389,90,0.230860534124629,"2","2020-2024 5yr"
"36005026100",2047,294,59242,1126,2025,294,0.145185185185185,466,0.227650219833903,2025,321,152,0.158518518518519,"2","2020-2024 5yr"
"36005026300",6381,1100,42100,2248,5743,1357,0.236287654535957,1359,0.212976022566996,5743,951,328,0.165592895699112,"2","2020-2024 5yr"
"36005026400",5870,860,65337,2227,5790,724,0.125043177892919,480,0.0817717206132879,5870,399,93,0.0679727427597956,"2","2020-2024 5yr"
"36005026500",6906,1217,71688,2181,6803,1031,0.151550786417757,626,0.0906458152331306,6815,642,55,0.0942039618488628,"2","2020-2024 5yr"
"36005026601",3214,461,51042,1400,3214,988,0.307405102675793,384,0.119477286869944,3214,429,179,0.133478531425016,"2","2020-2024 5yr"
"36005026602",5900,1092,53969,2532,5900,1002,0.169830508474576,1144,0.193898305084746,5900,1137,595,0.19271186440678,"2","2020-2024 5yr"
"36005026701",3591,795,52286,1290,3591,1043,0.290448343079922,394,0.109718741297689,3591,430,160,0.11974380395433,"2","2020-2024 5yr"
"36005026702",6841,1075,75924,2546,6827,1379,0.201992090229969,1209,0.176728548457828,6817,1045,329,0.153293237494499,"2","2020-2024 5yr"
"36005026900",4040,574,27569,1926,3991,1506,0.377349035329491,486,0.12029702970297,4040,897,274,0.222029702970297,"2","2020-2024 5yr"
"36005027300",6431,1160,51730,2979,6218,1662,0.267288517208105,1123,0.174622920230135,6218,558,173,0.0897394660662593,"2","2020-2024 5yr"
"36005027401",4973,632,105346,1840,4973,457,0.0918962396943495,825,0.165895837522622,4973,839,324,0.168711039613915,"2","2020-2024 5yr"
"36005027402",3492,556,108235,1316,3336,243,0.072841726618705,795,0.22766323024055,3308,418,255,0.126360338573156,"2","2020-2024 5yr"
"36005027600",154,232,NA,31,154,16,0.103896103896104,1,0.00649350649350649,154,20,0,0.12987012987013,"2","2020-2024 5yr"
"36005027700",4474,596,48750,1790,4474,1362,0.304425569959768,249,0.0556548949485919,4474,787,90,0.175905230219043,"2","2020-2024 5yr"
"36005027900",8359,1243,72721,3017,8037,1379,0.171581435859151,1033,0.123579375523388,8003,1313,222,0.164063476196426,"2","2020-2024 5yr"
"36005028100",3565,490,65982,1673,3357,183,0.0545129579982127,1517,0.425525946704067,3357,549,421,0.163538873994638,"2","2020-2024 5yr"
"36005028300",2325,965,13796,1044,2325,1516,0.652043010752688,151,0.0649462365591398,2325,477,69,0.205161290322581,"2","2020-2024 5yr"
"36005028400",374,48,NA,0,135,107,0.792592592592593,118,0.315508021390374,135,32,3,0.237037037037037,"2","2020-2024 5yr"
"36005028500",3422,568,70659,1799,3414,353,0.103397773872291,507,0.148158971361777,3422,586,168,0.17124488603156,"2","2020-2024 5yr"
"36005028600",1248,321,72692,532,1248,90,0.0721153846153846,362,0.290064102564103,1248,169,109,0.135416666666667,"2","2020-2024 5yr"
"36005028700",3543,517,62500,1244,3529,311,0.0881269481439501,379,0.106971493084956,3530,427,85,0.120963172804533,"2","2020-2024 5yr"
"36005028800",2589,694,97969,1046,2589,238,0.0919273850907686,422,0.16299729625338,2589,297,98,0.114716106604867,"2","2020-2024 5yr"
"36005028900",4461,810,61797,1861,4314,804,0.186369958275382,692,0.155122169917059,4314,448,152,0.103847936949467,"2","2020-2024 5yr"
"36005029301",1874,169,145951,939,1710,94,0.0549707602339181,766,0.408751334044824,1710,187,150,0.109356725146199,"2","2020-2024 5yr"
"36005029302",5439,817,133102,2652,5319,94,0.0176724948298552,1738,0.319544033829748,5319,759,496,0.142695995487874,"2","2020-2024 5yr"
"36005029500",4582,796,98125,2014,4582,740,0.161501527717154,835,0.182234831951113,4582,589,312,0.128546486250546,"2","2020-2024 5yr"
"36005029600",2367,282,57474,1098,2018,375,0.185827552031715,285,0.120405576679341,2304,205,79,0.0889756944444444,"2","2020-2024 5yr"
"36005029700",4157,366,100548,1887,3926,133,0.0338767193071829,1433,0.344719749819581,3926,824,496,0.209882832399389,"2","2020-2024 5yr"
"36005030000",6944,1018,78155,2560,6860,625,0.0911078717201166,791,0.113911290322581,6920,604,315,0.0872832369942197,"2","2020-2024 5yr"
"36005030100",1570,189,80357,692,1215,99,0.0814814814814815,727,0.463057324840764,1215,130,114,0.106995884773663,"2","2020-2024 5yr"
"36005030201",3681,628,69500,1686,3681,377,0.102417821244227,786,0.213528932355338,3681,581,266,0.157837544145613,"2","2020-2024 5yr"
"36005030202",6165,1157,74044,2683,6160,513,0.0832792207792208,1214,0.196918085969181,6160,749,364,0.121590909090909,"2","2020-2024 5yr"
"36005030701",5743,941,109890,2411,5743,239,0.041615880201985,1468,0.255615531951941,5743,837,349,0.14574264321783,"2","2020-2024 5yr"
"36005030900",3812,425,117333,1442,2946,92,0.0312287847929396,1732,0.454354669464848,3072,533,506,0.173502604166667,"2","2020-2024 5yr"
"36005031000",4618,525,148168,1291,3721,156,0.041924213920989,1473,0.318969250757904,3721,309,209,0.083042192958882,"2","2020-2024 5yr"
"36005031200",1489,374,108056,532,1474,171,0.116010854816825,308,0.206850235057085,1432,170,126,0.118715083798883,"2","2020-2024 5yr"
"36005031400",2232,343,111800,596,2024,105,0.0518774703557312,466,0.208781362007168,2052,191,130,0.0930799220272904,"2","2020-2024 5yr"
"36005031600",1697,318,79263,711,1697,303,0.178550383028874,545,0.321154979375368,1697,327,188,0.192692987625221,"2","2020-2024 5yr"
"36005031800",1820,348,96000,542,1663,70,0.042092603728202,324,0.178021978021978,1663,177,97,0.106434155141311,"2","2020-2024 5yr"
"36005031900",693,36,NA,6,100,88,0.88,71,0.102453102453102,685,111,48,0.162043795620438,"2","2020-2024 5yr"
"36005032300",4981,510,95556,2690,4923,175,0.0355474304286004,2007,0.402931138325637,4923,767,572,0.155799309364209,"2","2020-2024 5yr"
"36005032400",2961,518,31489,1293,2930,959,0.327303754266212,447,0.15096251266464,2930,425,223,0.145051194539249,"2","2020-2024 5yr"
"36005032600",3542,654,89323,1065,3388,526,0.155253837072019,710,0.200451722190853,3388,431,248,0.127213695395514,"2","2020-2024 5yr"
"36005032800",4132,583,49720,1407,4110,773,0.188077858880779,405,0.0980154888673766,4132,613,142,0.148354307841239,"2","2020-2024 5yr"
"36005033000",5197,773,40133,2087,5194,1244,0.239507123604159,968,0.186261304598807,5194,753,371,0.144974971120524,"2","2020-2024 5yr"
"36005033201",4050,661,35360,2258,4046,1133,0.280029658922393,969,0.239259259259259,4046,996,407,0.246169055857637,"2","2020-2024 5yr"
"36005033202",3628,553,50245,1478,3182,806,0.253299811439346,1099,0.302921719955899,3182,508,301,0.159648020113136,"2","2020-2024 5yr"
"36005033400",32,35,NA,8,32,2,0.0625,0,0,32,13,0,0.40625,"2","2020-2024 5yr"
"36005033500",2236,271,109867,801,1761,237,0.13458262350937,420,0.18783542039356,2122,165,82,0.0777568331762488,"2","2020-2024 5yr"
"36005033601",4414,704,20765,2188,4403,2005,0.455371337724279,676,0.15314907113729,4414,967,451,0.219075668328047,"2","2020-2024 5yr"
"36005033602",1234,272,70475,589,1218,171,0.140394088669951,293,0.237439222042139,1234,318,225,0.257698541329011,"2","2020-2024 5yr"
"36005033700",3198,513,125273,1049,3143,158,0.0502704422526249,849,0.265478424015009,3193,517,352,0.161916692765424,"2","2020-2024 5yr"
"36005033801",2011,384,72725,913,2011,461,0.229239184485331,173,0.0860268523122825,2011,303,105,0.150671307807061,"2","2020-2024 5yr"
"36005033802",1579,511,62153,528,1569,525,0.334608030592734,131,0.0829639012032932,1579,142,48,0.0899303356554781,"2","2020-2024 5yr"
"36005034000",5049,859,63500,1762,4978,984,0.1976697468863,523,0.103584868290751,5004,415,91,0.082933653077538,"2","2020-2024 5yr"
"36005034200",1625,440,73298,625,1603,302,0.188396756082346,221,0.136,1625,175,52,0.107692307692308,"2","2020-2024 5yr"
"36005034300",1647,298,76940,575,1456,71,0.0487637362637363,457,0.277474195506982,1472,142,56,0.0964673913043478,"2","2020-2024 5yr"
"36005034400",1717,637,79167,586,1708,582,0.340749414519906,174,0.101339545719278,1717,205,74,0.119394292370414,"2","2020-2024 5yr"
"36005034500",4037,567,100539,1680,3950,399,0.101012658227848,702,0.173891503591776,3950,565,274,0.143037974683544,"2","2020-2024 5yr"
"36005034800",6051,1331,55700,2106,6046,1143,0.189050611974859,842,0.1391505536275,6046,632,242,0.104531921931856,"2","2020-2024 5yr"
"36005035000",1887,402,72778,790,1887,143,0.0757816640169581,249,0.131955484896661,1887,170,65,0.0900900900900901,"2","2020-2024 5yr"
"36005035100",3461,427,94948,1258,2707,198,0.0731437015145918,442,0.127708754695175,3461,422,76,0.121930078012135,"2","2020-2024 5yr"
"36005035600",2207,351,85962,678,2201,277,0.125851885506588,331,0.149977344811962,2202,302,73,0.137148047229791,"2","2020-2024 5yr"
"36005035800",6673,1012,87553,2646,6673,619,0.0927618762175933,1348,0.202008092312303,6673,688,395,0.103102053049603,"2","2020-2024 5yr"
"36005035900",3873,504,34472,1693,3822,1623,0.424646781789639,626,0.161631809966434,3873,713,345,0.184095016782856,"2","2020-2024 5yr"
"36005036000",2779,468,85708,962,2571,480,0.186697782963827,643,0.231378193594818,2606,293,83,0.112432847275518,"2","2020-2024 5yr"
"36005036100",4690,946,29250,1969,4678,2287,0.488884138520735,812,0.173134328358209,4679,1166,376,0.249198546698012,"2","2020-2024 5yr"
"36005036300",6727,1063,27273,2458,6714,2729,0.406464104855526,624,0.0927605173182697,6718,1478,371,0.220005954153022,"2","2020-2024 5yr"
"36005036400",2304,415,64850,857,2304,225,0.09765625,430,0.186631944444444,2304,383,160,0.166232638888889,"2","2020-2024 5yr"
"36005036501",4287,751,47739,1445,4287,1051,0.245159785397714,525,0.122463261021693,4287,837,213,0.195241427571728,"2","2020-2024 5yr"
"36005036502",2287,535,27110,768,2280,857,0.375877192982456,195,0.085264538696983,2280,353,92,0.154824561403509,"2","2020-2024 5yr"
"36005036700",2718,480,27465,777,2627,1079,0.410734678340312,169,0.062178072111847,2718,694,73,0.255334805003679,"2","2020-2024 5yr"
"36005036800",1958,371,65781,624,1941,545,0.280783101494075,372,0.189989785495403,1927,390,140,0.202387130254281,"2","2020-2024 5yr"
"36005036901",1808,378,16232,763,1780,798,0.448314606741573,269,0.148783185840708,1780,626,250,0.351685393258427,"2","2020-2024 5yr"
"36005036902",2504,279,36484,850,2504,942,0.376198083067093,174,0.0694888178913738,2504,462,164,0.184504792332268,"2","2020-2024 5yr"
"36005037000",2362,498,108523,735,2362,395,0.16723116003387,307,0.129974597798476,2362,326,175,0.138018628281118,"2","2020-2024 5yr"
"36005037100",4218,655,39932,1769,4202,1011,0.240599714421704,903,0.214082503556188,4218,1149,536,0.272403982930299,"2","2020-2024 5yr"
"36005037200",2017,346,75224,852,1969,253,0.128491620111732,318,0.15765989092712,2017,187,75,0.0927119484382747,"2","2020-2024 5yr"
"36005037300",6202,1216,50000,2382,6185,1415,0.228779304769604,885,0.14269590454692,6197,2260,624,0.364692593190253,"2","2020-2024 5yr"
"36005037400",3633,731,35785,1506,3602,1169,0.324541921154914,416,0.114505917974126,3633,673,179,0.185246352876411,"2","2020-2024 5yr"
"36005037504",4015,519,40219,1560,3831,1240,0.323675280605586,399,0.0993773349937734,3831,703,74,0.183503001827199,"2","2020-2024 5yr"
"36005037600",2115,292,60288,767,2115,503,0.237825059101655,414,0.195744680851064,2115,380,127,0.179669030732861,"2","2020-2024 5yr"
"36005037800",3505,635,65964,1186,3481,791,0.227233553576558,426,0.121540656205421,3503,638,195,0.18212960319726,"2","2020-2024 5yr"
"36005037900",6961,1217,50250,2212,6293,1922,0.305418719211823,369,0.0530096250538716,6961,1757,215,0.252406263467893,"2","2020-2024 5yr"
"36005038000",5023,940,48073,2114,4925,2213,0.449340101522843,667,0.132789169818833,4925,692,215,0.140507614213198,"2","2020-2024 5yr"
"36005038100",6543,1120,42015,2726,6523,2154,0.330216158209413,828,0.126547455295736,6543,1032,278,0.157725813846859,"2","2020-2024 5yr"
"36005038200",2964,450,83125,967,2937,486,0.165474974463739,527,0.177800269905533,2964,379,175,0.127867746288799,"2","2020-2024 5yr"
"36005038301",4553,544,44040,1601,4525,1671,0.369281767955801,284,0.0623764550845596,4553,565,192,0.124094003953437,"2","2020-2024 5yr"
"36005038303",3662,700,45258,1237,3644,940,0.257958287596048,325,0.0887493173129437,3662,663,224,0.181048607318405,"2","2020-2024 5yr"
"36005038304",2231,365,26842,844,2146,1033,0.481360671015843,174,0.077991931869117,2231,562,167,0.251904975347378,"2","2020-2024 5yr"
"36005038500",5218,990,13554,1884,5197,3759,0.723301904945161,541,0.10367957071675,5218,1275,404,0.244346492909161,"2","2020-2024 5yr"
"36005038600",8012,1540,68481,2869,7985,1631,0.204257983719474,1432,0.17873190214678,8012,1044,305,0.130304543185222,"2","2020-2024 5yr"
"36005038700",3610,764,44982,1481,3610,1054,0.29196675900277,468,0.129639889196676,3610,631,289,0.174792243767313,"2","2020-2024 5yr"
"36005038800",2752,445,61000,990,2752,577,0.209665697674419,325,0.118095930232558,2752,316,125,0.114825581395349,"2","2020-2024 5yr"
"36005038900",5412,824,46471,1954,5221,1810,0.346676881823406,299,0.0552475979305248,5412,505,62,0.0933111603843311,"2","2020-2024 5yr"
"36005039000",3054,672,56563,1104,3054,572,0.187295350360183,382,0.125081859855927,3054,379,157,0.124099541584807,"2","2020-2024 5yr"
"36005039100",6071,1238,34663,3026,6048,2033,0.33614417989418,1318,0.217097677483116,6071,1192,629,0.196343271289738,"2","2020-2024 5yr"
"36005039200",1590,282,67917,634,1578,304,0.192648922686946,291,0.183018867924528,1578,296,135,0.187579214195184,"2","2020-2024 5yr"
"36005039300",8847,1413,27776,3092,8776,3306,0.376709206927985,936,0.105798575788403,8847,1510,517,0.170679326325308,"2","2020-2024 5yr"
"36005039400",4323,640,60373,1701,4020,1149,0.285820895522388,775,0.179273652556095,4119,502,192,0.121874241320709,"2","2020-2024 5yr"
"36005039500",4389,958,21674,1821,4389,1820,0.414673046251994,542,0.123490544543176,4372,1738,333,0.397529734675206,"2","2020-2024 5yr"
"36005039600",3763,680,48798,1436,3760,989,0.263031914893617,515,0.136858889184162,3760,666,319,0.177127659574468,"2","2020-2024 5yr"
"36005039700",4219,173,31964,521,1052,377,0.358365019011407,301,0.0713439203602749,4219,386,114,0.0914908746148376,"2","2020-2024 5yr"
"36005039800",3540,773,28491,1251,3514,1675,0.476664769493455,587,0.165819209039548,3540,651,241,0.183898305084746,"2","2020-2024 5yr"
"36005039901",4855,718,43503,1678,4854,987,0.203337453646477,631,0.129969104016478,4808,459,181,0.0954658901830283,"2","2020-2024 5yr"
"36005039902",4719,694,43491,1727,4706,1122,0.238419039524012,404,0.0856113583386311,4719,569,181,0.120576393303666,"2","2020-2024 5yr"
"36005040100",4749,647,28649,2172,4566,2040,0.446780551905388,463,0.0974942093072226,4622,1135,335,0.245564690610125,"2","2020-2024 5yr"
"36005040302",4008,1374,37756,1581,3968,1755,0.442288306451613,725,0.180888223552894,3984,701,465,0.175953815261044,"2","2020-2024 5yr"
"36005040303",3999,380,42750,1375,3980,1225,0.307788944723618,485,0.12128032008002,3999,585,232,0.146286571642911,"2","2020-2024 5yr"
"36005040304",3502,550,36913,1267,3502,1321,0.377213021130782,258,0.0736721873215306,3492,423,122,0.121134020618557,"2","2020-2024 5yr"
"36005040400",3408,757,65451,1123,3408,535,0.156983568075117,608,0.178403755868545,3408,311,228,0.0912558685446009,"2","2020-2024 5yr"
"36005040501",3327,648,42386,1325,3327,829,0.249173429516081,590,0.177336940186354,3327,376,243,0.113014727983168,"2","2020-2024 5yr"
"36005040502",5615,1145,38884,2461,5615,2013,0.358504007123776,611,0.108815672306322,5574,601,130,0.107822030857553,"2","2020-2024 5yr"
"36005040600",3451,664,48857,1413,3239,675,0.208397653596789,252,0.0730223123732252,3451,426,113,0.123442480440452,"2","2020-2024 5yr"
"36005040701",2839,690,46188,1205,2839,947,0.333568157802043,200,0.0704473406128919,2839,483,95,0.170130327580134,"2","2020-2024 5yr"
"36005040702",6233,870,33946,2801,6223,1739,0.279447211955648,927,0.148724530723568,6223,1239,531,0.199100112485939,"2","2020-2024 5yr"
"36005040800",4381,903,41555,1467,4168,865,0.20753358925144,605,0.138096325039945,4374,713,130,0.163008687700046,"2","2020-2024 5yr"
"36005040900",3323,562,67793,1409,3323,128,0.0385194101715318,780,0.234727655732772,3323,486,294,0.146253385495035,"2","2020-2024 5yr"
"36005041100",3418,576,54219,1571,3417,692,0.202516827626573,581,0.169982445874781,3418,645,255,0.188706846108836,"2","2020-2024 5yr"
"36005041300",7329,1057,60254,3199,7251,2037,0.280926768721556,709,0.0967389821258016,7327,889,184,0.121332059505937,"2","2020-2024 5yr"
"36005041400",5483,969,125302,1779,5290,727,0.137429111531191,1070,0.195148641254788,5478,880,281,0.160642570281124,"2","2020-2024 5yr"
"36005041500",5555,981,50579,2293,5555,1288,0.231863186318632,575,0.103510351035104,5555,536,148,0.0964896489648965,"2","2020-2024 5yr"
"36005041800",3396,751,62567,1289,3357,530,0.157879058683348,465,0.136925795053004,3396,958,218,0.282096584216726,"2","2020-2024 5yr"
"36005041900",6215,873,57079,2592,6199,1059,0.170834005484756,455,0.0732099758648431,6212,885,286,0.142466194462331,"2","2020-2024 5yr"
"36005042000",4660,790,31776,1711,4621,2057,0.44514174421121,464,0.0995708154506438,4614,1295,177,0.280667533593411,"2","2020-2024 5yr"
"36005042100",5780,977,52824,2290,5780,1763,0.305017301038062,490,0.0847750865051903,5780,527,215,0.0911764705882353,"2","2020-2024 5yr"
"36005042200",3209,756,75201,1292,3209,256,0.0797756310377064,442,0.13773761296354,3209,336,226,0.10470551573699,"2","2020-2024 5yr"
"36005042300",4189,495,71422,1485,4189,944,0.225352112676056,332,0.079255192169969,4189,526,155,0.125566961088565,"2","2020-2024 5yr"
"36005042400",2479,647,106468,760,2264,238,0.105123674911661,453,0.18273497377975,2264,362,96,0.159893992932862,"2","2020-2024 5yr"
"36005042500",6810,1171,48280,2369,6693,2209,0.330046317047662,603,0.0885462555066079,6808,1020,251,0.149823736780259,"2","2020-2024 5yr"
"36005042600",6669,1373,99764,2165,6635,1090,0.164280331574981,1452,0.217723796671165,6660,1193,523,0.179129129129129,"2","2020-2024 5yr"
"36005042800",2381,587,168646,809,2347,203,0.0864933958244568,630,0.264594708105838,2381,385,201,0.161696766064679,"2","2020-2024 5yr"
"36005042901",3397,524,46779,1249,3397,1140,0.335590226670592,311,0.091551368854872,3361,280,122,0.0833085391252603,"2","2020-2024 5yr"
"36005042902",3656,368,44663,1599,3546,839,0.236604624929498,418,0.114332603938731,3568,710,196,0.198991031390135,"2","2020-2024 5yr"
"36005043000",3004,812,85074,1327,3004,350,0.116511318242344,815,0.271304926764314,3004,356,182,0.118508655126498,"2","2020-2024 5yr"
"36005043101",5051,1105,40089,1833,5051,2025,0.400910710750346,805,0.159374381310632,5051,1030,543,0.203920015838448,"2","2020-2024 5yr"
"36005043102",4458,693,50926,1692,4059,884,0.217787632421779,619,0.138851502916106,4059,600,136,0.147819660014782,"2","2020-2024 5yr"
"36005043400",3921,650,76036,1597,3921,1019,0.259882682989033,464,0.118337158888039,3921,391,128,0.0997194593216016,"2","2020-2024 5yr"
"36005043501",1011,138,NA,446,1011,363,0.359050445103858,109,0.107814045499505,1011,189,80,0.186943620178042,"2","2020-2024 5yr"
"36005043502",0,14,NA,0,0,0,NA,0,NA,0,0,0,NA,"2","2020-2024 5yr"
"36005043503",0,14,NA,0,0,0,NA,0,NA,0,0,0,NA,"2","2020-2024 5yr"
"36005043600",2362,354,84735,753,2362,306,0.129551227773074,323,0.136748518204911,2362,347,82,0.146909398814564,"2","2020-2024 5yr"
"36005044200",4007,1283,56434,1261,3993,1282,0.321061858251941,732,0.182680309458448,4003,829,265,0.207094678990757,"2","2020-2024 5yr"
"36005044400",4293,906,89615,1424,4293,671,0.156300955043093,1156,0.269275564873049,4293,620,303,0.144421150710459,"2","2020-2024 5yr"
"36005044800",2374,404,104094,713,2374,451,0.189974726200505,455,0.191659646166807,2374,314,200,0.132266217354676,"2","2020-2024 5yr"
"36005044901",2045,298,91419,910,2043,141,0.0690161527165932,293,0.143276283618582,2043,287,63,0.140479686735193,"2","2020-2024 5yr"
"36005044902",2175,377,99297,973,2164,239,0.110443622920518,387,0.177931034482759,2164,209,82,0.0965804066543438,"2","2020-2024 5yr"
"36005045101",1695,302,77246,1030,1691,31,0.0183323477232407,261,0.153982300884956,1691,132,79,0.07806031933767,"2","2020-2024 5yr"
"36005045102",2068,428,99395,966,2068,86,0.0415860735009671,359,0.173597678916828,2068,173,115,0.0836557059961315,"2","2020-2024 5yr"
"36005045600",3552,725,79386,1217,3552,65,0.0182995495495495,397,0.111768018018018,3552,546,190,0.153716216216216,"2","2020-2024 5yr"
"36005045800",5523,945,30453,2071,5523,2353,0.426036574325548,721,0.130544993662864,5523,1630,341,0.295129458627557,"2","2020-2024 5yr"
"36005046000",2800,602,44355,939,2572,805,0.31298600311042,420,0.15,2516,384,168,0.152623211446741,"2","2020-2024 5yr"
"36005046203",6756,1629,40755,3104,6105,751,0.123013923013923,3003,0.44449378330373,6107,1433,866,0.234648763713771,"2","2020-2024 5yr"
"36005046204",5259,1082,63652,2450,5257,541,0.102910405174054,1145,0.2177220003803,5257,793,343,0.150846490393761,"2","2020-2024 5yr"
"36005046205",3633,360,75679,1840,3633,606,0.166804293971924,967,0.26617120836774,3633,602,295,0.165703275529865,"2","2020-2024 5yr"
"36005046206",3971,503,67234,2040,3942,46,0.0116692034500254,1193,0.300428103752203,3948,493,303,0.124873353596758,"2","2020-2024 5yr"
"36005046207",6535,1418,59838,2913,6535,1056,0.16159143075746,1503,0.229992348890589,6535,860,404,0.131599081866871,"2","2020-2024 5yr"
"36005046208",5145,982,87061,1403,4416,379,0.0858242753623188,1076,0.20913508260447,4378,454,178,0.103700319780722,"2","2020-2024 5yr"
"36005046209",4436,1594,30185,1410,4436,2302,0.518935978358882,316,0.0712353471596033,4436,840,157,0.189359783588819,"2","2020-2024 5yr"
"36005048401",3892,812,88862,1251,3879,434,0.111884506316061,336,0.0863309352517986,3886,420,59,0.108080288214102,"2","2020-2024 5yr"
"36005048402",0,14,NA,0,0,0,NA,0,NA,0,0,0,NA,"2","2020-2024 5yr"
"36005050400",0,14,NA,0,0,0,NA,0,NA,0,0,0,NA,"2","2020-2024 5yr"
"36005051601",3828,753,103125,1949,3828,199,0.0519853709508882,1685,0.4401776384535,3828,1116,721,0.29153605015674,"2","2020-2024 5yr"
"36005051602",0,14,NA,0,0,0,NA,0,NA,0,0,0,NA,"2","2020-2024 5yr"
"36047000100",4815,646,178162,2594,4799,134,0.0279224838508022,1371,0.284735202492212,4815,511,362,0.106126687435099,"3","2020-2024 5yr"
"36047000200",1288,294,79375,383,1288,444,0.34472049689441,119,0.0923913043478261,1288,148,51,0.114906832298137,"3","2020-2024 5yr"
"36047000301",4501,701,185128,2100,4384,227,0.051779197080292,1061,0.23572539435681,4501,366,194,0.0813152632748278,"3","2020-2024 5yr"
"36047000501",4541,466,141364,1958,3381,285,0.0842945874001775,985,0.216912574322836,4541,629,488,0.138515745430522,"3","2020-2024 5yr"
"36047000502",2704,292,168013,1498,2685,202,0.0752327746741155,576,0.21301775147929,2704,110,88,0.0406804733727811,"3","2020-2024 5yr"
"36047000700",4243,580,201827,2043,4195,172,0.0410011918951132,368,0.0867310864954042,4243,108,81,0.0254536884279991,"3","2020-2024 5yr"
"36047000900",5227,910,205500,2408,4842,141,0.0291201982651797,343,0.0656208149990434,5227,245,66,0.0468720107136024,"3","2020-2024 5yr"
"36047001100",1580,260,203958,859,1580,166,0.105063291139241,32,0.020253164556962,1580,97,24,0.0613924050632911,"3","2020-2024 5yr"
"36047001300",2518,303,139866,1395,2249,236,0.104935526900845,389,0.154487688641779,2518,245,100,0.0972994440031771,"3","2020-2024 5yr"
"36047001501",4565,581,142560,2159,4565,1113,0.24381161007667,408,0.0893756845564074,4565,464,173,0.101642935377875,"3","2020-2024 5yr"
"36047001502",5238,769,138179,2990,5225,854,0.163444976076555,280,0.0534555173730431,5238,324,22,0.0618556701030928,"3","2020-2024 5yr"
"36047001801",1588,100,NA,0,0,0,NA,9,0.00566750629722922,0,0,0,NA,"3","2020-2024 5yr"
"36047001802",0,14,NA,0,0,0,NA,0,NA,0,0,0,NA,"3","2020-2024 5yr"
"36047001803",11,2,NA,0,11,8,0.727272727272727,3,0.272727272727273,11,10,3,0.909090909090909,"3","2020-2024 5yr"
"36047001804",0,14,NA,0,0,0,NA,0,NA,0,0,0,NA,"3","2020-2024 5yr"
"36047002000",1733,560,81458,407,1733,180,0.103866128101558,299,0.172533179457588,1733,139,95,0.0802077322562031,"3","2020-2024 5yr"
"36047002100",6452,1005,250001,2800,6452,583,0.0903595784252945,316,0.0489770613763174,6452,252,34,0.0390576565406076,"3","2020-2024 5yr"
"36047002200",4650,931,41852,1592,4643,1161,0.250053844497092,1024,0.220215053763441,4643,825,575,0.177686840404911,"3","2020-2024 5yr"
"36047002300",3385,701,34977,1475,3385,1132,0.334416543574594,817,0.24135893648449,3385,862,579,0.254652880354505,"3","2020-2024 5yr"
"36047002901",3177,570,22855,1337,3177,1367,0.430280138495436,714,0.224740321057601,3177,804,426,0.253068932955618,"3","2020-2024 5yr"
"36047003000",1844,314,130473,771,1844,87,0.0471800433839479,275,0.149132321041215,1811,158,55,0.0872446162341248,"3","2020-2024 5yr"
"36047003101",4074,391,158500,1748,3073,173,0.0562967783924504,576,0.141384388807069,3716,203,115,0.0546286329386437,"3","2020-2024 5yr"
"36047003102",0,14,NA,0,0,0,NA,0,NA,0,0,0,NA,"3","2020-2024 5yr"
"36047003300",4125,580,136217,2507,4125,398,0.0964848484848485,232,0.0562424242424242,4125,505,136,0.122424242424242,"3","2020-2024 5yr"
"36047003400",3351,515,113143,1525,3349,250,0.0746491489997014,670,0.199940316323486,3349,544,272,0.16243654822335,"3","2020-2024 5yr"
"36047003500",2178,262,123417,1167,2153,220,0.102183000464468,314,0.144168962350781,2153,250,73,0.11611704598235,"3","2020-2024 5yr"
"36047003600",3843,396,91583,1934,3841,765,0.199166883624056,804,0.209211553473849,3841,487,384,0.126789898463942,"3","2020-2024 5yr"
"36047003700",4385,472,181404,2727,4269,562,0.131646755680487,123,0.0280501710376283,4381,83,47,0.0189454462451495,"3","2020-2024 5yr"
"36047003800",1539,364,135313,596,1539,149,0.096816114359974,295,0.191682910981157,1539,186,88,0.120857699805068,"3","2020-2024 5yr"
"36047003900",2986,504,187273,1320,2986,356,0.119223040857334,249,0.0833891493636972,2986,194,90,0.0649698593436035,"3","2020-2024 5yr"
"36047004100",3314,485,229002,1387,3114,306,0.0982658959537572,428,0.129149064574532,3131,285,73,0.0910252315554136,"3","2020-2024 5yr"
"36047004300",3769,429,161875,1964,3706,351,0.0947112790070156,380,0.100822499336694,3765,287,74,0.0762284196547145,"3","2020-2024 5yr"
"36047004400",2255,267,142143,922,2255,130,0.057649667405765,706,0.313082039911308,2255,236,192,0.104656319290466,"3","2020-2024 5yr"
"36047004500",3898,612,189833,1692,3897,155,0.0397741852707211,448,0.114930733709595,3898,179,68,0.0459209851205747,"3","2020-2024 5yr"
"36047004600",1143,223,134773,512,1143,113,0.0988626421697288,281,0.245844269466317,1143,77,63,0.0673665791776028,"3","2020-2024 5yr"
"36047004700",1999,292,145341,849,1994,270,0.135406218655968,173,0.0865432716358179,1994,137,55,0.0687061183550652,"3","2020-2024 5yr"
"36047004900",2795,419,166667,1056,2460,254,0.103252032520325,401,0.143470483005367,2460,70,38,0.0284552845528455,"3","2020-2024 5yr"
"36047005000",2564,450,134013,1069,2564,263,0.102574102964119,495,0.193057722308892,2564,319,159,0.124414976599064,"3","2020-2024 5yr"
"36047005100",2439,548,178913,1008,2417,122,0.0504757964418701,252,0.103321033210332,2436,140,32,0.0574712643678161,"3","2020-2024 5yr"
"36047005201",1751,214,40789,968,1751,378,0.215876641918903,778,0.444317532838378,1751,458,389,0.261564820102798,"3","2020-2024 5yr"
"36047005202",2681,369,107143,1496,2676,104,0.038863976083707,699,0.260723610593062,2676,262,155,0.0979073243647235,"3","2020-2024 5yr"
"36047005301",2095,402,126071,920,2087,256,0.122664111164351,231,0.110262529832936,2095,202,14,0.0964200477326969,"3","2020-2024 5yr"
"36047005302",123,113,139609,45,123,0,0,0,0,123,0,0,0,"3","2020-2024 5yr"
"36047005303",136,70,203750,67,136,0,0,0,0,136,0,0,0,"3","2020-2024 5yr"
"36047005400",3425,503,85342,1751,3425,232,0.0677372262773723,821,0.23970802919708,3425,351,239,0.102481751824818,"3","2020-2024 5yr"
"36047005601",2577,461,104598,1451,2577,464,0.180054326736515,571,0.221575475358945,2577,299,96,0.116026387272022,"3","2020-2024 5yr"
"36047005602",1791,273,96397,965,1791,50,0.0279173646007817,404,0.225572305974316,1791,129,71,0.0720268006700168,"3","2020-2024 5yr"
"36047005800",3115,469,77648,1459,3115,237,0.076083467094703,691,0.221829855537721,3110,436,255,0.140192926045016,"3","2020-2024 5yr"
"36047005900",1518,181,110288,633,1488,358,0.240591397849462,304,0.200263504611331,1515,204,111,0.134653465346535,"3","2020-2024 5yr"
"36047006000",2793,597,88542,969,2793,91,0.0325814536340852,422,0.15109201575367,2793,204,112,0.0730397422126745,"3","2020-2024 5yr"
"36047006200",2653,609,83500,1098,2635,453,0.171916508538899,562,0.211835657745948,2648,188,123,0.0709969788519638,"3","2020-2024 5yr"
"36047006300",1904,333,188519,874,1904,65,0.0341386554621849,130,0.0682773109243697,1904,183,34,0.0961134453781513,"3","2020-2024 5yr"
"36047006400",3463,400,98846,1460,3461,621,0.179427911008379,734,0.211954952353451,3461,373,165,0.107772320138688,"3","2020-2024 5yr"
"36047006500",6089,1389,202355,2456,6089,241,0.0395795697158811,846,0.138939070454919,6089,241,148,0.0395795697158811,"3","2020-2024 5yr"
"36047006600",4104,499,98158,1714,4104,713,0.173732943469786,802,0.19541910331384,4104,420,147,0.10233918128655,"3","2020-2024 5yr"
"36047006700",4032,611,214931,1587,4032,154,0.0381944444444444,341,0.0845734126984127,4032,304,108,0.0753968253968254,"3","2020-2024 5yr"
"36047006800",4117,589,80938,1637,4107,558,0.135865595325055,809,0.196502307505465,4107,531,384,0.129291453615778,"3","2020-2024 5yr"
"36047006901",1785,256,149936,807,1749,126,0.072041166380789,252,0.141176470588235,1783,116,35,0.0650588895120583,"3","2020-2024 5yr"
"36047006902",1906,305,226136,826,1906,69,0.0362014690451207,112,0.0587618048268625,1906,86,29,0.0451206715634837,"3","2020-2024 5yr"
"36047007000",2591,350,87198,1210,2591,147,0.0567348514087225,740,0.285604013894249,2591,523,270,0.201852566576611,"3","2020-2024 5yr"
"36047007100",4050,721,53786,1631,4050,829,0.204691358024691,806,0.199012345679012,4050,747,422,0.184444444444444,"3","2020-2024 5yr"
"36047007200",1759,353,64000,570,1738,483,0.277905638665132,218,0.123934053439454,1759,254,104,0.144400227401933,"3","2020-2024 5yr"
"36047007400",5478,1143,73454,1568,5473,1134,0.207198976795176,492,0.0898138006571741,5478,348,160,0.063526834611172,"3","2020-2024 5yr"
"36047007500",4766,774,169375,2101,4766,796,0.167016365925304,857,0.179815358791439,4766,353,241,0.0740663029794377,"3","2020-2024 5yr"
"36047007600",4096,885,73681,1280,4095,600,0.146520146520147,555,0.135498046875,4096,514,143,0.12548828125,"3","2020-2024 5yr"
"36047007700",5974,732,212827,2901,5974,311,0.052058921995313,459,0.076832942751925,5974,422,234,0.070639437562772,"3","2020-2024 5yr"
"36047007800",4713,877,79981,1387,4705,1025,0.217853347502657,448,0.0950562274559728,4713,368,218,0.0780819011245491,"3","2020-2024 5yr"
"36047008000",3296,452,71250,1458,3275,656,0.20030534351145,778,0.236043689320388,3296,561,349,0.170206310679612,"3","2020-2024 5yr"
"36047008200",3985,676,53500,1476,3966,1228,0.309631870902673,718,0.180175658720201,3985,538,225,0.135006273525721,"3","2020-2024 5yr"
"36047008400",2994,875,116100,1064,2867,327,0.114056505057551,189,0.06312625250501,2994,451,115,0.15063460253841,"3","2020-2024 5yr"
"36047008500",6401,1256,27854,2995,6401,2356,0.368067489454773,963,0.150445242930792,6401,1472,530,0.229964068114357,"3","2020-2024 5yr"
"36047008600",0,14,NA,0,0,0,NA,0,NA,0,0,0,NA,"3","2020-2024 5yr"
"36047008800",3221,527,95707,1193,3197,517,0.161714106975289,324,0.10058987891959,3221,357,50,0.110835144365104,"3","2020-2024 5yr"
"36047009001",1305,289,45945,472,1175,296,0.251914893617021,187,0.143295019157088,1305,158,122,0.121072796934866,"3","2020-2024 5yr"
"36047009002",1549,620,62225,397,1549,86,0.0555196901226598,139,0.0897353131052292,1549,147,58,0.0948999354422208,"3","2020-2024 5yr"
"36047009201",1986,336,83824,586,1986,468,0.235649546827795,336,0.169184290030211,1986,202,139,0.10171198388721,"3","2020-2024 5yr"
"36047009202",2648,666,53641,1019,2628,781,0.297184170471842,222,0.0838368580060423,2648,349,99,0.131797583081571,"3","2020-2024 5yr"
"36047009401",1946,336,49620,499,1946,807,0.41469681397739,260,0.13360739979445,1946,142,66,0.0729701952723535,"3","2020-2024 5yr"
"36047009402",3280,665,85929,937,3279,710,0.216529429704178,394,0.120121951219512,3280,222,76,0.0676829268292683,"3","2020-2024 5yr"
"36047009600",6040,740,83664,1932,6032,1287,0.213362068965517,771,0.127649006622517,6025,736,429,0.122157676348548,"3","2020-2024 5yr"
"36047009800",6713,901,60679,1835,6583,1852,0.281330700288622,818,0.121853120810368,6713,570,288,0.0849098763593028,"3","2020-2024 5yr"
"36047010000",5489,1131,57881,1840,5489,1291,0.2351976680634,809,0.147385680451813,5489,365,163,0.0664966296228821,"3","2020-2024 5yr"
"36047010100",4606,722,136705,1579,4573,765,0.16728624535316,473,0.102692140686062,4606,433,158,0.0940078158923144,"3","2020-2024 5yr"
"36047010200",5201,809,65668,1297,5152,1205,0.233889751552795,1009,0.194001153624303,5201,412,192,0.0792155354739473,"3","2020-2024 5yr"
"36047010401",2060,422,56875,607,2060,616,0.299029126213592,413,0.200485436893204,2060,165,148,0.0800970873786408,"3","2020-2024 5yr"
"36047010402",2174,675,40255,704,2145,890,0.414918414918415,458,0.210671573137075,2174,111,101,0.0510579576816927,"3","2020-2024 5yr"
"36047010601",2138,457,45106,562,2138,785,0.367165575304022,217,0.101496725912067,2138,122,92,0.0570626753975678,"3","2020-2024 5yr"
"36047010602",2088,717,65372,610,2088,220,0.10536398467433,388,0.185823754789272,2088,132,95,0.0632183908045977,"3","2020-2024 5yr"
"36047010801",1878,346,66143,564,1878,555,0.295527156549521,274,0.145899893503727,1878,143,45,0.0761448349307774,"3","2020-2024 5yr"
"36047010802",2419,737,69479,679,2396,656,0.273789649415693,234,0.0967341876808599,2419,101,34,0.04175279040926,"3","2020-2024 5yr"
"36047011000",2535,722,86932,650,2530,371,0.146640316205534,399,0.157396449704142,2535,195,117,0.0769230769230769,"3","2020-2024 5yr"
"36047011200",6611,1138,60348,2096,6584,1540,0.233900364520049,1165,0.176221449099985,6611,637,455,0.0963545605808501,"3","2020-2024 5yr"
"36047011400",3683,1021,74063,864,3258,582,0.178637200736648,669,0.181645397773554,3291,215,117,0.0653296870252203,"3","2020-2024 5yr"
"36047011600",3233,754,65551,1058,3212,892,0.277708592777086,458,0.141664089081349,3233,161,101,0.0497989483451902,"3","2020-2024 5yr"
"36047011700",2792,450,153348,1251,2729,98,0.0359105899596922,347,0.124283667621777,2776,309,76,0.111311239193084,"3","2020-2024 5yr"
"36047011800",1867,364,62273,644,1867,514,0.275307980717729,364,0.194965184788431,1867,126,119,0.0674879485806106,"3","2020-2024 5yr"
"36047011901",1378,187,165179,576,1343,158,0.117647058823529,176,0.127721335268505,1378,123,37,0.0892597968069666,"3","2020-2024 5yr"
"36047011902",0,14,NA,0,0,0,NA,0,NA,0,0,0,NA,"3","2020-2024 5yr"
"36047012000",1225,416,72987,341,1214,340,0.28006589785832,104,0.0848979591836735,1225,73,17,0.0595918367346939,"3","2020-2024 5yr"
"36047012100",2157,482,130357,950,2157,193,0.0894761242466389,193,0.0894761242466389,2157,114,40,0.0528511821974965,"3","2020-2024 5yr"
"36047012200",4655,984,54071,1466,4655,1330,0.285714285714286,401,0.0861439312567132,4655,213,56,0.0457572502685285,"3","2020-2024 5yr"
"36047012600",3020,477,81477,892,3020,569,0.18841059602649,437,0.144701986754967,3020,280,164,0.0927152317880795,"3","2020-2024 5yr"
"36047012700",4286,464,63750,1788,4222,508,0.120322122216959,748,0.17452169855343,4211,969,471,0.2301116124436,"3","2020-2024 5yr"
"36047012801",1987,289,74306,754,1971,446,0.226281075596144,266,0.133870156014092,1987,252,110,0.126824358329139,"3","2020-2024 5yr"
"36047012901",2539,404,250001,1030,2539,238,0.0937376920047263,238,0.0937376920047263,2539,237,84,0.0933438361559669,"3","2020-2024 5yr"
"36047012902",3822,462,183510,1902,3822,241,0.0630559916274202,262,0.0685504971219257,3822,191,57,0.0499738356881214,"3","2020-2024 5yr"
"36047013000",5598,856,78942,1799,5586,820,0.146795560329395,509,0.0909253304751697,5586,466,172,0.0834228428213391,"3","2020-2024 5yr"
"36047013100",3533,548,107083,1787,3504,378,0.107876712328767,617,0.174639116897821,3533,391,156,0.110670818001698,"3","2020-2024 5yr"
"36047013200",2088,566,81429,722,2088,330,0.158045977011494,512,0.245210727969349,2088,399,282,0.191091954022989,"3","2020-2024 5yr"
"36047013300",4264,560,201298,1807,4256,63,0.0148026315789474,484,0.113508442776735,4264,218,76,0.051125703564728,"3","2020-2024 5yr"
"36047013400",4209,628,99886,1398,4137,473,0.114334058496495,617,0.146590639106676,4207,371,202,0.0881863560732113,"3","2020-2024 5yr"
"36047013500",4294,526,221920,1591,4294,79,0.0183977643223102,458,0.106660456450862,4294,197,147,0.0458779692594318,"3","2020-2024 5yr"
"36047013600",4090,534,88182,1560,4015,509,0.126774595267746,660,0.161369193154034,4088,459,239,0.112279843444227,"3","2020-2024 5yr"
"36047013700",3101,448,170600,1498,3026,150,0.0495703899537343,277,0.0893260238632699,3094,138,40,0.0446024563671623,"3","2020-2024 5yr"
"36047013800",3800,600,112703,1253,3792,118,0.0311181434599156,374,0.098421052631579,3800,270,132,0.0710526315789474,"3","2020-2024 5yr"
"36047013900",3574,500,173378,1430,3560,213,0.0598314606741573,382,0.10688304420817,3560,237,73,0.0665730337078652,"3","2020-2024 5yr"
"36047014000",1791,459,61111,692,1787,415,0.23223279238948,394,0.21998883305416,1787,241,142,0.134862898712927,"3","2020-2024 5yr"
"36047014101",1483,181,215104,535,1480,197,0.133108108108108,125,0.0842886041807148,1483,122,35,0.0822656776803776,"3","2020-2024 5yr"
"36047014102",2032,396,113750,906,2032,166,0.0816929133858268,451,0.221948818897638,2032,423,354,0.208169291338583,"3","2020-2024 5yr"
"36047014200",3534,687,81250,1264,3517,880,0.250213249928917,717,0.202886247877759,3524,517,324,0.146708286038593,"3","2020-2024 5yr"
"36047014300",3675,642,119594,1423,3653,347,0.0949904188338352,262,0.0712925170068027,3675,256,104,0.0696598639455782,"3","2020-2024 5yr"
"36047014500",4681,693,117800,1878,4681,567,0.121127964110233,332,0.0709250160222175,4681,406,168,0.086733603930784,"3","2020-2024 5yr"
"36047014700",2373,400,162847,857,2363,169,0.071519255184088,172,0.0724820901812052,2373,74,56,0.0311841550779604,"3","2020-2024 5yr"
"36047014800",1233,323,88787,407,1210,94,0.0776859504132231,328,0.266017842660178,1233,70,36,0.056772100567721,"3","2020-2024 5yr"
"36047014901",1540,217,166161,635,1540,129,0.0837662337662338,237,0.153896103896104,1540,143,92,0.0928571428571429,"3","2020-2024 5yr"
"36047014902",4054,738,171346,1872,4054,244,0.0601874691662556,418,0.103108041440553,4054,280,65,0.0690675875678342,"3","2020-2024 5yr"
"36047015000",1437,280,63594,543,1437,202,0.140570633263744,362,0.251913709116214,1437,249,140,0.173277661795407,"3","2020-2024 5yr"
"36047015100",4060,408,188866,1763,4060,182,0.0448275862068966,721,0.177586206896552,4060,252,98,0.0620689655172414,"3","2020-2024 5yr"
"36047015200",2294,411,92454,883,2123,301,0.141780499293453,581,0.253269398430689,2123,124,72,0.0584079133301931,"3","2020-2024 5yr"
"36047015300",2638,351,154286,1196,2554,109,0.0426781519185591,425,0.161106899166035,2578,144,70,0.0558572536850272,"3","2020-2024 5yr"
"36047015400",0,14,NA,0,0,0,NA,0,NA,0,0,0,NA,"3","2020-2024 5yr"
"36047015500",3443,504,206176,1436,3413,136,0.0398476413712277,395,0.114725530060993,3443,160,56,0.0464711007841998,"3","2020-2024 5yr"
"36047015700",5071,800,209940,2109,5040,119,0.0236111111111111,847,0.167028199566161,5071,324,185,0.063892723328732,"3","2020-2024 5yr"
"36047015900",5377,747,201858,2613,5358,262,0.0488988428518104,768,0.14283057466989,5376,247,179,0.0459449404761905,"3","2020-2024 5yr"
"36047016000",4426,556,83920,1853,4426,738,0.166741979213737,671,0.151604157252598,4426,300,141,0.0677812923633077,"3","2020-2024 5yr"
"36047016100",3468,371,172234,1592,3432,67,0.0195221445221445,622,0.179354094579008,3461,296,175,0.0855244149089858,"3","2020-2024 5yr"
"36047016200",2267,408,100278,1106,2221,331,0.14903196758217,544,0.239964711071901,2267,268,108,0.11821790913101,"3","2020-2024 5yr"
"36047016300",4370,586,196630,1988,4357,347,0.07964195547395,415,0.0949656750572082,4370,418,165,0.0956521739130435,"3","2020-2024 5yr"
"36047016400",980,289,106875,173,702,0,0,14,0.0142857142857143,634,30,0,0.0473186119873817,"3","2020-2024 5yr"
"36047016500",5742,818,250001,2387,5742,119,0.0207244862417276,782,0.136189481017067,5742,157,25,0.0273423894113549,"3","2020-2024 5yr"
"36047016600",2201,279,114635,709,2201,167,0.0758746024534303,447,0.203089504770559,2201,119,79,0.0540663334847796,"3","2020-2024 5yr"
"36047016700",4800,809,190125,2191,4800,273,0.056875,733,0.152708333333333,4800,357,165,0.074375,"3","2020-2024 5yr"
"36047016800",1763,407,118341,761,1763,111,0.0629608621667612,319,0.180941576857629,1763,235,151,0.133295519001702,"3","2020-2024 5yr"
"36047016900",4714,933,140727,2005,4506,667,0.148024855747892,524,0.111158252015274,4714,285,217,0.0604582095884599,"3","2020-2024 5yr"
"36047017000",3503,625,102417,1152,3495,421,0.120457796852647,892,0.254638880959178,3503,578,317,0.165001427347987,"3","2020-2024 5yr"
"36047017100",4139,683,174646,1627,4139,75,0.018120318917613,506,0.122251751630829,4139,147,87,0.0355158250785214,"3","2020-2024 5yr"
"36047017200",2746,584,136096,946,2745,119,0.0433515482695811,845,0.307720320466133,2746,276,182,0.100509832483613,"3","2020-2024 5yr"
"36047017400",1925,297,103594,721,1925,259,0.134545454545455,439,0.228051948051948,1925,118,104,0.0612987012987013,"3","2020-2024 5yr"
"36047017500",0,14,NA,0,0,0,NA,0,NA,0,0,0,NA,"3","2020-2024 5yr"
"36047017600",2228,404,90833,838,2228,193,0.0866247755834829,349,0.156642728904847,2228,254,138,0.114003590664273,"3","2020-2024 5yr"
"36047017700",0,14,NA,0,0,0,NA,0,NA,0,0,0,NA,"3","2020-2024 5yr"
"36047017800",2517,477,91923,844,2333,106,0.045435062151736,479,0.190305919745729,2333,121,55,0.0518645520788684,"3","2020-2024 5yr"
"36047017900",4183,605,103836,1414,3868,1167,0.301706308169597,850,0.203203442505379,3868,536,238,0.138572905894519,"3","2020-2024 5yr"
"36047018000",2948,883,59936,971,2936,484,0.164850136239782,551,0.186906377204885,2948,256,178,0.0868385345997286,"3","2020-2024 5yr"
"36047018100",3905,544,175294,2158,3886,307,0.0790015440041173,445,0.113956466069142,3886,416,240,0.107050952135872,"3","2020-2024 5yr"
"36047018200",3708,541,78750,1159,3708,427,0.115156418554477,646,0.174217907227616,3708,429,263,0.115695792880259,"3","2020-2024 5yr"
"36047018300",2821,462,194519,1365,2821,68,0.0241049273307338,321,0.113789436370082,2821,147,136,0.0521091811414392,"3","2020-2024 5yr"
"36047018400",2108,386,81467,723,2108,123,0.0583491461100569,507,0.240512333965844,2108,275,230,0.130455407969639,"3","2020-2024 5yr"
"36047018501",4583,787,44877,1719,4583,1054,0.229980362208161,871,0.190050185468034,4583,1112,508,0.242635828060223,"3","2020-2024 5yr"
"36047018600",1907,427,76667,618,1907,101,0.0529627687467226,392,0.205558468799161,1907,178,173,0.0933403251179864,"3","2020-2024 5yr"
"36047018700",1356,218,139231,550,1355,126,0.0929889298892989,194,0.14306784660767,1356,152,70,0.112094395280236,"3","2020-2024 5yr"
"36047018800",2865,450,38227,1081,2865,504,0.175916230366492,324,0.113089005235602,2865,289,156,0.10087260034904,"3","2020-2024 5yr"
"36047019000",4171,775,48824,1600,4171,911,0.218412850635339,704,0.168784464157276,4171,486,295,0.116518820426756,"3","2020-2024 5yr"
"36047019100",3029,506,148929,1282,2974,374,0.125756556825824,129,0.0425883129745791,3029,152,68,0.0501815780785738,"3","2020-2024 5yr"
"36047019200",3118,714,72303,737,3116,834,0.267650834403081,411,0.13181526619628,3116,126,41,0.0404364569961489,"3","2020-2024 5yr"
"36047019300",6619,772,79505,2626,4390,798,0.181776765375854,1013,0.153044266505514,6601,799,486,0.121042266323284,"3","2020-2024 5yr"
"36047019400",3293,877,66080,1159,3288,863,0.262469586374696,336,0.102034618888551,3288,367,220,0.11161800486618,"3","2020-2024 5yr"
"36047019500",4104,495,139329,1871,4104,486,0.118421052631579,778,0.189571150097466,4104,483,233,0.117690058479532,"3","2020-2024 5yr"
"36047019600",3872,724,74292,1397,3671,1202,0.327431217651866,1142,0.294938016528926,3671,357,246,0.0972487060746391,"3","2020-2024 5yr"
"36047019700",3619,526,121235,1797,3587,215,0.059938667410092,552,0.152528322741089,3614,283,132,0.0783065855008301,"3","2020-2024 5yr"
"36047019800",1823,369,78673,650,1823,249,0.136588041689523,255,0.139879319802523,1823,206,132,0.113000548546352,"3","2020-2024 5yr"
"36047019900",4311,612,130688,2401,4304,290,0.0673791821561338,256,0.0593829737879842,4304,280,42,0.0650557620817844,"3","2020-2024 5yr"
"36047020000",2337,464,98214,666,2337,466,0.199400941377835,519,0.222079589216945,2337,242,158,0.103551561831408,"3","2020-2024 5yr"
"36047020100",3993,601,150978,1914,3993,147,0.0368144252441773,438,0.10969196093163,3993,255,91,0.0638617580766341,"3","2020-2024 5yr"
"36047020200",1717,342,79643,630,1717,169,0.0984274898078043,331,0.192778101339546,1717,159,91,0.0926033779848573,"3","2020-2024 5yr"
"36047020300",2074,302,160795,963,2074,271,0.130665380906461,133,0.0641272902603664,2074,199,61,0.0959498553519769,"3","2020-2024 5yr"
"36047020400",2037,278,143162,704,2037,117,0.0574374079528719,414,0.203240058910162,2037,253,152,0.124202258222877,"3","2020-2024 5yr"
"36047020500",3834,594,164926,1586,3834,130,0.0339071465832029,416,0.108502869066249,3834,151,88,0.0393844548774126,"3","2020-2024 5yr"
"36047020600",2590,466,87446,799,2589,621,0.239860950173812,543,0.20965250965251,2590,345,223,0.133204633204633,"3","2020-2024 5yr"
"36047020700",4628,654,190843,2343,4628,386,0.0834053586862576,555,0.119922212618842,4628,296,67,0.0639585133967156,"3","2020-2024 5yr"
"36047020800",2573,490,65491,1079,2559,338,0.132082844861274,578,0.224640497473766,2573,407,284,0.158181111542946,"3","2020-2024 5yr"
"36047021000",3794,706,69970,1121,3794,998,0.263046916183448,523,0.137849235635214,3794,482,211,0.127042698998419,"3","2020-2024 5yr"
"36047021100",2778,439,85225,1137,2778,424,0.152627789776818,165,0.0593952483801296,2778,381,44,0.137149028077754,"3","2020-2024 5yr"
"36047021200",3150,536,56250,1214,3150,660,0.20952380952381,685,0.217460317460317,3150,413,272,0.131111111111111,"3","2020-2024 5yr"
"36047021300",4523,803,82426,2041,4523,1088,0.240548308644705,723,0.159849657307097,4523,461,257,0.101923502100376,"3","2020-2024 5yr"
"36047021400",2580,626,78214,528,2542,829,0.326121164437451,93,0.036046511627907,2580,175,57,0.0678294573643411,"3","2020-2024 5yr"
"36047021500",5595,962,151154,2771,5595,427,0.0763181411974978,814,0.145487042001787,5595,510,247,0.0911528150134048,"3","2020-2024 5yr"
"36047021600",3885,708,47950,976,3885,1885,0.485199485199485,459,0.118146718146718,3885,247,153,0.0635778635778636,"3","2020-2024 5yr"
"36047021700",4210,488,112957,1937,4192,560,0.133587786259542,561,0.133254156769596,4210,505,233,0.119952494061758,"3","2020-2024 5yr"
"36047021800",2760,777,69291,813,2760,456,0.165217391304348,220,0.0797101449275362,2760,108,66,0.0391304347826087,"3","2020-2024 5yr"
"36047021900",4258,656,122589,1943,4258,426,0.100046970408643,501,0.117660873649601,4258,359,231,0.0843118835133866,"3","2020-2024 5yr"
"36047022000",5854,1131,59395,1295,5854,1989,0.339767680218654,380,0.0649128800819952,5854,297,50,0.0507345404851384,"3","2020-2024 5yr"
"36047022100",3724,512,87021,1680,3724,787,0.211331901181525,645,0.173200859291085,3724,697,478,0.187164339419979,"3","2020-2024 5yr"
"36047022200",4050,833,52361,1099,4031,2052,0.509054825105433,618,0.152592592592593,4050,176,112,0.0434567901234568,"3","2020-2024 5yr"
"36047022400",5786,1207,56105,1201,5786,1979,0.342032492222606,360,0.0622191496716212,5786,406,109,0.0701693743518839,"3","2020-2024 5yr"
"36047022600",2844,773,86655,543,2844,316,0.111111111111111,139,0.0488748241912799,2844,237,63,0.0833333333333333,"3","2020-2024 5yr"
"36047022700",4833,811,119148,2167,4823,668,0.138503006427535,281,0.0581419408235051,4833,672,160,0.139044072004966,"3","2020-2024 5yr"
"36047022800",3496,763,55898,763,3376,1299,0.384774881516588,336,0.0961098398169336,3485,363,98,0.10416068866571,"3","2020-2024 5yr"
"36047022900",3650,543,139609,1679,3645,401,0.110013717421125,124,0.033972602739726,3645,247,61,0.067764060356653,"3","2020-2024 5yr"
"36047023000",4202,1347,32725,1024,4202,2197,0.52284626368396,444,0.105663969538315,4202,276,251,0.065683008091385,"3","2020-2024 5yr"
"36047023100",3530,434,160199,1773,3530,331,0.0937677053824363,387,0.109631728045326,3530,292,178,0.0827195467422096,"3","2020-2024 5yr"
"36047023200",6611,1427,63094,1418,6610,2475,0.374432677760968,684,0.103463923763425,6610,269,191,0.040695915279879,"3","2020-2024 5yr"
"36047023300",5988,1169,78177,2211,5988,2034,0.339679358717435,259,0.043253173012692,5988,484,61,0.0808283233132933,"3","2020-2024 5yr"
"36047023400",5663,1011,37587,1431,5623,2019,0.359060999466477,568,0.100300194243334,5663,360,279,0.0635705456471835,"3","2020-2024 5yr"
"36047023500",5527,1088,111917,1557,5527,1719,0.31101863578795,55,0.00995114890537362,5527,272,5,0.049212954586575,"3","2020-2024 5yr"
"36047023600",6444,1010,39479,1491,6444,2163,0.335661080074488,426,0.0661080074487896,6444,292,236,0.0453134698944755,"3","2020-2024 5yr"
"36047023800",5584,1046,43843,1194,5584,1579,0.282772206303725,486,0.0870343839541547,5584,263,222,0.0470988538681948,"3","2020-2024 5yr"
"36047024000",5598,1115,37833,1420,5530,2669,0.482640144665461,540,0.0964630225080386,5530,277,181,0.0500904159132007,"3","2020-2024 5yr"
"36047024100",3154,743,141717,1158,3154,719,0.227964489537096,189,0.0599239061509195,3154,390,162,0.123652504755866,"3","2020-2024 5yr"
"36047024200",3402,597,59276,737,3402,941,0.276601998824221,423,0.124338624338624,3402,202,151,0.0593768371546149,"3","2020-2024 5yr"
"36047024300",4419,868,122203,1934,4419,600,0.135777325186694,944,0.213622991627065,4419,638,421,0.144376555781851,"3","2020-2024 5yr"
"36047024400",3556,795,76417,996,3529,1305,0.369793142533296,374,0.105174353205849,3556,77,75,0.0216535433070866,"3","2020-2024 5yr"
"36047024500",4383,539,103194,1977,4383,459,0.104722792607803,341,0.0778005932010039,4383,423,139,0.0965092402464066,"3","2020-2024 5yr"
"36047024600",3298,651,71711,836,3234,748,0.231292517006803,312,0.094602789569436,3298,238,99,0.0721649484536082,"3","2020-2024 5yr"
"36047024700",2547,405,57106,1382,2508,588,0.23444976076555,347,0.136238712210444,2547,225,164,0.088339222614841,"3","2020-2024 5yr"
"36047024800",2543,478,79340,779,2543,674,0.265041289815179,342,0.134486826582776,2543,185,140,0.0727487219819111,"3","2020-2024 5yr"
"36047024900",4147,610,84746,1966,4124,577,0.139912706110572,270,0.0651073064866168,4147,583,207,0.140583554376658,"3","2020-2024 5yr"
"36047025000",1433,449,51250,466,1428,339,0.237394957983193,362,0.25261688764829,1431,289,181,0.201956673654787,"3","2020-2024 5yr"
"36047025100",3990,648,58856,1763,3990,1493,0.374185463659148,504,0.126315789473684,3975,619,396,0.155723270440252,"3","2020-2024 5yr"
"36047025200",4460,658,54012,1654,4460,729,0.163452914798206,650,0.145739910313901,4460,400,325,0.0896860986547085,"3","2020-2024 5yr"
"36047025300",3904,605,115700,1482,3904,1192,0.305327868852459,183,0.046875,3904,343,68,0.087858606557377,"3","2020-2024 5yr"
"36047025400",3437,910,89021,1175,3437,870,0.253127727669479,378,0.109979633401222,3437,291,181,0.0846668606342741,"3","2020-2024 5yr"
"36047025500",4940,658,26906,2092,4940,1591,0.322064777327935,651,0.131781376518219,4940,884,331,0.178947368421053,"3","2020-2024 5yr"
"36047025600",2815,745,71250,1095,2815,284,0.10088809946714,602,0.213854351687389,2815,350,225,0.124333925399645,"3","2020-2024 5yr"
"36047025700",3370,494,88750,946,3370,1317,0.39080118694362,190,0.056379821958457,3370,207,90,0.0614243323442136,"3","2020-2024 5yr"
"36047025800",4068,835,67167,1312,4068,1277,0.313913470993117,631,0.155113077679449,4068,442,220,0.108652900688299,"3","2020-2024 5yr"
"36047025901",2217,326,90000,832,2217,474,0.213802435723951,110,0.049616599007668,2217,115,24,0.051871898962562,"3","2020-2024 5yr"
"36047025902",3796,749,NA,1448,3796,1843,0.485511064278188,355,0.0935194942044257,3796,1022,302,0.269230769230769,"3","2020-2024 5yr"
"36047026000",2909,599,68043,1000,2861,371,0.129674938832576,476,0.163630113441045,2909,403,175,0.138535579236851,"3","2020-2024 5yr"
"36047026100",5743,706,103274,2457,5728,1657,0.289280726256983,117,0.0203726275465784,5741,730,96,0.12715554781397,"3","2020-2024 5yr"
"36047026200",2645,512,99750,784,2645,419,0.158412098298677,300,0.113421550094518,2642,258,80,0.0976532929598789,"3","2020-2024 5yr"
"36047026300",2216,342,85546,939,2189,390,0.178163544997716,179,0.0807761732851986,2216,306,103,0.138086642599278,"3","2020-2024 5yr"
"36047026400",4554,755,69808,1534,4491,904,0.201291471832554,327,0.0718050065876153,4554,320,79,0.0702678963548529,"3","2020-2024 5yr"
"36047026500",4101,504,82088,1977,4099,870,0.21224688948524,331,0.0807120214581809,4099,361,152,0.0880702610392779,"3","2020-2024 5yr"
"36047026600",3431,469,47544,1148,3399,656,0.192997940570756,604,0.176041970271058,3401,150,107,0.0441046750955601,"3","2020-2024 5yr"
"36047026700",4057,571,150386,1765,3933,245,0.0622934146961607,527,0.129898940103525,3933,164,124,0.0416984490211035,"3","2020-2024 5yr"
"36047026800",4416,692,90442,1520,4414,631,0.142954236520163,792,0.179347826086957,4414,340,272,0.0770276393294064,"3","2020-2024 5yr"
"36047026900",3444,672,96006,1302,3444,630,0.182926829268293,371,0.107723577235772,3444,335,104,0.0972706155632985,"3","2020-2024 5yr"
"36047027000",2582,497,62083,876,2582,649,0.25135553834237,438,0.169635941130906,2582,262,186,0.101471727343145,"3","2020-2024 5yr"
"36047027100",3652,545,84412,1610,3637,532,0.146274401979654,356,0.0974808324205915,3637,347,166,0.0954083035468793,"3","2020-2024 5yr"
"36047027200",3750,533,59802,1430,3750,977,0.260533333333333,592,0.157866666666667,3750,479,357,0.127733333333333,"3","2020-2024 5yr"
"36047027300",4176,894,122093,1420,4154,347,0.0835339431872894,755,0.180795019157088,4175,615,297,0.147305389221557,"3","2020-2024 5yr"
"36047027400",2943,569,49800,988,2938,308,0.104833219877468,847,0.287801563030921,2938,541,417,0.184138869979578,"3","2020-2024 5yr"
"36047027500",5272,1064,84756,1791,5272,1255,0.238050075872534,691,0.131069802731411,5256,713,243,0.135654490106545,"3","2020-2024 5yr"
"36047027600",3680,704,63447,1294,3665,604,0.164802182810368,618,0.167934782608696,3680,254,172,0.0690217391304348,"3","2020-2024 5yr"
"36047027700",4303,785,61042,1660,4286,1233,0.287680821278581,528,0.122705089472461,4301,753,254,0.175075563822367,"3","2020-2024 5yr"
"36047027800",3134,500,68792,1130,3134,390,0.124441608168475,720,0.2297383535418,3134,446,222,0.142310146777281,"3","2020-2024 5yr"
"36047027900",4266,629,91771,1692,4260,766,0.17981220657277,392,0.0918893577121425,4260,432,115,0.101408450704225,"3","2020-2024 5yr"
"36047028000",1708,376,95208,595,1708,187,0.109484777517564,329,0.192622950819672,1708,90,64,0.0526932084309134,"3","2020-2024 5yr"
"36047028100",5240,960,45850,1879,5194,1950,0.375433192144782,431,0.0822519083969466,5238,711,236,0.13573883161512,"3","2020-2024 5yr"
"36047028200",3239,531,52926,1190,3239,758,0.23402284655758,721,0.22259956776783,3239,391,277,0.120716270453844,"3","2020-2024 5yr"
"36047028300",3976,635,53040,1584,3951,1182,0.29916476841306,509,0.128018108651911,3963,722,241,0.182185213222306,"3","2020-2024 5yr"
"36047028400",3675,573,59954,1445,3675,776,0.211156462585034,603,0.164081632653061,3675,498,199,0.135510204081633,"3","2020-2024 5yr"
"36047028501",589,151,57969,321,565,183,0.323893805309734,37,0.0628183361629881,565,117,13,0.207079646017699,"3","2020-2024 5yr"
"36047028502",3144,684,14944,1187,3144,1674,0.532442748091603,698,0.222010178117048,3144,844,395,0.268447837150127,"3","2020-2024 5yr"
"36047028600",5092,1063,47923,1748,5092,2224,0.436763550667714,690,0.135506677140613,5092,1001,478,0.196582875098193,"3","2020-2024 5yr"
"36047028700",3398,681,106462,1304,3396,1224,0.360424028268551,157,0.046203649205415,3398,512,92,0.150676868746321,"3","2020-2024 5yr"
"36047028800",3578,1057,77042,1123,3556,782,0.219910011248594,655,0.183063163778647,3578,357,315,0.0997764114030184,"3","2020-2024 5yr"
"36047028900",4147,787,50152,1601,4137,1401,0.338651196519217,477,0.115022908126356,4147,321,188,0.0774053532674222,"3","2020-2024 5yr"
"36047029000",3710,509,62731,1531,3710,1037,0.279514824797844,879,0.236927223719677,3710,645,480,0.173854447439353,"3","2020-2024 5yr"
"36047029100",3461,501,88153,1451,3461,665,0.192140999711066,400,0.115573533660792,3461,390,166,0.112684195319272,"3","2020-2024 5yr"
"36047029200",2501,310,55653,1014,2501,432,0.172730907636945,454,0.181527389044382,2501,423,275,0.169132347061176,"3","2020-2024 5yr"
"36047029300",3181,500,36833,1326,3181,1127,0.354291103426595,588,0.184847532222572,3181,385,183,0.121031122288588,"3","2020-2024 5yr"
"36047029400",2072,387,91544,603,1622,289,0.178175092478422,638,0.307915057915058,1622,268,122,0.165228113440197,"3","2020-2024 5yr"
"36047029500",4043,821,94227,1886,4043,959,0.237200098936433,533,0.131832797427653,4043,329,64,0.0813752164234479,"3","2020-2024 5yr"
"36047029600",6463,1069,66349,1989,6463,1860,0.28779204703698,978,0.151322915054928,6463,458,331,0.070864923410181,"3","2020-2024 5yr"
"36047029700",4004,594,70536,1705,4004,929,0.232017982017982,583,0.145604395604396,4004,794,343,0.198301698301698,"3","2020-2024 5yr"
"36047029800",3877,759,61059,1110,3868,770,0.199069286452947,557,0.143667784369358,3877,349,155,0.0900180551973175,"3","2020-2024 5yr"
"36047029900",3328,614,65433,1247,3120,923,0.295833333333333,406,0.121995192307692,3120,300,138,0.0961538461538462,"3","2020-2024 5yr"
"36047030000",4165,775,73981,1354,4165,765,0.183673469387755,584,0.140216086434574,4165,377,226,0.090516206482593,"3","2020-2024 5yr"
"36047030100",3171,792,98438,1106,3169,678,0.213947617544967,288,0.0908230842005676,3170,293,128,0.0924290220820189,"3","2020-2024 5yr"
"36047030200",3850,680,76005,1323,3850,692,0.17974025974026,756,0.196363636363636,3850,400,288,0.103896103896104,"3","2020-2024 5yr"
"36047030300",5477,535,43275,2198,5465,1520,0.278133577310156,1107,0.202117947781632,5465,864,406,0.158096980786825,"3","2020-2024 5yr"
"36047030400",4525,541,68581,1505,4498,616,0.136949755446865,1207,0.266740331491713,4525,484,360,0.106961325966851,"3","2020-2024 5yr"
"36047030500",6968,669,122353,3332,6688,873,0.130532296650718,655,0.0940011481056257,6688,516,185,0.0771531100478469,"3","2020-2024 5yr"
"36047030600",1903,346,65985,672,1893,260,0.137348124669836,413,0.217025748817656,1897,307,107,0.161834475487612,"3","2020-2024 5yr"
"36047030700",6299,1115,50049,2861,6279,1754,0.279343844561236,852,0.135259565010319,6299,966,439,0.153357675821559,"3","2020-2024 5yr"
"36047030800",1792,343,50865,710,1792,216,0.120535714285714,525,0.29296875,1792,416,264,0.232142857142857,"3","2020-2024 5yr"
"36047030900",2279,515,66889,933,2277,846,0.371541501976285,182,0.079859587538394,2279,410,135,0.179903466432646,"3","2020-2024 5yr"
"36047031100",3534,730,106845,1325,3534,776,0.219581211092247,177,0.0500848896434635,3534,339,89,0.0959252971137521,"3","2020-2024 5yr"
"36047031300",4415,808,105407,2277,4352,760,0.174632352941176,872,0.197508493771234,4398,960,515,0.218281036834925,"3","2020-2024 5yr"
"36047031401",4912,991,101193,1842,4910,501,0.1020366598778,1144,0.232899022801303,4910,766,534,0.156008146639511,"3","2020-2024 5yr"
"36047031402",0,14,NA,0,0,0,NA,0,NA,0,0,0,NA,"3","2020-2024 5yr"
"36047031500",5179,816,100899,2481,5179,749,0.144622513998841,372,0.0718285383278625,5179,452,101,0.0872755358177254,"3","2020-2024 5yr"
"36047031701",4300,808,101806,1701,4262,472,0.110746128578132,515,0.119767441860465,4300,366,130,0.0851162790697674,"3","2020-2024 5yr"
"36047031702",3622,723,115512,1553,3609,366,0.101413133832086,385,0.106294864715627,3622,297,92,0.0819988956377692,"3","2020-2024 5yr"
"36047031900",3412,646,90357,1308,3412,247,0.0723915592028136,662,0.194021101992966,3412,354,212,0.103751465416178,"3","2020-2024 5yr"
"36047032100",4995,752,86685,2188,4975,771,0.154974874371859,528,0.105705705705706,4989,693,166,0.138905592303067,"3","2020-2024 5yr"
"36047032300",3589,840,83815,1695,3589,604,0.16829200334355,702,0.195597659515185,3589,497,241,0.138478684870437,"3","2020-2024 5yr"
"36047032500",7964,985,94328,2715,7964,738,0.0926670015067805,1073,0.134731290808639,7926,775,370,0.0977794600050467,"3","2020-2024 5yr"
"36047032600",10531,2308,49911,3091,10436,3568,0.341893445764661,758,0.0719779698034375,10522,1176,225,0.111765823987835,"3","2020-2024 5yr"
"36047032700",2980,608,82554,1420,2980,389,0.130536912751678,470,0.157718120805369,2980,227,114,0.0761744966442953,"3","2020-2024 5yr"
"36047032800",2921,433,53526,1122,2847,777,0.272918861959958,823,0.281752824375214,2918,535,324,0.183344756682659,"3","2020-2024 5yr"
"36047032900",5411,1531,92193,2121,5411,1249,0.230826094991684,632,0.11679911291813,5411,531,256,0.0981334318979856,"3","2020-2024 5yr"
"36047033000",4721,658,23583,1944,4721,1935,0.409870790086846,976,0.206735861046388,4721,1094,509,0.231730565558144,"3","2020-2024 5yr"
"36047033100",3822,665,44347,1743,3822,1134,0.296703296703297,746,0.195185766614338,3822,482,308,0.12611198325484,"3","2020-2024 5yr"
"36047033300",4519,1039,103333,1366,4519,925,0.204691303385705,601,0.13299402522682,4519,301,163,0.0666076565611861,"3","2020-2024 5yr"
"36047033500",3743,556,102188,954,3400,593,0.174411764705882,531,0.141864814320064,3743,346,220,0.0924392198771039,"3","2020-2024 5yr"
"36047033600",4762,724,76719,1592,4674,499,0.10676080445015,1091,0.229105417891642,4757,500,228,0.105108261509355,"3","2020-2024 5yr"
"36047033701",2742,664,93620,945,2668,306,0.114692653673163,491,0.179066374908826,2742,354,226,0.12910284463895,"3","2020-2024 5yr"
"36047033702",1993,285,87165,575,1815,276,0.152066115702479,263,0.131961866532865,1974,265,165,0.134245187436677,"3","2020-2024 5yr"
"36047033900",5012,720,61979,2041,5010,1267,0.252894211576846,1016,0.202713487629689,5010,713,516,0.142315369261477,"3","2020-2024 5yr"
"36047034000",2172,219,32983,679,1662,631,0.379663056558363,870,0.400552486187845,1662,426,263,0.256317689530686,"3","2020-2024 5yr"
"36047034100",2564,584,95300,1174,2319,455,0.196205260888314,533,0.207878315132605,2319,186,23,0.0802069857697283,"3","2020-2024 5yr"
"36047034200",6667,1341,22872,2927,6608,2245,0.339739709443099,2232,0.334783260836958,6608,1601,1225,0.242282082324455,"3","2020-2024 5yr"
"36047034300",4548,763,28750,1892,4548,1971,0.433377308707124,852,0.187335092348285,4548,981,279,0.215699208443272,"3","2020-2024 5yr"
"36047034500",2703,656,81850,1097,2698,228,0.0845070422535211,270,0.099889012208657,2698,255,100,0.0945144551519644,"3","2020-2024 5yr"
"36047034700",3728,445,42457,1860,3728,808,0.216738197424893,586,0.157188841201717,3728,524,156,0.140557939914163,"3","2020-2024 5yr"
"36047034800",3011,536,53710,938,3011,618,0.205247426104284,209,0.0694121554300897,3011,182,40,0.0604450348721355,"3","2020-2024 5yr"
"36047034901",2324,418,82521,817,2324,430,0.185025817555938,207,0.0890705679862306,2298,130,59,0.0565709312445605,"3","2020-2024 5yr"
"36047034902",3396,774,34381,1669,3396,531,0.156360424028269,341,0.100412249705536,3396,286,184,0.0842167255594817,"3","2020-2024 5yr"
"36047035000",3169,400,56891,1611,3169,421,0.132849479331019,1485,0.468602082675923,3169,1108,717,0.349637109498264,"3","2020-2024 5yr"
"36047035101",1735,482,53626,762,1735,454,0.261671469740634,178,0.102593659942363,1735,289,92,0.16657060518732,"3","2020-2024 5yr"
"36047035102",3400,844,70030,1047,3400,1066,0.313529411764706,486,0.142941176470588,3400,450,206,0.132352941176471,"3","2020-2024 5yr"
"36047035200",1529,198,13240,821,1186,713,0.601180438448567,786,0.514061478090255,1186,801,315,0.675379426644182,"3","2020-2024 5yr"
"36047035301",2483,599,46789,1116,2472,1024,0.414239482200647,140,0.0563834071687475,2483,270,46,0.108739428111156,"3","2020-2024 5yr"
"36047035302",3064,511,85234,1014,3058,460,0.150425114453891,574,0.18733681462141,3059,367,155,0.119973847662635,"3","2020-2024 5yr"
"36047035400",6075,805,63382,2856,6075,587,0.0966255144032922,2244,0.369382716049383,6075,1374,1033,0.226172839506173,"3","2020-2024 5yr"
"36047035500",5046,711,75139,2068,5046,578,0.114546175188268,1084,0.214823622671423,5046,811,274,0.160721363456203,"3","2020-2024 5yr"
"36047035601",2326,299,28750,1397,2326,441,0.189595872742906,1283,0.551590713671539,2326,762,598,0.327601031814273,"3","2020-2024 5yr"
"36047035602",6581,830,50456,3207,6581,1027,0.156055310743048,2457,0.373347515575141,6581,1509,1326,0.229296459504635,"3","2020-2024 5yr"
"36047035701",2398,427,45313,1105,2398,900,0.375312760633862,263,0.109674728940784,2398,496,202,0.206839032527106,"3","2020-2024 5yr"
"36047035702",0,14,NA,0,0,0,NA,0,NA,0,0,0,NA,"3","2020-2024 5yr"
"36047035900",6794,1151,62774,2462,6788,1465,0.215822038892163,700,0.103032087135708,6788,902,417,0.132881555686506,"3","2020-2024 5yr"
"36047036001",2844,262,30877,1786,2844,1005,0.35337552742616,1144,0.40225035161744,2844,871,779,0.306258790436006,"3","2020-2024 5yr"
"36047036002",3731,546,30176,2203,3726,918,0.246376811594203,1777,0.476279817743232,3726,1570,1323,0.421363392377885,"3","2020-2024 5yr"
"36047036100",3358,578,37035,1268,3357,1238,0.368781650282991,650,0.193567599761763,3358,786,349,0.23406789755807,"3","2020-2024 5yr"
"36047036200",3090,545,52023,1353,3078,1167,0.379142300194932,372,0.120388349514563,3090,330,214,0.106796116504854,"3","2020-2024 5yr"
"36047036300",5430,1053,58091,2105,5430,1056,0.194475138121547,635,0.116942909760589,5430,808,176,0.148802946593002,"3","2020-2024 5yr"
"36047036400",2288,448,63480,955,2288,356,0.155594405594406,444,0.194055944055944,2288,185,124,0.0808566433566434,"3","2020-2024 5yr"
"36047036501",3139,657,67165,1378,3139,548,0.174577891048105,671,0.213762344695763,3139,722,371,0.230009557183816,"3","2020-2024 5yr"
"36047036502",2389,512,67038,745,2380,647,0.271848739495798,239,0.100041858518208,2388,232,131,0.0971524288107203,"3","2020-2024 5yr"
"36047036600",4362,780,52385,1388,4134,948,0.229317851959361,734,0.168271435121504,4134,361,239,0.0873246250604741,"3","2020-2024 5yr"
"36047036700",2091,696,70426,705,2091,594,0.284074605451937,230,0.109995217599235,2091,154,32,0.0736489717838355,"3","2020-2024 5yr"
"36047036900",5626,1029,48583,2455,5616,1442,0.256766381766382,717,0.127444009953786,5616,984,210,0.175213675213675,"3","2020-2024 5yr"
"36047037000",4171,487,69493,1479,3875,524,0.135225806451613,1114,0.267082234476145,3904,417,321,0.106813524590164,"3","2020-2024 5yr"
"36047037100",4309,649,87679,1728,4244,812,0.191328934967012,201,0.0466465537247621,4309,266,0,0.0617312601531678,"3","2020-2024 5yr"
"36047037300",4952,827,71786,2012,4946,1016,0.205418520016175,907,0.183158319870759,4952,715,343,0.144386106623586,"3","2020-2024 5yr"
"36047037401",4758,778,59004,1819,4758,758,0.159310634720471,875,0.183900798654897,4758,921,526,0.193568726355612,"3","2020-2024 5yr"
"36047037402",5843,809,57118,2276,5843,1097,0.187746020879685,1371,0.234639739859661,5843,935,660,0.160020537395174,"3","2020-2024 5yr"
"36047037500",3748,619,91985,1560,3740,772,0.206417112299465,363,0.0968516542155816,3746,437,129,0.116657768286172,"3","2020-2024 5yr"
"36047037700",5090,650,71786,1912,4985,989,0.19839518555667,784,0.154027504911591,5090,641,389,0.125933202357564,"3","2020-2024 5yr"
"36047037900",4012,921,67949,1584,4012,1414,0.352442671984048,679,0.169242273180459,4012,466,156,0.116151545363908,"3","2020-2024 5yr"
"36047038100",5138,639,70867,2458,5138,975,0.189762553522771,664,0.129233164655508,5138,817,412,0.159011288439081,"3","2020-2024 5yr"
"36047038200",5225,880,22332,1985,5222,2497,0.478169283799311,1185,0.226794258373206,5222,1393,741,0.266756032171582,"3","2020-2024 5yr"
"36047038300",5466,684,87786,2158,5465,1199,0.21939615736505,749,0.137028905964142,5394,422,309,0.0782350760103819,"3","2020-2024 5yr"
"36047038500",3823,961,114375,1571,3823,495,0.129479466387654,623,0.162961025372744,3823,472,221,0.12346324875752,"3","2020-2024 5yr"
"36047038600",3042,711,91857,1086,3042,388,0.127547666009204,590,0.193951347797502,3042,377,234,0.123931623931624,"3","2020-2024 5yr"
"36047038700",5312,947,93221,2093,5311,1378,0.259461495010356,465,0.0875376506024096,5311,338,182,0.063641498776125,"3","2020-2024 5yr"
"36047038800",5353,1019,83558,1530,5301,1003,0.189209583097529,396,0.0739772090416589,5353,380,97,0.0709882308985616,"3","2020-2024 5yr"
"36047038900",3277,664,98819,1472,3248,415,0.127770935960591,185,0.0564540738480317,3277,350,31,0.106805004577357,"3","2020-2024 5yr"
"36047039000",2681,536,72143,770,2681,760,0.283476314807907,404,0.150690041029467,2681,175,117,0.0652741514360313,"3","2020-2024 5yr"
"36047039100",5428,630,103796,2539,5428,1331,0.24521002210759,239,0.0440309506263817,5428,950,210,0.175018422991894,"3","2020-2024 5yr"
"36047039200",3091,879,54483,1082,3091,511,0.165318667098027,329,0.106438045939825,3091,213,162,0.0689097379488839,"3","2020-2024 5yr"
"36047039300",3798,743,112566,1643,3798,620,0.163243812532912,209,0.055028962611901,3798,309,28,0.0813586097946288,"3","2020-2024 5yr"
"36047039400",2259,432,62875,702,2259,683,0.302346170872067,255,0.112881806108898,2259,209,103,0.0925188136343515,"3","2020-2024 5yr"
"36047039500",4083,530,84219,1959,4083,1108,0.271369091354396,351,0.085966201322557,4083,514,255,0.125887827577761,"3","2020-2024 5yr"
"36047039600",1708,464,69563,675,1708,287,0.168032786885246,269,0.157494145199063,1708,333,80,0.194964871194379,"3","2020-2024 5yr"
"36047039700",3356,510,74291,1598,3332,731,0.219387755102041,194,0.0578069129916567,3356,251,25,0.0747914183551847,"3","2020-2024 5yr"
"36047039800",2586,509,89750,809,2586,284,0.109822119102862,437,0.168986852281516,2586,207,138,0.080046403712297,"3","2020-2024 5yr"
"36047039900",3745,675,50329,1635,3729,1056,0.283185840707965,595,0.158878504672897,3745,708,287,0.189052069425901,"3","2020-2024 5yr"
"36047040000",2570,622,58941,877,2549,511,0.200470772852099,425,0.165369649805447,2570,235,208,0.0914396887159533,"3","2020-2024 5yr"
"36047040100",3354,615,69616,1399,3349,924,0.275903254702896,520,0.155038759689922,3349,398,231,0.118841445207525,"3","2020-2024 5yr"
"36047040200",2414,428,76250,772,2414,727,0.30115990057995,446,0.184755592377796,2414,105,69,0.0434962717481359,"3","2020-2024 5yr"
"36047040300",3982,577,103792,1489,3970,518,0.130478589420655,268,0.0673028628829734,3980,486,113,0.122110552763819,"3","2020-2024 5yr"
"36047040400",2604,359,106442,847,2604,264,0.101382488479263,372,0.142857142857143,2604,172,96,0.0660522273425499,"3","2020-2024 5yr"
"36047040500",1653,356,69437,680,1653,197,0.119177253478524,201,0.121597096188748,1644,176,100,0.10705596107056,"3","2020-2024 5yr"
"36047040600",3726,548,79941,1052,3706,452,0.121964382083108,558,0.14975845410628,3726,364,316,0.0976918947933441,"3","2020-2024 5yr"
"36047040700",0,14,NA,0,0,0,NA,0,NA,0,0,0,NA,"3","2020-2024 5yr"
"36047040800",3676,627,78750,1068,3676,953,0.259249183895539,519,0.141186071817193,3676,448,151,0.121871599564744,"3","2020-2024 5yr"
"36047040900",3891,756,78220,1308,3891,781,0.200719609354922,673,0.172963248522231,3891,563,224,0.144692881007453,"3","2020-2024 5yr"
"36047041000",1899,490,60694,690,1899,294,0.154818325434439,433,0.228014744602422,1899,305,212,0.160610847814639,"3","2020-2024 5yr"
"36047041100",2631,727,63125,1030,2631,695,0.264158114785253,350,0.133029266438616,2631,313,208,0.118966172557963,"3","2020-2024 5yr"
"36047041200",2789,848,95152,909,2789,405,0.145213338114019,689,0.2470419505199,2789,323,212,0.115812119039082,"3","2020-2024 5yr"
"36047041300",3851,887,110996,1449,3851,763,0.198130355751753,494,0.128278369254739,3851,352,118,0.091404829914308,"3","2020-2024 5yr"
"36047041401",1237,222,71944,468,1237,371,0.299919159256265,245,0.198059822150364,1237,48,15,0.0388035569927243,"3","2020-2024 5yr"
"36047041402",2062,360,39048,730,2018,515,0.255203171456888,496,0.240543161978661,2062,483,289,0.234238603297769,"3","2020-2024 5yr"
"36047041500",4300,836,96110,1649,4300,631,0.146744186046512,593,0.137906976744186,4300,381,182,0.0886046511627907,"3","2020-2024 5yr"
"36047041600",1784,438,63425,705,1784,347,0.194506726457399,496,0.278026905829596,1784,282,165,0.158071748878924,"3","2020-2024 5yr"
"36047041700",3402,668,32028,1432,3402,1169,0.343621399176955,835,0.245443856554968,3402,940,424,0.276308054085832,"3","2020-2024 5yr"
"36047041800",2350,484,46607,871,2280,450,0.197368421052632,561,0.238723404255319,2350,392,313,0.166808510638298,"3","2020-2024 5yr"
"36047041900",3479,890,73958,1241,3479,1129,0.32451853981029,527,0.151480310434033,3479,627,260,0.180224202356999,"3","2020-2024 5yr"
"36047042000",1662,286,88700,490,1651,216,0.130829800121139,297,0.17870036101083,1662,206,136,0.123947051744886,"3","2020-2024 5yr"
"36047042100",4712,592,94209,1795,4712,1259,0.267190152801358,374,0.0793718166383701,4712,626,201,0.132852292020374,"3","2020-2024 5yr"
"36047042200",3163,837,73033,1022,3037,891,0.293381626605203,362,0.114448308567815,3163,278,179,0.0878912424913057,"3","2020-2024 5yr"
"36047042300",4523,828,123750,1528,4283,395,0.0922250758813915,342,0.0756135308423613,4283,281,15,0.0656082185384077,"3","2020-2024 5yr"
"36047042400",3723,701,70060,1322,3720,786,0.211290322580645,943,0.253290357238786,3720,358,240,0.096236559139785,"3","2020-2024 5yr"
"36047042500",2709,579,86316,1148,2698,391,0.144922164566345,322,0.118863049095607,2699,301,56,0.111522786217117,"3","2020-2024 5yr"
"36047042600",4528,931,71840,1537,4478,1004,0.224207235372934,800,0.176678445229682,4528,574,299,0.126766784452297,"3","2020-2024 5yr"
"36047042700",4098,499,92250,1871,4098,481,0.117374328940947,261,0.0636896046852123,4098,272,78,0.066373840897999,"3","2020-2024 5yr"
"36047042800",3636,591,88656,1263,3636,185,0.0508800880088009,697,0.191694169416942,3636,433,346,0.119086908690869,"3","2020-2024 5yr"
"36047042900",4630,828,65000,2038,4630,1255,0.271058315334773,536,0.115766738660907,4630,480,178,0.103671706263499,"3","2020-2024 5yr"
"36047043000",3666,445,75417,1381,3666,511,0.139388979814512,549,0.149754500818331,3666,378,272,0.103109656301146,"3","2020-2024 5yr"
"36047043100",3864,686,90745,1783,3864,392,0.101449275362319,130,0.0336438923395445,3864,387,102,0.100155279503106,"3","2020-2024 5yr"
"36047043200",3874,630,79667,1432,3874,579,0.14945792462571,704,0.181724315952504,3874,354,179,0.0913784202374806,"3","2020-2024 5yr"
"36047043300",4029,686,59551,1442,4029,1205,0.299081657979648,662,0.164308761479275,4029,470,206,0.116654256639365,"3","2020-2024 5yr"
"36047043400",4095,782,66763,1266,4095,1271,0.31037851037851,647,0.157997557997558,4095,347,198,0.0847374847374847,"3","2020-2024 5yr"
"36047043500",4897,670,67778,1774,4897,1442,0.294465999591587,490,0.100061261997141,4897,504,127,0.102920155197059,"3","2020-2024 5yr"
"36047043600",4341,933,83284,1794,4341,892,0.20548260769408,554,0.127620363971435,4341,509,357,0.117254088919604,"3","2020-2024 5yr"
"36047043700",5034,1236,77904,1997,5034,974,0.193484306714342,404,0.0802542709574891,5034,348,102,0.0691299165673421,"3","2020-2024 5yr"
"36047043800",2530,522,70066,909,2530,439,0.173517786561265,558,0.220553359683794,2530,333,310,0.131620553359684,"3","2020-2024 5yr"
"36047043900",4172,928,114318,1116,4172,680,0.162991371045062,559,0.13398849472675,4172,603,322,0.144534995206136,"3","2020-2024 5yr"
"36047044000",2586,430,88344,733,2586,426,0.164733178654292,272,0.105181747873163,2586,183,90,0.0707656612529002,"3","2020-2024 5yr"
"36047044100",4638,1011,78526,1918,4632,1201,0.259283246977548,302,0.0651142733937042,4632,275,27,0.0593696027633851,"3","2020-2024 5yr"
"36047044200",2268,535,62708,860,2268,447,0.197089947089947,574,0.253086419753086,2268,369,222,0.162698412698413,"3","2020-2024 5yr"
"36047044300",4740,581,94517,1952,4740,492,0.10379746835443,343,0.0723628691983122,4740,493,157,0.104008438818565,"3","2020-2024 5yr"
"36047044400",2677,691,67554,941,2677,856,0.319760926410161,469,0.175196115054165,2677,265,186,0.0989914082928652,"3","2020-2024 5yr"
"36047044500",3944,586,86717,1648,3944,574,0.14553752535497,485,0.122971602434077,3944,537,176,0.136156186612576,"3","2020-2024 5yr"
"36047044600",2123,464,69099,637,2123,116,0.0546396608572774,264,0.124352331606218,2123,89,82,0.041921808761187,"3","2020-2024 5yr"
"36047044700",2337,287,89511,958,2329,804,0.345212537569772,164,0.0701754385964912,2337,269,43,0.115104835258879,"3","2020-2024 5yr"
"36047044800",1914,236,96639,759,1914,107,0.0559038662486938,438,0.22884012539185,1914,247,128,0.129049111807732,"3","2020-2024 5yr"
"36047044901",2715,632,78774,1045,2715,714,0.262983425414365,368,0.135543278084715,2715,359,196,0.132228360957643,"3","2020-2024 5yr"
"36047044902",0,14,NA,0,0,0,NA,0,NA,0,0,0,NA,"3","2020-2024 5yr"
"36047045000",1147,432,90893,296,1147,573,0.499564080209241,158,0.137750653879686,1147,132,74,0.115082824760244,"3","2020-2024 5yr"
"36047045200",2543,584,74250,892,2533,222,0.0876431109356494,550,0.216279984270547,2543,267,159,0.104994101454974,"3","2020-2024 5yr"
"36047045300",1823,200,70598,683,1823,704,0.386176631925398,269,0.147558968732858,1823,376,87,0.206253428414701,"3","2020-2024 5yr"
"36047045400",2075,613,94607,531,2075,242,0.116626506024096,286,0.137831325301205,2075,224,93,0.107951807228916,"3","2020-2024 5yr"
"36047045600",2362,426,70329,817,2362,520,0.220152413209145,509,0.215495342929721,2362,559,300,0.236663844199831,"3","2020-2024 5yr"
"36047045800",1373,283,58958,459,1373,102,0.0742898761835397,296,0.215586307356154,1373,127,103,0.0924981791697014,"3","2020-2024 5yr"
"36047046000",2997,525,97188,1231,2997,601,0.200533867200534,544,0.181514848181515,2997,371,311,0.12379045712379,"3","2020-2024 5yr"
"36047046201",2311,467,63375,1047,2252,407,0.180728241563055,539,0.233232366940718,2311,401,357,0.173517957594115,"3","2020-2024 5yr"
"36047046202",1914,380,85536,462,1896,239,0.126054852320675,203,0.106060606060606,1914,143,40,0.0747126436781609,"3","2020-2024 5yr"
"36047046400",3327,669,72422,628,3327,1073,0.322512774271115,228,0.0685302073940487,3327,242,113,0.0727382025849113,"3","2020-2024 5yr"
"36047046800",1826,504,41343,500,1826,205,0.112267250821468,287,0.157174151150055,1826,59,7,0.0323110624315444,"3","2020-2024 5yr"
"36047047000",2629,431,75069,655,2629,562,0.213769494104222,357,0.135793077215671,2629,129,63,0.0490680867249905,"3","2020-2024 5yr"
"36047047200",2840,665,71635,705,2772,768,0.277056277056277,637,0.224295774647887,2772,243,213,0.0876623376623377,"3","2020-2024 5yr"
"36047047400",3211,662,99769,729,3211,799,0.248832139520399,430,0.133914668327624,3211,195,93,0.0607287449392713,"3","2020-2024 5yr"
"36047047600",3865,847,61250,926,3865,886,0.229236739974127,380,0.0983182406209573,3865,149,98,0.0385510996119017,"3","2020-2024 5yr"
"36047047700",3918,522,179175,1887,3885,355,0.0913770913770914,174,0.0444104134762634,3918,74,22,0.0188871873404798,"3","2020-2024 5yr"
"36047047800",5251,1102,60590,1205,5188,1378,0.265612952968389,379,0.0721767282422396,5251,248,117,0.0472290992191963,"3","2020-2024 5yr"
"36047048000",3863,733,52940,971,3863,1635,0.423246181724049,411,0.106393994304944,3863,398,147,0.103028734144447,"3","2020-2024 5yr"
"36047048100",3010,824,94896,1443,3010,444,0.147508305647841,360,0.119601328903654,3010,418,187,0.138870431893688,"3","2020-2024 5yr"
"36047048200",5580,1078,58234,2169,5580,1095,0.196236559139785,963,0.17258064516129,5553,638,352,0.114892850711327,"3","2020-2024 5yr"
"36047048400",4912,1239,96964,1514,4844,364,0.0751445086705202,647,0.131718241042345,4904,327,183,0.0666802610114192,"3","2020-2024 5yr"
"36047048500",2369,308,130278,1046,2351,593,0.252233092301148,141,0.0595187842971718,2369,309,49,0.130434782608696,"3","2020-2024 5yr"
"36047048600",3189,1057,65714,756,3173,460,0.144973211471793,256,0.0802759485732204,3189,224,86,0.0702414550015679,"3","2020-2024 5yr"
"36047048800",4933,831,76110,1641,4806,1130,0.235122763212651,585,0.118589093857693,4932,422,151,0.0855636658556367,"3","2020-2024 5yr"
"36047048900",3597,961,26070,1535,3484,1478,0.424225028702641,552,0.153461217681401,3597,1123,390,0.312204614956909,"3","2020-2024 5yr"
"36047049000",5371,876,77917,2110,5364,522,0.0973154362416107,637,0.118599888288959,5364,711,334,0.13255033557047,"3","2020-2024 5yr"
"36047049100",6213,1122,46137,2621,6213,2108,0.339288588443586,1690,0.272010300981812,6213,1050,685,0.169000482858522,"3","2020-2024 5yr"
"36047049200",3115,568,103269,1258,3098,528,0.170432537120723,455,0.146067415730337,3098,714,250,0.23047127178825,"3","2020-2024 5yr"
"36047049301",1941,525,19440,947,1941,902,0.464708912931479,377,0.194229778464709,1941,781,206,0.40236991241628,"3","2020-2024 5yr"
"36047049302",4714,615,82423,2459,4714,1521,0.322655918540518,571,0.121128553245651,4714,738,373,0.156554942723801,"3","2020-2024 5yr"
"36047049400",5710,854,97625,2253,5493,1032,0.187875477880939,951,0.166549912434326,5499,517,154,0.094017094017094,"3","2020-2024 5yr"
"36047049500",3284,481,141250,1506,3284,307,0.093483556638246,85,0.0258830694275274,3284,216,56,0.0657734470158343,"3","2020-2024 5yr"
"36047049600",4225,562,66920,1298,4110,1113,0.270802919708029,766,0.181301775147929,4225,453,196,0.107218934911243,"3","2020-2024 5yr"
"36047049700",3361,428,144872,1750,3361,239,0.0711097887533472,220,0.0654567093127046,3348,218,77,0.0651135005973716,"3","2020-2024 5yr"
"36047049800",3950,612,77692,1570,3950,348,0.0881012658227848,494,0.12506329113924,3950,390,139,0.0987341772151899,"3","2020-2024 5yr"
"36047049900",2480,409,146106,1077,2480,106,0.042741935483871,162,0.0653225806451613,2480,60,0,0.0241935483870968,"3","2020-2024 5yr"
"36047050001",2282,399,124177,945,2282,274,0.120070113935145,566,0.248028045574058,2282,370,257,0.162138475021911,"3","2020-2024 5yr"
"36047050002",1548,355,124107,659,1548,52,0.0335917312661499,172,0.111111111111111,1548,185,52,0.119509043927649,"3","2020-2024 5yr"
"36047050100",3089,513,126696,1511,3089,463,0.149886694723211,374,0.12107478148268,3089,201,134,0.0650696018128844,"3","2020-2024 5yr"
"36047050202",2413,390,132670,1093,2306,146,0.0633130962705984,555,0.230004144218815,2413,512,399,0.212184003315375,"3","2020-2024 5yr"
"36047050300",2803,582,173548,1325,2803,180,0.064216910453086,95,0.0338922582946843,2803,115,56,0.0410274705672494,"3","2020-2024 5yr"
"36047050401",2518,381,156033,1182,2518,117,0.0464654487688642,510,0.202541699761716,2518,261,188,0.103653693407466,"3","2020-2024 5yr"
"36047050402",1950,704,166100,892,1950,92,0.0471794871794872,261,0.133846153846154,1950,181,64,0.0928205128205128,"3","2020-2024 5yr"
"36047050500",4121,849,57500,2052,4121,1419,0.344333899538947,686,0.166464450376122,4121,1179,556,0.286095607862169,"3","2020-2024 5yr"
"36047050600",5233,1153,69276,2003,5126,914,0.178306671868904,1121,0.214217466080642,5126,399,197,0.0778384705423332,"3","2020-2024 5yr"
"36047050700",4369,738,59158,845,4369,1594,0.364843213550011,77,0.0176241702906844,4369,137,22,0.0313572899977111,"3","2020-2024 5yr"
"36047050801",3910,665,74333,1424,3909,1204,0.308007162957278,478,0.122250639386189,3910,358,97,0.0915601023017903,"3","2020-2024 5yr"
"36047050803",2282,470,68496,1087,2281,363,0.159140727750986,227,0.0994741454864154,2281,346,144,0.15168785620342,"3","2020-2024 5yr"
"36047050804",6637,1019,110317,2715,6637,397,0.0598161820099442,790,0.119029682085279,6637,591,171,0.0890462558384812,"3","2020-2024 5yr"
"36047050900",5206,1250,42361,1048,5206,2521,0.4842489435267,101,0.0194006915097964,5206,146,22,0.0280445639646562,"3","2020-2024 5yr"
"36047051001",4488,1017,59583,1580,4488,927,0.206550802139037,403,0.089795008912656,4488,427,75,0.0951426024955437,"3","2020-2024 5yr"
"36047051002",3675,470,71007,1679,3675,637,0.173333333333333,533,0.145034013605442,3675,358,185,0.0974149659863946,"3","2020-2024 5yr"
"36047051100",3817,578,88457,1916,3817,747,0.195703432014671,789,0.206706837830757,3817,498,259,0.130468954676447,"3","2020-2024 5yr"
"36047051200",6227,1128,96719,2178,6227,720,0.115625501846796,626,0.100529950216798,6227,443,161,0.0711418018307371,"3","2020-2024 5yr"
"36047051300",5970,803,136207,2757,5961,956,0.160375775876531,297,0.049748743718593,5970,965,143,0.161641541038526,"3","2020-2024 5yr"
"36047051400",7213,888,100000,2530,7191,1040,0.144625225976916,683,0.0946901427977263,7213,600,148,0.0831831415499792,"3","2020-2024 5yr"
"36047051500",2891,411,246707,1272,2732,112,0.04099560761347,21,0.00726392251815981,2891,7,1,0.00242130750605327,"3","2020-2024 5yr"
"36047051601",4936,693,72304,1913,4901,856,0.174658233013671,618,0.125202593192869,4936,539,223,0.10919773095624,"3","2020-2024 5yr"
"36047051602",3477,671,77801,1423,3326,360,0.10823812387252,564,0.16220880069025,3348,125,71,0.0373357228195938,"3","2020-2024 5yr"
"36047051700",3087,499,234444,1366,3087,186,0.0602526724975705,127,0.0411402656300615,3087,139,19,0.0450275348234532,"3","2020-2024 5yr"
"36047051800",3391,486,112589,1558,3386,312,0.0921441228588305,520,0.153347095252138,3386,291,192,0.0859421145894861,"3","2020-2024 5yr"
"36047051900",6051,798,221375,3345,6051,320,0.0528838208560568,210,0.0347050074367873,6051,283,64,0.0467691290695753,"3","2020-2024 5yr"
"36047052000",3511,735,126102,1335,3511,537,0.152947878097408,684,0.194816291654799,3511,260,58,0.0740529763600114,"3","2020-2024 5yr"
"36047052300",5077,686,74454,2403,5077,1338,0.263541461493008,706,0.13905849911365,5077,701,250,0.138073665550522,"3","2020-2024 5yr"
"36047052500",3321,734,70625,1418,3308,666,0.201330108827086,428,0.128876844323999,3321,494,266,0.148750376392653,"3","2020-2024 5yr"
"36047052600",3938,544,91500,1820,3935,255,0.0648030495552732,413,0.104875571356018,3910,247,125,0.0631713554987212,"3","2020-2024 5yr"
"36047052700",5553,841,59632,2492,5536,1363,0.246206647398844,833,0.150009004141905,5548,1107,549,0.199531362653208,"3","2020-2024 5yr"
"36047052800",1764,249,121000,652,1764,264,0.149659863945578,321,0.181972789115646,1764,201,124,0.113945578231293,"3","2020-2024 5yr"
"36047052900",3723,1268,39549,1067,3721,612,0.164471916151572,554,0.1488047273704,3721,268,140,0.0720236495565708,"3","2020-2024 5yr"
"36047053000",3329,736,78621,1184,3327,736,0.22122031860535,809,0.243015920696906,3327,413,251,0.124135858130448,"3","2020-2024 5yr"
"36047053101",3020,621,NA,579,3020,1283,0.424834437086093,133,0.0440397350993377,3020,74,0,0.0245033112582781,"3","2020-2024 5yr"
"36047053102",7846,1697,76635,1320,7846,2936,0.37420341575325,7,0.000892174356359929,7846,281,7,0.0358144277338771,"3","2020-2024 5yr"
"36047053200",2280,343,72500,908,2280,392,0.171929824561404,566,0.248245614035088,2280,245,139,0.107456140350877,"3","2020-2024 5yr"
"36047053300",6551,1223,34519,1683,6421,2933,0.456782432642891,1041,0.158907037093574,6551,555,382,0.0847198900931155,"3","2020-2024 5yr"
"36047053400",4620,711,83421,1328,4442,436,0.0981539846915804,755,0.163419913419913,4442,568,192,0.127870328680774,"3","2020-2024 5yr"
"36047053500",4611,1305,49244,1164,4611,1663,0.360659292995012,669,0.14508783344177,4611,627,303,0.13597918022121,"3","2020-2024 5yr"
"36047053700",4803,824,44085,810,4623,2077,0.449275362318841,381,0.0793254216114928,4623,211,123,0.045641358425265,"3","2020-2024 5yr"
"36047053800",5186,988,65556,2420,5181,737,0.142250530785563,1219,0.235055919784034,5181,959,543,0.185099401659911,"3","2020-2024 5yr"
"36047053900",2470,335,46914,889,2470,1111,0.449797570850202,632,0.25587044534413,2470,365,181,0.147773279352227,"3","2020-2024 5yr"
"36047054200",4061,706,56481,1580,4061,988,0.243289830091111,963,0.237133710908643,4061,772,546,0.190100960354592,"3","2020-2024 5yr"
"36047054300",0,14,NA,0,0,0,NA,0,NA,0,0,0,NA,"3","2020-2024 5yr"
"36047054400",3544,527,55938,1299,3521,549,0.155921613178074,814,0.229683972911964,3544,634,399,0.178893905191874,"3","2020-2024 5yr"
"36047054500",8349,1896,42071,2454,8349,2858,0.342316445083243,1004,0.120253922625464,8349,840,448,0.100610851598994,"3","2020-2024 5yr"
"36047054600",5373,739,74651,1895,5367,1294,0.241103037078442,568,0.10571375395496,5367,817,196,0.152226569778275,"3","2020-2024 5yr"
"36047054700",9666,1443,87047,2914,9666,947,0.0979722739499276,384,0.0397268777157045,9666,628,146,0.0649699979308918,"3","2020-2024 5yr"
"36047054800",2304,419,83500,804,2302,230,0.0999131190269331,364,0.157986111111111,2302,160,105,0.0695047784535187,"3","2020-2024 5yr"
"36047054900",4530,858,183091,2086,4515,699,0.154817275747508,121,0.0267108167770419,4515,85,0,0.0188261351052049,"3","2020-2024 5yr"
"36047055000",3408,528,59955,1495,3408,858,0.251760563380282,783,0.229753521126761,3408,395,187,0.115903755868545,"3","2020-2024 5yr"
"36047055100",6185,673,171952,3279,6184,1030,0.166558861578266,758,0.122554567502021,6185,476,279,0.0769603880355699,"3","2020-2024 5yr"
"36047055200",3359,522,69861,1324,3359,596,0.177433760047633,915,0.272402500744269,3359,342,236,0.101816016671628,"3","2020-2024 5yr"
"36047055300",3605,676,144083,1615,3603,756,0.209825145711907,369,0.102357836338419,3603,399,260,0.110741049125729,"3","2020-2024 5yr"
"36047055400",3989,619,64894,1694,3989,510,0.127851591877664,685,0.171722236149411,3989,319,252,0.0799699172724994,"3","2020-2024 5yr"
"36047055500",8974,1157,205860,4405,8974,283,0.0315355471361712,203,0.0226209048361934,8974,252,50,0.0280811232449298,"3","2020-2024 5yr"
"36047055600",3353,570,69485,1286,3351,1076,0.321098179647866,796,0.23739934387116,3351,189,134,0.0564010743061773,"3","2020-2024 5yr"
"36047055700",1702,375,136250,1000,1702,28,0.0164512338425382,46,0.027027027027027,1702,120,0,0.0705052878965922,"3","2020-2024 5yr"
"36047055800",2145,304,61786,882,2145,363,0.169230769230769,398,0.185547785547786,2145,292,193,0.136130536130536,"3","2020-2024 5yr"
"36047056000",3477,559,74104,1450,3475,362,0.104172661870504,829,0.238423928674144,3475,459,360,0.132086330935252,"3","2020-2024 5yr"
"36047056100",3698,554,151875,1761,3697,225,0.06086015688396,338,0.0914007571660357,3698,224,63,0.0605732828555976,"3","2020-2024 5yr"
"36047056200",1779,379,102083,534,1779,181,0.101742551995503,345,0.193929173693086,1779,71,57,0.0399100618324902,"3","2020-2024 5yr"
"36047056301",4688,690,133636,2422,4683,623,0.133034379671151,438,0.0934300341296928,4683,444,285,0.0948110185778347,"3","2020-2024 5yr"
"36047056302",2449,371,76351,1434,2449,242,0.0988158432013067,114,0.0465496120865659,2449,335,25,0.13679052674561,"3","2020-2024 5yr"
"36047056400",2631,409,86392,1111,2631,109,0.0414291144051691,761,0.289243633599392,2631,284,213,0.107943747624477,"3","2020-2024 5yr"
"36047056500",3332,336,115329,1881,3332,158,0.0474189675870348,417,0.12515006002401,3332,300,181,0.0900360144057623,"3","2020-2024 5yr"
"36047056600",2287,462,69286,852,2270,672,0.296035242290749,477,0.208570179274158,2287,254,141,0.111062527328378,"3","2020-2024 5yr"
"36047056800",1319,303,75521,545,1319,190,0.144048521607278,338,0.256254738438211,1319,155,122,0.11751326762699,"3","2020-2024 5yr"
"36047056900",1662,206,159286,894,1633,69,0.0422535211267606,274,0.164861612515042,1662,242,213,0.14560770156438,"3","2020-2024 5yr"
"36047057000",3480,429,80216,1623,3309,448,0.135388334844364,1478,0.424712643678161,3309,722,496,0.218192807494711,"3","2020-2024 5yr"
"36047057100",3923,542,125272,2079,3923,298,0.0759622737700739,461,0.117512108080551,3923,261,213,0.0665307162885547,"3","2020-2024 5yr"
"36047057200",5501,930,31864,2145,5501,1876,0.341028903835666,816,0.148336666060716,5501,1238,725,0.225049990910744,"3","2020-2024 5yr"
"36047057300",2720,448,150885,1405,2707,191,0.0705578130772072,308,0.113235294117647,2720,263,211,0.0966911764705882,"3","2020-2024 5yr"
"36047057400",2647,374,92813,974,2647,305,0.11522478277295,692,0.261428031734039,2647,231,180,0.0872686059690215,"3","2020-2024 5yr"
"36047057500",4596,661,128804,2276,4497,470,0.104514120524794,259,0.0563533507397737,4572,155,81,0.0339020122484689,"3","2020-2024 5yr"
"36047057600",2649,525,98750,974,2649,589,0.22234805587014,520,0.196300490751227,2649,171,143,0.0645526613816535,"3","2020-2024 5yr"
"36047057800",2923,357,61919,1124,2856,343,0.120098039215686,684,0.234006158056791,2923,407,331,0.139240506329114,"3","2020-2024 5yr"
"36047057901",1512,230,141754,606,1506,339,0.225099601593625,85,0.0562169312169312,1512,137,66,0.0906084656084656,"3","2020-2024 5yr"
"36047057902",0,14,NA,0,0,0,NA,0,NA,0,0,0,NA,"3","2020-2024 5yr"
"36047058000",3008,650,38945,1127,3008,839,0.278922872340426,545,0.181183510638298,3008,480,324,0.159574468085106,"3","2020-2024 5yr"
"36047058200",2585,878,60811,782,2585,429,0.165957446808511,284,0.109864603481625,2585,229,82,0.0885880077369439,"3","2020-2024 5yr"
"36047058400",3588,565,70870,1427,3588,562,0.156633221850613,492,0.137123745819398,3588,231,128,0.06438127090301,"3","2020-2024 5yr"
"36047058600",2264,427,70167,770,2264,747,0.329946996466431,345,0.152385159010601,2256,196,151,0.0868794326241135,"3","2020-2024 5yr"
"36047058800",3539,602,96838,1473,3539,382,0.107940096072337,936,0.264481491946878,3539,563,388,0.159084487143261,"3","2020-2024 5yr"
"36047058901",2103,258,114659,919,2103,244,0.116024726581075,204,0.0970042796005706,2103,184,71,0.0874940561103186,"3","2020-2024 5yr"
"36047058902",0,14,NA,0,0,0,NA,0,NA,0,0,0,NA,"3","2020-2024 5yr"
"36047059000",1903,348,103619,656,1903,222,0.116657908565423,381,0.200210194429848,1903,183,116,0.0961639516552811,"3","2020-2024 5yr"
"36047059100",3952,482,133795,1983,3952,200,0.0506072874493927,431,0.109058704453441,3952,256,88,0.0647773279352227,"3","2020-2024 5yr"
"36047059200",3747,633,61944,1640,3747,747,0.199359487590072,1115,0.29757139044569,3747,605,462,0.161462503336002,"3","2020-2024 5yr"
"36047059300",2669,337,110625,1034,2669,414,0.155114275009367,167,0.0625702510303484,2669,266,53,0.0996627950543275,"3","2020-2024 5yr"
"36047059402",5713,728,68625,2387,5713,491,0.0859443374759321,1500,0.262559075792053,5713,469,267,0.082093471030982,"3","2020-2024 5yr"
"36047059403",3062,560,67232,1111,3062,283,0.0924232527759634,741,0.241998693664272,3062,508,408,0.165904637491835,"3","2020-2024 5yr"
"36047059404",3934,610,65520,1539,3934,294,0.0747330960854092,495,0.125826131164209,3934,398,237,0.101169293340112,"3","2020-2024 5yr"
"36047059600",2261,411,56757,1168,2261,277,0.122512162759841,626,0.27686864219372,2261,387,258,0.171163202122954,"3","2020-2024 5yr"
"36047059800",3212,1045,81051,1294,3212,297,0.0924657534246575,602,0.187422166874222,3212,595,285,0.185242839352428,"3","2020-2024 5yr"
"36047060000",6451,894,75671,2566,6451,1027,0.159200124011781,1543,0.239187722833669,6451,625,488,0.0968842039993799,"3","2020-2024 5yr"
"36047060600",2792,402,76080,1377,2790,411,0.147311827956989,614,0.219914040114613,2790,314,220,0.112544802867384,"3","2020-2024 5yr"
"36047060800",3549,472,73546,1731,3443,511,0.148417078129538,949,0.267399267399267,3443,568,398,0.164972407783909,"3","2020-2024 5yr"
"36047061002",4696,955,71944,2526,4696,648,0.137989778534923,1615,0.343909710391823,4681,755,493,0.161290322580645,"3","2020-2024 5yr"
"36047061003",2038,334,51054,613,2009,777,0.386759581881533,233,0.11432777232581,2025,194,85,0.0958024691358025,"3","2020-2024 5yr"
"36047061004",5278,725,40931,2919,5278,1155,0.218832891246684,1515,0.287040545661235,5278,1390,1064,0.26335733232285,"3","2020-2024 5yr"
"36047061200",1118,150,141094,449,1105,84,0.0760180995475113,331,0.296064400715564,1118,122,114,0.10912343470483,"3","2020-2024 5yr"
"36047061600",1626,185,183095,532,1310,29,0.0221374045801527,796,0.489544895448954,1310,186,172,0.141984732824427,"3","2020-2024 5yr"
"36047062000",1516,307,111932,618,1516,25,0.016490765171504,386,0.254617414248021,1516,200,153,0.131926121372032,"3","2020-2024 5yr"
"36047062200",2822,476,68821,1083,2670,708,0.265168539325843,654,0.231750531537916,2670,392,161,0.146816479400749,"3","2020-2024 5yr"
"36047062600",3046,455,67218,1173,3046,610,0.200262639527249,688,0.225869993434012,3046,435,244,0.142810242941563,"3","2020-2024 5yr"
"36047062800",4838,592,110377,1825,4838,283,0.0584952459694088,956,0.197602315006201,4838,585,444,0.120917734601075,"3","2020-2024 5yr"
"36047063200",1409,250,82941,696,1409,95,0.0674237047551455,506,0.359119943222143,1409,280,236,0.198722498225692,"3","2020-2024 5yr"
"36047063600",1093,245,148056,348,1093,43,0.0393412625800549,211,0.193046660567246,1093,105,64,0.0960658737419945,"3","2020-2024 5yr"
"36047063800",1882,316,82188,664,1882,124,0.0658873538788523,341,0.181190223166844,1882,170,124,0.0903294367693943,"3","2020-2024 5yr"
"36047064000",1327,380,143214,406,1327,89,0.06706857573474,237,0.178598342125094,1317,76,53,0.0577069096431283,"3","2020-2024 5yr"
"36047064200",2379,408,75735,864,2277,601,0.263943785682916,643,0.270281630937369,2263,282,229,0.124613345117101,"3","2020-2024 5yr"
"36047064400",2182,574,79259,774,2166,531,0.245152354570637,394,0.180568285976169,2159,205,110,0.094951366373321,"3","2020-2024 5yr"
"36047064600",2154,403,99067,731,2154,201,0.0933147632311978,408,0.18941504178273,2154,191,93,0.0886722376973073,"3","2020-2024 5yr"
"36047064800",1828,274,111406,605,1828,133,0.0727571115973742,571,0.312363238512035,1828,258,164,0.141137855579869,"3","2020-2024 5yr"
"36047065000",1286,318,92673,567,1286,138,0.107309486780715,294,0.228615863141524,1286,364,166,0.283048211508554,"3","2020-2024 5yr"
"36047065200",1121,140,94000,506,1121,21,0.0187332738626227,428,0.381801962533452,1121,179,95,0.159678858162355,"3","2020-2024 5yr"
"36047065400",1654,300,118000,468,1654,38,0.0229746070133011,406,0.24546553808948,1648,277,236,0.168082524271845,"3","2020-2024 5yr"
"36047065600",1675,313,126607,610,1675,72,0.0429850746268657,311,0.185671641791045,1675,141,70,0.0841791044776119,"3","2020-2024 5yr"
"36047065800",1756,303,92014,611,1756,288,0.164009111617312,412,0.234624145785877,1756,195,105,0.111047835990888,"3","2020-2024 5yr"
"36047066000",1893,288,151719,648,1893,143,0.0755414685684099,276,0.145800316957211,1893,96,59,0.0507131537242472,"3","2020-2024 5yr"
"36047066200",1159,340,61083,499,1159,181,0.156169111302847,461,0.397756686798965,1159,263,164,0.226919758412425,"3","2020-2024 5yr"
"36047066600",0,14,NA,0,0,0,NA,0,NA,0,0,0,NA,"3","2020-2024 5yr"
"36047067000",2486,430,91979,953,2486,361,0.14521319388576,332,0.133547868061142,2486,369,126,0.148431214802896,"3","2020-2024 5yr"
"36047067200",1389,444,84280,447,1389,30,0.0215982721382289,180,0.129589632829374,1389,79,69,0.0568754499640029,"3","2020-2024 5yr"
"36047067400",1909,310,126705,565,1891,151,0.0798519301956637,430,0.225248821372446,1909,239,159,0.125196437925615,"3","2020-2024 5yr"
"36047067600",1510,414,97750,478,1491,112,0.0751173708920188,374,0.247682119205298,1510,213,108,0.141059602649007,"3","2020-2024 5yr"
"36047067800",2569,614,84612,875,2569,490,0.190735694822888,504,0.196185286103542,2569,367,206,0.142857142857143,"3","2020-2024 5yr"
"36047068000",1759,499,114904,561,1759,101,0.0574189880613985,251,0.14269471290506,1759,123,48,0.0699260943718022,"3","2020-2024 5yr"
"36047068200",2907,437,102000,870,2907,126,0.043343653250774,774,0.26625386996904,2907,257,110,0.0884072927416581,"3","2020-2024 5yr"
"36047068600",1649,344,112646,695,1649,71,0.0430563978168587,279,0.169193450576107,1649,235,107,0.14251061249242,"3","2020-2024 5yr"
"36047068800",1584,343,98750,630,1584,47,0.0296717171717172,261,0.164772727272727,1584,170,127,0.107323232323232,"3","2020-2024 5yr"
"36047069000",1668,529,137650,539,1668,201,0.120503597122302,419,0.251199040767386,1664,182,88,0.109375,"3","2020-2024 5yr"
"36047069200",2301,417,104712,809,2293,131,0.0571303968600087,400,0.173837461973055,2301,370,134,0.160799652325076,"3","2020-2024 5yr"
"36047069601",3434,499,101760,1295,3434,193,0.0562026790914386,614,0.178800232964473,3434,410,143,0.119394292370414,"3","2020-2024 5yr"
"36047069602",5847,1142,119451,1954,5844,212,0.0362765229295003,1678,0.286984778518899,5844,655,539,0.11208076659822,"3","2020-2024 5yr"
"36047069800",1397,274,128194,393,1337,47,0.0351533283470456,331,0.236936292054402,1337,178,98,0.133133881824981,"3","2020-2024 5yr"
"36047070000",1214,278,95331,600,1214,56,0.0461285008237232,275,0.226523887973641,1214,168,104,0.13838550247117,"3","2020-2024 5yr"
"36047070201",6531,879,130174,2151,6531,261,0.0399632521819017,1443,0.220946256316031,6531,813,382,0.124483233807993,"3","2020-2024 5yr"
"36047070202",14,18,NA,9,14,0,0,0,0,14,0,0,0,"3","2020-2024 5yr"
"36047070203",0,14,NA,0,0,0,NA,0,NA,0,0,0,NA,"3","2020-2024 5yr"
"36047070601",2437,593,148214,880,2437,8,0.00328272466146902,614,0.251949117767747,2437,244,176,0.100123102174805,"3","2020-2024 5yr"
"36047070602",0,14,NA,0,0,0,NA,0,NA,0,0,0,NA,"3","2020-2024 5yr"
"36047072000",1678,429,76912,592,1678,406,0.241954707985697,353,0.210369487485101,1678,275,187,0.16388557806913,"3","2020-2024 5yr"
"36047072200",2242,607,NA,923,2242,241,0.107493309545049,485,0.216324710080285,2213,145,121,0.0655219159511975,"3","2020-2024 5yr"
"36047072400",1586,406,69263,631,1586,276,0.174022698612863,387,0.244010088272383,1586,169,130,0.10655737704918,"3","2020-2024 5yr"
"36047072600",2672,644,97292,731,2672,542,0.202844311377246,444,0.166167664670659,2672,364,120,0.13622754491018,"3","2020-2024 5yr"
"36047072800",3153,686,62333,1410,3070,321,0.104560260586319,895,0.283856644465588,3153,318,239,0.100856327307326,"3","2020-2024 5yr"
"36047073000",2109,475,132227,741,2108,58,0.0275142314990512,337,0.159791370317686,2109,150,88,0.0711237553342817,"3","2020-2024 5yr"
"36047073200",1877,409,85846,683,1877,273,0.145444858817262,306,0.16302610548748,1877,95,29,0.0506126798082046,"3","2020-2024 5yr"
"36047073400",1142,411,138750,439,1133,70,0.0617828773168579,327,0.286339754816112,1142,207,112,0.181260945709282,"3","2020-2024 5yr"
"36047073600",2918,631,82358,1073,2918,190,0.0651130911583276,525,0.179917751884853,2918,291,74,0.0997258396161755,"3","2020-2024 5yr"
"36047073800",3517,594,73125,1296,3517,168,0.0477679840773386,615,0.174864941711686,3517,406,224,0.115439294853568,"3","2020-2024 5yr"
"36047074000",3287,810,68125,1045,3287,507,0.154243991481594,549,0.167021600243383,3287,495,158,0.150593246121083,"3","2020-2024 5yr"
"36047074200",2516,445,80240,934,2516,273,0.108505564387917,599,0.238076311605723,2516,449,283,0.17845786963434,"3","2020-2024 5yr"
"36047074400",2648,584,140391,587,2648,324,0.122356495468278,259,0.097809667673716,2648,197,107,0.0743957703927492,"3","2020-2024 5yr"
"36047074600",2385,720,113750,654,2334,255,0.109254498714653,311,0.130398322851153,2334,198,61,0.0848329048843188,"3","2020-2024 5yr"
"36047074800",1504,432,82266,643,1504,236,0.156914893617021,313,0.20811170212766,1504,173,68,0.115026595744681,"3","2020-2024 5yr"
"36047075000",2804,476,103125,982,2802,125,0.0446109921484654,477,0.170114122681883,2802,203,123,0.0724482512491078,"3","2020-2024 5yr"
"36047075200",1146,340,141250,282,1146,0,0,121,0.105584642233857,1146,29,9,0.025305410122164,"3","2020-2024 5yr"
"36047075400",1000,431,115851,428,1000,15,0.015,360,0.36,1000,258,163,0.258,"3","2020-2024 5yr"
"36047075600",1720,364,77273,702,1720,178,0.103488372093023,423,0.24593023255814,1720,125,73,0.0726744186046512,"3","2020-2024 5yr"
"36047075800",1400,273,69662,678,1388,147,0.105907780979827,807,0.576428571428571,1400,456,372,0.325714285714286,"3","2020-2024 5yr"
"36047076000",3205,661,75174,1182,3205,273,0.085179407176287,505,0.157566302652106,3205,326,217,0.101716068642746,"3","2020-2024 5yr"
"36047076200",4224,893,54725,1551,4176,1242,0.297413793103448,563,0.133285984848485,4224,539,277,0.127604166666667,"3","2020-2024 5yr"
"36047076400",4302,451,81813,1617,4301,975,0.226691467100674,517,0.120176662017666,4301,465,162,0.10811439200186,"3","2020-2024 5yr"
"36047076600",2126,426,95563,730,2126,243,0.114299153339605,221,0.103951081843838,2126,250,96,0.117591721542803,"3","2020-2024 5yr"
"36047076800",3895,698,73125,1400,3737,778,0.208188386406208,760,0.195121951219512,3893,453,323,0.116362702286155,"3","2020-2024 5yr"
"36047077000",2780,470,76921,1091,2607,346,0.132719601074031,316,0.113669064748201,2780,327,99,0.117625899280576,"3","2020-2024 5yr"
"36047077200",3068,864,80855,1119,3063,759,0.247796278158668,629,0.205019556714472,3063,509,312,0.166176950701926,"3","2020-2024 5yr"
"36047077400",2906,609,72488,1175,2906,268,0.0922229869236063,374,0.12869924294563,2906,276,128,0.0949759119064005,"3","2020-2024 5yr"
"36047077600",3448,518,71983,1662,3448,264,0.0765661252900232,1114,0.323085846867749,3448,630,551,0.182714617169374,"3","2020-2024 5yr"
"36047078000",2170,530,138611,602,2161,50,0.02313743637205,519,0.239170506912442,2161,230,105,0.10643220731143,"3","2020-2024 5yr"
"36047078200",4086,680,69558,1613,4086,632,0.154674498286833,990,0.242290748898678,4086,664,346,0.162506118453255,"3","2020-2024 5yr"
"36047078400",2463,359,99653,896,2448,189,0.0772058823529412,534,0.216808769792935,2463,268,91,0.108810393828664,"3","2020-2024 5yr"
"36047078601",2220,702,87614,928,2220,219,0.0986486486486487,369,0.166216216216216,2220,306,141,0.137837837837838,"3","2020-2024 5yr"
"36047078602",2104,304,69615,844,2072,420,0.202702702702703,346,0.164448669201521,2104,314,85,0.149239543726236,"3","2020-2024 5yr"
"36047078801",1695,419,55984,693,1659,346,0.208559373116335,244,0.143952802359882,1695,277,63,0.163421828908555,"3","2020-2024 5yr"
"36047078802",1790,539,55179,601,1790,410,0.229050279329609,168,0.093854748603352,1790,203,92,0.11340782122905,"3","2020-2024 5yr"
"36047079001",1664,1088,67857,444,1664,275,0.165264423076923,226,0.135817307692308,1664,174,109,0.104567307692308,"3","2020-2024 5yr"
"36047079002",2768,542,57672,1252,2768,497,0.179552023121387,552,0.199421965317919,2708,239,101,0.0882570162481536,"3","2020-2024 5yr"
"36047079201",1382,437,88162,532,1382,352,0.254703328509407,208,0.150506512301013,1382,202,18,0.14616497829233,"3","2020-2024 5yr"
"36047079202",1942,394,85833,670,1942,563,0.289907312049434,202,0.104016477857878,1942,224,110,0.115345005149331,"3","2020-2024 5yr"
"36047079400",2366,422,128295,691,2334,387,0.165809768637532,327,0.138207945900254,2366,213,97,0.0900253592561285,"3","2020-2024 5yr"
"36047079601",3232,335,81629,1581,3232,613,0.189665841584158,624,0.193069306930693,3232,405,258,0.125309405940594,"3","2020-2024 5yr"
"36047079602",5073,854,77370,2034,5073,773,0.15237532032328,721,0.142124975359748,5073,430,137,0.084762467967672,"3","2020-2024 5yr"
"36047079801",3316,887,94375,1523,3316,178,0.0536791314837153,436,0.131483715319662,3316,319,240,0.0962002412545235,"3","2020-2024 5yr"
"36047079802",5004,598,100438,2661,5004,612,0.122302158273381,690,0.1378896882494,5004,754,289,0.150679456434852,"3","2020-2024 5yr"
"36047080000",3217,554,95769,1398,3205,438,0.136661466458658,702,0.218215728940006,3217,405,157,0.125893689773081,"3","2020-2024 5yr"
"36047080200",3878,542,98942,1907,3878,626,0.161423414130995,601,0.154976792160908,3878,552,378,0.142341413099536,"3","2020-2024 5yr"
"36047080400",3033,563,58413,1390,3033,566,0.186613913616881,699,0.230464886251236,3033,344,164,0.113419057039235,"3","2020-2024 5yr"
"36047080600",4038,686,66632,1311,4038,1047,0.259286775631501,537,0.132986627043091,4038,371,181,0.091877166914314,"3","2020-2024 5yr"
"36047080800",2044,249,13337,743,1294,921,0.711746522411128,696,0.340508806262231,1294,362,105,0.279752704791345,"3","2020-2024 5yr"
"36047081000",2101,510,88490,1027,2101,476,0.226558781532604,341,0.162303664921466,2101,217,180,0.103284150404569,"3","2020-2024 5yr"
"36047081400",2692,479,86705,925,2692,445,0.165304606240713,520,0.193164933135215,2692,364,242,0.135215453194651,"3","2020-2024 5yr"
"36047081600",2893,658,92784,937,2893,117,0.0404424472865538,551,0.190459730383685,2893,371,185,0.128240580712064,"3","2020-2024 5yr"
"36047081800",4639,986,76607,1894,4450,1439,0.323370786516854,477,0.102823884457857,4639,867,106,0.186893727096357,"3","2020-2024 5yr"
"36047082000",4651,961,56250,2302,4646,820,0.176495910460611,558,0.119974199096968,4646,484,170,0.1041756349548,"3","2020-2024 5yr"
"36047082200",7104,1350,85645,3158,6968,487,0.0698909299655568,1129,0.15892454954955,6968,738,278,0.105912743972445,"3","2020-2024 5yr"
"36047082400",5125,894,57204,2067,5088,1210,0.237814465408805,680,0.132682926829268,5125,393,223,0.0766829268292683,"3","2020-2024 5yr"
"36047082600",4122,718,72543,1806,4116,684,0.166180758017493,788,0.191169335274139,4122,502,340,0.121785540999515,"3","2020-2024 5yr"
"36047082800",3604,664,61313,1414,3414,412,0.120679554774458,675,0.187291897891232,3414,348,153,0.101933216168717,"3","2020-2024 5yr"
"36047083000",5673,1120,83690,2168,5673,771,0.13590692755156,794,0.13996121981315,5673,755,197,0.133086550326106,"3","2020-2024 5yr"
"36047083200",2094,316,100161,830,2090,293,0.140191387559809,558,0.26647564469914,2092,265,191,0.126673040152964,"3","2020-2024 5yr"
"36047083400",1839,296,121000,558,1765,187,0.105949008498584,394,0.214246873300707,1830,144,75,0.0786885245901639,"3","2020-2024 5yr"
"36047083600",1984,382,96094,631,1984,169,0.0851814516129032,325,0.163810483870968,1984,133,90,0.0670362903225806,"3","2020-2024 5yr"
"36047083800",1931,339,62950,737,1931,330,0.170895908855515,738,0.382185396167789,1931,315,222,0.163127912998446,"3","2020-2024 5yr"
"36047084000",2226,463,81058,809,2226,192,0.0862533692722372,716,0.321653189577718,2226,453,282,0.203504043126685,"3","2020-2024 5yr"
"36047084600",2038,318,78304,649,2038,168,0.0824337585868499,342,0.167811579980373,2038,264,191,0.129538763493621,"3","2020-2024 5yr"
"36047084800",1445,335,86012,555,1443,240,0.166320166320166,447,0.309342560553633,1443,279,170,0.193347193347193,"3","2020-2024 5yr"
"36047085000",1383,342,124219,473,1383,22,0.0159074475777296,336,0.24295010845987,1383,169,83,0.122198120028923,"3","2020-2024 5yr"
"36047085200",0,14,NA,0,0,0,NA,0,NA,0,0,0,NA,"3","2020-2024 5yr"
"36047085400",2062,330,78828,792,2046,300,0.146627565982405,596,0.289039767216295,2062,318,288,0.154219204655674,"3","2020-2024 5yr"
"36047085600",3161,562,79107,1365,3161,460,0.145523568490984,644,0.203732995887377,3161,276,161,0.0873141410945903,"3","2020-2024 5yr"
"36047085800",1951,482,83640,789,1950,246,0.126153846153846,447,0.229113275243465,1951,196,129,0.100461301896463,"3","2020-2024 5yr"
"36047086000",2627,641,77955,1048,2627,298,0.113437381043015,363,0.138180433955082,2627,356,182,0.135515797487628,"3","2020-2024 5yr"
"36047086200",2626,512,50438,1257,2608,596,0.228527607361963,512,0.194973343488195,2626,246,172,0.0936785986290937,"3","2020-2024 5yr"
"36047086400",2219,432,71016,826,2219,447,0.201442091031996,424,0.191077061739522,2219,402,182,0.181162685894547,"3","2020-2024 5yr"
"36047086600",2984,578,79508,1249,2908,455,0.15646492434663,567,0.190013404825737,2984,396,239,0.132707774798928,"3","2020-2024 5yr"
"36047086800",2952,556,45764,1299,2952,679,0.230013550135501,594,0.201219512195122,2952,245,198,0.0829945799457995,"3","2020-2024 5yr"
"36047087000",3006,730,61136,1046,2930,654,0.22320819112628,566,0.188290086493679,3006,246,183,0.0818363273453094,"3","2020-2024 5yr"
"36047087200",3127,656,67650,1089,3118,836,0.268120590121873,436,0.139430764310841,3118,290,183,0.0930083386786402,"3","2020-2024 5yr"
"36047087401",3127,640,37207,1542,3127,566,0.181004157339303,593,0.189638631275983,3127,394,245,0.125999360409338,"3","2020-2024 5yr"
"36047087600",1798,387,48125,715,1798,382,0.212458286985539,258,0.14349276974416,1798,269,117,0.149610678531702,"3","2020-2024 5yr"
"36047087800",2592,386,56633,896,2134,392,0.18369259606373,721,0.278163580246914,2134,258,181,0.120899718837863,"3","2020-2024 5yr"
"36047088001",1702,504,42351,777,1700,328,0.192941176470588,565,0.331962397179788,1700,366,155,0.215294117647059,"3","2020-2024 5yr"
"36047088002",1220,308,73750,454,1220,301,0.24672131147541,133,0.109016393442623,1220,78,26,0.0639344262295082,"3","2020-2024 5yr"
"36047088200",6535,1453,50754,2548,6532,1558,0.238518064911206,734,0.112318286151492,6532,550,359,0.08420085731782,"3","2020-2024 5yr"
"36047088400",5208,1962,38594,1874,5208,1825,0.35042242703533,1001,0.192204301075269,5208,734,477,0.140937019969278,"3","2020-2024 5yr"
"36047088600",4340,911,57674,1868,4258,507,0.119069985908877,655,0.150921658986175,4340,488,212,0.112442396313364,"3","2020-2024 5yr"
"36047088800",3783,637,55053,1480,3783,654,0.172878667724029,820,0.216759185831351,3783,333,166,0.0880253766851705,"3","2020-2024 5yr"
"36047089000",7674,1114,72535,2331,7122,1472,0.20668351586633,1136,0.148032316914256,7122,1123,380,0.157680426846391,"3","2020-2024 5yr"
"36047089200",2876,803,NA,1455,2876,1466,0.509735744089013,743,0.258344923504868,2876,1146,373,0.398470097357441,"3","2020-2024 5yr"
"36047089400",3513,847,63125,1163,3513,1012,0.288072872189012,583,0.165955024195844,3513,539,385,0.153430116709365,"3","2020-2024 5yr"
"36047089600",3956,702,NA,1778,3956,1514,0.382709807886754,488,0.123356926188069,3956,788,112,0.199191102123357,"3","2020-2024 5yr"
"36047089800",2316,614,66976,743,2316,583,0.251727115716753,334,0.144214162348877,2316,157,52,0.0677892918825561,"3","2020-2024 5yr"
"36047090000",4964,857,20500,1864,4964,2631,0.530016116035455,529,0.106567284448026,4964,746,158,0.150282030620467,"3","2020-2024 5yr"
"36047090200",4017,497,42612,975,3929,1651,0.420208704504963,628,0.156335573811302,4017,594,217,0.147871545929798,"3","2020-2024 5yr"
"36047090600",4344,747,27908,1845,4344,2066,0.475598526703499,248,0.0570902394106814,4344,885,160,0.203729281767956,"3","2020-2024 5yr"
"36047090800",6230,912,44875,1622,6230,3100,0.497592295345104,361,0.0579454253611557,6230,906,180,0.145425361155698,"3","2020-2024 5yr"
"36047091000",5837,1344,22321,2597,5837,2888,0.494774713037519,1174,0.201130717834504,5837,1609,849,0.27565530238136,"3","2020-2024 5yr"
"36047091200",6301,1256,36899,2604,6301,2347,0.372480558641485,470,0.0745913347087764,6301,1782,289,0.282812252023488,"3","2020-2024 5yr"
"36047091600",5619,933,44825,1888,5617,1689,0.300694320811821,1072,0.190781277807439,5619,1200,395,0.213561131873999,"3","2020-2024 5yr"
"36047091800",2453,333,45942,1105,2453,652,0.265796983285773,487,0.198532409294741,2424,514,205,0.212046204620462,"3","2020-2024 5yr"
"36047092000",3202,631,44978,1345,3158,496,0.157061431285624,789,0.246408494690818,3202,490,272,0.153029356652092,"3","2020-2024 5yr"
"36047092200",2842,633,50994,1307,2804,97,0.0345934379457917,466,0.163969035890218,2842,416,191,0.146375791695989,"3","2020-2024 5yr"
"36047092400",3420,613,37271,1061,3306,1284,0.388384754990926,237,0.0692982456140351,3354,553,148,0.164877757901014,"3","2020-2024 5yr"
"36047092800",2663,517,82250,1102,2663,223,0.0837401426962073,627,0.235448742020278,2663,306,145,0.114907998497935,"3","2020-2024 5yr"
"36047093000",2986,468,105848,929,2906,284,0.0977288368891948,642,0.215003348961822,2986,225,156,0.0753516409912927,"3","2020-2024 5yr"
"36047093200",1565,464,NA,668,1559,291,0.186658114175754,500,0.319488817891374,1565,189,123,0.120766773162939,"3","2020-2024 5yr"
"36047093400",2175,382,73321,923,2127,346,0.162670427832628,533,0.245057471264368,2175,216,126,0.0993103448275862,"3","2020-2024 5yr"
"36047093600",1529,276,79773,692,1516,148,0.0976253298153034,529,0.34597776324395,1529,219,106,0.143230869849575,"3","2020-2024 5yr"
"36047093800",2227,528,61827,888,2227,308,0.138302649303996,331,0.14863044454423,2227,278,113,0.124831612034127,"3","2020-2024 5yr"
"36047094401",3158,569,82500,1080,3115,400,0.128410914927769,837,0.26504116529449,3158,595,267,0.188410386320456,"3","2020-2024 5yr"
"36047094402",2371,754,24676,1062,2371,1023,0.431463517503163,388,0.163644032053986,2371,411,123,0.173344580345846,"3","2020-2024 5yr"
"36047094600",1772,470,93667,638,1772,71,0.0400677200902935,459,0.25902934537246,1772,153,133,0.0863431151241535,"3","2020-2024 5yr"
"36047095000",2333,452,90083,772,2315,133,0.057451403887689,784,0.336048006858123,2333,330,240,0.141448778396914,"3","2020-2024 5yr"
"36047095400",3875,662,108309,1485,3807,208,0.0546361964801681,903,0.233032258064516,3875,373,236,0.096258064516129,"3","2020-2024 5yr"
"36047095600",3666,906,85603,1229,3666,727,0.198308783415166,664,0.181123840698309,3666,215,161,0.0586470267321331,"3","2020-2024 5yr"
"36047095800",2760,592,66452,980,2760,479,0.173550724637681,467,0.169202898550725,2760,229,104,0.0829710144927536,"3","2020-2024 5yr"
"36047096000",0,14,NA,0,0,0,NA,0,NA,0,0,0,NA,"3","2020-2024 5yr"
"36047096200",1315,509,73750,356,1315,145,0.110266159695817,165,0.125475285171103,1315,98,56,0.0745247148288973,"3","2020-2024 5yr"
"36047096400",2086,480,79934,659,2070,219,0.105797101449275,367,0.175934803451582,2086,157,108,0.0752636625119847,"3","2020-2024 5yr"
"36047096600",1883,485,76174,628,1883,312,0.165693043016463,270,0.143388210302708,1872,112,50,0.0598290598290598,"3","2020-2024 5yr"
"36047096800",1224,468,106250,348,1224,157,0.128267973856209,246,0.200980392156863,1224,129,42,0.105392156862745,"3","2020-2024 5yr"
"36047097000",1935,495,108864,732,1935,92,0.0475452196382429,606,0.313178294573643,1935,363,130,0.187596899224806,"3","2020-2024 5yr"
"36047097400",2415,411,88688,616,2049,517,0.252318204001952,658,0.272463768115942,2094,230,90,0.109837631327603,"3","2020-2024 5yr"
"36047098200",3962,818,25125,1608,3962,1526,0.385159010600707,463,0.11686017163049,3962,650,243,0.164058556284705,"3","2020-2024 5yr"
"36047098400",1924,374,102200,548,1924,184,0.0956340956340956,408,0.212058212058212,1924,155,72,0.0805613305613306,"3","2020-2024 5yr"
"36047098600",2341,437,95508,975,2341,201,0.0858607432721059,456,0.194788551900897,2341,202,56,0.0862879111490816,"3","2020-2024 5yr"
"36047098800",2752,471,81985,914,2415,135,0.0559006211180124,797,0.289607558139535,2415,357,144,0.147826086956522,"3","2020-2024 5yr"
"36047099000",1479,311,95326,454,1477,177,0.119837508463101,316,0.213657876943881,1477,198,95,0.134055517941774,"3","2020-2024 5yr"
"36047099200",1642,431,95597,663,1642,281,0.171132764920828,387,0.235688185140073,1642,195,135,0.118757612667479,"3","2020-2024 5yr"
"36047099400",1525,373,92738,534,1525,193,0.12655737704918,335,0.219672131147541,1525,112,46,0.0734426229508197,"3","2020-2024 5yr"
"36047099600",3079,950,86426,1011,3079,279,0.0906138356609289,643,0.208834037025008,3079,332,215,0.107827216628776,"3","2020-2024 5yr"
"36047099800",3348,679,98153,1347,3348,255,0.0761648745519713,780,0.232974910394265,3348,293,76,0.0875149342891278,"3","2020-2024 5yr"
"36047100400",2423,531,67063,821,2423,283,0.116797358646306,416,0.171687990094924,2423,336,182,0.138671068922823,"3","2020-2024 5yr"
"36047100600",2670,510,120518,885,2656,247,0.0929969879518072,491,0.183895131086142,2670,292,156,0.10936329588015,"3","2020-2024 5yr"
"36047100800",2161,436,79250,676,2156,163,0.0756029684601113,499,0.230911614993059,2145,309,165,0.144055944055944,"3","2020-2024 5yr"
"36047101000",2577,510,72115,804,2577,246,0.0954598370197905,307,0.119130772215755,2577,219,131,0.0849825378346915,"3","2020-2024 5yr"
"36047101200",2119,452,96726,783,2079,66,0.0317460317460317,502,0.236904200094384,2119,227,176,0.107126002831524,"3","2020-2024 5yr"
"36047101400",1796,456,67961,799,1785,222,0.12436974789916,519,0.288975501113586,1796,212,120,0.11804008908686,"3","2020-2024 5yr"
"36047101600",1897,335,179803,527,1895,24,0.012664907651715,378,0.199261992619926,1895,143,48,0.0754617414248021,"3","2020-2024 5yr"
"36047101800",1789,419,101996,709,1789,66,0.0368921185019564,280,0.156512017887088,1789,222,74,0.124091671324762,"3","2020-2024 5yr"
"36047102000",2151,485,138672,597,2151,19,0.00883310088331009,369,0.171548117154812,2151,338,156,0.157136215713622,"3","2020-2024 5yr"
"36047102200",2067,574,84063,708,2067,129,0.0624092888243832,331,0.160135462022254,2067,246,66,0.119013062409289,"3","2020-2024 5yr"
"36047102400",1834,475,72955,568,1834,334,0.182115594329335,259,0.141221374045802,1834,251,86,0.136859323882225,"3","2020-2024 5yr"
"36047102600",2935,493,89055,888,2925,359,0.122735042735043,709,0.241567291311755,2935,215,115,0.0732538330494037,"3","2020-2024 5yr"
"36047102801",1146,272,47063,495,1141,192,0.168273444347064,324,0.282722513089005,1141,150,67,0.131463628396144,"3","2020-2024 5yr"
"36047102802",0,14,NA,0,0,0,NA,0,NA,0,0,0,NA,"3","2020-2024 5yr"
"36047103401",3637,643,17853,1641,3637,1752,0.481715699752543,582,0.160021996150674,3637,772,326,0.21226285400055,"3","2020-2024 5yr"
"36047103402",0,14,NA,0,0,0,NA,0,NA,0,0,0,NA,"3","2020-2024 5yr"
"36047105801",5655,850,20988,3188,5635,1876,0.332919254658385,2063,0.364809902740937,5589,1865,1335,0.333691179101807,"3","2020-2024 5yr"
"36047105804",6083,874,38380,2953,5933,1655,0.278948255519973,2237,0.36774617787276,5933,1908,1436,0.321591100623631,"3","2020-2024 5yr"
"36047107001",4672,811,62028,2103,4670,568,0.121627408993576,452,0.0967465753424658,4672,522,245,0.111729452054795,"3","2020-2024 5yr"
"36047107002",0,14,NA,0,0,0,NA,0,NA,0,0,0,NA,"3","2020-2024 5yr"
"36047107003",0,14,NA,0,0,0,NA,0,NA,0,0,0,NA,"3","2020-2024 5yr"
"36047107800",3716,681,85947,1621,3687,273,0.0740439381611066,848,0.228202368137783,3687,508,249,0.137781394087334,"3","2020-2024 5yr"
"36047109800",2348,500,71635,675,2257,652,0.288879042977404,257,0.109454855195911,2348,215,76,0.0915672913117547,"3","2020-2024 5yr"
"36047110400",5199,762,72229,1692,5199,1266,0.243508366993653,837,0.160992498557415,5199,734,438,0.141180996345451,"3","2020-2024 5yr"
"36047110600",4117,616,26536,1922,4117,1607,0.390332766577605,650,0.157881952878309,4117,1056,356,0.256497449599223,"3","2020-2024 5yr"
"36047111000",2984,470,35174,1416,2984,1052,0.35254691689008,547,0.183310991957105,2984,785,262,0.263069705093834,"3","2020-2024 5yr"
"36047111600",3810,845,71021,1120,3519,783,0.222506393861893,751,0.197112860892388,3535,272,128,0.0769448373408769,"3","2020-2024 5yr"
"36047111800",3872,880,66838,1231,3872,686,0.177169421487603,598,0.154442148760331,3872,223,127,0.0575929752066116,"3","2020-2024 5yr"
"36047112000",3249,724,72167,1172,3249,386,0.118805786395814,564,0.173591874422899,3249,171,125,0.0526315789473684,"3","2020-2024 5yr"
"36047112200",3500,561,44188,1520,3500,818,0.233714285714286,464,0.132571428571429,3500,502,98,0.143428571428571,"3","2020-2024 5yr"
"36047112400",3380,763,65472,1253,3319,412,0.124133775233504,371,0.109763313609467,3380,349,112,0.103254437869822,"3","2020-2024 5yr"
"36047112600",4406,775,52039,1709,4328,1319,0.304759704251386,724,0.16432137993645,4406,622,297,0.141171130276895,"3","2020-2024 5yr"
"36047112800",3933,944,50426,1540,3933,1119,0.284515636918383,516,0.131197559115179,3933,465,254,0.118230358504958,"3","2020-2024 5yr"
"36047113000",4490,731,51938,1723,4448,781,0.175584532374101,655,0.145879732739421,4490,502,90,0.111804008908686,"3","2020-2024 5yr"
"36047113200",2637,500,46812,1058,2637,565,0.21425862722791,299,0.113386423966629,2637,383,199,0.145240803943876,"3","2020-2024 5yr"
"36047113400",2615,369,47994,1073,2615,703,0.268833652007648,350,0.133843212237094,2615,506,149,0.193499043977055,"3","2020-2024 5yr"
"36047114201",1548,335,39531,688,1548,213,0.137596899224806,632,0.408268733850129,1548,300,238,0.193798449612403,"3","2020-2024 5yr"
"36047114202",2331,602,57826,954,2331,837,0.359073359073359,372,0.15958815958816,2331,364,193,0.156156156156156,"3","2020-2024 5yr"
"36047114400",2423,458,82422,797,2423,877,0.361947998349154,354,0.146099876186546,2423,324,104,0.133718530747008,"3","2020-2024 5yr"
"36047114600",3130,807,82228,839,3130,273,0.087220447284345,479,0.153035143769968,3130,405,141,0.129392971246006,"3","2020-2024 5yr"
"36047115000",2962,637,71044,963,2920,536,0.183561643835616,303,0.102295746117488,2962,317,128,0.107022282241729,"3","2020-2024 5yr"
"36047115200",2558,778,58542,964,2558,283,0.110633307271306,368,0.143862392494136,2558,405,227,0.158326817826427,"3","2020-2024 5yr"
"36047115600",4108,612,NA,1788,4044,1493,0.369188921859545,498,0.121226874391431,4103,657,175,0.160126736534243,"3","2020-2024 5yr"
"36047115800",2529,696,80091,938,2529,587,0.23210755239225,604,0.238829576907869,2529,535,207,0.211546065638592,"3","2020-2024 5yr"
"36047116000",2420,494,63839,956,2412,590,0.244610281923715,434,0.179338842975207,2420,455,106,0.18801652892562,"3","2020-2024 5yr"
"36047116200",2571,662,72614,925,2561,752,0.293635298711441,412,0.160248930377285,2571,232,107,0.0902372617658499,"3","2020-2024 5yr"
"36047116400",3936,839,76713,1271,3899,250,0.0641190048730444,547,0.138973577235772,3936,392,215,0.0995934959349594,"3","2020-2024 5yr"
"36047116600",2998,699,42158,1150,2998,595,0.198465643762508,315,0.105070046697799,2998,411,163,0.137091394262842,"3","2020-2024 5yr"
"36047116800",2661,582,86563,754,2585,319,0.123404255319149,146,0.0548665915069523,2661,78,66,0.0293122886133033,"3","2020-2024 5yr"
"36047117000",1952,528,27840,793,1952,653,0.33452868852459,213,0.109118852459016,1952,136,21,0.069672131147541,"3","2020-2024 5yr"
"36047117201",1961,301,73214,718,1961,535,0.272819989801122,319,0.162672106068332,1961,242,128,0.123406425293218,"3","2020-2024 5yr"
"36047117202",4720,1093,78190,1470,4719,868,0.183937274846366,731,0.154872881355932,4720,379,64,0.0802966101694915,"3","2020-2024 5yr"
"36047117400",3827,762,46583,1309,3827,539,0.140841390122812,647,0.169061928403449,3827,96,55,0.0250849229161223,"3","2020-2024 5yr"
"36047117601",3029,748,80882,918,3019,112,0.0370983769460086,269,0.0888081875206339,3021,282,103,0.0933465739821251,"3","2020-2024 5yr"
"36047117602",3393,742,86848,1068,3362,420,0.124925639500297,503,0.1482463896257,3393,371,169,0.109342764515178,"3","2020-2024 5yr"
"36047117800",1777,556,59034,609,1775,133,0.0749295774647887,279,0.157006190208216,1775,227,73,0.127887323943662,"3","2020-2024 5yr"
"36047118000",0,14,NA,0,0,0,NA,0,NA,0,0,0,NA,"3","2020-2024 5yr"
"36047118201",3674,620,82976,984,3638,738,0.20285871357889,352,0.0958083832335329,3674,220,88,0.0598802395209581,"3","2020-2024 5yr"
"36047118202",3288,614,91802,1050,3288,678,0.206204379562044,395,0.120133819951338,3288,206,120,0.0626520681265207,"3","2020-2024 5yr"
"36047118400",4826,878,68093,1621,4826,833,0.17260671363448,489,0.101326150020721,4826,459,114,0.095109821798591,"3","2020-2024 5yr"
"36047118600",3099,576,78971,816,3082,382,0.123945489941596,729,0.235237173281704,3099,532,364,0.171668280090352,"3","2020-2024 5yr"
"36047118800",4778,1016,75394,1123,4760,776,0.163025210084034,591,0.123691921305986,4778,248,103,0.0519045625784847,"3","2020-2024 5yr"
"36047119000",1785,516,39733,717,1783,550,0.308468872686483,275,0.15406162464986,1772,165,72,0.0931151241534989,"3","2020-2024 5yr"
"36047119200",3885,724,89286,1166,3885,450,0.115830115830116,478,0.123037323037323,3885,435,229,0.111969111969112,"3","2020-2024 5yr"
"36047119400",4816,1084,84332,1483,4816,1689,0.350705980066445,746,0.154900332225914,4816,342,126,0.0710132890365448,"3","2020-2024 5yr"
"36047119600",5979,804,56513,2068,5952,1185,0.199092741935484,792,0.132463622679378,5972,663,324,0.111018084393838,"3","2020-2024 5yr"
"36047119800",3514,938,60289,1048,3268,1171,0.358323133414933,655,0.186397268070575,3233,227,91,0.0702134240643365,"3","2020-2024 5yr"
"36047120000",2922,440,47031,1039,2786,531,0.19059583632448,315,0.107802874743326,2922,183,80,0.0626283367556468,"3","2020-2024 5yr"
"36047120200",1999,407,100559,495,1978,104,0.0525783619817998,267,0.133566783391696,1999,193,148,0.0965482741370685,"3","2020-2024 5yr"
"36047120801",4834,984,109091,1474,4834,639,0.132188663632602,637,0.131774927596194,4834,449,250,0.0928837401737691,"3","2020-2024 5yr"
"36047120802",5247,1381,30853,1723,5247,2101,0.40041928721174,543,0.103487707261292,5247,715,267,0.136268343815514,"3","2020-2024 5yr"
"36047120803",1350,233,45125,561,1125,315,0.28,336,0.248888888888889,1125,145,84,0.128888888888889,"3","2020-2024 5yr"
"36047121000",3738,755,23136,1625,3738,1545,0.413322632423756,420,0.112359550561798,3738,680,314,0.181915462814339,"3","2020-2024 5yr"
"36047121400",4512,837,38094,1574,4512,1221,0.27061170212766,428,0.0948581560283688,4512,615,155,0.136303191489362,"3","2020-2024 5yr"
"36047122000",6991,1232,83594,2540,6991,350,0.050064368473752,561,0.0802460306107853,6955,663,319,0.0953271028037383,"3","2020-2024 5yr"
"36047123700",9642,1611,55861,1546,9642,3861,0.400435594275047,160,0.0165940676208256,9642,234,0,0.0242688238954574,"3","2020-2024 5yr"
"36047150200",2884,426,132727,1082,2869,112,0.0390379923318229,252,0.087378640776699,2884,192,61,0.0665742024965326,"3","2020-2024 5yr"
"36047152200",2913,647,215602,1417,2912,107,0.0367445054945055,680,0.233436319945074,2913,180,70,0.0617919670442842,"3","2020-2024 5yr"
"36047990100",0,14,NA,0,0,0,NA,0,NA,0,0,0,NA,"3","2020-2024 5yr"
"36061000100",0,14,NA,0,0,0,NA,0,NA,0,0,0,NA,"1","2020-2024 5yr"
"36061000201",2666,1277,37353,852,2642,1357,0.513626040878123,403,0.151162790697674,2642,282,122,0.106737320211961,"1","2020-2024 5yr"
"36061000202",6763,777,36688,3163,6601,1892,0.286623238903196,1301,0.192370249889102,6752,1431,511,0.211937203791469,"1","2020-2024 5yr"
"36061000500",0,14,NA,0,0,0,NA,0,NA,0,0,0,NA,"1","2020-2024 5yr"
"36061000600",10302,1393,36893,5393,10068,3492,0.34684147794994,2748,0.266744321490973,10068,1199,919,0.119090186730234,"1","2020-2024 5yr"
"36061000700",9134,1087,190388,5224,9134,344,0.0376614845631706,303,0.0331727611123276,9134,53,5,0.00580249616816291,"1","2020-2024 5yr"
"36061000800",8747,1467,31262,4355,8729,3460,0.396379883148127,2223,0.254144278038185,8747,925,638,0.105750543043329,"1","2020-2024 5yr"
"36061000900",1966,288,250001,893,1938,128,0.066047471620227,110,0.0559511698880977,1966,71,28,0.0361139369277721,"1","2020-2024 5yr"
"36061001001",1745,211,140000,812,1745,69,0.039541547277937,334,0.191404011461318,1745,109,87,0.0624641833810888,"1","2020-2024 5yr"
"36061001002",6513,862,23796,2510,6494,3097,0.476901755466585,1435,0.220328573621987,6513,1092,326,0.167664670658683,"1","2020-2024 5yr"
"36061001200",4173,520,114318,1934,4124,498,0.120756547041707,1222,0.292834890965732,4124,560,447,0.135790494665373,"1","2020-2024 5yr"
"36061001300",5062,767,171923,2780,5062,600,0.118530225207428,141,0.0278546029237456,5062,67,0,0.0132358751481628,"1","2020-2024 5yr"
"36061001401",3707,682,103750,1799,3674,159,0.0432770821992379,1378,0.371729161046668,3674,693,504,0.188622754491018,"1","2020-2024 5yr"
"36061001402",3463,694,90469,1751,3462,1039,0.300115540150202,807,0.233034940802772,3463,679,499,0.196072769275195,"1","2020-2024 5yr"
"36061001501",7677,1806,125712,3259,6883,644,0.0935638529710882,1940,0.25270287872867,7667,588,374,0.0766923177253163,"1","2020-2024 5yr"
"36061001502",8375,873,204310,3952,7414,430,0.0579983814405179,142,0.016955223880597,8373,397,23,0.0474143078944225,"1","2020-2024 5yr"
"36061001600",7221,1171,35875,3499,7205,1244,0.17265787647467,1935,0.267968425425841,7221,846,642,0.117158288325717,"1","2020-2024 5yr"
"36061001800",6706,943,76726,3170,6386,1327,0.207798308800501,1514,0.225767968983,6646,747,516,0.112398435148962,"1","2020-2024 5yr"
"36061002000",5048,723,30792,1962,5048,1790,0.35459587955626,979,0.193938193343899,5048,1240,599,0.245641838351823,"1","2020-2024 5yr"
"36061002100",7441,996,250001,3387,7441,69,0.00927294718451821,549,0.0737804058594275,7441,318,104,0.0427361913721274,"1","2020-2024 5yr"
"36061002201",6795,838,39961,3079,6780,1971,0.29070796460177,1414,0.208094186902134,6780,1387,589,0.204572271386431,"1","2020-2024 5yr"
"36061002202",2502,569,151711,1052,2492,324,0.130016051364366,146,0.0583533173461231,2494,222,73,0.0890136327185245,"1","2020-2024 5yr"
"36061002400",4523,773,21092,1797,4523,2178,0.481538801680301,1173,0.259341145257572,4523,1304,786,0.288304222860933,"1","2020-2024 5yr"
"36061002500",4476,900,20597,1786,4476,2408,0.537980339588919,1057,0.236148346738159,4476,904,439,0.201966041108132,"1","2020-2024 5yr"
"36061002601",4199,756,30350,1942,4199,1382,0.329125982376756,511,0.121695641819481,4199,1094,217,0.260538223386521,"1","2020-2024 5yr"
"36061002602",3528,547,89970,1913,3528,567,0.160714285714286,550,0.155895691609977,3528,689,269,0.195294784580499,"1","2020-2024 5yr"
"36061002700",1101,320,124063,620,1095,99,0.0904109589041096,343,0.311534968210718,1095,268,89,0.244748858447489,"1","2020-2024 5yr"
"36061002800",6509,1033,70691,3205,6483,1262,0.194662964676847,1270,0.195114456905823,6497,1636,518,0.251808527012467,"1","2020-2024 5yr"
"36061002901",562,74,11094,69,88,58,0.659090909090909,99,0.176156583629893,88,59,58,0.670454545454545,"1","2020-2024 5yr"
"36061002902",3493,898,NA,1741,3492,1152,0.329896907216495,1060,0.303464070999141,3493,521,364,0.149155453764672,"1","2020-2024 5yr"
"36061003001",4270,581,88889,2294,4256,790,0.18562030075188,374,0.0875878220140515,4270,582,174,0.136299765807963,"1","2020-2024 5yr"
"36061003002",2833,258,74691,1727,2833,622,0.219555241793152,577,0.203671020120014,2833,414,300,0.14613483939287,"1","2020-2024 5yr"
"36061003100",2910,323,189250,823,1682,237,0.14090368608799,195,0.0670103092783505,2910,113,45,0.0388316151202749,"1","2020-2024 5yr"
"36061003200",7866,1300,101294,4746,7866,1135,0.144291889143148,1393,0.177091278921943,7866,1007,487,0.128019323671498,"1","2020-2024 5yr"
"36061003300",5951,720,250001,2660,5951,206,0.0346160309191733,789,0.132582759200134,5951,241,159,0.0404973953957318,"1","2020-2024 5yr"
"36061003400",6990,1061,121413,3944,6990,1200,0.171673819742489,666,0.0952789699570815,6990,574,105,0.0821173104434907,"1","2020-2024 5yr"
"36061003601",3050,406,57000,1550,3050,607,0.199016393442623,731,0.239672131147541,3019,618,244,0.20470354421994,"1","2020-2024 5yr"
"36061003602",3444,515,155000,1514,3107,750,0.241390408754425,567,0.164634146341463,3415,333,167,0.097510980966325,"1","2020-2024 5yr"
"36061003700",3460,656,250001,1934,3460,152,0.0439306358381503,607,0.175433526011561,3460,202,128,0.0583815028901734,"1","2020-2024 5yr"
"36061003800",7282,1161,78220,4511,7018,1245,0.177400968937019,1291,0.177286459763801,7254,629,133,0.0867107802591674,"1","2020-2024 5yr"
"36061003900",5699,1143,202542,2699,5699,1061,0.186173012809265,1432,0.2512721530093,5699,745,418,0.130724688541849,"1","2020-2024 5yr"
"36061004001",3304,539,150661,1866,3082,334,0.108371187540558,446,0.13498789346247,3221,272,85,0.0844458242781745,"1","2020-2024 5yr"
"36061004002",6268,1660,196833,1920,4684,877,0.187233134073441,223,0.0355775366943204,6268,300,90,0.0478621569878749,"1","2020-2024 5yr"
"36061004100",6889,1593,101893,3095,6495,871,0.134103156274057,1037,0.15052983016403,6889,565,381,0.082014806212803,"1","2020-2024 5yr"
"36061004200",5141,395,131083,1461,2165,358,0.165357967667436,425,0.0826687414899825,5133,110,24,0.0214299629846094,"1","2020-2024 5yr"
"36061004300",3524,469,122730,2591,3524,611,0.173382519863791,615,0.174517593643587,3524,368,175,0.104426787741203,"1","2020-2024 5yr"
"36061004400",16963,2244,153280,8189,16963,1589,0.093674467959677,2923,0.17231621765018,16963,947,442,0.0558273890231681,"1","2020-2024 5yr"
"36061004500",957,186,170714,414,957,127,0.132706374085684,162,0.169278996865204,957,49,31,0.0512016718913271,"1","2020-2024 5yr"
"36061004700",2187,438,148750,1486,2187,137,0.0626428898033836,285,0.130315500685871,2187,22,22,0.0100594421582076,"1","2020-2024 5yr"
"36061004800",6972,724,161973,3101,6012,589,0.0979707252162342,1206,0.172977624784854,6931,431,302,0.0621843889770596,"1","2020-2024 5yr"
"36061004900",4203,835,146967,2320,4191,319,0.0761154855643045,1089,0.259100642398287,4203,435,287,0.10349750178444,"1","2020-2024 5yr"
"36061005000",4774,783,205250,2760,4706,388,0.08244793880153,713,0.149350649350649,4774,218,142,0.0456640134059489,"1","2020-2024 5yr"
"36061005200",3543,360,238750,1382,2625,152,0.0579047619047619,470,0.13265594129269,3543,96,62,0.0270956816257409,"1","2020-2024 5yr"
"36061005400",4453,541,124732,2747,4427,390,0.0880957759204879,1158,0.260049404895576,4427,504,201,0.113846848881861,"1","2020-2024 5yr"
"36061005501",5346,775,214306,2001,4686,553,0.118011096884336,701,0.13112607557052,5346,364,203,0.0680882903105125,"1","2020-2024 5yr"
"36061005502",1899,278,179844,1099,1899,181,0.0953133228014745,270,0.14218009478673,1899,177,132,0.0932069510268562,"1","2020-2024 5yr"
"36061005600",3822,703,183068,2363,3754,752,0.200319659030368,657,0.171899529042386,3822,365,189,0.0954997383568812,"1","2020-2024 5yr"
"36061005700",2600,578,201116,1355,2589,214,0.0826573966782542,495,0.190384615384615,2600,165,128,0.0634615384615385,"1","2020-2024 5yr"
"36061005800",3986,581,206827,2193,3986,541,0.135725037631711,220,0.0551931761164074,3986,184,126,0.0461615654791771,"1","2020-2024 5yr"
"36061005900",5120,629,181375,2381,4217,261,0.0618923405264406,1006,0.196484375,5120,386,230,0.075390625,"1","2020-2024 5yr"
"36061006000",5077,940,202600,2338,5077,246,0.0484538113058893,1174,0.231238920622415,5077,596,349,0.117392160724838,"1","2020-2024 5yr"
"36061006100",5319,632,179167,2214,3603,249,0.0691090757701915,819,0.153976311336717,5319,216,58,0.0406091370558376,"1","2020-2024 5yr"
"36061006200",3886,586,104255,1253,3205,612,0.190951638065523,553,0.142305712815234,3759,441,110,0.11731843575419,"1","2020-2024 5yr"
"36061006300",5759,847,173995,3445,5544,587,0.105880230880231,1506,0.261503733287029,5759,595,329,0.103316548011808,"1","2020-2024 5yr"
"36061006400",7729,1102,130385,4322,7421,1375,0.185285002021291,1131,0.14633199637728,7726,693,257,0.0896971265855553,"1","2020-2024 5yr"
"36061006500",5585,754,133781,3042,4436,258,0.0581605049594229,764,0.136794986571173,5560,289,138,0.051978417266187,"1","2020-2024 5yr"
"36061006600",11034,1832,101990,6431,10552,1698,0.160917361637604,2880,0.261011419249592,11032,1602,784,0.145213923132705,"1","2020-2024 5yr"
"36061006700",4652,858,131304,3118,4587,289,0.0630041421408328,1000,0.214961306964746,4587,432,309,0.0941792020928712,"1","2020-2024 5yr"
"36061006800",6430,970,128919,3276,5289,576,0.108905275099263,916,0.142457231726283,6430,486,197,0.0755832037325039,"1","2020-2024 5yr"
"36061006900",2681,339,238563,1219,2333,84,0.0360051435919417,320,0.119358448340172,2681,44,8,0.0164117866467736,"1","2020-2024 5yr"
"36061007001",3997,1249,163287,2140,3841,85,0.0221296537360062,663,0.165874405804353,3997,310,242,0.0775581686264699,"1","2020-2024 5yr"
"36061007002",3479,486,154965,2055,3479,278,0.0799080195458465,552,0.158666283414774,3479,336,239,0.096579476861167,"1","2020-2024 5yr"
"36061007100",5231,1164,150449,2510,5166,201,0.0389082462253194,760,0.14528770789524,5231,160,68,0.0305868858726821,"1","2020-2024 5yr"
"36061007200",7113,1004,136979,4078,6899,446,0.0646470502971445,777,0.109236609025728,7108,157,47,0.0220877884074283,"1","2020-2024 5yr"
"36061007300",5393,819,175590,3552,5393,572,0.106063415538661,619,0.114778416465789,5393,136,135,0.0252178750231782,"1","2020-2024 5yr"
"36061007400",5355,653,215511,2825,4748,641,0.135004212299916,412,0.076937441643324,5355,279,95,0.0521008403361345,"1","2020-2024 5yr"
"36061007500",3898,613,187647,2294,3898,274,0.0702924576706003,997,0.255772190867111,3898,506,246,0.129810159055926,"1","2020-2024 5yr"
"36061007600",2362,399,193644,1441,2351,240,0.102084219481072,117,0.0495342929720576,2362,201,31,0.0850973751058425,"1","2020-2024 5yr"
"36061007700",5600,633,230044,3274,5600,262,0.0467857142857143,717,0.128035714285714,5600,359,203,0.0641071428571429,"1","2020-2024 5yr"
"36061007800",8015,1174,134092,4885,7991,532,0.0665748967588537,1152,0.143730505302558,8011,536,282,0.0669080014979403,"1","2020-2024 5yr"
"36061007900",4458,774,200079,2437,4458,305,0.0684163301929116,962,0.215791834903544,4458,386,364,0.0865859129654554,"1","2020-2024 5yr"
"36061008000",5319,718,177105,2830,5200,343,0.0659615384615385,847,0.159240458732845,5313,236,43,0.0444193487671749,"1","2020-2024 5yr"
"36061008100",6191,1160,134538,3824,6162,445,0.0722168127231418,1223,0.197544823130351,6167,464,233,0.0752391762607427,"1","2020-2024 5yr"
"36061008200",3450,591,162143,2006,3450,199,0.0576811594202899,503,0.145797101449275,3450,248,122,0.0718840579710145,"1","2020-2024 5yr"
"36061008300",3614,544,75000,2014,3614,816,0.225788599889319,882,0.244050913115661,3614,793,399,0.219424460431655,"1","2020-2024 5yr"
"36061008400",1765,418,231546,1005,1731,140,0.0808781051415367,282,0.159773371104816,1765,153,131,0.086685552407932,"1","2020-2024 5yr"
"36061008601",3332,509,145054,1817,3309,569,0.171955273496525,313,0.093937575030012,3332,188,54,0.056422569027611,"1","2020-2024 5yr"
"36061008602",0,14,NA,0,0,0,NA,0,NA,0,0,0,NA,"1","2020-2024 5yr"
"36061008603",4970,856,200735,2710,4970,200,0.0402414486921529,2039,0.410261569416499,4970,387,304,0.0778672032193159,"1","2020-2024 5yr"
"36061008700",5376,778,150384,3223,5376,577,0.107328869047619,718,0.133556547619048,5376,242,159,0.045014880952381,"1","2020-2024 5yr"
"36061008800",7567,1017,112782,5152,7567,754,0.0996431875247786,1686,0.222809567860447,7567,542,79,0.0716268005814722,"1","2020-2024 5yr"
"36061008900",5890,824,102260,2991,5365,725,0.135135135135135,1023,0.173684210526316,5877,316,209,0.0537689297260507,"1","2020-2024 5yr"
"36061009000",7239,1066,156381,4272,7221,627,0.0868300789364354,1753,0.242160519408758,7239,487,262,0.0672744854261638,"1","2020-2024 5yr"
"36061009100",6539,589,160866,3801,6536,944,0.144430844553244,897,0.137176938369781,6536,1117,266,0.170899632802938,"1","2020-2024 5yr"
"36061009200",1387,241,166638,922,1344,88,0.0654761904761905,116,0.083633741888969,1387,33,23,0.0237923576063446,"1","2020-2024 5yr"
"36061009300",9559,1076,122586,5508,9535,1180,0.123754588358679,1988,0.207971545140705,9535,1192,954,0.125013109596224,"1","2020-2024 5yr"
"36061009400",70,46,81875,34,70,20,0.285714285714286,0,0,70,0,0,0,"1","2020-2024 5yr"
"36061009500",3765,442,222321,1499,2635,300,0.113851992409867,362,0.0961487383798141,3765,125,73,0.0332005312084993,"1","2020-2024 5yr"
"36061009600",560,61,NA,95,369,166,0.449864498644986,13,0.0232142857142857,560,78,7,0.139285714285714,"1","2020-2024 5yr"
"36061009700",4875,739,71537,2631,4871,840,0.172449189078218,2080,0.426666666666667,4875,973,680,0.199589743589744,"1","2020-2024 5yr"
"36061009800",8874,1231,171745,4705,8855,1073,0.121174477696217,1255,0.141424385846293,8874,867,101,0.0977011494252874,"1","2020-2024 5yr"
"36061009901",1948,462,250001,1034,1946,45,0.0231243576567318,121,0.0621149897330595,1948,123,31,0.0631416837782341,"1","2020-2024 5yr"
"36061009902",4019,576,162845,2314,4019,369,0.0918138840507589,142,0.0353321721821349,4019,270,84,0.067180890768848,"1","2020-2024 5yr"
"36061009903",1465,196,187596,891,1465,121,0.0825938566552901,146,0.0996587030716723,1465,27,27,0.0184300341296928,"1","2020-2024 5yr"
"36061010000",1618,352,99875,1137,1618,122,0.0754017305315204,324,0.200247218788628,1618,90,33,0.0556242274412855,"1","2020-2024 5yr"
"36061010100",1862,258,108304,1169,1862,350,0.18796992481203,125,0.0671321160042965,1862,146,15,0.0784103114930183,"1","2020-2024 5yr"
"36061010200",267,160,NA,157,267,11,0.0411985018726592,117,0.438202247191011,262,3,1,0.0114503816793893,"1","2020-2024 5yr"
"36061010300",3410,699,180200,1594,2761,101,0.0365809489315465,249,0.0730205278592375,3410,44,19,0.0129032258064516,"1","2020-2024 5yr"
"36061010400",1058,210,193026,596,1057,26,0.0245979186376537,290,0.274102079395085,1058,93,54,0.0879017013232514,"1","2020-2024 5yr"
"36061010601",7753,1702,249091,4152,7753,273,0.0352121759318973,2642,0.340771314329937,7753,645,578,0.0831936024764607,"1","2020-2024 5yr"
"36061010602",5214,573,207717,2146,5199,462,0.088863242931333,729,0.139815880322209,5214,263,197,0.0504411200613732,"1","2020-2024 5yr"
"36061010801",3161,527,160719,1891,3013,205,0.0680384998340524,801,0.253400822524518,3160,303,206,0.0958860759493671,"1","2020-2024 5yr"
"36061010802",4136,1356,134004,2217,4136,383,0.0926015473887814,2014,0.486943907156673,4136,310,184,0.0749516441005803,"1","2020-2024 5yr"
"36061010803",1922,391,119178,1053,1922,105,0.054630593132154,459,0.238813735691988,1922,128,121,0.0665972944849116,"1","2020-2024 5yr"
"36061010900",208,47,163542,113,208,59,0.283653846153846,11,0.0528846153846154,208,5,0,0.0240384615384615,"1","2020-2024 5yr"
"36061011000",6760,1057,150164,3675,6760,110,0.0162721893491124,1095,0.16198224852071,6760,473,305,0.0699704142011834,"1","2020-2024 5yr"
"36061011100",4711,648,104451,2704,4695,705,0.150159744408946,361,0.0766291657822118,4711,476,147,0.101040118870728,"1","2020-2024 5yr"
"36061011201",862,182,163750,516,862,119,0.138051044083527,212,0.245939675174014,862,102,33,0.118329466357309,"1","2020-2024 5yr"
"36061011202",518,122,211563,313,518,13,0.0250965250965251,314,0.606177606177606,518,40,40,0.0772200772200772,"1","2020-2024 5yr"
"36061011203",986,203,167083,528,986,38,0.0385395537525355,240,0.24340770791075,986,81,49,0.0821501014198783,"1","2020-2024 5yr"
"36061011300",136,35,93750,49,136,74,0.544117647058823,18,0.132352941176471,136,25,0,0.183823529411765,"1","2020-2024 5yr"
"36061011401",1026,307,155809,667,1026,197,0.192007797270955,474,0.461988304093567,1026,111,98,0.108187134502924,"1","2020-2024 5yr"
"36061011402",2298,583,206818,1164,2298,76,0.0330722367275892,680,0.295909486510009,2298,284,239,0.123585726718886,"1","2020-2024 5yr"
"36061011500",3947,692,138750,1840,3910,781,0.199744245524297,273,0.06916645553585,3947,352,6,0.0891816569546491,"1","2020-2024 5yr"
"36061011600",2721,531,90212,1889,2607,316,0.121212121212121,633,0.232635060639471,2710,369,89,0.136162361623616,"1","2020-2024 5yr"
"36061011700",5363,743,116048,3465,5363,485,0.090434458325564,212,0.0395301137423084,5363,297,72,0.055379451799366,"1","2020-2024 5yr"
"36061011800",9264,1317,139332,5148,9264,676,0.0729706390328152,2131,0.230030224525043,9264,1485,1208,0.16029792746114,"1","2020-2024 5yr"
"36061011900",1352,168,18050,1102,1319,604,0.4579226686884,665,0.491863905325444,1352,623,334,0.460798816568047,"1","2020-2024 5yr"
"36061012000",3489,653,192644,1925,3489,280,0.0802522212668386,1335,0.382631126397248,3489,280,196,0.0802522212668386,"1","2020-2024 5yr"
"36061012101",3217,698,63690,1822,3207,945,0.29466791393826,594,0.184644078333851,3207,349,138,0.10882444652323,"1","2020-2024 5yr"
"36061012102",5029,834,62727,3336,4984,536,0.107544141252006,2170,0.431497315569696,5029,1350,820,0.268443030423543,"1","2020-2024 5yr"
"36061012200",3103,797,222909,1469,3103,65,0.0209474701901386,927,0.298743151788592,3103,297,206,0.0957138253303255,"1","2020-2024 5yr"
"36061012400",8984,1241,120709,4870,8258,445,0.0538871397432792,2293,0.255231522707035,8670,722,481,0.0832756632064591,"1","2020-2024 5yr"
"36061012500",2704,387,171250,1452,2680,324,0.12089552238806,321,0.118713017751479,2680,245,106,0.0914179104477612,"1","2020-2024 5yr"
"36061012601",7014,1565,136781,3582,7014,308,0.0439121756487026,1292,0.184203022526376,7014,534,340,0.0761334473909324,"1","2020-2024 5yr"
"36061012602",4980,986,232600,2632,4980,118,0.0236947791164659,1083,0.217469879518072,4980,280,134,0.0562248995983936,"1","2020-2024 5yr"
"36061012700",6307,844,120214,4117,6307,709,0.112414777231647,846,0.134136673537339,6307,840,366,0.133185349611543,"1","2020-2024 5yr"
"36061012800",5163,791,220256,2623,5163,161,0.031183420491962,2208,0.427658338175479,5163,413,367,0.0799922525663374,"1","2020-2024 5yr"
"36061012901",6806,979,110917,4252,6762,526,0.077787636793848,211,0.0310020570085219,6806,288,82,0.0423156038789304,"1","2020-2024 5yr"
"36061012902",2594,471,128625,1250,2383,451,0.189257238774654,218,0.0840400925212028,2594,126,39,0.0485736314572089,"1","2020-2024 5yr"
"36061013000",3336,684,212414,1528,3311,381,0.115070975536092,1223,0.366606714628297,3336,416,312,0.124700239808153,"1","2020-2024 5yr"
"36061013100",3485,384,136346,2250,3470,313,0.0902017291066282,685,0.196556671449067,3485,458,387,0.13142037302726,"1","2020-2024 5yr"
"36061013201",2364,514,162054,1243,2351,57,0.0242450021267546,425,0.179780033840948,2351,348,99,0.148022118247554,"1","2020-2024 5yr"
"36061013202",3616,725,101836,2173,3616,447,0.123617256637168,787,0.217643805309735,3616,407,277,0.112555309734513,"1","2020-2024 5yr"
"36061013203",4276,1102,122083,2410,4276,1437,0.336061739943873,404,0.0944808231992516,4276,133,68,0.0311038353601497,"1","2020-2024 5yr"
"36061013300",6146,776,156829,3787,6146,712,0.115847705824927,1033,0.168076797917345,6146,293,275,0.0476732834363814,"1","2020-2024 5yr"
"36061013400",10475,1409,122163,5643,10399,1010,0.0971247235311088,1888,0.180238663484487,10475,840,597,0.0801909307875895,"1","2020-2024 5yr"
"36061013501",4872,711,99265,2622,4872,396,0.0812807881773399,676,0.138752052545156,4854,397,141,0.0817882159044087,"1","2020-2024 5yr"
"36061013502",5873,925,95693,3655,5873,1196,0.203643793631875,1060,0.18048697428912,5873,804,394,0.136897667290993,"1","2020-2024 5yr"
"36061013601",1979,430,250001,972,1979,44,0.022233451237999,929,0.469429004547751,1979,359,328,0.181404749873674,"1","2020-2024 5yr"
"36061013602",6373,2281,188628,2695,6373,83,0.0130236937078299,1067,0.167425074533187,6373,287,142,0.0450337360740624,"1","2020-2024 5yr"
"36061013603",4459,732,171912,2688,4442,256,0.0576316974335885,1304,0.292442251625925,4459,348,310,0.0780444045750168,"1","2020-2024 5yr"
"36061013604",4030,781,168970,2435,4030,201,0.0498759305210918,906,0.224813895781638,4030,392,192,0.0972704714640198,"1","2020-2024 5yr"
"36061013700",6600,1196,167929,3696,6557,503,0.0767119109348788,1582,0.23969696969697,6600,540,316,0.0818181818181818,"1","2020-2024 5yr"
"36061013800",11607,1840,141343,6641,11161,609,0.0545650031359197,2503,0.215645731024382,11161,453,178,0.0405877609533196,"1","2020-2024 5yr"
"36061013900",9952,1633,108071,6055,9918,396,0.0399274047186933,1992,0.20016077170418,9952,1678,1173,0.168609324758842,"1","2020-2024 5yr"
"36061014000",8051,1055,220066,3967,8030,431,0.0536737235367372,1761,0.218730592472985,8030,569,311,0.0708592777085928,"1","2020-2024 5yr"
"36061014200",3979,855,250001,1876,3979,260,0.0653430510178437,1495,0.375722543352601,3979,230,208,0.0578034682080925,"1","2020-2024 5yr"
"36061014300",0,14,NA,0,0,0,NA,0,NA,0,0,0,NA,"1","2020-2024 5yr"
"36061014401",5006,778,202966,2637,5006,266,0.0531362365161806,1369,0.273471833799441,5006,336,134,0.0671194566520176,"1","2020-2024 5yr"
"36061014402",6799,1031,163086,3764,6799,530,0.0779526400941315,1523,0.224003529930872,6799,606,415,0.0891307545227239,"1","2020-2024 5yr"
"36061014500",7329,1012,186389,3412,6020,369,0.0612956810631229,1246,0.170009551098376,7297,338,152,0.046320405646156,"1","2020-2024 5yr"
"36061014601",3940,596,139000,2362,3922,504,0.128505864354921,856,0.217258883248731,3922,367,230,0.093574706782254,"1","2020-2024 5yr"
"36061014602",8144,1094,132457,4997,8144,549,0.0674115913555992,2374,0.291502946954813,8144,1245,941,0.152873280943026,"1","2020-2024 5yr"
"36061014700",2840,711,202250,1372,2840,192,0.0676056338028169,121,0.0426056338028169,2840,250,66,0.0880281690140845,"1","2020-2024 5yr"
"36061014801",3127,423,202670,1350,3127,87,0.0278221937959706,852,0.272465622001919,3127,291,139,0.0930604413175568,"1","2020-2024 5yr"
"36061014802",7150,1096,179304,3428,7150,269,0.0376223776223776,1290,0.18041958041958,7150,478,372,0.0668531468531468,"1","2020-2024 5yr"
"36061014900",6074,798,184896,3003,5681,518,0.0911811300827319,1663,0.273789924267369,6074,467,368,0.0768850839644386,"1","2020-2024 5yr"
"36061015001",2141,308,194659,1049,2141,74,0.034563288183092,564,0.263428304530593,2141,196,89,0.0915460065390005,"1","2020-2024 5yr"
"36061015002",4904,552,243480,2260,4904,149,0.0303833605220228,1853,0.377854812398042,4904,317,260,0.0646411092985318,"1","2020-2024 5yr"
"36061015101",3476,432,44107,1554,3415,1634,0.478477306002928,741,0.213176064441887,3476,487,230,0.140103567318757,"1","2020-2024 5yr"
"36061015102",9611,1640,163274,4895,9611,1849,0.192383726979503,512,0.0532722921652273,9611,867,270,0.0902091353657268,"1","2020-2024 5yr"
"36061015200",7667,846,114940,3559,7667,1604,0.209208295291509,1972,0.257206208425721,7667,1367,534,0.178296595800183,"1","2020-2024 5yr"
"36061015301",4799,903,186949,2464,4799,188,0.0391748280891852,1285,0.267764117524484,4799,334,278,0.0695978328818504,"1","2020-2024 5yr"
"36061015302",5448,672,189453,3079,5448,335,0.0614904552129222,847,0.155469897209985,5448,435,241,0.0798458149779736,"1","2020-2024 5yr"
"36061015401",4594,896,122860,3290,4594,155,0.0337396604266434,906,0.197213757074445,4563,629,519,0.137847907078676,"1","2020-2024 5yr"
"36061015402",3724,1120,147589,1676,3724,274,0.0735767991407089,689,0.185016111707841,3724,243,108,0.0652524167561762,"1","2020-2024 5yr"
"36061015403",5055,885,129848,2503,5055,555,0.109792284866469,930,0.183976261127596,5055,556,262,0.109990108803165,"1","2020-2024 5yr"
"36061015501",4969,1209,186563,2956,4969,485,0.0976051519420407,1788,0.359830951901791,4969,350,216,0.0704367075870396,"1","2020-2024 5yr"
"36061015502",5500,945,177841,2796,5500,697,0.126727272727273,1498,0.272363636363636,5500,590,385,0.107272727272727,"1","2020-2024 5yr"
"36061015601",5172,579,127741,2794,5120,621,0.1212890625,611,0.118136117556071,5120,514,181,0.100390625,"1","2020-2024 5yr"
"36061015602",2244,396,75147,1180,2241,398,0.177599286033021,191,0.0851158645276292,2241,262,89,0.116912092815707,"1","2020-2024 5yr"
"36061015700",10669,1158,163712,6442,10219,450,0.0440356199236716,2207,0.206860999156435,10669,966,632,0.0905426937857344,"1","2020-2024 5yr"
"36061015801",5188,688,177750,2526,4968,295,0.0593800322061192,1098,0.211642251349268,5188,374,240,0.0720894371626831,"1","2020-2024 5yr"
"36061015802",4260,460,95391,2138,3444,297,0.0862369337979094,564,0.132394366197183,4212,226,47,0.053656220322887,"1","2020-2024 5yr"
"36061015900",9194,1493,156830,5169,9194,481,0.0523167283010659,2122,0.230802697411355,9194,760,601,0.0826626060474222,"1","2020-2024 5yr"
"36061016001",3118,460,250001,1534,3118,86,0.0275817831943554,1165,0.373636946760744,3118,274,219,0.0878768441308531,"1","2020-2024 5yr"
"36061016002",3183,817,121216,1214,2555,170,0.0665362035225049,923,0.289978008168395,3183,278,238,0.0873389883757461,"1","2020-2024 5yr"
"36061016100",5756,821,179179,3627,5756,342,0.0594162612925643,1020,0.1772063933287,5756,441,166,0.0766157053509381,"1","2020-2024 5yr"
"36061016200",9320,1665,21942,4596,9320,4456,0.478111587982833,2261,0.242596566523605,9320,1824,663,0.195708154506438,"1","2020-2024 5yr"
"36061016300",7253,1572,137829,3288,7191,399,0.0554860241969128,1591,0.219357507238384,7213,476,347,0.0659919589629835,"1","2020-2024 5yr"
"36061016400",8310,1129,26544,3425,8285,3079,0.371635485817743,1156,0.139109506618532,8310,2098,692,0.252466907340554,"1","2020-2024 5yr"
"36061016500",7098,924,213661,3327,7098,689,0.0970695970695971,1958,0.27585235277543,7098,842,543,0.118624964778811,"1","2020-2024 5yr"
"36061016600",6888,879,50231,2953,6760,2458,0.363609467455621,688,0.099883855981417,6888,1381,300,0.200493612078978,"1","2020-2024 5yr"
"36061016700",7884,937,250001,3323,7859,452,0.0575136785850617,1809,0.229452054794521,7884,673,408,0.0853627600202943,"1","2020-2024 5yr"
"36061016800",5041,645,38833,1864,4377,1503,0.343385880740233,1144,0.226939099385043,4377,1000,273,0.228466986520448,"1","2020-2024 5yr"
"36061016900",8103,1049,184268,4585,8042,515,0.0640387963193235,1698,0.209552017771196,8056,537,310,0.0666583912611718,"1","2020-2024 5yr"
"36061017000",8791,1602,40027,3452,8766,2696,0.307551905087839,1677,0.190763280627915,8791,1176,660,0.133773177112956,"1","2020-2024 5yr"
"36061017100",8464,1620,149587,4208,8295,1417,0.1708257986739,1803,0.213019848771267,8419,809,293,0.0960921724670388,"1","2020-2024 5yr"
"36061017200",5630,1252,34024,2545,5624,1439,0.255867709815078,595,0.105683836589698,5630,931,261,0.165364120781528,"1","2020-2024 5yr"
"36061017300",9343,1095,162625,4590,9343,557,0.0596168254308038,2216,0.23718291769239,9343,1055,621,0.11291876271005,"1","2020-2024 5yr"
"36061017401",5321,793,37975,2341,5275,1406,0.26654028436019,1136,0.213493704190942,5275,1674,745,0.317345971563981,"1","2020-2024 5yr"
"36061017402",2887,454,81364,1196,2887,335,0.116037409075165,278,0.0962937305161067,2887,510,213,0.176653966054728,"1","2020-2024 5yr"
"36061017500",10499,1812,154118,4600,9742,321,0.0329501129131595,3137,0.298790360986761,9760,1141,724,0.116905737704918,"1","2020-2024 5yr"
"36061017700",10030,2436,108429,4794,10030,1319,0.131505483549352,2447,0.243968095712861,10030,983,576,0.0980059820538385,"1","2020-2024 5yr"
"36061017800",3786,655,56875,1865,3786,1131,0.298732171156894,430,0.113576333861595,3786,364,110,0.0961436872688854,"1","2020-2024 5yr"
"36061017900",9875,2061,168859,4369,9842,873,0.0887014834383255,1152,0.116658227848101,9875,711,191,0.072,"1","2020-2024 5yr"
"36061018000",6980,1048,50560,2966,6980,2358,0.337822349570201,716,0.102578796561605,6980,1256,159,0.179942693409742,"1","2020-2024 5yr"
"36061018100",8408,1289,114966,4210,8408,698,0.0830161750713606,2678,0.318506184586108,8408,1053,732,0.12523786869648,"1","2020-2024 5yr"
"36061018200",7266,945,38942,3074,7098,2791,0.393209354747816,659,0.0906963941646023,7266,1765,245,0.242912193779246,"1","2020-2024 5yr"
"36061018300",8440,1430,149367,3827,8440,1463,0.173341232227488,1756,0.208056872037915,8440,991,521,0.117417061611374,"1","2020-2024 5yr"
"36061018400",8225,1272,51866,3286,8225,2108,0.25629179331307,918,0.11161094224924,8225,1316,571,0.16,"1","2020-2024 5yr"
"36061018500",5060,716,162188,2832,5059,243,0.048033208143902,1311,0.259090909090909,5060,646,463,0.127667984189723,"1","2020-2024 5yr"
"36061018600",6104,1122,50862,1980,6091,1794,0.294532917419143,627,0.102719528178244,6104,785,325,0.128604193971166,"1","2020-2024 5yr"
"36061018700",9907,2526,145459,3668,9862,952,0.0965321435814236,1727,0.174321187039467,9907,860,348,0.0868073079640658,"1","2020-2024 5yr"
"36061018800",4685,809,27237,2520,4676,1428,0.305389221556886,583,0.124439701173959,4676,856,269,0.1830624465355,"1","2020-2024 5yr"
"36061018900",10267,1409,44263,4625,9819,3133,0.319075262246665,2385,0.232297652673614,9747,1644,999,0.168667282240689,"1","2020-2024 5yr"
"36061019000",3735,481,121438,1645,3735,465,0.124497991967871,549,0.146987951807229,3735,346,236,0.0926372155287818,"1","2020-2024 5yr"
"36061019100",8055,1111,142500,4294,7906,742,0.0938527700480648,2453,0.304531346989448,8008,1122,827,0.14010989010989,"1","2020-2024 5yr"
"36061019200",3868,593,19525,1626,3867,1814,0.469097491595552,615,0.15899689762151,3868,899,342,0.232419855222337,"1","2020-2024 5yr"
"36061019300",9211,1198,67090,4112,9098,1909,0.209826335458343,1916,0.208012159374661,9172,1605,1112,0.174989097252508,"1","2020-2024 5yr"
"36061019400",5879,657,45750,2845,5879,1567,0.266541928899473,1040,0.176900833475081,5879,1177,633,0.200204116346317,"1","2020-2024 5yr"
"36061019500",7632,928,122103,3246,7235,1177,0.162681409813407,1726,0.226153039832285,7632,741,434,0.0970911949685535,"1","2020-2024 5yr"
"36061019600",4166,655,28069,1841,3900,1235,0.316666666666667,1206,0.28948631781085,3900,774,586,0.198461538461538,"1","2020-2024 5yr"
"36061019701",962,135,57292,515,962,327,0.33991683991684,94,0.0977130977130977,962,76,8,0.079002079002079,"1","2020-2024 5yr"
"36061019702",2531,518,111250,1173,2523,353,0.13991280221958,264,0.104306598182537,2531,255,108,0.100750691426314,"1","2020-2024 5yr"
"36061019800",2511,644,108250,1029,2361,301,0.127488352393054,549,0.218637992831541,2362,171,51,0.0723962743437765,"1","2020-2024 5yr"
"36061019900",8918,864,83929,3196,6060,1194,0.197029702970297,2182,0.244673693653285,8527,824,618,0.0966342207106837,"1","2020-2024 5yr"
"36061020000",2763,445,57034,1651,2746,504,0.18353969410051,581,0.210278682591386,2763,632,311,0.228736880202678,"1","2020-2024 5yr"
"36061020101",1968,170,152250,337,807,202,0.250309789343247,100,0.0508130081300813,1968,38,17,0.0193089430894309,"1","2020-2024 5yr"
"36061020102",4148,633,83375,1609,4148,650,0.156702025072324,365,0.0879942140790742,4148,456,165,0.1099324975892,"1","2020-2024 5yr"
"36061020300",3989,244,67528,466,989,244,0.246713852376138,217,0.0543995988969667,3989,129,41,0.0323389320631737,"1","2020-2024 5yr"
"36061020500",5532,412,196576,1197,2761,260,0.0941687794277436,731,0.132140274765004,5532,265,164,0.0479031091829356,"1","2020-2024 5yr"
"36061020600",3481,564,50864,1786,3456,1037,0.30005787037037,310,0.0890548692904338,3481,458,128,0.131571387532318,"1","2020-2024 5yr"
"36061020701",2826,350,92788,1091,2120,464,0.218867924528302,179,0.0633404104741684,2826,158,30,0.0559094125973107,"1","2020-2024 5yr"
"36061020800",5391,1032,73197,2235,5378,1263,0.234845667534399,532,0.0986829901687998,5391,365,169,0.067705434984233,"1","2020-2024 5yr"
"36061020901",3656,648,25357,1440,3656,1235,0.337800875273523,617,0.168763676148797,3656,687,276,0.187910284463895,"1","2020-2024 5yr"
"36061021000",6552,1071,43645,3322,6518,2392,0.366983737342743,1166,0.177960927960928,6552,1255,604,0.191544566544567,"1","2020-2024 5yr"
"36061021100",9865,1532,65753,4189,8749,2596,0.296719625100011,2264,0.229498226051698,9846,1796,1101,0.18240910014219,"1","2020-2024 5yr"
"36061021200",5225,643,69702,2678,5010,1037,0.206986027944112,1101,0.210717703349282,5036,455,368,0.0903494837172359,"1","2020-2024 5yr"
"36061021303",5804,944,57119,2390,5795,1228,0.21190681622088,791,0.136285320468642,5804,800,275,0.137835975189524,"1","2020-2024 5yr"
"36061021400",2953,355,51068,2113,2911,714,0.245276537272415,575,0.194717236708432,2953,599,311,0.202844564849306,"1","2020-2024 5yr"
"36061021500",3863,490,56884,1821,3863,750,0.194149624644059,417,0.107947191302097,3863,457,207,0.11830183794978,"1","2020-2024 5yr"
"36061021600",8912,1212,73831,3361,8905,1397,0.156878158338012,567,0.0636220825852783,8912,732,223,0.0821364452423698,"1","2020-2024 5yr"
"36061021703",348,14,NA,0,0,0,NA,0,0,348,32,0,0.0919540229885057,"1","2020-2024 5yr"
"36061021800",6128,1129,47193,2971,6127,849,0.138566998531092,536,0.087467362924282,6128,864,304,0.140992167101828,"1","2020-2024 5yr"
"36061021900",5390,1027,21938,2052,5277,2042,0.386962289179458,538,0.0998144712430427,5358,826,302,0.154162000746547,"1","2020-2024 5yr"
"36061022000",6087,901,74151,3032,6017,1513,0.251454213062988,920,0.151141777558732,6087,501,125,0.0823065549531789,"1","2020-2024 5yr"
"36061022102",2350,479,67669,1138,2350,344,0.146382978723404,188,0.08,2350,147,29,0.0625531914893617,"1","2020-2024 5yr"
"36061022200",3595,584,84071,1571,3595,673,0.187204450625869,456,0.126842837273992,3595,437,204,0.121557719054242,"1","2020-2024 5yr"
"36061022301",7226,994,50668,2610,7226,2307,0.319263769720454,967,0.133822308331027,7226,1169,589,0.161776916689732,"1","2020-2024 5yr"
"36061022302",2870,387,50238,1294,2870,563,0.19616724738676,574,0.2,2870,615,341,0.214285714285714,"1","2020-2024 5yr"
"36061022400",6682,1280,19326,2766,6591,2756,0.418145956607495,987,0.147710266387309,6641,1362,490,0.205089594940521,"1","2020-2024 5yr"
"36061022500",11327,1519,53424,3968,11262,2790,0.247735748534896,2069,0.18266089873753,11309,1853,1150,0.163851799451764,"1","2020-2024 5yr"
"36061022600",5673,844,86559,2210,5633,937,0.166341203621516,478,0.0842587696104354,5667,679,283,0.119816481383448,"1","2020-2024 5yr"
"36061022700",5887,902,63574,2389,5856,1190,0.203210382513661,1335,0.226770851027688,5856,928,372,0.158469945355191,"1","2020-2024 5yr"
"36061022800",5713,973,63413,2789,5663,1384,0.244393431043616,963,0.168562926658498,5713,1020,288,0.178540171538596,"1","2020-2024 5yr"
"36061022900",7702,1177,60346,2976,7702,2360,0.306413918462737,950,0.123344585821864,7702,1044,376,0.135549207997923,"1","2020-2024 5yr"
"36061023000",8773,1063,27860,3909,8764,4277,0.488019169329073,2061,0.234925339108629,8773,2185,1184,0.249059614727003,"1","2020-2024 5yr"
"36061023100",7132,1432,69949,2724,7110,1493,0.209985935302391,893,0.125210319685923,7126,729,210,0.102301431378052,"1","2020-2024 5yr"
"36061023200",9183,1338,27967,3410,9183,4815,0.524338451486442,707,0.076990090384406,9183,1595,396,0.173690515082217,"1","2020-2024 5yr"
"36061023300",7367,994,84927,2751,7341,1439,0.196022340280616,814,0.110492737885164,7365,770,371,0.104548540393754,"1","2020-2024 5yr"
"36061023400",5442,727,62346,2463,5442,1447,0.265894891583977,434,0.079750091877986,5442,630,186,0.115766262403528,"1","2020-2024 5yr"
"36061023501",7506,1195,71893,2817,7506,1295,0.172528643751665,792,0.105515587529976,7506,1130,360,0.15054622968292,"1","2020-2024 5yr"
"36061023502",1858,294,44491,867,1858,686,0.369214208826695,313,0.168460710441335,1858,351,159,0.188912809472551,"1","2020-2024 5yr"
"36061023600",11042,1496,43679,4594,11040,1708,0.154710144927536,1875,0.169806194529976,11042,2175,865,0.196975185654773,"1","2020-2024 5yr"
"36061023700",6677,826,60404,2651,6453,1903,0.294901596156826,917,0.137337127452449,6676,1002,411,0.150089874176153,"1","2020-2024 5yr"
"36061023802",4704,465,100870,1990,4116,337,0.0818756073858115,1163,0.247236394557823,4116,482,340,0.117103984450923,"1","2020-2024 5yr"
"36061023803",3270,593,80724,1632,3270,348,0.106422018348624,797,0.243730886850153,3270,382,225,0.116819571865443,"1","2020-2024 5yr"
"36061023804",3546,569,183536,1553,3430,608,0.177259475218659,183,0.0516074450084602,3546,40,40,0.0112803158488438,"1","2020-2024 5yr"
"36061023900",3184,508,48816,1271,3184,576,0.180904522613065,500,0.157035175879397,3184,946,376,0.297110552763819,"1","2020-2024 5yr"
"36061024000",2395,108,NA,0,2166,1511,0.697599261311173,193,0.0805845511482255,2211,946,110,0.427860696517413,"1","2020-2024 5yr"
"36061024100",7915,1161,59500,3228,7838,1663,0.212171472314366,1953,0.246746683512318,7915,1943,844,0.245483259633607,"1","2020-2024 5yr"
"36061024200",5847,1030,42617,2037,5847,1684,0.288010945784163,759,0.129810159055926,5831,999,483,0.171325673126393,"1","2020-2024 5yr"
"36061024301",4681,902,74226,1583,4539,758,0.166997135933025,594,0.126895962401196,4539,886,384,0.195197179995594,"1","2020-2024 5yr"
"36061024302",7627,1178,23574,2663,7547,3154,0.417914403074069,756,0.0991215418906516,7627,1447,347,0.189720728989118,"1","2020-2024 5yr"
"36061024500",14577,1590,51403,5442,14577,4599,0.315497015846882,2601,0.178431776085614,14577,3485,1418,0.239075255539549,"1","2020-2024 5yr"
"36061024700",6102,1040,83605,2705,6102,1172,0.192068174369059,1765,0.289249426417568,6102,1554,1075,0.254670599803343,"1","2020-2024 5yr"
"36061024900",984,211,68000,470,984,95,0.0965447154471545,235,0.238821138211382,984,192,127,0.195121951219512,"1","2020-2024 5yr"
"36061025100",2502,327,37839,839,2375,699,0.294315789473684,428,0.171063149480416,2502,550,253,0.21982414068745,"1","2020-2024 5yr"
"36061025300",10189,1586,72763,4028,10132,1826,0.180221081721279,2039,0.200117774070076,10172,1541,923,0.151494298073142,"1","2020-2024 5yr"
"36061025500",5562,1094,78315,1908,4574,915,0.20004372540446,646,0.116145271485077,5480,694,170,0.126642335766423,"1","2020-2024 5yr"
"36061025700",4443,566,104033,2260,4443,712,0.160252081926626,432,0.0972316002700878,4443,384,199,0.0864280891289669,"1","2020-2024 5yr"
"36061025900",4790,633,79429,1806,4779,761,0.159238334379577,173,0.0361169102296451,4790,357,61,0.0745302713987474,"1","2020-2024 5yr"
"36061026100",12041,1824,40352,3719,11982,4282,0.357369387414455,1983,0.164687318329042,12041,2403,1242,0.199568142180882,"1","2020-2024 5yr"
"36061026300",8342,1309,67024,2804,8342,1502,0.180052745145049,1300,0.155837928554304,8342,1344,640,0.161112443059218,"1","2020-2024 5yr"
"36061026500",7702,1168,92434,2942,7665,852,0.111154598825832,1104,0.143339392365619,7702,955,301,0.123993767852506,"1","2020-2024 5yr"
"36061026700",2227,192,51250,591,1690,292,0.172781065088757,161,0.0722945666816345,2227,110,43,0.0493938033228559,"1","2020-2024 5yr"
"36061026900",7601,1450,52389,2470,7414,1069,0.144186673860264,1289,0.169582949611893,7594,1256,743,0.1653937318936,"1","2020-2024 5yr"
"36061027100",7742,1095,71595,3179,7742,1165,0.150477912684061,1199,0.15486954275381,7742,861,452,0.11121157323689,"1","2020-2024 5yr"
"36061027300",7434,1102,122654,3116,7434,332,0.0446596717783158,874,0.117567931127253,7434,552,199,0.0742534301856336,"1","2020-2024 5yr"
"36061027500",3164,573,170000,1794,3164,169,0.0534134007585335,732,0.231352718078382,3164,658,178,0.207964601769911,"1","2020-2024 5yr"
"36061027700",6441,1211,58086,1997,5817,1307,0.224686264397456,1652,0.256481912746468,5817,778,524,0.133745917139419,"1","2020-2024 5yr"
"36061027900",9587,1522,68596,4302,9587,1033,0.107750078230938,1062,0.110775007823094,9587,1130,141,0.117867946177115,"1","2020-2024 5yr"
"36061028100",3308,444,143194,1459,3120,135,0.0432692307692308,568,0.171704957678356,3120,187,80,0.0599358974358974,"1","2020-2024 5yr"
"36061028300",8040,1661,64803,3239,7961,1315,0.165180253736968,1880,0.233830845771144,8016,1332,544,0.166167664670659,"1","2020-2024 5yr"
"36061028500",7094,1361,51026,2286,7045,2130,0.302342086586231,1597,0.22511981956583,7094,986,639,0.138990696363124,"1","2020-2024 5yr"
"36061028700",3690,589,89476,1634,3690,612,0.165853658536585,514,0.13929539295393,3690,297,107,0.0804878048780488,"1","2020-2024 5yr"
"36061029100",10870,1553,62348,3912,10834,1528,0.141037474616947,1416,0.130266789328427,10870,1568,434,0.1442502299908,"1","2020-2024 5yr"
"36061029300",8011,1864,35987,2921,8011,2866,0.357758082636375,1121,0.139932592685058,8011,1674,759,0.20896267632006,"1","2020-2024 5yr"
"36061029500",7565,1046,87108,3345,7564,419,0.0553939714436806,1461,0.193126239259749,7565,920,518,0.121612690019828,"1","2020-2024 5yr"
"36061029700",13,5,NA,0,0,0,NA,2,0.153846153846154,0,0,0,NA,"1","2020-2024 5yr"
"36061029900",3532,611,34731,1399,3532,657,0.186013590033975,833,0.235843714609287,3532,1035,453,0.293035107587769,"1","2020-2024 5yr"
"36061030300",3309,586,94208,1629,3309,421,0.127228770021154,720,0.217588395285585,3309,510,318,0.154125113327289,"1","2020-2024 5yr"
"36061030700",3563,549,108073,1835,3563,111,0.0311535223126579,589,0.165310131911311,3563,513,139,0.143979792309851,"1","2020-2024 5yr"
"36061030900",10253,1556,40438,3355,10253,3760,0.366721935043402,1701,0.165902662635326,10253,2809,1021,0.27396859455769,"1","2020-2024 5yr"
"36061031100",0,14,NA,0,0,0,NA,0,NA,0,0,0,NA,"1","2020-2024 5yr"
"36061031703",5887,1028,250001,2353,5887,340,0.0577543740445048,406,0.0689655172413793,5887,281,153,0.0477322914897231,"1","2020-2024 5yr"
"36061031704",10097,1409,218917,4683,10097,333,0.0329800930969595,845,0.0836882242250173,10097,273,76,0.0270377339803902,"1","2020-2024 5yr"
"36061031900",0,14,NA,0,0,0,NA,0,NA,0,0,0,NA,"1","2020-2024 5yr"
"36081000101",4665,808,134304,2381,4665,281,0.0602357984994641,573,0.122829581993569,4665,486,268,0.104180064308682,"4","2020-2024 5yr"
"36081000102",6790,877,213135,3371,6790,233,0.0343151693667158,137,0.0201767304860088,6769,244,70,0.0360466834096617,"4","2020-2024 5yr"
"36081000103",35,45,NA,21,35,0,0,0,0,35,0,0,0,"4","2020-2024 5yr"
"36081000104",281,123,NA,26,281,178,0.633451957295374,27,0.096085409252669,281,7,7,0.0249110320284698,"4","2020-2024 5yr"
"36081000200",2439,483,84643,854,2439,368,0.150881508815088,338,0.138581385813858,2439,295,114,0.120951209512095,"4","2020-2024 5yr"
"36081000400",4102,1069,74107,1113,4102,347,0.0845928815212092,525,0.127986348122867,4102,443,246,0.107996099463676,"4","2020-2024 5yr"
"36081000600",3549,762,101042,986,3543,620,0.17499294383291,469,0.132149901380671,3549,377,170,0.106227106227106,"4","2020-2024 5yr"
"36081000701",3691,478,136875,1690,3691,189,0.0512056353291791,169,0.0457870495800596,3691,72,38,0.0195069086968301,"4","2020-2024 5yr"
"36081000702",4643,739,132368,1944,4643,717,0.154426017660995,489,0.105319836312729,4643,204,145,0.0439371096273961,"4","2020-2024 5yr"
"36081000800",3768,592,111856,1071,3768,379,0.100583864118896,733,0.194532908704883,3768,369,249,0.0979299363057325,"4","2020-2024 5yr"
"36081001000",4636,845,85625,1139,4618,391,0.084668687743612,448,0.0966350301984469,4636,234,82,0.0504745470232959,"4","2020-2024 5yr"
"36081001200",4603,766,86524,1250,4591,254,0.0553256371160967,538,0.116880295459483,4603,550,207,0.119487290897241,"4","2020-2024 5yr"
"36081001400",3609,799,80456,1217,3609,425,0.117761152673871,392,0.108617345525076,3609,383,159,0.106123579939041,"4","2020-2024 5yr"
"36081001600",2650,547,77500,760,2650,383,0.144528301886792,324,0.122264150943396,2650,231,96,0.0871698113207547,"4","2020-2024 5yr"
"36081001800",3025,650,118694,887,3025,512,0.169256198347107,618,0.204297520661157,3015,383,234,0.127031509121061,"4","2020-2024 5yr"
"36081001901",1738,414,232109,1031,1738,44,0.0253164556962025,63,0.0362485615650173,1738,96,16,0.0552359033371692,"4","2020-2024 5yr"
"36081001902",6561,984,171458,4077,6561,666,0.101508916323731,89,0.0135650053345527,6561,289,89,0.0440481633897272,"4","2020-2024 5yr"
"36081001903",2060,279,172986,1303,2060,103,0.05,1,0.000485436893203883,2060,23,0,0.0111650485436893,"4","2020-2024 5yr"
"36081002000",1774,286,138750,472,1774,205,0.115558060879369,323,0.182074408117249,1774,108,80,0.0608793686583991,"4","2020-2024 5yr"
"36081002200",2021,413,71667,662,2021,199,0.0984661058881742,387,0.191489361702128,2021,221,122,0.109351806036616,"4","2020-2024 5yr"
"36081002400",2080,531,88421,688,2080,327,0.157211538461538,274,0.131730769230769,2080,208,109,0.1,"4","2020-2024 5yr"
"36081002500",6530,991,26044,3363,6530,1796,0.275038284839204,1128,0.172741194486983,6530,1168,592,0.178866768759571,"4","2020-2024 5yr"
"36081002600",2236,430,135267,676,2236,290,0.129695885509839,494,0.22093023255814,2236,163,78,0.0728980322003578,"4","2020-2024 5yr"
"36081002800",2883,519,89545,1108,2862,313,0.109364081062194,578,0.200485605272286,2883,234,182,0.081165452653486,"4","2020-2024 5yr"
"36081003000",1410,461,120417,439,1410,54,0.0382978723404255,201,0.142553191489362,1410,181,128,0.128368794326241,"4","2020-2024 5yr"
"36081003100",1715,224,121908,885,1660,339,0.20421686746988,195,0.113702623906706,1715,196,112,0.114285714285714,"4","2020-2024 5yr"
"36081003200",1902,389,130160,565,1885,421,0.223342175066313,238,0.125131440588854,1902,133,61,0.0699263932702418,"4","2020-2024 5yr"
"36081003301",4042,530,152056,2330,4042,461,0.114052449282533,74,0.0183077684314696,4042,137,0,0.0338941118258288,"4","2020-2024 5yr"
"36081003302",1056,193,80385,416,988,327,0.330971659919028,141,0.133522727272727,1056,190,50,0.179924242424242,"4","2020-2024 5yr"
"36081003400",2619,399,74922,728,2594,513,0.197764070932922,339,0.129438717067583,2619,214,122,0.0817105765559374,"4","2020-2024 5yr"
"36081003600",3330,729,64459,1070,3295,445,0.1350531107739,726,0.218018018018018,3330,466,311,0.13993993993994,"4","2020-2024 5yr"
"36081003700",0,14,NA,0,0,0,NA,0,NA,0,0,0,NA,"4","2020-2024 5yr"
"36081003800",2185,347,86146,702,2184,255,0.116758241758242,339,0.155148741418764,2185,218,119,0.0997711670480549,"4","2020-2024 5yr"
"36081003900",1480,399,59988,519,1480,292,0.197297297297297,85,0.0574324324324324,1480,79,7,0.0533783783783784,"4","2020-2024 5yr"
"36081004001",2063,283,92500,670,2063,198,0.0959767329132332,197,0.0954920019389239,2058,123,43,0.0597667638483965,"4","2020-2024 5yr"
"36081004002",1766,656,49379,545,1749,355,0.202973127501429,629,0.356172140430351,1766,200,81,0.113250283125708,"4","2020-2024 5yr"
"36081004200",4651,649,67270,1155,4523,1248,0.275923059915985,507,0.109008815308536,4651,413,129,0.0887981079337777,"4","2020-2024 5yr"
"36081004300",2033,457,26814,1008,2033,631,0.310378750614855,501,0.246433841613379,2033,461,211,0.226758484997541,"4","2020-2024 5yr"
"36081004401",3493,570,61920,1133,3493,688,0.196965359290009,414,0.118522759805325,3493,343,196,0.0981963927855711,"4","2020-2024 5yr"
"36081004500",2758,417,97462,1506,2758,234,0.084844089920232,772,0.279912980420595,2758,405,279,0.146845540246555,"4","2020-2024 5yr"
"36081004700",3963,628,56333,1818,3963,1209,0.305071915215746,649,0.163764824627807,3963,544,326,0.137269745142569,"4","2020-2024 5yr"
"36081005000",0,14,NA,0,0,0,NA,0,NA,0,0,0,NA,"4","2020-2024 5yr"
"36081005100",2303,492,90104,854,2303,185,0.0803300043421624,173,0.075119409465914,2303,191,104,0.0829353017802866,"4","2020-2024 5yr"
"36081005200",2303,563,76300,660,2303,353,0.15327833260964,211,0.0916196265740339,2303,221,91,0.0959617889709075,"4","2020-2024 5yr"
"36081005300",5188,883,113816,2392,5188,299,0.05763299922899,256,0.0493446414803392,5188,216,87,0.0416345412490362,"4","2020-2024 5yr"
"36081005400",5341,750,78633,1738,5262,610,0.115925503610794,885,0.165699307245834,5341,898,380,0.168133308369219,"4","2020-2024 5yr"
"36081005500",1350,285,81310,580,1342,106,0.0789865871833085,149,0.11037037037037,1350,104,65,0.077037037037037,"4","2020-2024 5yr"
"36081005700",3800,481,94142,1825,3799,884,0.232692813898394,466,0.122631578947368,3800,422,135,0.111052631578947,"4","2020-2024 5yr"
"36081005800",6242,971,91875,1899,6219,139,0.0223508602669239,910,0.145786606856777,6242,916,390,0.146747837231657,"4","2020-2024 5yr"
"36081005900",4208,830,76813,1847,4208,376,0.0893536121673004,581,0.138070342205323,4208,299,198,0.0710551330798479,"4","2020-2024 5yr"
"36081006100",5207,635,106413,2856,5165,309,0.0598257502420136,479,0.0919915498367582,5207,406,59,0.0779719608219704,"4","2020-2024 5yr"
"36081006201",5870,1127,61954,2936,5870,469,0.0798977853492334,1759,0.299659284497445,5855,1207,616,0.206148590947908,"4","2020-2024 5yr"
"36081006202",7327,1107,91902,2395,7327,534,0.0728811246076157,1423,0.194213184113553,7327,1733,960,0.236522451207861,"4","2020-2024 5yr"
"36081006300",5613,764,137746,2925,5613,254,0.0452520933547123,478,0.0851594512738286,5613,570,223,0.101549973276323,"4","2020-2024 5yr"
"36081006501",2983,473,94628,1648,2983,203,0.0680522963459604,422,0.141468320482735,2983,252,102,0.0844787127053302,"4","2020-2024 5yr"
"36081006502",3975,629,80539,1829,3975,604,0.151949685534591,447,0.112452830188679,3975,245,56,0.0616352201257862,"4","2020-2024 5yr"
"36081006900",4767,738,121526,2165,4502,466,0.103509551310529,690,0.144745122718691,4515,440,115,0.097452934662237,"4","2020-2024 5yr"
"36081007100",3488,420,89562,1847,3464,362,0.104503464203233,331,0.0948967889908257,3488,271,111,0.0776949541284404,"4","2020-2024 5yr"
"36081007300",3813,425,101691,2076,3813,294,0.0771046420141621,523,0.137162339365329,3782,290,134,0.076679005817028,"4","2020-2024 5yr"
"36081007500",5002,974,79634,2591,5002,527,0.105357856857257,1422,0.284286285485806,5002,459,211,0.0917632946821272,"4","2020-2024 5yr"
"36081007700",1913,365,139267,899,1913,518,0.270778881338212,214,0.11186617877679,1913,185,108,0.0967067433350758,"4","2020-2024 5yr"
"36081007900",2742,494,111875,1381,2730,457,0.167399267399267,365,0.133114514952589,2742,458,247,0.167031363967907,"4","2020-2024 5yr"
"36081008100",1530,267,122798,687,1528,67,0.043848167539267,132,0.0862745098039216,1528,92,28,0.0602094240837696,"4","2020-2024 5yr"
"36081008300",2405,531,94803,963,2405,294,0.122245322245322,222,0.0923076923076923,2405,194,67,0.0806652806652807,"4","2020-2024 5yr"
"36081008500",1821,430,82708,409,1762,566,0.321225879682179,15,0.00823723228995058,1821,125,6,0.0686436024162548,"4","2020-2024 5yr"
"36081008600",3341,504,89667,980,3197,459,0.143572098842665,569,0.170308290930859,3341,363,192,0.108650104759054,"4","2020-2024 5yr"
"36081008700",3480,687,NA,1695,3444,1246,0.361788617886179,709,0.203735632183908,3480,796,309,0.228735632183908,"4","2020-2024 5yr"
"36081008800",3679,492,127313,1223,3641,179,0.0491623180444933,384,0.104376189181843,3679,360,162,0.0978526773579777,"4","2020-2024 5yr"
"36081009100",1928,326,99070,1016,1928,117,0.0606846473029046,119,0.0617219917012448,1928,236,49,0.122406639004149,"4","2020-2024 5yr"
"36081009400",2707,555,73636,786,2707,523,0.193202807536018,278,0.102696712227558,2707,292,99,0.107868489102327,"4","2020-2024 5yr"
"36081009500",1959,317,127946,879,1959,130,0.0663603879530373,364,0.185809086268504,1959,108,67,0.0551301684532925,"4","2020-2024 5yr"
"36081009600",3072,708,124423,1002,3072,336,0.109375,792,0.2578125,3072,404,216,0.131510416666667,"4","2020-2024 5yr"
"36081009700",3837,543,121088,1519,3802,342,0.0899526564965807,528,0.137607505863956,3837,326,70,0.0849622100599427,"4","2020-2024 5yr"
"36081009800",2216,471,84458,729,2216,296,0.133574007220217,439,0.198104693140794,2216,239,148,0.107851985559567,"4","2020-2024 5yr"
"36081009900",0,14,NA,0,0,0,NA,0,NA,0,0,0,NA,"4","2020-2024 5yr"
"36081010000",3082,745,114327,927,3082,325,0.105451005840363,723,0.234587929915639,3082,135,70,0.0438027255029202,"4","2020-2024 5yr"
"36081010100",2686,597,147308,1096,2686,149,0.0554728220402085,414,0.154132539091586,2686,249,117,0.0927029039463887,"4","2020-2024 5yr"
"36081010200",2731,466,107270,850,2731,337,0.123398022702307,356,0.130355181252289,2731,128,52,0.0468692786525082,"4","2020-2024 5yr"
"36081010300",3915,565,84821,1699,3887,453,0.116542320555698,653,0.166794380587484,3915,454,298,0.115964240102171,"4","2020-2024 5yr"
"36081010400",3746,742,95781,1102,3665,461,0.125784447476126,708,0.189001601708489,3746,330,179,0.0880939668980246,"4","2020-2024 5yr"
"36081010500",4668,735,65233,1851,4668,624,0.133676092544987,684,0.146529562982005,4668,774,147,0.165809768637532,"4","2020-2024 5yr"
"36081010600",2785,633,121250,911,2785,412,0.147935368043088,907,0.325673249551167,2785,307,152,0.110233393177738,"4","2020-2024 5yr"
"36081010701",0,14,NA,0,0,0,NA,0,NA,0,0,0,NA,"4","2020-2024 5yr"
"36081010800",3304,654,108299,792,3210,242,0.0753894080996885,397,0.120157384987893,3304,372,108,0.112590799031477,"4","2020-2024 5yr"
"36081011000",2818,584,77031,736,2804,781,0.278530670470756,411,0.145848119233499,2818,229,119,0.081263307310149,"4","2020-2024 5yr"
"36081011100",2939,438,111125,1351,2939,377,0.128274923443348,371,0.126233412725417,2939,443,190,0.150731541340592,"4","2020-2024 5yr"
"36081011200",2375,442,69030,857,2346,448,0.190963341858483,556,0.234105263157895,2357,406,354,0.172252863809928,"4","2020-2024 5yr"
"36081011300",4445,586,87393,1977,4443,379,0.0853027233851002,356,0.0800899887514061,4445,265,156,0.0596175478065242,"4","2020-2024 5yr"
"36081011400",1908,584,121442,375,1908,220,0.115303983228512,193,0.101153039832285,1908,157,64,0.0822851153039832,"4","2020-2024 5yr"
"36081011500",2539,468,113370,1098,2539,208,0.0819220165419456,207,0.0815281606931863,2539,223,68,0.087829854273336,"4","2020-2024 5yr"
"36081011600",2226,371,71576,635,2226,722,0.324348607367475,234,0.105121293800539,2226,268,98,0.120395327942498,"4","2020-2024 5yr"
"36081011700",4015,592,125550,1712,3996,386,0.0965965965965966,435,0.108343711083437,4015,128,99,0.0318804483188045,"4","2020-2024 5yr"
"36081011800",2689,528,86754,936,2689,287,0.106731126812942,288,0.10710301227222,2661,288,122,0.108229988726043,"4","2020-2024 5yr"
"36081011900",1602,384,84886,713,1602,111,0.0692883895131086,169,0.105493133583021,1602,80,47,0.0499375780274657,"4","2020-2024 5yr"
"36081012000",2355,570,82500,650,2341,358,0.152926099957283,306,0.129936305732484,2355,224,128,0.0951167728237792,"4","2020-2024 5yr"
"36081012100",2141,406,108125,865,2138,234,0.109448082319925,378,0.176553012610929,2141,258,168,0.120504437178888,"4","2020-2024 5yr"
"36081012200",2939,827,118015,699,2906,279,0.0960082587749484,394,0.13405920381082,2939,347,132,0.118067369853692,"4","2020-2024 5yr"
"36081012301",3343,826,106328,1361,3328,125,0.0375600961538462,496,0.148369727789411,3343,165,104,0.0493568650912354,"4","2020-2024 5yr"
"36081012400",2913,621,71435,897,2913,274,0.0940611053896327,544,0.186749055956059,2906,465,243,0.160013764624914,"4","2020-2024 5yr"
"36081012500",1360,247,93309,637,1354,104,0.0768094534711965,172,0.126470588235294,1360,104,39,0.0764705882352941,"4","2020-2024 5yr"
"36081012601",2787,651,82450,772,2785,237,0.0850987432675045,241,0.0864729099390025,2787,292,76,0.104772156440617,"4","2020-2024 5yr"
"36081012602",2215,431,79531,766,2215,236,0.106546275395034,212,0.0957110609480813,2215,198,74,0.0893905191873589,"4","2020-2024 5yr"
"36081012800",2129,443,103750,678,2129,196,0.0920620009394082,314,0.147487083137623,2129,287,142,0.134805072804133,"4","2020-2024 5yr"
"36081013000",1829,353,82708,700,1829,112,0.0612356478950246,337,0.184253690541279,1829,236,150,0.129032258064516,"4","2020-2024 5yr"
"36081013200",1960,330,84452,692,1931,158,0.0818228896944588,183,0.0933673469387755,1960,117,20,0.0596938775510204,"4","2020-2024 5yr"
"36081013400",5802,1006,77073,2480,5720,421,0.0736013986013986,1573,0.271113409169252,5802,786,473,0.135470527404343,"4","2020-2024 5yr"
"36081013500",1332,360,103250,579,1325,79,0.059622641509434,290,0.217717717717718,1332,139,114,0.104354354354354,"4","2020-2024 5yr"
"36081013600",1981,334,86601,871,1981,254,0.128218071680969,283,0.142857142857143,1981,215,77,0.108531044926805,"4","2020-2024 5yr"
"36081013700",1874,215,108056,846,1874,95,0.0506937033084312,228,0.121664887940235,1874,269,58,0.143543223052295,"4","2020-2024 5yr"
"36081013800",4018,881,76938,1487,4016,885,0.220368525896414,464,0.115480338476854,4016,556,238,0.138446215139442,"4","2020-2024 5yr"
"36081014000",4409,1057,117631,1495,4381,181,0.0413147683177357,453,0.102744386482196,4409,289,116,0.0655477432524382,"4","2020-2024 5yr"
"36081014100",1613,289,100568,807,1613,157,0.097334159950403,172,0.106633601983881,1613,174,49,0.107873527588345,"4","2020-2024 5yr"
"36081014201",4388,1116,70813,1521,4387,340,0.0775017095965352,546,0.124430264357338,4388,396,234,0.0902461257976299,"4","2020-2024 5yr"
"36081014202",2755,486,88750,663,2279,277,0.121544537077666,758,0.27513611615245,2373,423,237,0.178255372945638,"4","2020-2024 5yr"
"36081014300",3853,542,95446,1765,3844,494,0.128511966701353,388,0.100700752660265,3853,317,164,0.0822735530755256,"4","2020-2024 5yr"
"36081014400",1671,505,80101,529,1671,239,0.143028126870138,342,0.204667863554758,1671,285,104,0.170556552962298,"4","2020-2024 5yr"
"36081014500",2429,414,88462,1062,2416,234,0.0968543046357616,373,0.15356113627007,2429,290,129,0.119390695759572,"4","2020-2024 5yr"
"36081014700",3066,448,94180,1413,3066,304,0.0991519895629485,238,0.0776255707762557,3065,268,98,0.0874388254486134,"4","2020-2024 5yr"
"36081014800",2015,376,NA,655,2015,152,0.0754342431761787,349,0.173200992555831,2015,325,136,0.161290322580645,"4","2020-2024 5yr"
"36081014900",2163,462,66000,982,2163,380,0.175681923254739,79,0.0365233472029589,2163,135,20,0.0624133148404993,"4","2020-2024 5yr"
"36081015000",2233,600,91116,589,2233,95,0.0425436632333184,406,0.181818181818182,2233,211,138,0.0944917151813704,"4","2020-2024 5yr"
"36081015100",2769,424,68932,1228,2764,375,0.135672937771346,318,0.114842903575298,2769,259,56,0.0935355724088118,"4","2020-2024 5yr"
"36081015200",2599,461,82093,784,2584,224,0.086687306501548,538,0.207002693343594,2596,332,221,0.12788906009245,"4","2020-2024 5yr"
"36081015300",1821,342,88636,944,1799,238,0.132295719844358,283,0.155409115870401,1821,127,31,0.0697419000549149,"4","2020-2024 5yr"
"36081015400",2296,388,69414,551,2295,235,0.10239651416122,238,0.103658536585366,2296,272,83,0.118466898954704,"4","2020-2024 5yr"
"36081015500",2119,579,94375,886,2119,89,0.0420009438414346,335,0.158093440302029,2119,115,42,0.0542708824917414,"4","2020-2024 5yr"
"36081015600",3184,653,79063,815,3177,423,0.13314447592068,534,0.167713567839196,3184,297,235,0.0932788944723618,"4","2020-2024 5yr"
"36081015700",1371,277,75982,717,1371,109,0.0795040116703136,137,0.099927060539752,1371,144,89,0.105032822757112,"4","2020-2024 5yr"
"36081015801",3841,848,98387,1063,3836,538,0.140250260688217,843,0.219474095287685,3836,364,158,0.0948905109489051,"4","2020-2024 5yr"
"36081015802",5464,1197,105149,1227,5268,407,0.0772589217919514,1082,0.198023426061493,5464,727,469,0.13305270863836,"4","2020-2024 5yr"
"36081015900",3699,480,71615,1823,3699,338,0.0913760475804271,484,0.130846174641795,3699,418,163,0.113003514463368,"4","2020-2024 5yr"
"36081016100",2028,373,92042,781,2028,130,0.0641025641025641,228,0.112426035502959,2028,154,52,0.0759368836291913,"4","2020-2024 5yr"
"36081016300",3956,625,35237,1720,3956,821,0.207532861476239,952,0.240647118301314,3956,816,368,0.206268958543984,"4","2020-2024 5yr"
"36081016400",3180,747,80568,879,3155,349,0.110618066561014,556,0.174842767295597,3175,448,178,0.141102362204724,"4","2020-2024 5yr"
"36081016600",4015,768,78108,1212,4009,455,0.1134946370666,739,0.184059775840598,4009,599,252,0.149413818907458,"4","2020-2024 5yr"
"36081016800",2923,617,108173,851,2922,332,0.113620807665982,415,0.141977420458433,2923,330,267,0.112897707834417,"4","2020-2024 5yr"
"36081016900",5859,714,89679,2626,5859,398,0.0679296808329066,633,0.108038914490527,5859,309,75,0.0527393753200205,"4","2020-2024 5yr"
"36081017000",2738,605,108229,678,2738,164,0.0598977355734112,340,0.12417823228634,2732,111,51,0.0406295754026354,"4","2020-2024 5yr"
"36081017101",0,14,NA,0,0,0,NA,0,NA,0,0,0,NA,"4","2020-2024 5yr"
"36081017102",344,320,184083,175,343,22,0.0641399416909621,0,0,343,0,0,0,"4","2020-2024 5yr"
"36081017200",2355,497,74760,627,2335,371,0.158886509635974,326,0.138428874734607,2355,191,59,0.081104033970276,"4","2020-2024 5yr"
"36081017400",2805,399,121759,728,2805,134,0.0477718360071301,363,0.129411764705882,2805,352,140,0.125490196078431,"4","2020-2024 5yr"
"36081017600",2302,332,83906,643,2302,457,0.198523023457863,524,0.227628149435274,2302,274,183,0.119026933101651,"4","2020-2024 5yr"
"36081017800",2086,422,90096,581,2086,127,0.060882070949185,188,0.0901246404602109,2086,106,27,0.0508149568552253,"4","2020-2024 5yr"
"36081017901",1045,213,81319,451,1038,23,0.0221579961464355,35,0.0334928229665072,1045,76,8,0.0727272727272727,"4","2020-2024 5yr"
"36081017902",69,6,NA,0,55,55,1,14,0.202898550724638,69,14,14,0.202898550724638,"4","2020-2024 5yr"
"36081018000",1652,314,80147,392,1643,258,0.157029823493609,233,0.141041162227603,1652,196,44,0.11864406779661,"4","2020-2024 5yr"
"36081018101",3532,555,78864,1806,3522,503,0.142816581487791,367,0.103907134767837,3532,296,63,0.0838052095130238,"4","2020-2024 5yr"
"36081018102",3680,491,83750,1799,3680,213,0.0578804347826087,436,0.118478260869565,3680,283,72,0.0769021739130435,"4","2020-2024 5yr"
"36081018200",2613,490,93043,748,2595,314,0.121001926782274,430,0.164561806352851,2588,225,44,0.0869397217928903,"4","2020-2024 5yr"
"36081018300",5058,779,71891,2331,5057,945,0.186869685584339,755,0.149268485567418,5058,321,74,0.0634638196915777,"4","2020-2024 5yr"
"36081018401",2089,301,57679,723,2089,425,0.203446625179512,293,0.140258496888463,2089,150,54,0.0718046912398277,"4","2020-2024 5yr"
"36081018402",2855,479,89766,682,2847,320,0.112399016508606,312,0.109281961471103,2855,349,134,0.122241681260946,"4","2020-2024 5yr"
"36081018501",3696,487,88027,1759,3696,371,0.100378787878788,539,0.145833333333333,3696,279,155,0.075487012987013,"4","2020-2024 5yr"
"36081018502",3071,349,112260,1577,3071,331,0.107782481276457,468,0.152393357212634,3071,216,130,0.0703353956366005,"4","2020-2024 5yr"
"36081018600",1886,389,94840,563,1886,253,0.134146341463415,202,0.107104984093319,1886,153,46,0.0811240721102863,"4","2020-2024 5yr"
"36081018700",2760,504,89479,986,2702,397,0.146928201332346,372,0.134782608695652,2760,304,148,0.110144927536232,"4","2020-2024 5yr"
"36081018800",1356,335,84688,396,1356,126,0.0929203539823009,205,0.15117994100295,1356,60,33,0.0442477876106195,"4","2020-2024 5yr"
"36081018900",3106,596,93333,1374,3102,283,0.0912314635718891,540,0.173857050869285,3106,205,200,0.0660012878300064,"4","2020-2024 5yr"
"36081019000",2736,391,87051,846,2736,294,0.107456140350877,366,0.133771929824561,2736,264,69,0.0964912280701754,"4","2020-2024 5yr"
"36081019200",2214,432,93403,683,2190,177,0.0808219178082192,301,0.135953026196929,2214,269,133,0.121499548328817,"4","2020-2024 5yr"
"36081019400",2977,411,100938,887,2962,251,0.0847400405131668,400,0.134363453140746,2970,275,60,0.0925925925925926,"4","2020-2024 5yr"
"36081019600",3175,693,72000,906,3168,823,0.259785353535354,321,0.101102362204724,3175,301,176,0.0948031496062992,"4","2020-2024 5yr"
"36081019800",3189,468,68828,1008,3144,281,0.0893765903307888,172,0.0539354029476325,3189,233,32,0.0730636563185952,"4","2020-2024 5yr"
"36081019901",459,97,NA,114,335,143,0.426865671641791,46,0.100217864923747,335,78,34,0.232835820895522,"4","2020-2024 5yr"
"36081019902",181,19,NA,8,165,115,0.696969696969697,0,0,181,30,0,0.165745856353591,"4","2020-2024 5yr"
"36081019903",0,14,NA,0,0,0,NA,0,NA,0,0,0,NA,"4","2020-2024 5yr"
"36081020200",1688,464,NA,426,1668,201,0.120503597122302,284,0.16824644549763,1688,83,65,0.0491706161137441,"4","2020-2024 5yr"
"36081020400",1986,426,63750,685,1967,338,0.171835282155567,351,0.176737160120846,1977,199,129,0.10065756196257,"4","2020-2024 5yr"
"36081020500",1324,279,76786,430,1324,72,0.054380664652568,173,0.130664652567976,1324,127,36,0.0959214501510574,"4","2020-2024 5yr"
"36081020600",1585,308,56667,462,1585,222,0.14006309148265,180,0.113564668769716,1585,103,67,0.0649842271293375,"4","2020-2024 5yr"
"36081020800",4190,814,60486,1388,4178,615,0.147199617041647,320,0.0763723150357995,4190,309,150,0.0737470167064439,"4","2020-2024 5yr"
"36081021200",2517,456,70776,674,2416,557,0.230546357615894,438,0.174016686531585,2517,254,146,0.100913786253476,"4","2020-2024 5yr"
"36081021400",5874,1225,87356,2280,5874,1047,0.178243105209397,854,0.145386448757235,5874,383,209,0.0652025876744978,"4","2020-2024 5yr"
"36081021601",2512,463,92609,1412,2449,75,0.0306247447937934,416,0.165605095541401,2449,237,129,0.0967741935483871,"4","2020-2024 5yr"
"36081021602",1479,455,73446,535,1445,166,0.114878892733564,383,0.25895875591616,1479,63,47,0.0425963488843813,"4","2020-2024 5yr"
"36081021603",0,14,NA,0,0,0,NA,0,NA,0,0,0,NA,"4","2020-2024 5yr"
"36081021900",0,14,NA,0,0,0,NA,0,NA,0,0,0,NA,"4","2020-2024 5yr"
"36081022001",6402,920,86915,2660,6402,1064,0.16619806310528,1007,0.157294595438925,6402,663,355,0.103561387066542,"4","2020-2024 5yr"
"36081022002",6098,1180,89600,2702,6097,943,0.154666229293095,1191,0.195309937684487,6098,469,263,0.0769104624467038,"4","2020-2024 5yr"
"36081022900",0,14,NA,0,0,0,NA,0,NA,0,0,0,NA,"4","2020-2024 5yr"
"36081023000",1848,389,118494,571,1848,64,0.0346320346320346,324,0.175324675324675,1840,244,132,0.132608695652174,"4","2020-2024 5yr"
"36081023200",4896,837,102386,1903,4638,582,0.125485122897801,1329,0.271446078431373,4638,616,496,0.132815868909013,"4","2020-2024 5yr"
"36081023501",3614,777,60044,1575,3614,684,0.189263973436635,605,0.167404537908135,3614,322,249,0.0890979524073049,"4","2020-2024 5yr"
"36081023502",2739,802,82676,1181,2739,425,0.155166119021541,291,0.106243154435926,2731,152,117,0.0556572683998535,"4","2020-2024 5yr"
"36081023600",3594,618,81557,1184,3580,598,0.167039106145251,560,0.155815247634947,3564,453,296,0.127104377104377,"4","2020-2024 5yr"
"36081023800",4502,631,59938,1517,4495,1044,0.232258064516129,622,0.138160817414482,4502,573,228,0.12727676588183,"4","2020-2024 5yr"
"36081024000",6558,1249,59421,2215,6530,800,0.122511485451761,1003,0.15294297041781,6556,515,202,0.0785539963392312,"4","2020-2024 5yr"
"36081024300",5607,694,60880,2344,5591,455,0.0813807905562511,1457,0.259853754235777,5607,548,310,0.0977349741394685,"4","2020-2024 5yr"
"36081024500",5102,976,62647,2198,5063,218,0.0430574758048588,1391,0.272638181105449,5102,699,464,0.137005096040768,"4","2020-2024 5yr"
"36081024600",0,14,NA,0,0,0,NA,0,NA,0,0,0,NA,"4","2020-2024 5yr"
"36081024700",1506,345,57143,480,1506,375,0.249003984063745,275,0.182602921646746,1506,99,90,0.0657370517928287,"4","2020-2024 5yr"
"36081024900",5228,1328,76987,2118,4967,257,0.0517414938594725,1070,0.204667176740627,4997,360,232,0.0720432259355613,"4","2020-2024 5yr"
"36081025100",5703,1027,90996,2535,5682,696,0.122492080253432,1123,0.196913904962301,5703,488,248,0.0855689987725758,"4","2020-2024 5yr"
"36081025301",3660,442,70664,1771,3660,493,0.134699453551913,741,0.202459016393443,3660,478,384,0.130601092896175,"4","2020-2024 5yr"
"36081025302",3026,851,66393,1267,3026,523,0.172835426305354,351,0.115994712491738,3026,190,112,0.0627891606080634,"4","2020-2024 5yr"
"36081025401",3750,1236,76434,997,3747,146,0.0389645049372832,289,0.0770666666666667,3750,238,171,0.0634666666666667,"4","2020-2024 5yr"
"36081025402",6013,1063,41822,2154,5962,1304,0.218718550821872,996,0.165641110926326,6013,913,637,0.151837685015799,"4","2020-2024 5yr"
"36081025500",1390,321,92260,494,1390,94,0.0676258992805755,185,0.133093525179856,1390,123,41,0.0884892086330935,"4","2020-2024 5yr"
"36081025700",1453,300,95139,595,1449,212,0.146307798481712,278,0.191328286304198,1453,44,35,0.0302821748107364,"4","2020-2024 5yr"
"36081025800",2693,586,107442,586,2693,273,0.101373932417378,357,0.132565911622726,2693,132,64,0.0490159673226885,"4","2020-2024 5yr"
"36081025900",3060,403,61289,1377,3060,248,0.0810457516339869,617,0.201633986928105,3060,246,152,0.0803921568627451,"4","2020-2024 5yr"
"36081026000",2894,636,63565,745,2894,519,0.179336558396683,333,0.115065653075328,2894,261,102,0.090186592950933,"4","2020-2024 5yr"
"36081026100",7175,1096,79419,2488,7139,432,0.0605126768454966,882,0.122926829268293,7175,285,141,0.0397212543554007,"4","2020-2024 5yr"
"36081026200",1554,470,83667,402,1542,281,0.182230869001297,228,0.146718146718147,1542,120,89,0.0778210116731518,"4","2020-2024 5yr"
"36081026300",4559,1185,87232,2113,4529,614,0.135570766173548,551,0.120859837683703,4559,207,116,0.0454046940118447,"4","2020-2024 5yr"
"36081026400",2479,441,86411,845,2454,240,0.097799511002445,492,0.198467123840258,2454,281,144,0.114506927465363,"4","2020-2024 5yr"
"36081026501",3031,529,73641,1151,3031,475,0.156713955790168,257,0.0847904981854174,3031,254,136,0.0838007258330584,"4","2020-2024 5yr"
"36081026502",1393,392,74643,420,1366,82,0.0600292825768668,80,0.0574300071787509,1393,25,19,0.0179468772433597,"4","2020-2024 5yr"
"36081026600",1941,433,55441,724,1916,424,0.221294363256785,546,0.28129829984544,1941,340,269,0.175167439464194,"4","2020-2024 5yr"
"36081026700",5219,645,58274,2474,5214,669,0.128308400460299,963,0.184518106917034,5214,267,141,0.0512082853855006,"4","2020-2024 5yr"
"36081026901",4532,698,58163,1522,4532,946,0.20873786407767,532,0.11738746690203,4532,278,161,0.0613415710503089,"4","2020-2024 5yr"
"36081026902",4447,610,53694,1483,4437,564,0.12711291413117,565,0.127051945131549,4437,438,300,0.0987153482082488,"4","2020-2024 5yr"
"36081027000",1937,608,110938,491,1937,100,0.0516262261228704,130,0.0671140939597315,1937,131,67,0.0676303562209603,"4","2020-2024 5yr"
"36081027101",5409,1042,54568,1813,5368,851,0.158532041728763,798,0.147531891292291,5409,686,434,0.126825660935478,"4","2020-2024 5yr"
"36081027102",2643,373,65786,973,2531,535,0.211378901619913,456,0.172531214528944,2643,126,57,0.0476730987514188,"4","2020-2024 5yr"
"36081027200",1921,437,97357,562,1921,179,0.0931806350858928,268,0.139510671525247,1916,201,105,0.104906054279749,"4","2020-2024 5yr"
"36081027301",3098,995,69631,911,3098,1016,0.327953518398967,187,0.0603615235635894,3098,351,113,0.113298902517753,"4","2020-2024 5yr"
"36081027302",3813,705,81532,1350,3807,736,0.193328079852903,608,0.159454497770784,3813,502,216,0.131654864935746,"4","2020-2024 5yr"
"36081027400",1871,341,65234,663,1871,346,0.184927846071619,286,0.152859433458044,1871,179,79,0.0956707642971673,"4","2020-2024 5yr"
"36081027500",6454,1078,66971,2335,6454,1559,0.241555624418965,1038,0.160830492717694,6454,643,289,0.099628137589092,"4","2020-2024 5yr"
"36081027600",1551,442,111250,385,1543,158,0.102397926117952,225,0.145067698259188,1551,305,87,0.196647324306899,"4","2020-2024 5yr"
"36081027701",3553,765,67602,1216,3553,331,0.0931607092597805,330,0.0928792569659443,3553,698,164,0.196453701097664,"4","2020-2024 5yr"
"36081027702",3397,757,69521,1551,3361,537,0.159773876822374,767,0.225787459523109,3397,388,138,0.114218428024728,"4","2020-2024 5yr"
"36081027800",2497,381,51992,873,2476,706,0.28513731825525,395,0.158189827793352,2497,427,143,0.171005206247497,"4","2020-2024 5yr"
"36081027900",8551,1825,81417,2404,8551,692,0.0809262074611157,1207,0.141153081510934,8551,969,484,0.113320079522863,"4","2020-2024 5yr"
"36081028000",1717,357,80286,556,1717,227,0.132207338380897,212,0.123471170646476,1717,176,50,0.102504368083867,"4","2020-2024 5yr"
"36081028100",6090,708,86631,2495,6090,634,0.104105090311987,1155,0.189655172413793,6090,973,530,0.159770114942529,"4","2020-2024 5yr"
"36081028200",2028,462,92368,562,2008,91,0.0453187250996016,143,0.0705128205128205,2028,160,52,0.0788954635108481,"4","2020-2024 5yr"
"36081028300",7578,1094,79340,3318,7575,888,0.117227722772277,1384,0.182633940353655,7578,1055,622,0.139218791237794,"4","2020-2024 5yr"
"36081028400",3343,641,72633,1127,3308,168,0.0507859733978235,770,0.230332037092432,3333,347,160,0.104110411041104,"4","2020-2024 5yr"
"36081028500",4811,826,126991,2195,4811,406,0.0843899397214716,1050,0.218249844107254,4811,503,258,0.104552068177094,"4","2020-2024 5yr"
"36081028700",6422,1220,83108,3010,6422,1477,0.229990657116163,1569,0.244316412332607,6422,684,450,0.106508875739645,"4","2020-2024 5yr"
"36081028801",2813,593,120234,829,2813,207,0.0735869178812655,299,0.106292214717384,2813,282,41,0.10024884464984,"4","2020-2024 5yr"
"36081028802",2343,567,89653,617,2310,302,0.130735930735931,369,0.157490396927017,2343,338,165,0.144259496372172,"4","2020-2024 5yr"
"36081028803",0,14,NA,0,0,0,NA,0,NA,0,0,0,NA,"4","2020-2024 5yr"
"36081028900",4859,1353,83870,2067,4859,439,0.0903478081909858,1009,0.207655896274954,4859,334,253,0.0687384235439391,"4","2020-2024 5yr"
"36081029100",6259,864,53384,2555,5962,650,0.109023817510902,1587,0.253554880971401,5993,491,268,0.0819289170699149,"4","2020-2024 5yr"
"36081029300",1214,226,70556,414,1214,68,0.0560131795716639,156,0.128500823723229,1214,69,39,0.056836902800659,"4","2020-2024 5yr"
"36081029400",8578,1369,102984,2630,8509,1206,0.141732283464567,1225,0.14280718116111,8578,1147,545,0.133714152483096,"4","2020-2024 5yr"
"36081029500",3527,569,81051,1871,3527,368,0.104337964275588,734,0.208108874397505,3527,353,261,0.100085058123051,"4","2020-2024 5yr"
"36081029700",2391,337,101538,718,2376,334,0.140572390572391,274,0.114596403178586,2389,162,65,0.0678107994976978,"4","2020-2024 5yr"
"36081029900",0,14,NA,0,0,0,NA,0,NA,0,0,0,NA,"4","2020-2024 5yr"
"36081030600",5516,840,111458,1451,5390,632,0.117254174397032,581,0.105329949238579,5473,485,177,0.0886168463365613,"4","2020-2024 5yr"
"36081030903",5176,953,75728,1736,5176,139,0.026854714064915,692,0.133693972179289,5176,480,146,0.0927357032457496,"4","2020-2024 5yr"
"36081030904",2721,467,58726,1200,2721,329,0.120911429621463,747,0.274531422271224,2721,254,173,0.0933480338110989,"4","2020-2024 5yr"
"36081030905",3780,861,74339,1225,3749,412,0.109895972259269,252,0.0666666666666667,3780,173,61,0.0457671957671958,"4","2020-2024 5yr"
"36081030906",4116,669,84907,1385,4096,299,0.072998046875,747,0.181486880466472,4116,390,176,0.0947521865889213,"4","2020-2024 5yr"
"36081031700",5965,1055,75591,2338,5882,1254,0.213192791567494,905,0.151718357082984,5965,450,308,0.0754400670578374,"4","2020-2024 5yr"
"36081032000",5501,620,100417,1323,5116,1211,0.236708365910868,609,0.110707144155608,5433,497,166,0.0914780047855697,"4","2020-2024 5yr"
"36081032700",3742,685,88167,1068,3742,176,0.0470336718332443,381,0.101817210048103,3742,187,87,0.049973276322822,"4","2020-2024 5yr"
"36081032800",2882,478,94398,910,2815,281,0.0998223801065719,527,0.182859125607217,2882,327,207,0.113462873004858,"4","2020-2024 5yr"
"36081032900",3715,536,66573,1174,3582,524,0.146286990508096,670,0.180349932705249,3715,339,215,0.0912516823687752,"4","2020-2024 5yr"
"36081033000",6943,1116,105013,2117,6920,572,0.0826589595375723,920,0.132507561572807,6943,735,218,0.105862019300014,"4","2020-2024 5yr"
"36081033100",0,14,NA,0,0,0,NA,0,NA,0,0,0,NA,"4","2020-2024 5yr"
"36081033401",3928,524,63892,1531,3928,657,0.167260692464358,577,0.146894093686354,3928,489,223,0.12449083503055,"4","2020-2024 5yr"
"36081033403",4328,676,53013,2276,4327,952,0.220013866420153,1031,0.238216266173752,4328,726,484,0.167744916820702,"4","2020-2024 5yr"
"36081033404",6091,1358,52574,2749,6091,994,0.163191594155311,1149,0.188638975537679,6066,882,402,0.14540059347181,"4","2020-2024 5yr"
"36081033405",3643,563,86065,1645,3573,234,0.0654911838790932,695,0.190776832281087,3643,523,364,0.143562997529509,"4","2020-2024 5yr"
"36081033700",2791,518,107750,870,2771,274,0.0988812702995309,305,0.109279828018631,2791,341,88,0.122178430670011,"4","2020-2024 5yr"
"36081033900",3166,538,69755,1240,3166,788,0.248894504106128,727,0.22962728995578,3166,264,167,0.0833859759949463,"4","2020-2024 5yr"
"36081034700",3976,709,77025,1025,3859,805,0.208603265094584,400,0.100603621730382,3976,265,86,0.0666498993963783,"4","2020-2024 5yr"
"36081035100",3598,515,85284,1450,3598,536,0.148971650917176,633,0.175931072818232,3598,368,162,0.102279043913285,"4","2020-2024 5yr"
"36081035200",2833,492,105139,784,2828,274,0.0968882602545969,471,0.166254853512178,2828,439,120,0.155233380480905,"4","2020-2024 5yr"
"36081035300",2143,557,104107,766,2143,96,0.0447970135324312,484,0.225851609892674,2143,162,102,0.0755949603359776,"4","2020-2024 5yr"
"36081035700",4448,808,93153,1209,4029,760,0.188632414991313,1152,0.258992805755396,4058,476,289,0.117299162148842,"4","2020-2024 5yr"
"36081035800",4547,717,97128,1315,4538,278,0.0612604671661525,606,0.133274686606554,4511,248,89,0.0549767235646198,"4","2020-2024 5yr"
"36081036100",2608,539,92500,768,2578,314,0.121799844840962,331,0.12691717791411,2608,161,95,0.0617331288343558,"4","2020-2024 5yr"
"36081036300",2033,354,76613,644,2032,240,0.118110236220472,197,0.0969011313330054,2033,192,56,0.0944417117560256,"4","2020-2024 5yr"
"36081036500",3289,607,72031,957,3289,588,0.178777743995135,255,0.0775311644876862,3278,442,131,0.13483831604637,"4","2020-2024 5yr"
"36081036600",3131,535,75395,1078,3126,372,0.119001919385797,696,0.222293197061642,3131,504,356,0.160970935803258,"4","2020-2024 5yr"
"36081036700",2935,489,78200,810,2919,422,0.144570058239123,238,0.0810902896081772,2928,428,54,0.146174863387978,"4","2020-2024 5yr"
"36081036800",2918,688,125882,804,2899,173,0.0596757502587099,293,0.100411240575737,2918,186,88,0.0637422892392049,"4","2020-2024 5yr"
"36081037100",1526,252,81607,607,1526,177,0.115989515072084,326,0.213630406290957,1526,114,84,0.0747051114023591,"4","2020-2024 5yr"
"36081037300",2420,555,59821,687,2393,299,0.124947764312578,256,0.105785123966942,2420,191,108,0.0789256198347107,"4","2020-2024 5yr"
"36081037501",1487,352,92647,346,1409,234,0.166075230660043,151,0.101546738399462,1487,117,87,0.0786819098856759,"4","2020-2024 5yr"
"36081037502",2669,760,70625,694,2669,433,0.162233046084676,309,0.115773698014238,2669,189,105,0.0708130385912327,"4","2020-2024 5yr"
"36081037600",6883,1266,112955,1954,6883,308,0.0447479296818248,795,0.115501961354061,6883,569,243,0.0826674415225919,"4","2020-2024 5yr"
"36081037700",3567,940,81797,857,3563,600,0.168397417906259,111,0.0311185870479394,3530,402,68,0.113881019830028,"4","2020-2024 5yr"
"36081037900",5841,1049,80927,1468,5841,620,0.106146207841123,332,0.0568395822633111,5841,251,50,0.0429720938195514,"4","2020-2024 5yr"
"36081038100",6999,1076,83654,1762,6895,1373,0.199129804205946,620,0.0885840834404915,6999,424,159,0.0605800828689813,"4","2020-2024 5yr"
"36081038301",0,14,NA,0,0,0,NA,0,NA,0,0,0,NA,"4","2020-2024 5yr"
"36081038302",0,14,NA,0,0,0,NA,0,NA,0,0,0,NA,"4","2020-2024 5yr"
"36081038400",2634,490,100337,879,2605,221,0.0848368522072937,573,0.21753986332574,2634,530,308,0.201214882308276,"4","2020-2024 5yr"
"36081039400",3289,518,100833,950,3230,734,0.227244582043344,597,0.181514138035877,3289,407,282,0.123745819397993,"4","2020-2024 5yr"
"36081039800",1485,333,86948,515,1463,141,0.0963773069036227,275,0.185185185185185,1485,161,98,0.108417508417508,"4","2020-2024 5yr"
"36081039901",2504,483,118319,523,2499,424,0.169667867146859,269,0.107428115015974,2504,119,40,0.0475239616613419,"4","2020-2024 5yr"
"36081039902",1982,455,58640,407,1960,637,0.325,188,0.094853683148335,1970,199,127,0.101015228426396,"4","2020-2024 5yr"
"36081040000",1410,315,112560,467,1410,58,0.0411347517730496,190,0.134751773049645,1410,178,97,0.126241134751773,"4","2020-2024 5yr"
"36081040101",2251,590,60338,658,2251,355,0.157707685473123,321,0.14260328742781,2251,349,222,0.155042203465127,"4","2020-2024 5yr"
"36081040102",3966,759,75660,1102,3966,898,0.226424609178013,287,0.0723651033787191,3966,234,90,0.0590015128593041,"4","2020-2024 5yr"
"36081040200",1557,366,103214,502,1557,120,0.0770712909441233,235,0.150931278098908,1557,239,125,0.153500321130379,"4","2020-2024 5yr"
"36081040301",2603,595,37018,881,2590,566,0.218532818532819,242,0.0929696504033807,2603,216,128,0.0829811755666539,"4","2020-2024 5yr"
"36081040302",4409,883,70179,1088,4355,949,0.217910447761194,355,0.0805171240644137,4409,623,124,0.141301882513042,"4","2020-2024 5yr"
"36081040400",3671,552,87917,1357,3671,320,0.0871697085262871,880,0.23971669844729,3671,566,294,0.15418142195587,"4","2020-2024 5yr"
"36081040501",964,351,102682,250,963,142,0.147455867082035,23,0.0238589211618257,964,104,15,0.107883817427386,"4","2020-2024 5yr"
"36081040502",1686,551,74091,506,1686,233,0.138196915776987,203,0.120403321470937,1686,74,44,0.0438908659549229,"4","2020-2024 5yr"
"36081040701",3181,955,77944,777,3014,1107,0.36728599867286,157,0.0493555485696322,3181,455,77,0.143036780886514,"4","2020-2024 5yr"
"36081040702",4430,1082,99722,1074,4406,598,0.135724012709941,664,0.149887133182844,4430,302,221,0.0681715575620768,"4","2020-2024 5yr"
"36081040901",1818,460,83320,445,1818,182,0.1001100110011,195,0.107260726072607,1818,156,20,0.0858085808580858,"4","2020-2024 5yr"
"36081040902",2972,750,84091,780,2950,280,0.0949152542372881,171,0.0575370121130552,2972,214,78,0.0720053835800808,"4","2020-2024 5yr"
"36081041100",4250,856,73899,1225,4250,770,0.181176470588235,405,0.0952941176470588,4250,541,265,0.127294117647059,"4","2020-2024 5yr"
"36081041300",4596,944,72519,1059,4572,1541,0.337051618547682,521,0.113359442993908,4596,203,27,0.0441688424717145,"4","2020-2024 5yr"
"36081041400",4561,763,92939,1390,4561,810,0.177592633194475,563,0.123437842578382,4561,378,218,0.0828765621574216,"4","2020-2024 5yr"
"36081041500",3999,954,63411,1315,3936,923,0.234502032520325,372,0.0930232558139535,3999,384,263,0.0960240060015004,"4","2020-2024 5yr"
"36081042400",2652,407,95855,864,2637,46,0.0174440652256352,398,0.150075414781297,2652,224,162,0.0844645550527904,"4","2020-2024 5yr"
"36081042600",445,8,NA,0,152,101,0.664473684210526,295,0.662921348314607,152,72,37,0.473684210526316,"4","2020-2024 5yr"
"36081042700",4260,797,70921,1498,4192,754,0.17986641221374,614,0.144131455399061,4260,670,391,0.157276995305164,"4","2020-2024 5yr"
"36081043200",1200,272,92750,363,1195,127,0.106276150627615,263,0.219166666666667,1195,98,73,0.0820083682008368,"4","2020-2024 5yr"
"36081043400",1962,423,95057,559,1962,284,0.144750254841998,292,0.148827726809378,1962,82,69,0.0417940876656473,"4","2020-2024 5yr"
"36081043701",3468,601,60188,828,2940,684,0.23265306122449,615,0.177335640138408,2967,595,122,0.200539265251095,"4","2020-2024 5yr"
"36081043702",5982,992,66731,2170,5850,1070,0.182905982905983,1841,0.307756603142762,5982,1019,548,0.170344366432631,"4","2020-2024 5yr"
"36081043900",4150,729,68922,1114,4110,772,0.187834549878345,278,0.0669879518072289,4150,332,120,0.08,"4","2020-2024 5yr"
"36081044000",3824,912,67463,1099,3821,221,0.057838262235017,345,0.0902196652719665,3821,160,73,0.041873855011777,"4","2020-2024 5yr"
"36081044301",4217,1031,36467,1377,3944,837,0.212221095334686,898,0.212947593075646,4215,994,616,0.23582443653618,"4","2020-2024 5yr"
"36081044302",4864,836,62731,1473,4848,1109,0.228754125412541,982,0.201891447368421,4864,622,369,0.127878289473684,"4","2020-2024 5yr"
"36081044400",4178,853,46434,1436,4139,882,0.213094950471128,544,0.130205840114888,4178,462,219,0.110579224509335,"4","2020-2024 5yr"
"36081044601",3779,389,57614,1218,3673,788,0.214538524367002,590,0.156125959248478,3774,463,222,0.122681505034446,"4","2020-2024 5yr"
"36081044602",4774,790,45688,1544,4754,1474,0.310054690786706,433,0.0906996229576875,4774,1035,109,0.216799329702555,"4","2020-2024 5yr"
"36081044800",2871,536,72371,933,2871,263,0.0916057122953675,589,0.205154998258447,2871,384,238,0.133751306165099,"4","2020-2024 5yr"
"36081045000",2088,507,148424,803,2088,164,0.078544061302682,253,0.121168582375479,2088,141,95,0.0675287356321839,"4","2020-2024 5yr"
"36081045200",911,284,76071,174,590,74,0.125423728813559,341,0.374313940724479,590,51,18,0.0864406779661017,"4","2020-2024 5yr"
"36081045400",4950,1077,84100,1752,4935,865,0.175278622087133,830,0.167676767676768,4950,1190,322,0.24040404040404,"4","2020-2024 5yr"
"36081045500",12747,1637,80100,4493,12747,2077,0.162940299678356,1695,0.132972464109202,12747,2302,917,0.18059151172825,"4","2020-2024 5yr"
"36081045600",1183,330,75357,408,1183,64,0.0540997464074387,310,0.262045646661031,1183,95,71,0.0803043110735418,"4","2020-2024 5yr"
"36081045700",3185,596,82176,1173,3185,294,0.0923076923076923,482,0.151334379905808,3185,183,122,0.0574568288854003,"4","2020-2024 5yr"
"36081045800",2347,361,79236,685,2347,170,0.0724328930549638,367,0.156369833830422,2347,101,38,0.0430336599914785,"4","2020-2024 5yr"
"36081045900",3480,655,72279,1091,3480,407,0.116954022988506,409,0.117528735632184,3480,128,77,0.0367816091954023,"4","2020-2024 5yr"
"36081046000",6027,892,57184,1871,5945,1326,0.223044575273339,942,0.156296665007466,6027,676,372,0.11216193794591,"4","2020-2024 5yr"
"36081046100",2739,471,77000,690,2728,341,0.125,385,0.140562248995984,2739,283,148,0.103322380430814,"4","2020-2024 5yr"
"36081046200",6102,1199,60647,2043,5901,636,0.107778342653787,990,0.162241887905605,5901,676,233,0.114556854770378,"4","2020-2024 5yr"
"36081046300",4020,555,75539,1071,3993,496,0.124217380415728,337,0.0838308457711443,4020,209,76,0.0519900497512438,"4","2020-2024 5yr"
"36081046400",1998,347,118472,525,1684,177,0.105106888361045,203,0.101601601601602,1997,157,35,0.0786179268903355,"4","2020-2024 5yr"
"36081046500",4147,1156,94125,989,4098,1213,0.295998047828209,218,0.0525681215336388,4147,274,99,0.0660718591753074,"4","2020-2024 5yr"
"36081046600",4066,803,76885,1433,4066,745,0.183226758484998,682,0.167732415150025,4066,486,205,0.11952779144122,"4","2020-2024 5yr"
"36081046700",6774,1181,77246,1970,6679,607,0.0908818685431951,488,0.072040153528196,6774,357,184,0.0527015057573074,"4","2020-2024 5yr"
"36081046800",3763,710,83388,997,3653,444,0.121543936490556,657,0.174594738240765,3757,343,234,0.0912962470055896,"4","2020-2024 5yr"
"36081046901",4691,1065,73538,1347,4691,658,0.140268599445747,714,0.152206352590066,4691,854,379,0.182050735450863,"4","2020-2024 5yr"
"36081046902",3177,565,68353,1078,3177,620,0.195152659741895,417,0.131255901794145,3177,259,137,0.0815234497954045,"4","2020-2024 5yr"
"36081047000",3187,587,72955,990,3181,535,0.168186104998428,808,0.253529965484782,3187,523,364,0.16410417320364,"4","2020-2024 5yr"
"36081047100",4244,659,60616,1484,4217,580,0.137538534503201,794,0.187087653157399,4244,189,86,0.0445334590009425,"4","2020-2024 5yr"
"36081047200",3655,637,128274,1295,3338,232,0.0695026962252846,1144,0.312995896032832,3349,296,185,0.0883845924156465,"4","2020-2024 5yr"
"36081047300",4242,558,72441,1767,4209,473,0.112378237110953,697,0.164309288071664,4242,683,237,0.161008958038661,"4","2020-2024 5yr"
"36081047500",5006,645,86271,1769,4940,568,0.11497975708502,856,0.170994806232521,5006,528,217,0.105473431881742,"4","2020-2024 5yr"
"36081047600",1604,384,115335,525,1604,61,0.0380299251870324,322,0.20074812967581,1604,198,87,0.123441396508728,"4","2020-2024 5yr"
"36081047801",4075,666,56848,2002,4074,640,0.157093765341188,963,0.236319018404908,4074,429,290,0.105301914580265,"4","2020-2024 5yr"
"36081047802",1422,409,116198,369,1422,168,0.118143459915612,290,0.20393811533052,1422,265,161,0.186357243319269,"4","2020-2024 5yr"
"36081047900",6032,1045,87515,1899,5907,1247,0.211105468088708,920,0.152519893899204,6032,500,251,0.0828912466843501,"4","2020-2024 5yr"
"36081048000",2370,420,86250,745,2345,393,0.167590618336887,628,0.264978902953587,2370,380,280,0.160337552742616,"4","2020-2024 5yr"
"36081048100",6551,1088,73983,1811,6277,1187,0.189103074717222,1307,0.199511524958022,6361,715,528,0.112403710108474,"4","2020-2024 5yr"
"36081048200",1311,228,110729,413,1255,89,0.0709163346613546,247,0.188405797101449,1255,173,49,0.137848605577689,"4","2020-2024 5yr"
"36081048301",2061,360,60568,769,2061,307,0.148956817079088,291,0.141193595342067,2061,253,178,0.122755943716642,"4","2020-2024 5yr"
"36081048302",1719,448,85724,654,1719,70,0.0407213496218732,213,0.1239092495637,1719,86,38,0.0500290866783013,"4","2020-2024 5yr"
"36081048400",4942,875,86726,1339,4692,442,0.0942028985507246,807,0.163294212869284,4942,565,315,0.114326183731283,"4","2020-2024 5yr"
"36081048500",5205,834,77614,1685,5205,728,0.139865513928914,643,0.123535062439962,5205,346,157,0.0664745437079731,"4","2020-2024 5yr"
"36081048900",1838,433,61552,582,1820,308,0.169230769230769,199,0.108269858541893,1838,79,40,0.0429815016322089,"4","2020-2024 5yr"
"36081049201",2545,377,60797,1316,2544,419,0.164701257861635,504,0.19803536345776,2544,283,168,0.11124213836478,"4","2020-2024 5yr"
"36081049202",2338,669,107063,577,2338,462,0.197604790419162,355,0.151839178785287,2338,234,107,0.100085543199316,"4","2020-2024 5yr"
"36081049301",2306,396,86429,772,2293,436,0.190143916266899,456,0.19774501300954,2260,137,78,0.0606194690265487,"4","2020-2024 5yr"
"36081049302",3320,607,59940,1018,3042,691,0.22715318869165,550,0.16566265060241,3150,342,148,0.108571428571429,"4","2020-2024 5yr"
"36081049500",1272,315,92800,526,1272,197,0.154874213836478,226,0.177672955974843,1272,106,53,0.0833333333333333,"4","2020-2024 5yr"
"36081049600",3040,518,91991,867,3040,237,0.0779605263157895,507,0.166776315789474,3040,335,139,0.110197368421053,"4","2020-2024 5yr"
"36081049700",2693,548,86031,903,2693,224,0.0831786112142592,429,0.159301893798737,2693,280,73,0.103973264017824,"4","2020-2024 5yr"
"36081049900",5121,880,85045,1459,5119,602,0.117601093963665,443,0.086506541691076,5115,267,110,0.0521994134897361,"4","2020-2024 5yr"
"36081050000",4434,601,68850,1555,4130,440,0.106537530266344,617,0.13915200721696,4139,367,179,0.088668760570186,"4","2020-2024 5yr"
"36081050201",1358,371,90972,439,1358,96,0.0706921944035346,226,0.166421207658321,1358,228,108,0.167893961708395,"4","2020-2024 5yr"
"36081050202",1398,242,85147,448,1398,259,0.185264663805436,252,0.180257510729614,1398,161,115,0.11516452074392,"4","2020-2024 5yr"
"36081050400",1733,331,131168,545,1729,144,0.0832851359167149,223,0.12867859203693,1733,187,52,0.107905366416619,"4","2020-2024 5yr"
"36081050500",1749,438,113438,612,1749,57,0.032590051457976,253,0.144654088050314,1749,397,149,0.226986849628359,"4","2020-2024 5yr"
"36081050600",1504,307,93000,446,1504,195,0.129654255319149,393,0.261303191489362,1504,134,57,0.0890957446808511,"4","2020-2024 5yr"
"36081050700",3305,496,84476,1293,3305,379,0.114674735249622,942,0.285022692889561,3305,402,208,0.121633888048411,"4","2020-2024 5yr"
"36081050800",2035,481,77040,667,2035,215,0.105651105651106,363,0.178378378378378,2035,279,92,0.137100737100737,"4","2020-2024 5yr"
"36081051000",1490,377,85179,427,1490,344,0.230872483221477,205,0.13758389261745,1490,119,69,0.0798657718120805,"4","2020-2024 5yr"
"36081051100",2494,426,92647,840,2494,272,0.10906174819567,398,0.159582999198075,2494,175,35,0.070168404170008,"4","2020-2024 5yr"
"36081051200",2683,474,122778,742,2682,338,0.126025354213274,464,0.172940737979873,2683,209,98,0.077897875512486,"4","2020-2024 5yr"
"36081051300",2621,404,83618,811,2621,382,0.145745898512018,307,0.117130866081648,2621,208,71,0.0793590232735597,"4","2020-2024 5yr"
"36081051500",3062,562,102833,1192,3062,143,0.0467015022860875,571,0.18647942521228,3062,212,148,0.0692357935989549,"4","2020-2024 5yr"
"36081051600",2161,528,107500,606,2161,201,0.0930124942156409,352,0.162887552059232,2152,254,173,0.118029739776952,"4","2020-2024 5yr"
"36081051700",2068,360,113125,819,2068,206,0.0996131528046422,286,0.138297872340426,2068,256,155,0.123791102514507,"4","2020-2024 5yr"
"36081051800",2186,530,124423,612,2186,140,0.0640439158279963,260,0.118938700823422,2186,170,93,0.0777676120768527,"4","2020-2024 5yr"
"36081052000",1753,335,105163,511,1725,79,0.0457971014492754,275,0.15687393040502,1741,207,116,0.11889718552556,"4","2020-2024 5yr"
"36081052100",1841,407,84009,669,1841,319,0.173275393807713,281,0.15263443780554,1841,165,76,0.0896252036936448,"4","2020-2024 5yr"
"36081052200",2233,293,86818,550,2233,383,0.171518137035378,332,0.148678907299597,2233,195,70,0.0873264666368115,"4","2020-2024 5yr"
"36081052400",2150,337,112838,554,2150,221,0.102790697674419,264,0.122790697674419,2150,214,96,0.0995348837209302,"4","2020-2024 5yr"
"36081052500",2152,364,77037,826,2152,150,0.0697026022304833,355,0.16496282527881,2152,199,122,0.0924721189591078,"4","2020-2024 5yr"
"36081052600",2352,390,96695,754,2324,253,0.108864027538726,322,0.136904761904762,2352,149,76,0.0633503401360544,"4","2020-2024 5yr"
"36081052800",1577,383,79542,537,1577,178,0.11287254280279,290,0.183893468611287,1577,190,95,0.120481927710843,"4","2020-2024 5yr"
"36081053000",2510,543,102381,658,2510,220,0.0876494023904383,354,0.141035856573705,2510,302,151,0.120318725099602,"4","2020-2024 5yr"
"36081053100",3244,572,73938,1385,3244,327,0.100801479654747,588,0.181257706535142,3244,366,147,0.112823674475956,"4","2020-2024 5yr"
"36081053200",2163,387,97419,620,2138,243,0.113657623947615,342,0.158113730929265,2163,154,114,0.0711974110032362,"4","2020-2024 5yr"
"36081053401",1968,501,103594,599,1968,74,0.0376016260162602,418,0.21239837398374,1968,208,119,0.105691056910569,"4","2020-2024 5yr"
"36081053501",1162,421,73042,513,1150,250,0.217391304347826,55,0.0473321858864028,1162,54,9,0.0464716006884682,"4","2020-2024 5yr"
"36081053502",0,14,NA,0,0,0,NA,0,NA,0,0,0,NA,"4","2020-2024 5yr"
"36081053601",1761,515,NA,714,1761,294,0.166950596252129,647,0.36740488358887,1761,456,392,0.258943781942078,"4","2020-2024 5yr"
"36081053800",1714,345,121034,424,1700,89,0.0523529411764706,314,0.183197199533256,1714,211,120,0.123103850641774,"4","2020-2024 5yr"
"36081053901",4129,580,91027,1625,4128,491,0.118943798449612,408,0.0988132719786873,4112,656,184,0.159533073929961,"4","2020-2024 5yr"
"36081053902",27,23,NA,8,27,0,0,0,0,27,0,0,0,"4","2020-2024 5yr"
"36081054000",4325,604,102174,1444,4325,536,0.12393063583815,1032,0.238612716763006,4240,615,354,0.145047169811321,"4","2020-2024 5yr"
"36081054200",5520,1053,94125,1588,5358,425,0.0793206420306084,1280,0.231884057971014,5517,556,275,0.100779409099148,"4","2020-2024 5yr"
"36081054500",3675,685,66076,1398,3675,339,0.0922448979591837,470,0.127891156462585,3675,388,164,0.105578231292517,"4","2020-2024 5yr"
"36081054700",5210,863,119732,1474,5142,432,0.0840140023337223,486,0.0932821497120921,5210,337,159,0.0646833013435701,"4","2020-2024 5yr"
"36081054800",2382,314,84601,686,2382,253,0.106213266162888,539,0.226280436607893,2376,297,96,0.125,"4","2020-2024 5yr"
"36081054900",5287,826,104821,1555,5227,523,0.100057394298833,338,0.0639303953092491,5281,241,122,0.0456352963453891,"4","2020-2024 5yr"
"36081055100",4363,543,80268,1605,4276,727,0.170018709073901,458,0.104973641989457,4363,442,135,0.101306440522576,"4","2020-2024 5yr"
"36081055200",2913,680,71213,983,2873,275,0.0957187608771319,582,0.199794026776519,2873,358,170,0.124608423250957,"4","2020-2024 5yr"
"36081055300",2911,526,90114,1013,2911,290,0.0996221229817932,205,0.0704225352112676,2904,212,62,0.0730027548209366,"4","2020-2024 5yr"
"36081055400",2599,484,89375,787,2599,414,0.15929203539823,430,0.165448249326664,2599,251,120,0.0965756060023086,"4","2020-2024 5yr"
"36081055500",2295,423,86667,788,2269,260,0.114587924195681,297,0.129411764705882,2256,162,80,0.0718085106382979,"4","2020-2024 5yr"
"36081055600",2233,438,135052,669,2233,66,0.0295566502463054,459,0.205553067622033,2233,204,123,0.0913569189431258,"4","2020-2024 5yr"
"36081055700",3386,626,101636,1355,3386,323,0.0953927938570585,625,0.184583579444773,3386,202,142,0.0596574128765505,"4","2020-2024 5yr"
"36081055800",1649,341,78672,677,1649,103,0.0624620982413584,378,0.229229836264403,1649,280,61,0.169799878714372,"4","2020-2024 5yr"
"36081055900",1129,272,70481,388,1129,182,0.161204605845881,220,0.194862710363153,1129,171,68,0.151461470327724,"4","2020-2024 5yr"
"36081056000",1695,331,139615,450,1690,115,0.0680473372781065,344,0.202949852507375,1695,222,134,0.130973451327434,"4","2020-2024 5yr"
"36081056100",12,16,NA,4,12,0,0,0,0,12,0,0,0,"4","2020-2024 5yr"
"36081056200",1399,286,102125,511,1399,6,0.00428877769835597,425,0.303788420300214,1399,223,154,0.15939957112223,"4","2020-2024 5yr"
"36081056400",1580,335,95000,514,1580,210,0.132911392405063,311,0.196835443037975,1580,204,58,0.129113924050633,"4","2020-2024 5yr"
"36081056500",1850,312,129647,608,1850,58,0.0313513513513514,170,0.0918918918918919,1850,161,72,0.087027027027027,"4","2020-2024 5yr"
"36081056600",1546,426,71974,464,1546,377,0.24385510996119,532,0.344113842173351,1546,248,169,0.160413971539457,"4","2020-2024 5yr"
"36081056700",4601,903,111477,1640,4601,203,0.0441208432949359,653,0.141925668332971,4601,248,119,0.0539013257987394,"4","2020-2024 5yr"
"36081056800",4373,727,101321,1573,4351,418,0.0960698689956332,907,0.207409101303453,4364,767,280,0.175756186984418,"4","2020-2024 5yr"
"36081057700",3926,762,75750,1437,3926,520,0.132450331125828,381,0.0970453387671931,3926,324,105,0.0825267447784004,"4","2020-2024 5yr"
"36081057900",1671,331,76023,665,1671,157,0.0939557151406343,259,0.154997007779773,1671,134,92,0.0801915020945542,"4","2020-2024 5yr"
"36081058000",4287,932,139342,1062,4287,153,0.0356892932120364,977,0.227898297177513,4287,541,338,0.126195474690926,"4","2020-2024 5yr"
"36081058100",2779,687,78950,1219,2779,226,0.0813242173443685,423,0.152213026268442,2779,340,198,0.122346167686218,"4","2020-2024 5yr"
"36081058200",5141,1011,123583,1478,5092,285,0.0559701492537313,984,0.191402450885042,5112,404,214,0.0790297339593114,"4","2020-2024 5yr"
"36081058300",3495,529,109327,1397,3495,412,0.117882689556509,513,0.146781115879828,3495,383,169,0.109585121602289,"4","2020-2024 5yr"
"36081058500",4010,520,101157,1623,4010,242,0.0603491271820449,392,0.0977556109725686,4010,413,123,0.102992518703242,"4","2020-2024 5yr"
"36081058700",3486,476,100385,1410,3486,341,0.097819850831899,397,0.113884107860011,3486,250,114,0.0717154331612163,"4","2020-2024 5yr"
"36081058900",4618,669,60224,1905,4595,1299,0.282698585418934,426,0.0922477262884366,4618,425,98,0.092031182330013,"4","2020-2024 5yr"
"36081059000",1258,315,93750,391,1258,111,0.0882352941176471,238,0.189189189189189,1258,61,35,0.048489666136725,"4","2020-2024 5yr"
"36081059100",4799,901,53832,2133,4799,1252,0.260887684934361,606,0.126276307564076,4799,356,229,0.0741821212752657,"4","2020-2024 5yr"
"36081059200",1240,259,77857,444,1240,277,0.223387096774194,272,0.219354838709677,1240,215,141,0.173387096774194,"4","2020-2024 5yr"
"36081059300",4040,712,90975,1646,4040,811,0.200742574257426,564,0.13960396039604,4040,94,37,0.0232673267326733,"4","2020-2024 5yr"
"36081059400",1667,365,134297,533,1667,17,0.0101979604079184,398,0.23875224955009,1667,188,126,0.112777444511098,"4","2020-2024 5yr"
"36081059501",1903,271,80515,760,1903,222,0.116657908565423,365,0.191802417235943,1903,292,146,0.153441933788755,"4","2020-2024 5yr"
"36081059502",2676,667,75833,908,2674,608,0.227374719521316,378,0.141255605381166,2674,270,107,0.100972326103216,"4","2020-2024 5yr"
"36081059600",1674,375,92162,568,1674,240,0.14336917562724,362,0.216248506571087,1674,357,233,0.21326164874552,"4","2020-2024 5yr"
"36081059800",1691,566,96250,553,1670,92,0.0550898203592814,350,0.206978119455943,1691,159,81,0.0940272028385571,"4","2020-2024 5yr"
"36081059900",1493,329,120979,451,1492,141,0.0945040214477212,202,0.135298057602143,1493,180,73,0.120562625586068,"4","2020-2024 5yr"
"36081060000",1132,182,129519,451,1132,73,0.0644876325088339,359,0.317137809187279,1132,131,99,0.115724381625442,"4","2020-2024 5yr"
"36081060100",2084,387,75811,845,2084,97,0.0465451055662188,409,0.196257197696737,2084,193,152,0.0926103646833013,"4","2020-2024 5yr"
"36081060300",1924,361,95909,762,1924,176,0.0914760914760915,366,0.19022869022869,1924,311,187,0.161642411642412,"4","2020-2024 5yr"
"36081060600",1176,209,131250,501,1176,59,0.0501700680272109,212,0.180272108843537,1176,100,51,0.0850340136054422,"4","2020-2024 5yr"
"36081060701",0,14,NA,0,0,0,NA,0,NA,0,0,0,NA,"4","2020-2024 5yr"
"36081060800",1592,305,115000,506,1464,108,0.0737704918032787,252,0.158291457286432,1592,251,36,0.157663316582915,"4","2020-2024 5yr"
"36081061000",1318,247,97788,415,1261,112,0.0888183980967486,457,0.346737481031866,1308,160,125,0.122324159021407,"4","2020-2024 5yr"
"36081061200",1839,524,133214,510,1839,73,0.0396954866775421,560,0.304513322457858,1839,336,178,0.182707993474715,"4","2020-2024 5yr"
"36081061301",5205,967,93669,1810,5205,606,0.1164265129683,426,0.0818443804034582,5205,447,94,0.085878962536023,"4","2020-2024 5yr"
"36081061302",0,14,NA,0,0,0,NA,0,NA,0,0,0,NA,"4","2020-2024 5yr"
"36081061400",1357,351,132159,419,1357,90,0.0663227708179808,325,0.239498894620486,1357,177,92,0.130434782608696,"4","2020-2024 5yr"
"36081061601",2257,444,107838,760,2257,95,0.0420912715994683,485,0.214887018165707,2216,229,171,0.103339350180505,"4","2020-2024 5yr"
"36081061602",968,151,127857,384,968,29,0.0299586776859504,199,0.205578512396694,968,73,18,0.0754132231404959,"4","2020-2024 5yr"
"36081061800",2037,429,112868,711,2037,141,0.069219440353461,431,0.211585665193913,2037,220,42,0.108001963672067,"4","2020-2024 5yr"
"36081061900",3046,731,62083,1196,3046,542,0.177938279711097,550,0.180564674983585,3046,296,158,0.0971766250820748,"4","2020-2024 5yr"
"36081062000",1545,235,129457,524,1545,23,0.0148867313915858,417,0.269902912621359,1545,219,47,0.141747572815534,"4","2020-2024 5yr"
"36081062100",2667,580,77011,986,2646,369,0.139455782312925,591,0.221597300337458,2650,272,139,0.102641509433962,"4","2020-2024 5yr"
"36081062200",2069,438,122938,677,2069,172,0.08313194780087,600,0.289995166747221,2069,373,162,0.180280328661189,"4","2020-2024 5yr"
"36081062300",2111,379,77563,883,2111,374,0.177167219327333,341,0.16153481762198,2104,135,48,0.0641634980988593,"4","2020-2024 5yr"
"36081062400",0,14,NA,0,0,0,NA,0,NA,0,0,0,NA,"4","2020-2024 5yr"
"36081062500",2637,499,83631,959,2637,121,0.0458854759196056,606,0.229806598407281,2637,255,73,0.0967007963594994,"4","2020-2024 5yr"
"36081062600",3298,478,139602,937,3298,102,0.0309278350515464,347,0.105215281989084,3255,300,140,0.0921658986175115,"4","2020-2024 5yr"
"36081062700",2831,551,76439,1096,2831,218,0.0770045920169551,453,0.160014129282939,2831,325,137,0.114800423878488,"4","2020-2024 5yr"
"36081062900",3289,669,101097,1226,3289,329,0.10003040437823,553,0.168136211614472,3282,409,327,0.124619134673979,"4","2020-2024 5yr"
"36081063000",1614,377,120821,587,1614,53,0.0328376703841388,323,0.200123915737299,1614,259,122,0.160470879801735,"4","2020-2024 5yr"
"36081063200",2499,389,107672,720,2466,118,0.0478507704785077,352,0.140856342537015,2499,304,160,0.121648659463786,"4","2020-2024 5yr"
"36081063301",1584,409,142768,529,1565,45,0.0287539936102236,158,0.0997474747474748,1584,76,38,0.047979797979798,"4","2020-2024 5yr"
"36081063302",1862,568,102292,601,1862,168,0.0902255639097744,343,0.184210526315789,1862,236,164,0.126745435016112,"4","2020-2024 5yr"
"36081063500",2655,599,86219,933,2652,231,0.08710407239819,431,0.162335216572505,2642,209,107,0.079106737320212,"4","2020-2024 5yr"
"36081063700",3455,616,91488,1289,3311,611,0.184536393838719,960,0.277858176555716,3455,340,199,0.0984081041968162,"4","2020-2024 5yr"
"36081063800",3893,763,164604,1079,3893,407,0.104546622142307,760,0.195222193680966,3893,433,202,0.111225276136656,"4","2020-2024 5yr"
"36081063900",3113,708,102083,1014,3113,174,0.0558946353999358,530,0.170253774494057,3113,489,308,0.157083199486026,"4","2020-2024 5yr"
"36081064101",2328,294,99393,1033,2286,111,0.0485564304461942,528,0.22680412371134,2328,199,144,0.0854810996563574,"4","2020-2024 5yr"
"36081064102",0,14,NA,0,0,0,NA,0,NA,0,0,0,NA,"4","2020-2024 5yr"
"36081064500",2016,426,81250,821,2016,317,0.157242063492063,370,0.183531746031746,2016,241,101,0.119543650793651,"4","2020-2024 5yr"
"36081064600",3076,438,125875,1059,3076,147,0.0477893368010403,651,0.211638491547464,3076,257,184,0.0835500650195058,"4","2020-2024 5yr"
"36081065000",2862,472,133482,895,2773,160,0.0576992426974396,737,0.257512229210342,2862,282,146,0.0985324947589098,"4","2020-2024 5yr"
"36081065401",3098,474,104622,967,3085,394,0.127714748784441,578,0.186571981923822,3098,197,84,0.0635894125242092,"4","2020-2024 5yr"
"36081065402",0,14,NA,0,0,0,NA,0,NA,0,0,0,NA,"4","2020-2024 5yr"
"36081065501",0,14,NA,0,0,0,NA,0,NA,0,0,0,NA,"4","2020-2024 5yr"
"36081065600",5282,851,117800,1668,5282,353,0.0668307459295721,1004,0.1900795153351,5282,688,238,0.130253691783415,"4","2020-2024 5yr"
"36081065702",1264,175,74821,629,1264,45,0.0356012658227848,328,0.259493670886076,1264,111,63,0.0878164556962025,"4","2020-2024 5yr"
"36081065703",3229,940,122434,1060,3225,89,0.0275968992248062,1124,0.348095385568287,3229,418,245,0.129451842675751,"4","2020-2024 5yr"
"36081065900",1974,329,112917,669,1974,133,0.0673758865248227,300,0.151975683890578,1974,182,42,0.0921985815602837,"4","2020-2024 5yr"
"36081066000",3564,586,137843,1157,3535,40,0.0113154172560113,652,0.18294051627385,3564,562,215,0.157687991021324,"4","2020-2024 5yr"
"36081066100",1573,194,116806,637,1573,82,0.0521296884933249,435,0.276541640178004,1573,284,176,0.180546726001271,"4","2020-2024 5yr"
"36081066301",2712,328,92318,1005,2712,81,0.0298672566371681,693,0.255530973451327,2712,272,200,0.100294985250737,"4","2020-2024 5yr"
"36081066302",0,14,NA,0,0,0,NA,0,NA,0,0,0,NA,"4","2020-2024 5yr"
"36081066401",2241,794,110000,460,2224,253,0.113758992805755,249,0.111111111111111,2241,123,36,0.0548862115127175,"4","2020-2024 5yr"
"36081066402",3525,580,111494,1037,3470,209,0.0602305475504323,688,0.195177304964539,3525,330,147,0.0936170212765957,"4","2020-2024 5yr"
"36081066403",5738,1351,100441,1658,5738,1244,0.216800278842802,667,0.116242593238062,5738,621,211,0.10822586266992,"4","2020-2024 5yr"
"36081066404",0,14,NA,0,0,0,NA,0,NA,0,0,0,NA,"4","2020-2024 5yr"
"36081066501",4003,696,100391,1601,3959,164,0.0414246021722657,1020,0.254808893330003,4003,505,483,0.126155383462403,"4","2020-2024 5yr"
"36081066701",2576,582,103594,867,2576,249,0.0966614906832298,675,0.262034161490683,2576,364,220,0.141304347826087,"4","2020-2024 5yr"
"36081066900",1692,328,96484,639,1692,258,0.152482269503546,317,0.187352245862884,1685,108,74,0.0640949554896142,"4","2020-2024 5yr"
"36081067100",2339,337,121266,914,2279,167,0.0732777534006143,553,0.236425823001283,2339,272,213,0.116289012398461,"4","2020-2024 5yr"
"36081067700",1893,280,100313,696,1893,66,0.03486529318542,441,0.232963549920761,1893,185,100,0.0977284733227681,"4","2020-2024 5yr"
"36081067900",4303,503,78538,1678,3978,604,0.151835093011564,1009,0.234487566813851,3978,611,300,0.15359477124183,"4","2020-2024 5yr"
"36081068000",5594,764,133510,1706,5594,289,0.051662495530926,825,0.147479442259564,5594,326,238,0.058276725062567,"4","2020-2024 5yr"
"36081068200",1091,209,89732,371,1091,138,0.126489459211732,228,0.208982584784601,1091,100,42,0.0916590284142988,"4","2020-2024 5yr"
"36081068300",4059,472,85771,1571,4057,471,0.116095637170323,909,0.223946784922395,4057,414,288,0.102045846684742,"4","2020-2024 5yr"
"36081068700",4405,664,86193,1953,4405,333,0.0755959137343927,898,0.203859250851305,4405,497,363,0.112826333711691,"4","2020-2024 5yr"
"36081069000",3756,855,111464,1141,3756,178,0.0473908413205538,506,0.134717784877529,3756,278,173,0.0740149094781683,"4","2020-2024 5yr"
"36081069300",2902,596,57099,1248,2902,294,0.1013094417643,444,0.152997932460372,2902,280,133,0.0964851826326671,"4","2020-2024 5yr"
"36081069400",4091,603,117692,1198,4091,165,0.0403324370569543,592,0.144707895380103,4091,333,236,0.0813981911513078,"4","2020-2024 5yr"
"36081069500",2363,382,91591,880,2363,456,0.192975031739314,575,0.24333474396953,2363,284,214,0.120186203977994,"4","2020-2024 5yr"
"36081069701",4054,476,102500,1768,4054,168,0.0414405525407005,542,0.133695115934879,4054,397,255,0.097927972372965,"4","2020-2024 5yr"
"36081069702",4269,719,92489,1529,4138,472,0.11406476558724,984,0.230498945888967,4258,405,303,0.0951150775011743,"4","2020-2024 5yr"
"36081070300",2324,353,106250,917,2324,185,0.0796041308089501,687,0.295611015490534,2324,174,130,0.0748709122203098,"4","2020-2024 5yr"
"36081070700",2504,329,138237,985,2502,63,0.0251798561151079,651,0.259984025559105,2502,259,141,0.103517186250999,"4","2020-2024 5yr"
"36081070900",2765,541,117375,1146,2765,354,0.128028933092224,448,0.162025316455696,2765,140,92,0.0506329113924051,"4","2020-2024 5yr"
"36081071100",5759,575,100149,2966,5679,338,0.0595175206902624,1449,0.251606181628755,5679,794,340,0.13981334742032,"4","2020-2024 5yr"
"36081071303",5303,815,97563,2730,5303,506,0.0954176881010749,940,0.17725815576089,5303,342,159,0.0644917970959834,"4","2020-2024 5yr"
"36081071304",6352,691,100238,3100,6352,800,0.125944584382872,1768,0.278337531486146,6352,1157,794,0.182147355163728,"4","2020-2024 5yr"
"36081071305",6007,1179,118409,2416,6007,777,0.129349092725154,846,0.140835691693025,6007,670,222,0.111536540702514,"4","2020-2024 5yr"
"36081071306",7192,1213,88329,3117,7192,1228,0.170745272525028,1300,0.180756395995551,7156,930,562,0.129960871995528,"4","2020-2024 5yr"
"36081071600",0,14,NA,0,0,0,NA,0,NA,0,0,0,NA,"4","2020-2024 5yr"
"36081071701",4979,1017,67566,2405,4978,847,0.170148654077943,1552,0.31170917854991,4979,778,630,0.156256276360715,"4","2020-2024 5yr"
"36081071702",4448,500,87958,1937,4448,629,0.141411870503597,898,0.201888489208633,4448,785,428,0.17648381294964,"4","2020-2024 5yr"
"36081071900",3299,559,62408,1081,3299,757,0.229463473779933,471,0.14277053652622,3299,422,261,0.127917550772961,"4","2020-2024 5yr"
"36081072100",5595,958,100976,2132,5595,198,0.0353887399463807,1297,0.231814119749777,5595,713,567,0.127435210008937,"4","2020-2024 5yr"
"36081072300",2270,331,181250,878,2246,62,0.0276046304541407,533,0.234801762114537,2270,235,148,0.10352422907489,"4","2020-2024 5yr"
"36081072900",1406,258,104767,480,1405,166,0.118149466192171,270,0.19203413940256,1406,108,73,0.0768136557610242,"4","2020-2024 5yr"
"36081073100",1724,267,170913,577,1714,85,0.0495915985997666,240,0.139211136890951,1724,72,42,0.0417633410672854,"4","2020-2024 5yr"
"36081073700",2088,311,151731,1088,2088,9,0.00431034482758621,509,0.243773946360153,2088,94,89,0.0450191570881226,"4","2020-2024 5yr"
"36081073900",5420,638,116815,2626,5303,137,0.0258344333396191,916,0.1690036900369,5303,479,181,0.0903262304356025,"4","2020-2024 5yr"
"36081074100",3102,491,96894,1620,3102,338,0.10896196002579,653,0.210509348807221,3102,368,267,0.118633139909736,"4","2020-2024 5yr"
"36081074300",3953,775,66972,1673,3942,623,0.158041603247083,868,0.219580065772831,3953,335,207,0.0847457627118644,"4","2020-2024 5yr"
"36081074500",4275,749,63268,1693,4261,768,0.18023938042713,1019,0.238362573099415,4275,717,592,0.167719298245614,"4","2020-2024 5yr"
"36081074700",3681,578,99769,1360,3681,439,0.119261070361315,960,0.26079869600652,3681,549,263,0.149144254278729,"4","2020-2024 5yr"
"36081074900",1620,247,224313,571,1620,44,0.0271604938271605,275,0.169753086419753,1620,55,29,0.0339506172839506,"4","2020-2024 5yr"
"36081075701",5031,757,117361,2522,5031,432,0.0858676207513417,1119,0.22242098986285,5031,516,286,0.102564102564103,"4","2020-2024 5yr"
"36081075702",5237,1033,125316,2328,5012,288,0.057462090981644,1479,0.282413595569983,5056,734,560,0.145174050632911,"4","2020-2024 5yr"
"36081076901",5452,802,111389,2454,5452,248,0.045487894350697,1131,0.207446808510638,5452,419,274,0.0768525311812179,"4","2020-2024 5yr"
"36081076902",1570,336,134545,628,1570,71,0.0452229299363057,149,0.0949044585987261,1570,103,71,0.0656050955414013,"4","2020-2024 5yr"
"36081077300",2203,277,106964,1167,2203,133,0.0603722197004085,421,0.191103041307308,2203,280,169,0.127099409895597,"4","2020-2024 5yr"
"36081077500",2144,367,84427,1121,2144,186,0.0867537313432836,574,0.267723880597015,2144,365,225,0.170242537313433,"4","2020-2024 5yr"
"36081077902",5643,1071,102363,1829,5643,895,0.158603579656211,1046,0.185362395888712,5643,286,222,0.050682261208577,"4","2020-2024 5yr"
"36081077903",3410,757,96944,1160,3410,258,0.0756598240469208,464,0.136070381231672,3410,228,102,0.0668621700879765,"4","2020-2024 5yr"
"36081077904",5096,1237,107279,2081,5024,442,0.0879777070063694,941,0.184654631083203,5096,811,318,0.15914442700157,"4","2020-2024 5yr"
"36081077905",3284,740,94000,1384,3045,343,0.11264367816092,726,0.221071863580999,3284,359,271,0.10931790499391,"4","2020-2024 5yr"
"36081077906",3946,656,86324,1446,3944,404,0.102434077079108,813,0.206031424227065,3933,363,269,0.0922959572845156,"4","2020-2024 5yr"
"36081077907",3294,586,68226,1100,3118,271,0.086914688903143,748,0.227079538554948,3294,513,296,0.155737704918033,"4","2020-2024 5yr"
"36081077908",3061,419,79265,1194,2807,473,0.168507303170645,356,0.116301862136557,3061,431,125,0.140803658934989,"4","2020-2024 5yr"
"36081078800",2183,459,105529,609,2183,80,0.0366468163078333,362,0.165826843792945,2183,246,125,0.112688960146587,"4","2020-2024 5yr"
"36081079000",3137,463,97500,872,3082,551,0.178780012978585,428,0.136436085431941,3137,390,228,0.124322601211348,"4","2020-2024 5yr"
"36081079200",2732,428,71510,909,2667,461,0.172853393325834,436,0.159590043923865,2732,272,142,0.0995607613469985,"4","2020-2024 5yr"
"36081079300",0,14,NA,0,0,0,NA,0,NA,0,0,0,NA,"4","2020-2024 5yr"
"36081079701",6565,1140,62173,2999,6564,1100,0.167580743449116,1625,0.247524752475248,6549,1126,721,0.171934646510918,"4","2020-2024 5yr"
"36081079702",3627,638,48147,1683,3627,1239,0.341604631927213,860,0.237110559691205,3627,300,244,0.0827129859387924,"4","2020-2024 5yr"
"36081079900",3151,726,48980,1170,3148,1313,0.417090216010165,522,0.165661694700095,3148,295,153,0.093710292249047,"4","2020-2024 5yr"
"36081080301",3964,842,59817,1100,3964,581,0.14656912209889,335,0.084510595358224,3964,216,86,0.0544904137235116,"4","2020-2024 5yr"
"36081080302",3616,773,82358,938,3616,557,0.154037610619469,952,0.263274336283186,3616,549,409,0.151825221238938,"4","2020-2024 5yr"
"36081080900",7864,1044,55716,2640,7349,649,0.0883113348754933,1374,0.17472024415056,7864,829,320,0.105417090539166,"4","2020-2024 5yr"
"36081081400",3997,857,105179,1021,3997,728,0.182136602451839,602,0.15061295971979,3997,263,169,0.0657993495121341,"4","2020-2024 5yr"
"36081081800",3739,707,130457,1019,3688,404,0.109544468546638,730,0.195239368815191,3739,263,119,0.0703396630115004,"4","2020-2024 5yr"
"36081083700",5254,821,70028,1635,5243,576,0.109860766736601,1246,0.23715264560335,5254,549,297,0.104491815759421,"4","2020-2024 5yr"
"36081083800",5291,790,100354,1645,5272,375,0.0711305007587253,861,0.162729162729163,5291,548,247,0.103572103572104,"4","2020-2024 5yr"
"36081084000",6942,986,87614,2107,6942,972,0.140017286084702,1413,0.203543647363872,6942,897,365,0.129213483146067,"4","2020-2024 5yr"
"36081084500",4460,807,29552,2169,4455,1076,0.241526374859708,1642,0.368161434977578,4455,660,553,0.148148148148148,"4","2020-2024 5yr"
"36081084601",2687,420,102692,810,2679,101,0.0377006345651362,485,0.18049869743208,2687,265,163,0.0986229996278377,"4","2020-2024 5yr"
"36081084602",1600,497,91953,235,1400,394,0.281428571428571,108,0.0675,1600,259,53,0.161875,"4","2020-2024 5yr"
"36081084901",3038,751,95551,1095,3038,1040,0.342330480579329,537,0.176761026991442,3038,105,83,0.0345622119815668,"4","2020-2024 5yr"
"36081084902",3774,805,40901,1345,3774,1531,0.405670376258612,659,0.174615792262851,3774,430,303,0.113937466878643,"4","2020-2024 5yr"
"36081085300",4828,668,35985,2514,4828,861,0.178334714167357,1307,0.270712510356255,4828,983,587,0.203603976801988,"4","2020-2024 5yr"
"36081085500",5807,1195,42611,2498,5807,936,0.161184776993284,1579,0.271913208197004,5807,1035,633,0.178233166867574,"4","2020-2024 5yr"
"36081085700",5814,852,54914,2060,5525,812,0.146968325791855,1423,0.244754041967664,5520,717,587,0.129891304347826,"4","2020-2024 5yr"
"36081085900",5586,929,60460,2389,5584,1218,0.218123209169054,1465,0.262262799856785,5584,722,463,0.129297994269341,"4","2020-2024 5yr"
"36081086100",2007,399,42026,764,2007,530,0.264075734927753,640,0.318883906327853,2007,289,170,0.143996013951171,"4","2020-2024 5yr"
"36081086300",7479,1484,53839,2392,7393,1707,0.230894089003111,1389,0.185720016044926,7479,625,179,0.0835673218344699,"4","2020-2024 5yr"
"36081086400",2884,389,128398,823,2884,385,0.133495145631068,447,0.15499306518724,2884,332,220,0.115117891816921,"4","2020-2024 5yr"
"36081086500",4679,642,65433,2349,4669,672,0.143928035982009,1298,0.277409702927976,4679,810,732,0.173113913229323,"4","2020-2024 5yr"
"36081086900",1980,355,95469,908,1967,282,0.143365531265887,327,0.165151515151515,1980,123,90,0.0621212121212121,"4","2020-2024 5yr"
"36081087100",5400,545,52250,2526,5389,1316,0.244201150491742,1201,0.222407407407407,5400,602,430,0.111481481481481,"4","2020-2024 5yr"
"36081088400",8995,1340,96806,3288,8995,919,0.102167871039466,2384,0.265036131183991,8995,1757,948,0.195330739299611,"4","2020-2024 5yr"
"36081088902",6357,866,59200,2766,6357,1490,0.234387289602014,1325,0.208431650149442,6357,786,352,0.123643227937706,"4","2020-2024 5yr"
"36081088903",4707,906,53393,1568,4537,1035,0.228124311218867,1508,0.320373911196091,4537,573,345,0.126294908529866,"4","2020-2024 5yr"
"36081089201",9116,1661,155291,2727,9116,243,0.0266564282580079,1964,0.215445370776656,9116,1369,856,0.150175515577007,"4","2020-2024 5yr"
"36081089202",0,14,NA,0,0,0,NA,0,NA,0,0,0,NA,"4","2020-2024 5yr"
"36081090700",1533,283,101023,562,1533,114,0.0743639921722113,339,0.221135029354207,1533,106,54,0.0691454664057404,"4","2020-2024 5yr"
"36081091602",16,23,NA,5,16,0,0,0,0,16,0,0,0,"4","2020-2024 5yr"
"36081091603",4413,868,122443,1865,4413,294,0.0666213460231135,1173,0.265805574439157,4413,696,391,0.157715839564922,"4","2020-2024 5yr"
"36081091604",0,14,NA,0,0,0,NA,0,NA,0,0,0,NA,"4","2020-2024 5yr"
"36081091800",8,12,NA,4,8,0,0,8,1,8,8,8,1,"4","2020-2024 5yr"
"36081091900",5235,986,106612,1823,4722,686,0.145277424819992,1597,0.305062082139446,4722,347,230,0.0734858110969928,"4","2020-2024 5yr"
"36081092200",2338,338,175682,828,2338,85,0.0363558597091531,347,0.14841745081266,2338,151,113,0.0645851154833191,"4","2020-2024 5yr"
"36081092500",3799,771,64107,1186,3798,654,0.17219589257504,616,0.162147933666754,3799,424,157,0.111608317978415,"4","2020-2024 5yr"
"36081092800",3341,693,162798,1156,3341,148,0.0442981143370248,991,0.296617779108051,3341,161,111,0.0481891649206824,"4","2020-2024 5yr"
"36081092900",7003,1475,112324,2163,7003,557,0.0795373411395116,1389,0.198343567042696,7003,382,174,0.0545480508353563,"4","2020-2024 5yr"
"36081093401",4231,842,131471,1476,4120,523,0.126941747572816,1006,0.237768848971874,4218,508,170,0.120436225699384,"4","2020-2024 5yr"
"36081093402",4165,846,107371,1687,4165,409,0.0981992797118848,762,0.182953181272509,4165,631,225,0.151500600240096,"4","2020-2024 5yr"
"36081093800",5001,888,81573,2032,4527,496,0.109564833222885,1234,0.246750649870026,4527,712,256,0.157278550916722,"4","2020-2024 5yr"
"36081093900",5819,1251,79471,1768,5805,312,0.0537467700258398,931,0.159993125966661,5819,369,290,0.0634129575528441,"4","2020-2024 5yr"
"36081094201",3533,629,75966,1339,3436,731,0.212747380675204,695,0.196716671384093,3454,524,228,0.151708164447018,"4","2020-2024 5yr"
"36081094202",5623,751,56800,2140,5623,1751,0.311399608749778,469,0.0834074337542237,5623,689,231,0.12253245598435,"4","2020-2024 5yr"
"36081094203",5730,847,48482,2951,5729,703,0.122709024262524,1854,0.323560209424084,5730,1255,778,0.219022687609075,"4","2020-2024 5yr"
"36081094500",3958,594,79406,1375,3958,565,0.142748863062153,1331,0.336280949974735,3958,746,635,0.188479029813037,"4","2020-2024 5yr"
"36081094700",2773,534,85819,765,2755,349,0.126678765880218,337,0.121529029931482,2773,329,73,0.11864406779661,"4","2020-2024 5yr"
"36081095400",7184,1217,82053,2063,6993,1448,0.207064207064207,709,0.0986915367483296,6940,1202,161,0.173198847262248,"4","2020-2024 5yr"
"36081096400",6865,878,89432,2245,6591,1474,0.223638294644212,935,0.136198106336489,6614,713,127,0.107801632899909,"4","2020-2024 5yr"
"36081097202",3479,817,22500,1300,3479,1578,0.453578614544409,314,0.0902558206381144,3479,575,172,0.165277378557057,"4","2020-2024 5yr"
"36081097204",4254,681,73180,1315,3597,506,0.140672782874618,1039,0.244240714621533,3603,518,206,0.143769081321121,"4","2020-2024 5yr"
"36081097205",3318,293,21295,1294,3318,1926,0.580470162748644,338,0.101868595539482,3318,550,178,0.165762507534659,"4","2020-2024 5yr"
"36081097206",2635,596,34679,1342,2635,757,0.287286527514232,539,0.204554079696395,2635,468,144,0.177609108159393,"4","2020-2024 5yr"
"36081097207",0,14,NA,0,0,0,NA,0,NA,0,0,0,NA,"4","2020-2024 5yr"
"36081097300",2116,338,86008,803,2116,120,0.056710775047259,602,0.284499054820416,2116,262,194,0.123818525519849,"4","2020-2024 5yr"
"36081098100",2486,333,129250,891,2486,170,0.0683829444891392,396,0.15929203539823,2486,122,43,0.0490748189863234,"4","2020-2024 5yr"
"36081098700",2591,353,105313,1010,2591,214,0.0825935932072559,598,0.230798919336164,2591,226,187,0.0872250096487843,"4","2020-2024 5yr"
"36081099100",7613,1355,110250,2868,7613,329,0.0432155523446736,2510,0.329699198738999,7613,953,799,0.125180612110863,"4","2020-2024 5yr"
"36081099200",4359,696,36736,1579,4258,1815,0.426256458431188,713,0.163569626061023,4258,939,198,0.220526068576797,"4","2020-2024 5yr"
"36081099701",2507,456,93368,1138,2491,236,0.0947410678442393,745,0.29716792979657,2507,538,299,0.21459912245712,"4","2020-2024 5yr"
"36081099703",3931,501,122188,1837,3931,374,0.0951411854489952,1141,0.290256932078352,3931,388,205,0.0987026201984228,"4","2020-2024 5yr"
"36081099704",7118,1516,87323,3701,7118,792,0.111267209890419,2613,0.367097499297555,7118,1729,993,0.242905310480472,"4","2020-2024 5yr"
"36081099705",2813,624,117283,1208,2813,370,0.131532172058301,756,0.268752221827231,2813,368,229,0.130821187344472,"4","2020-2024 5yr"
"36081099801",9023,1782,70278,2612,8701,1439,0.165383289277095,1587,0.175883852377258,8710,1661,849,0.190700344431688,"4","2020-2024 5yr"
"36081099802",5375,958,41654,2822,5375,1473,0.274046511627907,1543,0.28706976744186,5375,1410,837,0.262325581395349,"4","2020-2024 5yr"
"36081099900",0,14,NA,0,0,0,NA,0,NA,0,0,0,NA,"4","2020-2024 5yr"
"36081100801",2911,787,136800,706,2911,143,0.0491240123668842,548,0.188251459979389,2911,405,164,0.139127447612504,"4","2020-2024 5yr"
"36081100803",4732,845,46534,1357,4637,970,0.209186974336856,834,0.176246830092984,4729,695,426,0.14696553182491,"4","2020-2024 5yr"
"36081100804",5308,1011,106235,1457,5213,466,0.0893919048532515,657,0.123775433308214,5308,500,140,0.094197437829691,"4","2020-2024 5yr"
"36081101002",6112,1328,77188,1874,6071,860,0.141657058145281,956,0.156413612565445,6071,865,472,0.142480645692637,"4","2020-2024 5yr"
"36081101003",4533,911,72254,1430,4188,807,0.19269340974212,842,0.185748952128833,4188,417,215,0.0995702005730659,"4","2020-2024 5yr"
"36081101004",6314,989,48236,2583,5524,1582,0.286386676321506,1707,0.270351599619892,5627,949,622,0.168651146259108,"4","2020-2024 5yr"
"36081101700",6826,971,110572,2519,6801,577,0.0848404646375533,1774,0.259888661002051,6806,627,384,0.0921245959447546,"4","2020-2024 5yr"
"36081102900",3814,588,102972,1575,3616,246,0.0680309734513274,597,0.156528578919769,3649,268,74,0.0734447793916141,"4","2020-2024 5yr"
"36081103201",6296,947,50123,1930,6293,2219,0.352614015572859,433,0.0687738246505718,6296,890,123,0.14135959339263,"4","2020-2024 5yr"
"36081103202",7864,1510,77069,2392,7684,1178,0.153305570015617,1063,0.135172939979654,7684,715,306,0.0930504945340968,"4","2020-2024 5yr"
"36081103300",4387,643,123810,1544,4387,435,0.0991565990426259,1124,0.256211534077958,4387,450,281,0.102575792113061,"4","2020-2024 5yr"
"36081103900",6540,1055,76587,2316,6539,551,0.0842636488759749,1555,0.237767584097859,6540,663,298,0.101376146788991,"4","2020-2024 5yr"
"36081104700",6679,1379,66683,2825,6679,1053,0.157658332085642,1680,0.251534660877377,6656,515,414,0.0773737980769231,"4","2020-2024 5yr"
"36081105900",3641,833,109000,1326,3640,310,0.0851648351648352,733,0.201318319143093,3641,339,257,0.0931062894809118,"4","2020-2024 5yr"
"36081107201",2294,426,111354,919,2294,59,0.0257192676547515,467,0.20357454228422,2294,449,260,0.195727986050567,"4","2020-2024 5yr"
"36081107202",0,14,NA,0,0,0,NA,0,NA,0,0,0,NA,"4","2020-2024 5yr"
"36081108500",2795,404,71111,1062,2770,248,0.0895306859205776,765,0.273703041144902,2790,418,203,0.149820788530466,"4","2020-2024 5yr"
"36081109300",2899,594,125536,997,2808,174,0.061965811965812,880,0.30355294929286,2808,386,358,0.137464387464387,"4","2020-2024 5yr"
"36081109700",1900,272,134145,665,1899,73,0.0384412848867825,422,0.222105263157895,1899,200,133,0.105318588730911,"4","2020-2024 5yr"
"36081109900",3398,623,96250,1238,3398,391,0.115067686874632,566,0.16656856974691,3398,366,238,0.107710417892878,"4","2020-2024 5yr"
"36081111300",2714,394,143917,833,2714,290,0.106853352984525,552,0.203389830508475,2714,195,132,0.0718496683861459,"4","2020-2024 5yr"
"36081112300",2341,363,93194,813,2341,458,0.195642887654848,429,0.183255019222554,2341,251,105,0.107219137120889,"4","2020-2024 5yr"
"36081112900",2204,427,104688,819,2204,133,0.0603448275862069,480,0.217785843920145,2204,283,183,0.128402903811252,"4","2020-2024 5yr"
"36081113300",1428,279,111094,655,1428,163,0.114145658263305,290,0.203081232492997,1428,145,68,0.101540616246499,"4","2020-2024 5yr"
"36081113900",4051,540,85485,1541,4051,571,0.140952851147865,787,0.194273019007652,4051,441,249,0.1088620093804,"4","2020-2024 5yr"
"36081114100",2458,373,121579,858,2457,114,0.0463980463980464,609,0.247762408462164,2458,220,139,0.0895036615134256,"4","2020-2024 5yr"
"36081114700",1854,332,102135,617,1854,201,0.108414239482201,367,0.197950377562028,1854,118,93,0.063646170442287,"4","2020-2024 5yr"
"36081115100",982,159,108542,379,982,52,0.0529531568228106,298,0.303462321792261,982,146,88,0.14867617107943,"4","2020-2024 5yr"
"36081115500",2189,391,109063,733,2189,311,0.142074006395614,423,0.193238921882138,2189,81,73,0.0370031978072179,"4","2020-2024 5yr"
"36081115700",3136,638,64153,1185,3136,759,0.24202806122449,605,0.192920918367347,3136,201,122,0.064094387755102,"4","2020-2024 5yr"
"36081115900",3888,562,61776,1635,3883,450,0.115889775946433,825,0.212191358024691,3884,398,135,0.102471678681771,"4","2020-2024 5yr"
"36081116100",3624,592,43417,1373,3162,646,0.204301075268817,1102,0.304083885209713,3162,236,86,0.0746363061353574,"4","2020-2024 5yr"
"36081116301",4331,616,65526,1699,3729,1063,0.285063019576294,1225,0.282844608635419,3729,377,206,0.101099490480021,"4","2020-2024 5yr"
"36081116302",3687,807,53631,1205,3687,1879,0.509628424193111,929,0.251966368321128,3687,345,213,0.0935720097640358,"4","2020-2024 5yr"
"36081116700",1892,407,62857,644,1892,344,0.181818181818182,328,0.173361522198731,1892,135,52,0.071353065539112,"4","2020-2024 5yr"
"36081117100",2525,379,78856,947,2525,296,0.117227722772277,507,0.200792079207921,2525,329,219,0.13029702970297,"4","2020-2024 5yr"
"36081117500",4464,826,78098,1727,4464,745,0.166890681003584,504,0.112903225806452,4461,245,124,0.0549204214301726,"4","2020-2024 5yr"
"36081118100",1952,318,100536,689,1952,170,0.0870901639344262,337,0.172643442622951,1952,138,63,0.0706967213114754,"4","2020-2024 5yr"
"36081118500",1999,354,67277,725,1999,314,0.157078539269635,303,0.151575787893947,1999,150,58,0.0750375187593797,"4","2020-2024 5yr"
"36081118700",2507,451,71657,904,2486,430,0.172968624296058,594,0.236936577582768,2505,377,345,0.150499001996008,"4","2020-2024 5yr"
"36081118900",2100,504,56446,924,2100,121,0.0576190476190476,427,0.203333333333333,2100,156,85,0.0742857142857143,"4","2020-2024 5yr"
"36081119100",3222,611,68355,1071,3222,731,0.226877715704531,648,0.201117318435754,3222,569,79,0.176598386095593,"4","2020-2024 5yr"
"36081119300",2534,558,54273,742,2534,389,0.153512233622731,742,0.292817679558011,2534,230,156,0.0907655880031571,"4","2020-2024 5yr"
"36081119500",1363,309,94010,425,1363,127,0.0931768158473955,198,0.145267791636097,1363,217,60,0.159207630227439,"4","2020-2024 5yr"
"36081119900",1681,304,123519,514,1647,110,0.0667880995749848,427,0.254015466983938,1681,241,108,0.143367043426532,"4","2020-2024 5yr"
"36081120100",1546,355,86125,499,1544,252,0.163212435233161,462,0.298835705045278,1546,153,105,0.0989650711513583,"4","2020-2024 5yr"
"36081120300",1551,282,61000,568,1551,178,0.114764667956157,395,0.254674403610574,1551,164,132,0.105738233397808,"4","2020-2024 5yr"
"36081120500",2669,531,26563,955,2624,595,0.226753048780488,875,0.327838141626077,2664,270,212,0.101351351351351,"4","2020-2024 5yr"
"36081120701",3132,706,115750,872,3132,232,0.0740740740740741,722,0.230523627075351,3124,378,259,0.120998719590269,"4","2020-2024 5yr"
"36081120702",0,14,NA,0,0,0,NA,0,NA,0,0,0,NA,"4","2020-2024 5yr"
"36081121100",0,14,NA,0,0,0,NA,0,NA,0,0,0,NA,"4","2020-2024 5yr"
"36081121500",4420,707,92412,1373,4420,432,0.097737556561086,640,0.144796380090498,4420,335,176,0.0757918552036199,"4","2020-2024 5yr"
"36081122300",3166,676,96313,1294,3166,256,0.0808591282375237,678,0.214150347441567,3166,145,106,0.0457991156032849,"4","2020-2024 5yr"
"36081122702",6209,940,26161,2764,6209,1932,0.311161217587373,1173,0.188919310678048,6209,1327,491,0.213722016427766,"4","2020-2024 5yr"
"36081122703",5896,774,68089,2663,5896,737,0.125,1111,0.188432835820896,5896,1193,340,0.202340569877883,"4","2020-2024 5yr"
"36081122704",5015,1508,82292,1929,5015,561,0.111864406779661,873,0.1740777666999,5015,375,154,0.0747756729810568,"4","2020-2024 5yr"
"36081124100",3822,579,96560,1390,3820,154,0.0403141361256545,1045,0.273417059131345,3820,445,341,0.116492146596859,"4","2020-2024 5yr"
"36081124700",3911,691,118813,1320,3910,163,0.0416879795396419,723,0.184863206341089,3911,312,243,0.079774993607773,"4","2020-2024 5yr"
"36081125700",3162,571,107125,1033,3007,338,0.112404389757233,820,0.25932953826692,3043,468,304,0.153795596450871,"4","2020-2024 5yr"
"36081126500",2085,407,146250,675,2038,291,0.142787046123651,446,0.213908872901679,2085,215,127,0.103117505995204,"4","2020-2024 5yr"
"36081126700",4332,413,98000,660,2164,184,0.0850277264325323,312,0.07202216066482,4329,339,62,0.0783090783090783,"4","2020-2024 5yr"
"36081127700",2980,574,119591,1060,2973,248,0.0834174234779684,975,0.327181208053691,2980,161,138,0.0540268456375839,"4","2020-2024 5yr"
"36081128300",0,14,NA,0,0,0,NA,0,NA,0,0,0,NA,"4","2020-2024 5yr"
"36081129102",3807,788,150263,1208,3807,285,0.0748620961386919,995,0.261360651431573,3807,180,139,0.0472813238770686,"4","2020-2024 5yr"
"36081129103",4179,833,79367,1966,4179,542,0.129696099545346,1144,0.273749700885379,4179,493,288,0.117970806413017,"4","2020-2024 5yr"
"36081129104",4192,471,127303,1763,4192,346,0.0825381679389313,998,0.238072519083969,4192,523,350,0.124761450381679,"4","2020-2024 5yr"
"36081130100",4044,601,94854,1647,4015,243,0.0605230386052304,1367,0.338031651829871,4044,635,417,0.15702274975272,"4","2020-2024 5yr"
"36081133300",3886,779,138602,1462,3886,399,0.102676273803397,786,0.202264539372105,3886,356,261,0.0916109109624292,"4","2020-2024 5yr"
"36081133900",1429,206,129934,483,1429,94,0.0657802659202239,451,0.315605318404479,1429,179,166,0.125262421273618,"4","2020-2024 5yr"
"36081134100",2857,554,59033,1143,2857,254,0.0889044452222611,699,0.244662233111656,2857,192,142,0.0672033601680084,"4","2020-2024 5yr"
"36081134701",4809,633,92125,1964,4809,366,0.0761072988147224,869,0.18070284882512,4809,374,267,0.0777708463297983,"4","2020-2024 5yr"
"36081134702",4532,856,84031,1606,4530,431,0.0951434878587196,669,0.147616946160635,4532,308,216,0.0679611650485437,"4","2020-2024 5yr"
"36081136700",5903,1043,82139,2354,5903,363,0.0614941555141454,1522,0.257834999152973,5903,451,245,0.0764018295781806,"4","2020-2024 5yr"
"36081137700",6759,1016,99140,2543,6759,315,0.0466045272969374,1263,0.186861961828673,6759,676,429,0.100014795088031,"4","2020-2024 5yr"
"36081138501",4189,757,92132,1461,4187,495,0.118223071411512,795,0.189782764382908,4189,410,319,0.0978753879207448,"4","2020-2024 5yr"
"36081138502",92,5,NA,0,71,30,0.422535211267606,33,0.358695652173913,89,30,30,0.337078651685393,"4","2020-2024 5yr"
"36081139900",1547,315,128000,532,1547,140,0.0904977375565611,331,0.213962508080155,1545,151,63,0.0977346278317152,"4","2020-2024 5yr"
"36081140300",2214,363,71842,790,2214,236,0.106594399277326,562,0.253839205058717,2214,118,69,0.0532971996386631,"4","2020-2024 5yr"
"36081140901",930,526,130281,322,928,50,0.0538793103448276,224,0.240860215053763,928,75,57,0.0808189655172414,"4","2020-2024 5yr"
"36081140902",2505,295,120208,866,2505,212,0.0846307385229541,497,0.198403193612774,2505,232,164,0.0926147704590818,"4","2020-2024 5yr"
"36081141700",4300,730,76275,1545,4300,670,0.155813953488372,918,0.213488372093023,4300,415,240,0.0965116279069767,"4","2020-2024 5yr"
"36081142900",3678,535,100864,1380,3678,223,0.0606307775965199,836,0.227297444263187,3678,351,253,0.0954323001631321,"4","2020-2024 5yr"
"36081143500",2343,484,121875,759,2343,99,0.0422535211267606,410,0.174989329918907,2343,269,211,0.114810072556551,"4","2020-2024 5yr"
"36081144100",3002,452,111410,1177,3002,177,0.0589606928714191,505,0.168221185876083,3002,256,133,0.0852764823451033,"4","2020-2024 5yr"
"36081144700",3470,697,94766,1037,3447,724,0.210037713954163,573,0.165129682997118,3465,294,191,0.0848484848484849,"4","2020-2024 5yr"
"36081145101",1103,233,71154,424,1100,103,0.0936363636363636,249,0.225747960108794,1103,158,67,0.14324569356301,"4","2020-2024 5yr"
"36081145102",2361,456,93523,915,2344,134,0.0571672354948805,777,0.329097839898348,2361,300,154,0.127064803049555,"4","2020-2024 5yr"
"36081145900",2781,492,125962,960,2757,257,0.0932172651432717,498,0.179072276159655,2781,286,120,0.102840704782452,"4","2020-2024 5yr"
"36081146300",2934,791,87244,1085,2370,173,0.0729957805907173,808,0.275391956373551,2678,71,51,0.0265123226288275,"4","2020-2024 5yr"
"36081146700",2762,348,106538,1404,2762,266,0.0963070238957277,538,0.194786386676322,2762,222,88,0.0803765387400434,"4","2020-2024 5yr"
"36081147100",3810,446,106615,1401,3810,672,0.176377952755906,698,0.183202099737533,3810,414,171,0.108661417322835,"4","2020-2024 5yr"
"36081147900",4249,675,92045,1788,4249,434,0.102141680395387,914,0.215109437514709,4249,457,235,0.107554718757355,"4","2020-2024 5yr"
"36081148300",2974,571,178509,1077,2974,146,0.0490921318090114,1098,0.369199731002017,2974,361,247,0.121385339609953,"4","2020-2024 5yr"
"36081150701",3123,456,158875,1139,3123,135,0.0432276657060519,823,0.263528658341338,3123,217,126,0.0694844700608389,"4","2020-2024 5yr"
"36081150702",3134,423,107375,1289,3047,183,0.0600590744995077,1003,0.32003828972559,3047,589,445,0.193304890055793,"4","2020-2024 5yr"
"36081152901",5613,702,100909,2300,5613,487,0.0867628719045074,1471,0.262070194192054,5613,1183,691,0.210760734010333,"4","2020-2024 5yr"
"36081152902",6530,1121,129832,2495,6530,113,0.0173047473200613,1581,0.242113323124043,6530,397,244,0.0607963246554364,"4","2020-2024 5yr"
"36081155101",2174,444,89931,1533,2174,166,0.0763569457221711,1912,0.879484820607176,2174,724,696,0.333026678932843,"4","2020-2024 5yr"
"36081155103",4328,594,114526,2205,4325,363,0.0839306358381503,1098,0.25369685767098,4325,755,387,0.174566473988439,"4","2020-2024 5yr"
"36081155104",3239,851,88882,1203,2640,293,0.110984848484848,1094,0.337758567459092,2722,448,260,0.164584864070536,"4","2020-2024 5yr"
"36081156700",1751,299,59722,302,1320,404,0.306060606060606,322,0.183894917190177,1327,418,139,0.314996232102487,"4","2020-2024 5yr"
"36081157101",8073,1338,90575,2537,8073,727,0.0900532639663074,2510,0.310912919608572,8073,1119,640,0.138610182088443,"4","2020-2024 5yr"
"36081157102",1840,417,118250,612,1840,67,0.0364130434782609,501,0.272282608695652,1840,284,208,0.154347826086957,"4","2020-2024 5yr"
"36081157901",5064,953,133542,1602,5064,712,0.140600315955766,1725,0.34063981042654,5064,709,497,0.140007898894155,"4","2020-2024 5yr"
"36081157902",3681,719,107153,1274,3632,149,0.0410242290748899,1481,0.402336321651725,3635,680,533,0.18707015130674,"4","2020-2024 5yr"
"36081157903",3671,484,127533,1155,3671,155,0.0422228275674203,733,0.199673113593026,3671,313,185,0.0852628711522746,"4","2020-2024 5yr"
"36081161700",4843,668,119688,1571,4843,288,0.059467272351848,782,0.161470163122032,4843,548,110,0.113153004336155,"4","2020-2024 5yr"
"36081162100",6340,796,121101,2057,6327,174,0.0275011853959222,1298,0.204731861198738,6340,856,558,0.135015772870662,"4","2020-2024 5yr"
"36081990100",0,14,NA,0,0,0,NA,0,NA,0,0,0,NA,"4","2020-2024 5yr"
"36085000300",1889,295,77981,948,1889,397,0.210164107993647,324,0.1715193223928,1878,139,50,0.0740149094781683,"5","2020-2024 5yr"
"36085000600",2568,429,34492,1277,2568,461,0.179517133956386,798,0.310747663551402,2568,581,296,0.226246105919003,"5","2020-2024 5yr"
"36085000700",5482,934,52813,1942,5482,2191,0.399671652681503,862,0.157241882524626,5482,831,263,0.151587012039402,"5","2020-2024 5yr"
"36085000800",5178,798,91438,1858,5178,632,0.122054847431441,620,0.119737350328312,5178,635,154,0.122634221707223,"5","2020-2024 5yr"
"36085000900",2209,565,66208,864,2209,450,0.203712086917157,268,0.121321865097329,2209,283,145,0.128112267994568,"5","2020-2024 5yr"
"36085001100",4852,669,57368,1270,4852,1655,0.341096455070074,333,0.0686314921681781,4852,635,22,0.130873866446826,"5","2020-2024 5yr"
"36085001700",1638,337,64006,595,1606,149,0.0927770859277709,290,0.177045177045177,1606,217,103,0.135118306351183,"5","2020-2024 5yr"
"36085001800",449,235,67273,146,427,27,0.063231850117096,9,0.0200445434298441,346,7,0,0.0202312138728324,"5","2020-2024 5yr"
"36085002001",2904,472,69620,1519,2904,108,0.0371900826446281,889,0.306129476584022,2904,372,154,0.128099173553719,"5","2020-2024 5yr"
"36085002002",2727,370,66641,1291,2710,85,0.0313653136531365,580,0.212687935460213,2710,245,146,0.0904059040590406,"5","2020-2024 5yr"
"36085002100",5623,906,46667,2160,5613,1344,0.239444147514698,569,0.101191534767917,5577,708,208,0.126949973103819,"5","2020-2024 5yr"
"36085002700",2627,808,45848,395,2061,1312,0.636584182435711,516,0.196421773886563,2061,273,96,0.132459970887918,"5","2020-2024 5yr"
"36085002900",5495,1012,50189,1831,5429,1803,0.33210536010315,496,0.0902638762511374,5495,576,249,0.104822565969063,"5","2020-2024 5yr"
"36085003300",3821,596,95317,1429,3821,503,0.131640931693274,584,0.152839570792986,3821,335,126,0.0876733839309081,"5","2020-2024 5yr"
"36085003600",2615,491,88929,870,2608,345,0.13228527607362,376,0.143785850860421,2565,173,129,0.0674463937621832,"5","2020-2024 5yr"
"36085003900",2215,297,103702,1102,2144,221,0.103078358208955,346,0.156207674943567,2215,388,165,0.175169300225734,"5","2020-2024 5yr"
"36085004001",2787,824,59962,1102,2758,148,0.0536620739666425,647,0.232149264442052,2758,310,104,0.112400290065265,"5","2020-2024 5yr"
"36085004002",2411,364,74759,776,2411,206,0.0854417254251348,386,0.160099543757777,2411,192,83,0.0796350062214849,"5","2020-2024 5yr"
"36085004003",3517,724,24896,1409,3517,1433,0.407449530850156,321,0.0912709695763435,3517,440,154,0.125106624964458,"5","2020-2024 5yr"
"36085004004",3834,1160,120497,1111,3808,551,0.144695378151261,281,0.0732916014606155,3829,279,127,0.0728649778009924,"5","2020-2024 5yr"
"36085004700",2941,431,108750,928,2436,183,0.0751231527093596,415,0.14110846650799,2941,492,139,0.167290037402244,"5","2020-2024 5yr"
"36085005000",4669,660,74890,1500,4668,497,0.106469580119966,910,0.194902548725637,4668,464,270,0.0994001713796058,"5","2020-2024 5yr"
"36085005901",3062,535,95863,1137,3061,120,0.039202874877491,431,0.140757674722404,3062,335,124,0.109405617243632,"5","2020-2024 5yr"
"36085005902",0,14,NA,0,0,0,NA,0,NA,0,0,0,NA,"5","2020-2024 5yr"
"36085006400",3425,505,67946,1221,3425,678,0.197956204379562,792,0.231240875912409,3425,604,234,0.176350364963504,"5","2020-2024 5yr"
"36085006700",3069,399,97432,1192,3052,190,0.0622542595019659,569,0.185402411208863,3052,291,86,0.0953473132372215,"5","2020-2024 5yr"
"36085007001",2739,711,78558,1044,2710,159,0.0586715867158672,658,0.240233661920409,2739,375,117,0.136911281489595,"5","2020-2024 5yr"
"36085007002",5914,1194,98574,1777,5636,824,0.146202980837473,846,0.143050388907677,5703,485,204,0.0850429598456953,"5","2020-2024 5yr"
"36085007400",4854,640,78701,1791,4756,831,0.174726661059714,1020,0.210135970333745,4854,647,317,0.133292130201895,"5","2020-2024 5yr"
"36085007500",3150,592,81200,972,2718,261,0.0960264900662252,558,0.177142857142857,2729,243,73,0.0890436057163796,"5","2020-2024 5yr"
"36085007700",1793,347,89961,523,1784,570,0.319506726457399,207,0.115448968209704,1793,97,57,0.0540992749581707,"5","2020-2024 5yr"
"36085008100",4784,632,91274,1795,4427,591,0.133498983510278,1178,0.24623745819398,4427,757,364,0.170996159927716,"5","2020-2024 5yr"
"36085009601",4326,639,105670,1562,4105,145,0.0353227771010962,985,0.227693018955155,4105,466,316,0.113520097442144,"5","2020-2024 5yr"
"36085009602",3800,538,89392,1444,3792,170,0.044831223628692,603,0.158684210526316,3800,432,241,0.113684210526316,"5","2020-2024 5yr"
"36085009701",4523,644,100996,1639,4523,384,0.0848994030510723,501,0.110767189918196,4523,300,141,0.0663276586336502,"5","2020-2024 5yr"
"36085009702",40,41,NA,21,40,0,0,17,0.425,40,0,0,0,"5","2020-2024 5yr"
"36085010500",5637,852,96607,1768,5635,983,0.174445430346051,828,0.146886641830761,5635,555,279,0.09849157054126,"5","2020-2024 5yr"
"36085011201",5411,754,92387,1866,5411,191,0.0352984660875993,959,0.177231565329884,5411,597,216,0.110330807614119,"5","2020-2024 5yr"
"36085011203",7029,1187,72935,2244,6982,1164,0.166714408478946,1101,0.156636790439607,7029,715,281,0.101721439749609,"5","2020-2024 5yr"
"36085011204",75,87,NA,27,75,11,0.146666666666667,0,0,75,43,0,0.573333333333333,"5","2020-2024 5yr"
"36085011401",2918,600,50878,1408,2906,444,0.152787336545079,616,0.211103495544894,2918,641,290,0.219671007539411,"5","2020-2024 5yr"
"36085011402",3192,465,111058,1201,3192,45,0.0140977443609023,734,0.229949874686717,3192,559,329,0.175125313283208,"5","2020-2024 5yr"
"36085012100",3134,547,202699,1091,3134,36,0.01148691767709,526,0.167836630504148,3134,315,211,0.100510529674537,"5","2020-2024 5yr"
"36085012200",4783,881,127824,1383,4783,378,0.0790298975538365,567,0.118544846330755,4783,290,103,0.0606314028852185,"5","2020-2024 5yr"
"36085012500",3229,408,138000,1148,3229,174,0.0538866522143078,385,0.119231960359244,3218,429,157,0.133312616532007,"5","2020-2024 5yr"
"36085012804",4820,683,97624,1525,4806,209,0.0434873075322513,684,0.141908713692946,4820,486,222,0.100829875518672,"5","2020-2024 5yr"
"36085012805",2384,498,134512,771,2384,96,0.0402684563758389,317,0.132969798657718,2384,347,144,0.145553691275168,"5","2020-2024 5yr"
"36085012806",6075,750,67857,2350,6036,763,0.126408217362492,1075,0.176954732510288,6075,911,366,0.149958847736626,"5","2020-2024 5yr"
"36085013201",1657,261,117083,547,1657,351,0.211828605914303,408,0.246228123114062,1652,93,68,0.0562953995157385,"5","2020-2024 5yr"
"36085013203",7305,976,102750,2309,7305,268,0.0366872005475702,1283,0.175633127994524,7305,1108,413,0.151676933607118,"5","2020-2024 5yr"
"36085013204",4948,504,108447,1789,4921,560,0.113798008534851,1020,0.206143896523848,4948,583,419,0.117825383993533,"5","2020-2024 5yr"
"36085013301",1176,228,33705,499,1176,444,0.377551020408163,228,0.193877551020408,1176,260,151,0.22108843537415,"5","2020-2024 5yr"
"36085013302",3216,858,92070,965,3216,1016,0.31592039800995,206,0.0640547263681592,3216,229,48,0.0712064676616915,"5","2020-2024 5yr"
"36085013400",3868,675,93145,1372,3854,644,0.167099117799689,728,0.188210961737332,3868,455,329,0.117631851085832,"5","2020-2024 5yr"
"36085013800",6090,764,146975,2477,6090,142,0.0233169129720854,1810,0.297208538587849,6090,567,526,0.0931034482758621,"5","2020-2024 5yr"
"36085014100",2554,414,92500,1054,2554,355,0.138997650743931,484,0.189506656225529,2554,204,104,0.0798747063429914,"5","2020-2024 5yr"
"36085014604",7039,1347,126950,2382,7039,308,0.0437562153715016,1383,0.196476772268788,7039,446,222,0.0633612729080835,"5","2020-2024 5yr"
"36085014605",3724,622,148065,1336,3713,100,0.0269323996768112,729,0.195757250268528,3724,404,203,0.108485499462943,"5","2020-2024 5yr"
"36085014606",6450,1009,97247,2254,6450,432,0.0669767441860465,1255,0.194573643410853,6450,715,405,0.110852713178295,"5","2020-2024 5yr"
"36085014607",4754,624,130294,1676,4738,388,0.0818910932883073,704,0.148085822465292,4754,434,163,0.0912915439629785,"5","2020-2024 5yr"
"36085014608",3592,540,105625,1266,3592,168,0.0467706013363029,833,0.231904231625835,3592,300,129,0.0835189309576837,"5","2020-2024 5yr"
"36085014700",3367,560,123015,1544,3367,182,0.0540540540540541,1257,0.373329373329373,3367,377,205,0.111969111969112,"5","2020-2024 5yr"
"36085015100",5070,1084,115769,1772,5048,289,0.0572503961965135,871,0.171794871794872,5070,572,369,0.112820512820513,"5","2020-2024 5yr"
"36085015400",0,14,NA,0,0,0,NA,0,NA,0,0,0,NA,"5","2020-2024 5yr"
"36085015601",6214,827,112076,2296,6214,467,0.0751528805922111,1160,0.186675249436756,6214,508,286,0.0817508850981654,"5","2020-2024 5yr"
"36085015602",3650,521,145682,1266,3650,381,0.104383561643836,571,0.156438356164384,3650,278,180,0.0761643835616438,"5","2020-2024 5yr"
"36085015603",5417,835,102792,1801,5417,671,0.123869300350748,858,0.158390252907513,5417,437,168,0.0806719586486985,"5","2020-2024 5yr"
"36085016901",3586,702,129583,1047,3552,31,0.00872747747747748,496,0.138315672058003,3586,226,206,0.0630228667038483,"5","2020-2024 5yr"
"36085017005",4526,729,100965,1828,4526,132,0.0291648254529386,762,0.168360583296509,4526,321,226,0.0709235528060097,"5","2020-2024 5yr"
"36085017007",6346,1130,107003,1883,6346,690,0.108729908603845,690,0.108729908603845,6340,625,278,0.0985804416403785,"5","2020-2024 5yr"
"36085017009",4880,919,124196,1593,4870,144,0.0295687885010267,869,0.178073770491803,4880,398,140,0.0815573770491803,"5","2020-2024 5yr"
"36085017011",4745,673,128933,1617,4731,625,0.132107376875925,770,0.162276080084299,4745,683,348,0.143940990516333,"5","2020-2024 5yr"
"36085017012",5363,618,126250,1679,5363,392,0.0730934178631363,889,0.165765429796756,5363,531,301,0.0990117471564423,"5","2020-2024 5yr"
"36085017013",4617,809,99914,1398,4617,127,0.0275070392029456,942,0.204028589993502,4617,262,112,0.056746805284817,"5","2020-2024 5yr"
"36085017014",4141,581,112567,1610,4141,203,0.0490219753682685,882,0.212992030910408,4141,449,225,0.108427915962328,"5","2020-2024 5yr"
"36085017015",3167,471,116923,1100,3167,8,0.00252604988948532,583,0.184085885696243,3167,451,171,0.142406062519735,"5","2020-2024 5yr"
"36085017016",4461,640,104313,1546,4459,113,0.0253420049338417,607,0.13606814615557,4449,604,202,0.135760845133738,"5","2020-2024 5yr"
"36085017300",2791,388,55114,992,2786,324,0.116295764536971,509,0.182371909709781,2791,474,172,0.169831601576496,"5","2020-2024 5yr"
"36085017600",5169,875,111786,1554,5169,71,0.0137357322499516,980,0.189591797252854,5169,448,328,0.0866705358870188,"5","2020-2024 5yr"
"36085017701",4246,619,131719,1454,4246,378,0.0890249646726331,812,0.191238813000471,4246,842,452,0.198304286387188,"5","2020-2024 5yr"
"36085017702",2117,597,118743,911,2117,289,0.136513934813415,612,0.289088332546056,2117,331,280,0.156353330184223,"5","2020-2024 5yr"
"36085018100",3599,562,98807,1412,3312,613,0.185084541062802,1524,0.423450958599611,3312,558,423,0.168478260869565,"5","2020-2024 5yr"
"36085018701",1915,324,100903,693,1859,177,0.0952124798278644,202,0.105483028720627,1915,174,55,0.0908616187989556,"5","2020-2024 5yr"
"36085018703",3835,838,96642,1118,3663,370,0.101010101010101,932,0.243024771838331,3663,323,171,0.0881790881790882,"5","2020-2024 5yr"
"36085018704",4659,1020,145432,1171,4309,91,0.0211185889997679,944,0.20261858767976,4309,304,187,0.0705500116036203,"5","2020-2024 5yr"
"36085018901",5814,713,136370,1697,5794,724,0.124956851915775,807,0.138802889576883,5814,619,251,0.106467148262814,"5","2020-2024 5yr"
"36085018902",5643,1237,101700,1602,5643,1004,0.177919546340599,845,0.149743044479887,5643,555,271,0.0983519404572036,"5","2020-2024 5yr"
"36085019700",1975,324,111250,703,1975,28,0.0141772151898734,317,0.160506329113924,1975,171,49,0.0865822784810127,"5","2020-2024 5yr"
"36085019800",7350,994,131496,2506,7341,683,0.0930390954910775,1128,0.153469387755102,7341,758,334,0.103255687236071,"5","2020-2024 5yr"
"36085020100",3356,734,116591,1278,3356,352,0.104886769964243,328,0.0977353992848629,3356,264,66,0.0786650774731824,"5","2020-2024 5yr"
"36085020701",3364,1121,58495,1031,3364,674,0.200356718192628,235,0.0698573127229489,3364,449,90,0.133472057074911,"5","2020-2024 5yr"
"36085020702",2928,642,46638,945,2916,889,0.304869684499314,403,0.137636612021858,2928,349,203,0.119193989071038,"5","2020-2024 5yr"
"36085020803",7627,1025,108076,2505,7532,571,0.0758098778544875,1322,0.173331585157991,7627,776,436,0.101743804903632,"5","2020-2024 5yr"
"36085020804",5124,774,104049,1903,5124,246,0.0480093676814988,1148,0.224043715846995,5124,658,342,0.128415300546448,"5","2020-2024 5yr"
"36085020805",6559,1130,129939,2365,6559,302,0.0460436042079585,1441,0.219698124714133,6559,759,387,0.115718859582253,"5","2020-2024 5yr"
"36085020806",2533,344,98683,874,2533,275,0.108566916699566,273,0.107777339123569,2533,279,92,0.110146071851559,"5","2020-2024 5yr"
"36085021300",5680,1084,103992,1558,5669,818,0.144293526195096,605,0.106514084507042,5669,739,158,0.130358087846181,"5","2020-2024 5yr"
"36085022300",3263,491,64964,1065,3263,559,0.171314741035857,556,0.170395341710083,3263,672,364,0.205945448973337,"5","2020-2024 5yr"
"36085022601",7483,872,104385,2558,7394,322,0.0435488233703002,1044,0.139516236803421,7483,970,413,0.129627154884405,"5","2020-2024 5yr"
"36085022602",1373,471,NA,717,1373,363,0.264384559359068,338,0.246176256372906,1373,364,76,0.265112891478514,"5","2020-2024 5yr"
"36085022801",37,26,NA,10,37,0,0,0,0,37,5,0,0.135135135135135,"5","2020-2024 5yr"
"36085022802",0,14,NA,0,0,0,NA,0,NA,0,0,0,NA,"5","2020-2024 5yr"
"36085023100",4759,841,86589,1529,4742,760,0.160269928300295,558,0.117251523429292,4757,510,162,0.107210426739542,"5","2020-2024 5yr"
"36085023900",3108,552,66833,1044,3071,336,0.109410615434712,551,0.177284427284427,3102,279,186,0.0899419729206963,"5","2020-2024 5yr"
"36085024401",6270,1046,176363,1863,6270,117,0.0186602870813397,710,0.113237639553429,6270,421,264,0.0671451355661882,"5","2020-2024 5yr"
"36085024402",5013,826,131042,1784,4980,273,0.0548192771084337,933,0.186116098144823,5013,360,125,0.0718132854578097,"5","2020-2024 5yr"
"36085024700",2835,520,79833,878,2833,296,0.104482880338863,389,0.137213403880071,2822,342,160,0.121190644932672,"5","2020-2024 5yr"
"36085024800",4769,704,131745,1774,4769,581,0.121828475571399,565,0.118473474522961,4769,537,213,0.112602222688195,"5","2020-2024 5yr"
"36085025100",6459,787,109494,2070,6459,538,0.0832946276513392,1192,0.184548691747949,6459,676,264,0.104660164112092,"5","2020-2024 5yr"
"36085027301",4494,570,116181,1533,4200,397,0.0945238095238095,841,0.187138406764575,4494,846,288,0.188251001335113,"5","2020-2024 5yr"
"36085027302",4872,885,106979,1240,4866,551,0.113234689683518,916,0.188013136288998,4866,271,137,0.0556925606247431,"5","2020-2024 5yr"
"36085027702",6161,783,88295,2862,6159,874,0.141906153596363,1314,0.213277065411459,6159,574,397,0.0931969475564215,"5","2020-2024 5yr"
"36085027704",5174,816,82315,1535,5163,998,0.193298469881852,1015,0.196173173560108,5161,658,373,0.127494671575276,"5","2020-2024 5yr"
"36085027705",6119,785,99803,1953,6119,419,0.0684752410524596,1140,0.186304951789508,6119,536,252,0.0875960124203301,"5","2020-2024 5yr"
"36085027706",3107,689,60781,1128,3107,908,0.292243321532024,499,0.160605085291278,3089,193,110,0.0624797669148592,"5","2020-2024 5yr"
"36085027900",2148,393,167934,643,1784,113,0.0633408071748879,677,0.315176908752328,1784,164,126,0.0919282511210762,"5","2020-2024 5yr"
"36085029102",3355,933,123393,1083,3355,161,0.0479880774962742,347,0.103427719821162,3355,223,63,0.066467958271237,"5","2020-2024 5yr"
"36085029104",6879,1195,97412,2293,6879,956,0.138973688036052,1592,0.231428986771333,6879,825,563,0.119930222416049,"5","2020-2024 5yr"
"36085029105",4467,670,118597,1585,4467,309,0.0691739422431162,771,0.172599059771659,4467,527,302,0.11797627042758,"5","2020-2024 5yr"
"36085029106",2845,492,75347,1002,2845,391,0.137434094903339,594,0.208787346221441,2845,272,169,0.0956063268892794,"5","2020-2024 5yr"
"36085030301",5384,818,118913,1914,5379,284,0.0527979178285927,1177,0.218610698365527,5379,542,220,0.10076222346161,"5","2020-2024 5yr"
"36085030302",6123,545,89917,2091,6123,605,0.0988077739670096,921,0.150416462518373,6123,500,182,0.0816593173281071,"5","2020-2024 5yr"
"36085031901",3948,695,51743,1214,3948,1478,0.374366767983789,276,0.0699088145896656,3948,577,173,0.146149949341439,"5","2020-2024 5yr"
"36085031902",4657,721,92083,1571,4653,953,0.20481409843112,575,0.123470045093408,4653,747,233,0.160541586073501,"5","2020-2024 5yr"
"36085032300",1030,301,79688,437,1030,116,0.112621359223301,142,0.137864077669903,1030,165,32,0.160194174757282,"5","2020-2024 5yr"
"36085990100",0,14,NA,0,0,0,NA,0,NA,0,0,0,NA,"5","2020-2024 5yr"
