name,chain,category,latitude,longitude,source
"MCDONALD'S","McDonald’s","chain restaurant / coffee","40.648723192538","-73.958298253196","NYC DOHMH Restaurant Inspection Results (43nn-pn8j), accessed 2026-09-20"
"MCDONALD'S","McDonald’s","chain restaurant / coffee","40.656181203396","-73.930844886732","NYC DOHMH Restaurant Inspection Results (43nn-pn8j), accessed 2026-09-20"
"BURGER KING","Burger King","chain restaurant / coffee","40.761859115241","-73.7591993411","NYC DOHMH Restaurant Inspection Results (43nn-pn8j), accessed 2026-09-20"
"MCDONALD'S","McDonald’s","chain restaurant / coffee","40.7806191184","-73.802039011533","NYC DOHMH Restaurant Inspection Results (43nn-pn8j), accessed 2026-09-20"
"MCDONALD'S","McDonald’s","chain restaurant / coffee","40.827578059403","-73.823272077449","NYC DOHMH Restaurant Inspection Results (43nn-pn8j), accessed 2026-09-20"
"BURGER KING","Burger King","chain restaurant / coffee","40.731773141489","-73.86656564973","NYC DOHMH Restaurant Inspection Results (43nn-pn8j), accessed 2026-09-20"
"BURGER KING","Burger King","chain restaurant / coffee","40.667935318774","-73.780984279643","NYC DOHMH Restaurant Inspection Results (43nn-pn8j), accessed 2026-09-20"
"MCDONALD'S","McDonald’s","chain restaurant / coffee","40.644916150063","-73.921588478833","NYC DOHMH Restaurant Inspection Results (43nn-pn8j), accessed 2026-09-20"
"MCDONALD'S","McDonald’s","chain restaurant / coffee","40.701739099289","-73.880832224708","NYC DOHMH Restaurant Inspection Results (43nn-pn8j), accessed 2026-09-20"
"DUNKIN' / BASKIN ROBBINS","Dunkin","chain restaurant / coffee","40.739396352692","-73.815741155917","NYC DOHMH Restaurant Inspection Results (43nn-pn8j), accessed 2026-09-20"
"MCDONALD'S","McDonald’s","chain restaurant / coffee","40.657669815042","-73.889932475951","NYC DOHMH Restaurant Inspection Results (43nn-pn8j), accessed 2026-09-20"
"MCDONALD'S","McDonald’s","chain restaurant / coffee","40.806135557598","-73.925797523693","NYC DOHMH Restaurant Inspection Results (43nn-pn8j), accessed 2026-09-20"
"MCDONALD'S","McDonald’s","chain restaurant / coffee","40.759120201969","-73.829933789261","NYC DOHMH Restaurant Inspection Results (43nn-pn8j), accessed 2026-09-20"
"DUNKIN' / BASKIN ROBBINS","Dunkin","chain restaurant / coffee","40.700167637429","-73.905824280632","NYC DOHMH Restaurant Inspection Results (43nn-pn8j), accessed 2026-09-20"
"MCDONALD AVENUE DINER","McDonald’s","chain restaurant / coffee","40.626251305995","-73.976281412702","NYC DOHMH Restaurant Inspection Results (43nn-pn8j), accessed 2026-09-20"
"MCDONALD'S","McDonald’s","chain restaurant / coffee","40.872957159909","-73.87855715106","NYC DOHMH Restaurant Inspection Results (43nn-pn8j), accessed 2026-09-20"
"MCDONALD'S","McDonald’s","chain restaurant / coffee","40.768459306778","-73.737474499503","NYC DOHMH Restaurant Inspection Results (43nn-pn8j), accessed 2026-09-20"
"MCDONALD'S","McDonald’s","chain restaurant / coffee","40.863664897107","-73.86739906882","NYC DOHMH Restaurant Inspection Results (43nn-pn8j), accessed 2026-09-20"
"MCDONALD'S","McDonald’s","chain restaurant / coffee","40.827753119815","-73.925729962397","NYC DOHMH Restaurant Inspection Results (43nn-pn8j), accessed 2026-09-20"
"POPEYES","Popeyes","chain restaurant / coffee","40.718021838652","-73.736501511822","NYC DOHMH Restaurant Inspection Results (43nn-pn8j), accessed 2026-09-20"
"MCDONALD'S","McDonald’s","chain restaurant / coffee","40.769859328308","-73.834798166299","NYC DOHMH Restaurant Inspection Results (43nn-pn8j), accessed 2026-09-20"
"STARBUCKS","Starbucks","chain restaurant / coffee","40.769845691663","-73.95451438349","NYC DOHMH Restaurant Inspection Results (43nn-pn8j), accessed 2026-09-20"
"DUNKIN' / BASKIN ROBBINS","Dunkin","chain restaurant / coffee","40.721127891602","-73.903940237284","NYC DOHMH Restaurant Inspection Results (43nn-pn8j), accessed 2026-09-20"
"MCDONALD'S","McDonald’s","chain restaurant / coffee","40.819854381506","-73.926710703668","NYC DOHMH Restaurant Inspection Results (43nn-pn8j), accessed 2026-09-20"
"DUNKIN'","Dunkin","chain restaurant / coffee","40.72607440915","-73.895050484292","NYC DOHMH Restaurant Inspection Results (43nn-pn8j), accessed 2026-09-20"
"MCDONALD'S","McDonald’s","chain restaurant / coffee","40.665487277341","-73.756646891016","NYC DOHMH Restaurant Inspection Results (43nn-pn8j), accessed 2026-09-20"
"STARBUCKS","Starbucks","chain restaurant / coffee","40.711802776132","-74.006658706681","NYC DOHMH Restaurant Inspection Results (43nn-pn8j), accessed 2026-09-20"
"MCDONALD'S","McDonald’s","chain restaurant / coffee","40.652525984176","-73.923511182349","NYC DOHMH Restaurant Inspection Results (43nn-pn8j), accessed 2026-09-20"
"BURGER KING","Burger King","chain restaurant / coffee","40.612913560092","-74.130757472302","NYC DOHMH Restaurant Inspection Results (43nn-pn8j), accessed 2026-09-20"
"STARBUCKS","Starbucks","chain restaurant / coffee","40.722595377766","-73.997857034258","NYC DOHMH Restaurant Inspection Results (43nn-pn8j), accessed 2026-09-20"
"STARBUCKS","Starbucks","chain restaurant / coffee","40.720884659438","-73.846810679703","NYC DOHMH Restaurant Inspection Results (43nn-pn8j), accessed 2026-09-20"
"MCDONALD'S","McDonald’s","chain restaurant / coffee","40.629011555919","-74.11561493311","NYC DOHMH Restaurant Inspection Results (43nn-pn8j), accessed 2026-09-20"
"POPEYES","Popeyes","chain restaurant / coffee","40.822926167108","-73.941831944483","NYC DOHMH Restaurant Inspection Results (43nn-pn8j), accessed 2026-09-20"
"STARBUCKS","Starbucks","chain restaurant / coffee","40.703526585057","-74.014386928913","NYC DOHMH Restaurant Inspection Results (43nn-pn8j), accessed 2026-09-20"
"STARBUCKS","Starbucks","chain restaurant / coffee","40.741199405728","-74.001450696472","NYC DOHMH Restaurant Inspection Results (43nn-pn8j), accessed 2026-09-20"
"DUNKIN' / BASKIN ROBBINS","Dunkin","chain restaurant / coffee","40.736184743398","-73.858051712626","NYC DOHMH Restaurant Inspection Results (43nn-pn8j), accessed 2026-09-20"
"MCDONALD'S","McDonald’s","chain restaurant / coffee","40.842549706002","-73.939230553997","NYC DOHMH Restaurant Inspection Results (43nn-pn8j), accessed 2026-09-20"
"STARBUCKS #7277","Starbucks","chain restaurant / coffee","40.739999160011","-73.98650732328","NYC DOHMH Restaurant Inspection Results (43nn-pn8j), accessed 2026-09-20"
"MCDONALD'S","McDonald’s","chain restaurant / coffee","40.855581942878","-73.867646601463","NYC DOHMH Restaurant Inspection Results (43nn-pn8j), accessed 2026-09-20"
"DUNKIN' / BASKIN ROBBINS","Dunkin","chain restaurant / coffee","40.756312662713","-73.929975311835","NYC DOHMH Restaurant Inspection Results (43nn-pn8j), accessed 2026-09-20"
"STARBUCKS COFFEE","Starbucks","chain restaurant / coffee","40.741918358875","-73.993504273784","NYC DOHMH Restaurant Inspection Results (43nn-pn8j), accessed 2026-09-20"
"STARBUCKS","Starbucks","chain restaurant / coffee","40.760746417645","-73.983525051517","NYC DOHMH Restaurant Inspection Results (43nn-pn8j), accessed 2026-09-20"
"STARBUCKS","Starbucks","chain restaurant / coffee","40.570012170834","-74.110196084465","NYC DOHMH Restaurant Inspection Results (43nn-pn8j), accessed 2026-09-20"
"STARBUCKS","Starbucks","chain restaurant / coffee","40.73937721415","-73.78575728482","NYC DOHMH Restaurant Inspection Results (43nn-pn8j), accessed 2026-09-20"
"STARBUCKS","Starbucks","chain restaurant / coffee","40.77772993905","-73.977462103756","NYC DOHMH Restaurant Inspection Results (43nn-pn8j), accessed 2026-09-20"
"BURGER KING","Burger King","chain restaurant / coffee","40.769681413602","-73.916238646741","NYC DOHMH Restaurant Inspection Results (43nn-pn8j), accessed 2026-09-20"
"STARBUCKS #7358","Starbucks","chain restaurant / coffee","40.6923065143","-73.991100290211","NYC DOHMH Restaurant Inspection Results (43nn-pn8j), accessed 2026-09-20"
"DUNKIN'","Dunkin","chain restaurant / coffee","40.743240660189","-73.91940807304","NYC DOHMH Restaurant Inspection Results (43nn-pn8j), accessed 2026-09-20"
"STARBUCKS","Starbucks","chain restaurant / coffee","40.78658608086","-73.972107344375","NYC DOHMH Restaurant Inspection Results (43nn-pn8j), accessed 2026-09-20"
"STARBUCKS COFFEE","Starbucks","chain restaurant / coffee","40.754027772142","-73.972056060847","NYC DOHMH Restaurant Inspection Results (43nn-pn8j), accessed 2026-09-20"
"STARBUCKS","Starbucks","chain restaurant / coffee","40.710529012969","-74.009378280217","NYC DOHMH Restaurant Inspection Results (43nn-pn8j), accessed 2026-09-20"
"MCDONALD'S","McDonald’s","chain restaurant / coffee","40.844763407621","-73.846553221222","NYC DOHMH Restaurant Inspection Results (43nn-pn8j), accessed 2026-09-20"
"STARBUCKS","Starbucks","chain restaurant / coffee","40.751747104858","-73.990074503944","NYC DOHMH Restaurant Inspection Results (43nn-pn8j), accessed 2026-09-20"
"STARBUCKS","Starbucks","chain restaurant / coffee","40.587110213308","-74.168258345497","NYC DOHMH Restaurant Inspection Results (43nn-pn8j), accessed 2026-09-20"
"STARBUCKS #7378","Starbucks","chain restaurant / coffee","40.734696627418","-73.989925503095","NYC DOHMH Restaurant Inspection Results (43nn-pn8j), accessed 2026-09-20"
"DUNKIN","Dunkin","chain restaurant / coffee","40.762687564938","-73.915958686636","NYC DOHMH Restaurant Inspection Results (43nn-pn8j), accessed 2026-09-20"
"BURGER KING","Burger King","chain restaurant / coffee","40.624417425341","-74.144098034752","NYC DOHMH Restaurant Inspection Results (43nn-pn8j), accessed 2026-09-20"
"STARBUCKS","Starbucks","chain restaurant / coffee","40.760677348503","-73.766434000104","NYC DOHMH Restaurant Inspection Results (43nn-pn8j), accessed 2026-09-20"
"TACO BELL","Taco Bell","chain restaurant / coffee","40.749860120081","-73.883243359146","NYC DOHMH Restaurant Inspection Results (43nn-pn8j), accessed 2026-09-20"
"DUNKIN' / BASKIN ROBBINS","Dunkin","chain restaurant / coffee","40.767252102823","-73.738894447833","NYC DOHMH Restaurant Inspection Results (43nn-pn8j), accessed 2026-09-20"
"BURGER KING","Burger King","chain restaurant / coffee","40.675897887864","-73.866659848003","NYC DOHMH Restaurant Inspection Results (43nn-pn8j), accessed 2026-09-20"
"MCDONALD'S","McDonald’s","chain restaurant / coffee","40.702517908763","-73.81424575374","NYC DOHMH Restaurant Inspection Results (43nn-pn8j), accessed 2026-09-20"
"DUNKIN","Dunkin","chain restaurant / coffee","40.748314111829","-73.877305520332","NYC DOHMH Restaurant Inspection Results (43nn-pn8j), accessed 2026-09-20"
"STARBUCKS","Starbucks","chain restaurant / coffee","40.744033578087","-73.983568897664","NYC DOHMH Restaurant Inspection Results (43nn-pn8j), accessed 2026-09-20"
"POPEYES","Popeyes","chain restaurant / coffee","40.663252333212","-73.961208751576","NYC DOHMH Restaurant Inspection Results (43nn-pn8j), accessed 2026-09-20"
"MCDONALD'S","McDonald’s","chain restaurant / coffee","40.722223173864","-73.940556479308","NYC DOHMH Restaurant Inspection Results (43nn-pn8j), accessed 2026-09-20"
"DUNKIN","Dunkin","chain restaurant / coffee","40.720931283293","-73.855234321077","NYC DOHMH Restaurant Inspection Results (43nn-pn8j), accessed 2026-09-20"
"STARBUCKS","Starbucks","chain restaurant / coffee","40.752650353431","-73.993109807324","NYC DOHMH Restaurant Inspection Results (43nn-pn8j), accessed 2026-09-20"
"STARBUCKS","Starbucks","chain restaurant / coffee","40.759260547027","-73.977843784017","NYC DOHMH Restaurant Inspection Results (43nn-pn8j), accessed 2026-09-20"
"STARBUCKS","Starbucks","chain restaurant / coffee","40.769469474454","-73.985122219615","NYC DOHMH Restaurant Inspection Results (43nn-pn8j), accessed 2026-09-20"
"STARBUCKS","Starbucks","chain restaurant / coffee","40.7155519554","-74.009191409902","NYC DOHMH Restaurant Inspection Results (43nn-pn8j), accessed 2026-09-20"
"STARBUCKS","Starbucks","chain restaurant / coffee","40.708489788781","-74.007477145324","NYC DOHMH Restaurant Inspection Results (43nn-pn8j), accessed 2026-09-20"
"STARBUCKS","Starbucks","chain restaurant / coffee","40.727346486567","-73.995161746242","NYC DOHMH Restaurant Inspection Results (43nn-pn8j), accessed 2026-09-20"
"STARBUCKS","Starbucks","chain restaurant / coffee","40.661789245432","-73.840513076838","NYC DOHMH Restaurant Inspection Results (43nn-pn8j), accessed 2026-09-20"
"STARBUCKS","Starbucks","chain restaurant / coffee","40.751187728391","-73.975482426507","NYC DOHMH Restaurant Inspection Results (43nn-pn8j), accessed 2026-09-20"
"DUNKIN' / 'BASKIN ROBBINS","Dunkin","chain restaurant / coffee","40.704061431406","-73.918824451685","NYC DOHMH Restaurant Inspection Results (43nn-pn8j), accessed 2026-09-20"
"STARBUCKS","Starbucks","chain restaurant / coffee","40.806955562167","-73.964671934299","NYC DOHMH Restaurant Inspection Results (43nn-pn8j), accessed 2026-09-20"
"MCDONALD'S","McDonald’s","chain restaurant / coffee","40.669745388846","-73.860825175329","NYC DOHMH Restaurant Inspection Results (43nn-pn8j), accessed 2026-09-20"
"STARBUCKS","Starbucks","chain restaurant / coffee","40.760850108553","-73.979716722068","NYC DOHMH Restaurant Inspection Results (43nn-pn8j), accessed 2026-09-20"
"DUNKIN","Dunkin","chain restaurant / coffee","40.712926129937","-73.906794547479","NYC DOHMH Restaurant Inspection Results (43nn-pn8j), accessed 2026-09-20"
"DUNKIN'","Dunkin","chain restaurant / coffee","40.711157335816","-73.855381877638","NYC DOHMH Restaurant Inspection Results (43nn-pn8j), accessed 2026-09-20"
"WENDY'S","Wendy’s","chain restaurant / coffee","40.58836974131","-74.16660894131","NYC DOHMH Restaurant Inspection Results (43nn-pn8j), accessed 2026-09-20"
"MCDONALD'S","McDonald’s","chain restaurant / coffee","40.781662983835","-73.829973484923","NYC DOHMH Restaurant Inspection Results (43nn-pn8j), accessed 2026-09-20"
"STARBUCKS","Starbucks","chain restaurant / coffee","40.807452721614","-73.944713689037","NYC DOHMH Restaurant Inspection Results (43nn-pn8j), accessed 2026-09-20"
"STARBUCKS","Starbucks","chain restaurant / coffee","40.787121068134","-73.954246140917","NYC DOHMH Restaurant Inspection Results (43nn-pn8j), accessed 2026-09-20"
"STARBUCKS","Starbucks","chain restaurant / coffee","40.781662983835","-73.829973484923","NYC DOHMH Restaurant Inspection Results (43nn-pn8j), accessed 2026-09-20"
"STARBUCKS","Starbucks","chain restaurant / coffee","40.751610053914","-73.973818399777","NYC DOHMH Restaurant Inspection Results (43nn-pn8j), accessed 2026-09-20"
"MCDONALD'S","McDonald’s","chain restaurant / coffee","40.823885261465","-73.874603880954","NYC DOHMH Restaurant Inspection Results (43nn-pn8j), accessed 2026-09-20"
"MCDONALD'S","McDonald’s","chain restaurant / coffee","40.709485926778","-74.010240199733","NYC DOHMH Restaurant Inspection Results (43nn-pn8j), accessed 2026-09-20"
"STARBUCKS","Starbucks","chain restaurant / coffee","40.755095757428","-73.973203417343","NYC DOHMH Restaurant Inspection Results (43nn-pn8j), accessed 2026-09-20"
"STARBUCKS","Starbucks","chain restaurant / coffee","40.760387031457","-73.961390206132","NYC DOHMH Restaurant Inspection Results (43nn-pn8j), accessed 2026-09-20"
"STARBUCKS","Starbucks","chain restaurant / coffee","40.726136005452","-74.005693232825","NYC DOHMH Restaurant Inspection Results (43nn-pn8j), accessed 2026-09-20"
"DUNKIN' / BASKIN ROBBINS","Dunkin","chain restaurant / coffee","40.701803251363","-73.80862151079","NYC DOHMH Restaurant Inspection Results (43nn-pn8j), accessed 2026-09-20"
"STARBUCKS","Starbucks","chain restaurant / coffee","40.850970162108","-73.938496281189","NYC DOHMH Restaurant Inspection Results (43nn-pn8j), accessed 2026-09-20"
"STARBUCKS","Starbucks","chain restaurant / coffee","40.619197711209","-74.032811314568","NYC DOHMH Restaurant Inspection Results (43nn-pn8j), accessed 2026-09-20"
"DUNKIN","Dunkin","chain restaurant / coffee","40.761343898092","-73.762215399719","NYC DOHMH Restaurant Inspection Results (43nn-pn8j), accessed 2026-09-20"
"STARBUCKS","Starbucks","chain restaurant / coffee","40.776044214105","-73.949993280332","NYC DOHMH Restaurant Inspection Results (43nn-pn8j), accessed 2026-09-20"
"STARBUCKS","Starbucks","chain restaurant / coffee","40.771043264879","-73.95673752047","NYC DOHMH Restaurant Inspection Results (43nn-pn8j), accessed 2026-09-20"
"STARBUCKS COFFEE","Starbucks","chain restaurant / coffee","40.779279017116","-73.94717444107","NYC DOHMH Restaurant Inspection Results (43nn-pn8j), accessed 2026-09-20"
"STARBUCKS","Starbucks","chain restaurant / coffee","40.793637448896","-73.972534153226","NYC DOHMH Restaurant Inspection Results (43nn-pn8j), accessed 2026-09-20"
"MCDONALD'S","McDonald’s","chain restaurant / coffee","40.816766953624","-73.892377940876","NYC DOHMH Restaurant Inspection Results (43nn-pn8j), accessed 2026-09-20"
"DUNKIN' / BASKIN ROBBINS","Dunkin","chain restaurant / coffee","40.67945686994","-73.880699138496","NYC DOHMH Restaurant Inspection Results (43nn-pn8j), accessed 2026-09-20"
"STARBUCKS","Starbucks","chain restaurant / coffee","40.74488255952","-73.99134225377","NYC DOHMH Restaurant Inspection Results (43nn-pn8j), accessed 2026-09-20"
"MCDONALD'S","McDonald’s","chain restaurant / coffee","40.745647680143","-73.714557633484","NYC DOHMH Restaurant Inspection Results (43nn-pn8j), accessed 2026-09-20"
"SUBWAY","Subway","chain restaurant / coffee","40.701789714098","-73.808733353312","NYC DOHMH Restaurant Inspection Results (43nn-pn8j), accessed 2026-09-20"
"DUNKIN","Dunkin","chain restaurant / coffee","40.753068276318","-73.921377667644","NYC DOHMH Restaurant Inspection Results (43nn-pn8j), accessed 2026-09-20"
"POPEYES","Popeyes","chain restaurant / coffee","40.801558795638","-73.948568977301","NYC DOHMH Restaurant Inspection Results (43nn-pn8j), accessed 2026-09-20"
"STARBUCKS","Starbucks","chain restaurant / coffee","0","0","NYC DOHMH Restaurant Inspection Results (43nn-pn8j), accessed 2026-09-20"
"STARBUCKS","Starbucks","chain restaurant / coffee","40.756643578718","-73.972264312445","NYC DOHMH Restaurant Inspection Results (43nn-pn8j), accessed 2026-09-20"
"STARBUCKS","Starbucks","chain restaurant / coffee","40.73315844109","-73.981078281583","NYC DOHMH Restaurant Inspection Results (43nn-pn8j), accessed 2026-09-20"
"STARBUCKS","Starbucks","chain restaurant / coffee","40.781175285326","-73.981245127655","NYC DOHMH Restaurant Inspection Results (43nn-pn8j), accessed 2026-09-20"
"POPEYES","Popeyes","chain restaurant / coffee","40.675897887864","-73.866659848003","NYC DOHMH Restaurant Inspection Results (43nn-pn8j), accessed 2026-09-20"
"STARBUCKS","Starbucks","chain restaurant / coffee","40.630557739045","-74.106214588576","NYC DOHMH Restaurant Inspection Results (43nn-pn8j), accessed 2026-09-20"
"STARBUCKS","Starbucks","chain restaurant / coffee","40.715821256441","-74.003538779306","NYC DOHMH Restaurant Inspection Results (43nn-pn8j), accessed 2026-09-20"
"MCDONALD'S","McDonald’s","chain restaurant / coffee","40.676989674447","-73.922729527244","NYC DOHMH Restaurant Inspection Results (43nn-pn8j), accessed 2026-09-20"
"POPEYES","Popeyes","chain restaurant / coffee","40.685943893083","-73.824023895688","NYC DOHMH Restaurant Inspection Results (43nn-pn8j), accessed 2026-09-20"
"DUNKIN","Dunkin","chain restaurant / coffee","40.75439875143","-73.896272592562","NYC DOHMH Restaurant Inspection Results (43nn-pn8j), accessed 2026-09-20"
"STARBUCKS","Starbucks","chain restaurant / coffee","40.753021161553","-73.909582392902","NYC DOHMH Restaurant Inspection Results (43nn-pn8j), accessed 2026-09-20"
"POPEYES","Popeyes","chain restaurant / coffee","40.655753148087","-73.959904855841","NYC DOHMH Restaurant Inspection Results (43nn-pn8j), accessed 2026-09-20"
"SUBWAY","Subway","chain restaurant / coffee","40.589862871775","-74.166634283921","NYC DOHMH Restaurant Inspection Results (43nn-pn8j), accessed 2026-09-20"
"STARBUCKS","Starbucks","chain restaurant / coffee","40.726513484266","-73.852559514505","NYC DOHMH Restaurant Inspection Results (43nn-pn8j), accessed 2026-09-20"
"CHIPOTLE MEXICAN GRILL","Chipotle","chain restaurant / coffee","40.752384184844","-73.974298132058","NYC DOHMH Restaurant Inspection Results (43nn-pn8j), accessed 2026-09-20"
"STARBUCKS","Starbucks","chain restaurant / coffee","40.619539561441","-73.989748437878","NYC DOHMH Restaurant Inspection Results (43nn-pn8j), accessed 2026-09-20"
"STARBUCKS","Starbucks","chain restaurant / coffee","40.631954102071","-74.02757558339","NYC DOHMH Restaurant Inspection Results (43nn-pn8j), accessed 2026-09-20"
"DUNKIN' / BASKIN ROBBINS","Dunkin","chain restaurant / coffee","40.770640669667","-73.918089519908","NYC DOHMH Restaurant Inspection Results (43nn-pn8j), accessed 2026-09-20"
"MCDONALD'S","McDonald’s","chain restaurant / coffee","40.517668540827","-74.234350143807","NYC DOHMH Restaurant Inspection Results (43nn-pn8j), accessed 2026-09-20"
"POPEYES","Popeyes","chain restaurant / coffee","40.741255862317","-73.983457715611","NYC DOHMH Restaurant Inspection Results (43nn-pn8j), accessed 2026-09-20"
"DUNKIN'","Dunkin","chain restaurant / coffee","40.745593766565","-73.998274928287","NYC DOHMH Restaurant Inspection Results (43nn-pn8j), accessed 2026-09-20"
"SUBWAY","Subway","chain restaurant / coffee","0","0","NYC DOHMH Restaurant Inspection Results (43nn-pn8j), accessed 2026-09-20"
"CHIPOTLE MEXICAN GRILL","Chipotle","chain restaurant / coffee","40.752389649949","-73.993976067892","NYC DOHMH Restaurant Inspection Results (43nn-pn8j), accessed 2026-09-20"
"STARBUCKS","Starbucks","chain restaurant / coffee","40.760488900648","-73.987394764093","NYC DOHMH Restaurant Inspection Results (43nn-pn8j), accessed 2026-09-20"
"SUBWAY","Subway","chain restaurant / coffee","40.743004132789","-73.854774771513","NYC DOHMH Restaurant Inspection Results (43nn-pn8j), accessed 2026-09-20"
"CHIPOTLE MEXICAN GRILL","Chipotle","chain restaurant / coffee","40.757527069705","-73.970964492234","NYC DOHMH Restaurant Inspection Results (43nn-pn8j), accessed 2026-09-20"
"MCDONALD'S","McDonald’s","chain restaurant / coffee","40.82600607064","-73.86187375983","NYC DOHMH Restaurant Inspection Results (43nn-pn8j), accessed 2026-09-20"
"STARBUCKS","Starbucks","chain restaurant / coffee","40.767558799116","-73.982797723376","NYC DOHMH Restaurant Inspection Results (43nn-pn8j), accessed 2026-09-20"
"STARBUCKS","Starbucks","chain restaurant / coffee","40.733840182011","-73.871577033806","NYC DOHMH Restaurant Inspection Results (43nn-pn8j), accessed 2026-09-20"
"STARBUCKS","Starbucks","chain restaurant / coffee","40.577648021406","-73.961276660298","NYC DOHMH Restaurant Inspection Results (43nn-pn8j), accessed 2026-09-20"
"SUBWAY","Subway","chain restaurant / coffee","40.613168400692","-74.121162901951","NYC DOHMH Restaurant Inspection Results (43nn-pn8j), accessed 2026-09-20"
"STARBUCKS","Starbucks","chain restaurant / coffee","40.762001258823","-73.987361988309","NYC DOHMH Restaurant Inspection Results (43nn-pn8j), accessed 2026-09-20"
"MCDONALD'S","McDonald’s","chain restaurant / coffee","40.7131095141","-73.909579027633","NYC DOHMH Restaurant Inspection Results (43nn-pn8j), accessed 2026-09-20"
"MCDONALD'S","McDonald’s","chain restaurant / coffee","40.686328027808","-73.823936340648","NYC DOHMH Restaurant Inspection Results (43nn-pn8j), accessed 2026-09-20"
"SUBWAY","Subway","chain restaurant / coffee","40.761578209291","-73.984456174962","NYC DOHMH Restaurant Inspection Results (43nn-pn8j), accessed 2026-09-20"
"DUNKIN' / 'BASKIN ROBBINS","Dunkin","chain restaurant / coffee","40.701939538601","-73.880900389818","NYC DOHMH Restaurant Inspection Results (43nn-pn8j), accessed 2026-09-20"
"STARBUCKS","Starbucks","chain restaurant / coffee","40.74545928109","-73.998917321202","NYC DOHMH Restaurant Inspection Results (43nn-pn8j), accessed 2026-09-20"
"WENDY'S","Wendy’s","chain restaurant / coffee","40.624997590313","-74.147611627901","NYC DOHMH Restaurant Inspection Results (43nn-pn8j), accessed 2026-09-20"
"STARBUCKS","Starbucks","chain restaurant / coffee","40.75684918547","-73.985973293277","NYC DOHMH Restaurant Inspection Results (43nn-pn8j), accessed 2026-09-20"
"STARBUCKS","Starbucks","chain restaurant / coffee","40.772253629329","-73.94981561832","NYC DOHMH Restaurant Inspection Results (43nn-pn8j), accessed 2026-09-20"
"DUNKIN","Dunkin","chain restaurant / coffee","40.560241951935","-74.164112871653","NYC DOHMH Restaurant Inspection Results (43nn-pn8j), accessed 2026-09-20"
"POPEYES","Popeyes","chain restaurant / coffee","40.812328585112","-73.90467511475","NYC DOHMH Restaurant Inspection Results (43nn-pn8j), accessed 2026-09-20"
"DUNKIN' / BASKIN-ROBBINS","Dunkin","chain restaurant / coffee","40.743646615924","-73.923012803475","NYC DOHMH Restaurant Inspection Results (43nn-pn8j), accessed 2026-09-20"
"STARBUCKS COFFEE","Starbucks","chain restaurant / coffee","40.684457390625","-73.977742537481","NYC DOHMH Restaurant Inspection Results (43nn-pn8j), accessed 2026-09-20"
"DUNKIN","Dunkin","chain restaurant / coffee","40.812342371769","-73.904750958943","NYC DOHMH Restaurant Inspection Results (43nn-pn8j), accessed 2026-09-20"
"DUNKIN","Dunkin","chain restaurant / coffee","40.593797710514","-73.940563225141","NYC DOHMH Restaurant Inspection Results (43nn-pn8j), accessed 2026-09-20"
"CHIPOTLE MEXICAN GRILL","Chipotle","chain restaurant / coffee","40.704111365647","-74.013186030396","NYC DOHMH Restaurant Inspection Results (43nn-pn8j), accessed 2026-09-20"
"CHIPOTLE MEXICAN GRILL","Chipotle","chain restaurant / coffee","40.694112629343","-73.991832094479","NYC DOHMH Restaurant Inspection Results (43nn-pn8j), accessed 2026-09-20"
"DUNKIN","Dunkin","chain restaurant / coffee","40.78771924019","-73.953787102133","NYC DOHMH Restaurant Inspection Results (43nn-pn8j), accessed 2026-09-20"
"STARBUCKS","Starbucks","chain restaurant / coffee","40.750496721488","-73.978864505394","NYC DOHMH Restaurant Inspection Results (43nn-pn8j), accessed 2026-09-20"
"STARBUCKS","Starbucks","chain restaurant / coffee","40.612414817244","-74.132442093346","NYC DOHMH Restaurant Inspection Results (43nn-pn8j), accessed 2026-09-20"
"DUNKIN' / BASKIN ROBBINS","Dunkin","chain restaurant / coffee","40.74686792717","-73.891213706123","NYC DOHMH Restaurant Inspection Results (43nn-pn8j), accessed 2026-09-20"
"DUNKIN',' BASKIN ROBBINS","Dunkin","chain restaurant / coffee","40.761954761967","-73.869111249642","NYC DOHMH Restaurant Inspection Results (43nn-pn8j), accessed 2026-09-20"
"STARBUCKS","Starbucks","chain restaurant / coffee","40.702547247893","-73.990958260519","NYC DOHMH Restaurant Inspection Results (43nn-pn8j), accessed 2026-09-20"
"MCDONALD'S","McDonald’s","chain restaurant / coffee","40.833489299696","-73.858237209479","NYC DOHMH Restaurant Inspection Results (43nn-pn8j), accessed 2026-09-20"
"MCDONALD'S","McDonald’s","chain restaurant / coffee","40.846430422538","-73.893508068062","NYC DOHMH Restaurant Inspection Results (43nn-pn8j), accessed 2026-09-20"
"SUBWAY","Subway","chain restaurant / coffee","40.59738317537","-73.98537676523","NYC DOHMH Restaurant Inspection Results (43nn-pn8j), accessed 2026-09-20"
"DUNKIN'","Dunkin","chain restaurant / coffee","40.645078279044","-74.021109179876","NYC DOHMH Restaurant Inspection Results (43nn-pn8j), accessed 2026-09-20"
"POPEYES","Popeyes","chain restaurant / coffee","40.836728634671","-73.885829659467","NYC DOHMH Restaurant Inspection Results (43nn-pn8j), accessed 2026-09-20"
"DUNKIN","Dunkin","chain restaurant / coffee","40.663252333212","-73.961208751576","NYC DOHMH Restaurant Inspection Results (43nn-pn8j), accessed 2026-09-20"
"CHIPOTLE MEXICAN GRILL","Chipotle","chain restaurant / coffee","40.741833274686","-73.993565630558","NYC DOHMH Restaurant Inspection Results (43nn-pn8j), accessed 2026-09-20"
"DUNKIN/BASKIN ROBBINS","Dunkin","chain restaurant / coffee","40.877012343506","-73.906256274618","NYC DOHMH Restaurant Inspection Results (43nn-pn8j), accessed 2026-09-20"
"CHIPOTLE MEXICAN GRILL","Chipotle","chain restaurant / coffee","40.753763450051","-73.981552453793","NYC DOHMH Restaurant Inspection Results (43nn-pn8j), accessed 2026-09-20"
"CHIPOTLE MEXICAN GRILL","Chipotle","chain restaurant / coffee","40.728340069398","-74.005343445984","NYC DOHMH Restaurant Inspection Results (43nn-pn8j), accessed 2026-09-20"
"CHIPOTLE MEXICAN GRILL","Chipotle","chain restaurant / coffee","40.731082034173","-73.993566672696","NYC DOHMH Restaurant Inspection Results (43nn-pn8j), accessed 2026-09-20"
"MCDONALD'S","McDonald’s","chain restaurant / coffee","40.879116787462","-73.871407446387","NYC DOHMH Restaurant Inspection Results (43nn-pn8j), accessed 2026-09-20"
"MCDONALD'S","McDonald’s","chain restaurant / coffee","40.872813687344","-73.852143465942","NYC DOHMH Restaurant Inspection Results (43nn-pn8j), accessed 2026-09-20"
"STARBUCKS","Starbucks","chain restaurant / coffee","40.747983949921","-73.989107836911","NYC DOHMH Restaurant Inspection Results (43nn-pn8j), accessed 2026-09-20"
"DUNKIN', BASKIN ROBBINS","Dunkin","chain restaurant / coffee","40.672820699701","-73.911796850651","NYC DOHMH Restaurant Inspection Results (43nn-pn8j), accessed 2026-09-20"
"STARBUCKS","Starbucks","chain restaurant / coffee","40.758765632505","-73.992394460992","NYC DOHMH Restaurant Inspection Results (43nn-pn8j), accessed 2026-09-20"
"STARBUCKS","Starbucks","chain restaurant / coffee","40.632231306607","-73.948512631073","NYC DOHMH Restaurant Inspection Results (43nn-pn8j), accessed 2026-09-20"
"DUNKIN' / BASKIN ROBBINS","Dunkin","chain restaurant / coffee","40.6690221297","-73.986438826896","NYC DOHMH Restaurant Inspection Results (43nn-pn8j), accessed 2026-09-20"
"POPEYES","Popeyes","chain restaurant / coffee","40.728245624374","-73.747248877692","NYC DOHMH Restaurant Inspection Results (43nn-pn8j), accessed 2026-09-20"
"DUNKIN","Dunkin","chain restaurant / coffee","40.613111633522","-74.15863902157","NYC DOHMH Restaurant Inspection Results (43nn-pn8j), accessed 2026-09-20"
"DUNKIN","Dunkin","chain restaurant / coffee","40.587830424688","-74.165639087175","NYC DOHMH Restaurant Inspection Results (43nn-pn8j), accessed 2026-09-20"
"DUNKIN' / BASKIN-ROBBINS","Dunkin","chain restaurant / coffee","40.771233425393","-73.903795478357","NYC DOHMH Restaurant Inspection Results (43nn-pn8j), accessed 2026-09-20"
"CHIPOTLE MEXICAN GRILL","Chipotle","chain restaurant / coffee","40.746084944597","-73.99418596004","NYC DOHMH Restaurant Inspection Results (43nn-pn8j), accessed 2026-09-20"
"STARBUCKS","Starbucks","chain restaurant / coffee","40.764514542242","-73.980773321808","NYC DOHMH Restaurant Inspection Results (43nn-pn8j), accessed 2026-09-20"
"STARBUCKS","Starbucks","chain restaurant / coffee","40.719114601803","-73.990057737442","NYC DOHMH Restaurant Inspection Results (43nn-pn8j), accessed 2026-09-20"
"BURGER KING","Burger King","chain restaurant / coffee","40.647877749003","-73.958158242041","NYC DOHMH Restaurant Inspection Results (43nn-pn8j), accessed 2026-09-20"
"DUNKIN', BASKIN ROBBINS","Dunkin","chain restaurant / coffee","40.783066559162","-73.952985096144","NYC DOHMH Restaurant Inspection Results (43nn-pn8j), accessed 2026-09-20"
"STARBUCKS","Starbucks","chain restaurant / coffee","40.763737201145","-73.977604034114","NYC DOHMH Restaurant Inspection Results (43nn-pn8j), accessed 2026-09-20"
"SUBWAY","Subway","chain restaurant / coffee","40.790389002332","-73.945518804827","NYC DOHMH Restaurant Inspection Results (43nn-pn8j), accessed 2026-09-20"
"DUNKIN","Dunkin","chain restaurant / coffee","40.612920440874","-73.926077954058","NYC DOHMH Restaurant Inspection Results (43nn-pn8j), accessed 2026-09-20"
"DUNKIN","Dunkin","chain restaurant / coffee","40.753338031071","-73.914765001596","NYC DOHMH Restaurant Inspection Results (43nn-pn8j), accessed 2026-09-20"
"CHIPOTLE MEXICAN GRILL","Chipotle","chain restaurant / coffee","40.759624696811","-73.991741006856","NYC DOHMH Restaurant Inspection Results (43nn-pn8j), accessed 2026-09-20"
"POPEYES","Popeyes","chain restaurant / coffee","40.85563643864","-73.92934978725","NYC DOHMH Restaurant Inspection Results (43nn-pn8j), accessed 2026-09-20"
"DUNKIN","Dunkin","chain restaurant / coffee","40.714827961668","-73.944422873815","NYC DOHMH Restaurant Inspection Results (43nn-pn8j), accessed 2026-09-20"
"DUNKIN","Dunkin","chain restaurant / coffee","40.816753216376","-73.892363511925","NYC DOHMH Restaurant Inspection Results (43nn-pn8j), accessed 2026-09-20"
"STARBUCKS","Starbucks","chain restaurant / coffee","40.704564628733","-74.009363011074","NYC DOHMH Restaurant Inspection Results (43nn-pn8j), accessed 2026-09-20"
"DUNKIN'","Dunkin","chain restaurant / coffee","40.629077313834","-73.947989092275","NYC DOHMH Restaurant Inspection Results (43nn-pn8j), accessed 2026-09-20"
"DUNKIN'","Dunkin","chain restaurant / coffee","40.707502734193","-73.836049788592","NYC DOHMH Restaurant Inspection Results (43nn-pn8j), accessed 2026-09-20"
"DUNKIN","Dunkin","chain restaurant / coffee","40.713007765693","-73.827883986494","NYC DOHMH Restaurant Inspection Results (43nn-pn8j), accessed 2026-09-20"
"DUNKIN","Dunkin","chain restaurant / coffee","40.737586792645","-73.795838028509","NYC DOHMH Restaurant Inspection Results (43nn-pn8j), accessed 2026-09-20"
"DUNKIN', BASKIN ROBBINS","Dunkin","chain restaurant / coffee","40.748769215036","-73.75655443281","NYC DOHMH Restaurant Inspection Results (43nn-pn8j), accessed 2026-09-20"
"DUNKIN', BASKIN ROBBINS","Dunkin","chain restaurant / coffee","40.723013765045","-73.799927097308","NYC DOHMH Restaurant Inspection Results (43nn-pn8j), accessed 2026-09-20"
"DUNKIN","Dunkin","chain restaurant / coffee","40.745650415911","-73.714554012759","NYC DOHMH Restaurant Inspection Results (43nn-pn8j), accessed 2026-09-20"
"DUNKIN' / BASKIN ROBBINS","Dunkin","chain restaurant / coffee","40.76342842868","-73.786589320619","NYC DOHMH Restaurant Inspection Results (43nn-pn8j), accessed 2026-09-20"
"DUNKIN","Dunkin","chain restaurant / coffee","40.729555522845","-73.745057393742","NYC DOHMH Restaurant Inspection Results (43nn-pn8j), accessed 2026-09-20"
"DUNKIN","Dunkin","chain restaurant / coffee","40.717978353402","-73.736689271907","NYC DOHMH Restaurant Inspection Results (43nn-pn8j), accessed 2026-09-20"
"DUNKIN','PIZZA HUT',' NATHANS","Dunkin","chain restaurant / coffee","40.855019298537","-73.867669414819","NYC DOHMH Restaurant Inspection Results (43nn-pn8j), accessed 2026-09-20"
"SUBWAY","Subway","chain restaurant / coffee","40.661601028928","-73.920653278995","NYC DOHMH Restaurant Inspection Results (43nn-pn8j), accessed 2026-09-20"
"STARBUCKS","Starbucks","chain restaurant / coffee","40.759519552392","-73.970137000335","NYC DOHMH Restaurant Inspection Results (43nn-pn8j), accessed 2026-09-20"
"STARBUCKS","Starbucks","chain restaurant / coffee","40.759184020215","-73.951980480125","NYC DOHMH Restaurant Inspection Results (43nn-pn8j), accessed 2026-09-20"
"DUNKIN'","Dunkin","chain restaurant / coffee","40.607053415471","-73.962728917577","NYC DOHMH Restaurant Inspection Results (43nn-pn8j), accessed 2026-09-20"
"MCDONALD'S","McDonald’s","chain restaurant / coffee","40.711082456755","-73.854772446587","NYC DOHMH Restaurant Inspection Results (43nn-pn8j), accessed 2026-09-20"
"DUNKIN","Dunkin","chain restaurant / coffee","40.591281573647","-74.164985175573","NYC DOHMH Restaurant Inspection Results (43nn-pn8j), accessed 2026-09-20"
"STARBUCKS","Starbucks","chain restaurant / coffee","40.581002324965","-73.985725966486","NYC DOHMH Restaurant Inspection Results (43nn-pn8j), accessed 2026-09-20"
"STARBUCKS COFFEE","Starbucks","chain restaurant / coffee","40.749185556873","-73.984000717891","NYC DOHMH Restaurant Inspection Results (43nn-pn8j), accessed 2026-09-20"
"CHIPOTLE MEXICAN GRILL","Chipotle","chain restaurant / coffee","40.759093865126","-73.982135738508","NYC DOHMH Restaurant Inspection Results (43nn-pn8j), accessed 2026-09-20"
"DUNKIN","Dunkin","chain restaurant / coffee","40.749076826787","-73.890546005406","NYC DOHMH Restaurant Inspection Results (43nn-pn8j), accessed 2026-09-20"
"WENDY'S","Wendy’s","chain restaurant / coffee","40.842682589245","-73.898165600435","NYC DOHMH Restaurant Inspection Results (43nn-pn8j), accessed 2026-09-20"
"DUNKIN', BASKIN ROBBINS","Dunkin","chain restaurant / coffee","40.831096178433","-73.910296170662","NYC DOHMH Restaurant Inspection Results (43nn-pn8j), accessed 2026-09-20"
"DUNKIN', BASKIN ROBBINS","Dunkin","chain restaurant / coffee","40.740605825446","-73.75894806085","NYC DOHMH Restaurant Inspection Results (43nn-pn8j), accessed 2026-09-20"
"DUNKIN'","Dunkin","chain restaurant / coffee","40.56636074302","-74.113872039258","NYC DOHMH Restaurant Inspection Results (43nn-pn8j), accessed 2026-09-20"
"DUNKIN' / BASKIN ROBBINS","Dunkin","chain restaurant / coffee","40.724322420482","-73.951121790129","NYC DOHMH Restaurant Inspection Results (43nn-pn8j), accessed 2026-09-20"
"MCDONALD'S","McDonald’s","chain restaurant / coffee","40.800086459964","-73.968088841896","NYC DOHMH Restaurant Inspection Results (43nn-pn8j), accessed 2026-09-20"
"POPEYES","Popeyes","chain restaurant / coffee","40.868621049983","-73.902168012359","NYC DOHMH Restaurant Inspection Results (43nn-pn8j), accessed 2026-09-20"
"POPEYES","Popeyes","chain restaurant / coffee","40.691395283727","-73.99155116128","NYC DOHMH Restaurant Inspection Results (43nn-pn8j), accessed 2026-09-20"
"CHIPOTLE MEXICAN GRILL","Chipotle","chain restaurant / coffee","40.737378289053","-73.990239034689","NYC DOHMH Restaurant Inspection Results (43nn-pn8j), accessed 2026-09-20"
"DUNKIN","Dunkin","chain restaurant / coffee","40.748511080326","-73.990652443187","NYC DOHMH Restaurant Inspection Results (43nn-pn8j), accessed 2026-09-20"
"DUNKIN' / BASKIN ROBBINS","Dunkin","chain restaurant / coffee","40.762394821783","-73.976637047264","NYC DOHMH Restaurant Inspection Results (43nn-pn8j), accessed 2026-09-20"
"STARBUCKS","Starbucks","chain restaurant / coffee","40.743135719401","-73.918502390534","NYC DOHMH Restaurant Inspection Results (43nn-pn8j), accessed 2026-09-20"
"STARBUCKS","Starbucks","chain restaurant / coffee","40.753861732582","-73.978513323124","NYC DOHMH Restaurant Inspection Results (43nn-pn8j), accessed 2026-09-20"
"STARBUCKS","Starbucks","chain restaurant / coffee","40.709259050949","-73.870055543988","NYC DOHMH Restaurant Inspection Results (43nn-pn8j), accessed 2026-09-20"
"STARBUCKS","Starbucks","chain restaurant / coffee","40.621222412721","-74.025795254837","NYC DOHMH Restaurant Inspection Results (43nn-pn8j), accessed 2026-09-20"
"STARBUCKS","Starbucks","chain restaurant / coffee","40.7709429859","-73.982157819963","NYC DOHMH Restaurant Inspection Results (43nn-pn8j), accessed 2026-09-20"
"DUNKIN","Dunkin","chain restaurant / coffee","40.635543051033","-73.967728267994","NYC DOHMH Restaurant Inspection Results (43nn-pn8j), accessed 2026-09-20"
"DUNKIN","Dunkin","chain restaurant / coffee","40.608482133368","-73.95888532026","NYC DOHMH Restaurant Inspection Results (43nn-pn8j), accessed 2026-09-20"
"DUNKIN","Dunkin","chain restaurant / coffee","40.617397759372","-74.030544781528","NYC DOHMH Restaurant Inspection Results (43nn-pn8j), accessed 2026-09-20"
"DUNKIN'","Dunkin","chain restaurant / coffee","40.622802752367","-73.937079114937","NYC DOHMH Restaurant Inspection Results (43nn-pn8j), accessed 2026-09-20"
"DUNKIN","Dunkin","chain restaurant / coffee","40.617443901148","-73.910742885846","NYC DOHMH Restaurant Inspection Results (43nn-pn8j), accessed 2026-09-20"
"DUNKIN'","Dunkin","chain restaurant / coffee","40.633853675478","-74.02680175415","NYC DOHMH Restaurant Inspection Results (43nn-pn8j), accessed 2026-09-20"
"DUNKIN","Dunkin","chain restaurant / coffee","40.632384405769","-73.947175876843","NYC DOHMH Restaurant Inspection Results (43nn-pn8j), accessed 2026-09-20"
"DUNKIN","Dunkin","chain restaurant / coffee","40.62925704674","-74.02271813085","NYC DOHMH Restaurant Inspection Results (43nn-pn8j), accessed 2026-09-20"
"DUNKIN","Dunkin","chain restaurant / coffee","40.726899012848","-73.853543621886","NYC DOHMH Restaurant Inspection Results (43nn-pn8j), accessed 2026-09-20"
"STARBUCKS","Starbucks","chain restaurant / coffee","40.7787091407","-73.956143970315","NYC DOHMH Restaurant Inspection Results (43nn-pn8j), accessed 2026-09-20"
"STARBUCKS","Starbucks","chain restaurant / coffee","40.686180159441","-73.990845105706","NYC DOHMH Restaurant Inspection Results (43nn-pn8j), accessed 2026-09-20"
"PANERA BREAD","Panera","chain restaurant / coffee","40.577141721981","-74.164064560974","NYC DOHMH Restaurant Inspection Results (43nn-pn8j), accessed 2026-09-20"
"MCDONALD'S","McDonald’s","chain restaurant / coffee","40.850116007472","-73.915967080475","NYC DOHMH Restaurant Inspection Results (43nn-pn8j), accessed 2026-09-20"
"DUNKIN'","Dunkin","chain restaurant / coffee","40.755257567593","-73.989131909204","NYC DOHMH Restaurant Inspection Results (43nn-pn8j), accessed 2026-09-20"
"DUNKIN',' BASKIN ROBBINS","Dunkin","chain restaurant / coffee","40.817318248923","-73.922544287116","NYC DOHMH Restaurant Inspection Results (43nn-pn8j), accessed 2026-09-20"
"STARBUCKS","Starbucks","chain restaurant / coffee","40.69402437363","-73.987205434727","NYC DOHMH Restaurant Inspection Results (43nn-pn8j), accessed 2026-09-20"
"POPEYES","Popeyes","chain restaurant / coffee","40.625949769931","-74.134450400927","NYC DOHMH Restaurant Inspection Results (43nn-pn8j), accessed 2026-09-20"
"SUBWAY","Subway","chain restaurant / coffee","40.753108256285","-73.908651062632","NYC DOHMH Restaurant Inspection Results (43nn-pn8j), accessed 2026-09-20"
"SUBWAY","Subway","chain restaurant / coffee","40.847639950427","-73.857245478872","NYC DOHMH Restaurant Inspection Results (43nn-pn8j), accessed 2026-09-20"
"CHIPOTLE MEXICAN GRILL","Chipotle","chain restaurant / coffee","40.706859426073","-74.006990039489","NYC DOHMH Restaurant Inspection Results (43nn-pn8j), accessed 2026-09-20"
"DUNKIN'","Dunkin","chain restaurant / coffee","40.597726098922","-73.961131737412","NYC DOHMH Restaurant Inspection Results (43nn-pn8j), accessed 2026-09-20"
"MCDONALD'S","McDonald’s","chain restaurant / coffee","40.816392162818","-73.917028635322","NYC DOHMH Restaurant Inspection Results (43nn-pn8j), accessed 2026-09-20"
"MCDONALD'S","McDonald’s","chain restaurant / coffee","40.777681388694","-73.98234737366","NYC DOHMH Restaurant Inspection Results (43nn-pn8j), accessed 2026-09-20"
"POPEYES","Popeyes","chain restaurant / coffee","40.843570162929","-73.938134493379","NYC DOHMH Restaurant Inspection Results (43nn-pn8j), accessed 2026-09-20"
"BURGER KING","Burger King","chain restaurant / coffee","40.728245624374","-73.747248877692","NYC DOHMH Restaurant Inspection Results (43nn-pn8j), accessed 2026-09-20"
"DUNKIN","Dunkin","chain restaurant / coffee","40.655852865455","-73.94266655876","NYC DOHMH Restaurant Inspection Results (43nn-pn8j), accessed 2026-09-20"
"DUNKIN'","Dunkin","chain restaurant / coffee","40.650393976547","-73.949518426822","NYC DOHMH Restaurant Inspection Results (43nn-pn8j), accessed 2026-09-20"
"DUNKIN'","Dunkin","chain restaurant / coffee","40.742449372937","-73.980519882824","NYC DOHMH Restaurant Inspection Results (43nn-pn8j), accessed 2026-09-20"
"DUNKIN","Dunkin","chain restaurant / coffee","40.634508221936","-74.020572593365","NYC DOHMH Restaurant Inspection Results (43nn-pn8j), accessed 2026-09-20"
"DUNKIN","Dunkin","chain restaurant / coffee","40.6046773201","-73.976400746657","NYC DOHMH Restaurant Inspection Results (43nn-pn8j), accessed 2026-09-20"
"DUNKIN","Dunkin","chain restaurant / coffee","40.655757295186","-74.005319589611","NYC DOHMH Restaurant Inspection Results (43nn-pn8j), accessed 2026-09-20"
"DUNKIN","Dunkin","chain restaurant / coffee","40.635187471238","-73.962774393871","NYC DOHMH Restaurant Inspection Results (43nn-pn8j), accessed 2026-09-20"
"MCDONALD'S","McDonald’s","chain restaurant / coffee","40.73797024929","-73.883686471941","NYC DOHMH Restaurant Inspection Results (43nn-pn8j), accessed 2026-09-20"
"DUNKIN' DONUTS","Dunkin","chain restaurant / coffee","40.753621849183","-73.990958519981","NYC DOHMH Restaurant Inspection Results (43nn-pn8j), accessed 2026-09-20"
"STARBUCKS","Starbucks","chain restaurant / coffee","40.726827007746","-73.713567002486","NYC DOHMH Restaurant Inspection Results (43nn-pn8j), accessed 2026-09-20"
"STARBUCKS","Starbucks","chain restaurant / coffee","40.822901579482","-73.942059594277","NYC DOHMH Restaurant Inspection Results (43nn-pn8j), accessed 2026-09-20"
"DUNKIN","Dunkin","chain restaurant / coffee","40.680416454018","-73.996820040888","NYC DOHMH Restaurant Inspection Results (43nn-pn8j), accessed 2026-09-20"
"DUNKIN' / 'BASKIN-ROBBINS","Dunkin","chain restaurant / coffee","40.686630277809","-73.990542162088","NYC DOHMH Restaurant Inspection Results (43nn-pn8j), accessed 2026-09-20"
"CHIPOTLE MEXICAN GRILL","Chipotle","chain restaurant / coffee","40.804293739624","-73.966616679434","NYC DOHMH Restaurant Inspection Results (43nn-pn8j), accessed 2026-09-20"
"SUBWAY","Subway","chain restaurant / coffee","40.784284861859","-73.952095916135","NYC DOHMH Restaurant Inspection Results (43nn-pn8j), accessed 2026-09-20"
"MCDONALD'S","McDonald’s","chain restaurant / coffee","40.744817796263","-73.978790527153","NYC DOHMH Restaurant Inspection Results (43nn-pn8j), accessed 2026-09-20"
"MCDONALD'S","McDonald’s","chain restaurant / coffee","40.718703313744","-74.000937943486","NYC DOHMH Restaurant Inspection Results (43nn-pn8j), accessed 2026-09-20"
"DUNKIN","Dunkin","chain restaurant / coffee","40.768850594822","-73.906658215246","NYC DOHMH Restaurant Inspection Results (43nn-pn8j), accessed 2026-09-20"
"STARBUCKS COFFEE","Starbucks","chain restaurant / coffee","40.747078509066","-73.993456851484","NYC DOHMH Restaurant Inspection Results (43nn-pn8j), accessed 2026-09-20"
"BURGER KING","Burger King","chain restaurant / coffee","40.763452230525","-73.878013947959","NYC DOHMH Restaurant Inspection Results (43nn-pn8j), accessed 2026-09-20"
"SUBWAY","Subway","chain restaurant / coffee","40.726827007746","-73.713567002486","NYC DOHMH Restaurant Inspection Results (43nn-pn8j), accessed 2026-09-20"
"PANERA BREAD","Panera","chain restaurant / coffee","40.755451682811","-73.922782538592","NYC DOHMH Restaurant Inspection Results (43nn-pn8j), accessed 2026-09-20"
"DUNKIN","Dunkin","chain restaurant / coffee","40.84867637777","-73.88300056479","NYC DOHMH Restaurant Inspection Results (43nn-pn8j), accessed 2026-09-20"
"DUNKIN","Dunkin","chain restaurant / coffee","40.824613802689","-73.891978583919","NYC DOHMH Restaurant Inspection Results (43nn-pn8j), accessed 2026-09-20"
"STARBUCKS","Starbucks","chain restaurant / coffee","40.841144662413","-73.939726979748","NYC DOHMH Restaurant Inspection Results (43nn-pn8j), accessed 2026-09-20"
"STARBUCKS","Starbucks","chain restaurant / coffee","40.741857751859","-73.9903466379","NYC DOHMH Restaurant Inspection Results (43nn-pn8j), accessed 2026-09-20"
"DUNKIN99","Dunkin","chain restaurant / coffee","40.715311990803","-73.832509783357","NYC DOHMH Restaurant Inspection Results (43nn-pn8j), accessed 2026-09-20"
"DUNKIN","Dunkin","chain restaurant / coffee","40.612868846814","-73.982441548738","NYC DOHMH Restaurant Inspection Results (43nn-pn8j), accessed 2026-09-20"
"DUNKIN","Dunkin","chain restaurant / coffee","40.621894185903","-74.028731326909","NYC DOHMH Restaurant Inspection Results (43nn-pn8j), accessed 2026-09-20"
"STARBUCKS","Starbucks","chain restaurant / coffee","40.604880114267","-73.998696329062","NYC DOHMH Restaurant Inspection Results (43nn-pn8j), accessed 2026-09-20"
"CHIPOTLE MEXICAN GRILL","Chipotle","chain restaurant / coffee","40.763159320448","-73.985452134778","NYC DOHMH Restaurant Inspection Results (43nn-pn8j), accessed 2026-09-20"
"DUNKIN","Dunkin","chain restaurant / coffee","40.870102811581","-73.878717860241","NYC DOHMH Restaurant Inspection Results (43nn-pn8j), accessed 2026-09-20"
"DUNKIN","Dunkin","chain restaurant / coffee","40.855581533999","-73.791487158335","NYC DOHMH Restaurant Inspection Results (43nn-pn8j), accessed 2026-09-20"
"POPEYES","Popeyes","chain restaurant / coffee","40.713676209805","-73.754774883385","NYC DOHMH Restaurant Inspection Results (43nn-pn8j), accessed 2026-09-20"
"BURGER KING","Burger King","chain restaurant / coffee","40.825908152693","-73.862618306538","NYC DOHMH Restaurant Inspection Results (43nn-pn8j), accessed 2026-09-20"
"STARBUCKS","Starbucks","chain restaurant / coffee","0","0","NYC DOHMH Restaurant Inspection Results (43nn-pn8j), accessed 2026-09-20"
"DUNKIN","Dunkin","chain restaurant / coffee","40.879097412953","-73.905132297295","NYC DOHMH Restaurant Inspection Results (43nn-pn8j), accessed 2026-09-20"
"CHIPOTLE MEXICAN GRILL","Chipotle","chain restaurant / coffee","40.745323478046","-73.982630258585","NYC DOHMH Restaurant Inspection Results (43nn-pn8j), accessed 2026-09-20"
"DUNKIN'","Dunkin","chain restaurant / coffee","40.676307560588","-74.001395201886","NYC DOHMH Restaurant Inspection Results (43nn-pn8j), accessed 2026-09-20"
"DUNKIN'","Dunkin","chain restaurant / coffee","40.677592263741","-73.933876240094","NYC DOHMH Restaurant Inspection Results (43nn-pn8j), accessed 2026-09-20"
"STARBUCKS","Starbucks","chain restaurant / coffee","40.71492421933","-73.831991313754","NYC DOHMH Restaurant Inspection Results (43nn-pn8j), accessed 2026-09-20"
"DUNKIN","Dunkin","chain restaurant / coffee","40.702394352709","-73.817639907149","NYC DOHMH Restaurant Inspection Results (43nn-pn8j), accessed 2026-09-20"
"DUNKIN","Dunkin","chain restaurant / coffee","40.828432766425","-73.948970898181","NYC DOHMH Restaurant Inspection Results (43nn-pn8j), accessed 2026-09-20"
"DUNKIN","Dunkin","chain restaurant / coffee","40.839081270359","-73.914748688599","NYC DOHMH Restaurant Inspection Results (43nn-pn8j), accessed 2026-09-20"
"DUNKIN","Dunkin","chain restaurant / coffee","40.878585957559","-73.885974477251","NYC DOHMH Restaurant Inspection Results (43nn-pn8j), accessed 2026-09-20"
"DUNKIN","Dunkin","chain restaurant / coffee","40.819954657982","-73.810444598449","NYC DOHMH Restaurant Inspection Results (43nn-pn8j), accessed 2026-09-20"
"STARBUCKS","Starbucks","chain restaurant / coffee","40.749389754098","-73.887730355409","NYC DOHMH Restaurant Inspection Results (43nn-pn8j), accessed 2026-09-20"
"POPEYES","Popeyes","chain restaurant / coffee","40.847647349519","-73.900767637493","NYC DOHMH Restaurant Inspection Results (43nn-pn8j), accessed 2026-09-20"
"DUNKIN'","Dunkin","chain restaurant / coffee","40.632067134632","-73.887780774198","NYC DOHMH Restaurant Inspection Results (43nn-pn8j), accessed 2026-09-20"
"DUNKIN',' BASKIN ROBBINS","Dunkin","chain restaurant / coffee","40.636997932955","-73.910979652396","NYC DOHMH Restaurant Inspection Results (43nn-pn8j), accessed 2026-09-20"
"PANERA BREAD","Panera","chain restaurant / coffee","40.70994659609","-73.859561425202","NYC DOHMH Restaurant Inspection Results (43nn-pn8j), accessed 2026-09-20"
"DUNKIN' / 'BASKIN ROBBINS","Dunkin","chain restaurant / coffee","40.685860060124","-73.82664906629","NYC DOHMH Restaurant Inspection Results (43nn-pn8j), accessed 2026-09-20"
"DUNKIN' / BASKIN ROBBINS","Dunkin","chain restaurant / coffee","40.680767290045","-73.844970684939","NYC DOHMH Restaurant Inspection Results (43nn-pn8j), accessed 2026-09-20"
"DUNKIN', BASKIN ROBBINS","Dunkin","chain restaurant / coffee","40.692364683337","-73.860474870796","NYC DOHMH Restaurant Inspection Results (43nn-pn8j), accessed 2026-09-20"
"DUNKIN',' BASKIN ROBBINS","Dunkin","chain restaurant / coffee","40.693346231136","-73.853018994889","NYC DOHMH Restaurant Inspection Results (43nn-pn8j), accessed 2026-09-20"
"CHIPOTLE MEXICAN GRILL","Chipotle","chain restaurant / coffee","40.778965775913","-73.981350464195","NYC DOHMH Restaurant Inspection Results (43nn-pn8j), accessed 2026-09-20"
"SUBWAY","Subway","chain restaurant / coffee","40.632527202476","-73.947323478148","NYC DOHMH Restaurant Inspection Results (43nn-pn8j), accessed 2026-09-20"
"DUNKIN' / 'BASKIN ROBBINS","Dunkin","chain restaurant / coffee","40.763296986965","-73.928213528694","NYC DOHMH Restaurant Inspection Results (43nn-pn8j), accessed 2026-09-20"
"STARBUCKS COFFEE","Starbucks","chain restaurant / coffee","40.806013164484","-73.954211431057","NYC DOHMH Restaurant Inspection Results (43nn-pn8j), accessed 2026-09-20"
"DUNKIN","Dunkin","chain restaurant / coffee","40.626844209715","-73.976428903306","NYC DOHMH Restaurant Inspection Results (43nn-pn8j), accessed 2026-09-20"
"BURGER KING","Burger King","chain restaurant / coffee","40.847647349519","-73.900767637493","NYC DOHMH Restaurant Inspection Results (43nn-pn8j), accessed 2026-09-20"
"DUNKIN', BASKIN ROBBINS","Dunkin","chain restaurant / coffee","40.685717275748","-73.793484283043","NYC DOHMH Restaurant Inspection Results (43nn-pn8j), accessed 2026-09-20"
"DUNKIN', BASKIN ROBBINS","Dunkin","chain restaurant / coffee","40.680718107623","-73.752801793428","NYC DOHMH Restaurant Inspection Results (43nn-pn8j), accessed 2026-09-20"
"DUNKIN' / BASKIN ROBBINS","Dunkin","chain restaurant / coffee","40.702522819293","-73.813888686192","NYC DOHMH Restaurant Inspection Results (43nn-pn8j), accessed 2026-09-20"
"DUNKIN' / BASKIN ROBBINS","Dunkin","chain restaurant / coffee","40.678986347856","-73.86481493455","NYC DOHMH Restaurant Inspection Results (43nn-pn8j), accessed 2026-09-20"
"SHAKE SHACK","Shake Shack","chain restaurant / coffee","40.780886164749","-73.976265837667","NYC DOHMH Restaurant Inspection Results (43nn-pn8j), accessed 2026-09-20"
"DUNKIN' / BASKIN ROBBINS","Dunkin","chain restaurant / coffee","40.801558795638","-73.948568977301","NYC DOHMH Restaurant Inspection Results (43nn-pn8j), accessed 2026-09-20"
"DUNKIN',' BASKIN ROBBINS","Dunkin","chain restaurant / coffee","40.764129940695","-73.958687788924","NYC DOHMH Restaurant Inspection Results (43nn-pn8j), accessed 2026-09-20"
"DUNKIN","Dunkin","chain restaurant / coffee","40.772625268685","-73.795152528241","NYC DOHMH Restaurant Inspection Results (43nn-pn8j), accessed 2026-09-20"
"SUBWAY","Subway","chain restaurant / coffee","40.625113344147","-74.145093805934","NYC DOHMH Restaurant Inspection Results (43nn-pn8j), accessed 2026-09-20"
"POPEYES","Popeyes","chain restaurant / coffee","40.824117526154","-73.859478519433","NYC DOHMH Restaurant Inspection Results (43nn-pn8j), accessed 2026-09-20"
"POPEYES","Popeyes","chain restaurant / coffee","40.86644068855","-73.861160348049","NYC DOHMH Restaurant Inspection Results (43nn-pn8j), accessed 2026-09-20"
"BURGER KING, POPEYES","Burger King","chain restaurant / coffee","40.721651063827","-73.80394651219","NYC DOHMH Restaurant Inspection Results (43nn-pn8j), accessed 2026-09-20"
"BURGER KING, POPEYES","Burger King","chain restaurant / coffee","40.837753747887","-73.859756792574","NYC DOHMH Restaurant Inspection Results (43nn-pn8j), accessed 2026-09-20"
"CHIPOTLE MEXICAN GRILL","Chipotle","chain restaurant / coffee","40.757442664136","-73.973798050467","NYC DOHMH Restaurant Inspection Results (43nn-pn8j), accessed 2026-09-20"
"CHIPOTLE MEXICAN GRILL","Chipotle","chain restaurant / coffee","40.755846551438","-73.980515949789","NYC DOHMH Restaurant Inspection Results (43nn-pn8j), accessed 2026-09-20"
"DUNKIN","Dunkin","chain restaurant / coffee","40.760542065811","-73.976421114653","NYC DOHMH Restaurant Inspection Results (43nn-pn8j), accessed 2026-09-20"
"DUNKIN","Dunkin","chain restaurant / coffee","40.729898202195","-73.86170932444","NYC DOHMH Restaurant Inspection Results (43nn-pn8j), accessed 2026-09-20"
"DUNKIN","Dunkin","chain restaurant / coffee","40.527752509527","-74.231871232975","NYC DOHMH Restaurant Inspection Results (43nn-pn8j), accessed 2026-09-20"
"DUNKIN","Dunkin","chain restaurant / coffee","40.724804982084","-73.722862269161","NYC DOHMH Restaurant Inspection Results (43nn-pn8j), accessed 2026-09-20"
"POPEYES","Popeyes","chain restaurant / coffee","40.604424469282","-73.997976082741","NYC DOHMH Restaurant Inspection Results (43nn-pn8j), accessed 2026-09-20"
"DUNKIN","Dunkin","chain restaurant / coffee","40.575558688379","-73.980802725594","NYC DOHMH Restaurant Inspection Results (43nn-pn8j), accessed 2026-09-20"
"DUNKIN","Dunkin","chain restaurant / coffee","40.881356075528","-73.83845462912","NYC DOHMH Restaurant Inspection Results (43nn-pn8j), accessed 2026-09-20"
"STARBUCKS","Starbucks","chain restaurant / coffee","40.710364426912","-74.00806169397","NYC DOHMH Restaurant Inspection Results (43nn-pn8j), accessed 2026-09-20"
"STARBUCKS","Starbucks","chain restaurant / coffee","40.764681266138","-73.97693948003","NYC DOHMH Restaurant Inspection Results (43nn-pn8j), accessed 2026-09-20"
"SUBWAY","Subway","chain restaurant / coffee","40.824026926714","-73.873635272519","NYC DOHMH Restaurant Inspection Results (43nn-pn8j), accessed 2026-09-20"
"DUNKIN","Dunkin","chain restaurant / coffee","40.674292763913","-73.735672734865","NYC DOHMH Restaurant Inspection Results (43nn-pn8j), accessed 2026-09-20"
"DUNKIN","Dunkin","chain restaurant / coffee","40.596586329156","-74.085574258833","NYC DOHMH Restaurant Inspection Results (43nn-pn8j), accessed 2026-09-20"
"SUBWAY","Subway","chain restaurant / coffee","40.801589884354","-73.944595769761","NYC DOHMH Restaurant Inspection Results (43nn-pn8j), accessed 2026-09-20"
"STARBUCKS","Starbucks","chain restaurant / coffee","40.737968201829","-73.988008881315","NYC DOHMH Restaurant Inspection Results (43nn-pn8j), accessed 2026-09-20"
"DUNKIN","Dunkin","chain restaurant / coffee","40.697127300483","-73.814329350629","NYC DOHMH Restaurant Inspection Results (43nn-pn8j), accessed 2026-09-20"
"DUNKIN' / JIMMY JOHN'S","Dunkin","chain restaurant / coffee","40.746674343927","-73.985856346962","NYC DOHMH Restaurant Inspection Results (43nn-pn8j), accessed 2026-09-20"
"DUNKIN","Dunkin","chain restaurant / coffee","40.769752205055","-73.834744279195","NYC DOHMH Restaurant Inspection Results (43nn-pn8j), accessed 2026-09-20"
"CHIPOTLE MEXICAN GRILL","Chipotle","chain restaurant / coffee","40.739721783434","-73.985244363578","NYC DOHMH Restaurant Inspection Results (43nn-pn8j), accessed 2026-09-20"
"CHIPOTLE MEXICAN GRILL","Chipotle","chain restaurant / coffee","40.751240830066","-73.980434289471","NYC DOHMH Restaurant Inspection Results (43nn-pn8j), accessed 2026-09-20"
"MCDONALD'S","McDonald’s","chain restaurant / coffee","40.849542641001","-73.844987873862","NYC DOHMH Restaurant Inspection Results (43nn-pn8j), accessed 2026-09-20"
"BURGER KING","Burger King","chain restaurant / coffee","40.819050413643","-73.927090950871","NYC DOHMH Restaurant Inspection Results (43nn-pn8j), accessed 2026-09-20"
"POPEYES","Popeyes","chain restaurant / coffee","40.819050413643","-73.927090950871","NYC DOHMH Restaurant Inspection Results (43nn-pn8j), accessed 2026-09-20"
"DUNKIN","Dunkin","chain restaurant / coffee","40.674309145438","-73.84319042987","NYC DOHMH Restaurant Inspection Results (43nn-pn8j), accessed 2026-09-20"
"DUNKIN","Dunkin","chain restaurant / coffee","0","0","NYC DOHMH Restaurant Inspection Results (43nn-pn8j), accessed 2026-09-20"
"DUNKIN","Dunkin","chain restaurant / coffee","40.755952491247","-73.998133888485","NYC DOHMH Restaurant Inspection Results (43nn-pn8j), accessed 2026-09-20"
"DUNKIN","Dunkin","chain restaurant / coffee","40.773709307149","-73.90726515828","NYC DOHMH Restaurant Inspection Results (43nn-pn8j), accessed 2026-09-20"
"DUNKIN'","Dunkin","chain restaurant / coffee","40.714012180926","-74.008668149838","NYC DOHMH Restaurant Inspection Results (43nn-pn8j), accessed 2026-09-20"
"MCDONALD'S","McDonald’s","chain restaurant / coffee","40.866995071884","-73.897752208058","NYC DOHMH Restaurant Inspection Results (43nn-pn8j), accessed 2026-09-20"
"DUNKIN","Dunkin","chain restaurant / coffee","40.853341937247","-73.934131008193","NYC DOHMH Restaurant Inspection Results (43nn-pn8j), accessed 2026-09-20"
"DUNKIN","Dunkin","chain restaurant / coffee","40.895495089844","-73.876913435036","NYC DOHMH Restaurant Inspection Results (43nn-pn8j), accessed 2026-09-20"
"DUNKIN","Dunkin","chain restaurant / coffee","40.713735178082","-73.933429024911","NYC DOHMH Restaurant Inspection Results (43nn-pn8j), accessed 2026-09-20"
"DUNKIN","Dunkin","chain restaurant / coffee","40.866489410223","-73.917453984001","NYC DOHMH Restaurant Inspection Results (43nn-pn8j), accessed 2026-09-20"
"DUNKIN","Dunkin","chain restaurant / coffee","40.758747437799","-73.978692223615","NYC DOHMH Restaurant Inspection Results (43nn-pn8j), accessed 2026-09-20"
"DUNKIN","Dunkin","chain restaurant / coffee","40.85989072655","-73.902950934535","NYC DOHMH Restaurant Inspection Results (43nn-pn8j), accessed 2026-09-20"
"STARBUCKS","Starbucks","chain restaurant / coffee","40.713334181422","-74.009201924448","NYC DOHMH Restaurant Inspection Results (43nn-pn8j), accessed 2026-09-20"
"CITI FIELD SHAKE SHACK - STAND 139","Shake Shack","chain restaurant / coffee","0","0","NYC DOHMH Restaurant Inspection Results (43nn-pn8j), accessed 2026-09-20"
"BURGER KING","Burger King","chain restaurant / coffee","40.843072982563","-73.83683479957","NYC DOHMH Restaurant Inspection Results (43nn-pn8j), accessed 2026-09-20"
"BURGER KING","Burger King","chain restaurant / coffee","40.877065742877","-73.846225257198","NYC DOHMH Restaurant Inspection Results (43nn-pn8j), accessed 2026-09-20"
"DUNKIN","Dunkin","chain restaurant / coffee","40.620954577253","-74.032091747167","NYC DOHMH Restaurant Inspection Results (43nn-pn8j), accessed 2026-09-20"
"STARBUCKS","Starbucks","chain restaurant / coffee","40.763872379501","-73.726713344799","NYC DOHMH Restaurant Inspection Results (43nn-pn8j), accessed 2026-09-20"
"DUNKIN'","Dunkin","chain restaurant / coffee","40.586299330104","-73.931428772825","NYC DOHMH Restaurant Inspection Results (43nn-pn8j), accessed 2026-09-20"
"SUBWAY","Subway","chain restaurant / coffee","40.608078102502","-74.162260908042","NYC DOHMH Restaurant Inspection Results (43nn-pn8j), accessed 2026-09-20"
"DUNKIN","Dunkin","chain restaurant / coffee","40.666094646447","-73.85191858792","NYC DOHMH Restaurant Inspection Results (43nn-pn8j), accessed 2026-09-20"
"DUNKIN","Dunkin","chain restaurant / coffee","40.669245514715","-73.950423325351","NYC DOHMH Restaurant Inspection Results (43nn-pn8j), accessed 2026-09-20"
"PANERA BREAD","Panera","chain restaurant / coffee","40.780990229554","-73.77549798665","NYC DOHMH Restaurant Inspection Results (43nn-pn8j), accessed 2026-09-20"
"DUNKIN","Dunkin","chain restaurant / coffee","40.625778307211","-73.928106238322","NYC DOHMH Restaurant Inspection Results (43nn-pn8j), accessed 2026-09-20"
"TACO BELL @ D'ANGELO CENTER","Taco Bell","chain restaurant / coffee","40.722181430104","-73.790333193132","NYC DOHMH Restaurant Inspection Results (43nn-pn8j), accessed 2026-09-20"
"STARBUCKS","Starbucks","chain restaurant / coffee","40.722181430104","-73.790333193132","NYC DOHMH Restaurant Inspection Results (43nn-pn8j), accessed 2026-09-20"
"DUNKIN","Dunkin","chain restaurant / coffee","40.708145673134","-73.830836219179","NYC DOHMH Restaurant Inspection Results (43nn-pn8j), accessed 2026-09-20"
"DUNKIN","Dunkin","chain restaurant / coffee","40.689931543602","-73.84254414806","NYC DOHMH Restaurant Inspection Results (43nn-pn8j), accessed 2026-09-20"
"STARBUCKS","Starbucks","chain restaurant / coffee","40.756384108784","-73.978205696835","NYC DOHMH Restaurant Inspection Results (43nn-pn8j), accessed 2026-09-20"
"DUNKIN","Dunkin","chain restaurant / coffee","40.755689183083","-73.924969611385","NYC DOHMH Restaurant Inspection Results (43nn-pn8j), accessed 2026-09-20"
"KFC / TACO BELL","Taco Bell","chain restaurant / coffee","40.729468769815","-73.950915949393","NYC DOHMH Restaurant Inspection Results (43nn-pn8j), accessed 2026-09-20"
"DUNKIN","Dunkin","chain restaurant / coffee","40.707078133808","-73.751127468185","NYC DOHMH Restaurant Inspection Results (43nn-pn8j), accessed 2026-09-20"
"STARBUCKS","Starbucks","chain restaurant / coffee","40.747119757708","-73.99499068076","NYC DOHMH Restaurant Inspection Results (43nn-pn8j), accessed 2026-09-20"
"DUNKIN","Dunkin","chain restaurant / coffee","40.805156076553","-73.910909213414","NYC DOHMH Restaurant Inspection Results (43nn-pn8j), accessed 2026-09-20"
"SUBWAY","Subway","chain restaurant / coffee","40.683651564817","-73.911764441564","NYC DOHMH Restaurant Inspection Results (43nn-pn8j), accessed 2026-09-20"
"MCDONALD'S","McDonald’s","chain restaurant / coffee","40.66332885091","-73.96022829133","NYC DOHMH Restaurant Inspection Results (43nn-pn8j), accessed 2026-09-20"
"MCDONALD'S","McDonald’s","chain restaurant / coffee","40.668765815868","-73.930514569136","NYC DOHMH Restaurant Inspection Results (43nn-pn8j), accessed 2026-09-20"
"DUNKIN","Dunkin","chain restaurant / coffee","40.757675818064","-73.920058315498","NYC DOHMH Restaurant Inspection Results (43nn-pn8j), accessed 2026-09-20"
"CHIPOTLE MEXICAN GRILL","Chipotle","chain restaurant / coffee","40.741907559667","-74.000963532564","NYC DOHMH Restaurant Inspection Results (43nn-pn8j), accessed 2026-09-20"
"CHIPOTLE MEXICAN GRILL","Chipotle","chain restaurant / coffee","40.734073483813","-73.989030736717","NYC DOHMH Restaurant Inspection Results (43nn-pn8j), accessed 2026-09-20"
"CHIPOTLE MEXICAN GRILL","Chipotle","chain restaurant / coffee","40.752976675196","-73.989164766809","NYC DOHMH Restaurant Inspection Results (43nn-pn8j), accessed 2026-09-20"
"SUBWAY","Subway","chain restaurant / coffee","40.650110183329","-73.960780368158","NYC DOHMH Restaurant Inspection Results (43nn-pn8j), accessed 2026-09-20"
"DUNKIN'","Dunkin","chain restaurant / coffee","40.86183680732","-73.843328618438","NYC DOHMH Restaurant Inspection Results (43nn-pn8j), accessed 2026-09-20"
"DUNKIN","Dunkin","chain restaurant / coffee","40.82430225275","-73.909416511651","NYC DOHMH Restaurant Inspection Results (43nn-pn8j), accessed 2026-09-20"
"DUNKIN'","Dunkin","chain restaurant / coffee","40.658843824909","-73.931152079322","NYC DOHMH Restaurant Inspection Results (43nn-pn8j), accessed 2026-09-20"
"WENDY'S","Wendy’s","chain restaurant / coffee","40.648312826068","-73.788281497594","NYC DOHMH Restaurant Inspection Results (43nn-pn8j), accessed 2026-09-20"
"DUNKIN","Dunkin","chain restaurant / coffee","40.895507377518","-73.863483077625","NYC DOHMH Restaurant Inspection Results (43nn-pn8j), accessed 2026-09-20"
"DUNKIN","Dunkin","chain restaurant / coffee","40.612569369918","-74.129301700098","NYC DOHMH Restaurant Inspection Results (43nn-pn8j), accessed 2026-09-20"
"DUNKIN',' BASKIN ROBBINS","Dunkin","chain restaurant / coffee","40.629075367568","-74.114937752515","NYC DOHMH Restaurant Inspection Results (43nn-pn8j), accessed 2026-09-20"
"MCDONALD'S","McDonald’s","chain restaurant / coffee","40.731218080873","-73.982258701416","NYC DOHMH Restaurant Inspection Results (43nn-pn8j), accessed 2026-09-20"
"DUNKIN","Dunkin","chain restaurant / coffee","40.743090356442","-73.993226281436","NYC DOHMH Restaurant Inspection Results (43nn-pn8j), accessed 2026-09-20"
"SUBWAY","Subway","chain restaurant / coffee","40.767035672158","-73.993797843013","NYC DOHMH Restaurant Inspection Results (43nn-pn8j), accessed 2026-09-20"
"BURGER KING","Burger King","chain restaurant / coffee","40.703725905471","-73.821340299727","NYC DOHMH Restaurant Inspection Results (43nn-pn8j), accessed 2026-09-20"
"SHAKE SHACK","Shake Shack","chain restaurant / coffee","40.758699509221","-73.989275731418","NYC DOHMH Restaurant Inspection Results (43nn-pn8j), accessed 2026-09-20"
"SHAKE SHACK","Shake Shack","chain restaurant / coffee","40.779260417173","-73.955060375189","NYC DOHMH Restaurant Inspection Results (43nn-pn8j), accessed 2026-09-20"
"POPEYES","Popeyes","chain restaurant / coffee","40.702223564768","-73.79151424692","NYC DOHMH Restaurant Inspection Results (43nn-pn8j), accessed 2026-09-20"
"DUNKIN","Dunkin","chain restaurant / coffee","40.711919601254","-73.941117590872","NYC DOHMH Restaurant Inspection Results (43nn-pn8j), accessed 2026-09-20"
"CHIPOTLE MEXICAN GRILL","Chipotle","chain restaurant / coffee","40.709604223664","-74.006521420949","NYC DOHMH Restaurant Inspection Results (43nn-pn8j), accessed 2026-09-20"
"SUBWAY","Subway","chain restaurant / coffee","40.752537631965","-73.973164747889","NYC DOHMH Restaurant Inspection Results (43nn-pn8j), accessed 2026-09-20"
"DUNKIN'","Dunkin","chain restaurant / coffee","40.575307730539","-73.9967062742","NYC DOHMH Restaurant Inspection Results (43nn-pn8j), accessed 2026-09-20"
"DUNKIN' / BASKIN ROBBINS","Dunkin","chain restaurant / coffee","40.596293383678","-73.984530808338","NYC DOHMH Restaurant Inspection Results (43nn-pn8j), accessed 2026-09-20"
"DUNKIN', BASKIN ROBBINS","Dunkin","chain restaurant / coffee","40.625086451921","-73.962113606163","NYC DOHMH Restaurant Inspection Results (43nn-pn8j), accessed 2026-09-20"
"MCDONALD'S","McDonald’s","chain restaurant / coffee","40.703402555624","-73.800051101349","NYC DOHMH Restaurant Inspection Results (43nn-pn8j), accessed 2026-09-20"
"DUNKIN","Dunkin","chain restaurant / coffee","40.768703139145","-73.91107369208","NYC DOHMH Restaurant Inspection Results (43nn-pn8j), accessed 2026-09-20"
"SUBWAY","Subway","chain restaurant / coffee","40.70534644851","-74.013730894799","NYC DOHMH Restaurant Inspection Results (43nn-pn8j), accessed 2026-09-20"
"DUNKIN","Dunkin","chain restaurant / coffee","40.708126852564","-74.014128228775","NYC DOHMH Restaurant Inspection Results (43nn-pn8j), accessed 2026-09-20"
"POPEYES","Popeyes","chain restaurant / coffee","40.674063207045","-73.798264768931","NYC DOHMH Restaurant Inspection Results (43nn-pn8j), accessed 2026-09-20"
"DUNKIN","Dunkin","chain restaurant / coffee","40.75752777585","-73.827782943869","NYC DOHMH Restaurant Inspection Results (43nn-pn8j), accessed 2026-09-20"
"SUBWAY","Subway","chain restaurant / coffee","40.699925504037","-73.831131248703","NYC DOHMH Restaurant Inspection Results (43nn-pn8j), accessed 2026-09-20"
"STARBUCKS","Starbucks","chain restaurant / coffee","40.785955887484","-73.95084525706","NYC DOHMH Restaurant Inspection Results (43nn-pn8j), accessed 2026-09-20"
"DUNKIN","Dunkin","chain restaurant / coffee","40.759220798767","-73.831142775773","NYC DOHMH Restaurant Inspection Results (43nn-pn8j), accessed 2026-09-20"
"DUNKIN","Dunkin","chain restaurant / coffee","40.719974310677","-73.762038887368","NYC DOHMH Restaurant Inspection Results (43nn-pn8j), accessed 2026-09-20"
"DUNKIN',' BASKIN ROBBINS","Dunkin","chain restaurant / coffee","40.712644997965","-73.783837960076","NYC DOHMH Restaurant Inspection Results (43nn-pn8j), accessed 2026-09-20"
"DUNKIN","Dunkin","chain restaurant / coffee","40.596431486755","-73.933362783611","NYC DOHMH Restaurant Inspection Results (43nn-pn8j), accessed 2026-09-20"
"POPEYES","Popeyes","chain restaurant / coffee","40.824357281332","-73.909586258112","NYC DOHMH Restaurant Inspection Results (43nn-pn8j), accessed 2026-09-20"
"SUBWAY","Subway","chain restaurant / coffee","40.754313875308","-73.998516532122","NYC DOHMH Restaurant Inspection Results (43nn-pn8j), accessed 2026-09-20"
"DUNKIN'","Dunkin","chain restaurant / coffee","40.859165375933","-73.898906671578","NYC DOHMH Restaurant Inspection Results (43nn-pn8j), accessed 2026-09-20"
"SUBWAY","Subway","chain restaurant / coffee","40.890826405359","-73.849318266857","NYC DOHMH Restaurant Inspection Results (43nn-pn8j), accessed 2026-09-20"
"CHIPOTLE MEXICAN GRILL","Chipotle","chain restaurant / coffee","40.766689465254","-73.962812521762","NYC DOHMH Restaurant Inspection Results (43nn-pn8j), accessed 2026-09-20"
"DUNKIN'","Dunkin","chain restaurant / coffee","40.621423383791","-73.91745204216","NYC DOHMH Restaurant Inspection Results (43nn-pn8j), accessed 2026-09-20"
"KFC","KFC","chain restaurant / coffee","40.762747931075","-73.915933341073","NYC DOHMH Restaurant Inspection Results (43nn-pn8j), accessed 2026-09-20"
"DUNKIN","Dunkin","chain restaurant / coffee","40.764808061214","-73.885942592382","NYC DOHMH Restaurant Inspection Results (43nn-pn8j), accessed 2026-09-20"
"POPEYES","Popeyes","chain restaurant / coffee","0","0","NYC DOHMH Restaurant Inspection Results (43nn-pn8j), accessed 2026-09-20"
"SUBWAY","Subway","chain restaurant / coffee","40.602724426252","-73.750084676664","NYC DOHMH Restaurant Inspection Results (43nn-pn8j), accessed 2026-09-20"
"DUNKIN/JIMMY JOHN'S","Dunkin","chain restaurant / coffee","40.752493963463","-73.994221491633","NYC DOHMH Restaurant Inspection Results (43nn-pn8j), accessed 2026-09-20"
"CHIPOTLE MEXICAN GRILL","Chipotle","chain restaurant / coffee","40.765604459847","-73.982321706774","NYC DOHMH Restaurant Inspection Results (43nn-pn8j), accessed 2026-09-20"
"CHIPOTLE MEXICAN GRILL","Chipotle","chain restaurant / coffee","40.763550588521","-73.9777629333","NYC DOHMH Restaurant Inspection Results (43nn-pn8j), accessed 2026-09-20"
"MCDONALD'S","McDonald’s","chain restaurant / coffee","40.869053936821","-73.830645859582","NYC DOHMH Restaurant Inspection Results (43nn-pn8j), accessed 2026-09-20"
"DUNKIN","Dunkin","chain restaurant / coffee","40.784543319036","-73.946881363811","NYC DOHMH Restaurant Inspection Results (43nn-pn8j), accessed 2026-09-20"
"POPEYES","Popeyes","chain restaurant / coffee","40.718430102316","-73.765237035916","NYC DOHMH Restaurant Inspection Results (43nn-pn8j), accessed 2026-09-20"
"DUNKIN","Dunkin","chain restaurant / coffee","40.760793044754","-73.922870176301","NYC DOHMH Restaurant Inspection Results (43nn-pn8j), accessed 2026-09-20"
"DUNKIN'","Dunkin","chain restaurant / coffee","40.58717856638","-74.103819505586","NYC DOHMH Restaurant Inspection Results (43nn-pn8j), accessed 2026-09-20"
"SUBWAY","Subway","chain restaurant / coffee","40.715143091215","-74.007752047973","NYC DOHMH Restaurant Inspection Results (43nn-pn8j), accessed 2026-09-20"
"DUNKIN'","Dunkin","chain restaurant / coffee","40.675674871894","-73.8660690522","NYC DOHMH Restaurant Inspection Results (43nn-pn8j), accessed 2026-09-20"
"DUNKIN BASKIN ROBBINS","Dunkin","chain restaurant / coffee","40.765039657309","-73.82027269139","NYC DOHMH Restaurant Inspection Results (43nn-pn8j), accessed 2026-09-20"
"DUNKIN","Dunkin","chain restaurant / coffee","40.714373344161","-73.901100288263","NYC DOHMH Restaurant Inspection Results (43nn-pn8j), accessed 2026-09-20"
"DUNKIN',' BASKIN ROBBINS","Dunkin","chain restaurant / coffee","40.706421701608","-73.792269318656","NYC DOHMH Restaurant Inspection Results (43nn-pn8j), accessed 2026-09-20"
"DUNKIN","Dunkin","chain restaurant / coffee","40.702223564768","-73.79151424692","NYC DOHMH Restaurant Inspection Results (43nn-pn8j), accessed 2026-09-20"
"DUNKIN', BASKIN ROBBINS","Dunkin","chain restaurant / coffee","40.710269589846","-73.771895607736","NYC DOHMH Restaurant Inspection Results (43nn-pn8j), accessed 2026-09-20"
"STARBUCKS","Starbucks","chain restaurant / coffee","40.761914486868","-73.925258577284","NYC DOHMH Restaurant Inspection Results (43nn-pn8j), accessed 2026-09-20"
"SHAKE SHACK","Shake Shack","chain restaurant / coffee","40.714804609047","-74.016153324341","NYC DOHMH Restaurant Inspection Results (43nn-pn8j), accessed 2026-09-20"
"DUNKIN","Dunkin","chain restaurant / coffee","40.5999269998","-73.946488650037","NYC DOHMH Restaurant Inspection Results (43nn-pn8j), accessed 2026-09-20"
"SUBWAY","Subway","chain restaurant / coffee","40.756557409609","-73.980313607207","NYC DOHMH Restaurant Inspection Results (43nn-pn8j), accessed 2026-09-20"
"MCDONALD'S","McDonald’s","chain restaurant / coffee","40.812282223555","-73.942173639315","NYC DOHMH Restaurant Inspection Results (43nn-pn8j), accessed 2026-09-20"
"DUNKIN","Dunkin","chain restaurant / coffee","40.832660165293","-73.827931020558","NYC DOHMH Restaurant Inspection Results (43nn-pn8j), accessed 2026-09-20"
"PANERA BREAD","Panera","chain restaurant / coffee","40.733428169799","-73.864170033452","NYC DOHMH Restaurant Inspection Results (43nn-pn8j), accessed 2026-09-20"
"SUBWAY","Subway","chain restaurant / coffee","40.758062432505","-73.777921818943","NYC DOHMH Restaurant Inspection Results (43nn-pn8j), accessed 2026-09-20"
"SHAKE SHACK","Shake Shack","chain restaurant / coffee","40.691996142638","-73.988691507491","NYC DOHMH Restaurant Inspection Results (43nn-pn8j), accessed 2026-09-20"
"BURGER KING","Burger King","chain restaurant / coffee","40.542985692088","-74.163922813422","NYC DOHMH Restaurant Inspection Results (43nn-pn8j), accessed 2026-09-20"
"KFC","KFC","chain restaurant / coffee","40.873524613861","-73.854325889861","NYC DOHMH Restaurant Inspection Results (43nn-pn8j), accessed 2026-09-20"
"KFC","KFC","chain restaurant / coffee","40.881036149618","-73.839316094398","NYC DOHMH Restaurant Inspection Results (43nn-pn8j), accessed 2026-09-20"
"POPEYES","Popeyes","chain restaurant / coffee","40.677664571164","-73.828757893149","NYC DOHMH Restaurant Inspection Results (43nn-pn8j), accessed 2026-09-20"
"POPEYES LOUISIANA KITCHEN","Popeyes","chain restaurant / coffee","40.698930282627","-73.917189810308","NYC DOHMH Restaurant Inspection Results (43nn-pn8j), accessed 2026-09-20"
"DUNKIN'","Dunkin","chain restaurant / coffee","40.641273126244","-73.964259137455","NYC DOHMH Restaurant Inspection Results (43nn-pn8j), accessed 2026-09-20"
"STARBUCKS COFFEE","Starbucks","chain restaurant / coffee","40.738954171049","-74.002515177206","NYC DOHMH Restaurant Inspection Results (43nn-pn8j), accessed 2026-09-20"
"STARBUCKS","Starbucks","chain restaurant / coffee","0","0","NYC DOHMH Restaurant Inspection Results (43nn-pn8j), accessed 2026-09-20"
"MCDONALD'S","McDonald’s","chain restaurant / coffee","40.841694279599","-73.904314826491","NYC DOHMH Restaurant Inspection Results (43nn-pn8j), accessed 2026-09-20"
"STARBUCKS","Starbucks","chain restaurant / coffee","40.766243259887","-73.958289366353","NYC DOHMH Restaurant Inspection Results (43nn-pn8j), accessed 2026-09-20"
"DUNKIN","Dunkin","chain restaurant / coffee","40.608093346621","-74.121106836523","NYC DOHMH Restaurant Inspection Results (43nn-pn8j), accessed 2026-09-20"
"DUNKIN","Dunkin","chain restaurant / coffee","40.73494798666","-73.952495966952","NYC DOHMH Restaurant Inspection Results (43nn-pn8j), accessed 2026-09-20"
"DUNKIN","Dunkin","chain restaurant / coffee","40.870903071931","-73.85624801262","NYC DOHMH Restaurant Inspection Results (43nn-pn8j), accessed 2026-09-20"
"DUNKIN","Dunkin","chain restaurant / coffee","40.865494332101","-73.859376287689","NYC DOHMH Restaurant Inspection Results (43nn-pn8j), accessed 2026-09-20"
"BURGER KING, POPEYES","Burger King","chain restaurant / coffee","40.621966244337","-74.02581715677","NYC DOHMH Restaurant Inspection Results (43nn-pn8j), accessed 2026-09-20"
"DUNKIN","Dunkin","chain restaurant / coffee","40.722181430104","-73.790333193132","NYC DOHMH Restaurant Inspection Results (43nn-pn8j), accessed 2026-09-20"
"DUNKIN'","Dunkin","chain restaurant / coffee","40.846191864459","-73.831719941615","NYC DOHMH Restaurant Inspection Results (43nn-pn8j), accessed 2026-09-20"
"DUNKIN","Dunkin","chain restaurant / coffee","40.826475468254","-73.822010345463","NYC DOHMH Restaurant Inspection Results (43nn-pn8j), accessed 2026-09-20"
"DUNKIN","Dunkin","chain restaurant / coffee","40.858364503264","-73.884939215614","NYC DOHMH Restaurant Inspection Results (43nn-pn8j), accessed 2026-09-20"
"STARBUCKS","Starbucks","chain restaurant / coffee","40.718027875457","-74.00725095088","NYC DOHMH Restaurant Inspection Results (43nn-pn8j), accessed 2026-09-20"
"DUNKIN","Dunkin","chain restaurant / coffee","40.720489173461","-73.844592932003","NYC DOHMH Restaurant Inspection Results (43nn-pn8j), accessed 2026-09-20"
"DUNKIN","Dunkin","chain restaurant / coffee","40.840866912404","-73.839279769796","NYC DOHMH Restaurant Inspection Results (43nn-pn8j), accessed 2026-09-20"
"DUNKIN","Dunkin","chain restaurant / coffee","40.83680651674","-73.846636694517","NYC DOHMH Restaurant Inspection Results (43nn-pn8j), accessed 2026-09-20"
"DUNKIN","Dunkin","chain restaurant / coffee","40.849397165034","-73.853348774007","NYC DOHMH Restaurant Inspection Results (43nn-pn8j), accessed 2026-09-20"
"DUNKIN',' BASKIN ROBBINS","Dunkin","chain restaurant / coffee","40.8240351172","-73.873595511583","NYC DOHMH Restaurant Inspection Results (43nn-pn8j), accessed 2026-09-20"
"DUNKIN' DONUTS","Dunkin","chain restaurant / coffee","40.835051752475","-73.861052641225","NYC DOHMH Restaurant Inspection Results (43nn-pn8j), accessed 2026-09-20"
"DUNKIN","Dunkin","chain restaurant / coffee","40.86543502791","-73.867207521183","NYC DOHMH Restaurant Inspection Results (43nn-pn8j), accessed 2026-09-20"
"DUNKIN","Dunkin","chain restaurant / coffee","40.876453520276","-73.863500653744","NYC DOHMH Restaurant Inspection Results (43nn-pn8j), accessed 2026-09-20"
"DUNKIN'","Dunkin","chain restaurant / coffee","40.863596229165","-73.864998601074","NYC DOHMH Restaurant Inspection Results (43nn-pn8j), accessed 2026-09-20"
"DUNKIN","Dunkin","chain restaurant / coffee","40.611211971445","-74.009220208222","NYC DOHMH Restaurant Inspection Results (43nn-pn8j), accessed 2026-09-20"
"DUNKIN","Dunkin","chain restaurant / coffee","40.646026900631","-73.912769325643","NYC DOHMH Restaurant Inspection Results (43nn-pn8j), accessed 2026-09-20"
"DUNKIN","Dunkin","chain restaurant / coffee","40.743298138545","-73.95391907988","NYC DOHMH Restaurant Inspection Results (43nn-pn8j), accessed 2026-09-20"
"POPEYES","Popeyes","chain restaurant / coffee","40.657186404894","-73.889590883468","NYC DOHMH Restaurant Inspection Results (43nn-pn8j), accessed 2026-09-20"
"POPEYES","Popeyes","chain restaurant / coffee","40.703095248985","-73.800113339439","NYC DOHMH Restaurant Inspection Results (43nn-pn8j), accessed 2026-09-20"
"SUBWAY","Subway","chain restaurant / coffee","40.716386633118","-74.004794166918","NYC DOHMH Restaurant Inspection Results (43nn-pn8j), accessed 2026-09-20"
"DUNKIN","Dunkin","chain restaurant / coffee","40.759691027148","-73.965021973082","NYC DOHMH Restaurant Inspection Results (43nn-pn8j), accessed 2026-09-20"
"SUBWAY","Subway","chain restaurant / coffee","40.646733691161","-74.019358371197","NYC DOHMH Restaurant Inspection Results (43nn-pn8j), accessed 2026-09-20"
"DUNKIN'","Dunkin","chain restaurant / coffee","40.649098386461","-73.96390537073","NYC DOHMH Restaurant Inspection Results (43nn-pn8j), accessed 2026-09-20"
"CHIPOTLE MEXICAN GRILL","Chipotle","chain restaurant / coffee","40.714443275757","-74.00608541977","NYC DOHMH Restaurant Inspection Results (43nn-pn8j), accessed 2026-09-20"
"CHIPOTLE MEXICAN GRILL","Chipotle","chain restaurant / coffee","40.725982380452","-73.996309148479","NYC DOHMH Restaurant Inspection Results (43nn-pn8j), accessed 2026-09-20"
"SUBWAY","Subway","chain restaurant / coffee","40.852446046949","-73.827294045993","NYC DOHMH Restaurant Inspection Results (43nn-pn8j), accessed 2026-09-20"
"CHIPOTLE MEXICAN GRILL","Chipotle","chain restaurant / coffee","40.73343722247","-73.999693296566","NYC DOHMH Restaurant Inspection Results (43nn-pn8j), accessed 2026-09-20"
"DUNKIN","Dunkin","chain restaurant / coffee","0","0","NYC DOHMH Restaurant Inspection Results (43nn-pn8j), accessed 2026-09-20"
"DUNKIN', BASKIN ROBBINS","Dunkin","chain restaurant / coffee","40.834110461731","-73.852374359612","NYC DOHMH Restaurant Inspection Results (43nn-pn8j), accessed 2026-09-20"
"DUNKIN',' BASKIN ROBBINS","Dunkin","chain restaurant / coffee","40.714789750973","-73.807556006909","NYC DOHMH Restaurant Inspection Results (43nn-pn8j), accessed 2026-09-20"
"DUNKIN","Dunkin","chain restaurant / coffee","40.749769945621","-73.863696266331","NYC DOHMH Restaurant Inspection Results (43nn-pn8j), accessed 2026-09-20"
"DUNKIN'","Dunkin","chain restaurant / coffee","40.701555930597","-73.942266447807","NYC DOHMH Restaurant Inspection Results (43nn-pn8j), accessed 2026-09-20"
"DUNKIN'","Dunkin","chain restaurant / coffee","40.764118033982","-73.771262839861","NYC DOHMH Restaurant Inspection Results (43nn-pn8j), accessed 2026-09-20"
"STARBUCKS","Starbucks","chain restaurant / coffee","40.61109689623","-73.920479432472","NYC DOHMH Restaurant Inspection Results (43nn-pn8j), accessed 2026-09-20"
"SUBWAY / STAR MINI MART","Subway","chain restaurant / coffee","40.765158577373","-73.819095506444","NYC DOHMH Restaurant Inspection Results (43nn-pn8j), accessed 2026-09-20"
"POPEYES","Popeyes","chain restaurant / coffee","40.715909040079","-73.995126506458","NYC DOHMH Restaurant Inspection Results (43nn-pn8j), accessed 2026-09-20"
"SUBWAY","Subway","chain restaurant / coffee","40.855603921518","-73.867664632223","NYC DOHMH Restaurant Inspection Results (43nn-pn8j), accessed 2026-09-20"
"DUNKIN","Dunkin","chain restaurant / coffee","40.882063146492","-73.88020398665","NYC DOHMH Restaurant Inspection Results (43nn-pn8j), accessed 2026-09-20"
"DUNKIN', BASKIN ROBBINS","Dunkin","chain restaurant / coffee","40.844553683352","-73.897248299906","NYC DOHMH Restaurant Inspection Results (43nn-pn8j), accessed 2026-09-20"
"DUNKIN',' BASKIN ROBBINS","Dunkin","chain restaurant / coffee","40.847398932435","-73.912572912135","NYC DOHMH Restaurant Inspection Results (43nn-pn8j), accessed 2026-09-20"
"DUNKIN'","Dunkin","chain restaurant / coffee","40.854815990249","-73.929719380597","NYC DOHMH Restaurant Inspection Results (43nn-pn8j), accessed 2026-09-20"
"DUNKIN',' BASKIN ROBBINS","Dunkin","chain restaurant / coffee","40.867395347236","-73.897241794169","NYC DOHMH Restaurant Inspection Results (43nn-pn8j), accessed 2026-09-20"
"STARBUCKS","Starbucks","chain restaurant / coffee","40.750956300473","-73.986945421284","NYC DOHMH Restaurant Inspection Results (43nn-pn8j), accessed 2026-09-20"
"DUNKIN' / BASKIN ROBBINS","Dunkin","chain restaurant / coffee","40.867776345085","-73.920869117333","NYC DOHMH Restaurant Inspection Results (43nn-pn8j), accessed 2026-09-20"
"CHIPOTLE MEXICAN GRILL","Chipotle","chain restaurant / coffee","40.722499305546","-73.997586461269","NYC DOHMH Restaurant Inspection Results (43nn-pn8j), accessed 2026-09-20"
"STARBUCKS","Starbucks","chain restaurant / coffee","40.743899731938","-73.988978588805","NYC DOHMH Restaurant Inspection Results (43nn-pn8j), accessed 2026-09-20"
"DUNKIN","Dunkin","chain restaurant / coffee","40.733349731991","-73.869907351413","NYC DOHMH Restaurant Inspection Results (43nn-pn8j), accessed 2026-09-20"
"DUNKIN","Dunkin","chain restaurant / coffee","40.78295077428","-73.845880141721","NYC DOHMH Restaurant Inspection Results (43nn-pn8j), accessed 2026-09-20"
"PANERA BREAD","Panera","chain restaurant / coffee","40.693393253911","-73.988914847833","NYC DOHMH Restaurant Inspection Results (43nn-pn8j), accessed 2026-09-20"
"DUNKIN","Dunkin","chain restaurant / coffee","40.766283748722","-73.956451819069","NYC DOHMH Restaurant Inspection Results (43nn-pn8j), accessed 2026-09-20"
"DUNKIN'/HUDSON NEWS","Dunkin","chain restaurant / coffee","40.750009774218","-73.991345194031","NYC DOHMH Restaurant Inspection Results (43nn-pn8j), accessed 2026-09-20"
"DUNKIN","Dunkin","chain restaurant / coffee","40.750009774218","-73.991345194031","NYC DOHMH Restaurant Inspection Results (43nn-pn8j), accessed 2026-09-20"
"DUNKIN',' HUDSON NEWS","Dunkin","chain restaurant / coffee","40.750009774218","-73.991345194031","NYC DOHMH Restaurant Inspection Results (43nn-pn8j), accessed 2026-09-20"
"MCDONALD'S","McDonald’s","chain restaurant / coffee","40.7576490691","-73.779915703781","NYC DOHMH Restaurant Inspection Results (43nn-pn8j), accessed 2026-09-20"
"DUNKIN', BASKIN ROBBINS","Dunkin","chain restaurant / coffee","40.642180954917","-74.013368324212","NYC DOHMH Restaurant Inspection Results (43nn-pn8j), accessed 2026-09-20"
"SUBWAY","Subway","chain restaurant / coffee","40.726852190584","-73.853417447884","NYC DOHMH Restaurant Inspection Results (43nn-pn8j), accessed 2026-09-20"
"POPEYES","Popeyes","chain restaurant / coffee","40.575531148015","-73.980259176952","NYC DOHMH Restaurant Inspection Results (43nn-pn8j), accessed 2026-09-20"
"DUNKIN","Dunkin","chain restaurant / coffee","40.77827285406","-73.95648366598","NYC DOHMH Restaurant Inspection Results (43nn-pn8j), accessed 2026-09-20"
"DUNKIN","Dunkin","chain restaurant / coffee","40.691974039099","-73.987303192315","NYC DOHMH Restaurant Inspection Results (43nn-pn8j), accessed 2026-09-20"
"SUBWAY","Subway","chain restaurant / coffee","40.757595296037","-73.969452044335","NYC DOHMH Restaurant Inspection Results (43nn-pn8j), accessed 2026-09-20"
"TACO BELL","Taco Bell","chain restaurant / coffee","40.824413358566","-73.89189580626","NYC DOHMH Restaurant Inspection Results (43nn-pn8j), accessed 2026-09-20"
"POPEYES","Popeyes","chain restaurant / coffee","40.676934297937","-73.922019365624","NYC DOHMH Restaurant Inspection Results (43nn-pn8j), accessed 2026-09-20"
"TACO BELL","Taco Bell","chain restaurant / coffee","40.757721650952","-73.793873813445","NYC DOHMH Restaurant Inspection Results (43nn-pn8j), accessed 2026-09-20"
"STARBUCKS","Starbucks","chain restaurant / coffee","40.694642494616","-73.99381542176","NYC DOHMH Restaurant Inspection Results (43nn-pn8j), accessed 2026-09-20"
"DUNKIN'","Dunkin","chain restaurant / coffee","40.717210162211","-74.000602434767","NYC DOHMH Restaurant Inspection Results (43nn-pn8j), accessed 2026-09-20"
"DUNKIN'","Dunkin","chain restaurant / coffee","40.752164088453","-73.987793367771","NYC DOHMH Restaurant Inspection Results (43nn-pn8j), accessed 2026-09-20"
"STARBUCKS COFFEE","Starbucks","chain restaurant / coffee","40.794980614566","-73.965956828718","NYC DOHMH Restaurant Inspection Results (43nn-pn8j), accessed 2026-09-20"
"DUNKIN","Dunkin","chain restaurant / coffee","40.56099408669","-74.134632280347","NYC DOHMH Restaurant Inspection Results (43nn-pn8j), accessed 2026-09-20"
"DUNKIN","Dunkin","chain restaurant / coffee","40.809991403134","-73.924991245915","NYC DOHMH Restaurant Inspection Results (43nn-pn8j), accessed 2026-09-20"
"DUNKIN","Dunkin","chain restaurant / coffee","40.602283416121","-73.994385791042","NYC DOHMH Restaurant Inspection Results (43nn-pn8j), accessed 2026-09-20"
"SUBWAY","Subway","chain restaurant / coffee","40.840762473999","-73.879544979015","NYC DOHMH Restaurant Inspection Results (43nn-pn8j), accessed 2026-09-20"
"CHIPOTLE MEXICAN GRILL","Chipotle","chain restaurant / coffee","40.715214166354","-74.011240301245","NYC DOHMH Restaurant Inspection Results (43nn-pn8j), accessed 2026-09-20"
"POPEYES","Popeyes","chain restaurant / coffee","40.647688359167","-73.95815836127","NYC DOHMH Restaurant Inspection Results (43nn-pn8j), accessed 2026-09-20"
"DUNKIN'","Dunkin","chain restaurant / coffee","40.638259421471","-73.997834531309","NYC DOHMH Restaurant Inspection Results (43nn-pn8j), accessed 2026-09-20"
"SUBWAY","Subway","chain restaurant / coffee","40.755920657664","-73.940587653436","NYC DOHMH Restaurant Inspection Results (43nn-pn8j), accessed 2026-09-20"
"STARBUCKS","Starbucks","chain restaurant / coffee","40.74043255208","-73.98430234633","NYC DOHMH Restaurant Inspection Results (43nn-pn8j), accessed 2026-09-20"
"STARBUCKS","Starbucks","chain restaurant / coffee","40.761237073224","-73.979456699065","NYC DOHMH Restaurant Inspection Results (43nn-pn8j), accessed 2026-09-20"
"STARBUCKS","Starbucks","chain restaurant / coffee","40.762621629375","-73.97212463865","NYC DOHMH Restaurant Inspection Results (43nn-pn8j), accessed 2026-09-20"
"DUNKIN","Dunkin","chain restaurant / coffee","40.798601980857","-73.953306369313","NYC DOHMH Restaurant Inspection Results (43nn-pn8j), accessed 2026-09-20"
"CHIPOTLE MEXICAN GRILL","Chipotle","chain restaurant / coffee","40.74432048382","-73.976188692601","NYC DOHMH Restaurant Inspection Results (43nn-pn8j), accessed 2026-09-20"
"SUBWAY","Subway","chain restaurant / coffee","40.757688085016","-73.834128206733","NYC DOHMH Restaurant Inspection Results (43nn-pn8j), accessed 2026-09-20"
"BURGER KING","Burger King","chain restaurant / coffee","40.647082480492","-73.981877557793","NYC DOHMH Restaurant Inspection Results (43nn-pn8j), accessed 2026-09-20"
"BURGER KING","Burger King","chain restaurant / coffee","40.691897305265","-73.988435496967","NYC DOHMH Restaurant Inspection Results (43nn-pn8j), accessed 2026-09-20"
"BURGER KING, POPEYES","Burger King","chain restaurant / coffee","40.614314983861","-73.926375354309","NYC DOHMH Restaurant Inspection Results (43nn-pn8j), accessed 2026-09-20"
"BURGER KING, POPEYES","Burger King","chain restaurant / coffee","40.654974365702","-73.838849957521","NYC DOHMH Restaurant Inspection Results (43nn-pn8j), accessed 2026-09-20"
"POPEYES","Popeyes","chain restaurant / coffee","40.653842622565","-73.918294743162","NYC DOHMH Restaurant Inspection Results (43nn-pn8j), accessed 2026-09-20"
"DUNKIN","Dunkin","chain restaurant / coffee","40.755373246397","-73.99484567895","NYC DOHMH Restaurant Inspection Results (43nn-pn8j), accessed 2026-09-20"
"DUNKIN","Dunkin","chain restaurant / coffee","40.699790653179","-73.911523005566","NYC DOHMH Restaurant Inspection Results (43nn-pn8j), accessed 2026-09-20"
"SUBWAY","Subway","chain restaurant / coffee","40.760984058278","-73.950744634575","NYC DOHMH Restaurant Inspection Results (43nn-pn8j), accessed 2026-09-20"
"DUNKIN' / BASKIN ROBBINS","Dunkin","chain restaurant / coffee","40.725427884488","-73.879552211235","NYC DOHMH Restaurant Inspection Results (43nn-pn8j), accessed 2026-09-20"
"DUNKIN","Dunkin","chain restaurant / coffee","40.667113421011","-73.811154587812","NYC DOHMH Restaurant Inspection Results (43nn-pn8j), accessed 2026-09-20"
"MCDONALD'S","McDonald’s","chain restaurant / coffee","40.885292304968","-73.827324117369","NYC DOHMH Restaurant Inspection Results (43nn-pn8j), accessed 2026-09-20"
"DUNKIN', 'BASKIN ROBBINS","Dunkin","chain restaurant / coffee","40.674673467688","-73.805141434216","NYC DOHMH Restaurant Inspection Results (43nn-pn8j), accessed 2026-09-20"
"DUNKIN","Dunkin","chain restaurant / coffee","40.673471793093","-73.79141340475","NYC DOHMH Restaurant Inspection Results (43nn-pn8j), accessed 2026-09-20"
"DUNKIN","Dunkin","chain restaurant / coffee","40.737103793456","-73.747601254459","NYC DOHMH Restaurant Inspection Results (43nn-pn8j), accessed 2026-09-20"
"CHIPOTLE MEXICAN GRILL","Chipotle","chain restaurant / coffee","40.733840182011","-73.871577033806","NYC DOHMH Restaurant Inspection Results (43nn-pn8j), accessed 2026-09-20"
"CHIPOTLE MEXICAN GRILL","Chipotle","chain restaurant / coffee","40.720490712496","-73.845732922968","NYC DOHMH Restaurant Inspection Results (43nn-pn8j), accessed 2026-09-20"
"CHIPOTLE MEXICAN GRILL","Chipotle","chain restaurant / coffee","40.689235219114","-73.992593533772","NYC DOHMH Restaurant Inspection Results (43nn-pn8j), accessed 2026-09-20"
"DUNKIN","Dunkin","chain restaurant / coffee","40.610330465182","-73.954511839337","NYC DOHMH Restaurant Inspection Results (43nn-pn8j), accessed 2026-09-20"
"DUNKIN', BASKIN ROBBINS","Dunkin","chain restaurant / coffee","40.615515998517","-73.993808373519","NYC DOHMH Restaurant Inspection Results (43nn-pn8j), accessed 2026-09-20"
"DUNKIN' / BASKIN ROBBINS","Dunkin","chain restaurant / coffee","40.62455473952","-73.999430826075","NYC DOHMH Restaurant Inspection Results (43nn-pn8j), accessed 2026-09-20"
"DUNKIN', 'BASKIN ROBBINS","Dunkin","chain restaurant / coffee","40.619605604495","-74.008158753074","NYC DOHMH Restaurant Inspection Results (43nn-pn8j), accessed 2026-09-20"
"POPEYES","Popeyes","chain restaurant / coffee","40.734333440156","-73.873326118685","NYC DOHMH Restaurant Inspection Results (43nn-pn8j), accessed 2026-09-20"
"DUNKIN","Dunkin","chain restaurant / coffee","40.780598719546","-73.952243011945","NYC DOHMH Restaurant Inspection Results (43nn-pn8j), accessed 2026-09-20"
"DUNKIN","Dunkin","chain restaurant / coffee","40.823314777961","-73.945087068558","NYC DOHMH Restaurant Inspection Results (43nn-pn8j), accessed 2026-09-20"
"DUNKIN","Dunkin","chain restaurant / coffee","40.821081871723","-73.954359996672","NYC DOHMH Restaurant Inspection Results (43nn-pn8j), accessed 2026-09-20"
"DUNKIN","Dunkin","chain restaurant / coffee","40.848285398934","-73.937728878137","NYC DOHMH Restaurant Inspection Results (43nn-pn8j), accessed 2026-09-20"
"DUNKIN","Dunkin","chain restaurant / coffee","40.814993029585","-73.94021679584","NYC DOHMH Restaurant Inspection Results (43nn-pn8j), accessed 2026-09-20"
"SUBWAY","Subway","chain restaurant / coffee","40.822547135229","-73.953293115451","NYC DOHMH Restaurant Inspection Results (43nn-pn8j), accessed 2026-09-20"
"DUNKIN","Dunkin","chain restaurant / coffee","40.681096789427","-73.955476509141","NYC DOHMH Restaurant Inspection Results (43nn-pn8j), accessed 2026-09-20"
"DUNKIN","Dunkin","chain restaurant / coffee","40.70672482136","-74.008620309868","NYC DOHMH Restaurant Inspection Results (43nn-pn8j), accessed 2026-09-20"
"DUNKIN","Dunkin","chain restaurant / coffee","40.590383656047","-73.797197145674","NYC DOHMH Restaurant Inspection Results (43nn-pn8j), accessed 2026-09-20"
"DUNKIN',' BASKIN ROBBINS","Dunkin","chain restaurant / coffee","40.596093500197","-73.754120926093","NYC DOHMH Restaurant Inspection Results (43nn-pn8j), accessed 2026-09-20"
"STARBUCKS","Starbucks","chain restaurant / coffee","40.521723942267","-74.23504061747","NYC DOHMH Restaurant Inspection Results (43nn-pn8j), accessed 2026-09-20"
"DUNKIN'","Dunkin","chain restaurant / coffee","40.825678904356","-73.91881282016","NYC DOHMH Restaurant Inspection Results (43nn-pn8j), accessed 2026-09-20"
"POPEYES","Popeyes","chain restaurant / coffee","40.696911048035","-73.935739490511","NYC DOHMH Restaurant Inspection Results (43nn-pn8j), accessed 2026-09-20"
"DUNKIN","Dunkin","chain restaurant / coffee","40.820060569313","-73.901466497603","NYC DOHMH Restaurant Inspection Results (43nn-pn8j), accessed 2026-09-20"
"SUBWAY","Subway","chain restaurant / coffee","40.706253266504","-73.950330773877","NYC DOHMH Restaurant Inspection Results (43nn-pn8j), accessed 2026-09-20"
"DUNKIN', 'BASKIN ROBBINS","Dunkin","chain restaurant / coffee","0","0","NYC DOHMH Restaurant Inspection Results (43nn-pn8j), accessed 2026-09-20"
"STARBUCKS","Starbucks","chain restaurant / coffee","40.764637503202","-73.966434474633","NYC DOHMH Restaurant Inspection Results (43nn-pn8j), accessed 2026-09-20"
"DUNKIN","Dunkin","chain restaurant / coffee","40.646659053374","-73.958122973595","NYC DOHMH Restaurant Inspection Results (43nn-pn8j), accessed 2026-09-20"
"CHIPOTLE MEXICAN GRILL","Chipotle","chain restaurant / coffee","40.841287333623","-73.939622039671","NYC DOHMH Restaurant Inspection Results (43nn-pn8j), accessed 2026-09-20"
"STARBUCKS","Starbucks","chain restaurant / coffee","40.756185423077","-73.990564733785","NYC DOHMH Restaurant Inspection Results (43nn-pn8j), accessed 2026-09-20"
"DUNKIN","Dunkin","chain restaurant / coffee","40.582052947329","-73.959938472083","NYC DOHMH Restaurant Inspection Results (43nn-pn8j), accessed 2026-09-20"
"CHIPOTLE MEXICAN GRILL","Chipotle","chain restaurant / coffee","40.786315653789","-73.978120027156","NYC DOHMH Restaurant Inspection Results (43nn-pn8j), accessed 2026-09-20"
"DUNKIN","Dunkin","chain restaurant / coffee","40.65079568523","-73.958805087084","NYC DOHMH Restaurant Inspection Results (43nn-pn8j), accessed 2026-09-20"
"SUBWAY","Subway","chain restaurant / coffee","40.650207802056","-73.891029565578","NYC DOHMH Restaurant Inspection Results (43nn-pn8j), accessed 2026-09-20"
"DUNKIN","Dunkin","chain restaurant / coffee","40.696927443823","-73.935609648095","NYC DOHMH Restaurant Inspection Results (43nn-pn8j), accessed 2026-09-20"
"CHIPOTLE MEXICAN GRILL","Chipotle","chain restaurant / coffee","40.766012332549","-73.957289528307","NYC DOHMH Restaurant Inspection Results (43nn-pn8j), accessed 2026-09-20"
"SUBWAY","Subway","chain restaurant / coffee","40.769260032379","-73.951994848277","NYC DOHMH Restaurant Inspection Results (43nn-pn8j), accessed 2026-09-20"
"DUNKIN","Dunkin","chain restaurant / coffee","40.708879429923","-74.009085884999","NYC DOHMH Restaurant Inspection Results (43nn-pn8j), accessed 2026-09-20"
"MCDONALD'S","McDonald’s","chain restaurant / coffee","40.808538128606","-73.947335359849","NYC DOHMH Restaurant Inspection Results (43nn-pn8j), accessed 2026-09-20"
"POPEYES","Popeyes","chain restaurant / coffee","40.690808741946","-73.762265980159","NYC DOHMH Restaurant Inspection Results (43nn-pn8j), accessed 2026-09-20"
"POPEYES","Popeyes","chain restaurant / coffee","40.587585580576","-73.810969904679","NYC DOHMH Restaurant Inspection Results (43nn-pn8j), accessed 2026-09-20"
"DUNKIN","Dunkin","chain restaurant / coffee","40.678258821334","-73.831539641825","NYC DOHMH Restaurant Inspection Results (43nn-pn8j), accessed 2026-09-20"
"SUBWAY","Subway","chain restaurant / coffee","40.743911199252","-73.884953592323","NYC DOHMH Restaurant Inspection Results (43nn-pn8j), accessed 2026-09-20"
"MCDONALD'S","McDonald’s","chain restaurant / coffee","40.740723908241","-73.987669168288","NYC DOHMH Restaurant Inspection Results (43nn-pn8j), accessed 2026-09-20"
"MCDONALD'S","McDonald’s","chain restaurant / coffee","40.577828339903","-74.102404578098","NYC DOHMH Restaurant Inspection Results (43nn-pn8j), accessed 2026-09-20"
"DUNKIN","Dunkin","chain restaurant / coffee","0","0","NYC DOHMH Restaurant Inspection Results (43nn-pn8j), accessed 2026-09-20"
"DUNKIN","Dunkin","chain restaurant / coffee","0","0","NYC DOHMH Restaurant Inspection Results (43nn-pn8j), accessed 2026-09-20"
"DUNKIN', 'BASKIN ROBBINS","Dunkin","chain restaurant / coffee","40.712653402488","-73.989892776184","NYC DOHMH Restaurant Inspection Results (43nn-pn8j), accessed 2026-09-20"
"DUNKIN","Dunkin","chain restaurant / coffee","40.784876636139","-73.949546070015","NYC DOHMH Restaurant Inspection Results (43nn-pn8j), accessed 2026-09-20"
"DUNKIN',' BASKIN ROBBINS","Dunkin","chain restaurant / coffee","40.582217960278","-73.836714938575","NYC DOHMH Restaurant Inspection Results (43nn-pn8j), accessed 2026-09-20"
"DUNKIN","Dunkin","chain restaurant / coffee","40.84200063068","-73.93898890693","NYC DOHMH Restaurant Inspection Results (43nn-pn8j), accessed 2026-09-20"
"DUNKIN","Dunkin","chain restaurant / coffee","40.868081495952","-73.833855397537","NYC DOHMH Restaurant Inspection Results (43nn-pn8j), accessed 2026-09-20"
"POPEYES","Popeyes","chain restaurant / coffee","40.636675085218","-74.011893580371","NYC DOHMH Restaurant Inspection Results (43nn-pn8j), accessed 2026-09-20"
"STARBUCKS","Starbucks","chain restaurant / coffee","40.750509164767","-73.989479170444","NYC DOHMH Restaurant Inspection Results (43nn-pn8j), accessed 2026-09-20"
"STARBUCKS","Starbucks","chain restaurant / coffee","40.70499297195","-74.007155752611","NYC DOHMH Restaurant Inspection Results (43nn-pn8j), accessed 2026-09-20"
"SUBWAY / CARVEL","Subway","chain restaurant / coffee","40.707669199832","-74.005796248936","NYC DOHMH Restaurant Inspection Results (43nn-pn8j), accessed 2026-09-20"
"DUNKIN","Dunkin","chain restaurant / coffee","40.729289200891","-73.780882879648","NYC DOHMH Restaurant Inspection Results (43nn-pn8j), accessed 2026-09-20"
"SUBWAY","Subway","chain restaurant / coffee","40.668592944909","-73.918121600173","NYC DOHMH Restaurant Inspection Results (43nn-pn8j), accessed 2026-09-20"
"SUBWAY","Subway","chain restaurant / coffee","40.717006620018","-73.990058053102","NYC DOHMH Restaurant Inspection Results (43nn-pn8j), accessed 2026-09-20"
"DUNKIN","Dunkin","chain restaurant / coffee","40.755322037243","-73.816079537309","NYC DOHMH Restaurant Inspection Results (43nn-pn8j), accessed 2026-09-20"
"SUBWAY","Subway","chain restaurant / coffee","40.686046653524","-73.824809667951","NYC DOHMH Restaurant Inspection Results (43nn-pn8j), accessed 2026-09-20"
"STARBUCKS","Starbucks","chain restaurant / coffee","40.736649272187","-73.978208568365","NYC DOHMH Restaurant Inspection Results (43nn-pn8j), accessed 2026-09-20"
"DUNKIN","Dunkin","chain restaurant / coffee","40.717751361523","-73.957822006065","NYC DOHMH Restaurant Inspection Results (43nn-pn8j), accessed 2026-09-20"
"KFC","KFC","chain restaurant / coffee","40.879854134295","-73.904140359604","NYC DOHMH Restaurant Inspection Results (43nn-pn8j), accessed 2026-09-20"
"STARBUCKS","Starbucks","chain restaurant / coffee","40.608479405386","-73.958932141397","NYC DOHMH Restaurant Inspection Results (43nn-pn8j), accessed 2026-09-20"
"STARBUCKS","Starbucks","chain restaurant / coffee","40.759657681129","-73.973782736961","NYC DOHMH Restaurant Inspection Results (43nn-pn8j), accessed 2026-09-20"
"SHAKE SHACK B23","Shake Shack","chain restaurant / coffee","40.648312826068","-73.788281497594","NYC DOHMH Restaurant Inspection Results (43nn-pn8j), accessed 2026-09-20"
"DUNKIN","Dunkin","chain restaurant / coffee","40.862691381938","-73.900940330303","NYC DOHMH Restaurant Inspection Results (43nn-pn8j), accessed 2026-09-20"
"DUNKIN","Dunkin","chain restaurant / coffee","40.704959659938","-74.011711046934","NYC DOHMH Restaurant Inspection Results (43nn-pn8j), accessed 2026-09-20"
"SUBWAY","Subway","chain restaurant / coffee","40.752935916004","-73.995224848542","NYC DOHMH Restaurant Inspection Results (43nn-pn8j), accessed 2026-09-20"
"DUNKIN","Dunkin","chain restaurant / coffee","40.835671960805","-73.8703569944","NYC DOHMH Restaurant Inspection Results (43nn-pn8j), accessed 2026-09-20"
"DUNKIN","Dunkin","chain restaurant / coffee","40.850560453656","-73.937123092716","NYC DOHMH Restaurant Inspection Results (43nn-pn8j), accessed 2026-09-20"
"DUNKIN","Dunkin","chain restaurant / coffee","40.827711894968","-73.925646900182","NYC DOHMH Restaurant Inspection Results (43nn-pn8j), accessed 2026-09-20"
"DUNKIN'","Dunkin","chain restaurant / coffee","40.621993703535","-74.02576673624","NYC DOHMH Restaurant Inspection Results (43nn-pn8j), accessed 2026-09-20"
"CHIPOTLE MEXICAN GRILL","Chipotle","chain restaurant / coffee","40.752679493914","-73.983003702603","NYC DOHMH Restaurant Inspection Results (43nn-pn8j), accessed 2026-09-20"
"CHIPOTLE MEXICAN GRILL","Chipotle","chain restaurant / coffee","40.74415486383","-73.987690183978","NYC DOHMH Restaurant Inspection Results (43nn-pn8j), accessed 2026-09-20"
"CHIPOTLE MEXICAN GRILL","Chipotle","chain restaurant / coffee","40.736522309208","-73.997430788295","NYC DOHMH Restaurant Inspection Results (43nn-pn8j), accessed 2026-09-20"
"DUNKIN' DONUTS","Dunkin","chain restaurant / coffee","40.710114686796","-74.007563896496","NYC DOHMH Restaurant Inspection Results (43nn-pn8j), accessed 2026-09-20"
"DUNKIN' / 'BASKIN ROBBINS","Dunkin","chain restaurant / coffee","40.79279535507","-73.807163519244","NYC DOHMH Restaurant Inspection Results (43nn-pn8j), accessed 2026-09-20"
"SUBWAY","Subway","chain restaurant / coffee","40.771233425393","-73.903795478357","NYC DOHMH Restaurant Inspection Results (43nn-pn8j), accessed 2026-09-20"
"DUNKIN","Dunkin","chain restaurant / coffee","40.813644286372","-73.956077508872","NYC DOHMH Restaurant Inspection Results (43nn-pn8j), accessed 2026-09-20"
"DUNKIN","Dunkin","chain restaurant / coffee","40.714067909828","-73.950988657221","NYC DOHMH Restaurant Inspection Results (43nn-pn8j), accessed 2026-09-20"
"DUNKIN","Dunkin","chain restaurant / coffee","40.718363186097","-73.817469784754","NYC DOHMH Restaurant Inspection Results (43nn-pn8j), accessed 2026-09-20"
"CHIPOTLE MEXICAN GRILL","Chipotle","chain restaurant / coffee","40.693456208081","-73.987227180799","NYC DOHMH Restaurant Inspection Results (43nn-pn8j), accessed 2026-09-20"
"SUBWAY","Subway","chain restaurant / coffee","40.553076253076","-74.191731725436","NYC DOHMH Restaurant Inspection Results (43nn-pn8j), accessed 2026-09-20"
"STARBUCKS","Starbucks","chain restaurant / coffee","40.865672381441","-73.926891404262","NYC DOHMH Restaurant Inspection Results (43nn-pn8j), accessed 2026-09-20"
"DUNKIN","Dunkin","chain restaurant / coffee","40.75216358005","-73.983700428485","NYC DOHMH Restaurant Inspection Results (43nn-pn8j), accessed 2026-09-20"
"DUNKIN'","Dunkin","chain restaurant / coffee","40.750986221235","-73.984743785129","NYC DOHMH Restaurant Inspection Results (43nn-pn8j), accessed 2026-09-20"
"BURGER KING","Burger King","chain restaurant / coffee","40.764441376302","-73.932446777083","NYC DOHMH Restaurant Inspection Results (43nn-pn8j), accessed 2026-09-20"
"MCDONALD'S","McDonald’s","chain restaurant / coffee","40.749321617094","-73.862914002968","NYC DOHMH Restaurant Inspection Results (43nn-pn8j), accessed 2026-09-20"
"MCDONALD'S","McDonald’s","chain restaurant / coffee","40.751001999851","-73.870507971277","NYC DOHMH Restaurant Inspection Results (43nn-pn8j), accessed 2026-09-20"
"MCDONALD'S","McDonald’s","chain restaurant / coffee","40.749380789349","-73.884233108423","NYC DOHMH Restaurant Inspection Results (43nn-pn8j), accessed 2026-09-20"
"DUNKIN","Dunkin","chain restaurant / coffee","40.659101806755","-73.9814742094","NYC DOHMH Restaurant Inspection Results (43nn-pn8j), accessed 2026-09-20"
"DUNKIN","Dunkin","chain restaurant / coffee","40.691725283382","-73.762161730968","NYC DOHMH Restaurant Inspection Results (43nn-pn8j), accessed 2026-09-20"
"DUNKIN'","Dunkin","chain restaurant / coffee","40.763644589071","-73.981596635347","NYC DOHMH Restaurant Inspection Results (43nn-pn8j), accessed 2026-09-20"
"DUNKIN","Dunkin","chain restaurant / coffee","40.612927833069","-74.000327758045","NYC DOHMH Restaurant Inspection Results (43nn-pn8j), accessed 2026-09-20"
"TACO BELL","Taco Bell","chain restaurant / coffee","40.786625397053","-73.950357252936","NYC DOHMH Restaurant Inspection Results (43nn-pn8j), accessed 2026-09-20"
"DUNKIN","Dunkin","chain restaurant / coffee","40.666432463715","-73.757108429286","NYC DOHMH Restaurant Inspection Results (43nn-pn8j), accessed 2026-09-20"
"SUBWAY","Subway","chain restaurant / coffee","40.878178086042","-73.905321654574","NYC DOHMH Restaurant Inspection Results (43nn-pn8j), accessed 2026-09-20"
"DUNKIN'","Dunkin","chain restaurant / coffee","40.700949588566","-73.831323396596","NYC DOHMH Restaurant Inspection Results (43nn-pn8j), accessed 2026-09-20"
"SUBWAY","Subway","chain restaurant / coffee","0","0","NYC DOHMH Restaurant Inspection Results (43nn-pn8j), accessed 2026-09-20"
"BURGER KING","Burger King","chain restaurant / coffee","40.890728652308","-73.897683010135","NYC DOHMH Restaurant Inspection Results (43nn-pn8j), accessed 2026-09-20"
"DUNKIN","Dunkin","chain restaurant / coffee","40.69359410713","-73.964357196454","NYC DOHMH Restaurant Inspection Results (43nn-pn8j), accessed 2026-09-20"
"STARBUCKS #20679","Starbucks","chain restaurant / coffee","40.779320231611","-73.953626858143","NYC DOHMH Restaurant Inspection Results (43nn-pn8j), accessed 2026-09-20"
"DUNKIN","Dunkin","chain restaurant / coffee","40.593946067336","-73.789412331977","NYC DOHMH Restaurant Inspection Results (43nn-pn8j), accessed 2026-09-20"
"DUNKIN","Dunkin","chain restaurant / coffee","40.829120834171","-73.87584424288","NYC DOHMH Restaurant Inspection Results (43nn-pn8j), accessed 2026-09-20"
"DUNKIN","Dunkin","chain restaurant / coffee","40.747991798467","-73.98560704055","NYC DOHMH Restaurant Inspection Results (43nn-pn8j), accessed 2026-09-20"
"BURGER KING","Burger King","chain restaurant / coffee","40.749897467644","-73.86245444816","NYC DOHMH Restaurant Inspection Results (43nn-pn8j), accessed 2026-09-20"
"STARBUCKS","Starbucks","chain restaurant / coffee","40.75241734621","-73.975319553347","NYC DOHMH Restaurant Inspection Results (43nn-pn8j), accessed 2026-09-20"
"SHAKE SHACK","Shake Shack","chain restaurant / coffee","40.702854877154","-73.994301549843","NYC DOHMH Restaurant Inspection Results (43nn-pn8j), accessed 2026-09-20"
"SHAKE SHACK","Shake Shack","chain restaurant / coffee","40.682730681361","-73.976510027657","NYC DOHMH Restaurant Inspection Results (43nn-pn8j), accessed 2026-09-20"
"POPEYES","Popeyes","chain restaurant / coffee","40.679052487772","-73.779963372447","NYC DOHMH Restaurant Inspection Results (43nn-pn8j), accessed 2026-09-20"
"DUNKIN'","Dunkin","chain restaurant / coffee","40.668170593131","-73.931167648184","NYC DOHMH Restaurant Inspection Results (43nn-pn8j), accessed 2026-09-20"
"MCDONALD'S","McDonald’s","chain restaurant / coffee","40.775104593237","-73.911956915032","NYC DOHMH Restaurant Inspection Results (43nn-pn8j), accessed 2026-09-20"
"MCDONALD'S","McDonald’s","chain restaurant / coffee","40.759851152228","-73.918268886344","NYC DOHMH Restaurant Inspection Results (43nn-pn8j), accessed 2026-09-20"
"MCDONALD'S","McDonald’s","chain restaurant / coffee","40.713203299046","-73.781527542626","NYC DOHMH Restaurant Inspection Results (43nn-pn8j), accessed 2026-09-20"
"MCDONALD'S","McDonald’s","chain restaurant / coffee","40.753179147252","-73.908059031452","NYC DOHMH Restaurant Inspection Results (43nn-pn8j), accessed 2026-09-20"
"MCDONALD'S","McDonald’s","chain restaurant / coffee","40.867430638836","-73.921057540237","NYC DOHMH Restaurant Inspection Results (43nn-pn8j), accessed 2026-09-20"
"MCDONALD'S","McDonald’s","chain restaurant / coffee","40.86502192015","-73.926953584661","NYC DOHMH Restaurant Inspection Results (43nn-pn8j), accessed 2026-09-20"
"STARBUCKS","Starbucks","chain restaurant / coffee","40.86098800174","-73.890071894881","NYC DOHMH Restaurant Inspection Results (43nn-pn8j), accessed 2026-09-20"
"DUNKIN","Dunkin","chain restaurant / coffee","40.631144157147","-74.076446203343","NYC DOHMH Restaurant Inspection Results (43nn-pn8j), accessed 2026-09-20"
"DUNKIN","Dunkin","chain restaurant / coffee","40.703946851643","-74.011591848104","NYC DOHMH Restaurant Inspection Results (43nn-pn8j), accessed 2026-09-20"
"SUBWAY","Subway","chain restaurant / coffee","40.85188589096","-73.931837103955","NYC DOHMH Restaurant Inspection Results (43nn-pn8j), accessed 2026-09-20"
"DUNKIN","Dunkin","chain restaurant / coffee","40.754121086547","-73.908667715357","NYC DOHMH Restaurant Inspection Results (43nn-pn8j), accessed 2026-09-20"
"DUNKIN","Dunkin","chain restaurant / coffee","40.869302264088","-73.829668990212","NYC DOHMH Restaurant Inspection Results (43nn-pn8j), accessed 2026-09-20"
"STARBUCKS","Starbucks","chain restaurant / coffee","40.712531008349","-73.951386577078","NYC DOHMH Restaurant Inspection Results (43nn-pn8j), accessed 2026-09-20"
"CHIPOTLE MEXICAN GRILL","Chipotle","chain restaurant / coffee","40.762512900246","-73.965890461023","NYC DOHMH Restaurant Inspection Results (43nn-pn8j), accessed 2026-09-20"
"DUNKIN","Dunkin","chain restaurant / coffee","40.849782129125","-73.843476403674","NYC DOHMH Restaurant Inspection Results (43nn-pn8j), accessed 2026-09-20"
"DUNKIN","Dunkin","chain restaurant / coffee","40.687066186566","-73.822037752144","NYC DOHMH Restaurant Inspection Results (43nn-pn8j), accessed 2026-09-20"
"SUBWAY CAFE","Subway","chain restaurant / coffee","40.757840565564","-73.991228665336","NYC DOHMH Restaurant Inspection Results (43nn-pn8j), accessed 2026-09-20"
"DUNKIN","Dunkin","chain restaurant / coffee","40.608078102502","-74.162260908042","NYC DOHMH Restaurant Inspection Results (43nn-pn8j), accessed 2026-09-20"
"BURGER KING","Burger King","chain restaurant / coffee","40.680369546007","-73.949171162778","NYC DOHMH Restaurant Inspection Results (43nn-pn8j), accessed 2026-09-20"
"DUNKIN","Dunkin","chain restaurant / coffee","40.708743400425","-73.958844883238","NYC DOHMH Restaurant Inspection Results (43nn-pn8j), accessed 2026-09-20"
"SUBWAY","Subway","chain restaurant / coffee","40.887941920037","-73.860362996008","NYC DOHMH Restaurant Inspection Results (43nn-pn8j), accessed 2026-09-20"
"DUNKIN',' BASKIN ROBBINS","Dunkin","chain restaurant / coffee","40.692671627063","-73.808774034981","NYC DOHMH Restaurant Inspection Results (43nn-pn8j), accessed 2026-09-20"
"CHIPOTLE MEXICAN GRILL","Chipotle","chain restaurant / coffee","40.622023594486","-74.027074357184","NYC DOHMH Restaurant Inspection Results (43nn-pn8j), accessed 2026-09-20"
"MCDONALD'S","McDonald’s","chain restaurant / coffee","40.673675328501","-73.99976927808","NYC DOHMH Restaurant Inspection Results (43nn-pn8j), accessed 2026-09-20"
"MCDONALD'S","McDonald’s","chain restaurant / coffee","40.633974451804","-74.026776582703","NYC DOHMH Restaurant Inspection Results (43nn-pn8j), accessed 2026-09-20"
"SUBWAY","Subway","chain restaurant / coffee","40.564775902628","-74.12789875206","NYC DOHMH Restaurant Inspection Results (43nn-pn8j), accessed 2026-09-20"
"DUNKIN',' BASKIN ROBBINS","Dunkin","chain restaurant / coffee","40.862267907971","-73.893909214692","NYC DOHMH Restaurant Inspection Results (43nn-pn8j), accessed 2026-09-20"
"SUBWAY","Subway","chain restaurant / coffee","40.590383656047","-73.797197145674","NYC DOHMH Restaurant Inspection Results (43nn-pn8j), accessed 2026-09-20"
"STARBUCKS","Starbucks","chain restaurant / coffee","40.670516349049","-73.957242770505","NYC DOHMH Restaurant Inspection Results (43nn-pn8j), accessed 2026-09-20"
"DUNKIN","Dunkin","chain restaurant / coffee","40.702535176349","-73.854729826113","NYC DOHMH Restaurant Inspection Results (43nn-pn8j), accessed 2026-09-20"
"SUBWAY","Subway","chain restaurant / coffee","40.772922861235","-73.989500888744","NYC DOHMH Restaurant Inspection Results (43nn-pn8j), accessed 2026-09-20"
"DUNKIN","Dunkin","chain restaurant / coffee","40.590258164036","-73.972841357598","NYC DOHMH Restaurant Inspection Results (43nn-pn8j), accessed 2026-09-20"
"SUBWAY","Subway","chain restaurant / coffee","40.820995359134","-73.891055927873","NYC DOHMH Restaurant Inspection Results (43nn-pn8j), accessed 2026-09-20"
"STARBUCKS","Starbucks","chain restaurant / coffee","40.702962304298","-73.81923608359","NYC DOHMH Restaurant Inspection Results (43nn-pn8j), accessed 2026-09-20"
"SHAKE SHACK","Shake Shack","chain restaurant / coffee","40.748972770073","-73.975782801828","NYC DOHMH Restaurant Inspection Results (43nn-pn8j), accessed 2026-09-20"
"SUBWAY","Subway","chain restaurant / coffee","40.713676209805","-73.754774883385","NYC DOHMH Restaurant Inspection Results (43nn-pn8j), accessed 2026-09-20"
"STARBUCKS","Starbucks","chain restaurant / coffee","40.75559668512","-73.979974601043","NYC DOHMH Restaurant Inspection Results (43nn-pn8j), accessed 2026-09-20"
"SUBWAY","Subway","chain restaurant / coffee","40.824147438678","-73.836455025077","NYC DOHMH Restaurant Inspection Results (43nn-pn8j), accessed 2026-09-20"
"DUNKIN","Dunkin","chain restaurant / coffee","40.580589316128","-73.966422928924","NYC DOHMH Restaurant Inspection Results (43nn-pn8j), accessed 2026-09-20"
"SUBWAY, KRISPY KRUNCHY CHICKEN","Subway","chain restaurant / coffee","40.667067484463","-73.809932731858","NYC DOHMH Restaurant Inspection Results (43nn-pn8j), accessed 2026-09-20"
"DUNKIN","Dunkin","chain restaurant / coffee","40.747648581883","-73.947517215264","NYC DOHMH Restaurant Inspection Results (43nn-pn8j), accessed 2026-09-20"
"DUNKIN","Dunkin","chain restaurant / coffee","40.778366317536","-73.776947549132","NYC DOHMH Restaurant Inspection Results (43nn-pn8j), accessed 2026-09-20"
"STARBUCKS","Starbucks","chain restaurant / coffee","40.595613721595","-74.000090019981","NYC DOHMH Restaurant Inspection Results (43nn-pn8j), accessed 2026-09-20"
"DUNKIN","Dunkin","chain restaurant / coffee","40.839974633723","-73.876861149663","NYC DOHMH Restaurant Inspection Results (43nn-pn8j), accessed 2026-09-20"
"SUBWAY","Subway","chain restaurant / coffee","40.748654136686","-74.003453911637","NYC DOHMH Restaurant Inspection Results (43nn-pn8j), accessed 2026-09-20"
"DUNKIN","Dunkin","chain restaurant / coffee","40.776151359794","-73.824405614874","NYC DOHMH Restaurant Inspection Results (43nn-pn8j), accessed 2026-09-20"
"TACO BELL","Taco Bell","chain restaurant / coffee","40.622061640285","-74.028641343475","NYC DOHMH Restaurant Inspection Results (43nn-pn8j), accessed 2026-09-20"
"SUBWAY","Subway","chain restaurant / coffee","40.731521250166","-73.994605783536","NYC DOHMH Restaurant Inspection Results (43nn-pn8j), accessed 2026-09-20"
"STARBUCKS","Starbucks","chain restaurant / coffee","40.760696805933","-73.830684189066","NYC DOHMH Restaurant Inspection Results (43nn-pn8j), accessed 2026-09-20"
"BURGER KING","Burger King","chain restaurant / coffee","40.751078934505","-73.870580005928","NYC DOHMH Restaurant Inspection Results (43nn-pn8j), accessed 2026-09-20"
"DUNKIN'","Dunkin","chain restaurant / coffee","40.799281956047","-73.967052625573","NYC DOHMH Restaurant Inspection Results (43nn-pn8j), accessed 2026-09-20"
"MCDONALD'S","McDonald’s","chain restaurant / coffee","40.737721748882","-73.996582742342","NYC DOHMH Restaurant Inspection Results (43nn-pn8j), accessed 2026-09-20"
"DUNKIN","Dunkin","chain restaurant / coffee","40.677911610649","-73.870625201856","NYC DOHMH Restaurant Inspection Results (43nn-pn8j), accessed 2026-09-20"
"SUBWAY","Subway","chain restaurant / coffee","40.678800331621","-73.833961040163","NYC DOHMH Restaurant Inspection Results (43nn-pn8j), accessed 2026-09-20"
"DUNKIN","Dunkin","chain restaurant / coffee","40.652457583141","-73.876570704975","NYC DOHMH Restaurant Inspection Results (43nn-pn8j), accessed 2026-09-20"
"DUNKIN' / 'BASKIN ROBBINS","Dunkin","chain restaurant / coffee","40.718246384521","-73.840370243289","NYC DOHMH Restaurant Inspection Results (43nn-pn8j), accessed 2026-09-20"
"DUNKIN","Dunkin","chain restaurant / coffee","40.74122091811","-73.902269197005","NYC DOHMH Restaurant Inspection Results (43nn-pn8j), accessed 2026-09-20"
"DUNKIN","Dunkin","chain restaurant / coffee","40.651091220941","-74.004068695808","NYC DOHMH Restaurant Inspection Results (43nn-pn8j), accessed 2026-09-20"
"SUBWAY","Subway","chain restaurant / coffee","40.714313692514","-73.986967054663","NYC DOHMH Restaurant Inspection Results (43nn-pn8j), accessed 2026-09-20"
"POPEYES","Popeyes","chain restaurant / coffee","40.823898882568","-73.874509911893","NYC DOHMH Restaurant Inspection Results (43nn-pn8j), accessed 2026-09-20"
"DUNKIN' #1115","Dunkin","chain restaurant / coffee","40.756185423077","-73.990564733785","NYC DOHMH Restaurant Inspection Results (43nn-pn8j), accessed 2026-09-20"
"CHIPOTLE MEXICAN GRILL","Chipotle","chain restaurant / coffee","40.702533192425","-74.012561775828","NYC DOHMH Restaurant Inspection Results (43nn-pn8j), accessed 2026-09-20"
"CHIPOTLE MEXICAN GRILL","Chipotle","chain restaurant / coffee","40.860406843094","-73.890832049892","NYC DOHMH Restaurant Inspection Results (43nn-pn8j), accessed 2026-09-20"
"STARBUCKS","Starbucks","chain restaurant / coffee","40.702533192425","-74.012561775828","NYC DOHMH Restaurant Inspection Results (43nn-pn8j), accessed 2026-09-20"
"STARBUCKS","Starbucks","chain restaurant / coffee","40.768731433626","-73.987638691276","NYC DOHMH Restaurant Inspection Results (43nn-pn8j), accessed 2026-09-20"
"MCDONALD'S","McDonald’s","chain restaurant / coffee","40.615376068357","-73.928902692649","NYC DOHMH Restaurant Inspection Results (43nn-pn8j), accessed 2026-09-20"
"MCDONALD'S","McDonald’s","chain restaurant / coffee","40.599063397988","-73.989078209462","NYC DOHMH Restaurant Inspection Results (43nn-pn8j), accessed 2026-09-20"
"MCDONALD'S","McDonald’s","chain restaurant / coffee","40.718592932007","-73.988319015516","NYC DOHMH Restaurant Inspection Results (43nn-pn8j), accessed 2026-09-20"
"POPEYES","Popeyes","chain restaurant / coffee","40.747173627558","-73.883865228987","NYC DOHMH Restaurant Inspection Results (43nn-pn8j), accessed 2026-09-20"
"SUBWAY","Subway","chain restaurant / coffee","40.735852416673","-73.993245062113","NYC DOHMH Restaurant Inspection Results (43nn-pn8j), accessed 2026-09-20"
"SUBWAY","Subway","chain restaurant / coffee","40.618191082405","-74.030242576098","NYC DOHMH Restaurant Inspection Results (43nn-pn8j), accessed 2026-09-20"
"SUBWAY","Subway","chain restaurant / coffee","40.606304660396","-74.00110202169","NYC DOHMH Restaurant Inspection Results (43nn-pn8j), accessed 2026-09-20"
"SUBWAY","Subway","chain restaurant / coffee","40.75858080113","-73.892244909616","NYC DOHMH Restaurant Inspection Results (43nn-pn8j), accessed 2026-09-20"
"POPEYES","Popeyes","chain restaurant / coffee","40.881091763566","-73.883113267705","NYC DOHMH Restaurant Inspection Results (43nn-pn8j), accessed 2026-09-20"
"DUNKIN","Dunkin","chain restaurant / coffee","40.710773154548","-73.792811191752","NYC DOHMH Restaurant Inspection Results (43nn-pn8j), accessed 2026-09-20"
"BURGER KING","Burger King","chain restaurant / coffee","40.798407004076","-73.941145537109","NYC DOHMH Restaurant Inspection Results (43nn-pn8j), accessed 2026-09-20"
"MCDONALD'S","McDonald’s","chain restaurant / coffee","40.62235008781","-74.027643645211","NYC DOHMH Restaurant Inspection Results (43nn-pn8j), accessed 2026-09-20"
"MCDONALD'S","McDonald’s","chain restaurant / coffee","40.633669625352","-73.916092968051","NYC DOHMH Restaurant Inspection Results (43nn-pn8j), accessed 2026-09-20"
"DUNKIN","Dunkin","chain restaurant / coffee","40.695753672522","-73.905376154459","NYC DOHMH Restaurant Inspection Results (43nn-pn8j), accessed 2026-09-20"
"DUNKIN","Dunkin","chain restaurant / coffee","40.742311010762","-73.869568606224","NYC DOHMH Restaurant Inspection Results (43nn-pn8j), accessed 2026-09-20"
"MCDONALD'S","McDonald’s","chain restaurant / coffee","40.66956567173","-73.987098395648","NYC DOHMH Restaurant Inspection Results (43nn-pn8j), accessed 2026-09-20"
"MCDONALD'S","McDonald’s","chain restaurant / coffee","40.605033808986","-73.9978212079","NYC DOHMH Restaurant Inspection Results (43nn-pn8j), accessed 2026-09-20"
"CHIPOTLE MEXICAN GRILL","Chipotle","chain restaurant / coffee","40.758745129901","-73.968635733574","NYC DOHMH Restaurant Inspection Results (43nn-pn8j), accessed 2026-09-20"
"CHIPOTLE MEXICAN GRILL","Chipotle","chain restaurant / coffee","40.884248201934","-73.900629616014","NYC DOHMH Restaurant Inspection Results (43nn-pn8j), accessed 2026-09-20"
"CHIPOTLE MEXICAN GRILL","Chipotle","chain restaurant / coffee","40.763877834604","-73.726698882534","NYC DOHMH Restaurant Inspection Results (43nn-pn8j), accessed 2026-09-20"
"CHIPOTLE MEXICAN GRILL","Chipotle","chain restaurant / coffee","40.710528250753","-74.016209996529","NYC DOHMH Restaurant Inspection Results (43nn-pn8j), accessed 2026-09-20"
"SUBWAY","Subway","chain restaurant / coffee","40.740772794946","-73.983533618177","NYC DOHMH Restaurant Inspection Results (43nn-pn8j), accessed 2026-09-20"
"POPEYES","Popeyes","chain restaurant / coffee","40.664832540499","-73.734946199782","NYC DOHMH Restaurant Inspection Results (43nn-pn8j), accessed 2026-09-20"
"DUNKIN'","Dunkin","chain restaurant / coffee","40.665644230732","-73.956874632396","NYC DOHMH Restaurant Inspection Results (43nn-pn8j), accessed 2026-09-20"
"STARBUCKS","Starbucks","chain restaurant / coffee","40.763334557175","-73.982398119522","NYC DOHMH Restaurant Inspection Results (43nn-pn8j), accessed 2026-09-20"
"BURGER KING","Burger King","chain restaurant / coffee","40.689239507939","-73.981829997099","NYC DOHMH Restaurant Inspection Results (43nn-pn8j), accessed 2026-09-20"
"DUNKIN","Dunkin","chain restaurant / coffee","40.667635235226","-73.789286923318","NYC DOHMH Restaurant Inspection Results (43nn-pn8j), accessed 2026-09-20"
"CHIPOTLE MEXICAN GRILL #2407","Chipotle","chain restaurant / coffee","40.608144835665","-73.959760687969","NYC DOHMH Restaurant Inspection Results (43nn-pn8j), accessed 2026-09-20"
"DUNKIN","Dunkin","chain restaurant / coffee","40.751804603688","-73.988558600079","NYC DOHMH Restaurant Inspection Results (43nn-pn8j), accessed 2026-09-20"
"DUNKIN","Dunkin","chain restaurant / coffee","40.548477481281","-74.221303368304","NYC DOHMH Restaurant Inspection Results (43nn-pn8j), accessed 2026-09-20"
"STARBUCKS","Starbucks","chain restaurant / coffee","40.877396309248","-73.905894119128","NYC DOHMH Restaurant Inspection Results (43nn-pn8j), accessed 2026-09-20"
"MCDONALD'S","McDonald’s","chain restaurant / coffee","40.883719177523","-73.901451347545","NYC DOHMH Restaurant Inspection Results (43nn-pn8j), accessed 2026-09-20"
"DUNKIN' / BASKIN ROBBINS","Dunkin","chain restaurant / coffee","40.745599426883","-73.906290325232","NYC DOHMH Restaurant Inspection Results (43nn-pn8j), accessed 2026-09-20"
"DUNKIN","Dunkin","chain restaurant / coffee","40.745874506792","-73.945461515255","NYC DOHMH Restaurant Inspection Results (43nn-pn8j), accessed 2026-09-20"
"SUBWAY","Subway","chain restaurant / coffee","40.842254035713","-73.940687348344","NYC DOHMH Restaurant Inspection Results (43nn-pn8j), accessed 2026-09-20"
"SUBWAY","Subway","chain restaurant / coffee","40.776350097887","-73.95286709569","NYC DOHMH Restaurant Inspection Results (43nn-pn8j), accessed 2026-09-20"
"SUBWAY","Subway","chain restaurant / coffee","40.751425483547","-73.971024910022","NYC DOHMH Restaurant Inspection Results (43nn-pn8j), accessed 2026-09-20"
"POPEYES","Popeyes","chain restaurant / coffee","40.855683493661","-73.867642783664","NYC DOHMH Restaurant Inspection Results (43nn-pn8j), accessed 2026-09-20"
"MCDONALD'S","McDonald’s","chain restaurant / coffee","40.840433326313","-73.843314165136","NYC DOHMH Restaurant Inspection Results (43nn-pn8j), accessed 2026-09-20"
"STARBUCKS","Starbucks","chain restaurant / coffee","40.825678904356","-73.91881282016","NYC DOHMH Restaurant Inspection Results (43nn-pn8j), accessed 2026-09-20"
"SUBWAY","Subway","chain restaurant / coffee","40.630483718376","-73.921061495087","NYC DOHMH Restaurant Inspection Results (43nn-pn8j), accessed 2026-09-20"
"SUBWAY","Subway","chain restaurant / coffee","40.743247433667","-73.976932492277","NYC DOHMH Restaurant Inspection Results (43nn-pn8j), accessed 2026-09-20"
"DUNKIN","Dunkin","chain restaurant / coffee","40.745939666516","-73.933681828289","NYC DOHMH Restaurant Inspection Results (43nn-pn8j), accessed 2026-09-20"
"STARBUCKS","Starbucks","chain restaurant / coffee","40.718167867208","-74.007113883226","NYC DOHMH Restaurant Inspection Results (43nn-pn8j), accessed 2026-09-20"
"SUBWAY","Subway","chain restaurant / coffee","40.643860303619","-74.072900655177","NYC DOHMH Restaurant Inspection Results (43nn-pn8j), accessed 2026-09-20"
"MCDONALD'S","McDonald’s","chain restaurant / coffee","40.765939484522","-73.983422680753","NYC DOHMH Restaurant Inspection Results (43nn-pn8j), accessed 2026-09-20"
"DUNKIN","Dunkin","chain restaurant / coffee","40.851503924026","-73.84409768129","NYC DOHMH Restaurant Inspection Results (43nn-pn8j), accessed 2026-09-20"
"MCDONALD'S","McDonald’s","chain restaurant / coffee","40.825083617662","-73.908298944543","NYC DOHMH Restaurant Inspection Results (43nn-pn8j), accessed 2026-09-20"
"MCDONALD'S","McDonald’s","chain restaurant / coffee","40.762157230549","-73.983575238929","NYC DOHMH Restaurant Inspection Results (43nn-pn8j), accessed 2026-09-20"
"DUNKIN' / BASKIN ROBBINS","Dunkin","chain restaurant / coffee","40.669872763313","-73.842595288835","NYC DOHMH Restaurant Inspection Results (43nn-pn8j), accessed 2026-09-20"
"STARBUCKS","Starbucks","chain restaurant / coffee","40.699754901555","-73.911432892008","NYC DOHMH Restaurant Inspection Results (43nn-pn8j), accessed 2026-09-20"
"CHIPOTLE MEXICAN GRILL","Chipotle","chain restaurant / coffee","40.823678037301","-73.836420051252","NYC DOHMH Restaurant Inspection Results (43nn-pn8j), accessed 2026-09-20"
"CHIPOTLE MEXICAN GRILL","Chipotle","chain restaurant / coffee","40.693131915442","-73.970228152988","NYC DOHMH Restaurant Inspection Results (43nn-pn8j), accessed 2026-09-20"
"STARBUCKS COFFEE","Starbucks","chain restaurant / coffee","40.729463037404","-73.862752961544","NYC DOHMH Restaurant Inspection Results (43nn-pn8j), accessed 2026-09-20"
"CHIPOTLE MEXICAN GRILL","Chipotle","chain restaurant / coffee","40.73315844109","-73.981078281583","NYC DOHMH Restaurant Inspection Results (43nn-pn8j), accessed 2026-09-20"
"CHIPOTLE MEXICAN GRILL","Chipotle","chain restaurant / coffee","40.756054985164","-73.880514498644","NYC DOHMH Restaurant Inspection Results (43nn-pn8j), accessed 2026-09-20"
"MCDONALD'S","McDonald’s","chain restaurant / coffee","40.632420307926","-73.947655019849","NYC DOHMH Restaurant Inspection Results (43nn-pn8j), accessed 2026-09-20"
"BURGER KING","Burger King","chain restaurant / coffee","40.657254132175","-73.900608632382","NYC DOHMH Restaurant Inspection Results (43nn-pn8j), accessed 2026-09-20"
"DUNKIN","Dunkin","chain restaurant / coffee","40.75965685033","-73.800159528414","NYC DOHMH Restaurant Inspection Results (43nn-pn8j), accessed 2026-09-20"
"DUNKIN","Dunkin","chain restaurant / coffee","40.807939090514","-73.945865617023","NYC DOHMH Restaurant Inspection Results (43nn-pn8j), accessed 2026-09-20"
"SUBWAY","Subway","chain restaurant / coffee","40.692217755521","-73.861538961536","NYC DOHMH Restaurant Inspection Results (43nn-pn8j), accessed 2026-09-20"
"CHIPOTLE MEXICAN GRILL","Chipotle","chain restaurant / coffee","40.794980614566","-73.965956828718","NYC DOHMH Restaurant Inspection Results (43nn-pn8j), accessed 2026-09-20"
"BURGER KING","Burger King","chain restaurant / coffee","40.829323263464","-73.875215114828","NYC DOHMH Restaurant Inspection Results (43nn-pn8j), accessed 2026-09-20"
"DUNKIN","Dunkin","chain restaurant / coffee","40.833913066089","-73.941247716101","NYC DOHMH Restaurant Inspection Results (43nn-pn8j), accessed 2026-09-20"
"SHAKE SHACK","Shake Shack","chain restaurant / coffee","40.733840182011","-73.871577033806","NYC DOHMH Restaurant Inspection Results (43nn-pn8j), accessed 2026-09-20"
"DUNKIN/JIMMY JOHNS","Dunkin","chain restaurant / coffee","40.704540379373","-73.929153474875","NYC DOHMH Restaurant Inspection Results (43nn-pn8j), accessed 2026-09-20"
"DUNKIN / BASKIN ROBBINS","Dunkin","chain restaurant / coffee","40.718131660315","-73.986923015873","NYC DOHMH Restaurant Inspection Results (43nn-pn8j), accessed 2026-09-20"
"SUBWAY","Subway","chain restaurant / coffee","40.761854043404","-73.925168399812","NYC DOHMH Restaurant Inspection Results (43nn-pn8j), accessed 2026-09-20"
"WENDY'S","Wendy’s","chain restaurant / coffee","40.879654242305","-73.842335397571","NYC DOHMH Restaurant Inspection Results (43nn-pn8j), accessed 2026-09-20"
"POPEYES","Popeyes","chain restaurant / coffee","0","0","NYC DOHMH Restaurant Inspection Results (43nn-pn8j), accessed 2026-09-20"
"BURGER KING","Burger King","chain restaurant / coffee","0","0","NYC DOHMH Restaurant Inspection Results (43nn-pn8j), accessed 2026-09-20"
"WENDY'S","Wendy’s","chain restaurant / coffee","40.701687901075","-74.011631125861","NYC DOHMH Restaurant Inspection Results (43nn-pn8j), accessed 2026-09-20"
"BURGER KING","Burger King","chain restaurant / coffee","40.836434093724","-73.884973675795","NYC DOHMH Restaurant Inspection Results (43nn-pn8j), accessed 2026-09-20"
"DUNKIN","Dunkin","chain restaurant / coffee","40.714736877988","-74.007564423054","NYC DOHMH Restaurant Inspection Results (43nn-pn8j), accessed 2026-09-20"
"SUBWAY","Subway","chain restaurant / coffee","40.810379516715","-73.952879028953","NYC DOHMH Restaurant Inspection Results (43nn-pn8j), accessed 2026-09-20"
"GARDEN MARKET, DUNKIN","Dunkin","chain restaurant / coffee","40.750654836632","-73.991944239076","NYC DOHMH Restaurant Inspection Results (43nn-pn8j), accessed 2026-09-20"
"SUBWAY","Subway","chain restaurant / coffee","40.827412033017","-73.924595739271","NYC DOHMH Restaurant Inspection Results (43nn-pn8j), accessed 2026-09-20"
"DUNKIN' / BASKIN ROBBINS","Dunkin","chain restaurant / coffee","40.805548346598","-73.940192801677","NYC DOHMH Restaurant Inspection Results (43nn-pn8j), accessed 2026-09-20"
"DUNKIN, BASKIN ROBINS","Dunkin","chain restaurant / coffee","40.830998189356","-73.941318958096","NYC DOHMH Restaurant Inspection Results (43nn-pn8j), accessed 2026-09-20"
"MCDONALD'S","McDonald’s","chain restaurant / coffee","40.711706584094","-73.943249573276","NYC DOHMH Restaurant Inspection Results (43nn-pn8j), accessed 2026-09-20"
"MCDONALD'S","McDonald’s","chain restaurant / coffee","40.701559202585","-73.943323162481","NYC DOHMH Restaurant Inspection Results (43nn-pn8j), accessed 2026-09-20"
"MCDONALD'S","McDonald’s","chain restaurant / coffee","40.708812070065","-73.95898551126","NYC DOHMH Restaurant Inspection Results (43nn-pn8j), accessed 2026-09-20"
"DUNKIN","Dunkin","chain restaurant / coffee","40.582297419955","-74.169052592685","NYC DOHMH Restaurant Inspection Results (43nn-pn8j), accessed 2026-09-20"
"DUNKIN', 'BASKIN ROBBINS","Dunkin","chain restaurant / coffee","40.884248201934","-73.900629616014","NYC DOHMH Restaurant Inspection Results (43nn-pn8j), accessed 2026-09-20"
"THE PRIME RIB, DUNKIN DONUTS - FA8040 (CA8041)","Dunkin","chain restaurant / coffee","40.750654836632","-73.991944239076","NYC DOHMH Restaurant Inspection Results (43nn-pn8j), accessed 2026-09-20"
"SUBWAY","Subway","chain restaurant / coffee","40.815294585669","-73.957969486745","NYC DOHMH Restaurant Inspection Results (43nn-pn8j), accessed 2026-09-20"
"SUBWAY","Subway","chain restaurant / coffee","40.651640194754","-74.003531758041","NYC DOHMH Restaurant Inspection Results (43nn-pn8j), accessed 2026-09-20"
"MCDONALD'S","McDonald’s","chain restaurant / coffee","40.777835742497","-73.954685828487","NYC DOHMH Restaurant Inspection Results (43nn-pn8j), accessed 2026-09-20"
"MCDONALD'S","McDonald’s","chain restaurant / coffee","40.753184085091","-73.980227983579","NYC DOHMH Restaurant Inspection Results (43nn-pn8j), accessed 2026-09-20"
"MCDONALD'S","McDonald’s","chain restaurant / coffee","40.789708549853","-73.946039396454","NYC DOHMH Restaurant Inspection Results (43nn-pn8j), accessed 2026-09-20"
"MCDONALD'S","McDonald’s","chain restaurant / coffee","40.745889831303","-73.990631158672","NYC DOHMH Restaurant Inspection Results (43nn-pn8j), accessed 2026-09-20"
"POPEYES","Popeyes","chain restaurant / coffee","40.577834370204","-73.960408991031","NYC DOHMH Restaurant Inspection Results (43nn-pn8j), accessed 2026-09-20"
"MCDONALD'S","McDonald’s","chain restaurant / coffee","40.784493930207","-73.946917513904","NYC DOHMH Restaurant Inspection Results (43nn-pn8j), accessed 2026-09-20"
"DUNKIN'","Dunkin","chain restaurant / coffee","40.792776107868","-73.943801378945","NYC DOHMH Restaurant Inspection Results (43nn-pn8j), accessed 2026-09-20"
"STARBUCKS COFFEE # 26528","Starbucks","chain restaurant / coffee","40.753017430749","-73.98541104612","NYC DOHMH Restaurant Inspection Results (43nn-pn8j), accessed 2026-09-20"
"SUBWAY","Subway","chain restaurant / coffee","40.754028912268","-73.977213886606","NYC DOHMH Restaurant Inspection Results (43nn-pn8j), accessed 2026-09-20"
"STARBUCKS COFFEE","Starbucks","chain restaurant / coffee","40.703694610719","-73.808745900202","NYC DOHMH Restaurant Inspection Results (43nn-pn8j), accessed 2026-09-20"
"POPEYES","Popeyes","chain restaurant / coffee","40.632335214736","-73.947644278483","NYC DOHMH Restaurant Inspection Results (43nn-pn8j), accessed 2026-09-20"
"DUNKIN' / 'BASKIN ROBBINS","Dunkin","chain restaurant / coffee","40.729127725398","-74.007042896912","NYC DOHMH Restaurant Inspection Results (43nn-pn8j), accessed 2026-09-20"
"DUNKIN',' BASKIN ROBBINS","Dunkin","chain restaurant / coffee","40.746246879445","-73.994066849772","NYC DOHMH Restaurant Inspection Results (43nn-pn8j), accessed 2026-09-20"
"SUBWAY","Subway","chain restaurant / coffee","40.840063005681","-73.917298968173","NYC DOHMH Restaurant Inspection Results (43nn-pn8j), accessed 2026-09-20"
"STARBUCKS COFFEE #22716","Starbucks","chain restaurant / coffee","40.731924409478","-73.866828744085","NYC DOHMH Restaurant Inspection Results (43nn-pn8j), accessed 2026-09-20"
"STARBUCKS COFFEE #23591","Starbucks","chain restaurant / coffee","40.622681894707","-73.936920729601","NYC DOHMH Restaurant Inspection Results (43nn-pn8j), accessed 2026-09-20"
"MCDONALD'S","McDonald’s","chain restaurant / coffee","40.689244364297","-73.92164793171","NYC DOHMH Restaurant Inspection Results (43nn-pn8j), accessed 2026-09-20"
"MCDONALD'S","McDonald’s","chain restaurant / coffee","40.654927588399","-73.961714568633","NYC DOHMH Restaurant Inspection Results (43nn-pn8j), accessed 2026-09-20"
"MCDONALD'S","McDonald’s","chain restaurant / coffee","40.699497414992","-73.919590987697","NYC DOHMH Restaurant Inspection Results (43nn-pn8j), accessed 2026-09-20"
"DUNKIN","Dunkin","chain restaurant / coffee","40.77821635677","-73.980736853923","NYC DOHMH Restaurant Inspection Results (43nn-pn8j), accessed 2026-09-20"
"SHAKE SHACK","Shake Shack","chain restaurant / coffee","40.710526270262","-74.009353030615","NYC DOHMH Restaurant Inspection Results (43nn-pn8j), accessed 2026-09-20"
"DUNKIN","Dunkin","chain restaurant / coffee","40.582547700972","-73.986215247449","NYC DOHMH Restaurant Inspection Results (43nn-pn8j), accessed 2026-09-20"
"DUNKIN","Dunkin","chain restaurant / coffee","40.751176095553","-73.988988208034","NYC DOHMH Restaurant Inspection Results (43nn-pn8j), accessed 2026-09-20"
"CHIPOTLE MEXICAN GRILL","Chipotle","chain restaurant / coffee","40.71881857356","-74.00235929271","NYC DOHMH Restaurant Inspection Results (43nn-pn8j), accessed 2026-09-20"
"DUNKIN","Dunkin","chain restaurant / coffee","40.756054985164","-73.880514498644","NYC DOHMH Restaurant Inspection Results (43nn-pn8j), accessed 2026-09-20"
"SUBWAY #47857","Subway","chain restaurant / coffee","40.709445142254","-73.869568238062","NYC DOHMH Restaurant Inspection Results (43nn-pn8j), accessed 2026-09-20"
"POPEYES","Popeyes","chain restaurant / coffee","40.693340699984","-73.852986552207","NYC DOHMH Restaurant Inspection Results (43nn-pn8j), accessed 2026-09-20"
"MCDONALD'S","McDonald’s","chain restaurant / coffee","40.763996197643","-73.88111027726","NYC DOHMH Restaurant Inspection Results (43nn-pn8j), accessed 2026-09-20"
"DUNKIN BASKIN ROBBINS","Dunkin","chain restaurant / coffee","40.639271323338","-73.919350365312","NYC DOHMH Restaurant Inspection Results (43nn-pn8j), accessed 2026-09-20"
"DUNKIN' / 'BASKIN ROBBINS","Dunkin","chain restaurant / coffee","40.689801817036","-73.952012610415","NYC DOHMH Restaurant Inspection Results (43nn-pn8j), accessed 2026-09-20"
"DUNKIN' / 'BASKIN ROBBINS","Dunkin","chain restaurant / coffee","40.67783776461","-73.898090209124","NYC DOHMH Restaurant Inspection Results (43nn-pn8j), accessed 2026-09-20"
"DUNKIN' / BASKIN ROBBINS","Dunkin","chain restaurant / coffee","40.690931611284","-73.924563169485","NYC DOHMH Restaurant Inspection Results (43nn-pn8j), accessed 2026-09-20"
"DUNKIN', 'BASKIN ROBBINS","Dunkin","chain restaurant / coffee","40.676639337378","-73.916327113072","NYC DOHMH Restaurant Inspection Results (43nn-pn8j), accessed 2026-09-20"
"DUNKIN' / BASKIN ROBBINS","Dunkin","chain restaurant / coffee","40.683423025747","-73.872990533839","NYC DOHMH Restaurant Inspection Results (43nn-pn8j), accessed 2026-09-20"
"STARBUCKS COFFEE","Starbucks","chain restaurant / coffee","40.756757851129","-73.980750302555","NYC DOHMH Restaurant Inspection Results (43nn-pn8j), accessed 2026-09-20"
"SHAKE SHACK","Shake Shack","chain restaurant / coffee","40.750821897104","-73.98776113167","NYC DOHMH Restaurant Inspection Results (43nn-pn8j), accessed 2026-09-20"
"SUBWAY","Subway","chain restaurant / coffee","40.826912677469","-73.950103051602","NYC DOHMH Restaurant Inspection Results (43nn-pn8j), accessed 2026-09-20"
"MCDONALD'S","McDonald’s","chain restaurant / coffee","40.696145011648","-73.743360873728","NYC DOHMH Restaurant Inspection Results (43nn-pn8j), accessed 2026-09-20"
"STARBUCKS COFFEE","Starbucks","chain restaurant / coffee","40.764285614378","-73.964571916568","NYC DOHMH Restaurant Inspection Results (43nn-pn8j), accessed 2026-09-20"
"SUBWAY","Subway","chain restaurant / coffee","40.601688739116","-73.935075254933","NYC DOHMH Restaurant Inspection Results (43nn-pn8j), accessed 2026-09-20"
"SUBWAY","Subway","chain restaurant / coffee","40.836236632024","-73.860352678791","NYC DOHMH Restaurant Inspection Results (43nn-pn8j), accessed 2026-09-20"
"SUBWAY","Subway","chain restaurant / coffee","40.703641025356","-73.918182980404","NYC DOHMH Restaurant Inspection Results (43nn-pn8j), accessed 2026-09-20"
"MCDONALD'S","McDonald’s","chain restaurant / coffee","40.819575062658","-73.901832128863","NYC DOHMH Restaurant Inspection Results (43nn-pn8j), accessed 2026-09-20"
"MCDONALD'S","McDonald’s","chain restaurant / coffee","40.817155839269","-73.921850812782","NYC DOHMH Restaurant Inspection Results (43nn-pn8j), accessed 2026-09-20"
"MCDONALD'S","McDonald’s","chain restaurant / coffee","40.835824833929","-73.89067016562","NYC DOHMH Restaurant Inspection Results (43nn-pn8j), accessed 2026-09-20"
"SUBWAY","Subway","chain restaurant / coffee","40.714373344161","-73.901100288263","NYC DOHMH Restaurant Inspection Results (43nn-pn8j), accessed 2026-09-20"
"SUBWAY","Subway","chain restaurant / coffee","40.745515283011","-73.904110647606","NYC DOHMH Restaurant Inspection Results (43nn-pn8j), accessed 2026-09-20"
"CHIPOTLE MEXICAN GRILL #2308","Chipotle","chain restaurant / coffee","40.569251116835","-74.110968689895","NYC DOHMH Restaurant Inspection Results (43nn-pn8j), accessed 2026-09-20"
"DUNKIN","Dunkin","chain restaurant / coffee","40.642929107514","-73.978848262307","NYC DOHMH Restaurant Inspection Results (43nn-pn8j), accessed 2026-09-20"
"TACO BELL","Taco Bell","chain restaurant / coffee","40.847065444278","-73.935387851885","NYC DOHMH Restaurant Inspection Results (43nn-pn8j), accessed 2026-09-20"
"CHIPOTLE MEXICAN GRILL #2254","Chipotle","chain restaurant / coffee","40.671252310177","-73.977927206096","NYC DOHMH Restaurant Inspection Results (43nn-pn8j), accessed 2026-09-20"
"DUNKIN'","Dunkin","chain restaurant / coffee","40.609928854538","-73.922281617072","NYC DOHMH Restaurant Inspection Results (43nn-pn8j), accessed 2026-09-20"
"DUNKIN","Dunkin","chain restaurant / coffee","40.731079291627","-73.993606362584","NYC DOHMH Restaurant Inspection Results (43nn-pn8j), accessed 2026-09-20"
"DUNKIN","Dunkin","chain restaurant / coffee","40.824735931663","-73.899526460136","NYC DOHMH Restaurant Inspection Results (43nn-pn8j), accessed 2026-09-20"
"DUNKIN'","Dunkin","chain restaurant / coffee","40.644881263675","-74.095448686452","NYC DOHMH Restaurant Inspection Results (43nn-pn8j), accessed 2026-09-20"
"DUNKIN","Dunkin","chain restaurant / coffee","40.544057279091","-74.165055229477","NYC DOHMH Restaurant Inspection Results (43nn-pn8j), accessed 2026-09-20"
"DUNKIN","Dunkin","chain restaurant / coffee","40.527973568564","-74.23518138466","NYC DOHMH Restaurant Inspection Results (43nn-pn8j), accessed 2026-09-20"
"DUNKIN' / BASKIN ROBBINS","Dunkin","chain restaurant / coffee","40.737801344527","-73.996499742446","NYC DOHMH Restaurant Inspection Results (43nn-pn8j), accessed 2026-09-20"
"STARBUCKS COFFEE","Starbucks","chain restaurant / coffee","40.774890262196","-73.984337518727","NYC DOHMH Restaurant Inspection Results (43nn-pn8j), accessed 2026-09-20"
"SUBWAY","Subway","chain restaurant / coffee","40.69889744428","-73.917326894482","NYC DOHMH Restaurant Inspection Results (43nn-pn8j), accessed 2026-09-20"
"DUNKIN","Dunkin","chain restaurant / coffee","40.746337270611","-73.896148051299","NYC DOHMH Restaurant Inspection Results (43nn-pn8j), accessed 2026-09-20"
"SUBWAY","Subway","chain restaurant / coffee","40.667219525389","-73.956325698576","NYC DOHMH Restaurant Inspection Results (43nn-pn8j), accessed 2026-09-20"
"DUNKIN' BASKIN ROBBINS","Dunkin","chain restaurant / coffee","40.856080808768","-73.855683704045","NYC DOHMH Restaurant Inspection Results (43nn-pn8j), accessed 2026-09-20"
"KFC, TACO BELL","Taco Bell","chain restaurant / coffee","40.844001522053","-73.903024804822","NYC DOHMH Restaurant Inspection Results (43nn-pn8j), accessed 2026-09-20"
"KFC","KFC","chain restaurant / coffee","40.624528044545","-74.136706211605","NYC DOHMH Restaurant Inspection Results (43nn-pn8j), accessed 2026-09-20"
"KENTUCKY FRIED CHICKEN (KFC)","KFC","chain restaurant / coffee","40.826520004817","-73.857919686802","NYC DOHMH Restaurant Inspection Results (43nn-pn8j), accessed 2026-09-20"
"KFC","KFC","chain restaurant / coffee","40.816335711726","-73.918690589036","NYC DOHMH Restaurant Inspection Results (43nn-pn8j), accessed 2026-09-20"
"POPEYES","Popeyes","chain restaurant / coffee","40.768611705133","-73.835664109703","NYC DOHMH Restaurant Inspection Results (43nn-pn8j), accessed 2026-09-20"
"STARBUCKS COFFEE COMPANY","Starbucks","chain restaurant / coffee","40.851487470366","-73.844108564135","NYC DOHMH Restaurant Inspection Results (43nn-pn8j), accessed 2026-09-20"
"POPEYES LOUISIANA KITCHEN","Popeyes","chain restaurant / coffee","40.745091479766","-73.998617787728","NYC DOHMH Restaurant Inspection Results (43nn-pn8j), accessed 2026-09-20"
"DUNKIN","Dunkin","chain restaurant / coffee","40.781690978072","-73.979374535254","NYC DOHMH Restaurant Inspection Results (43nn-pn8j), accessed 2026-09-20"
"BURGER KING","Burger King","chain restaurant / coffee","40.895196815084","-73.856386977382","NYC DOHMH Restaurant Inspection Results (43nn-pn8j), accessed 2026-09-20"
"SHAKE SHACK","Shake Shack","chain restaurant / coffee","40.719846026973","-73.843952294842","NYC DOHMH Restaurant Inspection Results (43nn-pn8j), accessed 2026-09-20"
"BURGER KING","Burger King","chain restaurant / coffee","40.869314559207","-73.825062576937","NYC DOHMH Restaurant Inspection Results (43nn-pn8j), accessed 2026-09-20"
"BURGER KING","Burger King","chain restaurant / coffee","40.70985629469","-74.012050968004","NYC DOHMH Restaurant Inspection Results (43nn-pn8j), accessed 2026-09-20"
"BURGER KING","Burger King","chain restaurant / coffee","40.814710353416","-73.914270636752","NYC DOHMH Restaurant Inspection Results (43nn-pn8j), accessed 2026-09-20"
"BURGER KING","Burger King","chain restaurant / coffee","40.822272322397","-73.891751160213","NYC DOHMH Restaurant Inspection Results (43nn-pn8j), accessed 2026-09-20"
"BURGER KING","Burger King","chain restaurant / coffee","40.757634670356","-73.990741397693","NYC DOHMH Restaurant Inspection Results (43nn-pn8j), accessed 2026-09-20"
"BURGER KING","Burger King","chain restaurant / coffee","40.790402732936","-73.94553323905","NYC DOHMH Restaurant Inspection Results (43nn-pn8j), accessed 2026-09-20"
"MCDONALD'S","McDonald’s","chain restaurant / coffee","40.686233947371","-73.793846854603","NYC DOHMH Restaurant Inspection Results (43nn-pn8j), accessed 2026-09-20"
"CHIPOTLE MEXICAN GRILL","Chipotle","chain restaurant / coffee","40.716560968146","-73.960160330867","NYC DOHMH Restaurant Inspection Results (43nn-pn8j), accessed 2026-09-20"
"STARBUCKS COFFEE COMPANY","Starbucks","chain restaurant / coffee","40.714521963959","-74.015677098865","NYC DOHMH Restaurant Inspection Results (43nn-pn8j), accessed 2026-09-20"
"CHIPOTLE MEXCIAN GRILL # 2760","Chipotle","chain restaurant / coffee","40.747302740424","-73.941822438952","NYC DOHMH Restaurant Inspection Results (43nn-pn8j), accessed 2026-09-20"
"CHIPOTLE MEXICAN GRILL","Chipotle","chain restaurant / coffee","40.632159538786","-73.94762280016","NYC DOHMH Restaurant Inspection Results (43nn-pn8j), accessed 2026-09-20"
"SUBWAY","Subway","chain restaurant / coffee","40.823059345683","-73.910003541385","NYC DOHMH Restaurant Inspection Results (43nn-pn8j), accessed 2026-09-20"
"STARBUCKS COFFEE","Starbucks","chain restaurant / coffee","40.823678037301","-73.836420051252","NYC DOHMH Restaurant Inspection Results (43nn-pn8j), accessed 2026-09-20"
"DUNKIN","Dunkin","chain restaurant / coffee","40.756185423077","-73.990564733785","NYC DOHMH Restaurant Inspection Results (43nn-pn8j), accessed 2026-09-20"
"MCDONALD'S","McDonald’s","chain restaurant / coffee","40.752557035679","-73.993178394005","NYC DOHMH Restaurant Inspection Results (43nn-pn8j), accessed 2026-09-20"
"STARBUCKS","Starbucks","chain restaurant / coffee","40.782826372948","-73.949699290036","NYC DOHMH Restaurant Inspection Results (43nn-pn8j), accessed 2026-09-20"
"DUNKIN DONUTS","Dunkin","chain restaurant / coffee","40.672643967995","-73.770449408617","NYC DOHMH Restaurant Inspection Results (43nn-pn8j), accessed 2026-09-20"
"STARBUCKS COFFEE","Starbucks","chain restaurant / coffee","40.779964715303","-73.959468693515","NYC DOHMH Restaurant Inspection Results (43nn-pn8j), accessed 2026-09-20"
"STARBUCKS COFFEE #29856","Starbucks","chain restaurant / coffee","40.667050759517","-73.981944204968","NYC DOHMH Restaurant Inspection Results (43nn-pn8j), accessed 2026-09-20"
"SUBWAY","Subway","chain restaurant / coffee","40.872803271931","-73.878383871394","NYC DOHMH Restaurant Inspection Results (43nn-pn8j), accessed 2026-09-20"
"STARBUCKS COFFEE","Starbucks","chain restaurant / coffee","40.541849612161","-74.206173744691","NYC DOHMH Restaurant Inspection Results (43nn-pn8j), accessed 2026-09-20"
"SUBWAY","Subway","chain restaurant / coffee","40.864217385264","-73.926437469552","NYC DOHMH Restaurant Inspection Results (43nn-pn8j), accessed 2026-09-20"
"DUNKIN","Dunkin","chain restaurant / coffee","40.592984150957","-73.996161699751","NYC DOHMH Restaurant Inspection Results (43nn-pn8j), accessed 2026-09-20"
"DUNKIN","Dunkin","chain restaurant / coffee","40.821383014047","-73.930831519586","NYC DOHMH Restaurant Inspection Results (43nn-pn8j), accessed 2026-09-20"
"SUBWAY","Subway","chain restaurant / coffee","40.710172001747","-73.794309981442","NYC DOHMH Restaurant Inspection Results (43nn-pn8j), accessed 2026-09-20"
"SUBWAY","Subway","chain restaurant / coffee","40.881363144786","-73.882772852963","NYC DOHMH Restaurant Inspection Results (43nn-pn8j), accessed 2026-09-20"
"DUNKIN","Dunkin","chain restaurant / coffee","40.781664120407","-73.830742604991","NYC DOHMH Restaurant Inspection Results (43nn-pn8j), accessed 2026-09-20"
"CHIPOTLE MEXICAN GRILL #2834","Chipotle","chain restaurant / coffee","40.733428169799","-73.864170033452","NYC DOHMH Restaurant Inspection Results (43nn-pn8j), accessed 2026-09-20"
"DUNKIN","Dunkin","chain restaurant / coffee","40.826465641093","-73.858349791334","NYC DOHMH Restaurant Inspection Results (43nn-pn8j), accessed 2026-09-20"
"DUNKIN","Dunkin","chain restaurant / coffee","40.759871379059","-73.987849705278","NYC DOHMH Restaurant Inspection Results (43nn-pn8j), accessed 2026-09-20"
"STARBUCKS COFFEE","Starbucks","chain restaurant / coffee","40.814677403427","-73.959035623849","NYC DOHMH Restaurant Inspection Results (43nn-pn8j), accessed 2026-09-20"
"DUNKIN","Dunkin","chain restaurant / coffee","40.820427129385","-73.890984601453","NYC DOHMH Restaurant Inspection Results (43nn-pn8j), accessed 2026-09-20"
"DUNKIN' / BASKIN ROBBINS","Dunkin","chain restaurant / coffee","40.745654169547","-73.902807618824","NYC DOHMH Restaurant Inspection Results (43nn-pn8j), accessed 2026-09-20"
"SUBWAY","Subway","chain restaurant / coffee","40.885982242697","-73.909863783038","NYC DOHMH Restaurant Inspection Results (43nn-pn8j), accessed 2026-09-20"
"POPEYES","Popeyes","chain restaurant / coffee","40.791135328134","-73.9450017593","NYC DOHMH Restaurant Inspection Results (43nn-pn8j), accessed 2026-09-20"
"CHIPOTLE MEXICAN GRILL #2838","Chipotle","chain restaurant / coffee","40.825678904356","-73.91881282016","NYC DOHMH Restaurant Inspection Results (43nn-pn8j), accessed 2026-09-20"
"TACO BELL","Taco Bell","chain restaurant / coffee","40.81762091075","-73.92364946838","NYC DOHMH Restaurant Inspection Results (43nn-pn8j), accessed 2026-09-20"
"BURGER KING","Burger King","chain restaurant / coffee","40.881609877963","-73.882486724458","NYC DOHMH Restaurant Inspection Results (43nn-pn8j), accessed 2026-09-20"
"POPEYES","Popeyes","chain restaurant / coffee","40.728861534582","-73.993851922023","NYC DOHMH Restaurant Inspection Results (43nn-pn8j), accessed 2026-09-20"
"DUNKIN","Dunkin","chain restaurant / coffee","40.638212062941","-73.948234162501","NYC DOHMH Restaurant Inspection Results (43nn-pn8j), accessed 2026-09-20"
"DUNKIN","Dunkin","chain restaurant / coffee","40.649266509471","-73.872569305962","NYC DOHMH Restaurant Inspection Results (43nn-pn8j), accessed 2026-09-20"
"STARBUCKS COFFEE COMPANY #29897","Starbucks","chain restaurant / coffee","40.749068815335","-73.975681711257","NYC DOHMH Restaurant Inspection Results (43nn-pn8j), accessed 2026-09-20"
"DUNKIN","Dunkin","chain restaurant / coffee","40.587406658552","-73.812327750088","NYC DOHMH Restaurant Inspection Results (43nn-pn8j), accessed 2026-09-20"
"DUNKIN'","Dunkin","chain restaurant / coffee","40.750194518796","-73.870047570507","NYC DOHMH Restaurant Inspection Results (43nn-pn8j), accessed 2026-09-20"
"POPEYES","Popeyes","chain restaurant / coffee","40.609928854538","-73.922281617072","NYC DOHMH Restaurant Inspection Results (43nn-pn8j), accessed 2026-09-20"
"WENDY'S #108","Wendy’s","chain restaurant / coffee","40.54382597297","-74.163662228283","NYC DOHMH Restaurant Inspection Results (43nn-pn8j), accessed 2026-09-20"
"MCDONALD'S","McDonald’s","chain restaurant / coffee","40.679862719592","-73.939812019139","NYC DOHMH Restaurant Inspection Results (43nn-pn8j), accessed 2026-09-20"
"DUNKIN","Dunkin","chain restaurant / coffee","40.712711205167","-74.008054764601","NYC DOHMH Restaurant Inspection Results (43nn-pn8j), accessed 2026-09-20"
"DUNKIN","Dunkin","chain restaurant / coffee","40.719669453515","-74.002261919705","NYC DOHMH Restaurant Inspection Results (43nn-pn8j), accessed 2026-09-20"
"STARBUCKS","Starbucks","chain restaurant / coffee","40.7091314321","-74.014178939885","NYC DOHMH Restaurant Inspection Results (43nn-pn8j), accessed 2026-09-20"
"STARBUCKS COFFEE","Starbucks","chain restaurant / coffee","40.757940661918","-73.979703173011","NYC DOHMH Restaurant Inspection Results (43nn-pn8j), accessed 2026-09-20"
"DUNKIN","Dunkin","chain restaurant / coffee","40.736508883942","-73.87731290861","NYC DOHMH Restaurant Inspection Results (43nn-pn8j), accessed 2026-09-20"
"SUBWAY","Subway","chain restaurant / coffee","40.7092527189","-74.009082329115","NYC DOHMH Restaurant Inspection Results (43nn-pn8j), accessed 2026-09-20"
"MCDONALD'S","McDonald’s","chain restaurant / coffee","40.679694728472","-73.777102188178","NYC DOHMH Restaurant Inspection Results (43nn-pn8j), accessed 2026-09-20"
"TACO BELL PIZZA HUT","Taco Bell","chain restaurant / coffee","40.703787839753","-73.799061712553","NYC DOHMH Restaurant Inspection Results (43nn-pn8j), accessed 2026-09-20"
"STARBUCKS COFFEE","Starbucks","chain restaurant / coffee","40.74563908714","-73.982377550239","NYC DOHMH Restaurant Inspection Results (43nn-pn8j), accessed 2026-09-20"
"CHIPOTLE MEXICAN GRILL #2570","Chipotle","chain restaurant / coffee","40.583459003805","-73.986492269516","NYC DOHMH Restaurant Inspection Results (43nn-pn8j), accessed 2026-09-20"
"CHIPOTLE MEXICAN GRILL #2879","Chipotle","chain restaurant / coffee","40.677012381265","-73.972330004501","NYC DOHMH Restaurant Inspection Results (43nn-pn8j), accessed 2026-09-20"
"SUBWAY","Subway","chain restaurant / coffee","40.764148179565","-73.882099131005","NYC DOHMH Restaurant Inspection Results (43nn-pn8j), accessed 2026-09-20"
"STARBUCKS COFFEE","Starbucks","chain restaurant / coffee","40.711807996257","-74.010301878549","NYC DOHMH Restaurant Inspection Results (43nn-pn8j), accessed 2026-09-20"
"MCDONALD'S","McDonald’s","chain restaurant / coffee","40.653726170912","-74.005041923046","NYC DOHMH Restaurant Inspection Results (43nn-pn8j), accessed 2026-09-20"
"STARBUCKS COFFEE #48170","Starbucks","chain restaurant / coffee","40.669478079688","-73.989452348555","NYC DOHMH Restaurant Inspection Results (43nn-pn8j), accessed 2026-09-20"
"STARBUCKS COFFEE","Starbucks","chain restaurant / coffee","40.753709308956","-73.987067598536","NYC DOHMH Restaurant Inspection Results (43nn-pn8j), accessed 2026-09-20"
"MCDONALD'S","McDonald’s","chain restaurant / coffee","40.820427129385","-73.890984601453","NYC DOHMH Restaurant Inspection Results (43nn-pn8j), accessed 2026-09-20"
"SUBWAY","Subway","chain restaurant / coffee","40.576623776331","-73.981468376036","NYC DOHMH Restaurant Inspection Results (43nn-pn8j), accessed 2026-09-20"
"DUNKIN - FOOD COURT","Dunkin","chain restaurant / coffee","0","0","NYC DOHMH Restaurant Inspection Results (43nn-pn8j), accessed 2026-09-20"
"STARBUCKS","Starbucks","chain restaurant / coffee","40.69365887204","-73.983685937178","NYC DOHMH Restaurant Inspection Results (43nn-pn8j), accessed 2026-09-20"
"DUNKIN' / POPEYES","Dunkin","chain restaurant / coffee","40.685990502046","-73.915933129709","NYC DOHMH Restaurant Inspection Results (43nn-pn8j), accessed 2026-09-20"
"SUBWAY","Subway","chain restaurant / coffee","40.854127418116","-73.907033312823","NYC DOHMH Restaurant Inspection Results (43nn-pn8j), accessed 2026-09-20"
"STARBUCKS","Starbucks","chain restaurant / coffee","40.856040291672","-73.867627611058","NYC DOHMH Restaurant Inspection Results (43nn-pn8j), accessed 2026-09-20"
"STARBUCKS","Starbucks","chain restaurant / coffee","40.747302740424","-73.941822438952","NYC DOHMH Restaurant Inspection Results (43nn-pn8j), accessed 2026-09-20"
"STARBUCKS COFFEE #49952","Starbucks","chain restaurant / coffee","40.753556325005","-73.998812517372","NYC DOHMH Restaurant Inspection Results (43nn-pn8j), accessed 2026-09-20"
"SUBWAY","Subway","chain restaurant / coffee","40.743919396153","-73.995755997585","NYC DOHMH Restaurant Inspection Results (43nn-pn8j), accessed 2026-09-20"
"DUNKIN' / BASKIN ROBINS","Dunkin","chain restaurant / coffee","40.798486677571","-73.941293550854","NYC DOHMH Restaurant Inspection Results (43nn-pn8j), accessed 2026-09-20"
"POPEYES","Popeyes","chain restaurant / coffee","40.764348107664","-73.932537120994","NYC DOHMH Restaurant Inspection Results (43nn-pn8j), accessed 2026-09-20"
"POPEYES","Popeyes","chain restaurant / coffee","40.632245739338","-73.887978625958","NYC DOHMH Restaurant Inspection Results (43nn-pn8j), accessed 2026-09-20"
"SUBWAY","Subway","chain restaurant / coffee","40.797805143304","-73.939679689019","NYC DOHMH Restaurant Inspection Results (43nn-pn8j), accessed 2026-09-20"
"PANERA BREAD","Panera","chain restaurant / coffee","40.652594996592","-73.876732624823","NYC DOHMH Restaurant Inspection Results (43nn-pn8j), accessed 2026-09-20"
"SUBWAY","Subway","chain restaurant / coffee","40.753179586046","-73.987208466393","NYC DOHMH Restaurant Inspection Results (43nn-pn8j), accessed 2026-09-20"
"SUBWAY","Subway","chain restaurant / coffee","40.82032508133","-73.912915724028","NYC DOHMH Restaurant Inspection Results (43nn-pn8j), accessed 2026-09-20"
"SHAKE SHACK","Shake Shack","chain restaurant / coffee","40.807850146304","-73.964017626708","NYC DOHMH Restaurant Inspection Results (43nn-pn8j), accessed 2026-09-20"
"SUBWAY","Subway","chain restaurant / coffee","40.725899642933","-73.791313615815","NYC DOHMH Restaurant Inspection Results (43nn-pn8j), accessed 2026-09-20"
"STARBUCKS #50611","Starbucks","chain restaurant / coffee","40.772456283691","-73.989843950399","NYC DOHMH Restaurant Inspection Results (43nn-pn8j), accessed 2026-09-20"
"STARBUCKS COFFEE # 49196","Starbucks","chain restaurant / coffee","40.749158448624","-73.756307583098","NYC DOHMH Restaurant Inspection Results (43nn-pn8j), accessed 2026-09-20"
"STARBUCKS #48990","Starbucks","chain restaurant / coffee","40.727227505191","-73.984417314968","NYC DOHMH Restaurant Inspection Results (43nn-pn8j), accessed 2026-09-20"
"STARBUCKS COFFEE #49550","Starbucks","chain restaurant / coffee","40.757667016401","-73.985121256364","NYC DOHMH Restaurant Inspection Results (43nn-pn8j), accessed 2026-09-20"
"MCDONALD'S","McDonald’s","chain restaurant / coffee","40.645115157587","-73.986904950193","NYC DOHMH Restaurant Inspection Results (43nn-pn8j), accessed 2026-09-20"
"MCDONALD'S #13068","McDonald’s","chain restaurant / coffee","40.635987742206","-73.967857759623","NYC DOHMH Restaurant Inspection Results (43nn-pn8j), accessed 2026-09-20"
"MCDONALD'S","McDonald’s","chain restaurant / coffee","40.681707372312","-73.967316451029","NYC DOHMH Restaurant Inspection Results (43nn-pn8j), accessed 2026-09-20"
"MCDONALD'S","McDonald’s","chain restaurant / coffee","40.644371536225","-74.011062562767","NYC DOHMH Restaurant Inspection Results (43nn-pn8j), accessed 2026-09-20"
"DUNKIN","Dunkin","chain restaurant / coffee","40.715168228855","-73.749170847183","NYC DOHMH Restaurant Inspection Results (43nn-pn8j), accessed 2026-09-20"
"DUNKIN","Dunkin","chain restaurant / coffee","40.696328373458","-73.744348284577","NYC DOHMH Restaurant Inspection Results (43nn-pn8j), accessed 2026-09-20"
"MCDONALD'S","McDonald’s","chain restaurant / coffee","40.743221207685","-73.984132072786","NYC DOHMH Restaurant Inspection Results (43nn-pn8j), accessed 2026-09-20"
"STARBUCKS (Fordham University)","Starbucks","chain restaurant / coffee","40.860726736162","-73.889533661913","NYC DOHMH Restaurant Inspection Results (43nn-pn8j), accessed 2026-09-20"
"MCDONALD'S","McDonald’s","chain restaurant / coffee","40.760775837058","-73.967154770954","NYC DOHMH Restaurant Inspection Results (43nn-pn8j), accessed 2026-09-20"
"TACO BELL","Taco Bell","chain restaurant / coffee","40.7495407956","-73.869633797795","NYC DOHMH Restaurant Inspection Results (43nn-pn8j), accessed 2026-09-20"
"SHAKE SHACK","Shake Shack","chain restaurant / coffee","40.730176045337","-73.990460187741","NYC DOHMH Restaurant Inspection Results (43nn-pn8j), accessed 2026-09-20"
"MCDONALDS # 18093","McDonald’s","chain restaurant / coffee","40.810876319954","-73.952889513336","NYC DOHMH Restaurant Inspection Results (43nn-pn8j), accessed 2026-09-20"
"DUNKIN","Dunkin","chain restaurant / coffee","40.75009855577","-73.939697788634","NYC DOHMH Restaurant Inspection Results (43nn-pn8j), accessed 2026-09-20"
"BURGER KING","Burger King","chain restaurant / coffee","40.803544877007","-73.935484441206","NYC DOHMH Restaurant Inspection Results (43nn-pn8j), accessed 2026-09-20"
"DUNKIN","Dunkin","chain restaurant / coffee","40.807467659703","-73.919004897826","NYC DOHMH Restaurant Inspection Results (43nn-pn8j), accessed 2026-09-20"
"WENDY'S","Wendy’s","chain restaurant / coffee","40.816253141386","-73.918369152465","NYC DOHMH Restaurant Inspection Results (43nn-pn8j), accessed 2026-09-20"
"MCDONALD'S","McDonald’s","chain restaurant / coffee","40.892879091742","-73.857647092212","NYC DOHMH Restaurant Inspection Results (43nn-pn8j), accessed 2026-09-20"
"MCDONALD'S","McDonald’s","chain restaurant / coffee","40.902930647904","-73.849334128941","NYC DOHMH Restaurant Inspection Results (43nn-pn8j), accessed 2026-09-20"
"DUNKIN","Dunkin","chain restaurant / coffee","40.76830649462","-73.924442697236","NYC DOHMH Restaurant Inspection Results (43nn-pn8j), accessed 2026-09-20"
"SUBWAY","Subway","chain restaurant / coffee","40.826948401136","-73.822551081553","NYC DOHMH Restaurant Inspection Results (43nn-pn8j), accessed 2026-09-20"
"TACO BELL","Taco Bell","chain restaurant / coffee","40.64590422425","-73.958083810411","NYC DOHMH Restaurant Inspection Results (43nn-pn8j), accessed 2026-09-20"
"POPEYES","Popeyes","chain restaurant / coffee","40.618968698539","-73.99035007058","NYC DOHMH Restaurant Inspection Results (43nn-pn8j), accessed 2026-09-20"
"DUNKIN","Dunkin","chain restaurant / coffee","40.721412306078","-74.004718769767","NYC DOHMH Restaurant Inspection Results (43nn-pn8j), accessed 2026-09-20"
"POPEYES","Popeyes","chain restaurant / coffee","40.663030673319","-73.909052438192","NYC DOHMH Restaurant Inspection Results (43nn-pn8j), accessed 2026-09-20"
"BURGER KING","Burger King","chain restaurant / coffee","40.713265256255","-73.765641266794","NYC DOHMH Restaurant Inspection Results (43nn-pn8j), accessed 2026-09-20"
"TACO BELL","Taco Bell","chain restaurant / coffee","40.734132718606","-73.980399640897","NYC DOHMH Restaurant Inspection Results (43nn-pn8j), accessed 2026-09-20"
"SUBWAY","Subway","chain restaurant / coffee","40.711845247032","-73.940641519189","NYC DOHMH Restaurant Inspection Results (43nn-pn8j), accessed 2026-09-20"
"DUNKIN","Dunkin","chain restaurant / coffee","40.736483181513","-73.932356153023","NYC DOHMH Restaurant Inspection Results (43nn-pn8j), accessed 2026-09-20"
"DUNKIN / BASKIN ROBBINS","Dunkin","chain restaurant / coffee","40.668007584658","-73.906421386409","NYC DOHMH Restaurant Inspection Results (43nn-pn8j), accessed 2026-09-20"
"POPEYES","Popeyes","chain restaurant / coffee","40.823678037301","-73.836420051252","NYC DOHMH Restaurant Inspection Results (43nn-pn8j), accessed 2026-09-20"
"DUNKIN","Dunkin","chain restaurant / coffee","40.755196547474","-73.782035378223","NYC DOHMH Restaurant Inspection Results (43nn-pn8j), accessed 2026-09-20"
"POPEYES","Popeyes","chain restaurant / coffee","40.814999675666","-73.91962069575","NYC DOHMH Restaurant Inspection Results (43nn-pn8j), accessed 2026-09-20"
"BURGER KING","Burger King","chain restaurant / coffee","40.709722233056","-74.006791956567","NYC DOHMH Restaurant Inspection Results (43nn-pn8j), accessed 2026-09-20"
"CHIPOTLE MEXICAN GRILL#2964","Chipotle","chain restaurant / coffee","40.755507506797","-73.991055718894","NYC DOHMH Restaurant Inspection Results (43nn-pn8j), accessed 2026-09-20"
"CHIPOTLE MEXICAN GRILL #3020","Chipotle","chain restaurant / coffee","40.703776829095","-73.799043712501","NYC DOHMH Restaurant Inspection Results (43nn-pn8j), accessed 2026-09-20"
"DUNKIN'","Dunkin","chain restaurant / coffee","40.676726873921","-73.972121022059","NYC DOHMH Restaurant Inspection Results (43nn-pn8j), accessed 2026-09-20"
"STARBUCKS COFFEE #50622","Starbucks","chain restaurant / coffee","40.700204881222","-73.941045028678","NYC DOHMH Restaurant Inspection Results (43nn-pn8j), accessed 2026-09-20"
"TACO BELL","Taco Bell","chain restaurant / coffee","40.751697458285","-73.9875985531","NYC DOHMH Restaurant Inspection Results (43nn-pn8j), accessed 2026-09-20"
"BURGER KING","Burger King","chain restaurant / coffee","40.839843890681","-73.917946160291","NYC DOHMH Restaurant Inspection Results (43nn-pn8j), accessed 2026-09-20"
"SUBWAY","Subway","chain restaurant / coffee","40.693123618125","-73.969986548958","NYC DOHMH Restaurant Inspection Results (43nn-pn8j), accessed 2026-09-20"
"POPEYES","Popeyes","chain restaurant / coffee","40.839843890681","-73.917946160291","NYC DOHMH Restaurant Inspection Results (43nn-pn8j), accessed 2026-09-20"
"POPEYES","Popeyes","chain restaurant / coffee","0","0","NYC DOHMH Restaurant Inspection Results (43nn-pn8j), accessed 2026-09-20"
"TACO BELL CANTINA","Taco Bell","chain restaurant / coffee","40.828326702476","-73.92562452986","NYC DOHMH Restaurant Inspection Results (43nn-pn8j), accessed 2026-09-20"
"TACO BELL CANTINA","Taco Bell","chain restaurant / coffee","40.680556373805","-73.949585641291","NYC DOHMH Restaurant Inspection Results (43nn-pn8j), accessed 2026-09-20"
"DUNKIN","Dunkin","chain restaurant / coffee","40.710526270262","-74.009353030615","NYC DOHMH Restaurant Inspection Results (43nn-pn8j), accessed 2026-09-20"
"DUNKIN'","Dunkin","chain restaurant / coffee","40.766752363361","-73.827408819489","NYC DOHMH Restaurant Inspection Results (43nn-pn8j), accessed 2026-09-20"
"DUNKIN' / BASKIN ROBBINS","Dunkin","chain restaurant / coffee","40.786252668283","-73.835941792787","NYC DOHMH Restaurant Inspection Results (43nn-pn8j), accessed 2026-09-20"
"SUBWAY","Subway","chain restaurant / coffee","40.751875816887","-73.702760921236","NYC DOHMH Restaurant Inspection Results (43nn-pn8j), accessed 2026-09-20"
"DUNKIN","Dunkin","chain restaurant / coffee","40.773833023893","-73.959725173034","NYC DOHMH Restaurant Inspection Results (43nn-pn8j), accessed 2026-09-20"
"DUNKIN","Dunkin","chain restaurant / coffee","40.736195559538","-73.994103832497","NYC DOHMH Restaurant Inspection Results (43nn-pn8j), accessed 2026-09-20"
"POPEYES","Popeyes","chain restaurant / coffee","40.804635969034","-73.9380769041","NYC DOHMH Restaurant Inspection Results (43nn-pn8j), accessed 2026-09-20"
"STARBUCKS COFFEE","Starbucks","chain restaurant / coffee","40.730261001933","-73.887239532275","NYC DOHMH Restaurant Inspection Results (43nn-pn8j), accessed 2026-09-20"
"MCDONALD'S","McDonald’s","chain restaurant / coffee","40.828659380684","-73.878092681216","NYC DOHMH Restaurant Inspection Results (43nn-pn8j), accessed 2026-09-20"
"BURGER KING","Burger King","chain restaurant / coffee","40.692980881432","-73.757508982838","NYC DOHMH Restaurant Inspection Results (43nn-pn8j), accessed 2026-09-20"
"MCDONALD'S","McDonald’s","chain restaurant / coffee","40.597577690265","-73.941352046784","NYC DOHMH Restaurant Inspection Results (43nn-pn8j), accessed 2026-09-20"
"MCDONALD'S","McDonald’s","chain restaurant / coffee","40.612813964882","-73.982531606496","NYC DOHMH Restaurant Inspection Results (43nn-pn8j), accessed 2026-09-20"
"STARBUCKS","Starbucks","chain restaurant / coffee","40.723515624571","-73.951512019729","NYC DOHMH Restaurant Inspection Results (43nn-pn8j), accessed 2026-09-20"
"SUBWAY AND JUICE","Subway","chain restaurant / coffee","40.769672544886","-73.834701154592","NYC DOHMH Restaurant Inspection Results (43nn-pn8j), accessed 2026-09-20"
"MCDONALD'S","McDonald’s","chain restaurant / coffee","40.691343135158","-73.991580015825","NYC DOHMH Restaurant Inspection Results (43nn-pn8j), accessed 2026-09-20"
"MCDONALD'S","McDonald’s","chain restaurant / coffee","40.597910011854","-73.96116763918","NYC DOHMH Restaurant Inspection Results (43nn-pn8j), accessed 2026-09-20"
"MCDONALD'S","McDonald’s","chain restaurant / coffee","40.689815842146","-73.98140434252","NYC DOHMH Restaurant Inspection Results (43nn-pn8j), accessed 2026-09-20"
"MCDONALD'S","McDonald’s","chain restaurant / coffee","40.699589667134","-73.910726250405","NYC DOHMH Restaurant Inspection Results (43nn-pn8j), accessed 2026-09-20"
"MCDONALD'S","McDonald’s","chain restaurant / coffee","40.730389652883","-73.954270811296","NYC DOHMH Restaurant Inspection Results (43nn-pn8j), accessed 2026-09-20"
"STARBUCKS COFFEE #29719","Starbucks","chain restaurant / coffee","40.677009015168","-73.983300663024","NYC DOHMH Restaurant Inspection Results (43nn-pn8j), accessed 2026-09-20"
"STARBUCKS COFFEE #53473","Starbucks","chain restaurant / coffee","40.706631127508","-74.012631080595","NYC DOHMH Restaurant Inspection Results (43nn-pn8j), accessed 2026-09-20"
"BURGER KING","Burger King","chain restaurant / coffee","40.852499318825","-73.828042163815","NYC DOHMH Restaurant Inspection Results (43nn-pn8j), accessed 2026-09-20"
"DUNKIN","Dunkin","chain restaurant / coffee","40.753001823824","-73.933483475358","NYC DOHMH Restaurant Inspection Results (43nn-pn8j), accessed 2026-09-20"
"CHIPOTLE MEXICAN GRILL","Chipotle","chain restaurant / coffee","40.807395038448","-73.944623429604","NYC DOHMH Restaurant Inspection Results (43nn-pn8j), accessed 2026-09-20"
"CHIPOTLE MEXICAN GRILL #2918","Chipotle","chain restaurant / coffee","40.582297419955","-74.169052592685","NYC DOHMH Restaurant Inspection Results (43nn-pn8j), accessed 2026-09-20"
"DUNKIN'","Dunkin","chain restaurant / coffee","40.775745480735","-73.910168827866","NYC DOHMH Restaurant Inspection Results (43nn-pn8j), accessed 2026-09-20"
"DUNKIN'","Dunkin","chain restaurant / coffee","40.730013585524","-73.954184476201","NYC DOHMH Restaurant Inspection Results (43nn-pn8j), accessed 2026-09-20"
"SHAKE SHACK","Shake Shack","chain restaurant / coffee","40.582297419955","-74.169052592685","NYC DOHMH Restaurant Inspection Results (43nn-pn8j), accessed 2026-09-20"
"STARBUCKS COFFEE #49450","Starbucks","chain restaurant / coffee","40.867838960711","-73.831285311949","NYC DOHMH Restaurant Inspection Results (43nn-pn8j), accessed 2026-09-20"
"DUNKIN","Dunkin","chain restaurant / coffee","40.750278379374","-73.971851915755","NYC DOHMH Restaurant Inspection Results (43nn-pn8j), accessed 2026-09-20"
"DUNKIN'","Dunkin","chain restaurant / coffee","40.757595296037","-73.969452044335","NYC DOHMH Restaurant Inspection Results (43nn-pn8j), accessed 2026-09-20"
"DUNKIN'","Dunkin","chain restaurant / coffee","40.770508183862","-73.957127780991","NYC DOHMH Restaurant Inspection Results (43nn-pn8j), accessed 2026-09-20"
"DUNKIN","Dunkin","chain restaurant / coffee","40.755843468605","-73.978617356747","NYC DOHMH Restaurant Inspection Results (43nn-pn8j), accessed 2026-09-20"
"DUNKIN","Dunkin","chain restaurant / coffee","40.754592347143","-73.981425893441","NYC DOHMH Restaurant Inspection Results (43nn-pn8j), accessed 2026-09-20"
"DUNKIN","Dunkin","chain restaurant / coffee","40.766380045175","-73.965162849237","NYC DOHMH Restaurant Inspection Results (43nn-pn8j), accessed 2026-09-20"
"DUNKIN","Dunkin","chain restaurant / coffee","40.747012236859","-73.988418674758","NYC DOHMH Restaurant Inspection Results (43nn-pn8j), accessed 2026-09-20"
"DUNKIN","Dunkin","chain restaurant / coffee","40.666826548366","-73.871605625762","NYC DOHMH Restaurant Inspection Results (43nn-pn8j), accessed 2026-09-20"
"DUNKIN","Dunkin","chain restaurant / coffee","40.644839031606","-73.929635112261","NYC DOHMH Restaurant Inspection Results (43nn-pn8j), accessed 2026-09-20"
"DUNKIN","Dunkin","chain restaurant / coffee","40.651767170661","-73.930143126581","NYC DOHMH Restaurant Inspection Results (43nn-pn8j), accessed 2026-09-20"
"STARBUCKS #54446","Starbucks","chain restaurant / coffee","40.688587069906","-73.962567780948","NYC DOHMH Restaurant Inspection Results (43nn-pn8j), accessed 2026-09-20"
"STARBUCKS COFFEE #823","Starbucks","chain restaurant / coffee","40.773404941867","-73.960010658481","NYC DOHMH Restaurant Inspection Results (43nn-pn8j), accessed 2026-09-20"
"SUBWAY","Subway","chain restaurant / coffee","40.713205892595","-73.781448175966","NYC DOHMH Restaurant Inspection Results (43nn-pn8j), accessed 2026-09-20"
"DUNKIN","Dunkin","chain restaurant / coffee","40.710097514026","-74.014788730436","NYC DOHMH Restaurant Inspection Results (43nn-pn8j), accessed 2026-09-20"
"DUNKIN","Dunkin","chain restaurant / coffee","40.763079729782","-73.985509910435","NYC DOHMH Restaurant Inspection Results (43nn-pn8j), accessed 2026-09-20"
"BURGER KING","Burger King","chain restaurant / coffee","40.686582209202","-73.823232548044","NYC DOHMH Restaurant Inspection Results (43nn-pn8j), accessed 2026-09-20"
"TACO BELL","Taco Bell","chain restaurant / coffee","40.762687265522","-73.985798785463","NYC DOHMH Restaurant Inspection Results (43nn-pn8j), accessed 2026-09-20"
"SUBWAY","Subway","chain restaurant / coffee","40.545279509935","-74.160639814409","NYC DOHMH Restaurant Inspection Results (43nn-pn8j), accessed 2026-09-20"
"SHAKE SHACK","Shake Shack","chain restaurant / coffee","40.717357029564","-73.960387119529","NYC DOHMH Restaurant Inspection Results (43nn-pn8j), accessed 2026-09-20"
"SHAKE SHACK (INNOVATION KITCHEN)","Shake Shack","chain restaurant / coffee","40.72913880071","-74.005246093142","NYC DOHMH Restaurant Inspection Results (43nn-pn8j), accessed 2026-09-20"
"STARBUCKS COFFE #55085","Starbucks","chain restaurant / coffee","40.752518612241","-73.993232537654","NYC DOHMH Restaurant Inspection Results (43nn-pn8j), accessed 2026-09-20"
"DUNKIN'","Dunkin","chain restaurant / coffee","40.647774740538","-73.971268296235","NYC DOHMH Restaurant Inspection Results (43nn-pn8j), accessed 2026-09-20"
"POPEYES","Popeyes","chain restaurant / coffee","40.645507981093","-74.00990963119","NYC DOHMH Restaurant Inspection Results (43nn-pn8j), accessed 2026-09-20"
"CHIPOTLE MEXICAN GRILL #3044","Chipotle","chain restaurant / coffee","40.657121533488","-73.839381767295","NYC DOHMH Restaurant Inspection Results (43nn-pn8j), accessed 2026-09-20"
"DUNKIN'","Dunkin","chain restaurant / coffee","40.753307728589","-73.980993130264","NYC DOHMH Restaurant Inspection Results (43nn-pn8j), accessed 2026-09-20"
"TACO BELL CANTINA #034646","Taco Bell","chain restaurant / coffee","40.744196610465","-73.995579145685","NYC DOHMH Restaurant Inspection Results (43nn-pn8j), accessed 2026-09-20"
"TACO BELL CANTINA","Taco Bell","chain restaurant / coffee","40.752935795955","-73.992904045537","NYC DOHMH Restaurant Inspection Results (43nn-pn8j), accessed 2026-09-20"
"STARBUCKS COFFEE","Starbucks","chain restaurant / coffee","40.624810704839","-73.917808074794","NYC DOHMH Restaurant Inspection Results (43nn-pn8j), accessed 2026-09-20"
"CHIPOTLEMEXICAN GRILL #2659","Chipotle","chain restaurant / coffee","40.86920658352","-73.824451812422","NYC DOHMH Restaurant Inspection Results (43nn-pn8j), accessed 2026-09-20"
"MCDONALD'S","McDonald’s","chain restaurant / coffee","40.605235726513","-73.755077493667","NYC DOHMH Restaurant Inspection Results (43nn-pn8j), accessed 2026-09-20"
"TACO BELL","Taco Bell","chain restaurant / coffee","40.853425282915","-73.907674119738","NYC DOHMH Restaurant Inspection Results (43nn-pn8j), accessed 2026-09-20"
"CHIPOTLE MEXICAN GRILL # 3265","Chipotle","chain restaurant / coffee","40.624783257013","-73.917808108725","NYC DOHMH Restaurant Inspection Results (43nn-pn8j), accessed 2026-09-20"
"DUNKIN’","Dunkin","chain restaurant / coffee","40.753764445248","-73.989420904231","NYC DOHMH Restaurant Inspection Results (43nn-pn8j), accessed 2026-09-20"
"DUNKIN'","Dunkin","chain restaurant / coffee","40.767279679222","-73.98990611482","NYC DOHMH Restaurant Inspection Results (43nn-pn8j), accessed 2026-09-20"
"DUNKIN","Dunkin","chain restaurant / coffee","40.837795256504","-73.887515541545","NYC DOHMH Restaurant Inspection Results (43nn-pn8j), accessed 2026-09-20"
"CHIPOTLE MEXICAN GRILL","Chipotle","chain restaurant / coffee","40.700204881222","-73.941045028678","NYC DOHMH Restaurant Inspection Results (43nn-pn8j), accessed 2026-09-20"
"MCDONALD'S","McDonald’s","chain restaurant / coffee","40.856510319175","-73.88078520685","NYC DOHMH Restaurant Inspection Results (43nn-pn8j), accessed 2026-09-20"
"STARBUCKS COFFEE#54771","Starbucks","chain restaurant / coffee","40.779979845786","-73.775338919488","NYC DOHMH Restaurant Inspection Results (43nn-pn8j), accessed 2026-09-20"
"SHAKE SHACK","Shake Shack","chain restaurant / coffee","40.806515672405","-73.942492934563","NYC DOHMH Restaurant Inspection Results (43nn-pn8j), accessed 2026-09-20"
"TACO BELL, PIATTINO, GREEN LEAFS","Taco Bell","chain restaurant / coffee","40.582297419955","-74.169052592685","NYC DOHMH Restaurant Inspection Results (43nn-pn8j), accessed 2026-09-20"
"DUNKIN","Dunkin","chain restaurant / coffee","40.701687901075","-74.011631125861","NYC DOHMH Restaurant Inspection Results (43nn-pn8j), accessed 2026-09-20"
"DUNKIN","Dunkin","chain restaurant / coffee","40.836548562414","-73.838657810403","NYC DOHMH Restaurant Inspection Results (43nn-pn8j), accessed 2026-09-20"
"DUNKIN","Dunkin","chain restaurant / coffee","40.836186181548","-73.838604484463","NYC DOHMH Restaurant Inspection Results (43nn-pn8j), accessed 2026-09-20"
"TACO BELL","Taco Bell","chain restaurant / coffee","40.862771497794","-73.901543969335","NYC DOHMH Restaurant Inspection Results (43nn-pn8j), accessed 2026-09-20"
"CHIPOTLE MEXICAN GRILL #3309","Chipotle","chain restaurant / coffee","40.690109927668","-73.984022159599","NYC DOHMH Restaurant Inspection Results (43nn-pn8j), accessed 2026-09-20"
"POPEYES","Popeyes","chain restaurant / coffee","40.898268465932","-73.854448696469","NYC DOHMH Restaurant Inspection Results (43nn-pn8j), accessed 2026-09-20"
"PIZZA PUB/DUNKIN EXPRESS -GATE 7","Dunkin","chain restaurant / coffee","40.648312826068","-73.788281497594","NYC DOHMH Restaurant Inspection Results (43nn-pn8j), accessed 2026-09-20"
"POPEYES","Popeyes","chain restaurant / coffee","40.666412894977","-73.882596971056","NYC DOHMH Restaurant Inspection Results (43nn-pn8j), accessed 2026-09-20"
"POPEYES","Popeyes","chain restaurant / coffee","40.668170606119","-73.931189276565","NYC DOHMH Restaurant Inspection Results (43nn-pn8j), accessed 2026-09-20"
"POPEYES","Popeyes","chain restaurant / coffee","40.681083040326","-73.955411620572","NYC DOHMH Restaurant Inspection Results (43nn-pn8j), accessed 2026-09-20"
"POPEYES","Popeyes","chain restaurant / coffee","40.653760443317","-73.931070850686","NYC DOHMH Restaurant Inspection Results (43nn-pn8j), accessed 2026-09-20"
"POPEYES","Popeyes","chain restaurant / coffee","40.680067891013","-73.943867883166","NYC DOHMH Restaurant Inspection Results (43nn-pn8j), accessed 2026-09-20"
"POPEYES","Popeyes","chain restaurant / coffee","40.655877363953","-73.942259278246","NYC DOHMH Restaurant Inspection Results (43nn-pn8j), accessed 2026-09-20"
"POPEYES","Popeyes","chain restaurant / coffee","40.666438335113","-73.757288640388","NYC DOHMH Restaurant Inspection Results (43nn-pn8j), accessed 2026-09-20"
"POPEYES","Popeyes","chain restaurant / coffee","40.63660041135","-73.911589095327","NYC DOHMH Restaurant Inspection Results (43nn-pn8j), accessed 2026-09-20"
"TACO BELL","Taco Bell","chain restaurant / coffee","40.855406313567","-73.867675871684","NYC DOHMH Restaurant Inspection Results (43nn-pn8j), accessed 2026-09-20"
"BURGER KING","Burger King","chain restaurant / coffee","40.730241866595","-73.88731894309","NYC DOHMH Restaurant Inspection Results (43nn-pn8j), accessed 2026-09-20"
"TACO BELL","Taco Bell","chain restaurant / coffee","40.76851792785","-73.833444075046","NYC DOHMH Restaurant Inspection Results (43nn-pn8j), accessed 2026-09-20"
"STARBUCKS COFFEE #52530","Starbucks","chain restaurant / coffee","40.768812281344","-73.791817637248","NYC DOHMH Restaurant Inspection Results (43nn-pn8j), accessed 2026-09-20"
"DUNKIN","Dunkin","chain restaurant / coffee","40.733555201076","-74.003272711872","NYC DOHMH Restaurant Inspection Results (43nn-pn8j), accessed 2026-09-20"
"DUNKIN","Dunkin","chain restaurant / coffee","40.740245089986","-73.979163678929","NYC DOHMH Restaurant Inspection Results (43nn-pn8j), accessed 2026-09-20"
"DUNKIN","Dunkin","chain restaurant / coffee","40.727384882674","-74.005516550541","NYC DOHMH Restaurant Inspection Results (43nn-pn8j), accessed 2026-09-20"
"DUNKIN' / BASKIN ROBBINS","Dunkin","chain restaurant / coffee","40.73564214433","-73.979291417708","NYC DOHMH Restaurant Inspection Results (43nn-pn8j), accessed 2026-09-20"
"DUNKIN","Dunkin","chain restaurant / coffee","40.733082379724","-73.986721616379","NYC DOHMH Restaurant Inspection Results (43nn-pn8j), accessed 2026-09-20"
"DUNKIN'","Dunkin","chain restaurant / coffee","40.744966694265","-73.982864930633","NYC DOHMH Restaurant Inspection Results (43nn-pn8j), accessed 2026-09-20"
"DUNKIN","Dunkin","chain restaurant / coffee","40.759138109464","-73.970440384587","NYC DOHMH Restaurant Inspection Results (43nn-pn8j), accessed 2026-09-20"
"DUNKIN","Dunkin","chain restaurant / coffee","40.73586033704","-73.989153127274","NYC DOHMH Restaurant Inspection Results (43nn-pn8j), accessed 2026-09-20"
"DUNKIN","Dunkin","chain restaurant / coffee","40.752430604861","-73.97324419596","NYC DOHMH Restaurant Inspection Results (43nn-pn8j), accessed 2026-09-20"
"DUNKIN","Dunkin","chain restaurant / coffee","40.729558858519","-73.998390803063","NYC DOHMH Restaurant Inspection Results (43nn-pn8j), accessed 2026-09-20"
"DUNKIN' DONUTS/BASKIN ROBBINS","Dunkin","chain restaurant / coffee","40.746242436197","-73.979385552238","NYC DOHMH Restaurant Inspection Results (43nn-pn8j), accessed 2026-09-20"
"DUNKIN' / 'BASKIN ROBBINS","Dunkin","chain restaurant / coffee","40.729743549247","-73.978770086968","NYC DOHMH Restaurant Inspection Results (43nn-pn8j), accessed 2026-09-20"
"DUNKIN'","Dunkin","chain restaurant / coffee","40.774218238084","-73.94838076576","NYC DOHMH Restaurant Inspection Results (43nn-pn8j), accessed 2026-09-20"
"DUNKIN","Dunkin","chain restaurant / coffee","40.759137552085","-73.968350383869","NYC DOHMH Restaurant Inspection Results (43nn-pn8j), accessed 2026-09-20"
"DUNKIN'","Dunkin","chain restaurant / coffee","40.792620635885","-73.96770961573","NYC DOHMH Restaurant Inspection Results (43nn-pn8j), accessed 2026-09-20"
"DUNKIN","Dunkin","chain restaurant / coffee","40.792333466925","-73.971606542832","NYC DOHMH Restaurant Inspection Results (43nn-pn8j), accessed 2026-09-20"
"DUNKIN","Dunkin","chain restaurant / coffee","40.787514499858","-73.975122320852","NYC DOHMH Restaurant Inspection Results (43nn-pn8j), accessed 2026-09-20"
"DUNKIN","Dunkin","chain restaurant / coffee","40.85101786159","-73.930677684696","NYC DOHMH Restaurant Inspection Results (43nn-pn8j), accessed 2026-09-20"
"SHAKE SHACK","Shake Shack","chain restaurant / coffee","40.753984513583","-73.99983035853","NYC DOHMH Restaurant Inspection Results (43nn-pn8j), accessed 2026-09-20"
"POPEYES","Popeyes","chain restaurant / coffee","40.602621728524","-73.749562889512","NYC DOHMH Restaurant Inspection Results (43nn-pn8j), accessed 2026-09-20"
"POPEYES","Popeyes","chain restaurant / coffee","40.793818565121","-73.972378781085","NYC DOHMH Restaurant Inspection Results (43nn-pn8j), accessed 2026-09-20"
"DUNKIN' / BASKIN ROBBINS","Dunkin","chain restaurant / coffee","40.598970063379","-73.955196593208","NYC DOHMH Restaurant Inspection Results (43nn-pn8j), accessed 2026-09-20"
"TACO BELL","Taco Bell","chain restaurant / coffee","40.864003194585","-73.926278630302","NYC DOHMH Restaurant Inspection Results (43nn-pn8j), accessed 2026-09-20"
"DUNKIN","Dunkin","chain restaurant / coffee","40.708708730287","-73.818517087227","NYC DOHMH Restaurant Inspection Results (43nn-pn8j), accessed 2026-09-20"
"DUNKIN","Dunkin","chain restaurant / coffee","40.756153046301","-73.833633930549","NYC DOHMH Restaurant Inspection Results (43nn-pn8j), accessed 2026-09-20"
"DUNKIN","Dunkin","chain restaurant / coffee","40.656969580582","-73.768265383113","NYC DOHMH Restaurant Inspection Results (43nn-pn8j), accessed 2026-09-20"
"DUNKIN","Dunkin","chain restaurant / coffee","40.755934186327","-73.836042019442","NYC DOHMH Restaurant Inspection Results (43nn-pn8j), accessed 2026-09-20"
"POPEYES","Popeyes","chain restaurant / coffee","40.598321660053","-73.960962144916","NYC DOHMH Restaurant Inspection Results (43nn-pn8j), accessed 2026-09-20"
"TACO BELL","Taco Bell","chain restaurant / coffee","40.77635557553","-73.952838206912","NYC DOHMH Restaurant Inspection Results (43nn-pn8j), accessed 2026-09-20"
"BURGER KING","Burger King","chain restaurant / coffee","40.718027326284","-73.986638048801","NYC DOHMH Restaurant Inspection Results (43nn-pn8j), accessed 2026-09-20"
"BURGER KING","Burger King","chain restaurant / coffee","40.864003194585","-73.926278630302","NYC DOHMH Restaurant Inspection Results (43nn-pn8j), accessed 2026-09-20"
"POPEYES","Popeyes","chain restaurant / coffee","40.864003194585","-73.926278630302","NYC DOHMH Restaurant Inspection Results (43nn-pn8j), accessed 2026-09-20"
"STARBUCKS","Starbucks","chain restaurant / coffee","40.756556290303","-74.003808057183","NYC DOHMH Restaurant Inspection Results (43nn-pn8j), accessed 2026-09-20"
"STARBUCKS","Starbucks","chain restaurant / coffee","40.756556290303","-74.003808057183","NYC DOHMH Restaurant Inspection Results (43nn-pn8j), accessed 2026-09-20"
"SUBWAY","Subway","chain restaurant / coffee","40.741898699531","-73.919734488924","NYC DOHMH Restaurant Inspection Results (43nn-pn8j), accessed 2026-09-20"
"STARBUCKS","Starbucks","chain restaurant / coffee","40.729399612148","-73.996251229581","NYC DOHMH Restaurant Inspection Results (43nn-pn8j), accessed 2026-09-20"
"POPEYES","Popeyes","chain restaurant / coffee","40.878747909379","-73.865658410628","NYC DOHMH Restaurant Inspection Results (43nn-pn8j), accessed 2026-09-20"
"DUNKIN","Dunkin","chain restaurant / coffee","40.790006740062","-73.975150276818","NYC DOHMH Restaurant Inspection Results (43nn-pn8j), accessed 2026-09-20"
"CHIPOTLE MEXICAN GRILL #3312","Chipotle","chain restaurant / coffee","40.759749652737","-73.91834842495","NYC DOHMH Restaurant Inspection Results (43nn-pn8j), accessed 2026-09-20"
"POPEYES","Popeyes","chain restaurant / coffee","40.717885373389","-74.000876605612","NYC DOHMH Restaurant Inspection Results (43nn-pn8j), accessed 2026-09-20"
"DUNKIN'","Dunkin","chain restaurant / coffee","40.708555799473","-74.004966733883","NYC DOHMH Restaurant Inspection Results (43nn-pn8j), accessed 2026-09-20"
"TACO BELL CANTINA","Taco Bell","chain restaurant / coffee","40.708555799473","-74.004966733883","NYC DOHMH Restaurant Inspection Results (43nn-pn8j), accessed 2026-09-20"
"DUNKIN","Dunkin","chain restaurant / coffee","40.761974076514","-73.990058534735","NYC DOHMH Restaurant Inspection Results (43nn-pn8j), accessed 2026-09-20"
"DUNKIN' / MARKET AT UHALL","Dunkin","chain restaurant / coffee","40.734067997728","-73.989066820723","NYC DOHMH Restaurant Inspection Results (43nn-pn8j), accessed 2026-09-20"
"DUNKIN","Dunkin","chain restaurant / coffee","40.577661723407","-73.961211855419","NYC DOHMH Restaurant Inspection Results (43nn-pn8j), accessed 2026-09-20"
"STARBUCKS COFFEE #58310","Starbucks","chain restaurant / coffee","40.575341141273","-73.976961906071","NYC DOHMH Restaurant Inspection Results (43nn-pn8j), accessed 2026-09-20"
"DUNKIN","Dunkin","chain restaurant / coffee","40.752820688633","-73.996722728652","NYC DOHMH Restaurant Inspection Results (43nn-pn8j), accessed 2026-09-20"
"STARBUCKS","Starbucks","chain restaurant / coffee","40.743617266809","-73.973637502578","NYC DOHMH Restaurant Inspection Results (43nn-pn8j), accessed 2026-09-20"
"DUNKIN DONUTS","Dunkin","chain restaurant / coffee","40.753519337931","-73.96949001439","NYC DOHMH Restaurant Inspection Results (43nn-pn8j), accessed 2026-09-20"
"POPEYES","Popeyes","chain restaurant / coffee","40.888767476354","-73.842877912437","NYC DOHMH Restaurant Inspection Results (43nn-pn8j), accessed 2026-09-20"
"STARBUCKS","Starbucks","chain restaurant / coffee","40.734598154265","-73.864773840908","NYC DOHMH Restaurant Inspection Results (43nn-pn8j), accessed 2026-09-20"
"DUNKIN DONUTS","Dunkin","chain restaurant / coffee","40.652173699555","-73.838150390041","NYC DOHMH Restaurant Inspection Results (43nn-pn8j), accessed 2026-09-20"
"TACO BELL","Taco Bell","chain restaurant / coffee","40.729199187034","-74.005213625507","NYC DOHMH Restaurant Inspection Results (43nn-pn8j), accessed 2026-09-20"
"DUNKIN'","Dunkin","chain restaurant / coffee","40.7066454243","-74.005305632068","NYC DOHMH Restaurant Inspection Results (43nn-pn8j), accessed 2026-09-20"
"MCDONALD'S","McDonald’s","chain restaurant / coffee","40.579919055499","-73.975081146998","NYC DOHMH Restaurant Inspection Results (43nn-pn8j), accessed 2026-09-20"
"CHIPOTLE MEXICAN GRILL #3426","Chipotle","chain restaurant / coffee","40.841308940071","-73.84334462225","NYC DOHMH Restaurant Inspection Results (43nn-pn8j), accessed 2026-09-20"
"DUNKIN DONUTS","Dunkin","chain restaurant / coffee","40.716786983097","-73.989437618205","NYC DOHMH Restaurant Inspection Results (43nn-pn8j), accessed 2026-09-20"
"DUNKIN","Dunkin","chain restaurant / coffee","40.809794439959","-73.958861631653","NYC DOHMH Restaurant Inspection Results (43nn-pn8j), accessed 2026-09-20"
"POPEYES","Popeyes","chain restaurant / coffee","40.755510549707","-73.91298995739","NYC DOHMH Restaurant Inspection Results (43nn-pn8j), accessed 2026-09-20"
"SHAKE SHACK","Shake Shack","chain restaurant / coffee","40.643811388766","-74.076359876647","NYC DOHMH Restaurant Inspection Results (43nn-pn8j), accessed 2026-09-20"
"STARBUCKS COFFEE #58455","Starbucks","chain restaurant / coffee","40.761584729288","-73.997743870982","NYC DOHMH Restaurant Inspection Results (43nn-pn8j), accessed 2026-09-20"
"TACO BELL","Taco Bell","chain restaurant / coffee","40.775535116746","-73.911432811349","NYC DOHMH Restaurant Inspection Results (43nn-pn8j), accessed 2026-09-20"
"WENDY'S","Wendy’s","chain restaurant / coffee","40.521353102126","-74.217141652751","NYC DOHMH Restaurant Inspection Results (43nn-pn8j), accessed 2026-09-20"
"SUBWAY","Subway","chain restaurant / coffee","40.622568699008","-74.031411699241","NYC DOHMH Restaurant Inspection Results (43nn-pn8j), accessed 2026-09-20"
"DUNKIN'","Dunkin","chain restaurant / coffee","40.874531277705","-73.909897445745","NYC DOHMH Restaurant Inspection Results (43nn-pn8j), accessed 2026-09-20"
"TACO BELL CANTINA","Taco Bell","chain restaurant / coffee","40.861846654617","-73.892499933112","NYC DOHMH Restaurant Inspection Results (43nn-pn8j), accessed 2026-09-20"
"DUNKIN","Dunkin","chain restaurant / coffee","40.664832540499","-73.734946199782","NYC DOHMH Restaurant Inspection Results (43nn-pn8j), accessed 2026-09-20"
"DUNKIN","Dunkin","chain restaurant / coffee","40.625949769931","-74.134450400927","NYC DOHMH Restaurant Inspection Results (43nn-pn8j), accessed 2026-09-20"
"DUNKIN","Dunkin","chain restaurant / coffee","40.521943701786","-74.216895397577","NYC DOHMH Restaurant Inspection Results (43nn-pn8j), accessed 2026-09-20"
"DUNKIN","Dunkin","chain restaurant / coffee","40.532418427179","-74.192013988389","NYC DOHMH Restaurant Inspection Results (43nn-pn8j), accessed 2026-09-20"
"DUNKIN","Dunkin","chain restaurant / coffee","40.560447197017","-74.195906097617","NYC DOHMH Restaurant Inspection Results (43nn-pn8j), accessed 2026-09-20"
"DUNKIN","Dunkin","chain restaurant / coffee","40.602016920381","-74.120598813446","NYC DOHMH Restaurant Inspection Results (43nn-pn8j), accessed 2026-09-20"
"DUNKIN","Dunkin","chain restaurant / coffee","40.578549975439","-74.169593852949","NYC DOHMH Restaurant Inspection Results (43nn-pn8j), accessed 2026-09-20"
"DUNKIN","Dunkin","chain restaurant / coffee","40.542060021808","-74.146197238341","NYC DOHMH Restaurant Inspection Results (43nn-pn8j), accessed 2026-09-20"
"DUNKIN","Dunkin","chain restaurant / coffee","40.571894134003","-74.108331051064","NYC DOHMH Restaurant Inspection Results (43nn-pn8j), accessed 2026-09-20"
"DUNKIN'","Dunkin","chain restaurant / coffee","40.764459896648","-73.982325621709","NYC DOHMH Restaurant Inspection Results (43nn-pn8j), accessed 2026-09-20"
"SHAKE SHACK","Shake Shack","chain restaurant / coffee","40.763334557175","-73.982398119522","NYC DOHMH Restaurant Inspection Results (43nn-pn8j), accessed 2026-09-20"
"DUNKIN'","Dunkin","chain restaurant / coffee","40.774569868463","-73.912614738431","NYC DOHMH Restaurant Inspection Results (43nn-pn8j), accessed 2026-09-20"
"POPEYES LOUISIANA KITCHEN","Popeyes","chain restaurant / coffee","40.691168817409","-73.838156336611","NYC DOHMH Restaurant Inspection Results (43nn-pn8j), accessed 2026-09-20"
"POPEYES LOUISIANA KITCHEN","Popeyes","chain restaurant / coffee","40.680329982095","-73.84431552325","NYC DOHMH Restaurant Inspection Results (43nn-pn8j), accessed 2026-09-20"
"MCDONALD'S","McDonald’s","chain restaurant / coffee","40.693080924725","-73.853751617939","NYC DOHMH Restaurant Inspection Results (43nn-pn8j), accessed 2026-09-20"
"DUNKIN","Dunkin","chain restaurant / coffee","40.758605463649","-73.983233201904","NYC DOHMH Restaurant Inspection Results (43nn-pn8j), accessed 2026-09-20"
"DUNKIN' / 'BASKIN ROBBINS","Dunkin","chain restaurant / coffee","40.766783690314","-73.921159248949","NYC DOHMH Restaurant Inspection Results (43nn-pn8j), accessed 2026-09-20"
"TACO BELL CANTINA #036012","Taco Bell","chain restaurant / coffee","40.750972765337","-73.986912934982","NYC DOHMH Restaurant Inspection Results (43nn-pn8j), accessed 2026-09-20"
"DUNKIN' DONUTS","Dunkin","chain restaurant / coffee","40.844276888372","-73.888856292674","NYC DOHMH Restaurant Inspection Results (43nn-pn8j), accessed 2026-09-20"
"DUNKIN DONUTS","Dunkin","chain restaurant / coffee","40.671908650294","-73.856674964145","NYC DOHMH Restaurant Inspection Results (43nn-pn8j), accessed 2026-09-20"
"MCDONALD'S","McDonald’s","chain restaurant / coffee","40.719800823676","-73.8450274481","NYC DOHMH Restaurant Inspection Results (43nn-pn8j), accessed 2026-09-20"
"MCDONALD'S","McDonald’s","chain restaurant / coffee","40.679723985188","-73.861918327289","NYC DOHMH Restaurant Inspection Results (43nn-pn8j), accessed 2026-09-20"
"MCDONALD'S","McDonald’s","chain restaurant / coffee","40.727521205498","-73.813259367556","NYC DOHMH Restaurant Inspection Results (43nn-pn8j), accessed 2026-09-20"
"MCDONALD'S","McDonald’s","chain restaurant / coffee","40.658436729618","-73.839699363092","NYC DOHMH Restaurant Inspection Results (43nn-pn8j), accessed 2026-09-20"
"DUNKIN'","Dunkin","chain restaurant / coffee","40.790398208116","-73.947606172251","NYC DOHMH Restaurant Inspection Results (43nn-pn8j), accessed 2026-09-20"
"DUNKIN","Dunkin","chain restaurant / coffee","40.752646925371","-73.985707091838","NYC DOHMH Restaurant Inspection Results (43nn-pn8j), accessed 2026-09-20"
"STARBUCKS","Starbucks","chain restaurant / coffee","40.740502128064","-74.005182035446","NYC DOHMH Restaurant Inspection Results (43nn-pn8j), accessed 2026-09-20"
"STARBUCKS (BNY MELLON)","Starbucks","chain restaurant / coffee","40.714047602658","-74.011611647628","NYC DOHMH Restaurant Inspection Results (43nn-pn8j), accessed 2026-09-20"
"WENDY'S","Wendy’s","chain restaurant / coffee","40.588147664974","-74.09067596726","NYC DOHMH Restaurant Inspection Results (43nn-pn8j), accessed 2026-09-20"
"POPEYES LOUISIANA KITCHEN","Popeyes","chain restaurant / coffee","40.7370132756","-73.864541586633","NYC DOHMH Restaurant Inspection Results (43nn-pn8j), accessed 2026-09-20"
"DUNKIN'","Dunkin","chain restaurant / coffee","40.749278872196","-73.983953776612","NYC DOHMH Restaurant Inspection Results (43nn-pn8j), accessed 2026-09-20"
"DUNKIN DONUTS (PRESECURITY)","Dunkin","chain restaurant / coffee","0","0","NYC DOHMH Restaurant Inspection Results (43nn-pn8j), accessed 2026-09-20"
"DUNKIN DONUTS / ELI'S ESSENTIALS + HH4L COMISSARY","Dunkin","chain restaurant / coffee","0","0","NYC DOHMH Restaurant Inspection Results (43nn-pn8j), accessed 2026-09-20"
"TACO BELL","Taco Bell","chain restaurant / coffee","40.669518782015","-73.911862515709","NYC DOHMH Restaurant Inspection Results (43nn-pn8j), accessed 2026-09-20"
"STARBUCKS","Starbucks","chain restaurant / coffee","40.587257454819","-73.953692335553","NYC DOHMH Restaurant Inspection Results (43nn-pn8j), accessed 2026-09-20"
"TACO BELL","Taco Bell","chain restaurant / coffee","40.57550621668","-73.978977687175","NYC DOHMH Restaurant Inspection Results (43nn-pn8j), accessed 2026-09-20"
"CHIPOTLE MEXICAN GRILL #3478","Chipotle","chain restaurant / coffee","40.735142546906","-73.875283920641","NYC DOHMH Restaurant Inspection Results (43nn-pn8j), accessed 2026-09-20"
"CHIPOTLE MEXICAN GRILL","Chipotle","chain restaurant / coffee","40.746742598041","-73.883764931202","NYC DOHMH Restaurant Inspection Results (43nn-pn8j), accessed 2026-09-20"
"CHIPOTLE MEXICAN GRILL","Chipotle","chain restaurant / coffee","40.834150885629","-73.944821513479","NYC DOHMH Restaurant Inspection Results (43nn-pn8j), accessed 2026-09-20"
"WENDY'S","Wendy’s","chain restaurant / coffee","0","0","NYC DOHMH Restaurant Inspection Results (43nn-pn8j), accessed 2026-09-20"
"STARBUCKS","Starbucks","chain restaurant / coffee","40.655792792288","-74.008408271818","NYC DOHMH Restaurant Inspection Results (43nn-pn8j), accessed 2026-09-20"
"STARBUCKS COFFEE #14090","Starbucks","chain restaurant / coffee","40.599812168709","-73.941785800812","NYC DOHMH Restaurant Inspection Results (43nn-pn8j), accessed 2026-09-20"
"CHIPOTLE MEXICAN GRILL #3544","Chipotle","chain restaurant / coffee","40.769585114305","-73.98822339138","NYC DOHMH Restaurant Inspection Results (43nn-pn8j), accessed 2026-09-20"
"CHIPOTLE MEXICAN GRILL #3591","Chipotle","chain restaurant / coffee","40.775979344795","-73.910887018905","NYC DOHMH Restaurant Inspection Results (43nn-pn8j), accessed 2026-09-20"
"DUNKIN'","Dunkin","chain restaurant / coffee","40.857890175765","-73.867569689137","NYC DOHMH Restaurant Inspection Results (43nn-pn8j), accessed 2026-09-20"
"DUNKIN'/BASKIN ROBBINS","Dunkin","chain restaurant / coffee","40.845281612292","-73.865852760818","NYC DOHMH Restaurant Inspection Results (43nn-pn8j), accessed 2026-09-20"
"DUNKIN'","Dunkin","chain restaurant / coffee","40.845883516509","-73.901970259963","NYC DOHMH Restaurant Inspection Results (43nn-pn8j), accessed 2026-09-20"
"DUNKIN DONUTS","Dunkin","chain restaurant / coffee","40.831767553352","-73.866747384929","NYC DOHMH Restaurant Inspection Results (43nn-pn8j), accessed 2026-09-20"
"KFC","KFC","chain restaurant / coffee","40.86186535243","-73.891950381228","NYC DOHMH Restaurant Inspection Results (43nn-pn8j), accessed 2026-09-20"
"POPEYES","Popeyes","chain restaurant / coffee","40.709587888321","-73.796140534579","NYC DOHMH Restaurant Inspection Results (43nn-pn8j), accessed 2026-09-20"
"DUNKIN'","Dunkin","chain restaurant / coffee","0","0","NYC DOHMH Restaurant Inspection Results (43nn-pn8j), accessed 2026-09-20"
"DUNKIN'","Dunkin","chain restaurant / coffee","40.890826405359","-73.849318266857","NYC DOHMH Restaurant Inspection Results (43nn-pn8j), accessed 2026-09-20"
"STARBUCKS","Starbucks","chain restaurant / coffee","40.746962218987","-73.8838042457","NYC DOHMH Restaurant Inspection Results (43nn-pn8j), accessed 2026-09-20"
"TACO BELL","Taco Bell","chain restaurant / coffee","40.626363812547","-74.132455470484","NYC DOHMH Restaurant Inspection Results (43nn-pn8j), accessed 2026-09-20"
"WENDY'S","Wendy’s","chain restaurant / coffee","0","0","NYC DOHMH Restaurant Inspection Results (43nn-pn8j), accessed 2026-09-20"
"DUNKIN DONUTS BASKIN ROBBINS","Dunkin","chain restaurant / coffee","40.736232771224","-73.713327948499","NYC DOHMH Restaurant Inspection Results (43nn-pn8j), accessed 2026-09-20"
"DUNKIN'","Dunkin","chain restaurant / coffee","40.733840182011","-73.871577033806","NYC DOHMH Restaurant Inspection Results (43nn-pn8j), accessed 2026-09-20"
"TACO BELL","Taco Bell","chain restaurant / coffee","40.644388004215","-74.011069772391","NYC DOHMH Restaurant Inspection Results (43nn-pn8j), accessed 2026-09-20"
"TACO BELL","Taco Bell","chain restaurant / coffee","40.630767363675","-73.918474416263","NYC DOHMH Restaurant Inspection Results (43nn-pn8j), accessed 2026-09-20"
"DUNKIN DONUTS","Dunkin","chain restaurant / coffee","40.567347113176","-74.112873129324","NYC DOHMH Restaurant Inspection Results (43nn-pn8j), accessed 2026-09-20"
"STARBUCKS COFFEE COMPANY","Starbucks","chain restaurant / coffee","40.757240486524","-73.833988552152","NYC DOHMH Restaurant Inspection Results (43nn-pn8j), accessed 2026-09-20"
"POPEYES LOUISIANA KITCHEN","Popeyes","chain restaurant / coffee","40.724181222489","-73.987784081893","NYC DOHMH Restaurant Inspection Results (43nn-pn8j), accessed 2026-09-20"
"CHIPOTLE MEXICAN GRILL #3622","Chipotle","chain restaurant / coffee","40.750614728108","-73.870277737298","NYC DOHMH Restaurant Inspection Results (43nn-pn8j), accessed 2026-09-20"
"CHIPOTLE MEXICAN GRILL #3706","Chipotle","chain restaurant / coffee","40.856092437343","-73.867623891915","NYC DOHMH Restaurant Inspection Results (43nn-pn8j), accessed 2026-09-20"
"STARBUCKS COFFEE COMPANY","Starbucks","chain restaurant / coffee","40.721380157994","-73.843807991496","NYC DOHMH Restaurant Inspection Results (43nn-pn8j), accessed 2026-09-20"
"TACO BELL","Taco Bell","chain restaurant / coffee","40.761160601658","-73.968945033148","NYC DOHMH Restaurant Inspection Results (43nn-pn8j), accessed 2026-09-20"
"DUNKIN'","Dunkin","chain restaurant / coffee","40.824117526154","-73.859478519433","NYC DOHMH Restaurant Inspection Results (43nn-pn8j), accessed 2026-09-20"
"CHIPOTLE MEXICAN GRILL #3741","Chipotle","chain restaurant / coffee","40.651417682187","-74.007413063238","NYC DOHMH Restaurant Inspection Results (43nn-pn8j), accessed 2026-09-20"
"TACO BELL","Taco Bell","chain restaurant / coffee","40.7570962405","-73.986193424352","NYC DOHMH Restaurant Inspection Results (43nn-pn8j), accessed 2026-09-20"
"STARBUCKS","Starbucks","chain restaurant / coffee","40.751173837979","-73.996924927429","NYC DOHMH Restaurant Inspection Results (43nn-pn8j), accessed 2026-09-20"
"DUNKIN DONUTS","Dunkin","chain restaurant / coffee","40.704790696558","-73.79652314766","NYC DOHMH Restaurant Inspection Results (43nn-pn8j), accessed 2026-09-20"
"SHAKE SHACK","Shake Shack","chain restaurant / coffee","40.867816987011","-73.831274521108","NYC DOHMH Restaurant Inspection Results (43nn-pn8j), accessed 2026-09-20"
"POPEYES LOUISIANA KITCHEN","Popeyes","chain restaurant / coffee","40.664630370121","-73.923371089795","NYC DOHMH Restaurant Inspection Results (43nn-pn8j), accessed 2026-09-20"
"POPEYES LOUISIANA CHICKEN","Popeyes","chain restaurant / coffee","40.627567683963","-74.01378327932","NYC DOHMH Restaurant Inspection Results (43nn-pn8j), accessed 2026-09-20"
"STARBUCKS","Starbucks","chain restaurant / coffee","40.775463819991","-73.911519560065","NYC DOHMH Restaurant Inspection Results (43nn-pn8j), accessed 2026-09-20"
"POPEYES LOUISIANA CHICKEN","Popeyes","chain restaurant / coffee","40.593369423225","-73.979659771222","NYC DOHMH Restaurant Inspection Results (43nn-pn8j), accessed 2026-09-20"
"DUNKIN","Dunkin","chain restaurant / coffee","40.634697819579","-74.10813795633","NYC DOHMH Restaurant Inspection Results (43nn-pn8j), accessed 2026-09-20"
"BURGER KING","Burger King","chain restaurant / coffee","40.765001502014","-73.820446074749","NYC DOHMH Restaurant Inspection Results (43nn-pn8j), accessed 2026-09-20"
"TACO BELL","Taco Bell","chain restaurant / coffee","40.686308814428","-73.823936391574","NYC DOHMH Restaurant Inspection Results (43nn-pn8j), accessed 2026-09-20"
"POPEYES LOUISIANA KITCHEN","Popeyes","chain restaurant / coffee","40.765612893117","-73.983664634075","NYC DOHMH Restaurant Inspection Results (43nn-pn8j), accessed 2026-09-20"
"TACO BELL","Taco Bell","chain restaurant / coffee","40.764799783889","-73.885899286798","NYC DOHMH Restaurant Inspection Results (43nn-pn8j), accessed 2026-09-20"
"POPEYES","Popeyes","chain restaurant / coffee","40.729416380764","-73.86275666607","NYC DOHMH Restaurant Inspection Results (43nn-pn8j), accessed 2026-09-20"
"DUNKIN","Dunkin","chain restaurant / coffee","40.608895097682","-73.972135052022","NYC DOHMH Restaurant Inspection Results (43nn-pn8j), accessed 2026-09-20"
"KFC","KFC","chain restaurant / coffee","40.689328226031","-73.955110403535","NYC DOHMH Restaurant Inspection Results (43nn-pn8j), accessed 2026-09-20"
"KFC","KFC","chain restaurant / coffee","40.644409390379","-73.970293217944","NYC DOHMH Restaurant Inspection Results (43nn-pn8j), accessed 2026-09-20"
"STARBUCKS","Starbucks","chain restaurant / coffee","40.750356869018","-73.940282243742","NYC DOHMH Restaurant Inspection Results (43nn-pn8j), accessed 2026-09-20"
"KFC","KFC","chain restaurant / coffee","40.659174666837","-73.999362048929","NYC DOHMH Restaurant Inspection Results (43nn-pn8j), accessed 2026-09-20"
"STARBUCKS COFFEE COMPANY","Starbucks","chain restaurant / coffee","40.526671445026","-74.201227523235","NYC DOHMH Restaurant Inspection Results (43nn-pn8j), accessed 2026-09-20"
"STARBUCKS COFFEE","Starbucks","chain restaurant / coffee","40.588263844554","-74.102615063999","NYC DOHMH Restaurant Inspection Results (43nn-pn8j), accessed 2026-09-20"
"KFC","KFC","chain restaurant / coffee","40.703735226968","-73.815100736139","NYC DOHMH Restaurant Inspection Results (43nn-pn8j), accessed 2026-09-20"
"POPEYES LOUISIANA KITCHEN","Popeyes","chain restaurant / coffee","40.592219328783","-73.94031619293","NYC DOHMH Restaurant Inspection Results (43nn-pn8j), accessed 2026-09-20"
"KFC","KFC","chain restaurant / coffee","40.699513325547","-73.911386330526","NYC DOHMH Restaurant Inspection Results (43nn-pn8j), accessed 2026-09-20"
"KFC","KFC","chain restaurant / coffee","40.66952697197","-73.911804827937","NYC DOHMH Restaurant Inspection Results (43nn-pn8j), accessed 2026-09-20"
"KFC","KFC","chain restaurant / coffee","40.659990815706","-73.840084877907","NYC DOHMH Restaurant Inspection Results (43nn-pn8j), accessed 2026-09-20"
"KFC","KFC","chain restaurant / coffee","40.69589028986","-73.746070152699","NYC DOHMH Restaurant Inspection Results (43nn-pn8j), accessed 2026-09-20"
"KFC","KFC","chain restaurant / coffee","40.69264042033","-73.857041318547","NYC DOHMH Restaurant Inspection Results (43nn-pn8j), accessed 2026-09-20"
"KFC","KFC","chain restaurant / coffee","40.672134819907","-73.785325224825","NYC DOHMH Restaurant Inspection Results (43nn-pn8j), accessed 2026-09-20"
"KFC","KFC","chain restaurant / coffee","40.75607417215","-73.880489197524","NYC DOHMH Restaurant Inspection Results (43nn-pn8j), accessed 2026-09-20"
"KFC","KFC","chain restaurant / coffee","40.764908631673","-73.812154166931","NYC DOHMH Restaurant Inspection Results (43nn-pn8j), accessed 2026-09-20"
"KFC","KFC","chain restaurant / coffee","40.732854500325","-73.986180425355","NYC DOHMH Restaurant Inspection Results (43nn-pn8j), accessed 2026-09-20"
"KFC","KFC","chain restaurant / coffee","40.71183643955","-73.787389991267","NYC DOHMH Restaurant Inspection Results (43nn-pn8j), accessed 2026-09-20"
"KFC/TACO BELL","Taco Bell","chain restaurant / coffee","40.649116569688","-73.892289046268","NYC DOHMH Restaurant Inspection Results (43nn-pn8j), accessed 2026-09-20"
"KFC / TACO BELL","Taco Bell","chain restaurant / coffee","40.607758574303","-73.961965013469","NYC DOHMH Restaurant Inspection Results (43nn-pn8j), accessed 2026-09-20"
"KFC","KFC","chain restaurant / coffee","40.63307960403","-73.92837936303","NYC DOHMH Restaurant Inspection Results (43nn-pn8j), accessed 2026-09-20"
"KFC","KFC","chain restaurant / coffee","40.662640096459","-73.931555446871","NYC DOHMH Restaurant Inspection Results (43nn-pn8j), accessed 2026-09-20"
"POPEYES","Popeyes","chain restaurant / coffee","40.822552282429","-73.891747089909","NYC DOHMH Restaurant Inspection Results (43nn-pn8j), accessed 2026-09-20"
"TACO BELL","Taco Bell","chain restaurant / coffee","40.604847176204","-73.998642310221","NYC DOHMH Restaurant Inspection Results (43nn-pn8j), accessed 2026-09-20"
"SHAKE SHACK BRYANT PARK","Shake Shack","chain restaurant / coffee","40.755172006163","-73.98493773347","NYC DOHMH Restaurant Inspection Results (43nn-pn8j), accessed 2026-09-20"
"STARBUCKS","Starbucks","chain restaurant / coffee","40.711417662063","-74.015441905792","NYC DOHMH Restaurant Inspection Results (43nn-pn8j), accessed 2026-09-20"
"CHIPOTLE","Chipotle","chain restaurant / coffee","40.603524143522","-73.996492404404","NYC DOHMH Restaurant Inspection Results (43nn-pn8j), accessed 2026-09-20"
"CHIPOTLE MEXICAN GRILL #3056","Chipotle","chain restaurant / coffee","40.619031823407","-73.990288826272","NYC DOHMH Restaurant Inspection Results (43nn-pn8j), accessed 2026-09-20"
"DUNKIN'","Dunkin","chain restaurant / coffee","40.754735490142","-73.941696811013","NYC DOHMH Restaurant Inspection Results (43nn-pn8j), accessed 2026-09-20"
"CHIPOTLE MEXICAN GRILL #3477","Chipotle","chain restaurant / coffee","40.849624041993","-73.936292622472","NYC DOHMH Restaurant Inspection Results (43nn-pn8j), accessed 2026-09-20"
"CHIPOTLE MEXICAN GRILL #3483","Chipotle","chain restaurant / coffee","40.700839097548","-73.806546937563","NYC DOHMH Restaurant Inspection Results (43nn-pn8j), accessed 2026-09-20"
"DUNKIN'","Dunkin","chain restaurant / coffee","40.776056484666","-73.953051444628","NYC DOHMH Restaurant Inspection Results (43nn-pn8j), accessed 2026-09-20"
"DUNKIN' DONUTS","Dunkin","chain restaurant / coffee","40.760448307559","-73.994884991896","NYC DOHMH Restaurant Inspection Results (43nn-pn8j), accessed 2026-09-20"
"STARBUCKS","Starbucks","chain restaurant / coffee","40.767300361747","-73.980133523671","NYC DOHMH Restaurant Inspection Results (43nn-pn8j), accessed 2026-09-20"
"DUNKIN - BASKIN ROBBINS","Dunkin","chain restaurant / coffee","40.835555849447","-73.920773875862","NYC DOHMH Restaurant Inspection Results (43nn-pn8j), accessed 2026-09-20"
"DUNKIN DONUTS","Dunkin","chain restaurant / coffee","40.861976740793","-73.924975769998","NYC DOHMH Restaurant Inspection Results (43nn-pn8j), accessed 2026-09-20"
"WENDY'S","Wendy’s","chain restaurant / coffee","40.634375576224","-74.075224933279","NYC DOHMH Restaurant Inspection Results (43nn-pn8j), accessed 2026-09-20"
"DUNKIN' / BASKIN ROBBINS","Dunkin","chain restaurant / coffee","40.732839006228","-73.849543401522","NYC DOHMH Restaurant Inspection Results (43nn-pn8j), accessed 2026-09-20"
"SUBWAY","Subway","chain restaurant / coffee","40.666436781348","-73.988566090562","NYC DOHMH Restaurant Inspection Results (43nn-pn8j), accessed 2026-09-20"
"WENDY'S","Wendy’s","chain restaurant / coffee","40.595646658947","-74.000172838449","NYC DOHMH Restaurant Inspection Results (43nn-pn8j), accessed 2026-09-20"
"WENDYS","Wendy’s","chain restaurant / coffee","40.622448859914","-74.027809389901","NYC DOHMH Restaurant Inspection Results (43nn-pn8j), accessed 2026-09-20"
"DUNKIN-BASKIN ROBBINS","Dunkin","chain restaurant / coffee","40.740876808374","-73.981639035254","NYC DOHMH Restaurant Inspection Results (43nn-pn8j), accessed 2026-09-20"
"TACO BELL","Taco Bell","chain restaurant / coffee","40.765370233151","-73.957759243328","NYC DOHMH Restaurant Inspection Results (43nn-pn8j), accessed 2026-09-20"
"POPEYES","Popeyes","chain restaurant / coffee","40.872836243032","-73.878416353713","NYC DOHMH Restaurant Inspection Results (43nn-pn8j), accessed 2026-09-20"
"TACO BELL","Taco Bell","chain restaurant / coffee","40.711919601254","-73.941117590872","NYC DOHMH Restaurant Inspection Results (43nn-pn8j), accessed 2026-09-20"
"KFC","KFC","chain restaurant / coffee","40.741936622142","-73.908089040582","NYC DOHMH Restaurant Inspection Results (43nn-pn8j), accessed 2026-09-20"
"KFC","KFC","chain restaurant / coffee","40.820691619661","-73.936053063732","NYC DOHMH Restaurant Inspection Results (43nn-pn8j), accessed 2026-09-20"
"KFC","KFC","chain restaurant / coffee","40.791464581963","-73.944759520207","NYC DOHMH Restaurant Inspection Results (43nn-pn8j), accessed 2026-09-20"
"DUNKIN","Dunkin","chain restaurant / coffee","40.766812226924","-73.982808747226","NYC DOHMH Restaurant Inspection Results (43nn-pn8j), accessed 2026-09-20"
"POPEYES","Popeyes","chain restaurant / coffee","40.668358518161","-73.993616002759","NYC DOHMH Restaurant Inspection Results (43nn-pn8j), accessed 2026-09-20"
"WENDY'S","Wendy’s","chain restaurant / coffee","40.735580647261","-73.992631663092","NYC DOHMH Restaurant Inspection Results (43nn-pn8j), accessed 2026-09-20"
"WENDY'S","Wendy’s","chain restaurant / coffee","40.7524854908","-73.973204471403","NYC DOHMH Restaurant Inspection Results (43nn-pn8j), accessed 2026-09-20"
"CHIPOTLE MEXICAN GRILL #3584","Chipotle","chain restaurant / coffee","40.840041003561","-73.917237556243","NYC DOHMH Restaurant Inspection Results (43nn-pn8j), accessed 2026-09-20"
"CHIPOTLE MEXICAN GRILL #3641uy;","Chipotle","chain restaurant / coffee","40.748268900702","-73.984690273581","NYC DOHMH Restaurant Inspection Results (43nn-pn8j), accessed 2026-09-20"
"PANERA BREAD","Panera","chain restaurant / coffee","40.567454266356","-74.112765332723","NYC DOHMH Restaurant Inspection Results (43nn-pn8j), accessed 2026-09-20"
"STARBUCKS PICKUP","Starbucks","chain restaurant / coffee","40.734307064411","-73.992444171673","NYC DOHMH Restaurant Inspection Results (43nn-pn8j), accessed 2026-09-20"
"DUNKIN'/BASKIN ROBBINS","Dunkin","chain restaurant / coffee","40.747436874793","-73.982174966781","NYC DOHMH Restaurant Inspection Results (43nn-pn8j), accessed 2026-09-20"
"WENDY'S","Wendy’s","chain restaurant / coffee","40.765722672068","-73.98358518635","NYC DOHMH Restaurant Inspection Results (43nn-pn8j), accessed 2026-09-20"
"DUNKIN DONUTS","Dunkin","chain restaurant / coffee","40.761138837642","-73.969670609596","NYC DOHMH Restaurant Inspection Results (43nn-pn8j), accessed 2026-09-20"
"MCDONALD'S","McDonald’s","chain restaurant / coffee","40.680435935789","-73.950346471557","NYC DOHMH Restaurant Inspection Results (43nn-pn8j), accessed 2026-09-20"
"TACO BELL","Taco Bell","chain restaurant / coffee","40.714373344161","-73.901100288263","NYC DOHMH Restaurant Inspection Results (43nn-pn8j), accessed 2026-09-20"
"DUNKIN'","Dunkin","chain restaurant / coffee","40.740526931537","-74.001941459687","NYC DOHMH Restaurant Inspection Results (43nn-pn8j), accessed 2026-09-20"
"POPEYES","Popeyes","chain restaurant / coffee","40.730705325285","-73.954331932003","NYC DOHMH Restaurant Inspection Results (43nn-pn8j), accessed 2026-09-20"
"DUNKIN DONUTS","Dunkin","chain restaurant / coffee","40.757140753196","-73.963756360133","NYC DOHMH Restaurant Inspection Results (43nn-pn8j), accessed 2026-09-20"
"SUBWAY","Subway","chain restaurant / coffee","40.620116172573","-74.007604088294","NYC DOHMH Restaurant Inspection Results (43nn-pn8j), accessed 2026-09-20"
"TACO BELL","Taco Bell","chain restaurant / coffee","40.81535664126","-73.915993076093","NYC DOHMH Restaurant Inspection Results (43nn-pn8j), accessed 2026-09-20"
"KFC","KFC","chain restaurant / coffee","40.809117870131","-73.948660648319","NYC DOHMH Restaurant Inspection Results (43nn-pn8j), accessed 2026-09-20"
"CHIPOTLE MEXICAN GRILL #3742","Chipotle","chain restaurant / coffee","40.760064485403","-73.828148162006","NYC DOHMH Restaurant Inspection Results (43nn-pn8j), accessed 2026-09-20"
"CHIPOTLE MEXICAN GRILL #3957","Chipotle","chain restaurant / coffee","40.816863786855","-73.916377737797","NYC DOHMH Restaurant Inspection Results (43nn-pn8j), accessed 2026-09-20"
"STARBUCKS","Starbucks","chain restaurant / coffee","40.880685988957","-73.883551556283","NYC DOHMH Restaurant Inspection Results (43nn-pn8j), accessed 2026-09-20"
"CHIPOTLE MEXICAN GRILL #4066","Chipotle","chain restaurant / coffee","40.878759204048","-73.904398694175","NYC DOHMH Restaurant Inspection Results (43nn-pn8j), accessed 2026-09-20"
"MCDONALD'S","McDonald’s","chain restaurant / coffee","40.744099301325","-73.926902625882","NYC DOHMH Restaurant Inspection Results (43nn-pn8j), accessed 2026-09-20"
"STARBUCKS","Starbucks","chain restaurant / coffee","40.753005841239","-73.981213386463","NYC DOHMH Restaurant Inspection Results (43nn-pn8j), accessed 2026-09-20"
"TACO BELL","Taco Bell","chain restaurant / coffee","40.672067901218","-73.856717879977","NYC DOHMH Restaurant Inspection Results (43nn-pn8j), accessed 2026-09-20"
"WENDY'S","Wendy’s","chain restaurant / coffee","40.75579843278","-73.99082106272","NYC DOHMH Restaurant Inspection Results (43nn-pn8j), accessed 2026-09-20"
"POPEYES","Popeyes","chain restaurant / coffee","40.876756917016","-73.845170076198","NYC DOHMH Restaurant Inspection Results (43nn-pn8j), accessed 2026-09-20"
"BURGER KING","Burger King","chain restaurant / coffee","40.643852716573","-74.011628212186","NYC DOHMH Restaurant Inspection Results (43nn-pn8j), accessed 2026-09-20"
"BURGER KING","Burger King","chain restaurant / coffee","40.664178666712","-73.957268475724","NYC DOHMH Restaurant Inspection Results (43nn-pn8j), accessed 2026-09-20"
"BURGER KING","Burger King","chain restaurant / coffee","40.625103691743","-73.998832823581","NYC DOHMH Restaurant Inspection Results (43nn-pn8j), accessed 2026-09-20"
"WENDY'S","Wendy’s","chain restaurant / coffee","40.739878288013","-73.98566292939","NYC DOHMH Restaurant Inspection Results (43nn-pn8j), accessed 2026-09-20"
"STARBUCKS COFFEE #62547","Starbucks","chain restaurant / coffee","40.751909467483","-73.998686222038","NYC DOHMH Restaurant Inspection Results (43nn-pn8j), accessed 2026-09-20"
"POPEYES","Popeyes","chain restaurant / coffee","40.757758627175","-73.794595620241","NYC DOHMH Restaurant Inspection Results (43nn-pn8j), accessed 2026-09-20"
"DUNKIN / BASKIN ROBBINS","Dunkin","chain restaurant / coffee","40.802798036633","-73.967256765364","NYC DOHMH Restaurant Inspection Results (43nn-pn8j), accessed 2026-09-20"
"WENDY'S","Wendy’s","chain restaurant / coffee","0","0","NYC DOHMH Restaurant Inspection Results (43nn-pn8j), accessed 2026-09-20"
"DUNKIN'","Dunkin","chain restaurant / coffee","40.848867974173","-73.934048706134","NYC DOHMH Restaurant Inspection Results (43nn-pn8j), accessed 2026-09-20"
"POPEYES","Popeyes","chain restaurant / coffee","40.708729642882","-73.958751111494","NYC DOHMH Restaurant Inspection Results (43nn-pn8j), accessed 2026-09-20"
"STARBUCKS COFFEE # 65421","Starbucks","chain restaurant / coffee","40.754865551366","-74.00263489186","NYC DOHMH Restaurant Inspection Results (43nn-pn8j), accessed 2026-09-20"
"DUNKIN DONUTS","Dunkin","chain restaurant / coffee","40.885738397898","-73.910421067589","NYC DOHMH Restaurant Inspection Results (43nn-pn8j), accessed 2026-09-20"
"SHAKE SHACK #1340","Shake Shack","chain restaurant / coffee","40.758806055716","-73.970682379431","NYC DOHMH Restaurant Inspection Results (43nn-pn8j), accessed 2026-09-20"
"DUNKIN DONUTS BASKIN ROBBINS","Dunkin","chain restaurant / coffee","40.906889816312","-73.904365307527","NYC DOHMH Restaurant Inspection Results (43nn-pn8j), accessed 2026-09-20"
"DUNKIN","Dunkin","chain restaurant / coffee","40.794043949933","-73.949192384445","NYC DOHMH Restaurant Inspection Results (43nn-pn8j), accessed 2026-09-20"
"MCDONALD'S","McDonald’s","chain restaurant / coffee","0","0","NYC DOHMH Restaurant Inspection Results (43nn-pn8j), accessed 2026-09-20"
"POPEYES LOUISIANA KITCHEN","Popeyes","chain restaurant / coffee","40.70229436193","-73.855303800475","NYC DOHMH Restaurant Inspection Results (43nn-pn8j), accessed 2026-09-20"
"MCDONALDS","McDonald’s","chain restaurant / coffee","40.679543021536","-73.879094602218","NYC DOHMH Restaurant Inspection Results (43nn-pn8j), accessed 2026-09-20"
"MCDONALDS","McDonald’s","chain restaurant / coffee","40.677659565631","-73.898328428892","NYC DOHMH Restaurant Inspection Results (43nn-pn8j), accessed 2026-09-20"
"MCDONALDS","McDonald’s","chain restaurant / coffee","40.676483466848","-73.890907152848","NYC DOHMH Restaurant Inspection Results (43nn-pn8j), accessed 2026-09-20"
"TACO BELL","Taco Bell","chain restaurant / coffee","40.826177347441","-73.860514791346","NYC DOHMH Restaurant Inspection Results (43nn-pn8j), accessed 2026-09-20"
"TACO BELL","Taco Bell","chain restaurant / coffee","40.753805389019","-73.901954693096","NYC DOHMH Restaurant Inspection Results (43nn-pn8j), accessed 2026-09-20"
"TACO BELL","Taco Bell","chain restaurant / coffee","40.689027412247","-73.845773544045","NYC DOHMH Restaurant Inspection Results (43nn-pn8j), accessed 2026-09-20"
"TACO BELL","Taco Bell","chain restaurant / coffee","40.88275955882","-73.824122957946","NYC DOHMH Restaurant Inspection Results (43nn-pn8j), accessed 2026-09-20"
"TACO BELL","Taco Bell","chain restaurant / coffee","40.836434093724","-73.884973675795","NYC DOHMH Restaurant Inspection Results (43nn-pn8j), accessed 2026-09-20"
"MCDONALD'S","McDonald’s","chain restaurant / coffee","40.684457390625","-73.977742537481","NYC DOHMH Restaurant Inspection Results (43nn-pn8j), accessed 2026-09-20"
"MCDONALD'S","McDonald’s","chain restaurant / coffee","40.766268357531","-73.930722917078","NYC DOHMH Restaurant Inspection Results (43nn-pn8j), accessed 2026-09-20"
"MCDONALD'S","McDonald’s","chain restaurant / coffee","40.737437324589","-73.979879042014","NYC DOHMH Restaurant Inspection Results (43nn-pn8j), accessed 2026-09-20"
"MCDONALD'S","McDonald’s","chain restaurant / coffee","40.736897977495","-73.990502523184","NYC DOHMH Restaurant Inspection Results (43nn-pn8j), accessed 2026-09-20"
"MCDONALD'S","McDonald’s","chain restaurant / coffee","40.726522310707","-73.986051859151","NYC DOHMH Restaurant Inspection Results (43nn-pn8j), accessed 2026-09-20"
"MCDONALD'S","McDonald’s","chain restaurant / coffee","40.741962273235","-73.993471790834","NYC DOHMH Restaurant Inspection Results (43nn-pn8j), accessed 2026-09-20"
"Dunkin","Dunkin","chain restaurant / coffee","40.747572751414","-74.000544965683","NYC DOHMH Restaurant Inspection Results (43nn-pn8j), accessed 2026-09-20"
"MCDONALD'S","McDonald’s","chain restaurant / coffee","40.75779333565","-73.985594085667","NYC DOHMH Restaurant Inspection Results (43nn-pn8j), accessed 2026-09-20"
"KFC","KFC","chain restaurant / coffee","40.749916674231","-73.995102353958","NYC DOHMH Restaurant Inspection Results (43nn-pn8j), accessed 2026-09-20"
"DUNKIN'","Dunkin","chain restaurant / coffee","40.668358518161","-73.993616002759","NYC DOHMH Restaurant Inspection Results (43nn-pn8j), accessed 2026-09-20"
"DUNKIN DONUTS","Dunkin","chain restaurant / coffee","40.692163791677","-73.991172430005","NYC DOHMH Restaurant Inspection Results (43nn-pn8j), accessed 2026-09-20"
"MCDONALD'S","McDonald’s","chain restaurant / coffee","40.754606946607","-73.987998655727","NYC DOHMH Restaurant Inspection Results (43nn-pn8j), accessed 2026-09-20"
"MCDONALD'S","McDonald’s","chain restaurant / coffee","40.761536008048","-73.925717448879","NYC DOHMH Restaurant Inspection Results (43nn-pn8j), accessed 2026-09-20"
"DUNKIN'","Dunkin","chain restaurant / coffee","40.699151147389","-73.918985529318","NYC DOHMH Restaurant Inspection Results (43nn-pn8j), accessed 2026-09-20"
"TACO BELL","Taco Bell","chain restaurant / coffee","40.700450785006","-73.903054098149","NYC DOHMH Restaurant Inspection Results (43nn-pn8j), accessed 2026-09-20"
"STARBUCKS","Starbucks","chain restaurant / coffee","40.729199187034","-74.005213625507","NYC DOHMH Restaurant Inspection Results (43nn-pn8j), accessed 2026-09-20"
"POPEYES LOUISIANA KITCHEN","Popeyes","chain restaurant / coffee","40.780327257557","-73.952893156244","NYC DOHMH Restaurant Inspection Results (43nn-pn8j), accessed 2026-09-20"
"SUBWAY","Subway","chain restaurant / coffee","40.734213498399","-73.989366287145","NYC DOHMH Restaurant Inspection Results (43nn-pn8j), accessed 2026-09-20"
"POPEYES","Popeyes","chain restaurant / coffee","40.741113759437","-73.988585703898","NYC DOHMH Restaurant Inspection Results (43nn-pn8j), accessed 2026-09-20"
"BURGER KING","Burger King","chain restaurant / coffee","40.704976058861","-74.01237468801","NYC DOHMH Restaurant Inspection Results (43nn-pn8j), accessed 2026-09-20"
"STARBUCKS #58851","Starbucks","chain restaurant / coffee","40.767398121721","-73.9644186293","NYC DOHMH Restaurant Inspection Results (43nn-pn8j), accessed 2026-09-20"
"Popeyes Louisiana Kitchen","Popeyes","chain restaurant / coffee","40.748330066206","-73.992568893063","NYC DOHMH Restaurant Inspection Results (43nn-pn8j), accessed 2026-09-20"
"POPEYES","Popeyes","chain restaurant / coffee","40.759353677137","-73.830048700983","NYC DOHMH Restaurant Inspection Results (43nn-pn8j), accessed 2026-09-20"
"POPEYES","Popeyes","chain restaurant / coffee","40.749745337097","-73.863775718545","NYC DOHMH Restaurant Inspection Results (43nn-pn8j), accessed 2026-09-20"
"DUNKIN","Dunkin","chain restaurant / coffee","40.75063901798","-73.976641186014","NYC DOHMH Restaurant Inspection Results (43nn-pn8j), accessed 2026-09-20"
"WENDY'S","Wendy’s","chain restaurant / coffee","40.840293970435","-73.91786609292","NYC DOHMH Restaurant Inspection Results (43nn-pn8j), accessed 2026-09-20"
"SUBWAY","Subway","chain restaurant / coffee","40.76226227794","-73.963143498893","NYC DOHMH Restaurant Inspection Results (43nn-pn8j), accessed 2026-09-20"
"WENDY'S","Wendy’s","chain restaurant / coffee","40.842670775566","-73.845701494537","NYC DOHMH Restaurant Inspection Results (43nn-pn8j), accessed 2026-09-20"
"WENDY'S","Wendy’s","chain restaurant / coffee","40.889985514388","-73.819987832746","NYC DOHMH Restaurant Inspection Results (43nn-pn8j), accessed 2026-09-20"
"WENDYS","Wendy’s","chain restaurant / coffee","40.834031846299","-73.853140651298","NYC DOHMH Restaurant Inspection Results (43nn-pn8j), accessed 2026-09-20"
"WENDY'S","Wendy’s","chain restaurant / coffee","40.884712262538","-73.900863993507","NYC DOHMH Restaurant Inspection Results (43nn-pn8j), accessed 2026-09-20"
"DUNKIN DONUTS","Dunkin","chain restaurant / coffee","40.588025239804","-74.193661455357","NYC DOHMH Restaurant Inspection Results (43nn-pn8j), accessed 2026-09-20"
"POPEYES","Popeyes","chain restaurant / coffee","40.775499468377","-73.911476185731","NYC DOHMH Restaurant Inspection Results (43nn-pn8j), accessed 2026-09-20"
"MCDONALD'S","McDonald’s","chain restaurant / coffee","40.75066573311","-73.990843427945","NYC DOHMH Restaurant Inspection Results (43nn-pn8j), accessed 2026-09-20"
"MCDONALD'S RESTAURANT","McDonald’s","chain restaurant / coffee","40.854305717314","-73.906899312821","NYC DOHMH Restaurant Inspection Results (43nn-pn8j), accessed 2026-09-20"
"MCDONALD'S RESTAURANT","McDonald’s","chain restaurant / coffee","40.750509164767","-73.989479170444","NYC DOHMH Restaurant Inspection Results (43nn-pn8j), accessed 2026-09-20"
"MCDONALD'S","McDonald’s","chain restaurant / coffee","40.834968527723","-73.944220941264","NYC DOHMH Restaurant Inspection Results (43nn-pn8j), accessed 2026-09-20"
"MCDONALD'S","McDonald’s","chain restaurant / coffee","40.765951965357","-73.957336497747","NYC DOHMH Restaurant Inspection Results (43nn-pn8j), accessed 2026-09-20"
"POPEYES","Popeyes","chain restaurant / coffee","40.849021627312","-73.93395818893","NYC DOHMH Restaurant Inspection Results (43nn-pn8j), accessed 2026-09-20"
"MCDONALD'S","McDonald’s","chain restaurant / coffee","40.728677678093","-74.005289352905","NYC DOHMH Restaurant Inspection Results (43nn-pn8j), accessed 2026-09-20"
"POPEYES","Popeyes","chain restaurant / coffee","40.687951950978","-73.980269035775","NYC DOHMH Restaurant Inspection Results (43nn-pn8j), accessed 2026-09-20"
"TACO BELL","Taco Bell","chain restaurant / coffee","40.592274383536","-74.16363380304","NYC DOHMH Restaurant Inspection Results (43nn-pn8j), accessed 2026-09-20"
"TACO BELL","Taco Bell","chain restaurant / coffee","40.570951768371","-74.109279776276","NYC DOHMH Restaurant Inspection Results (43nn-pn8j), accessed 2026-09-20"
"SUBWAY","Subway","chain restaurant / coffee","40.612204714852","-73.983147656837","NYC DOHMH Restaurant Inspection Results (43nn-pn8j), accessed 2026-09-20"
"BURGER KING","Burger King","chain restaurant / coffee","40.652872037851","-73.919805971801","NYC DOHMH Restaurant Inspection Results (43nn-pn8j), accessed 2026-09-20"
"SUBWAY","Subway","chain restaurant / coffee","40.752064735112","-73.983465849003","NYC DOHMH Restaurant Inspection Results (43nn-pn8j), accessed 2026-09-20"
"TACO BELL","Taco Bell","chain restaurant / coffee","40.708644470449","-73.958516714025","NYC DOHMH Restaurant Inspection Results (43nn-pn8j), accessed 2026-09-20"
"POPEYES","Popeyes","chain restaurant / coffee","40.705059827548","-73.809383968453","NYC DOHMH Restaurant Inspection Results (43nn-pn8j), accessed 2026-09-20"
"STARBUCKS","Starbucks","chain restaurant / coffee","40.757574853259","-73.975804929436","NYC DOHMH Restaurant Inspection Results (43nn-pn8j), accessed 2026-09-20"
"STARBUCKS COFFEE #65494","Starbucks","chain restaurant / coffee","40.758790943651","-73.96567579507","NYC DOHMH Restaurant Inspection Results (43nn-pn8j), accessed 2026-09-20"
"STARBUCKS","Starbucks","chain restaurant / coffee","40.756031723639","-73.990651383744","NYC DOHMH Restaurant Inspection Results (43nn-pn8j), accessed 2026-09-20"
"STARBUCKS MARQUIS","Starbucks","chain restaurant / coffee","40.75825992874","-73.985467647469","NYC DOHMH Restaurant Inspection Results (43nn-pn8j), accessed 2026-09-20"
"STARBUCKS COFFEE # 62553","Starbucks","chain restaurant / coffee","40.787718794418","-73.814581315958","NYC DOHMH Restaurant Inspection Results (43nn-pn8j), accessed 2026-09-20"
"STARBUCKS","Starbucks","chain restaurant / coffee","40.757595296037","-73.969452044335","NYC DOHMH Restaurant Inspection Results (43nn-pn8j), accessed 2026-09-20"
"SHAKE SHACK","Shake Shack","chain restaurant / coffee","40.739579723194","-74.008036373653","NYC DOHMH Restaurant Inspection Results (43nn-pn8j), accessed 2026-09-20"
"CHIPOTLE MEXICAN GRILL #3056","Chipotle","chain restaurant / coffee","40.823878090233","-73.891849707583","NYC DOHMH Restaurant Inspection Results (43nn-pn8j), accessed 2026-09-20"
"STARBUCKS","Starbucks","chain restaurant / coffee","40.705182007167","-74.011505501941","NYC DOHMH Restaurant Inspection Results (43nn-pn8j), accessed 2026-09-20"
"STARBUCKS COFFEE #23044","Starbucks","chain restaurant / coffee","40.749603569964","-73.991619542767","NYC DOHMH Restaurant Inspection Results (43nn-pn8j), accessed 2026-09-20"
"TACO BELL","Taco Bell","chain restaurant / coffee","40.615048132116","-74.073171623962","NYC DOHMH Restaurant Inspection Results (43nn-pn8j), accessed 2026-09-20"
"TACO BELL","Taco Bell","chain restaurant / coffee","40.83864512895","-73.941510957328","NYC DOHMH Restaurant Inspection Results (43nn-pn8j), accessed 2026-09-20"
"BURGER KING #27012","Burger King","chain restaurant / coffee","40.627787381932","-74.16868912342","NYC DOHMH Restaurant Inspection Results (43nn-pn8j), accessed 2026-09-20"
"DUNKIN","Dunkin","chain restaurant / coffee","40.757428773075","-73.990254133074","NYC DOHMH Restaurant Inspection Results (43nn-pn8j), accessed 2026-09-20"
"TACO BELL","Taco Bell","chain restaurant / coffee","40.892912001456","-73.857625319641","NYC DOHMH Restaurant Inspection Results (43nn-pn8j), accessed 2026-09-20"
"WENDY'S","Wendy’s","chain restaurant / coffee","40.700437012351","-73.902996414495","NYC DOHMH Restaurant Inspection Results (43nn-pn8j), accessed 2026-09-20"
"MCDONALD'S","McDonald’s","chain restaurant / coffee","40.607940746026","-74.162343406787","NYC DOHMH Restaurant Inspection Results (43nn-pn8j), accessed 2026-09-20"
"MCDONALD'S","McDonald’s","chain restaurant / coffee","40.55951213878","-74.169552537053","NYC DOHMH Restaurant Inspection Results (43nn-pn8j), accessed 2026-09-20"
"SUBWAY","Subway","chain restaurant / coffee","40.629268026587","-74.02271453198","NYC DOHMH Restaurant Inspection Results (43nn-pn8j), accessed 2026-09-20"
"STARBUCKS","Starbucks","chain restaurant / coffee","40.710200018591","-74.001125388048","NYC DOHMH Restaurant Inspection Results (43nn-pn8j), accessed 2026-09-20"
"STARBUCKS COFFEE COMPANY","Starbucks","chain restaurant / coffee","40.591021472313","-73.800907378727","NYC DOHMH Restaurant Inspection Results (43nn-pn8j), accessed 2026-09-20"
"TACO BELL","Taco Bell","chain restaurant / coffee","40.737809579476","-73.996521393092","NYC DOHMH Restaurant Inspection Results (43nn-pn8j), accessed 2026-09-20"
"TACO BELL","Taco Bell","chain restaurant / coffee","40.735610844739","-73.992711044405","NYC DOHMH Restaurant Inspection Results (43nn-pn8j), accessed 2026-09-20"
"DUNKIN DONUTS","Dunkin","chain restaurant / coffee","40.753778530215","-73.974330076432","NYC DOHMH Restaurant Inspection Results (43nn-pn8j), accessed 2026-09-20"
"DUNKIN DONUTS","Dunkin","chain restaurant / coffee","40.760556797129","-73.981980125354","NYC DOHMH Restaurant Inspection Results (43nn-pn8j), accessed 2026-09-20"
"POPEYES LOUISIANA KITCHEN","Popeyes","chain restaurant / coffee","40.690479594027","-73.951579407628","NYC DOHMH Restaurant Inspection Results (43nn-pn8j), accessed 2026-09-20"
"SUBWAY","Subway","chain restaurant / coffee","40.768528457053","-73.98896727691","NYC DOHMH Restaurant Inspection Results (43nn-pn8j), accessed 2026-09-20"
"TACO BELL","Taco Bell","chain restaurant / coffee","40.740734890392","-73.987698035628","NYC DOHMH Restaurant Inspection Results (43nn-pn8j), accessed 2026-09-20"
"DUNKIN'","Dunkin","chain restaurant / coffee","40.596492618567","-73.977660346117","NYC DOHMH Restaurant Inspection Results (43nn-pn8j), accessed 2026-09-20"
"SUBWAY","Subway","chain restaurant / coffee","40.746896178495","-73.712210005031","NYC DOHMH Restaurant Inspection Results (43nn-pn8j), accessed 2026-09-20"
"POPEYES","Popeyes","chain restaurant / coffee","40.730717149412","-74.001616441272","NYC DOHMH Restaurant Inspection Results (43nn-pn8j), accessed 2026-09-20"
"PANERA BREAD #9330","Panera","chain restaurant / coffee","40.739489790595","-73.976623458224","NYC DOHMH Restaurant Inspection Results (43nn-pn8j), accessed 2026-09-20"
"PANERA BREAD #9331","Panera","chain restaurant / coffee","40.739489790595","-73.976623458224","NYC DOHMH Restaurant Inspection Results (43nn-pn8j), accessed 2026-09-20"
"DUNKIN'","Dunkin","chain restaurant / coffee","40.633666533962","-74.014256518541","NYC DOHMH Restaurant Inspection Results (43nn-pn8j), accessed 2026-09-20"
"POPEYES","Popeyes","chain restaurant / coffee","40.744198663556","-73.927772252192","NYC DOHMH Restaurant Inspection Results (43nn-pn8j), accessed 2026-09-20"
"SHAKE SHACK","Shake Shack","chain restaurant / coffee","40.703798686052","-73.798985939563","NYC DOHMH Restaurant Inspection Results (43nn-pn8j), accessed 2026-09-20"
"MCDONALDS","McDonald’s","chain restaurant / coffee","40.588906539537","-73.816467630105","NYC DOHMH Restaurant Inspection Results (43nn-pn8j), accessed 2026-09-20"
"MCDONALDS","McDonald’s","chain restaurant / coffee","40.660102192647","-73.774169125051","NYC DOHMH Restaurant Inspection Results (43nn-pn8j), accessed 2026-09-20"
"POPEYES","Popeyes","chain restaurant / coffee","40.709741446444","-74.006791958532","NYC DOHMH Restaurant Inspection Results (43nn-pn8j), accessed 2026-09-20"
"PANERA BREAD #6283","Panera","chain restaurant / coffee","40.766439016162","-73.98332508403","NYC DOHMH Restaurant Inspection Results (43nn-pn8j), accessed 2026-09-20"
"SUBWAY","Subway","chain restaurant / coffee","40.820060569313","-73.901466497603","NYC DOHMH Restaurant Inspection Results (43nn-pn8j), accessed 2026-09-20"
"CHIPOTLE","Chipotle","chain restaurant / coffee","40.658636470404","-73.890446277893","NYC DOHMH Restaurant Inspection Results (43nn-pn8j), accessed 2026-09-20"
"CHIPOTLE MEXICAN GRILL","Chipotle","chain restaurant / coffee","40.798335533067","-73.940936115688","NYC DOHMH Restaurant Inspection Results (43nn-pn8j), accessed 2026-09-20"
"CHIPOTLE MEXICAN GRILL","Chipotle","chain restaurant / coffee","40.861849959081","-73.893100062976","NYC DOHMH Restaurant Inspection Results (43nn-pn8j), accessed 2026-09-20"
"SUBWAY","Subway","chain restaurant / coffee","40.727280329707","-73.893125543811","NYC DOHMH Restaurant Inspection Results (43nn-pn8j), accessed 2026-09-20"
"CHIPOTLE MEXICAN GRILL","Chipotle","chain restaurant / coffee","40.680604527205","-73.953100876169","NYC DOHMH Restaurant Inspection Results (43nn-pn8j), accessed 2026-09-20"
"KFC","KFC","chain restaurant / coffee","40.760009919866","-73.828368496725","NYC DOHMH Restaurant Inspection Results (43nn-pn8j), accessed 2026-09-20"
"STARBUCKS RESERVE","Starbucks","chain restaurant / coffee","40.748268900702","-73.984690273581","NYC DOHMH Restaurant Inspection Results (43nn-pn8j), accessed 2026-09-20"
"DUNKIN","Dunkin","chain restaurant / coffee","40.597013071111","-73.972777384634","NYC DOHMH Restaurant Inspection Results (43nn-pn8j), accessed 2026-09-20"
"PANERA BREAD","Panera","chain restaurant / coffee","40.734276875319","-73.992494691609","NYC DOHMH Restaurant Inspection Results (43nn-pn8j), accessed 2026-09-20"
"TACO BELL","Taco Bell","chain restaurant / coffee","40.729416380764","-73.86275666607","NYC DOHMH Restaurant Inspection Results (43nn-pn8j), accessed 2026-09-20"
"TACO BELL","Taco Bell","chain restaurant / coffee","40.705749038692","-73.79216321944","NYC DOHMH Restaurant Inspection Results (43nn-pn8j), accessed 2026-09-20"
"SUBWAY","Subway","chain restaurant / coffee","40.692001489225","-73.987324823216","NYC DOHMH Restaurant Inspection Results (43nn-pn8j), accessed 2026-09-20"
"SHAKE SHACK","Shake Shack","chain restaurant / coffee","40.719539692071","-73.986626921863","NYC DOHMH Restaurant Inspection Results (43nn-pn8j), accessed 2026-09-20"
"SHAKE SHACK NEW YORK","Shake Shack","chain restaurant / coffee","40.609928854538","-73.922281617072","NYC DOHMH Restaurant Inspection Results (43nn-pn8j), accessed 2026-09-20"
"SHAKE SHACK","Shake Shack","chain restaurant / coffee","40.680604527205","-73.953100876169","NYC DOHMH Restaurant Inspection Results (43nn-pn8j), accessed 2026-09-20"
"DUNKIN","Dunkin","chain restaurant / coffee","40.612917365023","-74.124890245225","NYC DOHMH Restaurant Inspection Results (43nn-pn8j), accessed 2026-09-20"
"STARBUCKS COFFEE COMPANY","Starbucks","chain restaurant / coffee","40.639997926605","-73.918272125407","NYC DOHMH Restaurant Inspection Results (43nn-pn8j), accessed 2026-09-20"
"DUNKIN","Dunkin","chain restaurant / coffee","40.721930224739","-73.985320470909","NYC DOHMH Restaurant Inspection Results (43nn-pn8j), accessed 2026-09-20"
"DUNKIN DONUTS / BASKIN ROBBINS","Dunkin","chain restaurant / coffee","40.796041408696","-73.970748986547","NYC DOHMH Restaurant Inspection Results (43nn-pn8j), accessed 2026-09-20"
"POPEYES LOUISIANA KITCHEN","Popeyes","chain restaurant / coffee","40.846078134152","-73.892474912396","NYC DOHMH Restaurant Inspection Results (43nn-pn8j), accessed 2026-09-20"
"POPEYES LOUISIANA KITCHEN","Popeyes","chain restaurant / coffee","40.644081421346","-73.929553035492","NYC DOHMH Restaurant Inspection Results (43nn-pn8j), accessed 2026-09-20"
"POPEYES LOUISIANA KITCHEN","Popeyes","chain restaurant / coffee","40.683595209354","-73.872326779345","NYC DOHMH Restaurant Inspection Results (43nn-pn8j), accessed 2026-09-20"
"SUBWAY","Subway","chain restaurant / coffee","40.763224659625","-73.981712268489","NYC DOHMH Restaurant Inspection Results (43nn-pn8j), accessed 2026-09-20"
"TACO BELL","Taco Bell","chain restaurant / coffee","40.822920309527","-73.953021866481","NYC DOHMH Restaurant Inspection Results (43nn-pn8j), accessed 2026-09-20"
"DUNKIN/ MAMA MIA'S PIZZA","Dunkin","chain restaurant / coffee","40.703394277304","-73.800025879705","NYC DOHMH Restaurant Inspection Results (43nn-pn8j), accessed 2026-09-20"
"MCDONALD'S","McDonald’s","chain restaurant / coffee","40.669412191657","-73.912457449189","NYC DOHMH Restaurant Inspection Results (43nn-pn8j), accessed 2026-09-20"
"MCDONALD'S","McDonald’s","chain restaurant / coffee","40.576964174722","-73.981745465058","NYC DOHMH Restaurant Inspection Results (43nn-pn8j), accessed 2026-09-20"
"SUBWAY","Subway","chain restaurant / coffee","40.609206139072","-73.957199353983","NYC DOHMH Restaurant Inspection Results (43nn-pn8j), accessed 2026-09-20"
"POPEYES","Popeyes","chain restaurant / coffee","40.839840015265","-73.842986687105","NYC DOHMH Restaurant Inspection Results (43nn-pn8j), accessed 2026-09-20"
"POPEYES","Popeyes","chain restaurant / coffee","40.735352795541","-73.99208682303","NYC DOHMH Restaurant Inspection Results (43nn-pn8j), accessed 2026-09-20"
"POPEYES","Popeyes","chain restaurant / coffee","40.731851153589","-73.810790003696","NYC DOHMH Restaurant Inspection Results (43nn-pn8j), accessed 2026-09-20"
"POPEYES","Popeyes","chain restaurant / coffee","40.855714341269","-73.901019445694","NYC DOHMH Restaurant Inspection Results (43nn-pn8j), accessed 2026-09-20"
"POPEYES","Popeyes","chain restaurant / coffee","40.862371839312","-73.896515680135","NYC DOHMH Restaurant Inspection Results (43nn-pn8j), accessed 2026-09-20"
"BURGER KING","Burger King","chain restaurant / coffee","40.862371839312","-73.896515680135","NYC DOHMH Restaurant Inspection Results (43nn-pn8j), accessed 2026-09-20"
"TACO BELL","Taco Bell","chain restaurant / coffee","40.882297994217","-73.88169713063","NYC DOHMH Restaurant Inspection Results (43nn-pn8j), accessed 2026-09-20"
"PANERA BREAD","Panera","chain restaurant / coffee","40.779026630323","-73.953843708769","NYC DOHMH Restaurant Inspection Results (43nn-pn8j), accessed 2026-09-20"
"POPEYES","Popeyes","chain restaurant / coffee","40.595109177826","-74.08618088922","NYC DOHMH Restaurant Inspection Results (43nn-pn8j), accessed 2026-09-20"
"PANERA BREAD","Panera","chain restaurant / coffee","40.713562383123","-73.91680723454","NYC DOHMH Restaurant Inspection Results (43nn-pn8j), accessed 2026-09-20"
"SUBWAY","Subway","chain restaurant / coffee","40.627277053994","-74.075998647414","NYC DOHMH Restaurant Inspection Results (43nn-pn8j), accessed 2026-09-20"
"SUBWAY","Subway","chain restaurant / coffee","40.516756484819","-74.233390252399","NYC DOHMH Restaurant Inspection Results (43nn-pn8j), accessed 2026-09-20"
"SUBWAY","Subway","chain restaurant / coffee","40.719356207128","-73.990847746048","NYC DOHMH Restaurant Inspection Results (43nn-pn8j), accessed 2026-09-20"
"CHIPOTLE MEXICAN GRILL #3056","Chipotle","chain restaurant / coffee","40.822379745636","-73.953390787569","NYC DOHMH Restaurant Inspection Results (43nn-pn8j), accessed 2026-09-20"
"CHIPOTLE MEXICAN GRILL #3056","Chipotle","chain restaurant / coffee","40.670094588119","-73.931010646976","NYC DOHMH Restaurant Inspection Results (43nn-pn8j), accessed 2026-09-20"
"WENDY'S","Wendy’s","chain restaurant / coffee","40.741956582815","-73.990581191553","NYC DOHMH Restaurant Inspection Results (43nn-pn8j), accessed 2026-09-20"
"STARBUCKS COFFEE COMPANY","Starbucks","chain restaurant / coffee","40.706165057239","-74.005962030161","NYC DOHMH Restaurant Inspection Results (43nn-pn8j), accessed 2026-09-20"
"POPEYES","Popeyes","chain restaurant / coffee","40.811239142983","-73.92752220465","NYC DOHMH Restaurant Inspection Results (43nn-pn8j), accessed 2026-09-20"
"MCDONALD'S","McDonald’s","chain restaurant / coffee","40.75732991578","-73.989727149647","NYC DOHMH Restaurant Inspection Results (43nn-pn8j), accessed 2026-09-20"
"BURGER KING","Burger King","chain restaurant / coffee","40.650729396231","-73.950797516055","NYC DOHMH Restaurant Inspection Results (43nn-pn8j), accessed 2026-09-20"
"TACO BELL","Taco Bell","chain restaurant / coffee","40.518233649072","-74.234506787493","NYC DOHMH Restaurant Inspection Results (43nn-pn8j), accessed 2026-09-20"
"BURGER KING","Burger King","chain restaurant / coffee","40.668170606119","-73.931189276565","NYC DOHMH Restaurant Inspection Results (43nn-pn8j), accessed 2026-09-20"
"CHIPOTLE MEXICAN GRILL","Chipotle","chain restaurant / coffee","40.646873148879","-73.958130045855","NYC DOHMH Restaurant Inspection Results (43nn-pn8j), accessed 2026-09-20"
"POPEYES","Popeyes","chain restaurant / coffee","40.757667016401","-73.985121256364","NYC DOHMH Restaurant Inspection Results (43nn-pn8j), accessed 2026-09-20"
"POPEYES","Popeyes","chain restaurant / coffee","40.868146592388","-73.831436384477","NYC DOHMH Restaurant Inspection Results (43nn-pn8j), accessed 2026-09-20"
"SUBWAY","Subway","chain restaurant / coffee","40.863596229165","-73.864998601074","NYC DOHMH Restaurant Inspection Results (43nn-pn8j), accessed 2026-09-20"
"PANERA BREAD","Panera","chain restaurant / coffee","40.753338177941","-73.706793265343","NYC DOHMH Restaurant Inspection Results (43nn-pn8j), accessed 2026-09-20"
"SUBWAY","Subway","chain restaurant / coffee","0","0","NYC DOHMH Restaurant Inspection Results (43nn-pn8j), accessed 2026-09-20"
"STARBUCKS RESERVE ROASTERY","Starbucks","chain restaurant / coffee","40.74143260993","-74.00501971613","NYC DOHMH Restaurant Inspection Results (43nn-pn8j), accessed 2026-09-20"
"DUNKIN","Dunkin","chain restaurant / coffee","40.785349635845","-73.978838954722","NYC DOHMH Restaurant Inspection Results (43nn-pn8j), accessed 2026-09-20"
"MCDONALD'S #3081","McDonald’s","chain restaurant / coffee","40.826698655136","-73.950258586895","NYC DOHMH Restaurant Inspection Results (43nn-pn8j), accessed 2026-09-20"
"MCDONALDS #7552","McDonald’s","chain restaurant / coffee","40.756282459109","-73.977718445279","NYC DOHMH Restaurant Inspection Results (43nn-pn8j), accessed 2026-09-20"
"MCDONALD'S #10407","McDonald’s","chain restaurant / coffee","40.729297931998","-73.993483860433","NYC DOHMH Restaurant Inspection Results (43nn-pn8j), accessed 2026-09-20"
"MCDONALD'S","McDonald’s","chain restaurant / coffee","40.716152935626","-74.010627212984","NYC DOHMH Restaurant Inspection Results (43nn-pn8j), accessed 2026-09-20"
"MCDONALD'S #14106","McDonald’s","chain restaurant / coffee","40.75766931895","-73.982031443824","NYC DOHMH Restaurant Inspection Results (43nn-pn8j), accessed 2026-09-20"
"DUNKIN","Dunkin","chain restaurant / coffee","40.71320780297","-73.8741022867","NYC DOHMH Restaurant Inspection Results (43nn-pn8j), accessed 2026-09-20"
"DUNKIN'","Dunkin","chain restaurant / coffee","40.654709683261","-73.907106851871","NYC DOHMH Restaurant Inspection Results (43nn-pn8j), accessed 2026-09-20"
"DUNKIN","Dunkin","chain restaurant / coffee","40.648049695357","-73.882002374292","NYC DOHMH Restaurant Inspection Results (43nn-pn8j), accessed 2026-09-20"
"POPEYES","Popeyes","chain restaurant / coffee","40.582297419955","-74.169052592685","NYC DOHMH Restaurant Inspection Results (43nn-pn8j), accessed 2026-09-20"
"SUBWAY","Subway","chain restaurant / coffee","40.596002899376","-73.7541104585","NYC DOHMH Restaurant Inspection Results (43nn-pn8j), accessed 2026-09-20"
"POPEYES","Popeyes","chain restaurant / coffee","40.756150089575","-73.879593901272","NYC DOHMH Restaurant Inspection Results (43nn-pn8j), accessed 2026-09-20"
"STARBUCKS","Starbucks","chain restaurant / coffee","40.737529884913","-73.877264110843","NYC DOHMH Restaurant Inspection Results (43nn-pn8j), accessed 2026-09-20"
"TACO BELL","Taco Bell","chain restaurant / coffee","40.879854134295","-73.904140359604","NYC DOHMH Restaurant Inspection Results (43nn-pn8j), accessed 2026-09-20"
"SUBWAY","Subway","chain restaurant / coffee","40.754288899258","-73.991943797901","NYC DOHMH Restaurant Inspection Results (43nn-pn8j), accessed 2026-09-20"
"DUNKIN' / JIMMY JOHN'S","Dunkin","chain restaurant / coffee","40.759468432161","-73.772661385131","NYC DOHMH Restaurant Inspection Results (43nn-pn8j), accessed 2026-09-20"
"CHIPOTLE MEXICAN GRILL #3056","Chipotle","chain restaurant / coffee","40.849782129125","-73.843476403674","NYC DOHMH Restaurant Inspection Results (43nn-pn8j), accessed 2026-09-20"
"SUBWAY #62918","Subway","chain restaurant / coffee","40.619986919771","-73.989294501891","NYC DOHMH Restaurant Inspection Results (43nn-pn8j), accessed 2026-09-20"
"CHIPOTLE MEXICAN GRILL #4526","Chipotle","chain restaurant / coffee","40.795163256336","-73.971413914621","NYC DOHMH Restaurant Inspection Results (43nn-pn8j), accessed 2026-09-20"
"TACO BELL","Taco Bell","chain restaurant / coffee","40.840992288367","-73.842608086693","NYC DOHMH Restaurant Inspection Results (43nn-pn8j), accessed 2026-09-20"
"DUNKIN'","Dunkin","chain restaurant / coffee","40.632822460106","-73.929777532597","NYC DOHMH Restaurant Inspection Results (43nn-pn8j), accessed 2026-09-20"
"DUNKIN DONUTS","Dunkin","chain restaurant / coffee","40.711783119412","-74.012083781597","NYC DOHMH Restaurant Inspection Results (43nn-pn8j), accessed 2026-09-20"
"DUNKIN'","Dunkin","chain restaurant / coffee","40.885779695433","-73.828375272215","NYC DOHMH Restaurant Inspection Results (43nn-pn8j), accessed 2026-09-20"
"DUNKIN DONUTS","Dunkin","chain restaurant / coffee","40.864154407933","-73.834288248638","NYC DOHMH Restaurant Inspection Results (43nn-pn8j), accessed 2026-09-20"
"DUNKIN","Dunkin","chain restaurant / coffee","40.786882252888","-73.942044115174","NYC DOHMH Restaurant Inspection Results (43nn-pn8j), accessed 2026-09-20"
"DUNKIN & JIMMY JOHN's","Dunkin","chain restaurant / coffee","40.749784577872","-73.98981132846","NYC DOHMH Restaurant Inspection Results (43nn-pn8j), accessed 2026-09-20"
"POPEYES LOUISIANA KITCHEN","Popeyes","chain restaurant / coffee","40.759724983299","-73.918395381497","NYC DOHMH Restaurant Inspection Results (43nn-pn8j), accessed 2026-09-20"
"STARBUCKS - CHARTWELLS","Starbucks","chain restaurant / coffee","40.711042495406","-74.006297924565","NYC DOHMH Restaurant Inspection Results (43nn-pn8j), accessed 2026-09-20"
"DUNKIN'","Dunkin","chain restaurant / coffee","40.76519387412","-73.862325266175","NYC DOHMH Restaurant Inspection Results (43nn-pn8j), accessed 2026-09-20"
"CHIPOTLE MEXICAN GRILL #3056","Chipotle","chain restaurant / coffee","40.819050413643","-73.927090950871","NYC DOHMH Restaurant Inspection Results (43nn-pn8j), accessed 2026-09-20"
"DUNKIN DONUTS","Dunkin","chain restaurant / coffee","40.767735715222","-73.864796551223","NYC DOHMH Restaurant Inspection Results (43nn-pn8j), accessed 2026-09-20"
"DUNKIN (MOBIL GAS STATION - NORTH SIDE OF MAJOR DEEGAN EXPY)","Dunkin","chain restaurant / coffee","40.894861069039","-73.882162990185","NYC DOHMH Restaurant Inspection Results (43nn-pn8j), accessed 2026-09-20"
"DUNKIN","Dunkin","chain restaurant / coffee","0","0","NYC DOHMH Restaurant Inspection Results (43nn-pn8j), accessed 2026-09-20"
"DUNKIN","Dunkin","chain restaurant / coffee","40.592162348606","-73.908141159255","NYC DOHMH Restaurant Inspection Results (43nn-pn8j), accessed 2026-09-20"
"DUNKIN","Dunkin","chain restaurant / coffee","0","0","NYC DOHMH Restaurant Inspection Results (43nn-pn8j), accessed 2026-09-20"
"DUNKIN","Dunkin","chain restaurant / coffee","40.750850279459","-73.858254942112","NYC DOHMH Restaurant Inspection Results (43nn-pn8j), accessed 2026-09-20"
"PANERA BREAD","Panera","chain restaurant / coffee","40.787435344698","-73.977256577742","NYC DOHMH Restaurant Inspection Results (43nn-pn8j), accessed 2026-09-20"
"DUNKIN","Dunkin","chain restaurant / coffee","40.711783119412","-74.012083781597","NYC DOHMH Restaurant Inspection Results (43nn-pn8j), accessed 2026-09-20"
"POPEYES","Popeyes","chain restaurant / coffee","40.73078149247","-73.981187203071","NYC DOHMH Restaurant Inspection Results (43nn-pn8j), accessed 2026-09-20"
"PANERA BREAD","Panera","chain restaurant / coffee","40.671360998626","-73.843006327716","NYC DOHMH Restaurant Inspection Results (43nn-pn8j), accessed 2026-09-20"
"SUBWAY","Subway","chain restaurant / coffee","40.706546204504","-74.011033245601","NYC DOHMH Restaurant Inspection Results (43nn-pn8j), accessed 2026-09-20"
"DUNKIN / BASKIN ROBBINS","Dunkin","chain restaurant / coffee","40.764254836835","-73.9326238547","NYC DOHMH Restaurant Inspection Results (43nn-pn8j), accessed 2026-09-20"
"PANERA BREAD","Panera","chain restaurant / coffee","40.867773028994","-73.831245708274","NYC DOHMH Restaurant Inspection Results (43nn-pn8j), accessed 2026-09-20"
"PANERA BREAD #9202","Panera","chain restaurant / coffee","40.764142375937","-73.955251112566","NYC DOHMH Restaurant Inspection Results (43nn-pn8j), accessed 2026-09-20"
"CHIPOTLE MEXICAN GRILL #3056","Chipotle","chain restaurant / coffee","40.726165740992","-73.908771117988","NYC DOHMH Restaurant Inspection Results (43nn-pn8j), accessed 2026-09-20"
"STARBUCKS COFFEE COMPANY","Starbucks","chain restaurant / coffee","40.564311049485","-74.115941618521","NYC DOHMH Restaurant Inspection Results (43nn-pn8j), accessed 2026-09-20"
"PANERA BREAD #7024","Panera","chain restaurant / coffee","40.742214639234","-73.991194642926","NYC DOHMH Restaurant Inspection Results (43nn-pn8j), accessed 2026-09-20"
"DUNKIN'","Dunkin","chain restaurant / coffee","40.620159827284","-73.989146786782","NYC DOHMH Restaurant Inspection Results (43nn-pn8j), accessed 2026-09-20"
"POPEYES LOUISIANA KITCHEN","Popeyes","chain restaurant / coffee","40.848416673151","-73.911845047055","NYC DOHMH Restaurant Inspection Results (43nn-pn8j), accessed 2026-09-20"
"DUNKIN'","Dunkin","chain restaurant / coffee","40.835665431843","-73.943689119939","NYC DOHMH Restaurant Inspection Results (43nn-pn8j), accessed 2026-09-20"
"WENDY'S","Wendy’s","chain restaurant / coffee","40.754965937828","-73.941476432256","NYC DOHMH Restaurant Inspection Results (43nn-pn8j), accessed 2026-09-20"
"POPEYES","Popeyes","chain restaurant / coffee","40.718719240599","-73.988813217484","NYC DOHMH Restaurant Inspection Results (43nn-pn8j), accessed 2026-09-20"
"DUNKIN","Dunkin","chain restaurant / coffee","40.586834315429","-73.952612532731","NYC DOHMH Restaurant Inspection Results (43nn-pn8j), accessed 2026-09-20"
"STARBUCKS COFFEE # 71892","Starbucks","chain restaurant / coffee","40.754242519519","-73.999390010214","NYC DOHMH Restaurant Inspection Results (43nn-pn8j), accessed 2026-09-20"
"BURGER KING","Burger King","chain restaurant / coffee","40.582297419955","-74.169052592685","NYC DOHMH Restaurant Inspection Results (43nn-pn8j), accessed 2026-09-20"
"STARBUCKS","Starbucks","chain restaurant / coffee","40.753482206774","-73.757955628517","NYC DOHMH Restaurant Inspection Results (43nn-pn8j), accessed 2026-09-20"
"CHIPOTLE MEXICAN GRILL #3056","Chipotle","chain restaurant / coffee","40.833599424716","-73.860755746107","NYC DOHMH Restaurant Inspection Results (43nn-pn8j), accessed 2026-09-20"
"WENDY'S","Wendy’s","chain restaurant / coffee","40.662769350255","-73.985027163148","NYC DOHMH Restaurant Inspection Results (43nn-pn8j), accessed 2026-09-20"
"PANERA BREAD #7027","Panera","chain restaurant / coffee","40.751748542367","-73.980037119915","NYC DOHMH Restaurant Inspection Results (43nn-pn8j), accessed 2026-09-20"
"DUNKIN","Dunkin","chain restaurant / coffee","40.606206245884","-73.751998334911","NYC DOHMH Restaurant Inspection Results (43nn-pn8j), accessed 2026-09-20"
"STARBUCKS-BAYPLAZA MALL","Starbucks","chain restaurant / coffee","40.865905409786","-73.830429747919","NYC DOHMH Restaurant Inspection Results (43nn-pn8j), accessed 2026-09-20"
"DUNKIN","Dunkin","chain restaurant / coffee","40.643648725944","-74.077433503825","NYC DOHMH Restaurant Inspection Results (43nn-pn8j), accessed 2026-09-20"
"STARBUCKS COFFEE","Starbucks","chain restaurant / coffee","40.604237111359","-73.971791282028","NYC DOHMH Restaurant Inspection Results (43nn-pn8j), accessed 2026-09-20"
"STARBUCKS COFFEE","Starbucks","chain restaurant / coffee","40.625231471818","-73.960766224567","NYC DOHMH Restaurant Inspection Results (43nn-pn8j), accessed 2026-09-20"
"DUNKIN #363522","Dunkin","chain restaurant / coffee","40.748288555642","-73.988465370104","NYC DOHMH Restaurant Inspection Results (43nn-pn8j), accessed 2026-09-20"
"DUNKIN'","Dunkin","chain restaurant / coffee","40.7570962405","-73.986193424352","NYC DOHMH Restaurant Inspection Results (43nn-pn8j), accessed 2026-09-20"
"SUBWAY","Subway","chain restaurant / coffee","40.872767958441","-73.889629288265","NYC DOHMH Restaurant Inspection Results (43nn-pn8j), accessed 2026-09-20"
"POPEYES LOUISIANA KITCHEN","Popeyes","chain restaurant / coffee","40.712522846885","-73.900497044763","NYC DOHMH Restaurant Inspection Results (43nn-pn8j), accessed 2026-09-20"
"POPEYES","Popeyes","chain restaurant / coffee","40.761859115241","-73.7591993411","NYC DOHMH Restaurant Inspection Results (43nn-pn8j), accessed 2026-09-20"
"PRET A MANGER","Pret A Manger","chain restaurant / coffee","40.705343948991","-74.011501923249","NYC DOHMH Restaurant Inspection Results (43nn-pn8j), accessed 2026-09-20"
"PRET A MANGER","Pret A Manger","chain restaurant / coffee","40.753037571144","-74.000281528635","NYC DOHMH Restaurant Inspection Results (43nn-pn8j), accessed 2026-09-20"
"PRET A MANGER","Pret A Manger","chain restaurant / coffee","40.693719525273","-73.985694530011","NYC DOHMH Restaurant Inspection Results (43nn-pn8j), accessed 2026-09-20"
"PRET A MANGER","Pret A Manger","chain restaurant / coffee","40.765819120017","-73.954481043685","NYC DOHMH Restaurant Inspection Results (43nn-pn8j), accessed 2026-09-20"
"PRET A MANGER","Pret A Manger","chain restaurant / coffee","40.737227332858","-73.990307618042","NYC DOHMH Restaurant Inspection Results (43nn-pn8j), accessed 2026-09-20"
"PRET A MANGER","Pret A Manger","chain restaurant / coffee","40.765795560736","-73.976560038976","NYC DOHMH Restaurant Inspection Results (43nn-pn8j), accessed 2026-09-20"
"PRET A MANGER","Pret A Manger","chain restaurant / coffee","40.753843959794","-73.988551029682","NYC DOHMH Restaurant Inspection Results (43nn-pn8j), accessed 2026-09-20"
"PRET A MANGER","Pret A Manger","chain restaurant / coffee","40.76272452693","-73.978340789128","NYC DOHMH Restaurant Inspection Results (43nn-pn8j), accessed 2026-09-20"
"PRET A MANGER","Pret A Manger","chain restaurant / coffee","40.750635733526","-73.974125567115","NYC DOHMH Restaurant Inspection Results (43nn-pn8j), accessed 2026-09-20"
"PRET A MANGER","Pret A Manger","chain restaurant / coffee","40.753489733029","-73.987110953723","NYC DOHMH Restaurant Inspection Results (43nn-pn8j), accessed 2026-09-20"
"PRET A MANGER","Pret A Manger","chain restaurant / coffee","40.749805808538","-73.983545813467","NYC DOHMH Restaurant Inspection Results (43nn-pn8j), accessed 2026-09-20"
"PRET A MANGER","Pret A Manger","chain restaurant / coffee","40.75241734621","-73.975319553347","NYC DOHMH Restaurant Inspection Results (43nn-pn8j), accessed 2026-09-20"
"PRET A MANGER","Pret A Manger","chain restaurant / coffee","40.759772563487","-73.972096957925","NYC DOHMH Restaurant Inspection Results (43nn-pn8j), accessed 2026-09-20"
"PRET A MANGER","Pret A Manger","chain restaurant / coffee","40.754236829522","-73.973994224303","NYC DOHMH Restaurant Inspection Results (43nn-pn8j), accessed 2026-09-20"
"PRET A MANGER","Pret A Manger","chain restaurant / coffee","40.756195280284","-73.981385740102","NYC DOHMH Restaurant Inspection Results (43nn-pn8j), accessed 2026-09-20"
"PRET A MANGER","Pret A Manger","chain restaurant / coffee","40.715834929484","-74.004916775931","NYC DOHMH Restaurant Inspection Results (43nn-pn8j), accessed 2026-09-20"
"PRET A MANGER","Pret A Manger","chain restaurant / coffee","40.741127899344","-73.994099785626","NYC DOHMH Restaurant Inspection Results (43nn-pn8j), accessed 2026-09-20"
"PRET A MANGER","Pret A Manger","chain restaurant / coffee","40.762067008215","-73.98627541614","NYC DOHMH Restaurant Inspection Results (43nn-pn8j), accessed 2026-09-20"
"PRET A MANGER","Pret A Manger","chain restaurant / coffee","40.758105686021","-73.981717288956","NYC DOHMH Restaurant Inspection Results (43nn-pn8j), accessed 2026-09-20"
"PRET A MANGER","Pret A Manger","chain restaurant / coffee","40.747986986901","-73.992817957089","NYC DOHMH Restaurant Inspection Results (43nn-pn8j), accessed 2026-09-20"
"PRET A MANGER","Pret A Manger","chain restaurant / coffee","40.748711322897","-73.989226818032","NYC DOHMH Restaurant Inspection Results (43nn-pn8j), accessed 2026-09-20"
"PRET A MANGER","Pret A Manger","chain restaurant / coffee","40.713273449121","-74.012819917535","NYC DOHMH Restaurant Inspection Results (43nn-pn8j), accessed 2026-09-20"
"PRET A MANGER","Pret A Manger","chain restaurant / coffee","40.753887441938","-73.984811696478","NYC DOHMH Restaurant Inspection Results (43nn-pn8j), accessed 2026-09-20"
"PRET A MANGER","Pret A Manger","chain restaurant / coffee","40.757902656011","-73.969253374483","NYC DOHMH Restaurant Inspection Results (43nn-pn8j), accessed 2026-09-20"
"PRET A MANGER","Pret A Manger","chain restaurant / coffee","40.763334557175","-73.982398119522","NYC DOHMH Restaurant Inspection Results (43nn-pn8j), accessed 2026-09-20"
"PRET A MANGER","Pret A Manger","chain restaurant / coffee","40.761948488597","-73.982622296463","NYC DOHMH Restaurant Inspection Results (43nn-pn8j), accessed 2026-09-20"
"PRET A MANGER","Pret A Manger","chain restaurant / coffee","40.710018449309","-74.009814655487","NYC DOHMH Restaurant Inspection Results (43nn-pn8j), accessed 2026-09-20"
"PRET A MANGER","Pret A Manger","chain restaurant / coffee","40.75073822369","-73.978665921568","NYC DOHMH Restaurant Inspection Results (43nn-pn8j), accessed 2026-09-20"
"PRET A MANGER","Pret A Manger","chain restaurant / coffee","40.807798008579","-73.964057390553","NYC DOHMH Restaurant Inspection Results (43nn-pn8j), accessed 2026-09-20"
"PRET A MANGER","Pret A Manger","chain restaurant / coffee","40.750188498831","-73.974851188014","NYC DOHMH Restaurant Inspection Results (43nn-pn8j), accessed 2026-09-20"
"PRET A MANGER","Pret A Manger","chain restaurant / coffee","40.743226700203","-73.98415372432","NYC DOHMH Restaurant Inspection Results (43nn-pn8j), accessed 2026-09-20"
"PRET A MANGER","Pret A Manger","chain restaurant / coffee","40.765692232491","-73.981939020208","NYC DOHMH Restaurant Inspection Results (43nn-pn8j), accessed 2026-09-20"
"PRET A MANGER","Pret A Manger","chain restaurant / coffee","40.755507506797","-73.991055718894","NYC DOHMH Restaurant Inspection Results (43nn-pn8j), accessed 2026-09-20"
"DUNKIN DONUTS","Dunkin","chain restaurant / coffee","40.716463504047","-74.004357682725","NYC DOHMH Restaurant Inspection Results (43nn-pn8j), accessed 2026-09-20"
"DUNKIN DONUTS","Dunkin","chain restaurant / coffee","40.751254455846","-73.979867634054","NYC DOHMH Restaurant Inspection Results (43nn-pn8j), accessed 2026-09-20"
"STARBUCKS COFFEE #70726","Starbucks","chain restaurant / coffee","40.751091318302","-73.992925898182","NYC DOHMH Restaurant Inspection Results (43nn-pn8j), accessed 2026-09-20"
"PRET A MANGER","Pret A Manger","chain restaurant / coffee","40.750009774218","-73.991345194031","NYC DOHMH Restaurant Inspection Results (43nn-pn8j), accessed 2026-09-20"
"PRET A MANGER (located at 32th & 7th adjacent to Zaro's Bakery)","Pret A Manger","chain restaurant / coffee","40.750009774218","-73.991345194031","NYC DOHMH Restaurant Inspection Results (43nn-pn8j), accessed 2026-09-20"
"SUBWAY","Subway","chain restaurant / coffee","40.629972675596","-74.109578541038","NYC DOHMH Restaurant Inspection Results (43nn-pn8j), accessed 2026-09-20"
"DUNKIN","Dunkin","chain restaurant / coffee","40.616347568676","-74.103670543185","NYC DOHMH Restaurant Inspection Results (43nn-pn8j), accessed 2026-09-20"
"DUNKIN","Dunkin","chain restaurant / coffee","40.61530441605","-74.067023519598","NYC DOHMH Restaurant Inspection Results (43nn-pn8j), accessed 2026-09-20"
"SUBWAY","Subway","chain restaurant / coffee","40.689931538649","-73.842540542154","NYC DOHMH Restaurant Inspection Results (43nn-pn8j), accessed 2026-09-20"
"SUBWAY","Subway","chain restaurant / coffee","40.749634394008","-73.939135181882","NYC DOHMH Restaurant Inspection Results (43nn-pn8j), accessed 2026-09-20"
"KFC","KFC","chain restaurant / coffee","40.880650351534","-73.883595014532","NYC DOHMH Restaurant Inspection Results (43nn-pn8j), accessed 2026-09-20"
"STARBUCKS","Starbucks","chain restaurant / coffee","40.709581998536","-74.010186109857","NYC DOHMH Restaurant Inspection Results (43nn-pn8j), accessed 2026-09-20"
"DUNKIN DONUTS","Dunkin","chain restaurant / coffee","40.815360554989","-73.897181551652","NYC DOHMH Restaurant Inspection Results (43nn-pn8j), accessed 2026-09-20"
"MCDONALDS","McDonald’s","chain restaurant / coffee","40.674146163795","-73.729310365189","NYC DOHMH Restaurant Inspection Results (43nn-pn8j), accessed 2026-09-20"
"DUNKIN DONUTS","Dunkin","chain restaurant / coffee","40.751673998894","-73.97767668145","NYC DOHMH Restaurant Inspection Results (43nn-pn8j), accessed 2026-09-20"
"DUNKIN' DONUTS","Dunkin","chain restaurant / coffee","40.819249837743","-73.92998831559","NYC DOHMH Restaurant Inspection Results (43nn-pn8j), accessed 2026-09-20"
"SUBWAY","Subway","chain restaurant / coffee","40.86098800174","-73.890071894881","NYC DOHMH Restaurant Inspection Results (43nn-pn8j), accessed 2026-09-20"
"SUBWAY","Subway","chain restaurant / coffee","40.792992537247","-73.972975025293","NYC DOHMH Restaurant Inspection Results (43nn-pn8j), accessed 2026-09-20"
"TACO BELL","Taco Bell","chain restaurant / coffee","40.732503349937","-73.987760900998","NYC DOHMH Restaurant Inspection Results (43nn-pn8j), accessed 2026-09-20"
"POPEYES","Popeyes","chain restaurant / coffee","40.755257567593","-73.989131909204","NYC DOHMH Restaurant Inspection Results (43nn-pn8j), accessed 2026-09-20"
"SHAKE SHACK","Shake Shack","chain restaurant / coffee","40.751091318302","-73.992925898182","NYC DOHMH Restaurant Inspection Results (43nn-pn8j), accessed 2026-09-20"
"SUBWAY","Subway","chain restaurant / coffee","40.778569206485","-73.956270438424","NYC DOHMH Restaurant Inspection Results (43nn-pn8j), accessed 2026-09-20"
"WENDY TERIYAKI / SUSHI YOSHI","Wendy’s","chain restaurant / coffee","40.761926152322","-73.910844526528","NYC DOHMH Restaurant Inspection Results (43nn-pn8j), accessed 2026-09-20"
"SUBWAY","Subway","chain restaurant / coffee","40.609928854538","-73.922281617072","NYC DOHMH Restaurant Inspection Results (43nn-pn8j), accessed 2026-09-20"
"DUNKIN DONUTS","Dunkin","chain restaurant / coffee","40.893230168834","-73.85744740314","NYC DOHMH Restaurant Inspection Results (43nn-pn8j), accessed 2026-09-20"
"PANERA BREAD #6366","Panera","chain restaurant / coffee","40.87365975164","-73.908068977655","NYC DOHMH Restaurant Inspection Results (43nn-pn8j), accessed 2026-09-20"
"WENDY'S RESTAURANT #19406","Wendy’s","chain restaurant / coffee","40.861869303222","-73.893241027428","NYC DOHMH Restaurant Inspection Results (43nn-pn8j), accessed 2026-09-20"
"STARBUCKS COFFEE # 77655","Starbucks","chain restaurant / coffee","40.766013941815","-73.954340118151","NYC DOHMH Restaurant Inspection Results (43nn-pn8j), accessed 2026-09-20"
"DUNKIN' BASKIN","Dunkin","chain restaurant / coffee","40.741935725965","-73.854228580434","NYC DOHMH Restaurant Inspection Results (43nn-pn8j), accessed 2026-09-20"
"DUNKIN DONUTS","Dunkin","chain restaurant / coffee","40.661601028928","-73.920653278995","NYC DOHMH Restaurant Inspection Results (43nn-pn8j), accessed 2026-09-20"
"DUNKIN","Dunkin","chain restaurant / coffee","40.777185665336","-73.949158358296","NYC DOHMH Restaurant Inspection Results (43nn-pn8j), accessed 2026-09-20"
"POPEYES","Popeyes","chain restaurant / coffee","40.584274104949","-74.168758799658","NYC DOHMH Restaurant Inspection Results (43nn-pn8j), accessed 2026-09-20"
"SUBWAY","Subway","chain restaurant / coffee","40.755915829119","-73.970701703902","NYC DOHMH Restaurant Inspection Results (43nn-pn8j), accessed 2026-09-20"
"WENDY'S","Wendy’s","chain restaurant / coffee","40.693310673926","-73.853116438299","NYC DOHMH Restaurant Inspection Results (43nn-pn8j), accessed 2026-09-20"
"DUNKIN","Dunkin","chain restaurant / coffee","40.722746945402","-73.867731039677","NYC DOHMH Restaurant Inspection Results (43nn-pn8j), accessed 2026-09-20"
"STARBUCKS #80520","Starbucks","chain restaurant / coffee","40.699068702249","-73.918841373491","NYC DOHMH Restaurant Inspection Results (43nn-pn8j), accessed 2026-09-20"
"SHAKE SHACK #1525","Shake Shack","chain restaurant / coffee","40.767808491195","-73.982266967297","NYC DOHMH Restaurant Inspection Results (43nn-pn8j), accessed 2026-09-20"
"SUBWAY","Subway","chain restaurant / coffee","40.765225925628","-73.983971579744","NYC DOHMH Restaurant Inspection Results (43nn-pn8j), accessed 2026-09-20"
"STARBUCKS COFFEE # 78555","Starbucks","chain restaurant / coffee","40.744690620363","-73.933372712005","NYC DOHMH Restaurant Inspection Results (43nn-pn8j), accessed 2026-09-20"
"DUNKIN'","Dunkin","chain restaurant / coffee","40.798113061839","-73.946223982648","NYC DOHMH Restaurant Inspection Results (43nn-pn8j), accessed 2026-09-20"
"WENDY'S","Wendy’s","chain restaurant / coffee","40.566198639248","-74.114033726348","NYC DOHMH Restaurant Inspection Results (43nn-pn8j), accessed 2026-09-20"
"SUBWAY","Subway","chain restaurant / coffee","40.816436212372","-73.939164171348","NYC DOHMH Restaurant Inspection Results (43nn-pn8j), accessed 2026-09-20"
"STARBUCKS COFFEE #83164","Starbucks","chain restaurant / coffee","40.823724026842","-73.858662771526","NYC DOHMH Restaurant Inspection Results (43nn-pn8j), accessed 2026-09-20"
"DUNKIN DONUTS","Dunkin","chain restaurant / coffee","40.553506481409","-74.143505493447","NYC DOHMH Restaurant Inspection Results (43nn-pn8j), accessed 2026-09-20"
"TACO BELL","Taco Bell","chain restaurant / coffee","40.804111019925","-73.936787866603","NYC DOHMH Restaurant Inspection Results (43nn-pn8j), accessed 2026-09-20"
"WENDY TERIYAKI","Wendy’s","chain restaurant / coffee","40.634657588379","-74.135628152249","NYC DOHMH Restaurant Inspection Results (43nn-pn8j), accessed 2026-09-20"
"CHIPOTLE MEXICAN GRILL #3056","Chipotle","chain restaurant / coffee","40.661269887136","-73.979732700492","NYC DOHMH Restaurant Inspection Results (43nn-pn8j), accessed 2026-09-20"
"CHIPOTLE MEXICAN GRILL #4602","Chipotle","chain restaurant / coffee","40.881302860453","-73.882870600709","NYC DOHMH Restaurant Inspection Results (43nn-pn8j), accessed 2026-09-20"
"SHAKE SHACK #1506","Shake Shack","chain restaurant / coffee","40.749770402964","-73.884091671236","NYC DOHMH Restaurant Inspection Results (43nn-pn8j), accessed 2026-09-20"
"DUNKIN DONUTS","Dunkin","chain restaurant / coffee","40.709881200891","-74.009930059062","NYC DOHMH Restaurant Inspection Results (43nn-pn8j), accessed 2026-09-20"
"DUNKIN DONUTS","Dunkin","chain restaurant / coffee","40.707851460078","-73.897622141262","NYC DOHMH Restaurant Inspection Results (43nn-pn8j), accessed 2026-09-20"
"DUNKIN","Dunkin","chain restaurant / coffee","40.584043539178","-74.094882578234","NYC DOHMH Restaurant Inspection Results (43nn-pn8j), accessed 2026-09-20"
"WENDY'S","Wendy’s","chain restaurant / coffee","40.747468223462","-73.893277093731","NYC DOHMH Restaurant Inspection Results (43nn-pn8j), accessed 2026-09-20"
"WENDY'S","Wendy’s","chain restaurant / coffee","40.714444708102","-73.901100181965","NYC DOHMH Restaurant Inspection Results (43nn-pn8j), accessed 2026-09-20"
"WENDY'S","Wendy’s","chain restaurant / coffee","40.768655367733","-73.835487101867","NYC DOHMH Restaurant Inspection Results (43nn-pn8j), accessed 2026-09-20"
"WENDY'S","Wendy’s","chain restaurant / coffee","40.711774291813","-73.859297848111","NYC DOHMH Restaurant Inspection Results (43nn-pn8j), accessed 2026-09-20"
"WENDY'S","Wendy’s","chain restaurant / coffee","40.754284429156","-73.897337547753","NYC DOHMH Restaurant Inspection Results (43nn-pn8j), accessed 2026-09-20"
"WENDY'S","Wendy’s","chain restaurant / coffee","40.761468620827","-73.761474940957","NYC DOHMH Restaurant Inspection Results (43nn-pn8j), accessed 2026-09-20"
"WENDYS","Wendy’s","chain restaurant / coffee","40.633332139717","-73.928404310865","NYC DOHMH Restaurant Inspection Results (43nn-pn8j), accessed 2026-09-20"
"WENDY'S","Wendy’s","chain restaurant / coffee","40.648177460903","-73.914622382226","NYC DOHMH Restaurant Inspection Results (43nn-pn8j), accessed 2026-09-20"
"WENDY'S","Wendy’s","chain restaurant / coffee","40.634653907486","-73.914610927396","NYC DOHMH Restaurant Inspection Results (43nn-pn8j), accessed 2026-09-20"
"WENDY'S","Wendy’s","chain restaurant / coffee","40.838875613106","-73.941366193222","NYC DOHMH Restaurant Inspection Results (43nn-pn8j), accessed 2026-09-20"
"WENDY'S","Wendy’s","chain restaurant / coffee","40.797788905447","-73.940120340716","NYC DOHMH Restaurant Inspection Results (43nn-pn8j), accessed 2026-09-20"
"WENDY'S","Wendy’s","chain restaurant / coffee","40.67987116379","-73.877933075953","NYC DOHMH Restaurant Inspection Results (43nn-pn8j), accessed 2026-09-20"
"WENDY'S","Wendy’s","chain restaurant / coffee","40.662651518808","-73.962081374927","NYC DOHMH Restaurant Inspection Results (43nn-pn8j), accessed 2026-09-20"
"WENDY'S","Wendy’s","chain restaurant / coffee","40.661102908946","-73.931369604033","NYC DOHMH Restaurant Inspection Results (43nn-pn8j), accessed 2026-09-20"
"WENDY'S","Wendy’s","chain restaurant / coffee","40.658253045941","-73.891333542257","NYC DOHMH Restaurant Inspection Results (43nn-pn8j), accessed 2026-09-20"
"WENDY'S","Wendy’s","chain restaurant / coffee","40.743329125259","-73.920313778184","NYC DOHMH Restaurant Inspection Results (43nn-pn8j), accessed 2026-09-20"
"WENDYS","Wendy’s","chain restaurant / coffee","40.702539311298","-73.813903066393","NYC DOHMH Restaurant Inspection Results (43nn-pn8j), accessed 2026-09-20"
"WENDYS","Wendy’s","chain restaurant / coffee","40.730135418382","-73.744160354908","NYC DOHMH Restaurant Inspection Results (43nn-pn8j), accessed 2026-09-20"
"DUNKIN' DONUTS","Dunkin","chain restaurant / coffee","40.648312826068","-73.788281497594","NYC DOHMH Restaurant Inspection Results (43nn-pn8j), accessed 2026-09-20"
"SUBWAY","Subway","chain restaurant / coffee","40.676947002319","-73.869574358566","NYC DOHMH Restaurant Inspection Results (43nn-pn8j), accessed 2026-09-20"
"KFC","KFC","chain restaurant / coffee","40.849898358602","-73.936010418476","NYC DOHMH Restaurant Inspection Results (43nn-pn8j), accessed 2026-09-20"
"STARBUCKS #82525","Starbucks","chain restaurant / coffee","40.689634910372","-73.982835933994","NYC DOHMH Restaurant Inspection Results (43nn-pn8j), accessed 2026-09-20"
"SUBWAY","Subway","chain restaurant / coffee","40.587326190678","-73.953980315799","NYC DOHMH Restaurant Inspection Results (43nn-pn8j), accessed 2026-09-20"
"TACO BELL","Taco Bell","chain restaurant / coffee","40.782763870152","-73.945077308991","NYC DOHMH Restaurant Inspection Results (43nn-pn8j), accessed 2026-09-20"
"DUNKIN'","Dunkin","chain restaurant / coffee","40.751115879596","-73.990915550572","NYC DOHMH Restaurant Inspection Results (43nn-pn8j), accessed 2026-09-20"
"PRET A MANGER","Pret A Manger","chain restaurant / coffee","40.750459889749","-73.991016698009","NYC DOHMH Restaurant Inspection Results (43nn-pn8j), accessed 2026-09-20"
"DUNKIN","Dunkin","chain restaurant / coffee","40.613907506358","-73.97396266097","NYC DOHMH Restaurant Inspection Results (43nn-pn8j), accessed 2026-09-20"
"STARBUCKS","Starbucks","chain restaurant / coffee","40.677664571164","-73.828757893149","NYC DOHMH Restaurant Inspection Results (43nn-pn8j), accessed 2026-09-20"
"STARBUCKS CORPORATION","Starbucks","chain restaurant / coffee","40.75450075314","-73.975950427165","NYC DOHMH Restaurant Inspection Results (43nn-pn8j), accessed 2026-09-20"
"DUNKIN","Dunkin","chain restaurant / coffee","40.684732137724","-73.979177486228","NYC DOHMH Restaurant Inspection Results (43nn-pn8j), accessed 2026-09-20"
"Dunkin","Dunkin","chain restaurant / coffee","40.680336335273","-73.948558271533","NYC DOHMH Restaurant Inspection Results (43nn-pn8j), accessed 2026-09-20"
"DUNKIN DONUTS","Dunkin","chain restaurant / coffee","40.853805033676","-73.908899018874","NYC DOHMH Restaurant Inspection Results (43nn-pn8j), accessed 2026-09-20"
"DUNKIN","Dunkin","chain restaurant / coffee","40.795848625494","-73.935528045325","NYC DOHMH Restaurant Inspection Results (43nn-pn8j), accessed 2026-09-20"
"SUBWAY","Subway","chain restaurant / coffee","40.745621034571","-73.993352335973","NYC DOHMH Restaurant Inspection Results (43nn-pn8j), accessed 2026-09-20"
"POPEYES","Popeyes","chain restaurant / coffee","40.69026938012","-73.923446082679","NYC DOHMH Restaurant Inspection Results (43nn-pn8j), accessed 2026-09-20"
"DUNKIN' BASKIN ROBINS","Dunkin","chain restaurant / coffee","40.842585475238","-73.845542667277","NYC DOHMH Restaurant Inspection Results (43nn-pn8j), accessed 2026-09-20"
"DUNKIN'","Dunkin","chain restaurant / coffee","40.792799366271","-73.812905814912","NYC DOHMH Restaurant Inspection Results (43nn-pn8j), accessed 2026-09-20"
"MCDONALD'S","McDonald’s","chain restaurant / coffee","40.726655730614","-73.907121630164","NYC DOHMH Restaurant Inspection Results (43nn-pn8j), accessed 2026-09-20"
"STARBUCKS # 1955 (next to Gate A2)","Starbucks","chain restaurant / coffee","0","0","NYC DOHMH Restaurant Inspection Results (43nn-pn8j), accessed 2026-09-20"
"DUNKIN' / BASKIN ROBBINS","Dunkin","chain restaurant / coffee","40.626812649613","-74.163236074636","NYC DOHMH Restaurant Inspection Results (43nn-pn8j), accessed 2026-09-20"
"STARBUCKS COFFEE # 84386","Starbucks","chain restaurant / coffee","40.650238844444","-73.959789258476","NYC DOHMH Restaurant Inspection Results (43nn-pn8j), accessed 2026-09-20"
"BURGER KING","Burger King","chain restaurant / coffee","0","0","NYC DOHMH Restaurant Inspection Results (43nn-pn8j), accessed 2026-09-20"
"DUNKIN DONUTS","Dunkin","chain restaurant / coffee","40.542592288455","-74.208331211757","NYC DOHMH Restaurant Inspection Results (43nn-pn8j), accessed 2026-09-20"
"STARBUCKS","Starbucks","chain restaurant / coffee","40.750362063429","-73.870148300009","NYC DOHMH Restaurant Inspection Results (43nn-pn8j), accessed 2026-09-20"
"DUNKIN PC 364658","Dunkin","chain restaurant / coffee","40.859449210824","-73.891126454332","NYC DOHMH Restaurant Inspection Results (43nn-pn8j), accessed 2026-09-20"
"MCDONALD'S #11112","McDonald’s","chain restaurant / coffee","40.629834732372","-74.076689678143","NYC DOHMH Restaurant Inspection Results (43nn-pn8j), accessed 2026-09-20"
"MCDONALD'S","McDonald’s","chain restaurant / coffee","40.625179211221","-74.149370005093","NYC DOHMH Restaurant Inspection Results (43nn-pn8j), accessed 2026-09-20"
"DUNKIN","Dunkin","chain restaurant / coffee","40.604855411109","-73.998689126947","NYC DOHMH Restaurant Inspection Results (43nn-pn8j), accessed 2026-09-20"
"DUNKIN'","Dunkin","chain restaurant / coffee","40.655926076731","-73.959926375913","NYC DOHMH Restaurant Inspection Results (43nn-pn8j), accessed 2026-09-20"
"CHIPOTLE MEXICAN GRILL #3056","Chipotle","chain restaurant / coffee","40.743781785219","-73.924026730574","NYC DOHMH Restaurant Inspection Results (43nn-pn8j), accessed 2026-09-20"
"STARBUCKS COFFEE #14498","Starbucks","chain restaurant / coffee","40.788686728537","-73.976158318988","NYC DOHMH Restaurant Inspection Results (43nn-pn8j), accessed 2026-09-20"
"CHIPOTLE MEXICAN GRILL #3056","Chipotle","chain restaurant / coffee","40.677506279386","-73.932340493887","NYC DOHMH Restaurant Inspection Results (43nn-pn8j), accessed 2026-09-20"
"PANERA BREAD #6309","Panera","chain restaurant / coffee","40.751697458285","-73.9875985531","NYC DOHMH Restaurant Inspection Results (43nn-pn8j), accessed 2026-09-20"
"STARBUCKS COFFEE # 7745","Starbucks","chain restaurant / coffee","40.833602366429","-73.860918357933","NYC DOHMH Restaurant Inspection Results (43nn-pn8j), accessed 2026-09-20"
"DUNKIN'","Dunkin","chain restaurant / coffee","40.774949281639","-73.934125806669","NYC DOHMH Restaurant Inspection Results (43nn-pn8j), accessed 2026-09-20"
"WENDY'S","Wendy’s","chain restaurant / coffee","40.769186721073","-73.876093595385","NYC DOHMH Restaurant Inspection Results (43nn-pn8j), accessed 2026-09-20"
"TACO BELL","Taco Bell","chain restaurant / coffee","40.754965937828","-73.941476432256","NYC DOHMH Restaurant Inspection Results (43nn-pn8j), accessed 2026-09-20"
"WENDY'S","Wendy’s","chain restaurant / coffee","40.617306968602","-73.931054609217","NYC DOHMH Restaurant Inspection Results (43nn-pn8j), accessed 2026-09-20"
"CHIPOTLE MEXICAN GRILL #4976","Chipotle","chain restaurant / coffee","40.779911255442","-73.775353595063","NYC DOHMH Restaurant Inspection Results (43nn-pn8j), accessed 2026-09-20"
"TACO BELL","Taco Bell","chain restaurant / coffee","40.702832075249","-73.818461014653","NYC DOHMH Restaurant Inspection Results (43nn-pn8j), accessed 2026-09-20"
"MCDONALD'S","McDonald’s","chain restaurant / coffee","40.72954037791","-73.744418821868","NYC DOHMH Restaurant Inspection Results (43nn-pn8j), accessed 2026-09-20"
"DUNKIN/DOROTHY DAY","Dunkin","chain restaurant / coffee","40.701687901075","-74.011631125861","NYC DOHMH Restaurant Inspection Results (43nn-pn8j), accessed 2026-09-20"
"DUNKIN","Dunkin","chain restaurant / coffee","40.852734628699","-73.827549943122","NYC DOHMH Restaurant Inspection Results (43nn-pn8j), accessed 2026-09-20"
"POPEYES LOUISIANA KITCHEN","Popeyes","chain restaurant / coffee","40.62607341843","-73.917965021608","NYC DOHMH Restaurant Inspection Results (43nn-pn8j), accessed 2026-09-20"
"TACO BELL","Taco Bell","chain restaurant / coffee","40.711852901429","-73.787386331443","NYC DOHMH Restaurant Inspection Results (43nn-pn8j), accessed 2026-09-20"
"DUNKIN","Dunkin","chain restaurant / coffee","40.511204129385","-74.241142289053","NYC DOHMH Restaurant Inspection Results (43nn-pn8j), accessed 2026-09-20"
"SHAKE SHACK","Shake Shack","chain restaurant / coffee","40.743108215364","-73.91842303064","NYC DOHMH Restaurant Inspection Results (43nn-pn8j), accessed 2026-09-20"
"TACO BELL","Taco Bell","chain restaurant / coffee","40.700907598144","-73.941152600126","NYC DOHMH Restaurant Inspection Results (43nn-pn8j), accessed 2026-09-20"
"SUBWAY","Subway","chain restaurant / coffee","40.681314622852","-73.764971601019","NYC DOHMH Restaurant Inspection Results (43nn-pn8j), accessed 2026-09-20"
"TACO BELL","Taco Bell","chain restaurant / coffee","40.789661906064","-73.946075547757","NYC DOHMH Restaurant Inspection Results (43nn-pn8j), accessed 2026-09-20"
"STARBUCKS COFFEE # 85552","Starbucks","chain restaurant / coffee","40.758747437799","-73.978692223615","NYC DOHMH Restaurant Inspection Results (43nn-pn8j), accessed 2026-09-20"
"DUNKIN","Dunkin","chain restaurant / coffee","40.740226916237","-73.895587445977","NYC DOHMH Restaurant Inspection Results (43nn-pn8j), accessed 2026-09-20"
"DUNKIN' DONUTS/JIMMY JOHNS/QNS MARKET","Dunkin","chain restaurant / coffee","40.648312826068","-73.788281497594","NYC DOHMH Restaurant Inspection Results (43nn-pn8j), accessed 2026-09-20"
"SUBWAY #12608","Subway","chain restaurant / coffee","40.780401397603","-73.982075837493","NYC DOHMH Restaurant Inspection Results (43nn-pn8j), accessed 2026-09-20"
"STARBUCKS","Starbucks","chain restaurant / coffee","40.701742620379","-73.986745915411","NYC DOHMH Restaurant Inspection Results (43nn-pn8j), accessed 2026-09-20"
"TACO BELL","Taco Bell","chain restaurant / coffee","40.839757767667","-73.916507868597","NYC DOHMH Restaurant Inspection Results (43nn-pn8j), accessed 2026-09-20"
"MCDONALD'S","McDonald’s","chain restaurant / coffee","40.815967265688","-73.958568779759","NYC DOHMH Restaurant Inspection Results (43nn-pn8j), accessed 2026-09-20"
"STARBUCKS","Starbucks","chain restaurant / coffee","40.733428169799","-73.864170033452","NYC DOHMH Restaurant Inspection Results (43nn-pn8j), accessed 2026-09-20"
"DUNKIN'","Dunkin","chain restaurant / coffee","40.683656963462","-73.769538800347","NYC DOHMH Restaurant Inspection Results (43nn-pn8j), accessed 2026-09-20"
"CHIPOTLE MEXICAN GRILL","Chipotle","chain restaurant / coffee","40.810436705074","-73.951791635813","NYC DOHMH Restaurant Inspection Results (43nn-pn8j), accessed 2026-09-20"
"CHIPOTLE MEXICAN GRILL #3056","Chipotle","chain restaurant / coffee","40.686803995684","-73.91736358059","NYC DOHMH Restaurant Inspection Results (43nn-pn8j), accessed 2026-09-20"
"DUNKIN DONUTS/GUY V. MOLINARI","Dunkin","chain restaurant / coffee","40.701687901075","-74.011631125861","NYC DOHMH Restaurant Inspection Results (43nn-pn8j), accessed 2026-09-20"
"CHIPOTLE MEXICAN GRILL #3056","Chipotle","chain restaurant / coffee","40.725866915827","-73.79142917068","NYC DOHMH Restaurant Inspection Results (43nn-pn8j), accessed 2026-09-20"
"CHIPOTLE MEXICAN GRILL #3056","Chipotle","chain restaurant / coffee","40.529521096907","-74.231409751135","NYC DOHMH Restaurant Inspection Results (43nn-pn8j), accessed 2026-09-20"
"CHIPOTLE MEXICAN GRILL #3056","Chipotle","chain restaurant / coffee","40.671908650294","-73.856674964145","NYC DOHMH Restaurant Inspection Results (43nn-pn8j), accessed 2026-09-20"
"MCDONALDS","McDonald’s","chain restaurant / coffee","40.720397504958","-73.760958703976","NYC DOHMH Restaurant Inspection Results (43nn-pn8j), accessed 2026-09-20"
"DUNKIN DONUTS","Dunkin","chain restaurant / coffee","40.753797866397","-73.999086826144","NYC DOHMH Restaurant Inspection Results (43nn-pn8j), accessed 2026-09-20"
"POPEYES","Popeyes","chain restaurant / coffee","40.810368016582","-73.951625512458","NYC DOHMH Restaurant Inspection Results (43nn-pn8j), accessed 2026-09-20"
"STARBUCKS","Starbucks","chain restaurant / coffee","40.704111365647","-74.013186030396","NYC DOHMH Restaurant Inspection Results (43nn-pn8j), accessed 2026-09-20"
"DUNKIN'","Dunkin","chain restaurant / coffee","40.688872008517","-73.983834952925","NYC DOHMH Restaurant Inspection Results (43nn-pn8j), accessed 2026-09-20"
"BURGER KING","Burger King","chain restaurant / coffee","40.810368016582","-73.951625512458","NYC DOHMH Restaurant Inspection Results (43nn-pn8j), accessed 2026-09-20"
"POPEYES #6091","Popeyes","chain restaurant / coffee","40.680503904873","-73.902347705343","NYC DOHMH Restaurant Inspection Results (43nn-pn8j), accessed 2026-09-20"
"POPEYES LOUISIANA KITCHEN","Popeyes","chain restaurant / coffee","40.693212032699","-73.972298013078","NYC DOHMH Restaurant Inspection Results (43nn-pn8j), accessed 2026-09-20"
"POPEYES LOUISIANA KITCHEN","Popeyes","chain restaurant / coffee","40.852929194943","-73.827343393689","NYC DOHMH Restaurant Inspection Results (43nn-pn8j), accessed 2026-09-20"
"POPEYES LOUISIANA KITCHEN","Popeyes","chain restaurant / coffee","40.713487113468","-73.82905869065","NYC DOHMH Restaurant Inspection Results (43nn-pn8j), accessed 2026-09-20"
"DUNKIN DONUTS/ SANDY GROUND FERRY BOATS TAVERN","Dunkin","chain restaurant / coffee","40.701687901075","-74.011631125861","NYC DOHMH Restaurant Inspection Results (43nn-pn8j), accessed 2026-09-20"
"SHAKE SHACK #1646","Shake Shack","chain restaurant / coffee","40.877185107554","-73.906067992434","NYC DOHMH Restaurant Inspection Results (43nn-pn8j), accessed 2026-09-20"
"SHAKE SHACK #1688","Shake Shack","chain restaurant / coffee","40.758747437799","-73.978692223615","NYC DOHMH Restaurant Inspection Results (43nn-pn8j), accessed 2026-09-20"
"SUBWAY","Subway","chain restaurant / coffee","40.708645492234","-73.81844872827","NYC DOHMH Restaurant Inspection Results (43nn-pn8j), accessed 2026-09-20"
"DUNKIN'","Dunkin","chain restaurant / coffee","40.757075378151","-73.97614441032","NYC DOHMH Restaurant Inspection Results (43nn-pn8j), accessed 2026-09-20"
"DUNKIN/SPIRIT OF AMERICA SI FERRY","Dunkin","chain restaurant / coffee","40.701687901075","-74.011631125861","NYC DOHMH Restaurant Inspection Results (43nn-pn8j), accessed 2026-09-20"
"MCDONALD'S","McDonald’s","chain restaurant / coffee","40.631882811517","-73.928272569418","NYC DOHMH Restaurant Inspection Results (43nn-pn8j), accessed 2026-09-20"
"SUBWAY","Subway","chain restaurant / coffee","40.626910200271","-74.164118926787","NYC DOHMH Restaurant Inspection Results (43nn-pn8j), accessed 2026-09-20"
"STARBUCKS","Starbucks","chain restaurant / coffee","40.708108174289","-74.008768372325","NYC DOHMH Restaurant Inspection Results (43nn-pn8j), accessed 2026-09-20"
"STARBUCKS","Starbucks","chain restaurant / coffee","40.755634159504","-73.975109006874","NYC DOHMH Restaurant Inspection Results (43nn-pn8j), accessed 2026-09-20"
"DUNKIN/SAMUEL I. NEWHOUSE FERRY BOATS TAVERN","Dunkin","chain restaurant / coffee","40.701687901075","-74.011631125861","NYC DOHMH Restaurant Inspection Results (43nn-pn8j), accessed 2026-09-20"
"DUNKIN' /JIMMY JOHN'S / BASKIN-ROBBINS","Dunkin","chain restaurant / coffee","40.804193469515","-73.936982842861","NYC DOHMH Restaurant Inspection Results (43nn-pn8j), accessed 2026-09-20"
"STARBUCKS CORPORATION","Starbucks","chain restaurant / coffee","40.564381624125","-74.1318786136","NYC DOHMH Restaurant Inspection Results (43nn-pn8j), accessed 2026-09-20"
"CHIPOTLE MEXICAN GRILL","Chipotle","chain restaurant / coffee","40.699456167505","-73.919482844709","NYC DOHMH Restaurant Inspection Results (43nn-pn8j), accessed 2026-09-20"
"WENDY'S","Wendy’s","chain restaurant / coffee","40.712405393865","-73.783409489987","NYC DOHMH Restaurant Inspection Results (43nn-pn8j), accessed 2026-09-20"
"STARBUCKS COFFEE","Starbucks","chain restaurant / coffee","40.626009539443","-74.15654074798","NYC DOHMH Restaurant Inspection Results (43nn-pn8j), accessed 2026-09-20"
"STARBUCKS #63280","Starbucks","chain restaurant / coffee","40.743215798582","-73.953926354666","NYC DOHMH Restaurant Inspection Results (43nn-pn8j), accessed 2026-09-20"
"2 SWEET OF STATEN ISLAND INC (Starbucks)","Starbucks","chain restaurant / coffee","40.644113165438","-74.076583635873","NYC DOHMH Restaurant Inspection Results (43nn-pn8j), accessed 2026-09-20"
"STARBUCKS","Starbucks","chain restaurant / coffee","40.683670665539","-73.769527936055","NYC DOHMH Restaurant Inspection Results (43nn-pn8j), accessed 2026-09-20"
"STARBUCKS COFFEE","Starbucks","chain restaurant / coffee","40.706418034984","-73.896892168757","NYC DOHMH Restaurant Inspection Results (43nn-pn8j), accessed 2026-09-20"
"CHIPOTLE MEXICAN GRILL #3056","Chipotle","chain restaurant / coffee","40.709292409888","-73.958999642426","NYC DOHMH Restaurant Inspection Results (43nn-pn8j), accessed 2026-09-20"
"WENDY'S","Wendy’s","chain restaurant / coffee","40.709741446444","-74.006791958532","NYC DOHMH Restaurant Inspection Results (43nn-pn8j), accessed 2026-09-20"
"DUNKIN'","Dunkin","chain restaurant / coffee","40.743278605339","-73.883666342331","NYC DOHMH Restaurant Inspection Results (43nn-pn8j), accessed 2026-09-20"
"SUBWAY","Subway","chain restaurant / coffee","40.760683114724","-73.969320671424","NYC DOHMH Restaurant Inspection Results (43nn-pn8j), accessed 2026-09-20"
"SUBWAY","Subway","chain restaurant / coffee","40.669224528763","-73.93106922702","NYC DOHMH Restaurant Inspection Results (43nn-pn8j), accessed 2026-09-20"
"DUNKIN PC 363747","Dunkin","chain restaurant / coffee","40.861745229822","-73.912018920326","NYC DOHMH Restaurant Inspection Results (43nn-pn8j), accessed 2026-09-20"
"MCDONALD'S","McDonald’s","chain restaurant / coffee","40.700839097548","-73.806546937563","NYC DOHMH Restaurant Inspection Results (43nn-pn8j), accessed 2026-09-20"
"POPEYES","Popeyes","chain restaurant / coffee","40.627561241672","-74.167546545664","NYC DOHMH Restaurant Inspection Results (43nn-pn8j), accessed 2026-09-20"
"DUNKIN'","Dunkin","chain restaurant / coffee","40.872887900305","-73.888772126012","NYC DOHMH Restaurant Inspection Results (43nn-pn8j), accessed 2026-09-20"
"CHIPOTLE MEXICAN GRILL #3056","Chipotle","chain restaurant / coffee","40.748972770073","-73.975782801828","NYC DOHMH Restaurant Inspection Results (43nn-pn8j), accessed 2026-09-20"
"CHIPOTLE MEXICAN GRILL #3056","Chipotle","chain restaurant / coffee","40.664178674775","-73.95729010281","NYC DOHMH Restaurant Inspection Results (43nn-pn8j), accessed 2026-09-20"
"TACO BELL","Taco Bell","chain restaurant / coffee","40.692259854836","-73.991121932695","NYC DOHMH Restaurant Inspection Results (43nn-pn8j), accessed 2026-09-20"
"SHAKE SHACK 1692","Shake Shack","chain restaurant / coffee","40.570012170834","-74.110196084465","NYC DOHMH Restaurant Inspection Results (43nn-pn8j), accessed 2026-09-20"
"DUNKIN","Dunkin","chain restaurant / coffee","40.617809897882","-73.961721531959","NYC DOHMH Restaurant Inspection Results (43nn-pn8j), accessed 2026-09-20"
"DUNKIN","Dunkin","chain restaurant / coffee","40.699651859413","-73.807289717929","NYC DOHMH Restaurant Inspection Results (43nn-pn8j), accessed 2026-09-20"
"CHIPOTLE MEXICAN GRILL #3056","Chipotle","chain restaurant / coffee","40.594847891697","-73.997198610447","NYC DOHMH Restaurant Inspection Results (43nn-pn8j), accessed 2026-09-20"
"SUBWAY","Subway","chain restaurant / coffee","40.684457390625","-73.977742537481","NYC DOHMH Restaurant Inspection Results (43nn-pn8j), accessed 2026-09-20"
"DUNKIN'","Dunkin","chain restaurant / coffee","40.82032508133","-73.912915724028","NYC DOHMH Restaurant Inspection Results (43nn-pn8j), accessed 2026-09-20"
"DUNKIN","Dunkin","chain restaurant / coffee","40.889905574246","-73.898064046277","NYC DOHMH Restaurant Inspection Results (43nn-pn8j), accessed 2026-09-20"
"DUNKIN' BASKIN-ROBBINS'","Dunkin","chain restaurant / coffee","40.815342893761","-73.915960578897","NYC DOHMH Restaurant Inspection Results (43nn-pn8j), accessed 2026-09-20"
"WENDYS","Wendy’s","chain restaurant / coffee","40.649145931894","-73.958416910046","NYC DOHMH Restaurant Inspection Results (43nn-pn8j), accessed 2026-09-20"
"DUNKIN DONUTS","Dunkin","chain restaurant / coffee","40.824887682447","-73.951560717424","NYC DOHMH Restaurant Inspection Results (43nn-pn8j), accessed 2026-09-20"
"DUNKIN'-BASKIN-ROBBINS-JIMMY JOHN'S","Dunkin","chain restaurant / coffee","40.823656873276","-73.908954905435","NYC DOHMH Restaurant Inspection Results (43nn-pn8j), accessed 2026-09-20"
"DUNKIN' DONUTS","Dunkin","chain restaurant / coffee","40.700612569251","-73.896591023613","NYC DOHMH Restaurant Inspection Results (43nn-pn8j), accessed 2026-09-20"
"SUBWAY","Subway","chain restaurant / coffee","40.586274422657","-74.092297147357","NYC DOHMH Restaurant Inspection Results (43nn-pn8j), accessed 2026-09-20"
"DUNKIN (BAGGAGE CLAIM)","Dunkin","chain restaurant / coffee","40.648312826068","-73.788281497594","NYC DOHMH Restaurant Inspection Results (43nn-pn8j), accessed 2026-09-20"
"PANERA, LLC","Panera","chain restaurant / coffee","40.860604308852","-73.890669040298","NYC DOHMH Restaurant Inspection Results (43nn-pn8j), accessed 2026-09-20"
"DUNKIN' BASKIN ROBINS","Dunkin","chain restaurant / coffee","40.821846310549","-73.939560259174","NYC DOHMH Restaurant Inspection Results (43nn-pn8j), accessed 2026-09-20"
"DUNKIN'","Dunkin","chain restaurant / coffee","40.849888434779","-73.916296299392","NYC DOHMH Restaurant Inspection Results (43nn-pn8j), accessed 2026-09-20"
"WENDY'S","Wendy’s","chain restaurant / coffee","40.701548067973","-73.943009402672","NYC DOHMH Restaurant Inspection Results (43nn-pn8j), accessed 2026-09-20"
"CHIPOTLE MEXICAN GRILL #5068","Chipotle","chain restaurant / coffee","40.669619809921","-73.91117746745","NYC DOHMH Restaurant Inspection Results (43nn-pn8j), accessed 2026-09-20"
"Burger King","Burger King","chain restaurant / coffee","40.687688624585","-73.850417311968","NYC DOHMH Restaurant Inspection Results (43nn-pn8j), accessed 2026-09-20"
"BURGER KING","Burger King","chain restaurant / coffee","40.698750262888","-73.918776847566","NYC DOHMH Restaurant Inspection Results (43nn-pn8j), accessed 2026-09-20"
"BURGER KING","Burger King","chain restaurant / coffee","40.602319101157","-73.994443406626","NYC DOHMH Restaurant Inspection Results (43nn-pn8j), accessed 2026-09-20"
"BURGER KING","Burger King","chain restaurant / coffee","40.849587294829","-73.93439860654","NYC DOHMH Restaurant Inspection Results (43nn-pn8j), accessed 2026-09-20"
"PRET A MANGER","Pret A Manger","chain restaurant / coffee","40.758747437799","-73.978692223615","NYC DOHMH Restaurant Inspection Results (43nn-pn8j), accessed 2026-09-20"
"STARBUCKS","Starbucks","chain restaurant / coffee","40.736651337371","-74.001017583018","NYC DOHMH Restaurant Inspection Results (43nn-pn8j), accessed 2026-09-20"
"DUNKIN/MARCHI FERRY BOAT TAVERN","Dunkin","chain restaurant / coffee","40.701687901075","-74.011631125861","NYC DOHMH Restaurant Inspection Results (43nn-pn8j), accessed 2026-09-20"
"DUNKIN DONUTS","Dunkin","chain restaurant / coffee","40.64372588042","-74.072788802132","NYC DOHMH Restaurant Inspection Results (43nn-pn8j), accessed 2026-09-20"
"WENDY'S","Wendy’s","chain restaurant / coffee","40.794869621903","-73.9716307383","NYC DOHMH Restaurant Inspection Results (43nn-pn8j), accessed 2026-09-20"
"DUNKIN","Dunkin","chain restaurant / coffee","40.753037571144","-74.000281528635","NYC DOHMH Restaurant Inspection Results (43nn-pn8j), accessed 2026-09-20"
"MCDONALDS","McDonald’s","chain restaurant / coffee","40.8351955943","-73.919773279133","NYC DOHMH Restaurant Inspection Results (43nn-pn8j), accessed 2026-09-20"
"MCDONALD'S","McDonald’s","chain restaurant / coffee","40.839504740406","-73.91580706121","NYC DOHMH Restaurant Inspection Results (43nn-pn8j), accessed 2026-09-20"
"POPEYES","Popeyes","chain restaurant / coffee","40.704488308898","-73.929283371767","NYC DOHMH Restaurant Inspection Results (43nn-pn8j), accessed 2026-09-20"
"THE JUICE HOUSE (Near Dunkin')","Dunkin","chain restaurant / coffee","40.527800352215","-74.23264118855","NYC DOHMH Restaurant Inspection Results (43nn-pn8j), accessed 2026-09-20"
"BURGER KING","Burger King","chain restaurant / coffee","40.743784537149","-73.924037553943","NYC DOHMH Restaurant Inspection Results (43nn-pn8j), accessed 2026-09-20"
"SUBWAY","Subway","chain restaurant / coffee","40.702962304298","-73.81923608359","NYC DOHMH Restaurant Inspection Results (43nn-pn8j), accessed 2026-09-20"
"CHIPOTLE MEXICAN GRILL #5710","Chipotle","chain restaurant / coffee","40.753984513583","-73.99983035853","NYC DOHMH Restaurant Inspection Results (43nn-pn8j), accessed 2026-09-20"
"WENDY'S","Wendy’s","chain restaurant / coffee","40.708707663951","-73.95869341423","NYC DOHMH Restaurant Inspection Results (43nn-pn8j), accessed 2026-09-20"
"SUBWAY","Subway","chain restaurant / coffee","40.679284769739","-73.778008505572","NYC DOHMH Restaurant Inspection Results (43nn-pn8j), accessed 2026-09-20"
"TACO BELL","Taco Bell","chain restaurant / coffee","40.808632014688","-73.94858155242","NYC DOHMH Restaurant Inspection Results (43nn-pn8j), accessed 2026-09-20"
"SUBWAY","Subway","chain restaurant / coffee","40.651640194754","-74.003531758041","NYC DOHMH Restaurant Inspection Results (43nn-pn8j), accessed 2026-09-20"
"DUNKIN / MICHAEL H. OLLIS FERRY BOATS TAVERN","Dunkin","chain restaurant / coffee","40.701687901075","-74.011631125861","NYC DOHMH Restaurant Inspection Results (43nn-pn8j), accessed 2026-09-20"
"SUBWAY","Subway","chain restaurant / coffee","40.753751186581","-73.87200411027","NYC DOHMH Restaurant Inspection Results (43nn-pn8j), accessed 2026-09-20"
"PRET A MANGER","Pret A Manger","chain restaurant / coffee","40.648312826068","-73.788281497594","NYC DOHMH Restaurant Inspection Results (43nn-pn8j), accessed 2026-09-20"
"MCDONALD'S","McDonald’s","chain restaurant / coffee","40.798521484549","-73.93960680105","NYC DOHMH Restaurant Inspection Results (43nn-pn8j), accessed 2026-09-20"
"MCDONALD'S","McDonald’s","chain restaurant / coffee","40.794287840405","-73.972060765998","NYC DOHMH Restaurant Inspection Results (43nn-pn8j), accessed 2026-09-20"
"MCDONALD'S","McDonald’s","chain restaurant / coffee","40.850073936845","-73.935858434532","NYC DOHMH Restaurant Inspection Results (43nn-pn8j), accessed 2026-09-20"
"MCDONALD'S","McDonald’s","chain restaurant / coffee","40.842549706002","-73.939230553997","NYC DOHMH Restaurant Inspection Results (43nn-pn8j), accessed 2026-09-20"
"MCDONALD'S","McDonald’s","chain restaurant / coffee","40.731218080873","-73.982258701416","NYC DOHMH Restaurant Inspection Results (43nn-pn8j), accessed 2026-09-20"
"MCDONALD'S","McDonald’s","chain restaurant / coffee","40.756061274589","-73.970596964004","NYC DOHMH Restaurant Inspection Results (43nn-pn8j), accessed 2026-09-20"
"MCDONALD'S","McDonald’s","chain restaurant / coffee","40.800086459964","-73.968088841896","NYC DOHMH Restaurant Inspection Results (43nn-pn8j), accessed 2026-09-20"
"MCDONALD'S","McDonald’s","chain restaurant / coffee","40.808538128606","-73.947335359849","NYC DOHMH Restaurant Inspection Results (43nn-pn8j), accessed 2026-09-20"
"DUNKIN'","Dunkin","chain restaurant / coffee","40.736696181858","-73.865646421656","NYC DOHMH Restaurant Inspection Results (43nn-pn8j), accessed 2026-09-20"
"SUBWAY","Subway","chain restaurant / coffee","40.838529892314","-73.941594180993","NYC DOHMH Restaurant Inspection Results (43nn-pn8j), accessed 2026-09-20"
"DUNKIN (38CC)/ SHAKE SHACK (40CC) POST GATE 22","Dunkin","chain restaurant / coffee","40.706263297358","-74.012908734166","NYC DOHMH Restaurant Inspection Results (43nn-pn8j), accessed 2026-09-20"
"DUNKIN'","Dunkin","chain restaurant / coffee","40.764194224344","-73.915667982156","NYC DOHMH Restaurant Inspection Results (43nn-pn8j), accessed 2026-09-20"
"McDonald's","McDonald’s","chain restaurant / coffee","40.633441018321","-73.889313269569","NYC DOHMH Restaurant Inspection Results (43nn-pn8j), accessed 2026-09-20"
"MCDONALD'S","McDonald’s","chain restaurant / coffee","40.644546694874","-73.901654618308","NYC DOHMH Restaurant Inspection Results (43nn-pn8j), accessed 2026-09-20"
"MCDONALDS","McDonald’s","chain restaurant / coffee","40.854305717314","-73.906899312821","NYC DOHMH Restaurant Inspection Results (43nn-pn8j), accessed 2026-09-20"
"MCDONALDS","McDonald’s","chain restaurant / coffee","40.83999137684","-73.877117718293","NYC DOHMH Restaurant Inspection Results (43nn-pn8j), accessed 2026-09-20"
"MCDONALDS","McDonald’s","chain restaurant / coffee","40.844411665358","-73.914904475475","NYC DOHMH Restaurant Inspection Results (43nn-pn8j), accessed 2026-09-20"
"MCDONALDS","McDonald’s","chain restaurant / coffee","40.862684764852","-73.902834766599","NYC DOHMH Restaurant Inspection Results (43nn-pn8j), accessed 2026-09-20"
"DUNKIN'","Dunkin","chain restaurant / coffee","40.749375299831","-73.884233118","NYC DOHMH Restaurant Inspection Results (43nn-pn8j), accessed 2026-09-20"
"WENDYS","Wendy’s","chain restaurant / coffee","40.749250283576","-73.862939414303","NYC DOHMH Restaurant Inspection Results (43nn-pn8j), accessed 2026-09-20"
"DUNKIN'","Dunkin","chain restaurant / coffee","40.837795256504","-73.887515541545","NYC DOHMH Restaurant Inspection Results (43nn-pn8j), accessed 2026-09-20"
"CHIPOTLE MEXICAN GRILL #4927","Chipotle","chain restaurant / coffee","40.729873579434","-73.954126843511","NYC DOHMH Restaurant Inspection Results (43nn-pn8j), accessed 2026-09-20"
"TACO BELL","Taco Bell","chain restaurant / coffee","40.693700808348","-73.963264485667","NYC DOHMH Restaurant Inspection Results (43nn-pn8j), accessed 2026-09-20"
"MACY'S STARBUCKS","Starbucks","chain restaurant / coffee","40.587315631896","-74.164788121254","NYC DOHMH Restaurant Inspection Results (43nn-pn8j), accessed 2026-09-20"
"Subway","Subway","chain restaurant / coffee","40.751425483547","-73.971024910022","NYC DOHMH Restaurant Inspection Results (43nn-pn8j), accessed 2026-09-20"
"SUBWAY","Subway","chain restaurant / coffee","40.775926340086","-73.824438705866","NYC DOHMH Restaurant Inspection Results (43nn-pn8j), accessed 2026-09-20"
"DUNKIN DONUTS","Dunkin","chain restaurant / coffee","40.591298078669","-74.164960012504","NYC DOHMH Restaurant Inspection Results (43nn-pn8j), accessed 2026-09-20"
"DUNKIN/BASKIN ROBBINS","Dunkin","chain restaurant / coffee","40.7073044511","-73.802538909868","NYC DOHMH Restaurant Inspection Results (43nn-pn8j), accessed 2026-09-20"
"McDonald's","McDonald’s","chain restaurant / coffee","40.812286485072","-73.90356250397","NYC DOHMH Restaurant Inspection Results (43nn-pn8j), accessed 2026-09-20"
"DUNKIN","Dunkin","chain restaurant / coffee","40.903738618645","-73.850117301295","NYC DOHMH Restaurant Inspection Results (43nn-pn8j), accessed 2026-09-20"
"STARBUCKS","Starbucks","chain restaurant / coffee","40.741752906188","-73.985229477097","NYC DOHMH Restaurant Inspection Results (43nn-pn8j), accessed 2026-09-20"
"DUNKIN","Dunkin","chain restaurant / coffee","40.612569369918","-74.129301700098","NYC DOHMH Restaurant Inspection Results (43nn-pn8j), accessed 2026-09-20"
"SUBWAY / CHICKPEA TO GO","Subway","chain restaurant / coffee","40.750009774218","-73.991345194031","NYC DOHMH Restaurant Inspection Results (43nn-pn8j), accessed 2026-09-20"
"DUNKIN'","Dunkin","chain restaurant / coffee","40.760542065811","-73.976421114653","NYC DOHMH Restaurant Inspection Results (43nn-pn8j), accessed 2026-09-20"
"DUNKIN'","Dunkin","chain restaurant / coffee","40.745593766565","-73.998274928287","NYC DOHMH Restaurant Inspection Results (43nn-pn8j), accessed 2026-09-20"
"CHIPOTLE MEXICAN GRILL #5776","Chipotle","chain restaurant / coffee","40.712844940968","-73.904857617193","NYC DOHMH Restaurant Inspection Results (43nn-pn8j), accessed 2026-09-20"
"CHIPOTLE MEXICAN GRILL #5996","Chipotle","chain restaurant / coffee","40.777646418518","-73.954848438463","NYC DOHMH Restaurant Inspection Results (43nn-pn8j), accessed 2026-09-20"
