"locationid","geoid","w_from","w_pop"
2,"36081107202",0.651388701633112,0
2,"36047070203",0.345731732841146,0
2,"36081107201",0.00287956552574232,1
3,"36005031000",0.215463759245114,0.299669364161576
3,"36005034800",0.148790721691189,0.271154732210506
3,"36005032600",0.112400173239744,0.119902909732708
3,"36005036000",0.0902126368944048,0.0755040259187611
3,"36005031400",0.0717396663743343,0.0482244993776377
3,"36005031200",0.0686951431499634,0.030805971946797
3,"36005035000",0.0652393590032713,0.0370762473164286
3,"36005031800",0.0605996019646406,0.0332166128407112
3,"36005031600",0.0602054780837499,0.0307703216958397
3,"36005034400",0.0533669403015624,0.0275966765970745
3,"36005034200",0.0532865200520252,0.0260786382019604
4,"36061002800",0.246034180357837,0.336133428081432
4,"36061002400",0.227504414547988,0.215982420200722
4,"36061002000",0.169917935180431,0.180036497569284
4,"36061002601",0.142270244340286,0.125389721974224
4,"36061002602",0.138985395479797,0.102919988983271
4,"36061002202",0.07528783009366,0.0395379431910657
5,"36085017007",0.311963788635044,0.395354342038156
5,"36085017009",0.229473948086608,0.223632783222427
5,"36085017016",0.129985039492396,0.11579981160188
5,"36085017014",0.118760604175355,0.098210944558814
5,"36085017013",0.11846046881542,0.109223372141476
5,"36085017015",0.0913561507951763,0.0577787464372473
6,"36085001800",0.240741906985777,0.035548004172687
6,"36085005000",0.219700818824627,0.337343801432578
6,"36085002002",0.202523633494532,0.181626006305617
6,"36085006400",0.186696686122706,0.210287941718259
6,"36085007400",0.141575740596681,0.225998626234288
6,"36085002001",0.00457126720732467,0.00436566498254482
6,"36085004004",0.00305992316220736,0.00385815627387366
6,"36085003600",0.00113002360614494,0.00097179888015155
7,"36081005700",0.06117390448704,0.067362758955602
7,"36081004500",0.0603917719258633,0.0482660882796207
7,"36081016300",0.0598098143809685,0.0685644199629543
7,"36081006300",0.0581372637877767,0.094562664101678
7,"36081005300",0.0536880300253527,0.0807137462129735
7,"36081006100",0.0533677797305379,0.0805261214318145
7,"36081005900",0.0520555919773909,0.0634765317511319
7,"36081004700",0.0490401725574933,0.0563178583096648
7,"36081014100",0.0468042202120571,0.0218770848009314
7,"36081015900",0.0464242471898735,0.0497621653695768
7,"36081006502",0.0419657993622063,0.0483395609736109
7,"36081014700",0.0404827065653275,0.0359676248603775
7,"36081015500",0.040370912267642,0.0247896039810963
7,"36081014300",0.0373581610032236,0.0417113808456402
7,"36081015100",0.0365008665885452,0.029288437280276
7,"36081007500",0.0353695776268241,0.0512676758633893
7,"36081015700",0.0351618685968568,0.0139694552317827
7,"36081014500",0.0349498261916262,0.0246004246514903
7,"36081007700",0.0346566893553947,0.0192119794059752
7,"36081015300",0.0332886339472739,0.0175661257815084
7,"36081006501",0.030398860311086,0.0262772930175514
7,"36081016100",0.0294308415814008,0.0172958018256798
7,"36081014900",0.0291724603282388,0.0182851971056742
8,"36081009900",1,1
9,"36081141700",0.281205168910986,0.368117395713068
9,"36081140902",0.16935837644173,0.12915433804617
9,"36081142900",0.167444217822547,0.187489290670795
9,"36081113900",0.120972783075085,0.149191644554049
9,"36081145900",0.117297119548897,0.0993076996812929
9,"36081145101",0.0791601535192671,0.0265813311696626
9,"36081118100",0.0613752087900496,0.0364726552751136
9,"36081134100",0.00149841394708288,0.00130327670643554
9,"36081134702",0.00106402721019381,0.00146803774328942
9,"36081134701",0.000624530734162155,0.000914330440124058
10,"36081028400",0.10488236188176,0.155138854028894
10,"36081028803",0.0923179144773685,0
10,"36081079200",0.0882698091733927,0.106702507739382
10,"36081079000",0.0628906150308188,0.0872935397069831
10,"36081018200",0.0627355832084604,0.0725329085816062
10,"36081028801",0.0583013268804112,0.0725654536825973
10,"36081018402",0.0519543823203758,0.0656311542430003
10,"36081028802",0.0488825205532267,0.0506766180139275
10,"36081019200",0.0486300474523602,0.0476391554386466
10,"36081078800",0.0471350000164365,0.0455280438580686
10,"36081018401",0.0468252588124372,0.0432813073109833
10,"36081019000",0.0460157919374554,0.0557063543536238
10,"36081018600",0.043652792897695,0.0364280116755937
10,"36081018800",0.043178742307425,0.0259066597614373
10,"36081027800",0.0428526143962735,0.0473453802599857
10,"36081027600",0.0387911090718398,0.0266210841434538
10,"36081027200",0.0375563184080413,0.0319221490429917
10,"36081027400",0.0351278111742223,0.0290808181588249
11,"36047017000",0.109575566348946,0.137361536819679
11,"36047017200",0.107949241056342,0.106079485833486
11,"36047029200",0.10670242868518,0.0954990994347999
11,"36047028600",0.0927750521284046,0.169056113981839
11,"36047018000",0.0923529951530123,0.0974293362429132
11,"36047028200",0.0882307232905598,0.102268542667184
11,"36047016800",0.0872755646784175,0.055062542314448
11,"36047017400",0.0863939417057137,0.0595148444285948
11,"36047017800",0.0859766821908459,0.0774417533422758
11,"36047028000",0.0727794110348851,0.0444843944344017
11,"36047017600",0.0699883937276921,0.0558023505003785
12,"36061031900",0.981354407479034,0
12,"36061000900",0.0116701082303998,0.334885368965654
12,"36061001300",0.00493815198957667,0.364858417477021
12,"36061031704",0.00203733230098963,0.300256213557325
13,"36061031703",0.521826610220912,0.389046313866611
13,"36061031704",0.477399767308648,0.610457742563772
13,"36061001300",0.000773622470439655,0.000495943569617203
14,"36047016400",0.1262169750726,0.0439184228538796
14,"36047003400",0.0768909933819146,0.0914856108309533
14,"36047004400",0.0671187003734093,0.0537394203101412
14,"36047004600",0.0462008238668475,0.018749895130447
14,"36047013400",0.0429907259763321,0.0642475538869812
14,"36047016000",0.0415309922764599,0.0652659418558178
14,"36047016200",0.0379089327796571,0.0305137772042741
14,"36047012600",0.0370704066725345,0.039750004840935
14,"36047005000",0.0356193080993772,0.0324269716955162
14,"36047013600",0.0344704195206665,0.0500579165015595
14,"36047006400",0.0326070704942501,0.0400928719079021
14,"36047014200",0.0321897135998076,0.0403911808760699
14,"36047005800",0.0310194171808194,0.0343079348898881
14,"36047006800",0.029772130154895,0.0435204791774485
14,"36047013000",0.0283184633916394,0.0562866589612768
14,"36047005601",0.0275399106338932,0.0251987987318376
14,"36047013800",0.026165335312867,0.035303096011303
14,"36047006200",0.0260470466892384,0.0245357100662376
14,"36047005400",0.0259534237149586,0.031561535611642
14,"36047006600",0.0246518138181598,0.0359218854580884
14,"36047006000",0.0244400380085461,0.0242368237801565
14,"36047007000",0.0234622986348965,0.0215844438917851
14,"36047005201",0.0216353761173778,0.0134509664098792
14,"36047005602",0.0213177430723509,0.0135562541419047
14,"36047005202",0.0208466578455731,0.0198443164951878
14,"36047003800",0.0203938854424302,0.0111440098634146
14,"36047003600",0.0201130450886621,0.0274442334037211
14,"36047003000",0.0175083527798363,0.0114632852117521
15,"36081101700",0.229860112813355,0.385168846247355
15,"36081099701",0.22672579590004,0.139532868435927
15,"36081099704",0.156565000685722,0.273573433511686
15,"36081099900",0.150213388948969,0
15,"36081099703",0.133205422958796,0.128542340386434
15,"36081099705",0.10193712140754,0.0703920074745649
15,"36081099100",0.00149315728557782,0.00279050394403299
16,"36081109300",0.142704604700444,0.158830125957225
16,"36081111300",0.0972659030650791,0.101348457858369
16,"36081108500",0.0593596490343036,0.0636971226693637
16,"36081109700",0.059357067256507,0.0432984863158229
16,"36081147100",0.0562462505989437,0.0822744961273731
16,"36081144700",0.05520517337972,0.0735454705648111
16,"36081109900",0.0504581696793334,0.0658266184128537
16,"36081140300",0.0499100360588156,0.042424055108305
16,"36081139900",0.0486070786941062,0.02886931720188
16,"36081143500",0.0476069377379233,0.042824195553093
16,"36081112900",0.047314818694677,0.0400364395411152
16,"36081146700",0.0471568898440114,0.0500052389048144
16,"36081145102",0.0456371652614953,0.0413676952769006
16,"36081144100",0.0449734835453836,0.0518339009312983
16,"36081146300",0.0430620923896691,0.0485067207969631
16,"36081112300",0.0372317648356221,0.0334627566112076
16,"36081113300",0.0340203060811789,0.0186514715510424
16,"36081140901",0.0326080557442999,0.0116427220995288
16,"36081136700",0.000686008531334044,0.00155470851803313
16,"36081128300",0.000588544867153017,0
17,"36047123700",0.106022202349703,0.213472809327694
17,"36047026100",0.0657830520901258,0.0788917250590184
17,"36047025700",0.0597336840253357,0.0420366228378824
17,"36047024100",0.0594349419082315,0.039145527392408
17,"36047050700",0.0575430694874748,0.0524993209610273
17,"36047023300",0.056679224414156,0.0708735696957138
17,"36047024900",0.0555740400521013,0.0481265380431754
17,"36047024500",0.0550344748671917,0.050371503556817
17,"36047025300",0.0533785513743148,0.0435166253773488
17,"36047026500",0.0526604779601704,0.0450975743057002
17,"36047026700",0.0526318914296675,0.0445894999720572
17,"36047024300",0.0509398198163121,0.0470067280754296
17,"36047025500",0.0457327524229473,0.0471772808651184
17,"36047025100",0.0456851823750361,0.0380650912832064
17,"36047026900",0.0441887590747747,0.0317799760413178
17,"36047026300",0.0394555653640858,0.018258144666725
17,"36047053102",0.0273651772407565,0.0448358271398368
17,"36047025901",0.0264682630248777,0.0122537707712894
17,"36047053101",0.0260132731347485,0.0164051634176081
17,"36047025902",0.0196755975879891,0.0155967012106266
18,"36005040702",0.130473033634841,0.160112020061961
18,"36005041300",0.124375654293999,0.179467639132028
18,"36005040100",0.122804357280372,0.11482117735592
18,"36005039901",0.109197644278414,0.10437789961251
18,"36005040502",0.102282698052071,0.113072758107233
18,"36005041500",0.0980992400674056,0.107289138003311
18,"36005041100",0.0873216497071255,0.0587624696627771
18,"36005039902",0.0873166669582322,0.081124713586234
18,"36005040501",0.0582322036561759,0.0381436348092527
18,"36005040302",0.0455170406539117,0.0359176389583332
18,"36005023702",0.0343798114174515,0.00691091071043889
19,"36081156700",0.28469846056582,0.107216941812276
19,"36081157101",0.238955025130355,0.414899843587828
19,"36081162100",0.140633111093519,0.191764844607436
19,"36081161700",0.137007680615766,0.142709056196221
19,"36081130100",0.13515635814127,0.117554640723925
19,"36081157102",0.0626797874611985,0.0248049004721308
19,"36081152901",0.000869576992071299,0.00104977260018363
20,"36005039700",0.410432032413547,0.328860203517916
20,"36005039100",0.163204123230585,0.188170659574225
20,"36005038700",0.145319668866806,0.0996304631303221
20,"36005039300",0.144820361962674,0.243324703884642
20,"36005038900",0.136223813526388,0.140013969892895
21,"36047030400",0.139361378189593,0.173322705140887
21,"36047029800",0.0665318217335731,0.0708956614477902
21,"36047030200",0.0635472934095284,0.0672437972479428
21,"36047040200",0.0594358877147837,0.0394348743975309
21,"36047030000",0.0586918616599061,0.0671873223895753
21,"36047040000",0.0575436931410458,0.0406467004828679
21,"36047042600",0.0511587239408053,0.0636679056517701
21,"36047041200",0.0497645195234108,0.038147209298403
21,"36047042800",0.0495710188346573,0.0495388775568632
21,"36047042400",0.0484646897569139,0.0495921475828394
21,"36047043000",0.0481205930906675,0.0484861694160211
21,"36047040400",0.0462346613658418,0.0330904827907827
21,"36047040800",0.0461886312838573,0.046666479401011
21,"36047043200",0.0445433798558565,0.047428263740794
21,"36047040600",0.0442947018069819,0.045361674247054
21,"36047041000",0.0429744226546882,0.0224300095313171
21,"36047043400",0.0421900274453508,0.0474851874317029
21,"36047043600",0.0413826945925385,0.0493745322448476
22,"36047029600",0.049321360738686,0.0932971510137718
22,"36047019000",0.0491354532430253,0.0599838493726559
22,"36047026400",0.0437148452211002,0.058266797330622
22,"36047029400",0.0432267552684304,0.0262144991479799
22,"36047025200",0.0418281838470276,0.0546013075629607
22,"36047026800",0.0413030826778783,0.0533839503049017
22,"36047024800",0.0406309302573304,0.0302414285146465
22,"36047025400",0.0404907971462749,0.040731934353459
22,"36047018800",0.0404337822482975,0.0339053451981284
22,"36047025600",0.0400555545355344,0.033002004859864
22,"36047025000",0.0400342364707613,0.0167910137266997
22,"36047025800",0.0392796121771044,0.0467678399320383
22,"36047026600",0.0382810095206093,0.0384417611865493
22,"36047018200",0.038187063110959,0.0414433792972769
22,"36047028400",0.0379049329044178,0.0407710833824306
22,"36047027400",0.0377044834269099,0.0324774881772956
22,"36047026000",0.0375900832934981,0.032004878693908
22,"36047027800",0.0370427009280332,0.0339782348347288
22,"36047026200",0.0364371805280958,0.0282078260557348
22,"36047029000",0.035698811925169,0.0387638450221028
22,"36047028800",0.0352671831557,0.036932634294328
22,"36047027600",0.0344721681969327,0.0371292002641266
22,"36047018400",0.0344159618507322,0.021233896411728
22,"36047027000",0.030959127227826,0.023396135235989
22,"36047027200",0.0304956036026624,0.0334709221527958
22,"36047018600",0.0260890964970043,0.0145615936732777
23,"36085029102",0.498977457875941,0.410075717765907
23,"36085027301",0.154475040691769,0.170052096090822
23,"36085029105",0.0819857979587501,0.0897108937857108
23,"36085029104",0.0772600782522807,0.130188030277113
23,"36085027302",0.051998586942289,0.0620568067836599
23,"36085018902",0.0383723240841489,0.0530418614951833
23,"36085018704",0.0271328075778981,0.030965496541049
23,"36085018703",0.0238966398872476,0.0224487834396451
23,"36085029106",0.0219562621505281,0.0153014039798201
23,"36085017300",0.0174469602557069,0.0119280708853721
23,"36085032300",0.0028939026610989,0.000730149424073512
23,"36085018901",0.00245803444981032,0.00350068953164411
23,"36085022802",0.00114610721253082,0
24,"36061019500",0.552789312855795,0.505974373698511
24,"36061019300",0.447210687144205,0.494025626301489
25,"36047007100",0.146692342637453,0.169163479521143
25,"36047003700",0.142519123348142,0.177945447711139
25,"36047004300",0.141445677292042,0.151795871241254
25,"36047012700",0.140263759787423,0.171175570862587
25,"36047004100",0.139026901059391,0.131188416079446
25,"36047003900",0.133800721955893,0.113760738401359
25,"36047006902",0.0898117083005087,0.0487416240503356
25,"36047006901",0.0639292651102881,0.0324924212242761
25,"36047000900",0.00251050050885946,0.00373643090846016
26,"36047046800",0.059134066038337,0.0272443725977904
26,"36047023200",0.0451217241692084,0.0752646661288413
26,"36047047800",0.0440835113073191,0.0584058694762711
26,"36047047600",0.0414077744911934,0.0403803132522024
26,"36047022000",0.0387219063604598,0.0571936409247707
26,"36047024200",0.0381653122784834,0.0327598138618685
26,"36047019200",0.0378272434026744,0.0297590525821749
26,"36047047000",0.0364085134947286,0.024150817146993
26,"36047022200",0.0351168198073918,0.035884632119687
26,"36047047400",0.0350509739358745,0.0283974073590331
26,"36047022400",0.035000132154282,0.0510959419137536
26,"36047047200",0.0342673712212091,0.0245548579088119
26,"36047024600",0.0341745179948264,0.0284374954923139
26,"36047023800",0.0338633896901378,0.0477105182378202
26,"36047023600",0.0338523098621576,0.0550404701796946
26,"36047023400",0.0338347873208795,0.0483446375428192
26,"36047024000",0.0338338147987218,0.047788363425992
26,"36047021600",0.0335203369366419,0.0328577404322753
26,"36047021400",0.0334788443564159,0.0217935741396629
26,"36047011400",0.0334442319242609,0.0310785852864963
26,"36047022800",0.033358402925559,0.0294248982672716
26,"36047046400",0.0326438653077435,0.0274026569622815
26,"36047011600",0.0319414588350571,0.0260554601859189
26,"36047021800",0.031457331912325,0.0219063116928545
26,"36047022600",0.0311250481846266,0.0223345867080652
26,"36047024400",0.0309411518035573,0.0277610906854662
26,"36047023000",0.0300890075710175,0.0319008465188722
26,"36047044600",0.0281361519149108,0.0150713789699977
27,"36081091604",0.368806668951267,0
27,"36081091603",0.277021510389015,0.996463853007443
27,"36081091602",0.188111433868347,0.00245329235444667
27,"36081091800",0.166060386791371,0.00108285463811001
28,"36081022001",0.141431988689012,0.213776701444538
28,"36081021400",0.137195484550045,0.19027021715694
28,"36081023200",0.121024520369771,0.139898105426366
28,"36081022002",0.110886362939408,0.159647680349416
28,"36081045400",0.0854915537163759,0.0999137967753223
28,"36081044800",0.076242582320226,0.0516806352881105
28,"36081045200",0.0755444790180351,0.0162486828224447
28,"36081023600",0.0645568414071402,0.0547794162481559
28,"36081045000",0.0618910972483874,0.0305109500099238
28,"36081023000",0.0606603831046398,0.0264669666086929
28,"36081045600",0.0577151204785048,0.0161202363488644
28,"36081038302",0.00647404065063909,0
28,"36081077905",0.00088554550781521,0.000686611521224872
29,"36047037000",0.210633736465326,0.22367893093829
29,"36047036600",0.146511892761827,0.162710469001366
29,"36047061002",0.14144533192584,0.169111703413614
29,"36047061004",0.138806368466682,0.186524435660048
29,"36047036200",0.1074285375327,0.0845152537366318
29,"36047036400",0.0896374670683508,0.0522158741275993
29,"36047036001",0.0592389307438955,0.0428937246635714
29,"36047036002",0.0538111801586426,0.0511157482590266
29,"36047061003",0.0524865548767353,0.0272338601998531
30,"36081107201",0.991187555940014,1
30,"36081107202",0.00881244405998653,0
31,"36005033400",0.992896707697541,0.678833310509548
31,"36005022000",0.00636413715453571,0.254539080641488
31,"36005039700",0.000739155147922963,0.0666276088489641
32,"36005032400",0.189114625508967,0.148472355325951
32,"36005033000",0.145899107751116,0.201042291827651
32,"36005032800",0.144864545743158,0.158710074472964
32,"36005034000",0.11207226040491,0.150032579367115
32,"36005033601",0.0906171755075922,0.106053479983926
32,"36005033202",0.0810048803317144,0.0779220800055611
32,"36005033801",0.0809869673800042,0.0431826490819946
32,"36005033201",0.0805146840930707,0.0864593945865521
32,"36005033602",0.039940050061971,0.0130679010773928
32,"36005033802",0.0332630210451747,0.0139259840763563
32,"36005032600",0.00119979227622555,0.00112677367598389
32,"36005033400",0.000522889896096589,0.00000443651855208673
33,"36047000100",0.202205805835456,0.213366292449666
33,"36047000301",0.19680856896978,0.194128328278475
33,"36047000700",0.171095401947726,0.15909160686743
33,"36047000900",0.157995447147367,0.180980994623908
33,"36047000502",0.0944340198841382,0.0559591440198591
33,"36047000501",0.0819776631785974,0.0815798560095701
33,"36061000900",0.0428235753526901,0.0184502534130429
33,"36061001502",0.031005339327849,0.0569058877174665
33,"36061000700",0.0192192286962678,0.0384709455012641
33,"36047004700",0.00243494966012877,0.00106669111931859
34,"36047054300",0.901232169958832,0
34,"36047021100",0.0952774196728081,0.92014712985447
34,"36047002100",0.00204481303658414,0.0458651704109009
34,"36061000202",0.00144559733177535,0.0339876997346294
35,"36047090800",0.0976504310531135,0.143884982686071
35,"36047092400",0.0828038051134438,0.0669776118180873
35,"36047090000",0.0808551252953989,0.0949276183123964
35,"36047092000",0.0780895201280292,0.0591380961594759
35,"36047091600",0.0709437899836694,0.0942815416673794
35,"36047091000",0.0697045216164871,0.0962285411408613
35,"36047091800",0.0689558628987665,0.0400057119136112
35,"36047090600",0.0644240522533847,0.0661898066443428
35,"36047090200",0.0626927374857058,0.0595624184002347
35,"36047089200",0.0590648918078062,0.0401764492822485
35,"36047089400",0.0566513317177817,0.0470697108771396
35,"36047091200",0.0550318146441509,0.0820118428409806
35,"36047092200",0.0532651372936089,0.0358030794186154
35,"36047089800",0.0507814979699997,0.0278161692540222
35,"36047089600",0.0490854807386537,0.0459264195845336
36,"36047045300",0.137543899500205,0.0651621762107187
36,"36047043900",0.0860141033723648,0.0932570223918131
36,"36047044500",0.0730442360035783,0.0748670008398471
36,"36047043300",0.0723860110615493,0.0757913234502309
36,"36047043500",0.072383152982034,0.0921160229572522
36,"36047043100",0.0723789898843976,0.072680384138295
36,"36047043700",0.0723463752353347,0.0946449761738833
36,"36047042900",0.0723402653514688,0.0870419610170857
36,"36047044300",0.072177047987112,0.0889088587771242
36,"36047040900",0.0707030224018496,0.0714935378470863
36,"36047044700",0.0700392345052319,0.042537080747537
36,"36047042700",0.0637149284046469,0.0678548245581643
36,"36047044100",0.0610985228288558,0.0736425864484483
36,"36047040700",0.00311049695997079,0
36,"36081056100",0.000719713521400348,0.00000224444251380497
37,"36047048500",0.136937302965494,0.107341460056726
37,"36047040700",0.120281731810078,0
37,"36047040300",0.0483583848426205,0.0637167638914687
37,"36047039300",0.0447611704194765,0.05625188262601
37,"36047042300",0.042957143804092,0.0642898855949418
37,"36047042500",0.0395608412816348,0.0354613439633431
37,"36047039100",0.0391773040210779,0.0703647344958186
37,"36047038900",0.0384034909286514,0.0416416388239732
37,"36047041500",0.0383325314964469,0.054540187205159
37,"36047041300",0.038220970177185,0.0487030200980137
37,"36047049302",0.0377825295421905,0.0589333700193006
37,"36047040100",0.0376321631748062,0.0417640790368836
37,"36047039500",0.037570316414571,0.0507580465998983
37,"36047039700",0.0375120379446212,0.0416555889081912
37,"36047042100",0.0361671408157596,0.0563897444426396
37,"36047041900",0.0360667615300283,0.041518556392678
37,"36047039900",0.0356498393568919,0.0441763740694172
37,"36047041700",0.0332756404041929,0.0374577251988348
37,"36047040500",0.0327731232438263,0.0179255030488852
37,"36047041100",0.0313853020635773,0.0273229651647941
37,"36047048900",0.021589246995607,0.0256955903721164
37,"36047028501",0.0196170740891256,0.00382322796897765
37,"36047049301",0.0159879526780457,0.0102683120219287
38,"36081062200",0.142341093092342,0.185223297845459
38,"36081061200",0.0855728452489818,0.0989743200046032
38,"36081053401",0.0846609559696618,0.104788370590239
38,"36081061400",0.0838161283676687,0.0715339602159995
38,"36081061000",0.0790996710236979,0.0655684492962314
38,"36081059200",0.0738305559392121,0.0575788052283768
38,"36081059400",0.0722620230334873,0.0757618447297966
38,"36081060600",0.0700667063998321,0.0518231550916778
38,"36081060800",0.068688206506533,0.0687749154812583
38,"36081059800",0.0673623788952743,0.0716416943580731
38,"36081059600",0.0633180276869317,0.0666634302734213
38,"36081060000",0.0575195276678831,0.0409511934558501
38,"36081059000",0.0514618801684937,0.0407165634290149
39,"36047102802",0.0873617492306295,0
39,"36047096000",0.0558734191034597,0
39,"36047099800",0.0549467739406639,0.0928037515897499
39,"36047103402",0.0527170934065379,0
39,"36047098200",0.0454432664754752,0.0908284487173857
39,"36047097400",0.0331335409164507,0.0403666649754572
39,"36047101800",0.0320488262033141,0.0289241332190364
39,"36047095000",0.0319125287472727,0.0375589845758682
39,"36047095600",0.0312492689021063,0.0577923302955466
39,"36047095400",0.0311733723647012,0.0609387271381595
39,"36047095800",0.0308283731993221,0.04292374186416
39,"36047099600",0.0249689112199779,0.0387835160230227
39,"36047096600",0.0238334132434277,0.0226398970577106
39,"36047096200",0.0234657520425609,0.0155667558753117
39,"36047096400",0.0232222319365271,0.0244374646783622
39,"36047103401",0.0231612981284958,0.0424956114425535
39,"36047099400",0.0228768174649445,0.0175996217954027
39,"36047101000",0.022533222869977,0.0292937934708318
39,"36047099000",0.0215279727689085,0.0160623540313028
39,"36047097000",0.0214938744527057,0.0209813564366771
39,"36047102200",0.0214116636864743,0.0223269178534188
39,"36047098800",0.0212974143001719,0.0295674038687544
39,"36047101200",0.0211437722147245,0.0226022311829816
39,"36047102000",0.0206590915351607,0.0224176206028192
39,"36047098600",0.0204978686401676,0.0242073920542424
39,"36047101400",0.020378544539053,0.0184636423832828
39,"36047102801",0.0202902991697734,0.011730349522589
39,"36047100600",0.0200014222101254,0.0269407711899111
39,"36047096800",0.0195939146398646,0.012098750313488
39,"36047100800",0.0195819950269737,0.0213476260900068
39,"36047102400",0.0188171373562398,0.0174096792934086
39,"36047102600",0.0178617042851183,0.0264465414496067
39,"36047099200",0.0177022024922848,0.0146635235707875
39,"36047100400",0.0173667255151578,0.0212280078198521
39,"36047098400",0.014840996813723,0.0144047599103777
39,"36047101600",0.0147835409575288,0.0141476297079346
40,"36047007700",0.378292838742642,0.430491478521414
40,"36047007500",0.277233441801847,0.251692848332901
40,"36047006500",0.243271202221768,0.282168088621395
40,"36047006300",0.0980846467249927,0.0355745321380817
40,"36047005302",0.00311787050875075,0.000073052386207406
41,"36061021800",0.135709071801867,0.160040580473361
41,"36061022200",0.135321518867113,0.0936199143854028
41,"36061022000",0.130439159145551,0.152796629190253
41,"36061021600",0.129174840643902,0.221541755871025
41,"36061025700",0.107432777654276,0.0918577067416638
41,"36061020000",0.0953589234323627,0.0507042899685415
41,"36061018600",0.0906508391576319,0.106485097986915
41,"36061019000",0.0774176686835025,0.0556459006975709
41,"36061020102",0.062143136091534,0.0496060212889016
41,"36061019702",0.0353052663433479,0.0171962645802803
41,"36061019800",0.0010467981789124,0.000505838816085516
42,"36061023600",0.111280952811213,0.192478104265639
42,"36061024302",0.0892572833456019,0.106637551596342
42,"36061022400",0.0826980490457059,0.0865594502854888
42,"36061022800",0.0765769652888005,0.0685291160289652
42,"36061023200",0.0765493980643938,0.11011313275511
42,"36061021200",0.0747869349154586,0.061210338814442
42,"36061023000",0.073655935533174,0.101220536220517
42,"36061022600",0.0647038505818,0.0574983873854443
42,"36061020600",0.0631294731364957,0.0344230178767556
42,"36061020800",0.0629962830131017,0.0531982090222561
42,"36061021400",0.0572487657209726,0.0264814846135078
42,"36061023400",0.045967695131864,0.0391853761522005
42,"36061022102",0.0419702966589037,0.0154497926615593
42,"36061025900",0.0319784855200278,0.0239941936557426
42,"36061021500",0.02956070503193,0.0178876072346606
42,"36061023502",0.0176389262005568,0.00513370143137025
43,"36061014300",1,1
44,"36085022602",0.46277351877106,0.166508816864854
44,"36085024401",0.154592920919235,0.254012648083578
44,"36085024402",0.131189672764121,0.172343755240386
44,"36085022601",0.128641110090089,0.252263096650147
44,"36085024800",0.12073576289548,0.150890344940004
44,"36085019800",0.00206701456001537,0.00398133822103087
45,"36061000800",0.319029900406662,0.607058075066556
45,"36061002901",0.20971654716275,0.0256394520771809
45,"36061002500",0.189035770005819,0.184066093041717
45,"36061002902",0.178152033939706,0.135372078236957
45,"36061002700",0.0859795254272868,0.0205931170619101
45,"36061001501",0.0152571048171318,0.0254802330636587
45,"36061003100",0.00282911824064543,0.00179095145202052
46,"36005051601",0.717641587831046,1
46,"36005051602",0.282358412168954,0
47,"36005039500",0.268546695071297,0.276183384654769
47,"36005016700",0.134695903736062,0.0951598743166775
47,"36005016500",0.125699084160909,0.0386141927323424
47,"36005038500",0.124710006354029,0.152481631774804
47,"36005014500",0.119066556061222,0.192481099940003
47,"36005014701",0.0906296908887151,0.129415145044384
47,"36005014702",0.0758362090553583,0.0879617718246404
47,"36005016900",0.0608158546724085,0.0277028997123799
48,"36061013900",0.205492413012636,0.334447779326162
48,"36061011500",0.198666147362296,0.128236942151625
48,"36061013300",0.197284611692317,0.198293247179972
48,"36061012700",0.196772581231489,0.202959587271244
48,"36061012102",0.100908529119267,0.0829911282521159
48,"36061012101",0.100875717581995,0.0530713158188809
49,"36047019300",0.141424754310297,0.213088464260534
49,"36047019100",0.132591841981997,0.0914235755992049
49,"36047022700",0.126087978084517,0.138717930510692
49,"36047019900",0.0992715786923738,0.0974193161538894
49,"36047020100",0.0918173523115493,0.083457659415071
49,"36047022900",0.0900993118197852,0.0748611447135952
49,"36047019700",0.0890521686103822,0.0733626834355092
49,"36047023100",0.0835937273941646,0.0671723467796879
49,"36047023500",0.0742247821985863,0.0933857308266446
49,"36047019500",0.0718365045963475,0.0671111483051713
50,"36061013502",0.262006192171818,0.301486429603291
50,"36061012901",0.258943326739841,0.34529705979794
50,"36061013501",0.245887432213433,0.234714447968354
50,"36061012902",0.233163048874908,0.118502062630415
51,"36005046203",0.242222376327529,0.321851179919361
51,"36005046205",0.23642850295338,0.168933754574452
51,"36005046208",0.130731626184018,0.132287024104233
51,"36005046209",0.128590695993144,0.112189519674784
51,"36005030202",0.0839225677801469,0.101756708069961
51,"36005030201",0.0595324023841093,0.0430993211990049
51,"36005046207",0.0499375757339777,0.0641836264286508
51,"36005046204",0.0368908612829363,0.0381569075484736
51,"36005046206",0.0192892342334746,0.0150648939283785
51,"36005027600",0.00646679784694916,0.000195866972322095
51,"36005035600",0.00433935830942768,0.00188355822416696
51,"36005050400",0.00112852516422984,0
51,"36005048401",0.000519475806676846,0.000397639356210498
52,"36047004500",0.401885133314933,0.424136486180902
52,"36047006700",0.368004060799087,0.401730673474231
52,"36047004900",0.23011080588598,0.174132840344867
53,"36081090700",0.429652714855879,0.171634132583891
53,"36081092900",0.203033747823455,0.370506901483719
53,"36081093900",0.139730904581687,0.211877466898196
53,"36081091900",0.0971332715434388,0.132503895632741
53,"36081092500",0.0665745179567523,0.0659054406967214
53,"36081094700",0.0581194377280857,0.0419967050357798
53,"36081088903",0.00366721438447911,0.0044980516920194
53,"36081086900",0.00208819112622292,0.00107740597693208
54,"36047004700",0.467060306050594,0.548335588058108
54,"36047005100",0.315314100599649,0.451664411941892
54,"36061000500",0.217625593349756,0
55,"36047035200",0.224400413246016,0.0815854193824438
55,"36047033600",0.153557903434502,0.173877335957103
55,"36047034800",0.147087595415393,0.105309661366449
55,"36047035400",0.0853902469953435,0.123349094186838
55,"36047033000",0.0812770908867483,0.0912396401404768
55,"36047032600",0.0746460312288041,0.186920850094877
55,"36047032800",0.0528320226980203,0.0366952801521477
55,"36047034200",0.0521548178681671,0.0826811104519534
55,"36047035000",0.0447384765467862,0.0337120252059544
55,"36047035602",0.0388549922198235,0.060802317055469
55,"36047034000",0.0299008181084126,0.0154427380449361
55,"36047035601",0.0151595913519835,0.00838452796135116
56,"36081044302",0.149022505882539,0.146991583318095
56,"36081043702",0.0939361531417137,0.113953119711019
56,"36081041500",0.0929358506696941,0.0753670857107398
56,"36081042700",0.0915776467064088,0.0791126838493936
56,"36081043900",0.0882857451210955,0.0742994712529739
56,"36081041300",0.0851086204925157,0.0793232703178925
56,"36081045500",0.0793928349763588,0.205227868975409
56,"36081043701",0.0778267823921402,0.0547337499981245
56,"36081041100",0.0737883695341901,0.0635951335647656
56,"36081044301",0.071596548410382,0.0612269642260845
56,"36081039901",0.0565230791496907,0.0287016706512343
56,"36081039902",0.0339385010303367,0.0136409100972575
56,"36081074500",0.00284929783741505,0.00247013680780956
56,"36081071900",0.00202741615591876,0.00135635151920231
56,"36081038302",0.0011906484996008,0
58,"36005027401",0.569577530621642,0.653322593163811
58,"36005027402",0.430422469378358,0.346677406836189
59,"36005016300",1,1
60,"36005006000",0.208666626223749,0.0668874671008899
60,"36005015700",0.206277880811137,0.317797717918892
60,"36005012300",0.19617738002585,0.231492006015217
60,"36005016100",0.157628831061791,0.185648917009078
60,"36005015300",0.154738351554752,0.139618836484429
60,"36005015500",0.0754722761552595,0.05700337524784
60,"36005021800",0.000525619728841859,0.000796358864931158
60,"36005011900",0.000513034438620374,0.000755321358723859
61,"36047030500",0.067338239596453,0.115930231933999
61,"36047030700",0.0555628039084422,0.0864734062060679
61,"36047027100",0.0516855314454525,0.0466365654377716
61,"36047038100",0.0499664021494213,0.0634306238999249
61,"36047029700",0.042700170028491,0.0422425840945451
61,"36047035900",0.0378776509841409,0.0635821756820396
61,"36047033900",0.0376927798353674,0.0466762582727965
61,"36047031500",0.0375916163116396,0.0481020642954863
61,"36047024700",0.0374785074429544,0.0235851170638333
61,"36047031300",0.0363480360453732,0.0396495682090087
61,"36047034500",0.034094991570767,0.0227700213209141
61,"36047034300",0.0338091243017663,0.0379910399866956
61,"36047022100",0.0316918688908267,0.0291597856393502
61,"36047031100",0.0316200417748942,0.0276093249792597
61,"36047030900",0.0315290104033759,0.0177533971767741
61,"36047021900",0.0306624540310403,0.03225814363759
61,"36047029900",0.0297499554445813,0.0244622523175158
61,"36047034700",0.0291574835982488,0.0268567061771152
61,"36047031701",0.0291428213232367,0.0309618465112435
61,"36047034100",0.0291427454014712,0.0184618529397668
61,"36047031702",0.029056964408855,0.0260031218796951
61,"36047021700",0.0247893094313332,0.0257853676839104
61,"36047035702",0.0235308480809244,0
61,"36047033702",0.0206345731428847,0.0101608395188455
61,"36047033701",0.0205697379246778,0.0139355146782247
61,"36047034902",0.0194483694509723,0.0163184040310759
61,"36047035302",0.0194349640643105,0.0147129346868097
61,"36047035102",0.0194218320698119,0.0163153320090199
61,"36047034901",0.0145869769043849,0.00837583711869672
61,"36047035101",0.0145810622694644,0.00625050990805548
61,"36047035301",0.0145734326866386,0.00894057360725018
61,"36047035701",0.0145296950777986,0.00860859909671795
62,"36047033300",0.125457139351365,0.122495794847779
62,"36047021300",0.123759473717133,0.120945161771797
62,"36047033500",0.121624317945986,0.0983611738633527
62,"36047032300",0.116531643659225,0.0903651114616061
62,"36047032500",0.11334233877537,0.195032451337801
62,"36047032100",0.107890537722054,0.116440029904478
62,"36047031900",0.102060120256534,0.0752399600618036
62,"36047033100",0.0959274677333253,0.0792167682975047
62,"36047035500",0.0928545332217422,0.101235729207838
62,"36047021500",0.000552427617264166,0.000667819246040969
63,"36047118000",0.227048873905387,0
63,"36047114201",0.0895058709683399,0.058258550231322
63,"36047117400",0.0643361573840568,0.103526319382689
63,"36047118400",0.0617895503170169,0.125383256644184
63,"36047118800",0.0526190704042455,0.105712540603961
63,"36047114600",0.0483815379053562,0.0636738632493606
63,"36047120200",0.0460063664448679,0.0386694434978266
63,"36047117601",0.0459714018806493,0.0585496380427754
63,"36047117202",0.0458207248836192,0.0909371099179898
63,"36047117602",0.0433929458416524,0.0619070611406554
63,"36047117800",0.042843570764602,0.0320118137229506
63,"36047119000",0.042093981203045,0.0315933309506425
63,"36047118600",0.0396569863630002,0.0516747611422611
63,"36047117201",0.038964322010335,0.0321278683196718
63,"36047118201",0.0381328258794859,0.0589081434891284
63,"36047118202",0.037501643186704,0.0518464828174778
63,"36047114202",0.0359341706576371,0.0352198168471043
64,"36081138502",0.277320005542432,0.0080602893553351
64,"36081152901",0.158933214043034,0.281832656008897
64,"36081148300",0.151278041290922,0.142134158342858
64,"36081152902",0.117355190500781,0.242101282047785
64,"36081150701",0.100390852616669,0.0990484610503613
64,"36081147900",0.0976208935191933,0.131042181623458
64,"36081150702",0.0962781694590875,0.0953253529087101
64,"36081156700",0.000823633027880146,0.000455618662596027
65,"36047001300",0.383292598537283,0.297111652211496
65,"36047001100",0.219336798580396,0.106684693255802
65,"36047001501",0.215056117698926,0.302222023440474
65,"36047001502",0.182314485183395,0.293981631092228
66,"36047002100",0.740642162044974,0.844077835921072
66,"36047002300",0.255801847019137,0.152947384844284
66,"36061001501",0.00219373161431173,0.00297477923464402
66,"36047054300",0.00136225932157712,0
67,"36047015400",0.24998365773834,0
67,"36047015200",0.0723337684674894,0.0912543002846346
67,"36047016600",0.0720583185325622,0.0872213893756316
67,"36047021200",0.051516250246545,0.0892428912851397
67,"36047019600",0.0508376849772154,0.108253001908774
67,"36047019400",0.0481532510752477,0.0872039543216666
67,"36047020600",0.0459951225249993,0.0655134361084692
67,"36047013200",0.0417875930493106,0.0479840261513618
67,"36047021000",0.0404877764069512,0.0844773120173393
67,"36047014000",0.0394984107266964,0.0389039807357429
67,"36047020800",0.038685374311507,0.0547400794848432
67,"36047020000",0.0364008110137484,0.0467830580108134
67,"36047020200",0.0363954504115256,0.0343665730593922
67,"36047020400",0.0363850250274664,0.0407598466227849
67,"36047019800",0.0363664797045119,0.0364591690164678
67,"36047014800",0.0360494976296412,0.0244444982697173
67,"36047015000",0.0360124903865301,0.0284595977610357
67,"36047012801",0.0310530377697124,0.0339328855861855
68,"36061009300",0.172098348367942,0.306976562194587
68,"36061011100",0.168499714582706,0.148124987921496
68,"36061010300",0.167335032329126,0.10647736744775
68,"36061008300",0.167097228762953,0.112686904682105
68,"36061009700",0.165971599853336,0.150981749860233
68,"36061008900",0.158998076103937,0.174752427893829
69,"36005006100",0.129919475988367,0.104514657072513
69,"36005022500",0.0959326332750749,0.18417231330916
69,"36005017100",0.0914132874908958,0
69,"36005017300",0.0884271417346494,0.111190676062008
69,"36005017500",0.0813376770776524,0.12165933632645
69,"36005017702",0.0755793626219807,0.0944219334499288
69,"36005014300",0.0695790184670743,0.0273636373344666
69,"36005018302",0.0602424917362952,0.0473980281309436
69,"36005017701",0.0571830367299067,0.0736648981534546
69,"36005018102",0.0518577934839488,0.065925587598373
69,"36005018101",0.0414270119574034,0.0284989458838589
69,"36005017902",0.0412489887007298,0.0298440571272587
69,"36005017901",0.04116874319585,0.0488372414320023
69,"36005005902",0.0380635426229055,0.0274393770779461
69,"36005018301",0.0358729585635231,0.0336893840677656
69,"36005019500",0.000746836353743305,0.00137992697386941
70,"36081035700",0.329984017104633,0.473574304028346
70,"36081037300",0.129572854902127,0.101171884530999
70,"36081036700",0.10701373723103,0.10133934260667
70,"36081037100",0.0984656098902046,0.0484807751202958
70,"36081036500",0.090716083599913,0.0962672602382022
70,"36081036100",0.0859445226797858,0.0723196368922881
70,"36081035300",0.0847677301228768,0.0586115451882894
70,"36081036300",0.0735354444694305,0.0482352513949105
71,"36047085200",0.110563458672781,0
71,"36047093200",0.078037733508001,0.052935752133132
71,"36047083600",0.0579369192915523,0.0498226892052824
71,"36047083000",0.0561510457492663,0.138070447115174
71,"36047081600",0.0499785718840281,0.0626703867182753
71,"36047086000",0.0485938222344859,0.0553313456300856
71,"36047081400",0.0473626943679879,0.0552639031595228
71,"36047084000",0.0473294643905962,0.0456653560859738
71,"36047078200",0.046830165983157,0.0829381145318949
71,"36047078400",0.0465853665712865,0.0497329278819863
71,"36047083800",0.0464548681014529,0.038881553067338
71,"36047078000",0.0457846616160899,0.0430635512665252
71,"36047085600",0.0439640162760689,0.0602354216233937
71,"36047087000",0.0433392394469093,0.0564677340600438
71,"36047087200",0.0409593874872791,0.0555151392510617
71,"36047083200",0.0405095898138035,0.0367675440823193
71,"36047085000",0.0402462779620764,0.0241255932346833
71,"36047085800",0.038494454808422,0.0325525894762822
71,"36047085400",0.0358277563420073,0.0320212566664616
71,"36047083400",0.0350505054927483,0.0279386948105641
72,"36047094600",0.095094409828684,0.0496743359981896
72,"36047089000",0.081702925832028,0.184830130250862
72,"36047088200",0.066901657547104,0.128883059000161
72,"36047088800",0.0662379095517874,0.0738679972965075
72,"36047093000",0.0639162192291909,0.0562618808447635
72,"36047088600",0.0592743714152398,0.0758350630497616
72,"36047093400",0.05850500133903,0.0375116027412209
72,"36047086800",0.0574638129732271,0.050006235131419
72,"36047088400",0.0549676597679472,0.0843901169022613
72,"36047084600",0.0543737235309617,0.0326668019752961
72,"36047093600",0.054338271764694,0.0244921365718836
72,"36047092800",0.0517221181250551,0.0406032534260825
72,"36047086600",0.0514984681097902,0.045300865015947
72,"36047086400",0.0494699367432729,0.0323602615269377
72,"36047086200",0.0461305417719703,0.0357105584976716
72,"36047084800",0.0452473532894827,0.0192741126604062
72,"36047093800",0.0431556191805344,0.0283315891106288
73,"36081120701",0.138330193015852,0.212835087707977
73,"36081120702",0.114266065951553,0
73,"36081119100",0.0795463814603127,0.125907167844329
73,"36081119300",0.0772585660965586,0.0961740144276928
73,"36081118900",0.0739129779661283,0.0762508142318767
73,"36081120500",0.073908219451932,0.0969049147618333
73,"36081119500",0.0691620619768218,0.046309306677664
73,"36081118700",0.0684214231668385,0.0842657183967235
73,"36081119900",0.0673299641171968,0.0556007419405527
73,"36081120300",0.0672388169061926,0.0512314150391402
73,"36081120100",0.0595395964597301,0.0452188868159987
73,"36081118500",0.0565603044157988,0.0555429602923489
73,"36081086100",0.0545254290150844,0.0537589718638629
74,"36061024200",0.151727194931218,0.164699877363348
74,"36061017800",0.108705304803393,0.0764061120188189
74,"36061019800",0.0992390203139717,0.0462621629607684
74,"36061018000",0.0933911196622525,0.12102016978977
74,"36061021000",0.0884256879255667,0.107559577852671
74,"36061019200",0.083234845656783,0.0597707075703402
74,"36061018200",0.0777337063029011,0.104857988361192
74,"36061018400",0.0777154852861867,0.118669803432807
74,"36061019600",0.0776707322874752,0.0600721835727484
74,"36061019400",0.0768587945345146,0.0838868297661871
74,"36061018800",0.0652981082957374,0.0567945873113476
75,"36061016200",0.175705277608085,0.250004814318078
75,"36061016800",0.129214323380943,0.0994431810452985
75,"36061017000",0.11827281851633,0.15873433598603
75,"36061017200",0.11484777342299,0.0987139721448775
75,"36061016400",0.114796948073955,0.145639446317129
75,"36061016600",0.112431755227177,0.11823056969537
75,"36061015602",0.0702679099849209,0.0240728517873232
75,"36061017401",0.0651971720751684,0.0529626455661985
75,"36061016002",0.0332494827012209,0.0161573147257166
75,"36061015802",0.0331274179118991,0.0215449176621133
75,"36061017402",0.0328891210973111,0.0144959507518657
76,"36047107002",0.155905665458307,0
76,"36047107001",0.112075636637545,0.151718180775716
76,"36047122000",0.0981439941888907,0.198804682212199
76,"36047109800",0.0785302881702976,0.0534267629347469
76,"36047110400",0.0682406432018626,0.102798435927619
76,"36047107800",0.0465672301129455,0.0501394642864785
76,"36047111600",0.0459386624502101,0.0507138871258429
76,"36047119800",0.0301436912543569,0.030691758194079
76,"36047119600",0.0281024061489211,0.0486850519121648
76,"36047119200",0.0206921358502234,0.0232927047656321
76,"36047107003",0.0197838210075403,0
76,"36047120801",0.0185260812230672,0.0259485914160416
76,"36047119400",0.0167874948950447,0.0234258819141469
76,"36047116400",0.0167011606565616,0.0190469447219315
76,"36047112400",0.01635857058467,0.0160208528106428
76,"36047121400",0.0159289103186942,0.0208246991526275
76,"36047112000",0.0158753358263834,0.0149450100130432
76,"36047110600",0.0157345937848904,0.0187698144861009
76,"36047115200",0.0152811616867057,0.011326102534732
76,"36047111800",0.0149537707026993,0.0167768199442542
76,"36047121000",0.0146704357714176,0.0158893411380452
76,"36047116600",0.0146616042290236,0.0127361069842597
76,"36047115000",0.0145553152808323,0.0124919503418807
76,"36047120803",0.0142341095650093,0.00556785159111208
76,"36047117000",0.0141332699009628,0.00799366684252965
76,"36047116000",0.0139272001046895,0.00976568607382237
76,"36047120000",0.0138480275481479,0.0117244291970433
76,"36047116800",0.0132388411069337,0.0102074772867331
76,"36047116200",0.013192287666674,0.00982756143389761
76,"36047111000",0.0115222933874615,0.00996233923166053
76,"36047120802",0.0108384804925376,0.0164779447510171
76,"36081089202",0.000906880786493199,0
77,"36047114400",0.238071742606484,0.175849600809662
77,"36047113200",0.108693074835816,0.0873759933897891
77,"36047113000",0.107563945938114,0.147228941093321
77,"36047112800",0.10222849332895,0.122567697661303
77,"36047112600",0.0934970921046047,0.125580647651678
77,"36047112200",0.090077680807123,0.096109288504752
77,"36047115600",0.0887282728588116,0.111114972866723
77,"36047115800",0.086007950387813,0.066308247443774
77,"36047113400",0.085131747132284,0.0678646105789983
78,"36005037504",0.134319324057423,0.132740522678245
78,"36005036300",0.123557589492464,0.204583371213007
78,"36005022000",0.116695886971729,0.0537701031815564
78,"36005037100",0.110601092005013,0.114827382854893
78,"36005037300",0.096830957926798,0.147817368422695
78,"36005036100",0.091736010344201,0.105899075162535
78,"36005035900",0.0752150076891131,0.0717020342868636
78,"36005036901",0.0554771503070921,0.0246883489338382
78,"36005036502",0.0545797575736117,0.0307239636841851
78,"36005036501",0.0537777008490941,0.0567459917548796
78,"36005036700",0.0522449586477386,0.0349521035473045
78,"36005036902",0.0349645641357229,0.0215497342799968
79,"36061003200",0.214369940074221,0.278901005912668
79,"36061003800",0.200199825614238,0.241127432286635
79,"36061003400",0.157695198454911,0.182317307211637
79,"36061004001",0.0913811304312099,0.0499377322946392
79,"36061003602",0.0882396399480461,0.0502642402058488
79,"36061004002",0.085647803230015,0.0887927421007505
79,"36061004200",0.0852198847123169,0.0724637488654708
79,"36061003002",0.0772465775350421,0.0361957911223505
80,"36047044902",0.480790028132312,0
80,"36047044901",0.10589256269046,0.152670698549163
80,"36047047700",0.0598891298259184,0.124604244027246
80,"36047049100",0.0586406708117918,0.193473141442124
80,"36047050100",0.0474777152583598,0.0778803903950252
80,"36047050500",0.0466054458797581,0.101990490838566
80,"36047049700",0.0453169708179956,0.0808816094422347
80,"36047051100",0.0437488570649837,0.0886766486759705
80,"36047048100",0.041640517673323,0.0665584218056608
80,"36047049500",0.0355228277728401,0.0619485404767356
80,"36047050300",0.0344752740722567,0.051315814347274
81,"36005045600",0.229802604568034,0.189265205205757
81,"36005035800",0.174444845547351,0.26991196852486
81,"36005048401",0.134680841550855,0.121540642888103
81,"36005038600",0.109504555572614,0.203430470600696
81,"36005035600",0.103623587451154,0.0530278272584987
81,"36005046000",0.0769687039515611,0.049970659506646
81,"36005045800",0.0641856799146774,0.0821970186171165
81,"36005036400",0.0544592737029951,0.0290935820791498
81,"36005048402",0.0508705624799159,0
81,"36005031000",0.0014593452608414,0.0015626253191732
82,"36081049900",0.151875553878352,0.170169910242019
82,"36081047500",0.092342846049534,0.101142624798678
82,"36081068300",0.0805783462643369,0.0715611844911338
82,"36081026700",0.0690645980961457,0.078864745271467
82,"36081047300",0.0641019499215776,0.0594952130288355
82,"36081046300",0.0523688506382555,0.0460616206845157
82,"36081047100",0.0517955685440644,0.0480959047634244
82,"36081045700",0.0495980063688802,0.0345631865876732
82,"36081046700",0.046802986256042,0.0693679524494123
82,"36081048100",0.045811416048096,0.0656631079482883
82,"36081045900",0.0451002670977293,0.0343398565817206
82,"36081046500",0.0427552155412423,0.0387938832726161
82,"36081026901",0.0376619262275702,0.0373450073022108
82,"36081046100",0.0375481236863417,0.0225019622215524
82,"36081027101",0.0296271853859037,0.0350628727535151
82,"36081026902",0.0258663475053793,0.025167632080917
82,"36081046902",0.0252753700586862,0.0175693161115891
82,"36081046901",0.0246069782158481,0.025255957431861
82,"36081027102",0.0161720692312518,0.00935196502894658
82,"36081068700",0.00450564566668463,0.00434253239387905
82,"36081071702",0.00345725557721179,0.00336462280068647
82,"36081050700",0.00217057541344119,0.00156959086460787
82,"36081050500",0.000912918327425205,0.000349350890450586
83,"36081024300",0.268979163557144,0.353906840191572
83,"36081047900",0.193033168884452,0.273232927229701
83,"36081048900",0.17775857397567,0.0766682987410509
83,"36081048500",0.155563652473366,0.190006573882897
83,"36081048302",0.0658866313374793,0.0265774274871131
83,"36081026501",0.0524638596229431,0.0373152138998674
83,"36081048301",0.0424138905648203,0.0205128434250144
83,"36081026502",0.033535989720698,0.010962308153918
83,"36081026300",0.00505130994664914,0.00540397550108213
83,"36081024500",0.00218586253244813,0.00261699601920428
83,"36081047300",0.00192564424722559,0.0019168427320582
83,"36081024700",0.000648409251503318,0.000229146873667782
83,"36081047500",0.000553843885602059,0.000650605862853352
84,"36085019800",0.433223918540438,0.537542225230456
84,"36085017600",0.253139240474705,0.220891408431293
84,"36085017005",0.106184367564068,0.0811312101226581
84,"36085017012",0.070282857263017,0.0636311870736827
84,"36085015602",0.0673565177495215,0.041503556199154
84,"36085017011",0.0550018575298734,0.044058163778586
84,"36085017009",0.00835116573011541,0.00687986226702516
84,"36085017016",0.00415924549373087,0.00313227293179745
84,"36085017015",0.00230082965453073,0.001230113965347
85,"36047079400",0.164683755095731,0.115802626014667
85,"36047082400",0.158880613881124,0.242001292385563
85,"36047082600",0.147559274683257,0.180770436064198
85,"36047081800",0.117032575594602,0.161355599694584
85,"36047082800",0.115939808836816,0.12418532226636
85,"36047079002",0.0904789770858659,0.074433197222093
85,"36047079201",0.0805653132981471,0.033090935853148
85,"36047079202",0.0800243295159747,0.0461874702557492
85,"36047079001",0.0448353520084822,0.0221731202436383
86,"36081103202",0.141826530166034,0.188652740765053
86,"36081100804",0.137594822486001,0.123536457320177
86,"36081100801",0.127346462345989,0.0627034196682164
86,"36081101004",0.113734668985143,0.121467357025857
86,"36081101002",0.107047387144154,0.11066787051011
86,"36081099801",0.0908946097951943,0.138723878765479
86,"36081099802",0.0862180168717011,0.0783860236563189
86,"36081103201",0.0796858728374784,0.0848610087104559
86,"36081100803",0.0691194743144785,0.055323200790576
86,"36081101003",0.0465321550538264,0.0356780427877572
87,"36061000700",0.545511564388179,0.566966730054859
87,"36061001502",0.45349663441652,0.432166889235472
87,"36061001501",0.000991801195300721,0.0008663807096696
88,"36061000900",0.997465488540014,1
88,"36061031900",0.00253451145998561,0
89,"36047077200",0.0961858402197271,0.0802180905039642
89,"36047152200",0.0927566568792832,0.0734499312574443
89,"36047051800",0.0479638999349166,0.0442128081361214
89,"36047048200",0.0468877330320268,0.0711212295434998
89,"36047046000",0.046586908946124,0.0379539044889591
89,"36047052000",0.0454547082155843,0.0433825948820231
89,"36047051400",0.0430804768194675,0.0844699535228472
89,"36047052800",0.0418087421169422,0.0200480207734555
89,"36047052600",0.0403039004208001,0.0431448149384796
89,"36047050600",0.0391446500731759,0.0556838136523503
89,"36047077000",0.0389204893935686,0.0294122947829851
89,"36047076400",0.0384616738253023,0.0449784420216122
89,"36047048000",0.0363268000083473,0.038146761377926
89,"36047077400",0.0352932367760654,0.027880009747685
89,"36047051200",0.0332912930517178,0.0563527807055939
89,"36047046201",0.0305274870650997,0.0191777133506829
89,"36047051601",0.0275788792651072,0.0370047595144429
89,"36047051002",0.0254639485564007,0.02543834852594
89,"36047050804",0.0245395690977764,0.0442735729504402
89,"36047078801",0.022120441711216,0.0101922324297431
89,"36047051602",0.0216503109316882,0.0204632518869279
89,"36047078601",0.0205721556952799,0.0124147677256622
89,"36047078602",0.019969676857819,0.0114214855428407
89,"36047076600",0.0196124332803991,0.0113344528688914
89,"36047050801",0.0186481472726249,0.0198206671888448
89,"36047051001",0.0183041831186354,0.0223310437140531
89,"36047078802",0.0152193567850565,0.0074055130365032
89,"36047050803",0.0133264006498481,0.00826674093008073
90,"36061009100",0.345135948054225,0.372957685880527
90,"36061008100",0.335967324036286,0.343728760723264
90,"36061008700",0.318896727909489,0.283313553396209
91,"36047094401",0.071866946810001,0.0968179157357866
91,"36047072600",0.0545311118383253,0.0621577399411777
91,"36047072200",0.0509688741808556,0.048747804165065
91,"36047072800",0.0420112558420705,0.0565072332432706
91,"36047068200",0.0400635067815644,0.0496830674060172
91,"36047074600",0.0399583369523844,0.0406546472205404
91,"36047072400",0.0380777676386762,0.0257625632482648
91,"36047067400",0.0375433092792973,0.0305740441377907
91,"36047077600",0.0369563810946975,0.0543589554377979
91,"36047073000",0.0366480010247232,0.0329716954183663
91,"36047069200",0.0359576820776849,0.0352957744571007
91,"36047073800",0.0357375349457044,0.0536180937869953
91,"36047073600",0.0352563992977726,0.0438871776269477
91,"36047074200",0.0345286591134193,0.0370599439986821
91,"36047067200",0.0344136101632969,0.020391392733134
91,"36047069000",0.0342620013921458,0.024379409562695
91,"36047074400",0.0337941669846655,0.0381745683550338
91,"36047068000",0.0334550871842602,0.0251039703972189
91,"36047065000",0.0329283677764134,0.0180644848422385
91,"36047067800",0.0329114310280605,0.0360682672777986
91,"36047074000",0.0321691386275448,0.0451079972187519
91,"36047073200",0.031700397760878,0.0253830258968097
91,"36047072000",0.0313182912132646,0.0224183901639905
91,"36047068800",0.0310374801256331,0.0209727818919156
91,"36047067600",0.030784502597706,0.0198300357339977
91,"36047073400",0.0299384579918891,0.0145851177755748
91,"36047094402",0.0211813002770652,0.0214239023270382
92,"36081086900",0.172275585499943,0.0782527880489362
92,"36081087100",0.125759575987869,0.155792203251934
92,"36081088903",0.0998708318657458,0.107843446965014
92,"36081088902",0.0815053189075382,0.118863648704585
92,"36081079702",0.0812763506440695,0.0676273929941277
92,"36081084901",0.0573490541434521,0.0399691510626255
92,"36081085300",0.0555730379498051,0.0615520178580746
92,"36081084500",0.0537689339227249,0.0550145011780125
92,"36081116100",0.0499874849320961,0.0415585484556357
92,"36081086500",0.0450083249199581,0.0483121973058573
92,"36081085900",0.0415234714901687,0.0532114974873853
92,"36081085700",0.0376662372075098,0.050238673008802
92,"36081085500",0.0371505397356073,0.0494911845700969
92,"36081079701",0.0317052798264464,0.0477504222124295
92,"36081084902",0.0283236283208678,0.0245223268964828
92,"36081038302",0.0012563446461983,0
93,"36081038302",0.998827543700198,0
93,"36081037100",0.000592702124139763,0.339289578141798
93,"36081084901",0.000579754175662337,0.660710421858202
94,"36005023900",0.303297598641701,0.490050252434312
94,"36005023703",0.169990907001278,0.158543238758156
94,"36005038301",0.163450387326636,0.139962448295061
94,"36005038303",0.128457393381289,0.0884719035450014
94,"36005038304",0.119449655673433,0.0501201542466189
94,"36005023704",0.115354057975663,0.0728520027208514
95,"36081072300",0.0875192045888962,0.0527896237664783
95,"36081071100",0.0683354889228738,0.104571354204346
95,"36081074900",0.066686421452307,0.0287059401451831
95,"36081075702",0.0653919810276918,0.090996861965105
95,"36081064500",0.0588183502300587,0.0315081362208384
95,"36081074700",0.0549018120117043,0.053699698022421
95,"36081073900",0.0416978560331125,0.060052675309285
95,"36081070700",0.0413280452855736,0.0274978372296685
95,"36081070900",0.0408958288636157,0.0300464728809641
95,"36081073700",0.0392402339237849,0.0217711529882106
95,"36081075701",0.0367400924152584,0.0491149729664518
95,"36081072900",0.0360622471147712,0.0134727872963975
95,"36081074300",0.0360304554684118,0.0378456452489149
95,"36081073100",0.0350954500946994,0.0160770893599699
95,"36081071306",0.033646462775477,0.0642996250300243
95,"36081076901",0.0334054589944714,0.0483941245832049
95,"36081074100",0.0319964603233936,0.0263732151264862
95,"36081074500",0.0314944483456995,0.0357758097507652
95,"36081072100",0.0314492871727984,0.0467552350561769
95,"36081071900",0.0301463849325792,0.0264263330103956
95,"36081071304",0.0290638699233651,0.0490549997914779
95,"36081071303",0.0263486744468537,0.0371278453381026
95,"36081071305",0.0249449014566279,0.0398161049243041
95,"36081076902",0.0187605841959748,0.00782645978482834
96,"36081056100",0.564183275780514,0.573233701763774
96,"36081064102",0.434355093980091,0
96,"36081064101",0.000741144076145313,0.146088449314517
96,"36081056700",0.000720486163249461,0.280677848921709
97,"36047021100",0.114694153356779,0.102550611772352
97,"36047018100",0.11055332111597,0.138949684860748
97,"36047003300",0.107357947198668,0.142535448244295
97,"36047017900",0.103355580810042,0.139151063746039
97,"36047003101",0.0983118851293231,0.128911535866628
97,"36047018300",0.089587037169287,0.0813416530805226
97,"36047003102",0.08895500994744,0
97,"36047003500",0.0868102588967361,0.0608546348835111
97,"36047018501",0.0721009012354583,0.106354356629205
97,"36047002901",0.0707243609183174,0.0723187616378844
97,"36047018700",0.0556335090428904,0.0242806817908732
97,"36047012902",0.00105027538582147,0.001291988370416
97,"36047001502",0.00086575979326702,0.00145957911752456
98,"36081128300",0.431381382983004,0
98,"36081133300",0.151678240317079,0.276566514700635
98,"36081134702",0.134263647542435,0.285510353383462
98,"36081134100",0.129268867401232,0.173291676376672
98,"36081134701",0.101448454523822,0.22891472584897
98,"36081133900",0.049644049337379,0.0332868689521101
98,"36081049201",0.00155654862086283,0.00185876290412734
98,"36081047600",0.000758809274186015,0.000571097834023495
99,"36085022802",0.584554013511318,0
99,"36085022801",0.410860872645811,0.49703767871974
99,"36085029102",0.00458511384287125,0.50296232128026
100,"36061010900",0.500056764225567,0.604705439029826
100,"36061011300",0.499943235774433,0.395294560970174
101,"36081157901",0.215332308682363,0.282840761012876
101,"36081157902",0.170217302643947,0.16252067783143
101,"36081155103",0.16945202228294,0.190227417337165
101,"36081155104",0.166823028208976,0.140154179001978
101,"36081157903",0.160632653576985,0.152952761231497
101,"36081155101",0.112130660748132,0.0632299770868509
101,"36081152902",0.00320101873785125,0.0054217626450691
101,"36081152901",0.00164542670548976,0.00239559107977864
101,"36081156700",0.00056557841331524,0.000256872773354688
102,"36081063700",0.248271356621628,0.279889264649748
102,"36081056700",0.111714937230588,0.167716214392749
102,"36081063900",0.0866624601706421,0.0880281766607891
102,"36081062500",0.0713597373887546,0.0614009294072934
102,"36081063500",0.0681052495252975,0.059000635016428
102,"36081057700",0.0677812344196026,0.0868303079314385
102,"36081062900",0.0662171688202559,0.0710634116788584
102,"36081062700",0.0565399467941606,0.0522284138687548
102,"36081062300",0.0563867554337911,0.0388397933738732
102,"36081063302",0.0497737702307791,0.0302406963458268
102,"36081063301",0.0484937522990205,0.0250641244989716
102,"36081056500",0.043375647195945,0.0261835946070113
102,"36081057900",0.0247823537311247,0.0135123402814569
102,"36081056100",0.000535630138409857,0.00000209728680094529
103,"36061000500",0.807245720500861,0.807245720500861
103,"36061000100",0.192754279499139,0.192754279499139
106,"36047011901",0.438571930729828,0.420321549700733
106,"36047011902",0.230642265410265,0
106,"36047011700",0.188202405037382,0.365453553646569
106,"36047012100",0.138778728198789,0.208192295968827
106,"36047001801",0.00320456703885342,0.00353925183432325
106,"36047007700",0.000600103584882279,0.00249334884954691
107,"36061006400",0.257029022896579,0.305266515436477
107,"36061004800",0.255225720402145,0.273435887467663
107,"36061006800",0.249501696812025,0.246523413862767
107,"36061005000",0.238243559889252,0.174774183233093
108,"36047030800",0.229665090964139,0.131913561199972
108,"36047031401",0.150626212808164,0.237145761506314
108,"36047031402",0.13479566299865,0
108,"36047037402",0.10439433025322,0.195510123807655
108,"36047038600",0.0863461568069339,0.0841896441778073
108,"36047038200",0.0805893103895923,0.134964697706167
108,"36047037401",0.0772998398551679,0.117885254088978
108,"36047039800",0.0697286635884677,0.0577958046146169
108,"36047030600",0.0665547323356654,0.0405951528984899
109,"36085014606",0.212565614594452,0.232560616049433
109,"36085015601",0.171894940546502,0.181183141201305
109,"36085014604",0.135585999661163,0.161885985886392
109,"36085013203",0.124080891474676,0.153747678577086
109,"36085015603",0.11384791781896,0.104608595098982
109,"36085014605",0.106016261388052,0.0669677332595959
109,"36085014607",0.0820822651376554,0.0661899345858078
109,"36085014608",0.0539261093785402,0.0328563153413984
110,"36085015400",1,1
111,"36047017500",1,1
112,"36047057902",0.150250051218276,0
112,"36047056100",0.101373276353988,0.154970901760656
112,"36047057901",0.0748853156138747,0.0468067218543766
112,"36047056500",0.0723811398613963,0.099698857422347
112,"36047058902",0.0680168445021993,0
112,"36047058901",0.0614691053428547,0.0534387062370801
112,"36047059100",0.0584244641047836,0.0954490134216745
112,"36047056302",0.0580800575177725,0.0587997653906973
112,"36047059300",0.0573233661202828,0.0632470143696762
112,"36047057500",0.0553038075169516,0.105073892874112
112,"36047056301",0.0547272034096476,0.106059757399789
112,"36047057100",0.053612170903713,0.0869443713838029
112,"36047057300",0.0518651658046428,0.0583182448552859
112,"36047049900",0.0433426531554238,0.0444351799889174
112,"36047056900",0.0389453785741933,0.026757573041586
113,"36061006300",0.327703559556009,0.386228362856941
113,"36061006100",0.261178550452757,0.284304296836378
113,"36061005900",0.213643311227781,0.223859323671011
113,"36061005700",0.19645008592114,0.104530131561071
113,"36061004200",0.00102449284231362,0.00107788507459765
114,"36061006500",0.456249317955368,0.559707571140739
114,"36061005501",0.281959558391548,0.331094184041413
114,"36061005502",0.261791123653084,0.109198244817848
115,"36085004700",0.252571563648966,0.240091560474991
115,"36085003300",0.24388713482274,0.30120581100523
115,"36085003900",0.166720338569298,0.119360253093006
115,"36085004004",0.0977050266016923,0.121078332932602
115,"36085004002",0.092451980789904,0.0720461615612536
115,"36085004001",0.0869006478321455,0.0782811865126794
115,"36085004003",0.0597633077352545,0.0679366944202377
116,"36061023700",0.179491258978575,0.153255264790775
116,"36061022500",0.174421560206918,0.252642139352885
116,"36061023300",0.155717191358375,0.146695892752958
116,"36061022900",0.140433244737942,0.138313371426192
116,"36061023100",0.121956380330627,0.111226067676736
116,"36061023501",0.119855912528893,0.115042615177971
116,"36061022700",0.100764807547325,0.0758566463305373
116,"36061022301",0.00545934475723037,0.00504462863613815
116,"36061024100",0.00190029955411375,0.00192337385580699
117,"36081096400",0.149227400367212,0.224666117252863
117,"36081097207",0.144347142671401,0
117,"36081095400",0.141094631820719,0.222292740029704
117,"36081094202",0.123015674780949,0.151697003276372
117,"36081099200",0.101317991659511,0.096854968983756
117,"36081097202",0.100291246443518,0.0765184074127449
117,"36081094203",0.0885285014689308,0.111246459905613
117,"36081097204",0.0681439984218327,0.0635731254277565
117,"36081097206",0.0533834821954003,0.0308486372514543
117,"36081097205",0.0306499301705258,0.022302540459736
118,"36085027900",0.315180712277301,0.191523628926505
118,"36085018100",0.304550914041939,0.310077465997565
118,"36085017701",0.171922073494504,0.206509522526484
118,"36085027702",0.0849807932515914,0.148115477093453
118,"36085017702",0.0341360535955111,0.0204438469998067
118,"36085027704",0.0313371262153442,0.0458684477749756
118,"36085027705",0.0309665011991013,0.0536044746636741
118,"36085027706",0.0255208895832989,0.0224318717930122
118,"36085016901",0.0014049363414098,0.00142526422452521
119,"36005018900",0.238443697979929,0.339454500360906
119,"36005020100",0.180030494608047,0.11953639601124
119,"36005019300",0.157253526074493,0.161548191421554
119,"36005019900",0.115819520535698,0.137042999652324
119,"36005021302",0.11015096063081,0.112189134155143
119,"36005021100",0.0999261228698562,0.102189242351791
119,"36005021900",0.0942820348082049,0.0242264409269528
119,"36005020501",0.00236414658485906,0.00342812218762432
119,"36005021301",0.00172949590810281,0.000384972932465851
120,"36061031100",0.991347702089023,0
120,"36061029900",0.0071285928249904,0.70283527820339
120,"36061027700",0.00100377516498719,0.180475724470348
120,"36061028300",0.000519929920999883,0.116688997326262
121,"36081126700",0.213382920261641,0.211199592546187
121,"36081124100",0.138282421404985,0.12075430760682
121,"36081122300",0.135744361721624,0.0981923567853668
121,"36081124700",0.134082523837292,0.119813282252379
121,"36081122702",0.123573152770004,0.175303570081143
121,"36081122703",0.121261847774753,0.163352817737833
121,"36081122704",0.0726257503134035,0.0832159438206236
121,"36081126500",0.0555406417041058,0.0264582993736611
121,"36081045200",0.0024603799415266,0.000512112679057534
121,"36081045000",0.0018107510871211,0.00086384181497585
121,"36081045600",0.00123524918354443,0.000333875301951684
122,"36081048400",0.195160627765659,0.360632669309391
122,"36081050000",0.15781876794696,0.261652239553563
122,"36081048200",0.107208326140646,0.0525534614181747
122,"36081050800",0.103262234939683,0.0785734916737133
122,"36081050400",0.101729494354617,0.0659197524070664
122,"36081050600",0.0968907710933946,0.0544879372825372
122,"36081051000",0.0869368513581249,0.0484351104460981
122,"36081050201",0.0791073842971638,0.0401686201721307
122,"36081050202",0.0718855421037527,0.0375767177373251
123,"36047042200",0.0814630323578173,0.0906445516729248
123,"36047038800",0.0710398321320917,0.133776894859743
123,"36047055600",0.0693536877370246,0.0818059803297108
123,"36047039400",0.0689436681922946,0.0547888971772887
123,"36047058400",0.067653617103638,0.0853936145417568
123,"36047039200",0.0625409559586315,0.0680057229154698
123,"36047039000",0.062412370897365,0.058863954658026
123,"36047055400",0.0607466224820597,0.0852448426989321
123,"36047042000",0.0606875484688011,0.0354823646520293
123,"36047041800",0.0591233929152502,0.0488775189208284
123,"36047039600",0.0586113257855549,0.0352169185445584
123,"36047041600",0.0583435172951595,0.0366158734760157
123,"36047058200",0.0579591851045491,0.0527065706074854
123,"36047058800",0.0573009431828576,0.0713385494578023
123,"36047041402",0.0553328829744364,0.0401378310697728
123,"36047041401",0.0484874174124688,0.0210999144176558
124,"36081089201",0.299335939265513,0.397611474390355
124,"36081088400",0.255989263034743,0.335520180948872
124,"36081006202",0.194892243982369,0.208073358532053
124,"36081089202",0.180550115489871,0
124,"36081006201",0.0679118260040531,0.0580870389910819
124,"36081008800",0.00132061222345085,0.000707947137638145
125,"36061003700",0.997125363056575,0.997771129234208
125,"36061006900",0.00287463694342502,0.00222887076579182
126,"36005009302",0.384192179943297,0.0768971252174297
126,"36005011702",0.251581964752955,0
126,"36005009301",0.123859032703915,0.447165657163706
126,"36005011502",0.0749242819466746,0.184985729455096
126,"36005011701",0.0484169878129547,0.038337873689496
126,"36005011900",0.036171532585812,0.133426247079944
126,"36005008900",0.0236882285543912,0.0438306849503475
126,"36005012701",0.0236140277406527,0.0315439903222709
126,"36005015900",0.0223746816467871,0.0337912187151671
126,"36005012102",0.0111770823125602,0.0100214734065422
127,"36061029900",0.459310129659472,0.297071529206295
127,"36061029100",0.140026743612002,0.278724308522974
127,"36061029300",0.117305220827397,0.172083165572974
127,"36061030300",0.116887800205609,0.0708272314337389
127,"36061029500",0.101275353023131,0.140296556448315
127,"36061030700",0.0628297412085274,0.0409935384132785
127,"36061029700",0.00154182831655523,0.00000367040242534068
127,"36061031100",0.000823183147305053,0
128,"36061029700",1,1
129,"36081032900",0.098320391296827,0.0792514518148959
129,"36081030904",0.0904271762691636,0.0533866072121331
129,"36081034700",0.0832312439870776,0.0718021703699133
129,"36081030903",0.0791372015337172,0.0888750313035477
129,"36081029100",0.0574905134132623,0.0780739134861636
129,"36081030906",0.0487565830640879,0.0435425078227888
129,"36081028700",0.0439949578612052,0.0613024762503319
129,"36081030905",0.0430814422383907,0.0353335150471127
129,"36081027900",0.0399938205420131,0.0742018290155871
129,"36081028300",0.0399922149180351,0.0657559216085792
129,"36081027500",0.0399597996747541,0.0559573415841551
129,"36081028100",0.0392452523296869,0.0518572197324444
129,"36081028900",0.0388600076316704,0.0409689271316158
129,"36081028500",0.0355655878038407,0.0371253159353801
129,"36081032700",0.033942193747141,0.0275580511423836
129,"36081033700",0.0339398664712293,0.0205529788956874
129,"36081033900",0.0339343889543028,0.0233107235727452
129,"36081035100",0.0313288626022354,0.024457417516357
129,"36081027302",0.0262305885082689,0.0217009951671252
129,"36081027702",0.0226225906278153,0.0166741112207627
129,"36081027301",0.0221950016938563,0.0149190581389856
129,"36081027701",0.0165947485426714,0.0127929497483851
129,"36081029700",0.00115556628874797,0.000599486282919367
130,"36081044400",0.205062740708913,0.227504503110645
130,"36081020800",0.122507519208407,0.136304932653608
130,"36081024600",0.069190144174022,0
130,"36081020400",0.0652750464813815,0.0344239924665918
130,"36081024000",0.0612968147696313,0.10674415997008
130,"36081046200",0.0567769990156054,0.0919982235387493
130,"36081021200",0.0537117375654321,0.0358994026048438
130,"36081048000",0.052481853534951,0.0330287634803582
130,"36081047000",0.0522932234928111,0.0442549935017867
130,"36081046800",0.0522433734576985,0.0522035737421482
130,"36081044601",0.051174581985872,0.0513530212959635
130,"36081046000",0.0503539881982781,0.0805879056617343
130,"36081044602",0.0387019592973037,0.0490625560964564
130,"36081023800",0.0356606219148264,0.0426313619869754
130,"36081020600",0.0332693961948661,0.0140026098900596
131,"36081127700",0.268889202096566,0.278188681973124
131,"36081047600",0.135722463642644,0.0755798331283449
131,"36081047801",0.13089988571528,0.18518964997561
131,"36081047200",0.130637184129319,0.165769268991629
131,"36081049201",0.0723025293162574,0.063883853823274
131,"36081045800",0.0616930488493588,0.0502688735481365
131,"36081046600",0.0605447685036627,0.0854660883956145
131,"36081046400",0.0577291960070685,0.0400443107953644
131,"36081049202",0.0482175216994385,0.0391380534309278
131,"36081047802",0.0333642000404047,0.0164713859379748
132,"36081071600",0.999412363871851,0
132,"36081030600",0.000587636128149299,1
133,"36047048400",0.141683048629739,0.156767620011166
133,"36047049800",0.138408204483409,0.123151312352605
133,"36047049600",0.137467750302887,0.130830093725338
133,"36047049000",0.130549405635582,0.157946557643001
133,"36047049400",0.124005601858846,0.159498839173908
133,"36047048600",0.118806359386642,0.0853442607666935
133,"36047049200",0.11200319911999,0.0785902358943817
133,"36047048800",0.0970764305829048,0.107871080432906
134,"36081021603",0.157961566216879,0
134,"36081077300",0.147452515624263,0.123938090101192
134,"36081077500",0.120934228619622,0.0989263842050534
134,"36081021601",0.119607839692805,0.114635042784151
134,"36081014000",0.117059617335511,0.196917954038081
134,"36081013400",0.100458322038929,0.222383089897863
134,"36081013800",0.0895572232357693,0.137293086309725
134,"36081013600",0.0799343500641907,0.0604165663738565
134,"36081021602",0.0591380041691436,0.0333712868056347
134,"36081022001",0.00269876599677324,0.00659202757436002
134,"36081021400",0.00229465467567263,0.00514267874640965
134,"36081038302",0.00226220533431189,0
134,"36081076902",0.00064070699613,0.000383793163674023
135,"36081080900",0.227698330501595,0.429309662658939
135,"36081079300",0.194435664167523,0
135,"36081077902",0.127515448786113,0.172520284736673
135,"36081077904",0.0881252512633835,0.10767059173714
135,"36081125700",0.0755132784562775,0.0572469698248749
135,"36081077906",0.065813128837827,0.0622639876606237
135,"36081077905",0.0613311306280646,0.0482893580064336
135,"36081077903",0.0595274446294458,0.0486674880587535
135,"36081077907",0.0493294485451928,0.0389580461391525
135,"36081077908",0.0456565980488932,0.0335068954229704
135,"36081038302",0.00398266929254782,0
135,"36081022002",0.00107160684313612,0.00156671575444
136,"36005026900",0.322234556586406,0.261906047631388
136,"36005026500",0.165154020109726,0.229460413944501
136,"36005026100",0.143065946142599,0.0589177513352819
136,"36005025500",0.137050385163709,0.169266082470698
136,"36005026300",0.130501179113982,0.167531018743304
136,"36005025300",0.101993912883577,0.112918685874826
137,"36061006200",0.453109381598259,0.304307642157628
137,"36061006600",0.271401847914071,0.51755056667957
137,"36061007001",0.139647746728957,0.0964661818300138
137,"36061007002",0.135841023758713,0.0816756093327884
138,"36081033100",0.968838790670427,0
138,"36081031700",0.0205080632907644,0.749013488380552
138,"36081035700",0.00484020514459434,0.131820540813491
138,"36081034700",0.00432322911701933,0.105246865313518
138,"36081037100",0.0014897117771946,0.0139191054924398
139,"36081035800",0.125007955134323,0.231672901135648
139,"36081062400",0.117924227658679,0
139,"36081062600",0.103068786657407,0.138544869103553
139,"36081064600",0.0964918740376039,0.120973349139945
139,"36081065000",0.0953799135328655,0.111260033324529
139,"36081061601",0.0912346995703051,0.0839274904397864
139,"36081032800",0.0874657559833241,0.102741206773305
139,"36081063200",0.0707439694064378,0.0720556951250022
139,"36081061800",0.0576113225186508,0.0478312252365176
139,"36081068200",0.0552280651712888,0.0245582384083368
139,"36081062000",0.0526199440842991,0.0331353450864443
139,"36081063000",0.0461830191976816,0.0303807494865129
139,"36081037600",0.00104046704713493,0.00291889674042056
140,"36061011600",0.283957951054434,0.157914006339529
140,"36061012400",0.247752734012097,0.454910829128489
140,"36061010602",0.179263546186107,0.191029784840293
140,"36061013201",0.112613899817763,0.054409852287684
140,"36061013202",0.0976031137442654,0.0721323648855123
140,"36061013203",0.0777815438818359,0.067975487679687
140,"36061010601",0.00102721130349743,0.001627674838806
141,"36061013400",0.252930163958193,0.325961617301591
141,"36061011800",0.246049150218552,0.280435004722112
141,"36061011000",0.245573581331451,0.204239691840939
141,"36061012601",0.131286825307912,0.113291862069638
141,"36061012602",0.124160279183892,0.0760718240657195
142,"36061015700",0.256573536761309,0.373478358727806
142,"36061014500",0.248731378760577,0.24871682473277
142,"36061014900",0.246332252896989,0.204138976067724
142,"36061015302",0.122939825658499,0.0913817682564042
142,"36061015301",0.122485703956033,0.0801984580164834
142,"36061013700",0.00104188662126486,0.000938197481005706
142,"36061014300",0.000980698223932827,0
142,"36061015900",0.000914717121395744,0.00114741671780631
143,"36061015102",0.292084912657192,0.403143871476074
143,"36061015900",0.228144576318683,0.301229158451923
143,"36061015101",0.144101108602478,0.0719332115013644
143,"36061015502",0.135276566060392,0.106848300843214
143,"36061015501",0.113377409673519,0.0809054704477491
143,"36061014700",0.085980622375978,0.0350672157098956
143,"36061013502",0.0010348043117577,0.000872771569779974
144,"36061004100",0.429427729822029,0.677868119083355
144,"36061004300",0.33494300351188,0.270461684961281
144,"36061004500",0.23562926666609,0.0516701959553639
145,"36081000104",0.217141786885564,0.0220255500245879
145,"36081001903",0.181528174730189,0.134985865785796
145,"36081000702",0.119175806175109,0.199739435109218
145,"36081000101",0.114757898745024,0.193246337121013
145,"36081000701",0.0942071334393381,0.125517670221367
145,"36081001901",0.0898714813324406,0.0563830684912441
145,"36081000103",0.0719456607036119,0.000908970282440884
145,"36081001902",0.068865299442514,0.163097578519837
145,"36081000102",0.0415544235421401,0.101850712502567
145,"36081002500",0.000952335004069933,0.00224481194192862
146,"36081003302",0.334017867443562,0.180440317035095
146,"36081003301",0.1854060079293,0.383371722833168
146,"36081005500",0.169166486700321,0.11682830148032
146,"36081003100",0.168172269588132,0.147542953895732
146,"36081005100",0.139791764828983,0.164693132531456
146,"36081001903",0.00192879787174016,0.00203260927463812
146,"36081001902",0.00151680563796133,0.00509096294959061
147,"36005013100",0.23083188053773,0.214574497500799
147,"36005008700",0.214582736236147,0.223083252121694
147,"36005008300",0.214575776790001,0.23714557300837
147,"36005008500",0.183212835705107,0.188924735669512
147,"36005012901",0.156796770731015,0.136271941699626
148,"36061001800",0.340540208474809,0.39052995271298
148,"36061001600",0.316980635452543,0.391428531838087
148,"36061003001",0.188899971073948,0.137937442232531
148,"36061003601",0.153579184998699,0.0801040732164017
149,"36047064200",0.0924188320827788,0.0852086920592881
149,"36047056000",0.0726262658901072,0.0978649969737448
149,"36047056400",0.0720400861153906,0.0734554548649602
149,"36047055000",0.0707552029940554,0.0934516445402922
149,"36047054800",0.068097268766259,0.0608052599428285
149,"36047057800",0.0677075501208182,0.0766999174051692
149,"36047055800",0.0674721893228287,0.0560894368755953
149,"36047056600",0.0674349678714665,0.059769593279764
149,"36047056200",0.0671603725602685,0.0463039484297552
149,"36047055200",0.06592749316797,0.0858233667266068
149,"36047057400",0.0625871184749919,0.0642048564518106
149,"36047058000",0.0623752145781018,0.0727141389241614
149,"36047057600",0.0623583421448178,0.0640185008507001
149,"36047063800",0.0547273804142221,0.0399165741493508
149,"36047056800",0.0463117154959235,0.0236736185259728
150,"36047061600",0.384060780243483,0.294850952064757
150,"36047060800",0.211098501899133,0.353731050560256
150,"36047062000",0.168588996287525,0.120673097243232
150,"36047062200",0.131795354240819,0.17560591667366
150,"36047061200",0.10445636732904,0.0551389834580939
151,"36061018900",0.318163378499583,0.372501781638708
151,"36061019100",0.265968271154079,0.244303662416214
151,"36061018700",0.259141283567754,0.292761100583585
151,"36061018500",0.156727066778585,0.0904334553614925
152,"36061021703",0.317903793158787,0.0273935667943305
152,"36061021900",0.282264244272434,0.376719639984932
152,"36061022301",0.185081246372848,0.331157047869396
152,"36061021303",0.154325831100674,0.221788823890461
152,"36061022302",0.0604248850952564,0.0429409214608811
153,"36061030900",1,1
154,"36047070202",0.558320203588793,1
154,"36047066600",0.441679796411207,0
155,"36047070201",0.159577389476199,0.370990378910885
155,"36047070602",0.151417567841844,0
155,"36047069602",0.113297718861616,0.235811981013092
155,"36047069800",0.0783619395563167,0.0389684552218777
155,"36047069601",0.0653841439473016,0.0799253119297742
155,"36047070601",0.0653724397510604,0.0567102849793894
155,"36047066200",0.0359256628091454,0.0148217618996818
155,"36047067000",0.032388416875758,0.0286617333862129
155,"36047070000",0.0314271739385923,0.0135811211389656
155,"36047064400",0.030977522960792,0.0240609649708224
155,"36047065200",0.0270839588650405,0.0108076025509701
155,"36047064600",0.0257347397601659,0.0197322717034059
155,"36047065600",0.0238639426366744,0.0142288111344448
155,"36047064000",0.0238362351089497,0.011259528131968
155,"36047065800",0.0238288177437193,0.0148949350623382
155,"36047066000",0.023668902949811,0.0159492530982495
155,"36047065400",0.0235479742057887,0.0138643867199061
155,"36047064800",0.0235460979795461,0.0153216926168991
155,"36047068600",0.0229950023211133,0.0134978848983608
155,"36047063600",0.017764352410565,0.0069116406327571
156,"36085032300",0.46096748729313,0.159552439482288
156,"36085030302",0.110018598895023,0.226373871468679
156,"36085030301",0.085656776216265,0.154975378401387
156,"36085022300",0.0793768238078572,0.0870375624494658
156,"36085031902",0.0788635907574993,0.123418059598717
156,"36085023100",0.0705860296119084,0.112883479552945
156,"36085023900",0.06374569344324,0.0665775468642022
156,"36085031901",0.0463996041441193,0.0615584035557825
156,"36085029104",0.00226228925309156,0.00522961082412347
156,"36085029102",0.00212310657786637,0.00239364780241046
157,"36081053100",0.1278732938556,0.189100754792453
157,"36081053502",0.0980656493971555,0
157,"36081051100",0.0828345177570239,0.0941760263554242
157,"36081049302",0.0813088094843933,0.123057546090337
157,"36081051700",0.0768219193239496,0.0724216228495248
157,"36081051500",0.0679143780716415,0.0947980663610942
157,"36081052500",0.0610515188126347,0.0598923431491611
157,"36081049700",0.0597664051955107,0.0733712727731337
157,"36081051300",0.0584469953544364,0.0698331729855171
157,"36081052100",0.057074179164818,0.0478989537535075
157,"36081053501",0.0537835748734385,0.0284897316176614
157,"36081049301",0.0495121469554112,0.0520479497022597
157,"36081060100",0.0466322627132177,0.0443013303633105
157,"36081049500",0.0389778665382741,0.0226015248284363
157,"36081059900",0.0383994295583771,0.0261346774863433
157,"36081059502",0.00153705294411825,0.00187502689183641
158,"36061007900",0.410348873227542,0.491874856715821
158,"36061006900",0.335816153652041,0.242080446007376
158,"36061007500",0.253834973120417,0.266044697276803
159,"36005007100",0.164561064058239,0.0876529073747517
159,"36005006500",0.162944309178379,0.155451601814896
159,"36005007500",0.142377113695249,0.171761337510216
159,"36005006700",0.131877033789579,0.19192477484941
159,"36005007900",0.123144360863052,0.159690108199519
159,"36005006900",0.117482286869007,0.135571375221715
159,"36005007300",0.0872996995318017,0.0716977016605954
159,"36005007700",0.0703141320146942,0.0262501933688966
160,"36081065501",0.15177301789986,0
160,"36081060701",0.132559890117609,0
160,"36081050700",0.0682228398411506,0.123464580958644
160,"36081066501",0.060787592719993,0.133242160062428
160,"36081066301",0.0523107564462561,0.0776822533869797
160,"36081065703",0.0500972458120991,0.0885774197029166
160,"36081062100",0.0483596035689087,0.0706231163083653
160,"36081066701",0.0480133196636073,0.0677249545995115
160,"36081067900",0.0472774013841058,0.111395096240212
160,"36081066302",0.0460655882758455,0
160,"36081061900",0.044273992044765,0.0738447647431273
160,"36081067100",0.0427533832677732,0.0547572765329988
160,"36081065900",0.0361266555250428,0.0390495502148841
160,"36081067700",0.0347030713337357,0.0359715918002409
160,"36081060300",0.0337762933214042,0.0355842801523685
160,"36081066900",0.029879926428636,0.0276835009781449
160,"36081065702",0.026833558808491,0.018572333705565
160,"36081066100",0.0249575866629613,0.0214967318946139
160,"36081050500",0.0212282768777558,0.0203303887189991
161,"36061009600",0.26001266545453,0.290214006475384
161,"36061010400",0.256890460805064,0.541713281881871
161,"36061010200",0.256391844133687,0.136443014481997
161,"36061009400",0.226705029606719,0.0316296971607485
162,"36061009200",0.438359514776637,0.431965376329967
162,"36061010000",0.384893719775738,0.44244712903856
162,"36061011203",0.174080122346136,0.121946162302193
162,"36061010803",0.00266664310148812,0.00364133232927992
163,"36061013700",0.58864039762544,0.931759680020865
163,"36061011201",0.207696923669119,0.042938537062638
163,"36061011202",0.203662678705442,0.0253017829164974
164,"36061007400",0.33467249766513,0.566131342208976
164,"36061007600",0.333620420114723,0.248925975167933
164,"36061008400",0.331707082220147,0.184942682623091
165,"36047076800",0.0912205582223588,0.119189746313274
165,"36047075800",0.0617260702115762,0.0289891426947241
165,"36047054400",0.0571313298149643,0.0679214195543209
165,"36047054200",0.0568736066694814,0.0774787253856172
165,"36047076200",0.0565381690411143,0.0801132512868331
165,"36047076000",0.054596999567011,0.0586996508392937
165,"36047054600",0.0542612489115917,0.0978014590700664
165,"36047045800",0.0538606686700174,0.0248073849484332
165,"36047074800",0.0530836322708248,0.0267822571797498
165,"36047053200",0.0524082062836249,0.0400841658786084
165,"36047075600",0.0521747292894756,0.0301042186141888
165,"36047075400",0.0521554928466563,0.0174959996557943
165,"36047075000",0.0521431410501491,0.0490471646209111
165,"36047053400",0.052126534835351,0.0807866387643829
165,"36047075200",0.0520706330608661,0.0200177925033429
165,"36047053000",0.0519921709117437,0.0580617945356335
165,"36047053800",0.0494451427057804,0.0860190922009157
165,"36047045600",0.0461916656374132,0.0366000959539097
166,"36061021100",0.234724448356918,0.400535826873027
166,"36061020500",0.186983187297443,0.178924858275753
166,"36061019701",0.159279875815714,0.0265046413834467
166,"36061019900",0.151149396472793,0.233163108921373
166,"36061020300",0.120392476182626,0.0830709802516303
166,"36061020901",0.0783013962649916,0.0495178346725857
166,"36061020101",0.0372557903638,0.0126824987234623
166,"36061020701",0.0319134292457133,0.0156002508987225
167,"36005018502",0.144876594680254,0.159034939432411
167,"36005015100",0.133414692719022,0.138262141456181
167,"36005018501",0.117414127164706,0.0880641902392257
167,"36005014100",0.112909472939887,0.176235701281024
167,"36005012500",0.108265898461229,0.0860641476081167
167,"36005013500",0.106985367818637,0.0866191730696095
167,"36005013300",0.102702550724428,0.124207141698348
167,"36005014900",0.099325531013961,0.0930277484498087
167,"36005012101",0.0741057644778759,0.0484848167652752
168,"36005001903",0.232426531075409,0
168,"36005005100",0.131419777444007,0.299598789349027
168,"36005001902",0.120752397617286,0.078819403164373
168,"36005004300",0.0582591495766764,0.0987735790340669
168,"36005003900",0.0555272909909715,0.0972974366091328
168,"36005001901",0.0532985701901524,0.0378187253934517
168,"36005004100",0.047205324841587,0.091326239335293
168,"36005003700",0.0426599286410295,0.00559859815083848
168,"36005003100",0.040098682125378,0.0350998902720888
168,"36005002702",0.0400453444568327,0.0603246995060928
168,"36005003300",0.0391423732041741,0.0439591193559185
168,"36005003500",0.0364063743181022,0.0397891208369111
168,"36005002500",0.0327502396520108,0.0526153894393602
168,"36005002300",0.0268930311533005,0.0385614766804202
168,"36005001904",0.0222114195575772,0
168,"36005002701",0.0209035651555046,0.0204175328730251
169,"36005037900",0.140033132394352,0.208318969403958
169,"36005038100",0.110297933999777,0.154230646467834
169,"36005024100",0.0983690920125338,0.127774955798509
169,"36005022901",0.0882087821652345,0.111730858135632
169,"36005023100",0.0866212650404102,0.0262868923930854
169,"36005023301",0.0861563677106954,0.0707225757102268
169,"36005022701",0.0854576000496613,0.090256775548954
169,"36005023502",0.0703261388570742,0.0674822408857186
169,"36005022902",0.0676722126541093,0.0488535809530881
169,"36005023501",0.050057050558668,0.031697374363685
169,"36005023302",0.046291415159754,0.0391267095501524
169,"36005022702",0.0356018953657674,0.00814871204594562
169,"36005022703",0.028581193866369,0.0102921629121179
169,"36005022500",0.00193305238343995,0.00332143725598354
169,"36005017100",0.00191558442730772,0
169,"36005016500",0.00110448880723337,0.000309449932135589
169,"36005021700",0.000850088744836599,0.000909455580968658
169,"36005020900",0.000522705802776457,0.000537203062006271
170,"36061007800",0.254780955820977,0.340780581359191
170,"36061007200",0.25029893313401,0.297109239307151
170,"36061008200",0.247510294920092,0.142500606563454
170,"36061008000",0.24740981612492,0.219609572770203
171,"36081104700",0.172630793721342,0.304411307137609
171,"36081105900",0.133459501042536,0.128292493128071
171,"36081117500",0.115309010983254,0.135899701321632
171,"36081114100",0.0917544172297078,0.0595442636393192
171,"36081117100",0.0815599091809377,0.0543712334150813
171,"36081115700",0.064517573307259,0.0534176953746458
171,"36081115900",0.0633694129491684,0.0650484585053683
171,"36081114700",0.0630826019913965,0.0308780877805015
171,"36081115100",0.0607773611132799,0.0157573940794363
171,"36081115500",0.0383529133016838,0.0221653804209641
171,"36081116700",0.0340645630933076,0.0170159039070373
171,"36081086300",0.0295464600584389,0.0583418314405506
171,"36081116301",0.0273556476629575,0.0312799647031453
171,"36081116302",0.0242198343647306,0.0235762851466386
172,"36085011204",0.195698596823335,0.00369058041207665
172,"36085011203",0.195508699749784,0.34554556873948
172,"36085012804",0.170164828028226,0.206235077699832
172,"36085013400",0.165327191197925,0.160796447683892
172,"36085012200",0.160920381689445,0.193533937315526
172,"36085011402",0.112380302511286,0.090198388149193
173,"36081038100",0.170142468582263,0.294979230705993
173,"36081037900",0.117822142532074,0.170473484240578
173,"36081037700",0.0877966583757924,0.0775753620945227
173,"36081040702",0.077188882410481,0.0847034685388882
173,"36081040102",0.0742221169987486,0.0729169950291957
173,"36081040302",0.0665159693339876,0.0726455035948624
173,"36081037502",0.0598825460346367,0.0395905510214888
173,"36081040301",0.0522275222692957,0.0336756747661624
173,"36081040101",0.0517411816070777,0.0288505802967311
173,"36081040902",0.048805716065067,0.0359304130325313
173,"36081040501",0.0427297025229718,0.0102035105707363
173,"36081040901",0.04237047132772,0.0190809454298649
173,"36081040701",0.0421304816828238,0.0331973035132694
173,"36081040502",0.0346904713559594,0.0144880683654171
173,"36081037501",0.0317336689011008,0.0116889087997588
174,"36005041900",0.223153509181763,0.255447339052831
174,"36005042500",0.200879115318772,0.251963961764356
174,"36005042100",0.169916249633039,0.18089196716277
174,"36005042300",0.123472921983955,0.0952661502670143
174,"36005043102",0.077579315654906,0.0637004554977368
174,"36005042901",0.0703670069229359,0.0440272089607581
174,"36005043101",0.0702265873699036,0.065333430494251
174,"36005042902",0.0644052939347258,0.043369486800283
175,"36081138501",0.219480641506726,0.192294477009948
175,"36081129102",0.209528487588278,0.166834623103183
175,"36081136700",0.162188030936364,0.200240450654952
175,"36081137700",0.15787001764959,0.223173350492945
175,"36081129104",0.14887252616195,0.130525709126609
175,"36081129103",0.0969328944959494,0.0847234792194721
175,"36081055200",0.00198847057870851,0.00121149013967002
175,"36081128300",0.00196086088365033,0
175,"36081130100",0.00117807019878402,0.000996420253220828
176,"36085013800",0.270773018787447,0.347026504469401
176,"36085012806",0.24772236095005,0.316702476166125
176,"36085013204",0.20113193679097,0.209435690444977
176,"36085012805",0.189987880650863,0.09531738419221
176,"36085013201",0.0903848028206699,0.0315179447272875
177,"36047036300",0.138658577150266,0.178163630086779
177,"36047030300",0.135640866933614,0.175794701716028
177,"36047036900",0.121086904765036,0.161201615423435
177,"36047030100",0.104417007677894,0.0783501747144646
177,"36047037100",0.1013006241976,0.103290671171961
177,"36047036700",0.0975473544030718,0.0482660781856133
177,"36047037300",0.0914462974430936,0.107156679129842
177,"36047036100",0.0752729085449256,0.059812488720893
177,"36047036501",0.068028760212932,0.0505308211605093
177,"36047036502",0.065509924845218,0.0370335832379649
177,"36047114201",0.00109077382634999,0.000399556452509906
178,"36047044800",0.136121965314732,0.120872163009073
178,"36047045000",0.133327796848313,0.0709480184554436
178,"36047044000",0.122260000671568,0.146679379489525
178,"36047045200",0.112813500622588,0.133095565407324
178,"36047044200",0.110757636975474,0.116539427786495
178,"36047044400",0.105640387303898,0.131200202585365
178,"36047046202",0.1049658979589,0.0932065232759957
178,"36047043800",0.0940204288453489,0.110356749126165
178,"36047045400",0.080092385459178,0.0771019708646137
179,"36081008700",0.174356756340807,0.194073329650577
179,"36081006900",0.145146506981755,0.221309253242264
179,"36081007100",0.134565273349559,0.150126481510005
179,"36081008300",0.13187758743117,0.101445761450216
179,"36081009100",0.128554636272061,0.079276160000739
179,"36081007900",0.110612207105973,0.097010410121126
179,"36081007300",0.0974689205481198,0.118872335015081
179,"36081008100",0.0774181119705554,0.0378862690099915
180,"36081005800",0.253510927287073,0.375873389616989
180,"36081008800",0.190335890914387,0.166330391361362
180,"36081005400",0.179287009198193,0.227453452209402
180,"36081008600",0.142368270015621,0.112982405146617
180,"36081004401",0.113224648265599,0.0939421938512401
180,"36081005000",0.0654466667332727,0
180,"36081004002",0.0558265875858548,0.0234181678143897
181,"36047015900",0.0869681740115464,0.120209383906199
181,"36047014300",0.0752762658517465,0.071113719429034
181,"36047016500",0.0648232236988004,0.0956823418562661
181,"36047014902",0.0605386436515679,0.0630891119123663
181,"36047016700",0.0586241505873468,0.072336215537658
181,"36047015700",0.0581051772598982,0.0757436839508638
181,"36047013100",0.0541968531880086,0.0492215960076803
181,"36047013700",0.0528274765272872,0.0421113937224439
181,"36047013500",0.0527272112708696,0.0582015868137427
181,"36047013900",0.0526013191681793,0.0483269255419988
181,"36047015300",0.0521481243221029,0.0353631926184979
181,"36047015500",0.0519386949756877,0.045969104026118
181,"36047015100",0.051890294932572,0.0541564459607398
181,"36047013300",0.0514598957029051,0.056405841256324
181,"36047012902",0.046566433795437,0.0457511110717385
181,"36047012901",0.0449686140850824,0.0293501406649732
181,"36047014102",0.0312918500390591,0.0163453011692604
181,"36047014101",0.0263306314342163,0.0100378432202623
181,"36047014901",0.0260307390931716,0.0103049337302613
181,"36047001801",0.000686226404515062,0.000280127603571524
182,"36005022200",0.257536870627133,0.147005885975789
182,"36005021001",0.226253589148695,0.284942082014407
182,"36005021002",0.203407676465234,0.259203565816721
182,"36005021602",0.194351525815698,0.200789141169696
182,"36005021200",0.118450337943241,0.108059325023387
183,"36005030000",0.468183538703256,0.553275251583847
183,"36005026602",0.340920909636988,0.342311147610341
183,"36005026601",0.190895551659756,0.104413600805812
184,"36005050400",0.797573663004467,0
184,"36005027600",0.200636065855869,0.829319495372944
184,"36005045600",0.001790271139664,0.170680504627056
185,"36005029600",0.33302823510002,0.265808686963186
185,"36005028800",0.157114146485403,0.137163070099838
185,"36005024800",0.130014265638609,0.162168012830027
185,"36005025000",0.0849631237582125,0.0791591664883928
185,"36005022800",0.0804454913001053,0.155813827511438
185,"36005024600",0.0712709164648394,0.0489545687079206
185,"36005022403",0.058129574306825,0.05453108320519
185,"36005022404",0.0434413825174429,0.0628714110994983
185,"36005022401",0.0401085487600275,0.0329055317684171
185,"36005028600",0.0014843156685153,0.000624641326092722
186,"36061010100",0.505387280130454,0.335693136539604
186,"36061009500",0.494612719869546,0.664306863460396
187,"36085025100",0.345643741561113,0.460930022641807
187,"36085021300",0.231564705123122,0.2715574460789
187,"36085020702",0.151174214397109,0.0913881334786746
187,"36085024700",0.142055237256759,0.0831479081429465
187,"36085020701",0.122762788018082,0.0852636155421655
187,"36085030301",0.0040088210345195,0.00445618009393243
187,"36085029104",0.00188303762691172,0.00267439358708104
187,"36085023900",0.00090745498238385,0.000582300434492229
188,"36047080800",0.109507642239571,0.0650304462425179
188,"36047080400",0.0645688442986591,0.0568966685047677
188,"36047080200",0.0630382699303894,0.0710237345525022
188,"36047032700",0.06016498095598,0.0520896527054311
188,"36047080000",0.0590936921145128,0.0552310882241801
188,"36047082200",0.0577687262192096,0.119230443286376
188,"36047080600",0.0565911862758261,0.0663905897708712
188,"36047081000",0.0552654112931714,0.0337342355524276
188,"36047032900",0.0532199667974418,0.0836649483824552
188,"36047087800",0.051512766390275,0.0387919208397715
188,"36047082000",0.0505760585468089,0.0683412211977157
188,"36047087600",0.0483957064933605,0.0252806325235914
188,"36047079602",0.0459484428108493,0.0677215788037773
188,"36047087401",0.0444344006099373,0.0403681290643177
188,"36047079801",0.0441691383721724,0.0425524787477513
188,"36047079601",0.0375662304785324,0.035274460890774
188,"36047079802",0.0361192652531449,0.0525106775998736
188,"36047088002",0.0344207719668948,0.0122003376769019
188,"36047088001",0.0276384989532638,0.0136667554339963
189,"36047016300",0.193231379623273,0.211253793986388
189,"36047016100",0.191598278129955,0.166232568894898
189,"36047020500",0.167750158977392,0.160901641485741
189,"36047021500",0.156532524603785,0.219103899173746
189,"36047020300",0.14756367766391,0.076565592600225
189,"36047020700",0.143323981001684,0.165942503859001
190,"36047017700",0.998527574533576,0
190,"36047021500",0.00147242546642367,1
191,"36081056800",0.131406334333953,0.170043095697316
191,"36081058200",0.0872517536649853,0.132734859179622
191,"36081058000",0.0850961137784068,0.107950941745874
191,"36081054200",0.0837700656979358,0.136833097665873
191,"36081054000",0.0809366047368167,0.103584391394235
191,"36081055200",0.0631842837574,0.0544644066154143
191,"36081051200",0.0581708444035998,0.0461837576660169
191,"36081049600",0.0423349487116215,0.0380834115993759
191,"36081055600",0.035122234062907,0.0232078057558713
191,"36081054800",0.0348552819922418,0.0245682138001681
191,"36081055400",0.0340666885733464,0.0261998873992945
191,"36081056000",0.0330884154208761,0.0165962090678894
191,"36081056600",0.0301837369909063,0.0138084751432289
191,"36081055800",0.0297789687970577,0.0145309341708961
191,"36081053601",0.0297211011098824,0.0154877195583475
191,"36081053200",0.0293876680306666,0.0188098299672985
191,"36081053800",0.0292189322500981,0.0148196649150041
191,"36081056400",0.029128714748225,0.0136188875676559
191,"36081051600",0.0284289550717364,0.0181793725198815
191,"36081056200",0.0248683538673373,0.0102950385707378
192,"36081121100",0.292072201612749,0
192,"36081083700",0.222580168257418,0.381974208992574
192,"36081121500",0.18046906444202,0.260544879080048
192,"36081080302",0.125198962808276,0.147872242221365
192,"36081080301",0.0899900835349387,0.116516064200598
192,"36081079900",0.0819396414623329,0.0843334695371757
192,"36081120701",0.00456173524903316,0.00466669411254288
192,"36081122300",0.00108741977854684,0.00112451601220604
192,"36081122702",0.000826971399658232,0.00167714130593784
192,"36081122703",0.000670253011631918,0.00129078453755165
192,"36081079300",0.000603498443394117,0
193,"36081003700",0.32449447453422,0
193,"36081008500",0.23078125450128,0.20510876736694
193,"36081002500",0.176369105459724,0.562094638118612
193,"36081004300",0.144335127446106,0.143213239202765
193,"36081003900",0.12402003805867,0.089583355311683
194,"36061024000",1,1
195,"36047005302",0.3426092003651,0.0275977482216654
195,"36047005301",0.252590559536248,0.346553793987268
195,"36047005900",0.159087566844197,0.158153033579647
195,"36047005303",0.137055063489364,0.0122068472204545
195,"36047008500",0.108657609765091,0.455488576990965
196,"36081069702",0.242769592029522,0.273560728253122
196,"36081068700",0.143121015087625,0.166411229173814
196,"36081070300",0.130233756900192,0.0798901065934464
196,"36081071702",0.11708277810812,0.137464673593782
196,"36081069500",0.115154278198285,0.0718252435000059
196,"36081071701",0.102590053955943,0.134828186285864
196,"36081069300",0.0771981760367752,0.0591340678649034
196,"36081069701",0.0718503496835379,0.0768857647350626
197,"36081014202",0.130614976010616,0.140067971354813
197,"36081002800",0.0473827630948276,0.0531727700524643
197,"36081014400",0.0464563977282298,0.030216644949054
197,"36081014201",0.0445571870525698,0.0761042034802161
197,"36081012200",0.0443969317852005,0.050789835262763
197,"36081015600",0.0442072660688832,0.054788697627794
197,"36081012400",0.0418731776765806,0.0474789018013964
197,"36081013200",0.0406305131592819,0.0309979261537459
197,"36081011200",0.0398149077236771,0.0368072683920736
197,"36081013000",0.0395581185947668,0.0281626549438069
197,"36081015200",0.0392693149276785,0.0397268256937822
197,"36081011000",0.0348534536060459,0.0382305959336572
197,"36081012800",0.0337822854409085,0.0279955464562591
197,"36081010800",0.0332889421750184,0.0428118794552994
197,"36081014800",0.0330683654111034,0.0259365399617142
197,"36081011800",0.0329940312891103,0.034534283081097
197,"36081012601",0.0317515528575021,0.0344450008010262
197,"36081015400",0.0317430732246071,0.0283690710616767
197,"36081012602",0.0315081359770614,0.0271656876016199
197,"36081002600",0.031261452519759,0.0272085383979166
197,"36081015000",0.0310713478221995,0.0270067967623074
197,"36081012000",0.0304710189529005,0.0279320074541586
197,"36081002400",0.0297551242551187,0.0240906969066915
197,"36081011600",0.0288667042325284,0.0250118965047026
197,"36081011400",0.0251204438055848,0.0186564899592959
197,"36081020800",0.000957083643888876,0.00156094707362365
197,"36081021200",0.000745430964351331,0.000730322877045011
198,"36081061301",0.150658939629398,0.235248355914854
198,"36081061302",0.109207879556888,0
198,"36081053901",0.0936608497425648,0.11601494357679
198,"36081059300",0.0538551626081004,0.0652709093474066
198,"36081055700",0.0510362615746483,0.0518414052204517
198,"36081059502",0.0481987584373936,0.0386930457663676
198,"36081059100",0.0430952946430763,0.0620428245098478
198,"36081058500",0.0365075972475422,0.0439175980946505
198,"36081053902",0.0353181004915648,0.000286069830563207
198,"36081058900",0.0352745634396459,0.0488682214037018
198,"36081059501",0.0351608262996666,0.0200728397581362
198,"36081054900",0.0349631166273783,0.0554536843395965
198,"36081055900",0.0345235750993535,0.0116928576197711
198,"36081055100",0.0330845200354807,0.0433033014467806
198,"36081055500",0.0327757443762043,0.0225655649180358
198,"36081058700",0.0307020483150016,0.0321074407815297
198,"36081058100",0.03067685371778,0.025574686505867
198,"36081058300",0.0302771726090446,0.0317448627319006
198,"36081055300",0.0292741540581249,0.025564512541564
198,"36081054700",0.0275477051701277,0.0430560422163733
198,"36081054500",0.024200876321016,0.0266808334758119
199,"36005000100",1,1
200,"36005030900",0.279728648531728,0.297501414889351
200,"36005033500",0.152772592074414,0.0953051661870962
200,"36005035100",0.127340854391182,0.12296133089425
200,"36005032300",0.122903829901969,0.170797360442445
200,"36005033700",0.0941164159700345,0.0839736511123973
200,"36005030701",0.0870545244482494,0.139485595274755
200,"36005034500",0.0605616911086133,0.068211239228826
200,"36005031900",0.0486109879437019,0.00939868033155214
200,"36005034300",0.0269104556301086,0.0123655616393275
201,"36081093800",0.23121841289494,0.304053297808897
201,"36081092800",0.21806515829684,0.191572516645484
201,"36081092200",0.18166774101012,0.111684465613709
201,"36081093401",0.154959217351463,0.172397469723006
201,"36081093402",0.112859551624557,0.123601509344187
201,"36081094201",0.0965456636403089,0.089690585155634
201,"36081094203",0.00263759879179418,0.00397405437450067
201,"36081094202",0.00204665638997678,0.00302610133458215
202,"36061023804",0.415471586057712,0.370969301481789
202,"36061023802",0.409146246708363,0.484622750051569
202,"36061023803",0.175382167233925,0.144407948466642
203,"36081066401",0.194617360000112,0.166614132535683
203,"36081066404",0.178400043855005,0
203,"36081063800",0.120422312951181,0.17909347816289
203,"36081065600",0.101912607530401,0.20564337043762
203,"36081065401",0.0754187656314945,0.0892584284979194
203,"36081061602",0.0740213159794634,0.0273728843149348
203,"36081066402",0.0688454253778371,0.0927091526672763
203,"36081066000",0.0676706080490535,0.0921353260280754
203,"36081066403",0.0636942122713374,0.139620412767539
203,"36081065402",0.0465087061554532,0
203,"36081071600",0.00434484357529009,0
203,"36081032000",0.00289661914855633,0.00608725429886998
203,"36081064600",0.00124717947481657,0.0014655602891921
204,"36085020803",0.348123995895946,0.471194656577784
204,"36085020806",0.243257330034821,0.109348738213614
204,"36085020804",0.220576776936517,0.200577197131293
204,"36085020805",0.188041897132716,0.218879408077309
205,"36081037600",0.106325113023401,0.251743532847785
205,"36081035200",0.0841513133750465,0.082007235718163
205,"36081033401",0.0779695717091324,0.105351646575834
205,"36081042600",0.0720174117526653,0.0110240765456032
205,"36081042400",0.0716218125259383,0.0653376525632576
205,"36081040400",0.0657869808509093,0.0830747494915847
205,"36081036600",0.0515009555156382,0.0554680699218196
205,"36081039400",0.0484341890797156,0.054797482462186
205,"36081038400",0.0414235643474521,0.0375325382826327
205,"36081043200",0.0335930375429392,0.0138667670982295
205,"36081036800",0.032425499594734,0.032547427159544
205,"36081053000",0.0320047705709981,0.0276333246738576
205,"36081040200",0.0303884873137476,0.0162758018822329
205,"36081039800",0.02791828605944,0.0142613259657014
205,"36081040000",0.0272908705839504,0.0132367450049407
205,"36081052400",0.027278182336027,0.0201743052607115
205,"36081052600",0.025354647330649,0.0205134917712399
205,"36081028200",0.0253283764419394,0.0176693267863807
205,"36081052800",0.0250805802145968,0.0136054832680168
205,"36081052000",0.0239480113094445,0.014440960186715
205,"36081052200",0.0236122090437728,0.0181371916687297
205,"36081051800",0.0236120708612702,0.0177553376452544
205,"36081028000",0.0229340586165924,0.0135455272195808
206,"36085013302",0.166224248983835,0.154713265715631
206,"36085008100",0.146765194001966,0.203203590685996
206,"36085009701",0.132535803408002,0.173490994550258
206,"36085000700",0.098153701015247,0.155726615516255
206,"36085012500",0.0883944888074113,0.0826057668997773
206,"36085000300",0.0734837545322625,0.0401735702583509
206,"36085009702",0.0672656749486078,0.000778700815455283
206,"36085001100",0.0623825825700776,0.0875994291724245
206,"36085014100",0.0595997390840122,0.0440536995234387
206,"36085007700",0.0477467370456296,0.0247765664361477
206,"36085000900",0.0445720908884062,0.0284954721398535
206,"36085013301",0.0128759847145434,0.00438232828641288
207,"36081029900",0.970411469430738,0
207,"36081030904",0.0150800583270544,0.501728812042322
207,"36081029700",0.0101454002176707,0.296610306871998
207,"36081030905",0.00436307202453718,0.201660881085681
208,"36005011000",0.245422099154805,0
208,"36005011800",0.122744103292899,0.207490721648058
208,"36005019400",0.0981802691126856,0.0694784572046702
208,"36005013800",0.094178367012623,0.0963965369626372
208,"36005013200",0.073792499653226,0.174716754499892
208,"36005016000",0.0626010927349772,0.0805233932057313
208,"36005018400",0.0544920871689482,0.0707850150861769
208,"36005026400",0.051995121172737,0.102024807945973
208,"36005014400",0.0489702421410901,0.10031274114638
208,"36005016600",0.0348332750014125,0.0278872003138715
208,"36005015200",0.0345301282431155,0.0295721163834155
208,"36005016200",0.0220044978551507,0.0138652564591957
208,"36005016400",0.0200186552184782,0.00757506592219901
208,"36005015800",0.0198285843265251,0.00987604515727506
208,"36005013000",0.0141317138977773,0.0065567615888883
208,"36005009000",0.00227726401354934,0.00293912647563651
209,"36061001501",1,1
210,"36047062800",0.192752446622067,0.228284039672355
210,"36047060000",0.110231661133127,0.174077715962677
210,"36047059402",0.0808524120084795,0.113075102551786
210,"36047062600",0.0798140263752081,0.0595139677109358
210,"36047057000",0.0658058321772527,0.0560600415525767
210,"36047057200",0.061100687528954,0.0822806147649315
210,"36047059200",0.0549829109258578,0.050433743763912
210,"36047059404",0.0536414907832762,0.0516588793288763
210,"36047059403",0.0518460617684012,0.0388625009004231
210,"36047059800",0.0499771991241372,0.0392968044489559
210,"36047060600",0.0454334677961265,0.0310528228826711
210,"36047059600",0.0434199379577721,0.0240325329666336
210,"36047058600",0.0409932452423306,0.0227194863811834
210,"36047059000",0.0396993581090997,0.0184940513400534
210,"36047063200",0.0294492624479103,0.0101576957720286
211,"36061004900",0.554850577738219,0.705118376872203
211,"36061004700",0.443798459885115,0.293468285394002
211,"36061003700",0.00135096237666531,0.00141333773379535
212,"36005004400",0.176615149495556,0.197954714743096
212,"36005007200",0.13966664528861,0.176259702895901
212,"36005007000",0.135836803891347,0.15596444025685
212,"36005005200",0.123650704320411,0.0591660125564299
212,"36005006800",0.102998156555001,0.0681979858791328
212,"36005004800",0.0984659267128531,0.107823948242774
212,"36005004001",0.0815383140800186,0.0274828998000415
212,"36005005002",0.0754459492577473,0.123315085369153
212,"36005005001",0.0648235056717575,0.0823646506383107
212,"36005009200",0.000958844726697808,0.00147055961831149
213,"36005009000",0.186676136645897,0.165287115966358
213,"36005000400",0.143468886456036,0.218758257993739
213,"36005002400",0.13091588947835,0.00315233276311583
213,"36005001600",0.087702039609016,0.112849686800643
213,"36005004200",0.0874972103547592,0.155606023617235
213,"36005000200",0.080342880265976,0.0932468415192127
213,"36005002800",0.0790508979582575,0.0990168028388029
213,"36005002002",0.0370415177354238,0.0306567456780461
213,"36005002001",0.0358732487792723,0.0345435509885009
213,"36005008600",0.0339280263660772,0.0299472469546619
213,"36005007400",0.033805654176796,0.0254280808744369
213,"36005008400",0.0281345219441617,0.0200526117900297
213,"36005004600",0.0241048131840825,0.00817012309632226
213,"36005003800",0.0114582770458948,0.00328457911889603
214,"36085007002",0.352929964096047,0.427728399446829
214,"36085011201",0.262714423165127,0.291312878707976
214,"36085009601",0.124667908615297,0.110519630317922
214,"36085009602",0.0992168470698572,0.077262232493355
214,"36085011401",0.0846619553154137,0.0506257903803002
214,"36085007001",0.0758089017382585,0.042551068653618
215,"36081041400",0.128423942684926,0.175584142179192
215,"36081025402",0.101852598574651,0.18358725850598
215,"36081044000",0.101409068062025,0.116244896273833
215,"36081019400",0.0808298575096895,0.0721323143958687
215,"36081026400",0.068543996334688,0.0509360387727706
215,"36081025401",0.0682497071904829,0.0767204743404556
215,"36081019600",0.0601231218997421,0.0572221895984729
215,"36081025800",0.0570562145448884,0.046059426596978
215,"36081019800",0.0558399093787823,0.0533799844742761
215,"36081043400",0.055394768177917,0.0325796917802223
215,"36081027000",0.0498416803100866,0.0289401991291507
215,"36081026000",0.0480639771947888,0.0416962934761639
215,"36081026600",0.0465837632365463,0.0271043704396444
215,"36081020200",0.0392544348967944,0.0198627964038055
215,"36081026200",0.0385329600039927,0.0179499236331853
216,"36081086400",0.146782570599512,0.124577857502114
216,"36081084602",0.0939811919146818,0.044251912361283
216,"36081084000",0.074289091519384,0.151768195003709
216,"36081083800",0.0647380791533754,0.100801891874273
216,"36081081800",0.049114232342853,0.0540423141698743
216,"36081081400",0.0482366803075596,0.056739129981814
216,"36081084601",0.0433065886506974,0.0342446517127382
216,"36081015801",0.0388714652321548,0.0439386117161442
216,"36081015802",0.0363860803128569,0.0585082457343693
216,"36081010000",0.0291844446455346,0.0264700755087586
216,"36081017000",0.0285640474113492,0.0230157060040941
216,"36081010200",0.027948101754589,0.0224618295978664
216,"36081016800",0.0276317151726795,0.0237688281790884
216,"36081009600",0.0269787030584504,0.0243900893759581
216,"36081016600",0.0265314676673771,0.0313485845866226
216,"36081016400",0.0258508280913122,0.024192051140947
216,"36081017200",0.0249693285122443,0.0173048917536387
216,"36081017400",0.0249637554381138,0.0206069585337808
216,"36081017600",0.0249206758028243,0.016882480121209
216,"36081017800",0.024729386173356,0.0151809431163177
216,"36081010400",0.0243703701476046,0.0268658763039447
216,"36081009400",0.022698505050071,0.0180824229438851
216,"36081010600",0.0226115090314109,0.0185321522206125
216,"36081018000",0.0181127809026157,0.0088057487358685
216,"36081009800",0.017735697194698,0.0115661583470271
216,"36081071600",0.0041958036762884,0
216,"36081020200",0.000706805008587692,0.0003511099790882
216,"36081019400",0.000562738011513549,0.000493010533746078
216,"36081079200",0.000521529259502677,0.000419305429580228
216,"36081018200",0.000505827956801709,0.000388967531647189
217,"36047053300",0.179370269693975,0.221605832741515
217,"36047052900",0.162423807082398,0.114042268717813
217,"36047053700",0.155540271549499,0.140889479894719
217,"36047054500",0.155468657889751,0.24479381290241
217,"36047050900",0.131680892742892,0.129285569377628
217,"36047053500",0.121332014679406,0.105510008403224
217,"36047053900",0.0941840863620787,0.0438730279626904
218,"36081029400",0.403103361389863,0.498671716215836
218,"36081033000",0.310027012096898,0.31042663340864
218,"36081033405",0.104087187503603,0.0546850634036986
218,"36081033403",0.0957422385998087,0.0597589701868914
218,"36081033404",0.0870402004098269,0.0764576167849345
219,"36081030600",0.33296983583878,0.353982927765711
219,"36081032000",0.259426317373377,0.275048222819595
219,"36081068000",0.190509837197352,0.20539649835596
219,"36081069400",0.130378975059396,0.102799312351558
219,"36081069000",0.0867150345310942,0.0627730387071757
220,"36005029302",0.201881580966148,0.294913984738308
220,"36005028500",0.12105586652427,0.111261640011533
220,"36005029301",0.115263696683981,0.0580151930534876
220,"36005029500",0.108789333821537,0.133881636845752
220,"36005029700",0.107591150720658,0.120125771026914
220,"36005028300",0.106220448203471,0.066330107032122
220,"36005028900",0.089160154304526,0.106827396896247
220,"36005028700",0.0719770123750595,0.0684927462100796
220,"36005030100",0.0680472110533937,0.0286939008830961
220,"36005043503",0.00317790774480514,0
220,"36005027300",0.00269155773041408,0.00464902434203358
220,"36005027700",0.00239133930132476,0.00287353699304937
220,"36005027900",0.00175274057041174,0.00393506196737738
221,"36085002100",0.200164691179239,0.281539769592504
221,"36085000800",0.184377587218476,0.238811023571461
221,"36085000600",0.154631512811631,0.0993292647208535
221,"36085002900",0.122190562036867,0.167953692241195
221,"36085002001",0.114758006002999,0.0833611701050144
221,"36085003600",0.0941828545898416,0.061606670617754
221,"36085001700",0.0709329509763752,0.029063380101786
221,"36085002700",0.0582506239319691,0.0382776133126434
221,"36085001800",0.000511211252602385,0.0000574157367885825
222,"36047105804",0.610811617825857,0.630495181904383
222,"36047105801",0.385062148424518,0.369504818095617
222,"36047107003",0.00412623374962494,0
223,"36081010701",0.297459803516898,0
223,"36081031700",0.131663204447818,0.312290565326291
223,"36081012301",0.110319170973899,0.146646384853626
223,"36081010300",0.0467112508451276,0.0727172185222931
223,"36081011700",0.0396903440177955,0.0633657249427808
223,"36081009700",0.0376284463686561,0.0574105994344664
223,"36081013700",0.0372947216876874,0.0277907938166462
223,"36081010500",0.0369315115706347,0.0685507050114316
223,"36081011500",0.0346053675094081,0.0349373661759097
223,"36081011300",0.0333192921912467,0.0588913523514009
223,"36081010100",0.0322291421523804,0.0344222099656145
223,"36081009500",0.0306805404008923,0.0238990939183894
223,"36081012500",0.0303599344953615,0.0164181316431433
223,"36081011100",0.0281138579419106,0.0328551933355309
223,"36081012100",0.0257200985908995,0.0218964289010352
223,"36081013500",0.0253291664710624,0.0134155696446931
223,"36081011900",0.0207889394177693,0.0132427701253898
223,"36081030904",0.00115520740055263,0.00124989203135874
224,"36061004400",0.767246844009944,0.916762011275986
224,"36061006000",0.232753155990056,0.0832379887240141
225,"36047037700",0.0651958341087365,0.0777642941238848
225,"36047038700",0.0645551650199629,0.0803584715768329
225,"36047037900",0.0629881046094196,0.0592191364759165
225,"36047038300",0.0598130401915793,0.0766139952822582
225,"36047038500",0.0597901298080891,0.0535644191954541
225,"36047028900",0.0568079376526921,0.0552059215856722
225,"36047029100",0.0564242473413464,0.0457625250650763
225,"36047029500",0.0564057246012584,0.0534403790407843
225,"36047029300",0.0563601024569829,0.0420124538974058
225,"36047027700",0.0555834483378072,0.0560479120367082
225,"36047027500",0.0555173713016451,0.0685878045990313
225,"36047028100",0.0555134392731463,0.0681666618964345
225,"36047027900",0.0555011085450335,0.0554836616309434
225,"36047037500",0.0544041199420497,0.0477830621128482
225,"36047027300",0.0513087103384564,0.050210459346686
225,"36047028700",0.0509810876594941,0.040595236615842
225,"36047028300",0.0417648068203932,0.0389134251100493
225,"36047028502",0.0410856219919074,0.030270180408172
226,"36081021900",0.183933846830449,0
226,"36081017101",0.117285195350433,0
226,"36081019903",0.0948739062868881,0
226,"36081019902",0.0905380649848488,0.0141439669886787
226,"36081020500",0.0812459045961562,0.0928433739503332
226,"36081017102",0.0600570516504913,0.0178313367227512
226,"36081017902",0.0542848241429601,0.00323287547647461
226,"36081019901",0.0459726927773015,0.0182126893075348
226,"36081018700",0.0347256056722002,0.0827218735665315
226,"36081016900",0.033186869234085,0.167822904424442
226,"36081018900",0.0313104797344077,0.0839368417284087
226,"36081018300",0.0309268189849273,0.135012981605384
226,"36081023501",0.0197940031783588,0.0617423612891867
226,"36081025301",0.0183114813896852,0.0578450254062318
226,"36081023502",0.0169054244017611,0.0399649764195109
226,"36081025302",0.0147068821478246,0.0384105907648026
226,"36081018501",0.0141702951495305,0.0452035257117985
226,"36081018502",0.0141509678453439,0.037508302632142
226,"36081018102",0.0138766164578847,0.0440750541256207
226,"36081017901",0.0138626310968011,0.01250326418236
226,"36081018101",0.0138390859924849,0.0421880598712096
226,"36081003301",0.00137588805338835,0.00479999582659811
226,"36081022900",0.000665464041788513,0
227,"36047011800",0.086899002164961,0.0500141624728009
227,"36047012000",0.0765809893531053,0.0289195116164696
227,"36047008800",0.0744495431665476,0.0739242036981672
227,"36047011200",0.0679805134884048,0.138543288160727
227,"36047011000",0.0626388333851072,0.0489503179818828
227,"36047010200",0.0604852459652482,0.096977324421263
227,"36047009800",0.059925802922808,0.124012197110354
227,"36047010000",0.0599106518343292,0.101375070351524
227,"36047009600",0.0598257533842013,0.111393284105904
227,"36047008600",0.0450479225428427,0
227,"36047009001",0.0304173711772802,0.0122367498521921
227,"36047010402",0.0302378536228827,0.0202648966469389
227,"36047010401",0.0302008076408012,0.0191787222905343
227,"36047009402",0.0299855798936989,0.0303193711119099
227,"36047010602",0.0299671780237255,0.0192890231895563
227,"36047010801",0.0299565123429851,0.0173428604938312
227,"36047010802",0.0299453922167366,0.0223305678566357
227,"36047009401",0.0299450328096715,0.0179639369553952
227,"36047010601",0.0299333128771589,0.0197286050671919
227,"36047009002",0.0297177293551469,0.0141906057348149
227,"36047009202",0.0224958595574218,0.0183634579921981
227,"36047009201",0.0224391847665543,0.0137378956043439
227,"36047012600",0.00101392750838058,0.000943947285364698
228,"36047001803",0.137777485419223,0.00067599179592196
228,"36047001802",0.127905465526879,0
228,"36047001801",0.101631753032969,0.0719863909560727
228,"36047002200",0.0729788229596725,0.151363197449082
228,"36047001804",0.0728433949211827,0
228,"36047010100",0.0678743238230972,0.139444033215036
228,"36047000200",0.0590125192214465,0.0339024046985196
228,"36047008400",0.0530075574193814,0.0707880704377208
228,"36047014500",0.0463471306023014,0.0967680475881883
228,"36047012200",0.0390315614888238,0.0810412436687003
228,"36047002000",0.03241624152849,0.0250571520393409
228,"36047007400",0.0309166375395099,0.0755413545889862
228,"36047008200",0.0303411258812816,0.0539300103864839
228,"36047007600",0.0302085525983617,0.0551899945280321
228,"36047007800",0.0301966401570054,0.063478484436476
228,"36047008000",0.0301273974118669,0.0442913895120613
228,"36047014700",0.0228428400776594,0.0241778858812286
228,"36047007200",0.0130270429377012,0.0102207359830254
228,"36047012600",0.000803175038253721,0.00108190127224363
228,"36047003400",0.000710332414893562,0.00106171156288125
229,"36061009800",0.297058302443141,0.430546946397484
229,"36061010601",0.203222406348655,0.257336131267013
229,"36061008603",0.194513654067993,0.157894090241402
229,"36061010801",0.118749373524887,0.0613077273141849
229,"36061010802",0.0962574376385542,0.0650240806824927
229,"36061010803",0.0888488239187706,0.0278910240974237
229,"36061008602",0.00135000205799794,0
230,"36061011900",0.33760215400533,0.182125872197091
230,"36061012500",0.331275505580864,0.357425683904224
230,"36061013100",0.331122340413806,0.460448443898686
231,"36061003300",0.307942651034463,0.324880185343343
231,"36061003900",0.284741977044355,0.287682591887534
231,"36061002100",0.214032100561649,0.282340804634196
231,"36061003100",0.183032898438914,0.0944246917666925
231,"36061031703",0.0066975477087188,0.00698993732158305
231,"36061001501",0.00200978488383954,0.00273529735679349
231,"36061003700",0.00154304032806035,0.00094649168985733
232,"36061000202",0.216725060343195,0.240471165559938
232,"36061000600",0.170585337384572,0.28832196738955
232,"36061001002",0.144261246850879,0.154150610158992
232,"36061002201",0.11431725223295,0.127442923818075
232,"36061001200",0.0852821183724131,0.0583876307267701
232,"36061001402",0.0805529191382357,0.0457665592622645
232,"36061001401",0.0660949033779192,0.0401980555956962
232,"36061000201",0.0629278234916051,0.0275243672835977
232,"36061001001",0.0578270078526999,0.016555436692623
232,"36061002000",0.00142633095553168,0.00118128351249314
233,"36061008800",0.31416962690171,0.450697754882869
233,"36061009000",0.306786877386893,0.421029784756232
233,"36061008601",0.20173172981104,0.127431463164167
233,"36061008602",0.176419199169667,0
233,"36061008603",0.000892566730690693,0.000840997196731551
234,"36061005800",0.25463796839771,0.256968983984642
234,"36061005600",0.254497552151498,0.246260379599915
234,"36061005200",0.24577350977428,0.220458311180386
234,"36061005400",0.245090969676512,0.276312325235057
235,"36005020501",0.13761131252377,0.262602766316789
235,"36005025100",0.105955575488473,0.168146124943387
235,"36005024900",0.0884920175356723,0
235,"36005021700",0.0807278688642006,0.091840732601746
235,"36005021502",0.0790856674884643,0.11206119481634
235,"36005025700",0.0787804656893004,0.0301675093020493
235,"36005024300",0.0756742506188961,0.0710950898901013
235,"36005024700",0.0740476428392993,0.0295499503936518
235,"36005024501",0.0578641579458912,0.0638571191704462
235,"36005020502",0.0511661426475295,0.0271047844063676
235,"36005024502",0.0504931386260626,0.0484934258452355
235,"36005021501",0.0464346217448233,0.0458619630982208
235,"36005005300",0.0427266588327563,0.0394712144751867
235,"36005021301",0.0297620478431151,0.00871839886974752
235,"36005020100",0.00117843131174569,0.00102972587073091
236,"36061014200",0.185750104963188,0.142986533779436
236,"36061014000",0.185586774818505,0.289060655032518
236,"36061015801",0.13038189468166,0.130860744429387
236,"36061016001",0.130321154360981,0.0786109709425676
236,"36061015002",0.130273017506855,0.123593908260217
236,"36061014802",0.13018860387104,0.180082347269826
236,"36061014801",0.0538873328839236,0.0325991819230247
236,"36061015001",0.0536111169138471,0.0222056583630237
237,"36061012800",0.198646057311175,0.309224009641217
237,"36061013000",0.198026694581871,0.19917779164721
237,"36061012000",0.192225560439556,0.202210283358445
237,"36061012200",0.191797883185001,0.179438949393467
237,"36061011402",0.109798961920757,0.0760745498196897
237,"36061011401",0.109504842561639,0.0338744161399705
238,"36061018300",0.194738477117271,0.173451021946786
238,"36061017500",0.188805298472226,0.20919184990144
238,"36061017900",0.185579001200494,0.193396488442779
238,"36061017300",0.156532876211252,0.15433860161964
238,"36061017700",0.153024581395154,0.161973803344826
238,"36061018100",0.121319765603603,0.107648234744529
239,"36061016300",0.217907401875384,0.211424621538666
239,"36061017100",0.172255932327803,0.195036432287986
239,"36061016500",0.167474951234104,0.159020002812245
239,"36061016700",0.167167443521439,0.176304833246044
239,"36061016900",0.147521956700409,0.159907342144748
239,"36061016100",0.127672314340862,0.0983067679703109
240,"36005043503",0.695450337815157,0
240,"36005043502",0.246011066016983,0
240,"36005043501",0.0585385961678593,1
241,"36005040900",0.489439734478448,0.359656802447615
241,"36005027900",0.113568714698904,0.20992866766631
241,"36005027300",0.0826826530448794,0.117584919594091
241,"36005027700",0.0711160106619322,0.070359392283099
241,"36005026702",0.070912082422344,0.107275004917581
241,"36005028100",0.0536724136793454,0.0423125670190877
241,"36005040303",0.036997561223326,0.0327177338472953
241,"36005026701",0.0288388187008307,0.0229008491192465
241,"36005040304",0.028193841057573,0.0218337886657959
241,"36005040701",0.024578170032418,0.0154302744398784
242,"36005028400",0.334985362136919,0.0640377200744345
242,"36005020000",0.101609261171835,0.229506888000556
242,"36005023800",0.100835830420042,0.131532773696262
242,"36005024000",0.0709003644005476,0.139704784197537
242,"36005028600",0.0583620154701814,0.0372291650138232
242,"36005025200",0.0564435200517088,0.0744918495372145
242,"36005025600",0.0561569687477,0.0454096929806613
242,"36005024400",0.052157687770842,0.0600378519465745
242,"36005025400",0.0503979288286844,0.0665131254722294
242,"36005023000",0.0472556612498608,0.0697814220624732
242,"36005023200",0.0423289911535748,0.0568160541316878
242,"36005023600",0.027267341972146,0.0248364164685447
242,"36005027600",0.00129906662595838,0.000102256418001882
243,"36061028700",0.252287087337091,0.160175504226056
243,"36061027500",0.130063241056719,0.0708052984410629
243,"36061027100",0.0916190012718135,0.122043156341538
243,"36061027900",0.0857154481411323,0.141389298015125
243,"36061027300",0.0840860213508807,0.10755263905209
243,"36061026900",0.0834272817967718,0.109107231756491
243,"36061027700",0.0774813256984974,0.0858667554095134
243,"36061028300",0.0717004372628672,0.0991864995894771
243,"36061028500",0.0579433447122603,0.0707244299522235
243,"36061028100",0.042923845329425,0.0244308643850681
243,"36061026700",0.0227529660425416,0.00871832283135375
244,"36061025500",0.20426961476598,0.152120538097298
244,"36061024700",0.118257106221457,0.0966167777708072
244,"36061024500",0.0989002168439773,0.193027193430659
244,"36061026500",0.0900352964326983,0.0928473283664394
244,"36061024100",0.0812866638887037,0.0861436595895539
244,"36061025300",0.0789200640619759,0.107664391439171
244,"36061025100",0.0742977195289116,0.0248894836991197
244,"36061026300",0.0732501607295487,0.0818147986827183
244,"36061026100",0.0728019640261783,0.117370444871448
244,"36061024301",0.0488967571529169,0.0306458588712205
244,"36061023900",0.0297352262835857,0.0126764429274472
244,"36061024900",0.0282654029916514,0.00372394603445356
244,"36061027500",0.00108380707241505,0.000459136219662876
245,"36085006700",0.217613236457243,0.205324461617737
245,"36085005901",0.214589340352351,0.202009515651403
245,"36085010500",0.186574886111148,0.323340210162323
245,"36085012100",0.169554921457293,0.163368337077972
245,"36085007500",0.109411394245472,0.105957475490564
245,"36085005902",0.102256221376493,0
246,"36061009903",0.353209810855189,0.193706093482242
246,"36061009901",0.32386026957626,0.236167169982996
246,"36061011700",0.16560911661172,0.332479549466637
246,"36061009902",0.156401854957661,0.235305893990297
246,"36061012901",0.000918947999169935,0.00234129307782854
247,"36005006301",0.443647478645284,0.551528198142033
247,"36005006302",0.145261973354398,0
247,"36005019500",0.122110295727376,0.166547005507543
247,"36005019700",0.0823660116112288,0.110742555546024
247,"36005020900",0.07336627692118,0.0621880698849085
247,"36005022300",0.0518010058535694,0.0444380874406759
247,"36005022102",0.0435805689914819,0.0395138799619385
247,"36005022101",0.0378663888954815,0.0250422035168765
248,"36005021800",0.21382722040862,0.258156785362745
248,"36005007600",0.155146620275828,0.162604371113936
248,"36005005400",0.141352534986419,0.154635004734635
248,"36005006200",0.137577502780016,0.174692606480331
248,"36005006400",0.119320073191933,0.0998635766825459
248,"36005021601",0.11678854866576,0.095973599440002
248,"36005005600",0.100333821435918,0.0500756072676022
248,"36005006000",0.0156536782555072,0.00399844891820255
249,"36061007700",0.263795218981481,0.282790221513061
249,"36061006700",0.248762271010582,0.221530567449626
249,"36061007300",0.244081782561015,0.251985312413586
249,"36061007100",0.243360727446922,0.243693898623728
250,"36005009600",0.303261782331511,0.16348458251923
250,"36005009800",0.232703893148894,0.258759703285482
250,"36005007800",0.140191355466466,0.215225546039697
250,"36005009200",0.138637628395157,0.222475275938817
250,"36005020601",0.068074308597554,0.0529133907529142
250,"36005020400",0.0604752941854511,0.0466276759320154
250,"36005020200",0.0561057355389699,0.0397875671666759
250,"36005007200",0.000550002335996112,0.000726258365168034
251,"36085014700",0.283987486373656,0.240517303924533
251,"36085018901",0.184960935691584,0.270494879388913
251,"36085015100",0.171055733250819,0.21814717897231
251,"36085016901",0.134833188421748,0.121621707558947
251,"36085020100",0.106727867458627,0.0900956433601993
251,"36085018701",0.0652405348320781,0.0314260862312832
251,"36085019700",0.0510606852198214,0.0253663362734244
251,"36085018704",0.00131578299943514,0.00154198797922673
251,"36085018703",0.000817785752230462,0.000788876311163143
252,"36081094500",0.238492710832653,0.209343984347739
252,"36081099100",0.1677818603634,0.283276417278939
252,"36081103900",0.135613025051093,0.19669292454679
252,"36081098700",0.104444362909394,0.0600153031082053
252,"36081098100",0.100861647163532,0.0556079348077355
252,"36081103300",0.0946152909452712,0.0920531277328859
252,"36081097300",0.081776501673869,0.0383754761400251
252,"36081102900",0.0764146010607867,0.0646348320376792
253,"36081038301",0.998677042346422,0.998677042346422
253,"36081038302",0.00132295765357802,0.00132295765357802
254,"36005040600",0.0662791678533939,0.0701353421612031
254,"36005039600",0.0662462125027505,0.0764381531472509
254,"36005040400",0.0638808663990652,0.0667552301373693
254,"36005038000",0.0629499519423272,0.0969557331462566
254,"36005039800",0.0599104651331802,0.0650310650952124
254,"36005037200",0.0553886531997994,0.0342563917950737
254,"36005039000",0.054018587504024,0.0505856308344744
254,"36005042200",0.0519558620834889,0.0511233360622414
254,"36005042400",0.0518998240571531,0.0394509373069449
254,"36005036800",0.0501860362077964,0.0301307884813495
254,"36005037400",0.0496272298234368,0.055284112898661
254,"36005037000",0.0471210451412633,0.0341279122485538
254,"36005038200",0.0469813044543601,0.0426990471771679
254,"36005042000",0.0445303196604125,0.0636292263868519
254,"36005038800",0.043944916435716,0.0370827545164638
254,"36005039400",0.0430379721078641,0.0570495139850712
254,"36005037800",0.0393873203300942,0.0423310821642212
254,"36005037600",0.0369840967263475,0.0239850319666117
254,"36005040800",0.0364923531181922,0.0490218882353482
254,"36005039200",0.0285528003619317,0.0139206895030867
254,"36005033400",0.000625014957402558,0.0000061327505861353
255,"36047055700",0.217219034514717,0.0812858268386576
255,"36047051900",0.201152774972553,0.267615075053825
255,"36047055500",0.192214506300209,0.37925351851211
255,"36047051700",0.137352374442221,0.0932245281751856
255,"36047051500",0.136456325353217,0.0867359533907356
255,"36047055300",0.114342705481821,0.0906298217692744
255,"36061002400",0.00126227893526125,0.00125527626021173
256,"36047051300",0.196217782462243,0.199818442996323
256,"36047055100",0.17741933246608,0.187181757666059
256,"36047054900",0.147894541621328,0.114280787362788
256,"36047052700",0.144757742242967,0.137117330831771
256,"36047054700",0.12899584731484,0.21268917983333
256,"36047052300",0.10998309754256,0.0952480266014719
256,"36047052500",0.0947316563499827,0.0536644747082571
257,"36047150200",0.244321156969053,0.227234994739981
257,"36047016900",0.160807720588259,0.244464249276906
257,"36047017100",0.159995824288491,0.213561497191889
257,"36047050401",0.111367208605063,0.0904340420028177
257,"36047050001",0.10776211861361,0.0793050135023523
257,"36047050202",0.103373799435251,0.0804427081476288
257,"36047050402",0.0652516244318659,0.0410340913998382
257,"36047050002",0.0471205470684065,0.023523403738587
258,"36081001200",0.0654457167733573,0.0975012702863728
258,"36081000400",0.0654419537314586,0.0868840352179299
258,"36081000600",0.0623734987963391,0.0716463674339264
258,"36081001400",0.0623464314089294,0.0728260161095201
258,"36081003400",0.0622628440066254,0.0527779507039066
258,"36081004200",0.0582838099392983,0.0877369116840841
258,"36081000800",0.0552427943952742,0.067371249699905
258,"36081003600",0.0523697444622728,0.0564433469910386
258,"36081001800",0.0517510117926913,0.0506678288205984
258,"36081003800",0.0512725393203492,0.0362597110217502
258,"36081004001",0.0507120896439823,0.0338609239927161
258,"36081001000",0.047120051671964,0.0707029046064396
258,"36081003200",0.0468205750952811,0.0288227441643316
258,"36081000200",0.0450097073813436,0.0355308878869444
258,"36081001600",0.0438904895932802,0.0376447458789822
258,"36081002200",0.0431000450982048,0.0281924038903924
258,"36081002000",0.0426518810999115,0.0244894976068431
258,"36081005200",0.0379879366945424,0.0283157268375338
258,"36081003000",0.0330059648952363,0.0150625886709345
258,"36081064101",0.0229109141996584,0.0172628884958503
259,"36005041400",0.149695627484971,0.209763192094432
259,"36005042600",0.137797090659435,0.234856556068997
259,"36005044400",0.0987276822366099,0.108318279294942
259,"36005043400",0.0946802166801843,0.0948763585844169
259,"36005041800",0.0737748223047476,0.0640291558322022
259,"36005044200",0.0658171982725286,0.0674001178608424
259,"36005045102",0.0575229146813275,0.0304013829786876
259,"36005043000",0.0558707077521255,0.0428929606032825
259,"36005045101",0.0472634357745848,0.0204737272821668
259,"36005042800",0.045842644843422,0.0278952966110374
259,"36005044800",0.0457512722107513,0.0277578491998396
259,"36005044901",0.0427788453874403,0.0223575542582105
259,"36005043600",0.0422747676420197,0.025518964331643
259,"36005044902",0.0422027740698525,0.0234586049993003
260,"36081022900",0.334380880002239,0
260,"36081029700",0.128989881694282,0.127112144999435
260,"36081024500",0.0640226765297003,0.134625121249611
260,"36081025100",0.062100877635533,0.145966413198126
260,"36081026100",0.0559731550822214,0.165521159554371
260,"36081025500",0.0550525072994372,0.0315386958044565
260,"36081024900",0.0515801317928078,0.111139862019643
260,"36081026300",0.0500297209135683,0.0940046851790642
260,"36081025900",0.0473047185894296,0.059659240007189
260,"36081029500",0.0461372940860454,0.0670670812752251
260,"36081029300",0.0382475388618973,0.0191370066684059
260,"36081025700",0.0380716113723718,0.0227991523052986
260,"36081024700",0.0243338372063955,0.0151038407197459
260,"36081029100",0.00149295840793878,0.00385127461789237
260,"36081021900",0.00088051116297353,0
260,"36081025302",0.000719034903708319,0.000896748632741279
260,"36081024300",0.000682664459451084,0.0015775737687962
261,"36061001300",0.981540166825964,0.96440153221505
261,"36061031704",0.017335164623906,0.0339741031349444
261,"36061002100",0.00112466855012957,0.00162436465000585
262,"36061015200",0.273574680266008,0.349009117316399
262,"36061014402",0.270527157896913,0.306049250238171
262,"36061014401",0.116322141812977,0.0968921614617415
262,"36061013604",0.111131302471003,0.0745206885994453
262,"36061013602",0.0873984958915053,0.0926794154341987
262,"36061013603",0.0833722450928905,0.0618577868456503
262,"36061013601",0.0576739765687026,0.0189915801043944
263,"36061013800",0.295300304352226,0.473087801531131
263,"36061014602",0.177118973594307,0.199095169315026
263,"36061014601",0.120525118426436,0.0655438064973959
263,"36061015601",0.119336689929087,0.0851903445499631
263,"36061015401",0.114982616766592,0.0729089846059614
263,"36061015402",0.0889824375371886,0.0457374388342489
263,"36061015403",0.0837538593941635,0.058436454666274
