"geoid","boroct2020","borocode","boroname","ct2020","nta2020","ntaname","cdta2020","cdtaname","area_sqmi"
"36061000100","1000100","1","Manhattan","000100","MN0191","The Battery-Governors Island-Ellis Island-Liberty Island","MN01","MN01 Financial District-Tribeca (CD 1 Equivalent)",0.0661074335458081
"36061002201","1002201","1","Manhattan","002201","MN0302","Lower East Side","MN03","MN03 Lower East Side-Chinatown (CD 3 Equivalent)",0.0624203680766522
"36061002602","1002602","1","Manhattan","002602","MN0303","East Village","MN03","MN03 Lower East Side-Chinatown (CD 3 Equivalent)",0.0399900317604764
"36061002800","1002800","1","Manhattan","002800","MN0303","East Village","MN03","MN03 Lower East Side-Chinatown (CD 3 Equivalent)",0.0707956402580014
"36061003400","1003400","1","Manhattan","003400","MN0303","East Village","MN03","MN03 Lower East Side-Chinatown (CD 3 Equivalent)",0.0616408781168725
"36061003601","1003601","1","Manhattan","003601","MN0302","Lower East Side","MN03","MN03 Lower East Side-Chinatown (CD 3 Equivalent)",0.0388220413726358
"36061003602","1003602","1","Manhattan","003602","MN0303","East Village","MN03","MN03 Lower East Side-Chinatown (CD 3 Equivalent)",0.0344740193952659
"36061004001","1004001","1","Manhattan","004001","MN0303","East Village","MN03","MN03 Lower East Side-Chinatown (CD 3 Equivalent)",0.0356919305985935
"36061004002","1004002","1","Manhattan","004002","MN0303","East Village","MN03","MN03 Lower East Side-Chinatown (CD 3 Equivalent)",0.0334527175455586
"36061004100","1004100","1","Manhattan","004100","MN0201","SoHo-Little Italy-Hudson Square","MN02","MN02 Greenwich Village-SoHo (CD 2 Equivalent)",0.0738429674416164
"36061004300","1004300","1","Manhattan","004300","MN0201","SoHo-Little Italy-Hudson Square","MN02","MN02 Greenwich Village-SoHo (CD 2 Equivalent)",0.0575923994510609
"36061005400","1005400","1","Manhattan","005400","MN0501","Midtown South-Flatiron-Union Square","MN05","MN05 Midtown-Flatiron-Union Square (CD 5 Approximation)",0.0648981915879429
"36061005501","1005501","1","Manhattan","005501","MN0202","Greenwich Village","MN02","MN02 Greenwich Village-SoHo (CD 2 Equivalent)",0.0480124820239855
"36061005502","1005502","1","Manhattan","005502","MN0202","Greenwich Village","MN02","MN02 Greenwich Village-SoHo (CD 2 Equivalent)",0.0445866900845821
"36061005800","1005800","1","Manhattan","005800","MN0501","Midtown South-Flatiron-Union Square","MN05","MN05 Midtown-Flatiron-Union Square (CD 5 Approximation)",0.0674238156193445
"36061006700","1006700","1","Manhattan","006700","MN0203","West Village","MN02","MN02 Greenwich Village-SoHo (CD 2 Equivalent)",0.0650279335331404
"36061006800","1006800","1","Manhattan","006800","MN0602","Gramercy","MN06","MN06 East Midtown-Murray Hill (CD 6 Approximation)",0.0673545977513012
"36061007001","1007001","1","Manhattan","007001","MN0603","Murray Hill-Kips Bay","MN06","MN06 East Midtown-Murray Hill (CD 6 Approximation)",0.0347060685833147
"36061007002","1007002","1","Manhattan","007002","MN0603","Murray Hill-Kips Bay","MN06","MN06 East Midtown-Murray Hill (CD 6 Approximation)",0.0337598723988117
"36061007200","1007200","1","Manhattan","007200","MN0603","Murray Hill-Kips Bay","MN06","MN06 East Midtown-Murray Hill (CD 6 Approximation)",0.0673429297919805
"36061007300","1007300","1","Manhattan","007300","MN0203","West Village","MN02","MN02 Greenwich Village-SoHo (CD 2 Equivalent)",0.06379760277032
"36061007700","1007700","1","Manhattan","007700","MN0203","West Village","MN02","MN02 Greenwich Village-SoHo (CD 2 Equivalent)",0.069050185381882
"36061007800","1007800","1","Manhattan","007800","MN0603","Murray Hill-Kips Bay","MN06","MN06 East Midtown-Murray Hill (CD 6 Approximation)",0.0685880537633907
"36061008000","1008000","1","Manhattan","008000","MN0603","Murray Hill-Kips Bay","MN06","MN06 East Midtown-Murray Hill (CD 6 Approximation)",0.0665740841349321
"36061008100","1008100","1","Manhattan","008100","MN0401","Chelsea-Hudson Yards","MN04","MN04 Chelsea-Hell's Kitchen (CD 4 Approximation)",0.0672887616672144
"36061008300","1008300","1","Manhattan","008300","MN0401","Chelsea-Hudson Yards","MN04","MN04 Chelsea-Hell's Kitchen (CD 4 Approximation)",0.0671853416817478
"36061008900","1008900","1","Manhattan","008900","MN0401","Chelsea-Hudson Yards","MN04","MN04 Chelsea-Hell's Kitchen (CD 4 Approximation)",0.0639455112141336
"36061009200","1009200","1","Manhattan","009200","MN0604","East Midtown-Turtle Bay","MN06","MN06 East Midtown-Murray Hill (CD 6 Approximation)",0.0759887593143506
"36061009300","1009300","1","Manhattan","009300","MN0401","Chelsea-Hudson Yards","MN04","MN04 Chelsea-Hell's Kitchen (CD 4 Approximation)",0.0692081067862978
"36061009500","1009500","1","Manhattan","009500","MN0501","Midtown South-Flatiron-Union Square","MN05","MN05 Midtown-Flatiron-Union Square (CD 5 Approximation)",0.0664010958414585
"36061009600","1009600","1","Manhattan","009600","MN0502","Midtown-Times Square","MN05","MN05 Midtown-Flatiron-Union Square (CD 5 Approximation)",0.067696566035837
"36061009902","1009902","1","Manhattan","009902","MN0401","Chelsea-Hudson Yards","MN04","MN04 Chelsea-Hell's Kitchen (CD 4 Approximation)",0.0719872824158828
"36061010000","1010000","1","Manhattan","010000","MN0604","East Midtown-Turtle Bay","MN06","MN06 East Midtown-Murray Hill (CD 6 Approximation)",0.0667139493909697
"36061010100","1010100","1","Manhattan","010100","MN0501","Midtown South-Flatiron-Union Square","MN05","MN05 Midtown-Flatiron-Union Square (CD 5 Approximation)",0.0678443090818935
"36061010200","1010200","1","Manhattan","010200","MN0502","Midtown-Times Square","MN05","MN05 Midtown-Flatiron-Union Square (CD 5 Approximation)",0.0667538536136436
"36061010400","1010400","1","Manhattan","010400","MN0502","Midtown-Times Square","MN05","MN05 Midtown-Flatiron-Union Square (CD 5 Approximation)",0.0668836728144232
"36061010801","1010801","1","Manhattan","010801","MN0604","East Midtown-Turtle Bay","MN06","MN06 East Midtown-Murray Hill (CD 6 Approximation)",0.0273739500328978
"36061010802","1010802","1","Manhattan","010802","MN0604","East Midtown-Turtle Bay","MN06","MN06 East Midtown-Murray Hill (CD 6 Approximation)",0.0221584218248904
"36061010803","1010803","1","Manhattan","010803","MN0604","East Midtown-Turtle Bay","MN06","MN06 East Midtown-Murray Hill (CD 6 Approximation)",0.0209151735221985
"36061010900","1010900","1","Manhattan","010900","MN0502","Midtown-Times Square","MN05","MN05 Midtown-Flatiron-Union Square (CD 5 Approximation)",0.0678433353757851
"36061011201","1011201","1","Manhattan","011201","MN0502","Midtown-Times Square","MN05","MN05 Midtown-Flatiron-Union Square (CD 5 Approximation)",0.0307102905997676
"36061011202","1011202","1","Manhattan","011202","MN0502","Midtown-Times Square","MN05","MN05 Midtown-Flatiron-Union Square (CD 5 Approximation)",0.0301137827988956
"36061011203","1011203","1","Manhattan","011203","MN0604","East Midtown-Turtle Bay","MN06","MN06 East Midtown-Murray Hill (CD 6 Approximation)",0.0301734527623464
"36061011300","1011300","1","Manhattan","011300","MN0502","Midtown-Times Square","MN05","MN05 Midtown-Flatiron-Union Square (CD 5 Approximation)",0.0678273765777413
"36061011402","1011402","1","Manhattan","011402","MN0802","Upper East Side-Carnegie Hill","MN08","MN08 Upper East Side-Roosevelt Island (CD 8 Equivalent)",0.0381495586648935
"36061011800","1011800","1","Manhattan","011800","MN0801","Upper East Side-Lenox Hill-Roosevelt Island","MN08","MN08 Upper East Side-Roosevelt Island (CD 8 Equivalent)",0.0682701940641059
"36061011900","1011900","1","Manhattan","011900","MN0502","Midtown-Times Square","MN05","MN05 Midtown-Flatiron-Union Square (CD 5 Approximation)",0.0685587228429822
"36061012000","1012000","1","Manhattan","012000","MN0802","Upper East Side-Carnegie Hill","MN08","MN08 Upper East Side-Roosevelt Island (CD 8 Equivalent)",0.06680518705675
"36061012101","1012101","1","Manhattan","012101","MN0402","Hell's Kitchen","MN04","MN04 Chelsea-Hell's Kitchen (CD 4 Approximation)",0.0344202964242661
"36061012102","1012102","1","Manhattan","012102","MN0402","Hell's Kitchen","MN04","MN04 Chelsea-Hell's Kitchen (CD 4 Approximation)",0.0344314922091985
"36061012200","1012200","1","Manhattan","012200","MN0802","Upper East Side-Carnegie Hill","MN08","MN08 Upper East Side-Roosevelt Island (CD 8 Equivalent)",0.0666400659653046
"36061012500","1012500","1","Manhattan","012500","MN0502","Midtown-Times Square","MN05","MN05 Midtown-Flatiron-Union Square (CD 5 Approximation)",0.0672739356142527
"36061012601","1012601","1","Manhattan","012601","MN0801","Upper East Side-Lenox Hill-Roosevelt Island","MN08","MN08 Upper East Side-Roosevelt Island (CD 8 Equivalent)",0.0364270705466968
"36061012602","1012602","1","Manhattan","012602","MN0801","Upper East Side-Lenox Hill-Roosevelt Island","MN08","MN08 Upper East Side-Roosevelt Island (CD 8 Equivalent)",0.0344708057646019
"36061012700","1012700","1","Manhattan","012700","MN0402","Hell's Kitchen","MN04","MN04 Chelsea-Hell's Kitchen (CD 4 Approximation)",0.067161992448705
"36061013000","1013000","1","Manhattan","013000","MN0802","Upper East Side-Carnegie Hill","MN08","MN08 Upper East Side-Roosevelt Island (CD 8 Equivalent)",0.068804211533596
"36061013100","1013100","1","Manhattan","013100","MN0502","Midtown-Times Square","MN05","MN05 Midtown-Flatiron-Union Square (CD 5 Approximation)",0.0672435312910442
"36061013201","1013201","1","Manhattan","013201","MN0801","Upper East Side-Lenox Hill-Roosevelt Island","MN08","MN08 Upper East Side-Roosevelt Island (CD 8 Equivalent)",0.0301232410890925
"36061013202","1013202","1","Manhattan","013202","MN0801","Upper East Side-Lenox Hill-Roosevelt Island","MN08","MN08 Upper East Side-Roosevelt Island (CD 8 Equivalent)",0.0261091221603691
"36061013300","1013300","1","Manhattan","013300","MN0402","Hell's Kitchen","MN04","MN04 Chelsea-Hell's Kitchen (CD 4 Approximation)",0.06731644618909
"36061013601","1013601","1","Manhattan","013601","MN0803","Upper East Side-Yorkville","MN08","MN08 Upper East Side-Roosevelt Island (CD 8 Equivalent)",0.0143681183883147
"36061013602","1013602","1","Manhattan","013602","MN0803","Upper East Side-Yorkville","MN08","MN08 Upper East Side-Roosevelt Island (CD 8 Equivalent)",0.0217732791244808
"36061014801","1014801","1","Manhattan","014801","MN0802","Upper East Side-Carnegie Hill","MN08","MN08 Upper East Side-Roosevelt Island (CD 8 Equivalent)",0.0200596318102304
"36061014900","1014900","1","Manhattan","014900","MN0701","Upper West Side-Lincoln Square","MN07","MN07 Upper West Side (CD 7 Approximation)",0.0674483860128264
"36061015001","1015001","1","Manhattan","015001","MN0802","Upper East Side-Carnegie Hill","MN08","MN08 Upper East Side-Roosevelt Island (CD 8 Equivalent)",0.0199568100455622
"36061015002","1015002","1","Manhattan","015002","MN0802","Upper East Side-Carnegie Hill","MN08","MN08 Upper East Side-Roosevelt Island (CD 8 Equivalent)",0.048507596374582
"36061015101","1015101","1","Manhattan","015101","MN0701","Upper West Side-Lincoln Square","MN07","MN07 Upper West Side (CD 7 Approximation)",0.0423193538241549
"36061015301","1015301","1","Manhattan","015301","MN0701","Upper West Side-Lincoln Square","MN07","MN07 Upper West Side (CD 7 Approximation)",0.0335378861043149
"36061015302","1015302","1","Manhattan","015302","MN0701","Upper West Side-Lincoln Square","MN07","MN07 Upper West Side (CD 7 Approximation)",0.0336622294475955
"36061015401","1015401","1","Manhattan","015401","MN0803","Upper East Side-Yorkville","MN08","MN08 Upper East Side-Roosevelt Island (CD 8 Equivalent)",0.0273686753865245
"36061015402","1015402","1","Manhattan","015402","MN0803","Upper East Side-Yorkville","MN08","MN08 Upper East Side-Roosevelt Island (CD 8 Equivalent)",0.0211799967381297
"36061015403","1015403","1","Manhattan","015403","MN0803","Upper East Side-Yorkville","MN08","MN08 Upper East Side-Roosevelt Island (CD 8 Equivalent)",0.019935467243544
"36061015501","1015501","1","Manhattan","015501","MN0701","Upper West Side-Lincoln Square","MN07","MN07 Upper West Side (CD 7 Approximation)",0.0332964990450935
"36061015700","1015700","1","Manhattan","015700","MN0701","Upper West Side-Lincoln Square","MN07","MN07 Upper West Side (CD 7 Approximation)",0.0702553041055928
"36061015801","1015801","1","Manhattan","015801","MN0802","Upper East Side-Carnegie Hill","MN08","MN08 Upper East Side-Roosevelt Island (CD 8 Equivalent)",0.0485351474810067
"36061015802","1015802","1","Manhattan","015802","MN1101","East Harlem (South)","MN11","MN11 East Harlem (CD 11 Equivalent)",0.0197852180325076
"36061016001","1016001","1","Manhattan","016001","MN0802","Upper East Side-Carnegie Hill","MN08","MN08 Upper East Side-Roosevelt Island (CD 8 Equivalent)",0.0485186406201334
"36061016100","1016100","1","Manhattan","016100","MN0702","Upper West Side (Central)","MN07","MN07 Upper West Side (CD 7 Approximation)",0.0601669645633787
"36061016400","1016400","1","Manhattan","016400","MN1101","East Harlem (South)","MN11","MN11 East Harlem (CD 11 Equivalent)",0.0685582065240374
"36061016500","1016500","1","Manhattan","016500","MN0702","Upper West Side (Central)","MN07","MN07 Upper West Side (CD 7 Approximation)",0.0788816739655835
"36061016600","1016600","1","Manhattan","016600","MN1101","East Harlem (South)","MN11","MN11 East Harlem (CD 11 Equivalent)",0.0671456830869634
"36061016900","1016900","1","Manhattan","016900","MN0702","Upper West Side (Central)","MN07","MN07 Upper West Side (CD 7 Approximation)",0.0694837035603839
"36061017100","1017100","1","Manhattan","017100","MN0702","Upper West Side (Central)","MN07","MN07 Upper West Side (CD 7 Approximation)",0.081151535431919
"36061017200","1017200","1","Manhattan","017200","MN1101","East Harlem (South)","MN11","MN11 East Harlem (CD 11 Equivalent)",0.068610490160646
"36061017300","1017300","1","Manhattan","017300","MN0702","Upper West Side (Central)","MN07","MN07 Upper West Side (CD 7 Approximation)",0.0689378103213528
"36061017401","1017401","1","Manhattan","017401","MN1101","East Harlem (South)","MN11","MN11 East Harlem (CD 11 Equivalent)",0.0389620677224319
"36061017402","1017402","1","Manhattan","017402","MN1101","East Harlem (South)","MN11","MN11 East Harlem (CD 11 Equivalent)",0.0196418040236639
"36061017500","1017500","1","Manhattan","017500","MN0702","Upper West Side (Central)","MN07","MN07 Upper West Side (CD 7 Approximation)",0.0831501244767306
"36061017700","1017700","1","Manhattan","017700","MN0702","Upper West Side (Central)","MN07","MN07 Upper West Side (CD 7 Approximation)",0.0673970096181914
"36061018000","1018000","1","Manhattan","018000","MN1102","East Harlem (North)","MN11","MN11 East Harlem (CD 11 Equivalent)",0.0820538152337672
"36061018100","1018100","1","Manhattan","018100","MN0702","Upper West Side (Central)","MN07","MN07 Upper West Side (CD 7 Approximation)",0.0534433702737677
"36061018400","1018400","1","Manhattan","018400","MN1102","East Harlem (North)","MN11","MN11 East Harlem (CD 11 Equivalent)",0.0682811395080588
"36061018600","1018600","1","Manhattan","018600","MN1001","Harlem (South)","MN10","MN10 Harlem (CD 10 Equivalent)",0.047051497246084
"36061018700","1018700","1","Manhattan","018700","MN0703","Upper West Side-Manhattan Valley","MN07","MN07 Upper West Side (CD 7 Approximation)",0.0833581976987027
"36061019300","1019300","1","Manhattan","019300","MN0703","Upper West Side-Manhattan Valley","MN07","MN07 Upper West Side (CD 7 Approximation)",0.0678977748549185
"36061019600","1019600","1","Manhattan","019600","MN1102","East Harlem (North)","MN11","MN11 East Harlem (CD 11 Equivalent)",0.0682418193425063
"36061019702","1019702","1","Manhattan","019702","MN1001","Harlem (South)","MN10","MN10 Harlem (CD 10 Equivalent)",0.0182781127558426
"36061019900","1019900","1","Manhattan","019900","MN0901","Morningside Heights","MN09","MN09 Morningside Heights-Hamilton Heights (CD 9 Equivalent)",0.0863237034130827
"36061020600","1020600","1","Manhattan","020600","MN1102","East Harlem (North)","MN11","MN11 East Harlem (CD 11 Equivalent)",0.0574884682883443
"36061020701","1020701","1","Manhattan","020701","MN0901","Morningside Heights","MN09","MN09 Morningside Heights-Hamilton Heights (CD 9 Equivalent)",0.0182262385980038
"36061021303","1021303","1","Manhattan","021303","MN0902","Manhattanville-West Harlem","MN09","MN09 Morningside Heights-Hamilton Heights (CD 9 Equivalent)",0.0589379309576258
"36061021500","1021500","1","Manhattan","021500","MN1002","Harlem (North)","MN10","MN10 Harlem (CD 10 Equivalent)",0.026925739061258
"36061021703","1021703","1","Manhattan","021703","MN0902","Manhattanville-West Harlem","MN09","MN09 Morningside Heights-Hamilton Heights (CD 9 Equivalent)",0.12140954595387
"36061021800","1021800","1","Manhattan","021800","MN1001","Harlem (South)","MN10","MN10 Harlem (CD 10 Equivalent)",0.0702587556716518
"36061022000","1022000","1","Manhattan","022000","MN1001","Harlem (South)","MN10","MN10 Harlem (CD 10 Equivalent)",0.0675304376541852
"36061022102","1022102","1","Manhattan","022102","MN1002","Harlem (North)","MN10","MN10 Harlem (CD 10 Equivalent)",0.0382206780628846
"36061022200","1022200","1","Manhattan","022200","MN1001","Harlem (South)","MN10","MN10 Harlem (CD 10 Equivalent)",0.0700581133226096
"36061022301","1022301","1","Manhattan","022301","MN0902","Manhattanville-West Harlem","MN09","MN09 Morningside Heights-Hamilton Heights (CD 9 Equivalent)",0.0738352612164254
"36061022600","1022600","1","Manhattan","022600","MN1002","Harlem (North)","MN10","MN10 Harlem (CD 10 Equivalent)",0.058922085435303
"36061022800","1022800","1","Manhattan","022800","MN1002","Harlem (North)","MN10","MN10 Harlem (CD 10 Equivalent)",0.0697342499797383
"36061023100","1023100","1","Manhattan","023100","MN0903","Hamilton Heights-Sugar Hill","MN09","MN09 Morningside Heights-Hamilton Heights (CD 9 Equivalent)",0.0704026275843127
"36061023400","1023400","1","Manhattan","023400","MN1002","Harlem (North)","MN10","MN10 Harlem (CD 10 Equivalent)",0.0418601433372164
"36061023502","1023502","1","Manhattan","023502","MN1002","Harlem (North)","MN10","MN10 Harlem (CD 10 Equivalent)",0.0160627583556652
"36061024301","1024301","1","Manhattan","024301","MN1201","Washington Heights (South)","MN12","MN12 Washington Heights-Inwood (CD 12 Equivalent)",0.04052426233936
"36061024900","1024900","1","Manhattan","024900","MN1201","Washington Heights (South)","MN12","MN12 Washington Heights-Inwood (CD 12 Equivalent)",0.0234181222128723
"36061027100","1027100","1","Manhattan","027100","MN1202","Washington Heights (North)","MN12","MN12 Washington Heights-Inwood (CD 12 Equivalent)",0.0744374718616542
"36061029300","1029300","1","Manhattan","029300","MN1203","Inwood","MN12","MN12 Washington Heights-Inwood (CD 12 Equivalent)",0.0606431107844894
"36061029500","1029500","1","Manhattan","029500","MN1203","Inwood","MN12","MN12 Washington Heights-Inwood (CD 12 Equivalent)",0.0523685061262226
"36005001600","2001600","2","Bronx","001600","BX0902","Soundview-Clason Point","BX09","BX09 Soundview-Parkchester (CD 9 Approximation)",0.187289384304227
"36005002002","2002002","2","Bronx","002002","BX0902","Soundview-Clason Point","BX09","BX09 Soundview-Parkchester (CD 9 Approximation)",0.0791028701417898
"36005002300","2002300","2","Bronx","002300","BX0101","Mott Haven-Port Morris","BX01","BX01 Melrose-Mott Haven-Port Morris (CD 1 Approximation)",0.0404165717533392
"36005002500","2002500","2","Bronx","002500","BX0101","Mott Haven-Port Morris","BX01","BX01 Melrose-Mott Haven-Port Morris (CD 1 Approximation)",0.0492191602831732
"36005002701","2002701","2","Bronx","002701","BX0101","Mott Haven-Port Morris","BX01","BX01 Melrose-Mott Haven-Port Morris (CD 1 Approximation)",0.031415218172777
"36005002702","2002702","2","Bronx","002702","BX0101","Mott Haven-Port Morris","BX01","BX01 Melrose-Mott Haven-Port Morris (CD 1 Approximation)",0.0601827115880368
"36005003800","2003800","2","Bronx","003800","BX0902","Soundview-Clason Point","BX09","BX09 Soundview-Parkchester (CD 9 Approximation)",0.0244693699562764
"36005003900","2003900","2","Bronx","003900","BX0101","Mott Haven-Port Morris","BX01","BX01 Melrose-Mott Haven-Port Morris (CD 1 Approximation)",0.0834499736311813
"36005004001","2004001","2","Bronx","004001","BX0903","Castle Hill-Unionport","BX09","BX09 Soundview-Parkchester (CD 9 Approximation)",0.0475374170035691
"36005004200","2004200","2","Bronx","004200","BX0902","Soundview-Clason Point","BX09","BX09 Soundview-Parkchester (CD 9 Approximation)",0.186851967511086
"36005004400","2004400","2","Bronx","004400","BX0901","Soundview-Bruckner-Bronx River","BX09","BX09 Soundview-Parkchester (CD 9 Approximation)",0.102967888230803
"36005004600","2004600","2","Bronx","004600","BX0902","Soundview-Clason Point","BX09","BX09 Soundview-Parkchester (CD 9 Approximation)",0.051476289948794
"36005004800","2004800","2","Bronx","004800","BX0901","Soundview-Bruckner-Bronx River","BX09","BX09 Soundview-Parkchester (CD 9 Approximation)",0.0574063355565534
"36005006400","2006400","2","Bronx","006400","BX0901","Soundview-Bruckner-Bronx River","BX09","BX09 Soundview-Parkchester (CD 9 Approximation)",0.0645498184011031
"36005006800","2006800","2","Bronx","006800","BX0901","Soundview-Bruckner-Bronx River","BX09","BX09 Soundview-Parkchester (CD 9 Approximation)",0.0600486577874195
"36005007000","2007000","2","Bronx","007000","BX0901","Soundview-Bruckner-Bronx River","BX09","BX09 Soundview-Parkchester (CD 9 Approximation)",0.079193822730722
"36005007200","2007200","2","Bronx","007200","BX0903","Castle Hill-Unionport","BX09","BX09 Soundview-Parkchester (CD 9 Approximation)",0.0818990094784474
"36005007400","2007400","2","Bronx","007400","BX0903","Castle Hill-Unionport","BX09","BX09 Soundview-Parkchester (CD 9 Approximation)",0.0721926215741377
"36005007600","2007600","2","Bronx","007600","BX0901","Soundview-Bruckner-Bronx River","BX09","BX09 Soundview-Parkchester (CD 9 Approximation)",0.0840456245846236
"36005008600","2008600","2","Bronx","008600","BX0903","Castle Hill-Unionport","BX09","BX09 Soundview-Parkchester (CD 9 Approximation)",0.0724539497266905
"36005008700","2008700","2","Bronx","008700","BX0202","Longwood","BX02","BX02 Longwood-Hunts Point (CD 2 Approximation)",0.0825999333680378
"36005011702","2011702","2","Bronx","011702","BX0201","Hunts Point","BX02","BX02 Longwood-Hunts Point (CD 2 Approximation)",0.448188147329402
"36005012102","2012102","2","Bronx","012102","BX0202","Longwood","BX02","BX02 Longwood-Hunts Point (CD 2 Approximation)",0.0199394220330459
"36005012500","2012500","2","Bronx","012500","BX0303","Crotona Park East","BX03","BX03 Morrisania-Crotona Park East (CD 3 Approximation)",0.0655989291934978
"36005012901","2012901","2","Bronx","012901","BX0202","Longwood","BX02","BX02 Longwood-Hunts Point (CD 2 Approximation)",0.060356302314586
"36005013000","2013000","2","Bronx","013000","BX1002","Throgs Neck-Schuylerville","BX10","BX10 Co-op City-Throgs Neck (CD 10 Approximation)",0.0447844690629792
"36005013200","2013200","2","Bronx","013200","BX1002","Throgs Neck-Schuylerville","BX10","BX10 Co-op City-Throgs Neck (CD 10 Approximation)",0.233877772295904
"36005013300","2013300","2","Bronx","013300","BX0301","Morrisania","BX03","BX03 Morrisania-Crotona Park East (CD 3 Approximation)",0.0622280648728529
"36005013500","2013500","2","Bronx","013500","BX0301","Morrisania","BX03","BX03 Morrisania-Crotona Park East (CD 3 Approximation)",0.0648230483284379
"36005014400","2014400","2","Bronx","014400","BX1002","Throgs Neck-Schuylerville","BX10","BX10 Co-op City-Throgs Neck (CD 10 Approximation)",0.155190397289279
"36005014900","2014900","2","Bronx","014900","BX0301","Morrisania","BX03","BX03 Morrisania-Crotona Park East (CD 3 Approximation)",0.0601820095969457
"36005015200","2015200","2","Bronx","015200","BX1002","Throgs Neck-Schuylerville","BX10","BX10 Co-op City-Throgs Neck (CD 10 Approximation)",0.10942858532451
"36005015300","2015300","2","Bronx","015300","BX0303","Crotona Park East","BX03","BX03 Morrisania-Crotona Park East (CD 3 Approximation)",0.0904901644018193
"36005015800","2015800","2","Bronx","015800","BX1002","Throgs Neck-Schuylerville","BX10","BX10 Co-op City-Throgs Neck (CD 10 Approximation)",0.062838281878431
"36005016000","2016000","2","Bronx","016000","BX1002","Throgs Neck-Schuylerville","BX10","BX10 Co-op City-Throgs Neck (CD 10 Approximation)",0.198440975117772
"36005016200","2016200","2","Bronx","016200","BX1002","Throgs Neck-Schuylerville","BX10","BX10 Co-op City-Throgs Neck (CD 10 Approximation)",0.0697339162516882
"36005016400","2016400","2","Bronx","016400","BX1002","Throgs Neck-Schuylerville","BX10","BX10 Co-op City-Throgs Neck (CD 10 Approximation)",0.0634406308958353
"36005017500","2017500","2","Bronx","017500","BX0401","Concourse-Concourse Village","BX04","BX04 Highbridge-Concourse (CD 4 Approximation)",0.0585328713978377
"36005017901","2017901","2","Bronx","017901","BX0401","Concourse-Concourse Village","BX04","BX04 Highbridge-Concourse (CD 4 Approximation)",0.029626181096772
"36005017902","2017902","2","Bronx","017902","BX0403","Mount Eden-Claremont (West)","BX04","BX04 Highbridge-Concourse (CD 4 Approximation)",0.0296839353481534
"36005018102","2018102","2","Bronx","018102","BX0401","Concourse-Concourse Village","BX04","BX04 Highbridge-Concourse (CD 4 Approximation)",0.0373183420761302
"36005018400","2018400","2","Bronx","018400","BX1002","Throgs Neck-Schuylerville","BX10","BX10 Co-op City-Throgs Neck (CD 10 Approximation)",0.172689541385324
"36005020200","2020200","2","Bronx","020200","BX1001","Westchester Square","BX10","BX10 Co-op City-Throgs Neck (CD 10 Approximation)",0.0481856427596662
"36005020400","2020400","2","Bronx","020400","BX1001","Westchester Square","BX10","BX10 Co-op City-Throgs Neck (CD 10 Approximation)",0.0519384730873972
"36005020900","2020900","2","Bronx","020900","BX0403","Mount Eden-Claremont (West)","BX04","BX04 Highbridge-Concourse (CD 4 Approximation)",0.0512755867118601
"36005021002","2021002","2","Bronx","021002","BX0904","Parkchester","BX09","BX09 Soundview-Parkchester (CD 9 Approximation)",0.066981824994512
"36005021302","2021302","2","Bronx","021302","BX0403","Mount Eden-Claremont (West)","BX04","BX04 Highbridge-Concourse (CD 4 Approximation)",0.0650223040374686
"36005021501","2021501","2","Bronx","021501","BX0501","University Heights (South)-Morris Heights","BX05","BX05 Morris Heights-Mount Hope (CD 5 Approximation)",0.0353935587112445
"36005021900","2021900","2","Bronx","021900","BX0403","Mount Eden-Claremont (West)","BX04","BX04 Highbridge-Concourse (CD 4 Approximation)",0.0556557156225998
"36005022101","2022101","2","Bronx","022101","BX0403","Mount Eden-Claremont (West)","BX04","BX04 Highbridge-Concourse (CD 4 Approximation)",0.0262659655649705
"36005022102","2022102","2","Bronx","022102","BX0403","Mount Eden-Claremont (West)","BX04","BX04 Highbridge-Concourse (CD 4 Approximation)",0.0302253956764705
"36005022300","2022300","2","Bronx","022300","BX0403","Mount Eden-Claremont (West)","BX04","BX04 Highbridge-Concourse (CD 4 Approximation)",0.0359266970256683
"36005022404","2022404","2","Bronx","022404","BX1101","Pelham Parkway-Van Nest","BX11","BX11 Pelham Parkway-Morris Park (CD 11 Approximation)",0.0358701515910416
"36005022500","2022500","2","Bronx","022500","BX0403","Mount Eden-Claremont (West)","BX04","BX04 Highbridge-Concourse (CD 4 Approximation)",0.0700561407069972
"36005022702","2022702","2","Bronx","022702","BX0403","Mount Eden-Claremont (West)","BX04","BX04 Highbridge-Concourse (CD 4 Approximation)",0.0187917574517483
"36005022703","2022703","2","Bronx","022703","BX0403","Mount Eden-Claremont (West)","BX04","BX04 Highbridge-Concourse (CD 4 Approximation)",0.0150872674031848
"36005022800","2022800","2","Bronx","022800","BX1101","Pelham Parkway-Van Nest","BX11","BX11 Pelham Parkway-Morris Park (CD 11 Approximation)",0.0664249570462629
"36005022902","2022902","2","Bronx","022902","BX0403","Mount Eden-Claremont (West)","BX04","BX04 Highbridge-Concourse (CD 4 Approximation)",0.0357196806420721
"36005023200","2023200","2","Bronx","023200","BX1101","Pelham Parkway-Van Nest","BX11","BX11 Pelham Parkway-Morris Park (CD 11 Approximation)",0.0550987776638237
"36005023301","2023301","2","Bronx","023301","BX0502","Mount Hope","BX05","BX05 Morris Heights-Mount Hope (CD 5 Approximation)",0.0454759373991071
"36005023600","2023600","2","Bronx","023600","BX1101","Pelham Parkway-Van Nest","BX11","BX11 Pelham Parkway-Morris Park (CD 11 Approximation)",0.0354933385337701
"36005023900","2023900","2","Bronx","023900","BX0503","Fordham Heights","BX05","BX05 Morris Heights-Mount Hope (CD 5 Approximation)",0.0686256082183799
"36005024100","2024100","2","Bronx","024100","BX0502","Mount Hope","BX05","BX05 Morris Heights-Mount Hope (CD 5 Approximation)",0.0519221827618166
"36005024300","2024300","2","Bronx","024300","BX0501","University Heights (South)-Morris Heights","BX05","BX05 Morris Heights-Mount Hope (CD 5 Approximation)",0.0576806902170804
"36005024400","2024400","2","Bronx","024400","BX1102","Morris Park","BX11","BX11 Pelham Parkway-Morris Park (CD 11 Approximation)",0.0678925900104195
"36005024501","2024501","2","Bronx","024501","BX0501","University Heights (South)-Morris Heights","BX05","BX05 Morris Heights-Mount Hope (CD 5 Approximation)",0.0441054195033527
"36005024600","2024600","2","Bronx","024600","BX1102","Morris Park","BX11","BX11 Pelham Parkway-Morris Park (CD 11 Approximation)",0.0588493834560338
"36005024800","2024800","2","Bronx","024800","BX1102","Morris Park","BX11","BX11 Pelham Parkway-Morris Park (CD 11 Approximation)",0.107354580982354
"36005025000","2025000","2","Bronx","025000","BX1102","Morris Park","BX11","BX11 Pelham Parkway-Morris Park (CD 11 Approximation)",0.0701552734674044
"36005025100","2025100","2","Bronx","025100","BX0501","University Heights (South)-Morris Heights","BX05","BX05 Morris Heights-Mount Hope (CD 5 Approximation)",0.0808239173623497
"36005025200","2025200","2","Bronx","025200","BX1102","Morris Park","BX11","BX11 Pelham Parkway-Morris Park (CD 11 Approximation)",0.0734713754644802
"36005025300","2025300","2","Bronx","025300","BX0701","University Heights (North)-Fordham","BX07","BX07 Fordham-Bedford Park-Norwood (CD 7 Approximation)",0.0481537105313216
"36005025400","2025400","2","Bronx","025400","BX1102","Morris Park","BX11","BX11 Pelham Parkway-Morris Park (CD 11 Approximation)",0.065601947969275
"36005026500","2026500","2","Bronx","026500","BX0701","University Heights (North)-Fordham","BX07","BX07 Fordham-Bedford Park-Norwood (CD 7 Approximation)",0.0779730812592441
"36005026601","2026601","2","Bronx","026601","BX1003","Pelham Bay-Country Club-City Island","BX10","BX10 Co-op City-Throgs Neck (CD 10 Approximation)",0.0657483625015897
"36005026602","2026602","2","Bronx","026602","BX1003","Pelham Bay-Country Club-City Island","BX10","BX10 Co-op City-Throgs Neck (CD 10 Approximation)",0.117282815870413
"36005026701","2026701","2","Bronx","026701","BX0801","Kingsbridge Heights-Van Cortlandt Village","BX08","BX08 Riverdale-Kingsbridge-Marble Hill (CD 8 Approximation)",0.0266432604934978
"36005026702","2026702","2","Bronx","026702","BX0801","Kingsbridge Heights-Van Cortlandt Village","BX08","BX08 Riverdale-Kingsbridge-Marble Hill (CD 8 Approximation)",0.0652576531896486
"36005027300","2027300","2","Bronx","027300","BX0801","Kingsbridge Heights-Van Cortlandt Village","BX08","BX08 Riverdale-Kingsbridge-Marble Hill (CD 8 Approximation)",0.0783304858980887
"36005027700","2027700","2","Bronx","027700","BX0801","Kingsbridge Heights-Van Cortlandt Village","BX08","BX08 Riverdale-Kingsbridge-Marble Hill (CD 8 Approximation)",0.0674362072379899
"36005027900","2027900","2","Bronx","027900","BX0801","Kingsbridge Heights-Van Cortlandt Village","BX08","BX08 Riverdale-Kingsbridge-Marble Hill (CD 8 Approximation)",0.10597213336224
"36005028600","2028600","2","Bronx","028600","BX1102","Morris Park","BX11","BX11 Pelham Parkway-Morris Park (CD 11 Approximation)",0.0771942558579699
"36005028700","2028700","2","Bronx","028700","BX0802","Kingsbridge-Marble Hill","BX08","BX08 Riverdale-Kingsbridge-Marble Hill (CD 8 Approximation)",0.0599237760877833
"36005028800","2028800","2","Bronx","028800","BX1102","Morris Park","BX11","BX11 Pelham Parkway-Morris Park (CD 11 Approximation)",0.129731328170045
"36005030900","2030900","2","Bronx","030900","BX0803","Riverdale-Spuyten Duyvil","BX08","BX08 Riverdale-Kingsbridge-Marble Hill (CD 8 Approximation)",0.491594558772625
"36005031200","2031200","2","Bronx","031200","BX1103","Pelham Gardens","BX11","BX11 Pelham Parkway-Morris Park (CD 11 Approximation)",0.0780476305882136
"36005031400","2031400","2","Bronx","031400","BX1103","Pelham Gardens","BX11","BX11 Pelham Parkway-Morris Park (CD 11 Approximation)",0.0815066498585071
"36005031600","2031600","2","Bronx","031600","BX1103","Pelham Gardens","BX11","BX11 Pelham Parkway-Morris Park (CD 11 Approximation)",0.0684021416566511
"36005031800","2031800","2","Bronx","031800","BX1103","Pelham Gardens","BX11","BX11 Pelham Parkway-Morris Park (CD 11 Approximation)",0.0688499234597287
"36005031900","2031900","2","Bronx","031900","BX0803","Riverdale-Spuyten Duyvil","BX08","BX08 Riverdale-Kingsbridge-Marble Hill (CD 8 Approximation)",0.0854215595126878
"36005032400","2032400","2","Bronx","032400","BX1104","Allerton","BX11","BX11 Pelham Parkway-Morris Park (CD 11 Approximation)",0.103159123739943
"36005032600","2032600","2","Bronx","032600","BX1103","Pelham Gardens","BX11","BX11 Pelham Parkway-Morris Park (CD 11 Approximation)",0.128360563766741
"36005032800","2032800","2","Bronx","032800","BX1104","Allerton","BX11","BX11 Pelham Parkway-Morris Park (CD 11 Approximation)",0.0790094894634655
"36005033601","2033601","2","Bronx","033601","BX1104","Allerton","BX11","BX11 Pelham Parkway-Morris Park (CD 11 Approximation)",0.0494277737065408
"36005033602","2033602","2","Bronx","033602","BX1201","Williamsbridge-Olinville","BX12","BX12 Wakefield-Williamsbridge-Eastchester (CD 12 Approximation)",0.0217834042715752
"36005034000","2034000","2","Bronx","034000","BX1104","Allerton","BX11","BX11 Pelham Parkway-Morris Park (CD 11 Approximation)",0.0611246629362811
"36005034200","2034200","2","Bronx","034200","BX1104","Allerton","BX11","BX11 Pelham Parkway-Morris Park (CD 11 Approximation)",0.0605413343319035
"36005034300","2034300","2","Bronx","034300","BX0803","Riverdale-Spuyten Duyvil","BX08","BX08 Riverdale-Kingsbridge-Marble Hill (CD 8 Approximation)",0.0472771557676525
"36005034400","2034400","2","Bronx","034400","BX1103","Pelham Gardens","BX11","BX11 Pelham Parkway-Morris Park (CD 11 Approximation)",0.060632572424926
"36005035900","2035900","2","Bronx","035900","BX0601","West Farms","BX06","BX06 Tremont-Belmont-West Farms (CD 6 Approximation)",0.0520730179789622
"36005036300","2036300","2","Bronx","036300","BX0601","West Farms","BX06","BX06 Tremont-Belmont-West Farms (CD 6 Approximation)",0.0853232132955172
"36005036501","2036501","2","Bronx","036501","BX0602","Tremont","BX06","BX06 Tremont-Belmont-West Farms (CD 6 Approximation)",0.0371229115911785
"36005036901","2036901","2","Bronx","036901","BX0602","Tremont","BX06","BX06 Tremont-Belmont-West Farms (CD 6 Approximation)",0.0382960467566322
"36005036902","2036902","2","Bronx","036902","BX0602","Tremont","BX06","BX06 Tremont-Belmont-West Farms (CD 6 Approximation)",0.0241361457024071
"36005037000","2037000","2","Bronx","037000","BX1201","Williamsbridge-Olinville","BX12","BX12 Wakefield-Williamsbridge-Eastchester (CD 12 Approximation)",0.0613045762087378
"36005037100","2037100","2","Bronx","037100","BX0602","Tremont","BX06","BX06 Tremont-Belmont-West Farms (CD 6 Approximation)",0.0763491459561768
"36005037300","2037300","2","Bronx","037300","BX0602","Tremont","BX06","BX06 Tremont-Belmont-West Farms (CD 6 Approximation)",0.0668792121253
"36005037400","2037400","2","Bronx","037400","BX1201","Williamsbridge-Olinville","BX12","BX12 Wakefield-Williamsbridge-Eastchester (CD 12 Approximation)",0.0645651276116546
"36005037504","2037504","2","Bronx","037504","BX0602","Tremont","BX06","BX06 Tremont-Belmont-West Farms (CD 6 Approximation)",0.0927620358565898
"36005038200","2038200","2","Bronx","038200","BX1201","Williamsbridge-Olinville","BX12","BX12 Wakefield-Williamsbridge-Eastchester (CD 12 Approximation)",0.061122773288974
"36005038600","2038600","2","Bronx","038600","BX1202","Eastchester-Edenwald-Baychester","BX12","BX12 Wakefield-Williamsbridge-Eastchester (CD 12 Approximation)",0.158041330210194
"36005038800","2038800","2","Bronx","038800","BX1201","Williamsbridge-Olinville","BX12","BX12 Wakefield-Williamsbridge-Eastchester (CD 12 Approximation)",0.0571724262597242
"36005039000","2039000","2","Bronx","039000","BX1201","Williamsbridge-Olinville","BX12","BX12 Wakefield-Williamsbridge-Eastchester (CD 12 Approximation)",0.0702782929453669
"36005039100","2039100","2","Bronx","039100","BX0603","Belmont","BX06","BX06 Tremont-Belmont-West Farms (CD 6 Approximation)",0.0794061317739408
"36005039200","2039200","2","Bronx","039200","BX1201","Williamsbridge-Olinville","BX12","BX12 Wakefield-Williamsbridge-Eastchester (CD 12 Approximation)",0.0371472517325156
"36005039800","2039800","2","Bronx","039800","BX1201","Williamsbridge-Olinville","BX12","BX12 Wakefield-Williamsbridge-Eastchester (CD 12 Approximation)",0.0779436378044731
"36005040302","2040302","2","Bronx","040302","BX0702","Bedford Park","BX07","BX07 Fordham-Bedford Park-Norwood (CD 7 Approximation)",0.0244886707640515
"36005040303","2040303","2","Bronx","040303","BX0702","Bedford Park","BX07","BX07 Fordham-Bedford Park-Norwood (CD 7 Approximation)",0.0340474279798399
"36005040304","2040304","2","Bronx","040304","BX0702","Bedford Park","BX07","BX07 Fordham-Bedford Park-Norwood (CD 7 Approximation)",0.0259457112306133
"36005040400","2040400","2","Bronx","040400","BX1201","Williamsbridge-Olinville","BX12","BX12 Wakefield-Williamsbridge-Eastchester (CD 12 Approximation)",0.0831092357856769
"36005040501","2040501","2","Bronx","040501","BX0702","Bedford Park","BX07","BX07 Fordham-Bedford Park-Norwood (CD 7 Approximation)",0.0313295689419698
"36005040502","2040502","2","Bronx","040502","BX0702","Bedford Park","BX07","BX07 Fordham-Bedford Park-Norwood (CD 7 Approximation)",0.0550292216161492
"36005040600","2040600","2","Bronx","040600","BX1201","Williamsbridge-Olinville","BX12","BX12 Wakefield-Williamsbridge-Eastchester (CD 12 Approximation)",0.0862293330833444
"36005040701","2040701","2","Bronx","040701","BX0702","Bedford Park","BX07","BX07 Fordham-Bedford Park-Norwood (CD 7 Approximation)",0.0226183414902441
"36005040702","2040702","2","Bronx","040702","BX0702","Bedford Park","BX07","BX07 Fordham-Bedford Park-Norwood (CD 7 Approximation)",0.0701959379510571
"36005040800","2040800","2","Bronx","040800","BX1201","Williamsbridge-Olinville","BX12","BX12 Wakefield-Williamsbridge-Eastchester (CD 12 Approximation)",0.0474779223026567
"36005041500","2041500","2","Bronx","041500","BX0702","Bedford Park","BX07","BX07 Fordham-Bedford Park-Norwood (CD 7 Approximation)",0.0527784749997241
"36005042000","2042000","2","Bronx","042000","BX1203","Wakefield-Woodlawn","BX12","BX12 Wakefield-Williamsbridge-Eastchester (CD 12 Approximation)",0.0579340370536727
"36005042200","2042200","2","Bronx","042200","BX1203","Wakefield-Woodlawn","BX12","BX12 Wakefield-Williamsbridge-Eastchester (CD 12 Approximation)",0.0675946829498321
"36005042300","2042300","2","Bronx","042300","BX0703","Norwood","BX07","BX07 Fordham-Bedford Park-Norwood (CD 7 Approximation)",0.0695586026334577
"36005042400","2042400","2","Bronx","042400","BX1203","Wakefield-Woodlawn","BX12","BX12 Wakefield-Williamsbridge-Eastchester (CD 12 Approximation)",0.0675217773628369
"36005042800","2042800","2","Bronx","042800","BX1203","Wakefield-Woodlawn","BX12","BX12 Wakefield-Williamsbridge-Eastchester (CD 12 Approximation)",0.0653202294560528
"36005042902","2042902","2","Bronx","042902","BX0703","Norwood","BX07","BX07 Fordham-Bedford Park-Norwood (CD 7 Approximation)",0.0362827912088999
"36005043000","2043000","2","Bronx","043000","BX1203","Wakefield-Woodlawn","BX12","BX12 Wakefield-Williamsbridge-Eastchester (CD 12 Approximation)",0.0796090073490658
"36005043101","2043101","2","Bronx","043101","BX0703","Norwood","BX07","BX07 Fordham-Bedford Park-Norwood (CD 7 Approximation)",0.0395625299049359
"36005043400","2043400","2","Bronx","043400","BX1203","Wakefield-Woodlawn","BX12","BX12 Wakefield-Williamsbridge-Eastchester (CD 12 Approximation)",0.134907867982336
"36005043600","2043600","2","Bronx","043600","BX1203","Wakefield-Woodlawn","BX12","BX12 Wakefield-Williamsbridge-Eastchester (CD 12 Approximation)",0.0602364355723742
"36005044200","2044200","2","Bronx","044200","BX1203","Wakefield-Woodlawn","BX12","BX12 Wakefield-Williamsbridge-Eastchester (CD 12 Approximation)",0.0938321176150242
"36005044400","2044400","2","Bronx","044400","BX1203","Wakefield-Woodlawn","BX12","BX12 Wakefield-Williamsbridge-Eastchester (CD 12 Approximation)",0.140736483616852
"36005044800","2044800","2","Bronx","044800","BX1203","Wakefield-Woodlawn","BX12","BX12 Wakefield-Williamsbridge-Eastchester (CD 12 Approximation)",0.0651900344956054
"36005044901","2044901","2","Bronx","044901","BX1203","Wakefield-Woodlawn","BX12","BX12 Wakefield-Williamsbridge-Eastchester (CD 12 Approximation)",0.0613297887808383
"36005044902","2044902","2","Bronx","044902","BX1203","Wakefield-Woodlawn","BX12","BX12 Wakefield-Williamsbridge-Eastchester (CD 12 Approximation)",0.0601398765808228
"36005045600","2045600","2","Bronx","045600","BX1202","Eastchester-Edenwald-Baychester","BX12","BX12 Wakefield-Williamsbridge-Eastchester (CD 12 Approximation)",0.338986512455685
"36005045800","2045800","2","Bronx","045800","BX1202","Eastchester-Edenwald-Baychester","BX12","BX12 Wakefield-Williamsbridge-Eastchester (CD 12 Approximation)",0.0926354092417647
"36005046204","2046204","2","Bronx","046204","BX1004","Co-op City","BX10","BX10 Co-op City-Throgs Neck (CD 10 Approximation)",0.0527622923625964
"36005046206","2046206","2","Bronx","046206","BX1004","Co-op City","BX10","BX10 Co-op City-Throgs Neck (CD 10 Approximation)",0.0275879765525635
"36005046207","2046207","2","Bronx","046207","BX1004","Co-op City","BX10","BX10 Co-op City-Throgs Neck (CD 10 Approximation)",0.0714220508582784
"36005046209","2046209","2","Bronx","046209","BX1202","Eastchester-Edenwald-Baychester","BX12","BX12 Wakefield-Williamsbridge-Eastchester (CD 12 Approximation)",0.184136493710812
"36081000200","4000200","4","Queens","000200","QN0905","Woodhaven","QN09","QN09 Kew Gardens-Richmond Hill-Woodhaven (CD 9 Approximation)",0.0597497191397372
"36081000702","4000702","4","Queens","000702","QN0201","Long Island City-Hunters Point","QN02","QN02 Long Island City-Sunnyside-Woodside (CD 2 Approximation)",0.117513713627134
"36081000800","4000800","4","Queens","000800","QN0905","Woodhaven","QN09","QN09 Kew Gardens-Richmond Hill-Woodhaven (CD 9 Approximation)",0.0733025958474054
"36081001000","4001000","4","Queens","001000","QN0905","Woodhaven","QN09","QN09 Kew Gardens-Richmond Hill-Woodhaven (CD 9 Approximation)",0.0625243914944843
"36081001200","4001200","4","Queens","001200","QN0905","Woodhaven","QN09","QN09 Kew Gardens-Richmond Hill-Woodhaven (CD 9 Approximation)",0.0868410256775875
"36081001600","4001600","4","Queens","001600","QN0905","Woodhaven","QN09","QN09 Kew Gardens-Richmond Hill-Woodhaven (CD 9 Approximation)",0.0582390310884871
"36081002400","4002400","4","Queens","002400","QN0902","Richmond Hill","QN09","QN09 Kew Gardens-Richmond Hill-Woodhaven (CD 9 Approximation)",0.05449878377976
"36081002600","4002600","4","Queens","002600","QN0902","Richmond Hill","QN09","QN09 Kew Gardens-Richmond Hill-Woodhaven (CD 9 Approximation)",0.0571518843609928
"36081002800","4002800","4","Queens","002800","QN0902","Richmond Hill","QN09","QN09 Kew Gardens-Richmond Hill-Woodhaven (CD 9 Approximation)",0.086895403022228
"36081003000","4003000","4","Queens","003000","QN0905","Woodhaven","QN09","QN09 Kew Gardens-Richmond Hill-Woodhaven (CD 9 Approximation)",0.0437961716410799
"36081003100","4003100","4","Queens","003100","QN0105","Queensbridge-Ravenswood-Dutch Kills","QN01","QN01 Astoria-Queensbridge (CD 1 Equivalent)",0.0636971998656487
"36081003200","4003200","4","Queens","003200","QN0904","Ozone Park (North)","QN09","QN09 Kew Gardens-Richmond Hill-Woodhaven (CD 9 Approximation)",0.062127010972592
"36081003302","4003302","4","Queens","003302","QN0105","Queensbridge-Ravenswood-Dutch Kills","QN01","QN01 Astoria-Queensbridge (CD 1 Equivalent)",0.126513145796044
"36081004002","4004002","4","Queens","004002","QN1002","Ozone Park","QN10","QN10 South Ozone Park-Howard Beach (CD 10 Approximation)",0.0501088667298707
"36081004300","4004300","4","Queens","004300","QN0105","Queensbridge-Ravenswood-Dutch Kills","QN01","QN01 Astoria-Queensbridge (CD 1 Equivalent)",0.0660485944789999
"36081004500","4004500","4","Queens","004500","QN0105","Queensbridge-Ravenswood-Dutch Kills","QN01","QN01 Astoria-Queensbridge (CD 1 Equivalent)",0.0852088461302187
"36081004700","4004700","4","Queens","004700","QN0105","Queensbridge-Ravenswood-Dutch Kills","QN01","QN01 Astoria-Queensbridge (CD 1 Equivalent)",0.069192477462889
"36081005000","4005000","4","Queens","005000","QN1002","Ozone Park","QN10","QN10 South Ozone Park-Howard Beach (CD 10 Approximation)",0.0587433882660781
"36081005100","4005100","4","Queens","005100","QN0105","Queensbridge-Ravenswood-Dutch Kills","QN01","QN01 Astoria-Queensbridge (CD 1 Equivalent)",0.0529477541433532
"36081005300","4005300","4","Queens","005300","QN0103","Astoria (Central)","QN01","QN01 Astoria-Queensbridge (CD 1 Equivalent)",0.0757503004949668
"36081005500","4005500","4","Queens","005500","QN0105","Queensbridge-Ravenswood-Dutch Kills","QN01","QN01 Astoria-Queensbridge (CD 1 Equivalent)",0.0640737711413886
"36081005700","4005700","4","Queens","005700","QN0103","Astoria (Central)","QN01","QN01 Astoria-Queensbridge (CD 1 Equivalent)",0.0863123799691804
"36081006300","4006300","4","Queens","006300","QN0103","Astoria (Central)","QN01","QN01 Astoria-Queensbridge (CD 1 Equivalent)",0.0820815163976177
"36081006501","4006501","4","Queens","006501","QN0103","Astoria (Central)","QN01","QN01 Astoria-Queensbridge (CD 1 Equivalent)",0.042987183922004
"36081006502","4006502","4","Queens","006502","QN0103","Astoria (Central)","QN01","QN01 Astoria-Queensbridge (CD 1 Equivalent)",0.0592109993735758
"36081006900","4006900","4","Queens","006900","QN0103","Astoria (Central)","QN01","QN01 Astoria-Queensbridge (CD 1 Equivalent)",0.0813113384715049
"36081007100","4007100","4","Queens","007100","QN0103","Astoria (Central)","QN01","QN01 Astoria-Queensbridge (CD 1 Equivalent)",0.075404858720629
"36081007300","4007300","4","Queens","007300","QN0103","Astoria (Central)","QN01","QN01 Astoria-Queensbridge (CD 1 Equivalent)",0.0546051876975307
"36081007500","4007500","4","Queens","007500","QN0103","Astoria (Central)","QN01","QN01 Astoria-Queensbridge (CD 1 Equivalent)",0.0499041669329864
"36081007700","4007700","4","Queens","007700","QN0102","Old Astoria-Hallets Point","QN01","QN01 Astoria-Queensbridge (CD 1 Equivalent)",0.0488983229891841
"36081007900","4007900","4","Queens","007900","QN0102","Old Astoria-Hallets Point","QN01","QN01 Astoria-Queensbridge (CD 1 Equivalent)",0.0619653523976745
"36081008300","4008300","4","Queens","008300","QN0102","Old Astoria-Hallets Point","QN01","QN01 Astoria-Queensbridge (CD 1 Equivalent)",0.0738780654898527
"36081008500","4008500","4","Queens","008500","QN0105","Queensbridge-Ravenswood-Dutch Kills","QN01","QN01 Astoria-Queensbridge (CD 1 Equivalent)",0.105550044911221
"36081009400","4009400","4","Queens","009400","QN1001","South Ozone Park","QN10","QN10 South Ozone Park-Howard Beach (CD 10 Approximation)",0.0670647855453087
"36081009500","4009500","4","Queens","009500","QN0101","Astoria (North)-Ditmars-Steinway","QN01","QN01 Astoria-Queensbridge (CD 1 Equivalent)",0.0635147290359066
"36081009600","4009600","4","Queens","009600","QN1001","South Ozone Park","QN10","QN10 South Ozone Park-Howard Beach (CD 10 Approximation)",0.0797110175720043
"36081009700","4009700","4","Queens","009700","QN0101","Astoria (North)-Ditmars-Steinway","QN01","QN01 Astoria-Queensbridge (CD 1 Equivalent)",0.0778982555039303
"36081009800","4009800","4","Queens","009800","QN1001","South Ozone Park","QN10","QN10 South Ozone Park-Howard Beach (CD 10 Approximation)",0.0524017264368897
"36081010000","4010000","4","Queens","010000","QN1001","South Ozone Park","QN10","QN10 South Ozone Park-Howard Beach (CD 10 Approximation)",0.086228080531853
"36081010100","4010100","4","Queens","010100","QN0101","Astoria (North)-Ditmars-Steinway","QN01","QN01 Astoria-Queensbridge (CD 1 Equivalent)",0.0667206380370221
"36081010200","4010200","4","Queens","010200","QN1001","South Ozone Park","QN10","QN10 South Ozone Park-Howard Beach (CD 10 Approximation)",0.0825751936717571
"36081010400","4010400","4","Queens","010400","QN1001","South Ozone Park","QN10","QN10 South Ozone Park-Howard Beach (CD 10 Approximation)",0.0720044621442054
"36081010800","4010800","4","Queens","010800","QN0903","South Richmond Hill","QN09","QN09 Kew Gardens-Richmond Hill-Woodhaven (CD 9 Approximation)",0.0608585212886036
"36081011100","4011100","4","Queens","011100","QN0101","Astoria (North)-Ditmars-Steinway","QN01","QN01 Astoria-Queensbridge (CD 1 Equivalent)",0.0582011935253339
"36081011200","4011200","4","Queens","011200","QN0904","Ozone Park (North)","QN09","QN09 Kew Gardens-Richmond Hill-Woodhaven (CD 9 Approximation)",0.0727895852396682
"36081011300","4011300","4","Queens","011300","QN0101","Astoria (North)-Ditmars-Steinway","QN01","QN01 Astoria-Queensbridge (CD 1 Equivalent)",0.0689774621810016
"36081011400","4011400","4","Queens","011400","QN0904","Ozone Park (North)","QN09","QN09 Kew Gardens-Richmond Hill-Woodhaven (CD 9 Approximation)",0.0459249517777911
"36081011500","4011500","4","Queens","011500","QN0101","Astoria (North)-Ditmars-Steinway","QN01","QN01 Astoria-Queensbridge (CD 1 Equivalent)",0.0716398900354561
"36081011700","4011700","4","Queens","011700","QN0101","Astoria (North)-Ditmars-Steinway","QN01","QN01 Astoria-Queensbridge (CD 1 Equivalent)",0.0821667875693406
"36081011900","4011900","4","Queens","011900","QN0101","Astoria (North)-Ditmars-Steinway","QN01","QN01 Astoria-Queensbridge (CD 1 Equivalent)",0.0430371772077768
"36081012000","4012000","4","Queens","012000","QN0903","South Richmond Hill","QN09","QN09 Kew Gardens-Richmond Hill-Woodhaven (CD 9 Approximation)",0.0557068213787123
"36081012100","4012100","4","Queens","012100","QN0101","Astoria (North)-Ditmars-Steinway","QN01","QN01 Astoria-Queensbridge (CD 1 Equivalent)",0.0532456427244097
"36081012200","4012200","4","Queens","012200","QN0902","Richmond Hill","QN09","QN09 Kew Gardens-Richmond Hill-Woodhaven (CD 9 Approximation)",0.0811660401821684
"36081012400","4012400","4","Queens","012400","QN0902","Richmond Hill","QN09","QN09 Kew Gardens-Richmond Hill-Woodhaven (CD 9 Approximation)",0.0765521373930651
"36081012601","4012601","4","Queens","012601","QN0902","Richmond Hill","QN09","QN09 Kew Gardens-Richmond Hill-Woodhaven (CD 9 Approximation)",0.0580478810460483
"36081012602","4012602","4","Queens","012602","QN0902","Richmond Hill","QN09","QN09 Kew Gardens-Richmond Hill-Woodhaven (CD 9 Approximation)",0.0576028686656064
"36081012800","4012800","4","Queens","012800","QN0902","Richmond Hill","QN09","QN09 Kew Gardens-Richmond Hill-Woodhaven (CD 9 Approximation)",0.0617604466634611
"36081014000","4014000","4","Queens","014000","QN0901","Kew Gardens","QN09","QN09 Kew Gardens-Richmond Hill-Woodhaven (CD 9 Approximation)",0.0857467994556985
"36081014201","4014201","4","Queens","014201","QN0902","Richmond Hill","QN09","QN09 Kew Gardens-Richmond Hill-Woodhaven (CD 9 Approximation)",0.0814590173080008
"36081014300","4014300","4","Queens","014300","QN0104","Astoria (East)-Woodside (North)","QN01","QN01 Astoria-Queensbridge (CD 1 Equivalent)",0.0527099228747583
"36081014500","4014500","4","Queens","014500","QN0104","Astoria (East)-Woodside (North)","QN01","QN01 Astoria-Queensbridge (CD 1 Equivalent)",0.0493119199011999
"36081014700","4014700","4","Queens","014700","QN0104","Astoria (East)-Woodside (North)","QN01","QN01 Astoria-Queensbridge (CD 1 Equivalent)",0.0571184523948074
"36081014800","4014800","4","Queens","014800","QN0903","South Richmond Hill","QN09","QN09 Kew Gardens-Richmond Hill-Woodhaven (CD 9 Approximation)",0.0604552649876944
"36081014900","4014900","4","Queens","014900","QN0104","Astoria (East)-Woodside (North)","QN01","QN01 Astoria-Queensbridge (CD 1 Equivalent)",0.0411604343649496
"36081015000","4015000","4","Queens","015000","QN0903","South Richmond Hill","QN09","QN09 Kew Gardens-Richmond Hill-Woodhaven (CD 9 Approximation)",0.0568043367963371
"36081015100","4015100","4","Queens","015100","QN0104","Astoria (East)-Woodside (North)","QN01","QN01 Astoria-Queensbridge (CD 1 Equivalent)",0.0515003365015308
"36081015200","4015200","4","Queens","015200","QN0903","South Richmond Hill","QN09","QN09 Kew Gardens-Richmond Hill-Woodhaven (CD 9 Approximation)",0.0717917807645935
"36081015300","4015300","4","Queens","015300","QN0104","Astoria (East)-Woodside (North)","QN01","QN01 Astoria-Queensbridge (CD 1 Equivalent)",0.0469680862453483
"36081015400","4015400","4","Queens","015400","QN0903","South Richmond Hill","QN09","QN09 Kew Gardens-Richmond Hill-Woodhaven (CD 9 Approximation)",0.0580323786634188
"36081015600","4015600","4","Queens","015600","QN0903","South Richmond Hill","QN09","QN09 Kew Gardens-Richmond Hill-Woodhaven (CD 9 Approximation)",0.0808192951587168
"36081015700","4015700","4","Queens","015700","QN0104","Astoria (East)-Woodside (North)","QN01","QN01 Astoria-Queensbridge (CD 1 Equivalent)",0.0496110978726214
"36081015801","4015801","4","Queens","015801","QN1001","South Ozone Park","QN10","QN10 South Ozone Park-Howard Beach (CD 10 Approximation)",0.114849258745231
"36081015802","4015802","4","Queens","015802","QN1001","South Ozone Park","QN10","QN10 South Ozone Park-Howard Beach (CD 10 Approximation)",0.107505964275262
"36081016100","4016100","4","Queens","016100","QN0104","Astoria (East)-Woodside (North)","QN01","QN01 Astoria-Queensbridge (CD 1 Equivalent)",0.0415249934214102
"36081016400","4016400","4","Queens","016400","QN1001","South Ozone Park","QN10","QN10 South Ozone Park-Howard Beach (CD 10 Approximation)",0.0763786090003181
"36081016800","4016800","4","Queens","016800","QN1001","South Ozone Park","QN10","QN10 South Ozone Park-Howard Beach (CD 10 Approximation)",0.0816404009081621
"36081016900","4016900","4","Queens","016900","QN0202","Sunnyside","QN02","QN02 Long Island City-Sunnyside-Woodside (CD 2 Approximation)",0.0890871061914443
"36081017000","4017000","4","Queens","017000","QN1001","South Ozone Park","QN10","QN10 South Ozone Park-Howard Beach (CD 10 Approximation)",0.0843950608078117
"36081017200","4017200","4","Queens","017200","QN1001","South Ozone Park","QN10","QN10 South Ozone Park-Howard Beach (CD 10 Approximation)",0.0737741387897182
"36081017400","4017400","4","Queens","017400","QN1001","South Ozone Park","QN10","QN10 South Ozone Park-Howard Beach (CD 10 Approximation)",0.0737576726382958
"36081017600","4017600","4","Queens","017600","QN1001","South Ozone Park","QN10","QN10 South Ozone Park-Howard Beach (CD 10 Approximation)",0.0736303899606194
"36081017800","4017800","4","Queens","017800","QN1001","South Ozone Park","QN10","QN10 South Ozone Park-Howard Beach (CD 10 Approximation)",0.0730652074541608
"36081017901","4017901","4","Queens","017901","QN0202","Sunnyside","QN02","QN02 Long Island City-Sunnyside-Woodside (CD 2 Approximation)",0.0372129500285041
"36081018000","4018000","4","Queens","018000","QN1001","South Ozone Park","QN10","QN10 South Ozone Park-Howard Beach (CD 10 Approximation)",0.0535158489152828
"36081018101","4018101","4","Queens","018101","QN0202","Sunnyside","QN02","QN02 Long Island City-Sunnyside-Woodside (CD 2 Approximation)",0.0371497453753497
"36081018102","4018102","4","Queens","018102","QN0202","Sunnyside","QN02","QN02 Long Island City-Sunnyside-Woodside (CD 2 Approximation)",0.037250492435823
"36081018200","4018200","4","Queens","018200","QN1203","Baisley Park","QN12","QN12 Jamaica-St. Albans-Hollis (CD 12 Approximation)",0.100592336624822
"36081018300","4018300","4","Queens","018300","QN0202","Sunnyside","QN02","QN02 Long Island City-Sunnyside-Woodside (CD 2 Approximation)",0.083020182921282
"36081018401","4018401","4","Queens","018401","QN1203","Baisley Park","QN12","QN12 Jamaica-St. Albans-Hollis (CD 12 Approximation)",0.0739885422075662
"36081018402","4018402","4","Queens","018402","QN1203","Baisley Park","QN12","QN12 Jamaica-St. Albans-Hollis (CD 12 Approximation)",0.0820677178383724
"36081018501","4018501","4","Queens","018501","QN0202","Sunnyside","QN02","QN02 Long Island City-Sunnyside-Woodside (CD 2 Approximation)",0.0380388457001031
"36081018502","4018502","4","Queens","018502","QN0202","Sunnyside","QN02","QN02 Long Island City-Sunnyside-Woodside (CD 2 Approximation)",0.0379869633409811
"36081018600","4018600","4","Queens","018600","QN1203","Baisley Park","QN12","QN12 Jamaica-St. Albans-Hollis (CD 12 Approximation)",0.0696219749369126
"36081018700","4018700","4","Queens","018700","QN0202","Sunnyside","QN02","QN02 Long Island City-Sunnyside-Woodside (CD 2 Approximation)",0.0932176741605141
"36081018800","4018800","4","Queens","018800","QN1203","Baisley Park","QN12","QN12 Jamaica-St. Albans-Hollis (CD 12 Approximation)",0.0687576117142526
"36081018900","4018900","4","Queens","018900","QN0202","Sunnyside","QN02","QN02 Long Island City-Sunnyside-Woodside (CD 2 Approximation)",0.0840500846909185
"36081019000","4019000","4","Queens","019000","QN1203","Baisley Park","QN12","QN12 Jamaica-St. Albans-Hollis (CD 12 Approximation)",0.0726870546847157
"36081019200","4019200","4","Queens","019200","QN1203","Baisley Park","QN12","QN12 Jamaica-St. Albans-Hollis (CD 12 Approximation)",0.0774529498497073
"36081019400","4019400","4","Queens","019400","QN1202","South Jamaica","QN12","QN12 Jamaica-St. Albans-Hollis (CD 12 Approximation)",0.117542218455959
"36081019600","4019600","4","Queens","019600","QN1202","South Jamaica","QN12","QN12 Jamaica-St. Albans-Hollis (CD 12 Approximation)",0.0861939017723516
"36081019800","4019800","4","Queens","019800","QN1202","South Jamaica","QN12","QN12 Jamaica-St. Albans-Hollis (CD 12 Approximation)",0.0800533889773364
"36081020400","4020400","4","Queens","020400","QN1201","Jamaica","QN12","QN12 Jamaica-St. Albans-Hollis (CD 12 Approximation)",0.110747303119665
"36081021400","4021400","4","Queens","021400","QN0805","Jamaica Hills-Briarwood","QN08","QN08 Fresh Meadows-Hillcrest-Briarwood (CD 8 Approximation)",0.14632787864048
"36081021602","4021602","4","Queens","021602","QN0901","Kew Gardens","QN09","QN09 Kew Gardens-Richmond Hill-Woodhaven (CD 9 Approximation)",0.0433190501322937
"36081021603","4021603","4","Queens","021603","QN0901","Kew Gardens","QN09","QN09 Kew Gardens-Richmond Hill-Woodhaven (CD 9 Approximation)",0.115962575699404
"36081022002","4022002","4","Queens","022002","QN0805","Jamaica Hills-Briarwood","QN08","QN08 Fresh Meadows-Hillcrest-Briarwood (CD 8 Approximation)",0.118724642561139
"36081023000","4023000","4","Queens","023000","QN0805","Jamaica Hills-Briarwood","QN08","QN08 Fresh Meadows-Hillcrest-Briarwood (CD 8 Approximation)",0.0639550520880672
"36081023200","4023200","4","Queens","023200","QN0805","Jamaica Hills-Briarwood","QN08","QN08 Fresh Meadows-Hillcrest-Briarwood (CD 8 Approximation)",0.127597768230819
"36081023502","4023502","4","Queens","023502","QN0202","Sunnyside","QN02","QN02 Long Island City-Sunnyside-Woodside (CD 2 Approximation)",0.0453831895127051
"36081023600","4023600","4","Queens","023600","QN1201","Jamaica","QN12","QN12 Jamaica-St. Albans-Hollis (CD 12 Approximation)",0.0680631401175728
"36081023800","4023800","4","Queens","023800","QN1201","Jamaica","QN12","QN12 Jamaica-St. Albans-Hollis (CD 12 Approximation)",0.0605027847367534
"36081025100","4025100","4","Queens","025100","QN0203","Woodside","QN02","QN02 Long Island City-Sunnyside-Woodside (CD 2 Approximation)",0.0949321263035939
"36081025301","4025301","4","Queens","025301","QN0202","Sunnyside","QN02","QN02 Long Island City-Sunnyside-Woodside (CD 2 Approximation)",0.0491554768459068
"36081025302","4025302","4","Queens","025302","QN0202","Sunnyside","QN02","QN02 Long Island City-Sunnyside-Woodside (CD 2 Approximation)",0.040577792439201
"36081025401","4025401","4","Queens","025401","QN1202","South Jamaica","QN12","QN12 Jamaica-St. Albans-Hollis (CD 12 Approximation)",0.0978443628955031
"36081025402","4025402","4","Queens","025402","QN1202","South Jamaica","QN12","QN12 Jamaica-St. Albans-Hollis (CD 12 Approximation)",0.146018347795407
"36081025500","4025500","4","Queens","025500","QN0203","Woodside","QN02","QN02 Long Island City-Sunnyside-Woodside (CD 2 Approximation)",0.0841464246244348
"36081025700","4025700","4","Queens","025700","QN0203","Woodside","QN02","QN02 Long Island City-Sunnyside-Woodside (CD 2 Approximation)",0.0581651239649756
"36081025800","4025800","4","Queens","025800","QN1202","South Jamaica","QN12","QN12 Jamaica-St. Albans-Hollis (CD 12 Approximation)",0.081797112268813
"36081025900","4025900","4","Queens","025900","QN0203","Woodside","QN02","QN02 Long Island City-Sunnyside-Woodside (CD 2 Approximation)",0.0722712993146075
"36081026000","4026000","4","Queens","026000","QN1202","South Jamaica","QN12","QN12 Jamaica-St. Albans-Hollis (CD 12 Approximation)",0.0689056322794709
"36081026200","4026200","4","Queens","026200","QN1202","South Jamaica","QN12","QN12 Jamaica-St. Albans-Hollis (CD 12 Approximation)",0.0552417450165074
"36081026400","4026400","4","Queens","026400","QN1202","South Jamaica","QN12","QN12 Jamaica-St. Albans-Hollis (CD 12 Approximation)",0.0982696861174874
"36081026600","4026600","4","Queens","026600","QN1202","South Jamaica","QN12","QN12 Jamaica-St. Albans-Hollis (CD 12 Approximation)",0.066783563223703
"36081026700","4026700","4","Queens","026700","QN0401","Elmhurst","QN04","QN04 Elmhurst-Corona (CD 4 Approximation)",0.0809302761270823
"36081026901","4026901","4","Queens","026901","QN0401","Elmhurst","QN04","QN04 Elmhurst-Corona (CD 4 Approximation)",0.0441324305493597
"36081026902","4026902","4","Queens","026902","QN0401","Elmhurst","QN04","QN04 Elmhurst-Corona (CD 4 Approximation)",0.030310313337368
"36081027000","4027000","4","Queens","027000","QN1202","South Jamaica","QN12","QN12 Jamaica-St. Albans-Hollis (CD 12 Approximation)",0.0714541886893365
"36081027101","4027101","4","Queens","027101","QN0401","Elmhurst","QN04","QN04 Elmhurst-Corona (CD 4 Approximation)",0.0347172816790044
"36081027102","4027102","4","Queens","027102","QN0401","Elmhurst","QN04","QN04 Elmhurst-Corona (CD 4 Approximation)",0.0189505515492486
"36081027200","4027200","4","Queens","027200","QN1203","Baisley Park","QN12","QN12 Jamaica-St. Albans-Hollis (CD 12 Approximation)",0.0593243809019422
"36081027302","4027302","4","Queens","027302","QN0301","Jackson Heights","QN03","QN03 Jackson Heights-East Elmhurst (CD 3 Approximation)",0.0450112209632254
"36081027400","4027400","4","Queens","027400","QN1203","Baisley Park","QN12","QN12 Jamaica-St. Albans-Hollis (CD 12 Approximation)",0.055488279659411
"36081027500","4027500","4","Queens","027500","QN0301","Jackson Heights","QN03","QN03 Jackson Heights-East Elmhurst (CD 3 Approximation)",0.0685703018915742
"36081027600","4027600","4","Queens","027600","QN1203","Baisley Park","QN12","QN12 Jamaica-St. Albans-Hollis (CD 12 Approximation)",0.0612749283812264
"36081027701","4027701","4","Queens","027701","QN0301","Jackson Heights","QN03","QN03 Jackson Heights-East Elmhurst (CD 3 Approximation)",0.0284762918394913
"36081027702","4027702","4","Queens","027702","QN0301","Jackson Heights","QN03","QN03 Jackson Heights-East Elmhurst (CD 3 Approximation)",0.0388199610995516
"36081027800","4027800","4","Queens","027800","QN1203","Baisley Park","QN12","QN12 Jamaica-St. Albans-Hollis (CD 12 Approximation)",0.0676904644005321
"36081027900","4027900","4","Queens","027900","QN0301","Jackson Heights","QN03","QN03 Jackson Heights-East Elmhurst (CD 3 Approximation)",0.0686286810916592
"36081028000","4028000","4","Queens","028000","QN1203","Baisley Park","QN12","QN12 Jamaica-St. Albans-Hollis (CD 12 Approximation)",0.0636835148727943
"36081028100","4028100","4","Queens","028100","QN0301","Jackson Heights","QN03","QN03 Jackson Heights-East Elmhurst (CD 3 Approximation)",0.0673441514212715
"36081028200","4028200","4","Queens","028200","QN1203","Baisley Park","QN12","QN12 Jamaica-St. Albans-Hollis (CD 12 Approximation)",0.0703317635240211
"36081028300","4028300","4","Queens","028300","QN0301","Jackson Heights","QN03","QN03 Jackson Heights-East Elmhurst (CD 3 Approximation)",0.0686259258695731
"36081028400","4028400","4","Queens","028400","QN1203","Baisley Park","QN12","QN12 Jamaica-St. Albans-Hollis (CD 12 Approximation)",0.165917318388256
"36081028500","4028500","4","Queens","028500","QN0301","Jackson Heights","QN03","QN03 Jackson Heights-East Elmhurst (CD 3 Approximation)",0.0610299128752491
"36081028700","4028700","4","Queens","028700","QN0301","Jackson Heights","QN03","QN03 Jackson Heights-East Elmhurst (CD 3 Approximation)",0.0754945612041261
"36081028801","4028801","4","Queens","028801","QN1203","Baisley Park","QN12","QN12 Jamaica-St. Albans-Hollis (CD 12 Approximation)",0.0920934217737152
"36081028802","4028802","4","Queens","028802","QN1203","Baisley Park","QN12","QN12 Jamaica-St. Albans-Hollis (CD 12 Approximation)",0.0772153709623974
"36081028900","4028900","4","Queens","028900","QN0301","Jackson Heights","QN03","QN03 Jackson Heights-East Elmhurst (CD 3 Approximation)",0.066683078406342
"36081030903","4030903","4","Queens","030903","QN0301","Jackson Heights","QN03","QN03 Jackson Heights-East Elmhurst (CD 3 Approximation)",0.135798023118018
"36081032700","4032700","4","Queens","032700","QN0301","Jackson Heights","QN03","QN03 Jackson Heights-East Elmhurst (CD 3 Approximation)",0.0582441976948932
"36081032800","4032800","4","Queens","032800","QN1305","Laurelton","QN13","QN13 Queens Village-Bellerose-Rosedale (CD 13 Approximation)",0.141662420246003
"36081033401","4033401","4","Queens","033401","QN1204","Springfield Gardens (North)-Rochdale Village","QN12","QN12 Jamaica-St. Albans-Hollis (CD 12 Approximation)",0.216509913530462
"36081033403","4033403","4","Queens","033403","QN1204","Springfield Gardens (North)-Rochdale Village","QN12","QN12 Jamaica-St. Albans-Hollis (CD 12 Approximation)",0.0975926634055782
"36081033404","4033404","4","Queens","033404","QN1204","Springfield Gardens (North)-Rochdale Village","QN12","QN12 Jamaica-St. Albans-Hollis (CD 12 Approximation)",0.0887304152937885
"36081033700","4033700","4","Queens","033700","QN0301","Jackson Heights","QN03","QN03 Jackson Heights-East Elmhurst (CD 3 Approximation)",0.0582402041310312
"36081033900","4033900","4","Queens","033900","QN0301","Jackson Heights","QN03","QN03 Jackson Heights-East Elmhurst (CD 3 Approximation)",0.0582308048099156
"36081035100","4035100","4","Queens","035100","QN0301","Jackson Heights","QN03","QN03 Jackson Heights-East Elmhurst (CD 3 Approximation)",0.0537597681680395
"36081035200","4035200","4","Queens","035200","QN1205","St. Albans","QN12","QN12 Jamaica-St. Albans-Hollis (CD 12 Approximation)",0.233670937241326
"36081035300","4035300","4","Queens","035300","QN0302","East Elmhurst","QN03","QN03 Jackson Heights-East Elmhurst (CD 3 Approximation)",0.0599295188626027
"36081035800","4035800","4","Queens","035800","QN1305","Laurelton","QN13","QN13 Queens Village-Bellerose-Rosedale (CD 13 Approximation)",0.202368965598805
"36081036100","4036100","4","Queens","036100","QN0302","East Elmhurst","QN03","QN03 Jackson Heights-East Elmhurst (CD 3 Approximation)",0.0607614936203975
"36081036300","4036300","4","Queens","036300","QN0302","East Elmhurst","QN03","QN03 Jackson Heights-East Elmhurst (CD 3 Approximation)",0.0519884607033153
"36081036600","4036600","4","Queens","036600","QN1205","St. Albans","QN12","QN12 Jamaica-St. Albans-Hollis (CD 12 Approximation)",0.143007561129517
"36081036800","4036800","4","Queens","036800","QN1205","St. Albans","QN12","QN12 Jamaica-St. Albans-Hollis (CD 12 Approximation)",0.0900389433364774
"36081037600","4037600","4","Queens","037600","QN1205","St. Albans","QN12","QN12 Jamaica-St. Albans-Hollis (CD 12 Approximation)",0.297051988998279
"36081037700","4037700","4","Queens","037700","QN0303","North Corona","QN03","QN03 Jackson Heights-East Elmhurst (CD 3 Approximation)",0.0566880683530079
"36081037900","4037900","4","Queens","037900","QN0303","North Corona","QN03","QN03 Jackson Heights-East Elmhurst (CD 3 Approximation)",0.0760746857021058
"36081039400","4039400","4","Queens","039400","QN1205","St. Albans","QN12","QN12 Jamaica-St. Albans-Hollis (CD 12 Approximation)",0.134491781486879
"36081039800","4039800","4","Queens","039800","QN1205","St. Albans","QN12","QN12 Jamaica-St. Albans-Hollis (CD 12 Approximation)",0.077523338359487
"36081039902","4039902","4","Queens","039902","QN0303","North Corona","QN03","QN03 Jackson Heights-East Elmhurst (CD 3 Approximation)",0.0244460440098041
"36081040000","4040000","4","Queens","040000","QN1205","St. Albans","QN12","QN12 Jamaica-St. Albans-Hollis (CD 12 Approximation)",0.0757811346262317
"36081040101","4040101","4","Queens","040101","QN0402","Corona","QN04","QN04 Elmhurst-Corona (CD 4 Approximation)",0.033407932023836
"36081040200","4040200","4","Queens","040200","QN1205","St. Albans","QN12","QN12 Jamaica-St. Albans-Hollis (CD 12 Approximation)",0.084382579189857
"36081040301","4040301","4","Queens","040301","QN0402","Corona","QN04","QN04 Elmhurst-Corona (CD 4 Approximation)",0.033721949510087
"36081040302","4040302","4","Queens","040302","QN0303","North Corona","QN03","QN03 Jackson Heights-East Elmhurst (CD 3 Approximation)",0.0429476272668745
"36081040400","4040400","4","Queens","040400","QN1205","St. Albans","QN12","QN12 Jamaica-St. Albans-Hollis (CD 12 Approximation)",0.18267720886124
"36081040501","4040501","4","Queens","040501","QN0402","Corona","QN04","QN04 Elmhurst-Corona (CD 4 Approximation)",0.0275894549167177
"36081040502","4040502","4","Queens","040502","QN0303","North Corona","QN03","QN03 Jackson Heights-East Elmhurst (CD 3 Approximation)",0.0223987329422657
"36081040701","4040701","4","Queens","040701","QN0402","Corona","QN04","QN04 Elmhurst-Corona (CD 4 Approximation)",0.0272025536424597
"36081040702","4040702","4","Queens","040702","QN0303","North Corona","QN03","QN03 Jackson Heights-East Elmhurst (CD 3 Approximation)",0.0498388489877867
"36081041100","4041100","4","Queens","041100","QN0402","Corona","QN04","QN04 Elmhurst-Corona (CD 4 Approximation)",0.0531500706950033
"36081041300","4041300","4","Queens","041300","QN0402","Corona","QN04","QN04 Elmhurst-Corona (CD 4 Approximation)",0.0613040947304748
"36081041400","4041400","4","Queens","041400","QN1202","South Jamaica","QN12","QN12 Jamaica-St. Albans-Hollis (CD 12 Approximation)",0.184114021807722
"36081041500","4041500","4","Queens","041500","QN0402","Corona","QN04","QN04 Elmhurst-Corona (CD 4 Approximation)",0.0669420813114073
"36081042700","4042700","4","Queens","042700","QN0402","Corona","QN04","QN04 Elmhurst-Corona (CD 4 Approximation)",0.0659637613251949
"36081043701","4043701","4","Queens","043701","QN0402","Corona","QN04","QN04 Elmhurst-Corona (CD 4 Approximation)",0.0566031766131736
"36081043702","4043702","4","Queens","043702","QN0402","Corona","QN04","QN04 Elmhurst-Corona (CD 4 Approximation)",0.0676626033589935
"36081043900","4043900","4","Queens","043900","QN0402","Corona","QN04","QN04 Elmhurst-Corona (CD 4 Approximation)",0.0635925908672248
"36081044301","4044301","4","Queens","044301","QN0402","Corona","QN04","QN04 Elmhurst-Corona (CD 4 Approximation)",0.0515712927870902
"36081044302","4044302","4","Queens","044302","QN0402","Corona","QN04","QN04 Elmhurst-Corona (CD 4 Approximation)",0.107341533263352
"36081044602","4044602","4","Queens","044602","QN1201","Jamaica","QN12","QN12 Jamaica-St. Albans-Hollis (CD 12 Approximation)",0.065662720221467
"36081044800","4044800","4","Queens","044800","QN0805","Jamaica Hills-Briarwood","QN08","QN08 Fresh Meadows-Hillcrest-Briarwood (CD 8 Approximation)",0.0803835828369348
"36081045000","4045000","4","Queens","045000","QN0805","Jamaica Hills-Briarwood","QN08","QN08 Fresh Meadows-Hillcrest-Briarwood (CD 8 Approximation)",0.0677748654641313
"36081045600","4045600","4","Queens","045600","QN0805","Jamaica Hills-Briarwood","QN08","QN08 Fresh Meadows-Hillcrest-Briarwood (CD 8 Approximation)",0.0625720789570527
"36081045700","4045700","4","Queens","045700","QN0401","Elmhurst","QN04","QN04 Elmhurst-Corona (CD 4 Approximation)",0.0581191880159028
"36081045900","4045900","4","Queens","045900","QN0401","Elmhurst","QN04","QN04 Elmhurst-Corona (CD 4 Approximation)",0.0528487149972456
"36081046100","4046100","4","Queens","046100","QN0401","Elmhurst","QN04","QN04 Elmhurst-Corona (CD 4 Approximation)",0.0439991648714195
"36081046400","4046400","4","Queens","046400","QN0804","Jamaica Estates-Holliswood","QN08","QN08 Fresh Meadows-Hillcrest-Briarwood (CD 8 Approximation)",0.0886037904985038
"36081046700","4046700","4","Queens","046700","QN0401","Elmhurst","QN04","QN04 Elmhurst-Corona (CD 4 Approximation)",0.0548439696887974
"36081046901","4046901","4","Queens","046901","QN0401","Elmhurst","QN04","QN04 Elmhurst-Corona (CD 4 Approximation)",0.0288345782044806
"36081046902","4046902","4","Queens","046902","QN0401","Elmhurst","QN04","QN04 Elmhurst-Corona (CD 4 Approximation)",0.0296179289704284
"36081047000","4047000","4","Queens","047000","QN1201","Jamaica","QN12","QN12 Jamaica-St. Albans-Hollis (CD 12 Approximation)",0.0887220170877494
"36081047300","4047300","4","Queens","047300","QN0401","Elmhurst","QN04","QN04 Elmhurst-Corona (CD 4 Approximation)",0.0766315465408991
"36081047802","4047802","4","Queens","047802","QN1206","Hollis","QN12","QN12 Jamaica-St. Albans-Hollis (CD 12 Approximation)",0.0512070314354732
"36081048000","4048000","4","Queens","048000","QN1206","Hollis","QN12","QN12 Jamaica-St. Albans-Hollis (CD 12 Approximation)",0.0890420363190412
"36081048100","4048100","4","Queens","048100","QN0401","Elmhurst","QN04","QN04 Elmhurst-Corona (CD 4 Approximation)",0.0536820428380023
"36081048400","4048400","4","Queens","048400","QN1206","Hollis","QN12","QN12 Jamaica-St. Albans-Hollis (CD 12 Approximation)",0.160222133705449
"36081049201","4049201","4","Queens","049201","QN0804","Jamaica Estates-Holliswood","QN08","QN08 Fresh Meadows-Hillcrest-Briarwood (CD 8 Approximation)",0.113707581254388
"36081049202","4049202","4","Queens","049202","QN1303","Queens Village","QN13","QN13 Queens Village-Bellerose-Rosedale (CD 13 Approximation)",0.0740039955612518
"36081049301","4049301","4","Queens","049301","QN0501","Maspeth","QN05","QN05 Ridgewood-Maspeth-Middle Village (CD 5 Approximation)",0.0632764440441028
"36081049302","4049302","4","Queens","049302","QN0501","Maspeth","QN05","QN05 Ridgewood-Maspeth-Middle Village (CD 5 Approximation)",0.103912550205362
"36081049500","4049500","4","Queens","049500","QN0501","Maspeth","QN05","QN05 Ridgewood-Maspeth-Middle Village (CD 5 Approximation)",0.049813650641896
"36081049600","4049600","4","Queens","049600","QN1303","Queens Village","QN13","QN13 Queens Village-Bellerose-Rosedale (CD 13 Approximation)",0.105590187008852
"36081049700","4049700","4","Queens","049700","QN0501","Maspeth","QN05","QN05 Ridgewood-Maspeth-Middle Village (CD 5 Approximation)",0.0763813695551526
"36081050202","4050202","4","Queens","050202","QN1206","Hollis","QN12","QN12 Jamaica-St. Albans-Hollis (CD 12 Approximation)",0.059016259213219
"36081050400","4050400","4","Queens","050400","QN1205","St. Albans","QN12","QN12 Jamaica-St. Albans-Hollis (CD 12 Approximation)",0.08351740882469
"36081050600","4050600","4","Queens","050600","QN1206","Hollis","QN12","QN12 Jamaica-St. Albans-Hollis (CD 12 Approximation)",0.0795449362260235
"36081050800","4050800","4","Queens","050800","QN1206","Hollis","QN12","QN12 Jamaica-St. Albans-Hollis (CD 12 Approximation)",0.084775751086933
"36081051600","4051600","4","Queens","051600","QN1303","Queens Village","QN13","QN13 Queens Village-Bellerose-Rosedale (CD 13 Approximation)",0.0709063970512231
"36081051800","4051800","4","Queens","051800","QN1205","St. Albans","QN12","QN12 Jamaica-St. Albans-Hollis (CD 12 Approximation)",0.0655658644248312
"36081052000","4052000","4","Queens","052000","QN1205","St. Albans","QN12","QN12 Jamaica-St. Albans-Hollis (CD 12 Approximation)",0.0664987019556109
"36081052100","4052100","4","Queens","052100","QN0501","Maspeth","QN05","QN05 Ridgewood-Maspeth-Middle Village (CD 5 Approximation)",0.0729408573577535
"36081052200","4052200","4","Queens","052200","QN1205","St. Albans","QN12","QN12 Jamaica-St. Albans-Hollis (CD 12 Approximation)",0.0655662481291987
"36081052400","4052400","4","Queens","052400","QN1205","St. Albans","QN12","QN12 Jamaica-St. Albans-Hollis (CD 12 Approximation)",0.0757459019713933
"36081052600","4052600","4","Queens","052600","QN1205","St. Albans","QN12","QN12 Jamaica-St. Albans-Hollis (CD 12 Approximation)",0.0704046408799804
"36081052800","4052800","4","Queens","052800","QN1205","St. Albans","QN12","QN12 Jamaica-St. Albans-Hollis (CD 12 Approximation)",0.0696436128668059
"36081053000","4053000","4","Queens","053000","QN1205","St. Albans","QN12","QN12 Jamaica-St. Albans-Hollis (CD 12 Approximation)",0.088870665370031
"36081053200","4053200","4","Queens","053200","QN1205","St. Albans","QN12","QN12 Jamaica-St. Albans-Hollis (CD 12 Approximation)",0.073297667348636
"36081053601","4053601","4","Queens","053601","QN1303","Queens Village","QN13","QN13 Queens Village-Bellerose-Rosedale (CD 13 Approximation)",0.0741292175804728
"36081053800","4053800","4","Queens","053800","QN1303","Queens Village","QN13","QN13 Queens Village-Bellerose-Rosedale (CD 13 Approximation)",0.0728767274882691
"36081053902","4053902","4","Queens","053902","QN0502","Ridgewood","QN05","QN05 Ridgewood-Maspeth-Middle Village (CD 5 Approximation)",0.063935839220472
"36081054000","4054000","4","Queens","054000","QN1303","Queens Village","QN13","QN13 Queens Village-Bellerose-Rosedale (CD 13 Approximation)",0.201868940204344
"36081054200","4054200","4","Queens","054200","QN1303","Queens Village","QN13","QN13 Queens Village-Bellerose-Rosedale (CD 13 Approximation)",0.208936048630693
"36081054500","4054500","4","Queens","054500","QN0502","Ridgewood","QN05","QN05 Ridgewood-Maspeth-Middle Village (CD 5 Approximation)",0.043810491388819
"36081054800","4054800","4","Queens","054800","QN1303","Queens Village","QN13","QN13 Queens Village-Bellerose-Rosedale (CD 13 Approximation)",0.0869365775848837
"36081055100","4055100","4","Queens","055100","QN0502","Ridgewood","QN05","QN05 Ridgewood-Maspeth-Middle Village (CD 5 Approximation)",0.0598924212863503
"36081055400","4055400","4","Queens","055400","QN1303","Queens Village","QN13","QN13 Queens Village-Bellerose-Rosedale (CD 13 Approximation)",0.0849679368400866
"36081055500","4055500","4","Queens","055500","QN0502","Ridgewood","QN05","QN05 Ridgewood-Maspeth-Middle Village (CD 5 Approximation)",0.0593334492399846
"36081055600","4055600","4","Queens","055600","QN1303","Queens Village","QN13","QN13 Queens Village-Bellerose-Rosedale (CD 13 Approximation)",0.0876005138953393
"36081055700","4055700","4","Queens","055700","QN0502","Ridgewood","QN05","QN05 Ridgewood-Maspeth-Middle Village (CD 5 Approximation)",0.0924496447666897
"36081055800","4055800","4","Queens","055800","QN1303","Queens Village","QN13","QN13 Queens Village-Bellerose-Rosedale (CD 13 Approximation)",0.0742735489212608
"36081055900","4055900","4","Queens","055900","QN0502","Ridgewood","QN05","QN05 Ridgewood-Maspeth-Middle Village (CD 5 Approximation)",0.0626706365027896
"36081056100","4056100","4","Queens","056100","QN0574","Highland Park-Cypress Hills Cemeteries (North)","QN05","QN05 Ridgewood-Maspeth-Middle Village (CD 5 Approximation)",1.12011654237898
"36081056200","4056200","4","Queens","056200","QN1303","Queens Village","QN13","QN13 Queens Village-Bellerose-Rosedale (CD 13 Approximation)",0.0620256836341345
"36081056500","4056500","4","Queens","056500","QN0503","Glendale","QN05","QN05 Ridgewood-Maspeth-Middle Village (CD 5 Approximation)",0.0467930629048728
"36081056600","4056600","4","Queens","056600","QN1303","Queens Village","QN13","QN13 Queens Village-Bellerose-Rosedale (CD 13 Approximation)",0.0752831060503989
"36081056700","4056700","4","Queens","056700","QN0503","Glendale","QN05","QN05 Ridgewood-Maspeth-Middle Village (CD 5 Approximation)",0.121444608033151
"36081057700","4057700","4","Queens","057700","QN0503","Glendale","QN05","QN05 Ridgewood-Maspeth-Middle Village (CD 5 Approximation)",0.0728177761137063
"36081058200","4058200","4","Queens","058200","QN1303","Queens Village","QN13","QN13 Queens Village-Bellerose-Rosedale (CD 13 Approximation)",0.217619939711995
"36081058500","4058500","4","Queens","058500","QN0502","Ridgewood","QN05","QN05 Ridgewood-Maspeth-Middle Village (CD 5 Approximation)",0.06608916774847
"36081058700","4058700","4","Queens","058700","QN0502","Ridgewood","QN05","QN05 Ridgewood-Maspeth-Middle Village (CD 5 Approximation)",0.0555794676804837
"36081058900","4058900","4","Queens","058900","QN0502","Ridgewood","QN05","QN05 Ridgewood-Maspeth-Middle Village (CD 5 Approximation)",0.0638570247340513
"36081059000","4059000","4","Queens","059000","QN1304","Cambria Heights","QN13","QN13 Queens Village-Bellerose-Rosedale (CD 13 Approximation)",0.0610505482976839
"36081059100","4059100","4","Queens","059100","QN0502","Ridgewood","QN05","QN05 Ridgewood-Maspeth-Middle Village (CD 5 Approximation)",0.0780147797052733
"36081059900","4059900","4","Queens","059900","QN0501","Maspeth","QN05","QN05 Ridgewood-Maspeth-Middle Village (CD 5 Approximation)",0.049074409113466
"36081060600","4060600","4","Queens","060600","QN1304","Cambria Heights","QN13","QN13 Queens Village-Bellerose-Rosedale (CD 13 Approximation)",0.0831219308178774
"36081061200","4061200","4","Queens","061200","QN1304","Cambria Heights","QN13","QN13 Queens Village-Bellerose-Rosedale (CD 13 Approximation)",0.101517261023887
"36081061302","4061302","4","Queens","061302","QN0572","Middle Village Cemetery","QN05","QN05 Ridgewood-Maspeth-Middle Village (CD 5 Approximation)",0.197698199157354
"36081061400","4061400","4","Queens","061400","QN1304","Cambria Heights","QN13","QN13 Queens Village-Bellerose-Rosedale (CD 13 Approximation)",0.0994334363209522
"36081061800","4061800","4","Queens","061800","QN1305","Laurelton","QN13","QN13 Queens Village-Bellerose-Rosedale (CD 13 Approximation)",0.0932640145368892
"36081062300","4062300","4","Queens","062300","QN0503","Glendale","QN05","QN05 Ridgewood-Maspeth-Middle Village (CD 5 Approximation)",0.0605766207729258
"36081062500","4062500","4","Queens","062500","QN0503","Glendale","QN05","QN05 Ridgewood-Maspeth-Middle Village (CD 5 Approximation)",0.0766621827590317
"36081062600","4062600","4","Queens","062600","QN1305","Laurelton","QN13","QN13 Queens Village-Bellerose-Rosedale (CD 13 Approximation)",0.16685277124134
"36081062700","4062700","4","Queens","062700","QN0503","Glendale","QN05","QN05 Ridgewood-Maspeth-Middle Village (CD 5 Approximation)",0.0607411951463092
"36081062900","4062900","4","Queens","062900","QN0503","Glendale","QN05","QN05 Ridgewood-Maspeth-Middle Village (CD 5 Approximation)",0.0713073337008902
"36081063200","4063200","4","Queens","063200","QN1305","Laurelton","QN13","QN13 Queens Village-Bellerose-Rosedale (CD 13 Approximation)",0.114525363680135
"36081064101","4064101","4","Queens","064101","QN0905","Woodhaven","QN09","QN09 Kew Gardens-Richmond Hill-Woodhaven (CD 9 Approximation)",0.0318702140142441
"36081064600","4064600","4","Queens","064600","QN1305","Laurelton","QN13","QN13 Queens Village-Bellerose-Rosedale (CD 13 Approximation)",0.158956329308334
"36081065000","4065000","4","Queens","065000","QN1305","Laurelton","QN13","QN13 Queens Village-Bellerose-Rosedale (CD 13 Approximation)",0.154406529274789
"36081065401","4065401","4","Queens","065401","QN1307","Rosedale","QN13","QN13 Queens Village-Bellerose-Rosedale (CD 13 Approximation)",0.166331865282209
"36081065402","4065402","4","Queens","065402","QN1306","Springfield Gardens (South)-Brookville","QN13","QN13 Queens Village-Bellerose-Rosedale (CD 13 Approximation)",0.102801132837543
"36081065600","4065600","4","Queens","065600","QN1307","Rosedale","QN13","QN13 Queens Village-Bellerose-Rosedale (CD 13 Approximation)",0.227648699473329
"36081065702","4065702","4","Queens","065702","QN0504","Middle Village","QN05","QN05 Ridgewood-Maspeth-Middle Village (CD 5 Approximation)",0.0555171280718947
"36081065703","4065703","4","Queens","065703","QN0504","Middle Village","QN05","QN05 Ridgewood-Maspeth-Middle Village (CD 5 Approximation)",0.103648391614722
"36081066000","4066000","4","Queens","066000","QN1307","Rosedale","QN13","QN13 Queens Village-Bellerose-Rosedale (CD 13 Approximation)",0.149243737514552
"36081066301","4066301","4","Queens","066301","QN0504","Middle Village","QN05","QN05 Ridgewood-Maspeth-Middle Village (CD 5 Approximation)",0.108228020960277
"36081066302","4066302","4","Queens","066302","QN0504","Middle Village","QN05","QN05 Ridgewood-Maspeth-Middle Village (CD 5 Approximation)",0.0953071183091704
"36081066402","4066402","4","Queens","066402","QN1307","Rosedale","QN13","QN13 Queens Village-Bellerose-Rosedale (CD 13 Approximation)",0.151834731361086
"36081066403","4066403","4","Queens","066403","QN1307","Rosedale","QN13","QN13 Queens Village-Bellerose-Rosedale (CD 13 Approximation)",0.140474019245255
"36081066701","4066701","4","Queens","066701","QN0501","Maspeth","QN05","QN05 Ridgewood-Maspeth-Middle Village (CD 5 Approximation)",0.0993368653015788
"36081067100","4067100","4","Queens","067100","QN0504","Middle Village","QN05","QN05 Ridgewood-Maspeth-Middle Village (CD 5 Approximation)",0.088454351930104
"36081067700","4067700","4","Queens","067700","QN0504","Middle Village","QN05","QN05 Ridgewood-Maspeth-Middle Village (CD 5 Approximation)",0.0717987080831548
"36081068200","4068200","4","Queens","068200","QN1305","Laurelton","QN13","QN13 Queens Village-Bellerose-Rosedale (CD 13 Approximation)",0.0894058814795116
"36081068300","4068300","4","Queens","068300","QN0401","Elmhurst","QN04","QN04 Elmhurst-Corona (CD 4 Approximation)",0.0944221028102631
"36081069300","4069300","4","Queens","069300","QN0601","Rego Park","QN06","QN06 Forest Hills-Rego Park (CD 6 Approximation)",0.0551957788592204
"36081069500","4069500","4","Queens","069500","QN0601","Rego Park","QN06","QN06 Forest Hills-Rego Park (CD 6 Approximation)",0.0823339410389479
"36081069701","4069701","4","Queens","069701","QN0601","Rego Park","QN06","QN06 Forest Hills-Rego Park (CD 6 Approximation)",0.0513721465413957
"36081070700","4070700","4","Queens","070700","QN0602","Forest Hills","QN06","QN06 Forest Hills-Rego Park (CD 6 Approximation)",0.0857140220394748
"36081071304","4071304","4","Queens","071304","QN0602","Forest Hills","QN06","QN06 Forest Hills-Rego Park (CD 6 Approximation)",0.0602782243861244
"36081071701","4071701","4","Queens","071701","QN0601","Rego Park","QN06","QN06 Forest Hills-Rego Park (CD 6 Approximation)",0.0733542116473296
"36081071900","4071900","4","Queens","071900","QN0602","Forest Hills","QN06","QN06 Forest Hills-Rego Park (CD 6 Approximation)",0.0639837078308376
"36081072100","4072100","4","Queens","072100","QN0602","Forest Hills","QN06","QN06 Forest Hills-Rego Park (CD 6 Approximation)",0.06522555991283
"36081072300","4072300","4","Queens","072300","QN0602","Forest Hills","QN06","QN06 Forest Hills-Rego Park (CD 6 Approximation)",0.181514102086737
"36081072900","4072900","4","Queens","072900","QN0602","Forest Hills","QN06","QN06 Forest Hills-Rego Park (CD 6 Approximation)",0.0747928004489198
"36081073700","4073700","4","Queens","073700","QN0602","Forest Hills","QN06","QN06 Forest Hills-Rego Park (CD 6 Approximation)",0.081383918647408
"36081073900","4073900","4","Queens","073900","QN0602","Forest Hills","QN06","QN06 Forest Hills-Rego Park (CD 6 Approximation)",0.086481006452766
"36081074100","4074100","4","Queens","074100","QN0602","Forest Hills","QN06","QN06 Forest Hills-Rego Park (CD 6 Approximation)",0.0663603924742336
"36081074300","4074300","4","Queens","074300","QN0602","Forest Hills","QN06","QN06 Forest Hills-Rego Park (CD 6 Approximation)",0.0747268648389127
"36081074500","4074500","4","Queens","074500","QN0602","Forest Hills","QN06","QN06 Forest Hills-Rego Park (CD 6 Approximation)",0.0673715849398334
"36081075701","4075701","4","Queens","075701","QN0602","Forest Hills","QN06","QN06 Forest Hills-Rego Park (CD 6 Approximation)",0.0762792468133102
"36081075702","4075702","4","Queens","075702","QN0602","Forest Hills","QN06","QN06 Forest Hills-Rego Park (CD 6 Approximation)",0.135627563685488
"36081077902","4077902","4","Queens","077902","QN0801","Kew Gardens Hills","QN08","QN08 Fresh Meadows-Hillcrest-Briarwood (CD 8 Approximation)",0.216054855804075
"36081077903","4077903","4","Queens","077903","QN0801","Kew Gardens Hills","QN08","QN08 Fresh Meadows-Hillcrest-Briarwood (CD 8 Approximation)",0.101504726248407
"36081077906","4077906","4","Queens","077906","QN0801","Kew Gardens Hills","QN08","QN08 Fresh Meadows-Hillcrest-Briarwood (CD 8 Approximation)",0.111509987193192
"36081077907","4077907","4","Queens","077907","QN0801","Kew Gardens Hills","QN08","QN08 Fresh Meadows-Hillcrest-Briarwood (CD 8 Approximation)",0.0835809856278797
"36081077908","4077908","4","Queens","077908","QN0801","Kew Gardens Hills","QN08","QN08 Fresh Meadows-Hillcrest-Briarwood (CD 8 Approximation)",0.0773579186040896
"36081078800","4078800","4","Queens","078800","QN1203","Baisley Park","QN12","QN12 Jamaica-St. Albans-Hollis (CD 12 Approximation)",0.0744549681643092
"36081079000","4079000","4","Queens","079000","QN1203","Baisley Park","QN12","QN12 Jamaica-St. Albans-Hollis (CD 12 Approximation)",0.100407403484149
"36081079200","4079200","4","Queens","079200","QN1203","Baisley Park","QN12","QN12 Jamaica-St. Albans-Hollis (CD 12 Approximation)",0.141047096976523
"36081079300","4079300","4","Queens","079300","QN0871","Mount Hebron & Cedar Grove Cemeteries","QN08","QN08 Fresh Meadows-Hillcrest-Briarwood (CD 8 Approximation)",0.330324291470945
"36081079701","4079701","4","Queens","079701","QN0707","Flushing-Willets Point","QN07","QN07 Flushing-Murray Hill-Whitestone (CD 7 Approximation)",0.0430259376448413
"36081079702","4079702","4","Queens","079702","QN0707","Flushing-Willets Point","QN07","QN07 Flushing-Murray Hill-Whitestone (CD 7 Approximation)",0.110330017970442
"36081079900","4079900","4","Queens","079900","QN0706","Queensboro Hill","QN07","QN07 Flushing-Murray Hill-Whitestone (CD 7 Approximation)",0.110850049280276
"36081080301","4080301","4","Queens","080301","QN0706","Queensboro Hill","QN07","QN07 Flushing-Murray Hill-Whitestone (CD 7 Approximation)",0.121966112722449
"36081080302","4080302","4","Queens","080302","QN0706","Queensboro Hill","QN07","QN07 Flushing-Murray Hill-Whitestone (CD 7 Approximation)",0.16975595181691
"36081081800","4081800","4","Queens","081800","QN1001","South Ozone Park","QN10","QN10 South Ozone Park-Howard Beach (CD 10 Approximation)",0.145112440313962
"36081083700","4083700","4","Queens","083700","QN0706","Queensboro Hill","QN07","QN07 Flushing-Murray Hill-Whitestone (CD 7 Approximation)",0.301249437316336
"36081083800","4083800","4","Queens","083800","QN1001","South Ozone Park","QN10","QN10 South Ozone Park-Howard Beach (CD 10 Approximation)",0.191274508407356
"36081084000","4084000","4","Queens","084000","QN1001","South Ozone Park","QN10","QN10 South Ozone Park-Howard Beach (CD 10 Approximation)",0.219493838035165
"36081084500","4084500","4","Queens","084500","QN0705","East Flushing","QN07","QN07 Flushing-Murray Hill-Whitestone (CD 7 Approximation)",0.072967619615761
"36081084601","4084601","4","Queens","084601","QN1001","South Ozone Park","QN10","QN10 South Ozone Park-Howard Beach (CD 10 Approximation)",0.12795323190447
"36081084901","4084901","4","Queens","084901","QN0707","Flushing-Willets Point","QN07","QN07 Flushing-Murray Hill-Whitestone (CD 7 Approximation)",0.0789638030567265
"36081084902","4084902","4","Queens","084902","QN0707","Flushing-Willets Point","QN07","QN07 Flushing-Murray Hill-Whitestone (CD 7 Approximation)",0.0384368367880399
"36081085700","4085700","4","Queens","085700","QN0707","Flushing-Willets Point","QN07","QN07 Flushing-Murray Hill-Whitestone (CD 7 Approximation)",0.0511153089414835
"36081085900","4085900","4","Queens","085900","QN0707","Flushing-Willets Point","QN07","QN07 Flushing-Murray Hill-Whitestone (CD 7 Approximation)",0.0563498037207646
"36081086400","4086400","4","Queens","086400","QN1001","South Ozone Park","QN10","QN10 South Ozone Park-Howard Beach (CD 10 Approximation)",0.433684518947475
"36081086500","4086500","4","Queens","086500","QN0707","Flushing-Willets Point","QN07","QN07 Flushing-Murray Hill-Whitestone (CD 7 Approximation)",0.0610789556851092
"36081087100","4087100","4","Queens","087100","QN0707","Flushing-Willets Point","QN07","QN07 Flushing-Murray Hill-Whitestone (CD 7 Approximation)",0.170663173588446
"36081088903","4088903","4","Queens","088903","QN0704","Murray Hill-Broadway Flushing","QN07","QN07 Flushing-Murray Hill-Whitestone (CD 7 Approximation)",0.142203068096884
"36081089202","4089202","4","Queens","089202","QN1091","Spring Creek Park","QN10","QN10 South Ozone Park-Howard Beach (CD 10 Approximation)",0.424998183493362
"36081091602","4091602","4","Queens","091602","QN8492","Jacob Riis Park-Fort Tilden-Breezy Point Tip","QN84","QN84 Jamaica Bay (East) (JIA 84 Approximation)",0.491349164568313
"36081092500","4092500","4","Queens","092500","QN0701","College Point","QN07","QN07 Flushing-Murray Hill-Whitestone (CD 7 Approximation)",0.120619136467094
"36081092800","4092800","4","Queens","092800","QN1403","Breezy Point-Belle Harbor-Rockaway Park-Broad Channel","QN14","QN14 The Rockaways (CD 14 Approximation)",0.294471237157585
"36081094700","4094700","4","Queens","094700","QN0701","College Point","QN07","QN07 Flushing-Murray Hill-Whitestone (CD 7 Approximation)",0.105300295156039
"36081097206","4097206","4","Queens","097206","QN1402","Rockaway Beach-Arverne-Edgemere","QN14","QN14 The Rockaways (CD 14 Approximation)",0.118633200589385
"36081097207","4097207","4","Queens","097207","QN1491","Rockaway Community Park","QN14","QN14 The Rockaways (CD 14 Approximation)",0.320309811990292
"36081099704","4099704","4","Queens","099704","QN0703","Bay Terrace-Clearview","QN07","QN07 Flushing-Murray Hill-Whitestone (CD 7 Approximation)",0.259965833242848
"36081100801","4100801","4","Queens","100801","QN1401","Far Rockaway-Bayswater","QN14","QN14 The Rockaways (CD 14 Approximation)",0.248602039503923
"36081100804","4100804","4","Queens","100804","QN1401","Far Rockaway-Bayswater","QN14","QN14 The Rockaways (CD 14 Approximation)",0.267361801058461
"36081101002","4101002","4","Queens","101002","QN1401","Far Rockaway-Bayswater","QN14","QN14 The Rockaways (CD 14 Approximation)",0.20792468799278
"36081101003","4101003","4","Queens","101003","QN1401","Far Rockaway-Bayswater","QN14","QN14 The Rockaways (CD 14 Approximation)",0.0903058567672494
"36081101004","4101004","4","Queens","101004","QN1401","Far Rockaway-Bayswater","QN14","QN14 The Rockaways (CD 14 Approximation)",0.222370009718721
"36081103300","4103300","4","Queens","103300","QN0702","Whitestone-Beechhurst","QN07","QN07 Flushing-Murray Hill-Whitestone (CD 7 Approximation)",0.234064295927998
"36081103900","4103900","4","Queens","103900","QN0702","Whitestone-Beechhurst","QN07","QN07 Flushing-Murray Hill-Whitestone (CD 7 Approximation)",0.33548665242293
"36081104700","4104700","4","Queens","104700","QN0704","Murray Hill-Broadway Flushing","QN07","QN07 Flushing-Murray Hill-Whitestone (CD 7 Approximation)",0.325020288476436
"36081105900","4105900","4","Queens","105900","QN0704","Murray Hill-Broadway Flushing","QN07","QN07 Flushing-Murray Hill-Whitestone (CD 7 Approximation)",0.251270613971611
"36081109300","4109300","4","Queens","109300","QN1102","Bayside","QN11","QN11 Auburndale-Bayside-Douglaston (CD 11 Approximation)",0.413270806806427
"36081109700","4109700","4","Queens","109700","QN1102","Bayside","QN11","QN11 Auburndale-Bayside-Douglaston (CD 11 Approximation)",0.171897105027297
"36081109900","4109900","4","Queens","109900","QN1101","Auburndale","QN11","QN11 Auburndale-Bayside-Douglaston (CD 11 Approximation)",0.146126041830402
"36081113300","4113300","4","Queens","113300","QN1101","Auburndale","QN11","QN11 Auburndale-Bayside-Douglaston (CD 11 Approximation)",0.0985222551886959
"36081114100","4114100","4","Queens","114100","QN0704","Murray Hill-Broadway Flushing","QN07","QN07 Flushing-Murray Hill-Whitestone (CD 7 Approximation)",0.172750449176137
"36081114700","4114700","4","Queens","114700","QN0704","Murray Hill-Broadway Flushing","QN07","QN07 Flushing-Murray Hill-Whitestone (CD 7 Approximation)",0.118768645240583
"36081115100","4115100","4","Queens","115100","QN0704","Murray Hill-Broadway Flushing","QN07","QN07 Flushing-Murray Hill-Whitestone (CD 7 Approximation)",0.114428457496184
"36081115500","4115500","4","Queens","115500","QN0704","Murray Hill-Broadway Flushing","QN07","QN07 Flushing-Murray Hill-Whitestone (CD 7 Approximation)",0.0722088723368072
"36081115700","4115700","4","Queens","115700","QN0704","Murray Hill-Broadway Flushing","QN07","QN07 Flushing-Murray Hill-Whitestone (CD 7 Approximation)",0.121470334672591
"36081115900","4115900","4","Queens","115900","QN0704","Murray Hill-Broadway Flushing","QN07","QN07 Flushing-Murray Hill-Whitestone (CD 7 Approximation)",0.11930863800909
"36081116100","4116100","4","Queens","116100","QN0707","Flushing-Willets Point","QN07","QN07 Flushing-Murray Hill-Whitestone (CD 7 Approximation)",0.0678359699546131
"36081116301","4116301","4","Queens","116301","QN0704","Murray Hill-Broadway Flushing","QN07","QN07 Flushing-Murray Hill-Whitestone (CD 7 Approximation)",0.0515063094168607
"36081117100","4117100","4","Queens","117100","QN0704","Murray Hill-Broadway Flushing","QN07","QN07 Flushing-Murray Hill-Whitestone (CD 7 Approximation)",0.15355675913127
"36081117500","4117500","4","Queens","117500","QN0704","Murray Hill-Broadway Flushing","QN07","QN07 Flushing-Murray Hill-Whitestone (CD 7 Approximation)",0.217097814392307
"36081118100","4118100","4","Queens","118100","QN1101","Auburndale","QN11","QN11 Auburndale-Bayside-Douglaston (CD 11 Approximation)",0.0752903160098981
"36081118500","4118500","4","Queens","118500","QN0705","East Flushing","QN07","QN07 Flushing-Murray Hill-Whitestone (CD 7 Approximation)",0.0597557743053169
"36081118700","4118700","4","Queens","118700","QN0705","East Flushing","QN07","QN07 Flushing-Murray Hill-Whitestone (CD 7 Approximation)",0.0722870069854897
"36081119100","4119100","4","Queens","119100","QN0705","East Flushing","QN07","QN07 Flushing-Murray Hill-Whitestone (CD 7 Approximation)",0.0840404885801823
"36081119300","4119300","4","Queens","119300","QN0705","East Flushing","QN07","QN07 Flushing-Murray Hill-Whitestone (CD 7 Approximation)",0.0816234192248942
"36081119500","4119500","4","Queens","119500","QN0705","East Flushing","QN07","QN07 Flushing-Murray Hill-Whitestone (CD 7 Approximation)",0.073069489435462
"36081119900","4119900","4","Queens","119900","QN0705","East Flushing","QN07","QN07 Flushing-Murray Hill-Whitestone (CD 7 Approximation)",0.0711338841141412
"36081120300","4120300","4","Queens","120300","QN0705","East Flushing","QN07","QN07 Flushing-Murray Hill-Whitestone (CD 7 Approximation)",0.0710375873875206
"36081120500","4120500","4","Queens","120500","QN0705","East Flushing","QN07","QN07 Flushing-Murray Hill-Whitestone (CD 7 Approximation)",0.0780837890901474
"36081120701","4120701","4","Queens","120701","QN0705","East Flushing","QN07","QN07 Flushing-Murray Hill-Whitestone (CD 7 Approximation)",0.152316621475213
"36081120702","4120702","4","Queens","120702","QN0705","East Flushing","QN07","QN07 Flushing-Murray Hill-Whitestone (CD 7 Approximation)",0.120731157738816
"36081121500","4121500","4","Queens","121500","QN0706","Queensboro Hill","QN07","QN07 Flushing-Murray Hill-Whitestone (CD 7 Approximation)",0.244143108463453
"36081122300","4122300","4","Queens","122300","QN0803","Fresh Meadows-Utopia","QN08","QN08 Fresh Meadows-Hillcrest-Briarwood (CD 8 Approximation)",0.190553895406985
"36081122703","4122703","4","Queens","122703","QN0802","Pomonok-Electchester-Hillcrest","QN08","QN08 Fresh Meadows-Hillcrest-Briarwood (CD 8 Approximation)",0.169816369486313
"36081122704","4122704","4","Queens","122704","QN0802","Pomonok-Electchester-Hillcrest","QN08","QN08 Fresh Meadows-Hillcrest-Briarwood (CD 8 Approximation)",0.101162807182348
"36081124100","4124100","4","Queens","124100","QN0802","Pomonok-Electchester-Hillcrest","QN08","QN08 Fresh Meadows-Hillcrest-Briarwood (CD 8 Approximation)",0.192618153656679
"36081129104","4129104","4","Queens","129104","QN1104","Oakland Gardens-Hollis Hills","QN11","QN11 Auburndale-Bayside-Douglaston (CD 11 Approximation)",0.273355238635781
"36081133900","4133900","4","Queens","133900","QN0803","Fresh Meadows-Utopia","QN08","QN08 Fresh Meadows-Hillcrest-Briarwood (CD 8 Approximation)",0.0873376952264632
"36081134100","4134100","4","Queens","134100","QN0803","Fresh Meadows-Utopia","QN08","QN08 Fresh Meadows-Hillcrest-Briarwood (CD 8 Approximation)",0.229256112059446
"36081136700","4136700","4","Queens","136700","QN1104","Oakland Gardens-Hollis Hills","QN11","QN11 Auburndale-Bayside-Douglaston (CD 11 Approximation)",0.298391034428682
"36081137700","4137700","4","Queens","137700","QN1104","Oakland Gardens-Hollis Hills","QN11","QN11 Auburndale-Bayside-Douglaston (CD 11 Approximation)",0.289882789387191
"36081138501","4138501","4","Queens","138501","QN1102","Bayside","QN11","QN11 Auburndale-Bayside-Douglaston (CD 11 Approximation)",0.40112749856227
"36081140300","4140300","4","Queens","140300","QN1102","Bayside","QN11","QN11 Auburndale-Bayside-Douglaston (CD 11 Approximation)",0.144538655746651
"36081140901","4140901","4","Queens","140901","QN1101","Auburndale","QN11","QN11 Auburndale-Bayside-Douglaston (CD 11 Approximation)",0.0944324010954147
"36081140902","4140902","4","Queens","140902","QN1101","Auburndale","QN11","QN11 Auburndale-Bayside-Douglaston (CD 11 Approximation)",0.207537570431923
"36081142900","4142900","4","Queens","142900","QN1101","Auburndale","QN11","QN11 Auburndale-Bayside-Douglaston (CD 11 Approximation)",0.205191891678141
"36081144100","4144100","4","Queens","144100","QN1102","Bayside","QN11","QN11 Auburndale-Bayside-Douglaston (CD 11 Approximation)",0.130243802330521
"36081144700","4144700","4","Queens","144700","QN1102","Bayside","QN11","QN11 Auburndale-Bayside-Douglaston (CD 11 Approximation)",0.159873287632208
"36081145101","4145101","4","Queens","145101","QN1101","Auburndale","QN11","QN11 Auburndale-Bayside-Douglaston (CD 11 Approximation)",0.0970055691225185
"36081145102","4145102","4","Queens","145102","QN1101","Auburndale","QN11","QN11 Auburndale-Bayside-Douglaston (CD 11 Approximation)",0.132164491149853
"36081145900","4145900","4","Queens","145900","QN1101","Auburndale","QN11","QN11 Auburndale-Bayside-Douglaston (CD 11 Approximation)",0.143741060044839
"36081146300","4146300","4","Queens","146300","QN1101","Auburndale","QN11","QN11 Auburndale-Bayside-Douglaston (CD 11 Approximation)",0.124707121836329
"36081146700","4146700","4","Queens","146700","QN1102","Bayside","QN11","QN11 Auburndale-Bayside-Douglaston (CD 11 Approximation)",0.136565588917111
"36081147100","4147100","4","Queens","147100","QN1102","Bayside","QN11","QN11 Auburndale-Bayside-Douglaston (CD 11 Approximation)",0.162898142462513
"36081150702","4150702","4","Queens","150702","QN1103","Douglaston-Little Neck","QN11","QN11 Auburndale-Bayside-Douglaston (CD 11 Approximation)",0.324679231973149
"36081155101","4155101","4","Queens","155101","QN1301","Glen Oaks-Floral Park-New Hyde Park","QN13","QN13 Queens Village-Bellerose-Rosedale (CD 13 Approximation)",0.183671229045044
"36081155104","4155104","4","Queens","155104","QN1301","Glen Oaks-Floral Park-New Hyde Park","QN13","QN13 Queens Village-Bellerose-Rosedale (CD 13 Approximation)",0.273258057478159
"36081157902","4157902","4","Queens","157902","QN1301","Glen Oaks-Floral Park-New Hyde Park","QN13","QN13 Queens Village-Bellerose-Rosedale (CD 13 Approximation)",0.278822764644407
"36005036100","2036100","2","Bronx","036100","BX0601","West Farms","BX06","BX06 Tremont-Belmont-West Farms (CD 6 Approximation)",0.0634004220581003
"36005012701","2012701","2","Bronx","012701","BX0202","Longwood","BX02","BX02 Longwood-Hunts Point (CD 2 Approximation)",0.0420682733365482
"36005042600","2042600","2","Bronx","042600","BX1202","Eastchester-Edenwald-Baychester","BX12","BX12 Wakefield-Williamsbridge-Eastchester (CD 12 Approximation)",0.196344254429003
"36061003800","1003800","1","Manhattan","003800","MN0303","East Village","MN03","MN03 Lower East Side-Chinatown (CD 3 Equivalent)",0.0781987113985752
"36061001502","1001502","1","Manhattan","001502","MN0101","Financial District-Battery Park City","MN01","MN01 Financial District-Tribeca (CD 1 Equivalent)",0.0805300405637242
"36061004800","1004800","1","Manhattan","004800","MN0602","Gramercy","MN06","MN06 East Midtown-Murray Hill (CD 6 Approximation)",0.0689010049058672
"36061006400","1006400","1","Manhattan","006400","MN0602","Gramercy","MN06","MN06 East Midtown-Murray Hill (CD 6 Approximation)",0.0693876119065067
"36061017800","1017800","1","Manhattan","017800","MN1102","East Harlem (North)","MN11","MN11 East Harlem (CD 11 Equivalent)",0.0955239036261201
"36081094201","4094201","4","Queens","094201","QN1402","Rockaway Beach-Arverne-Edgemere","QN14","QN14 The Rockaways (CD 14 Approximation)",0.130367542275208
"36081111300","4111300","4","Queens","111300","QN1102","Bayside","QN11","QN11 Auburndale-Bayside-Douglaston (CD 11 Approximation)",0.281680581479539
"36081148300","4148300","4","Queens","148300","QN1103","Douglaston-Little Neck","QN11","QN11 Auburndale-Bayside-Douglaston (CD 11 Approximation)",0.510690585995446
"36081080900","4080900","4","Queens","080900","QN0801","Kew Gardens Hills","QN08","QN08 Fresh Meadows-Hillcrest-Briarwood (CD 8 Approximation)",0.385997899559176
"36081122702","4122702","4","Queens","122702","QN0802","Pomonok-Electchester-Hillcrest","QN08","QN08 Fresh Meadows-Hillcrest-Briarwood (CD 8 Approximation)",0.173359225973237
"36081139900","4139900","4","Queens","139900","QN1102","Bayside","QN11","QN11 Auburndale-Bayside-Douglaston (CD 11 Approximation)",0.140803930967238
"36081143500","4143500","4","Queens","143500","QN1102","Bayside","QN11","QN11 Auburndale-Bayside-Douglaston (CD 11 Approximation)",0.137868920325871
"36081157901","4157901","4","Queens","157901","QN1301","Glen Oaks-Floral Park-New Hyde Park","QN13","QN13 Queens Village-Bellerose-Rosedale (CD 13 Approximation)",0.352716639007742
"36081157903","4157903","4","Queens","157903","QN1301","Glen Oaks-Floral Park-New Hyde Park","QN13","QN13 Queens Village-Bellerose-Rosedale (CD 13 Approximation)",0.263118015272587
"36081042400","4042400","4","Queens","042400","QN1205","St. Albans","QN12","QN12 Jamaica-St. Albans-Hollis (CD 12 Approximation)",0.198879042737337
"36081043400","4043400","4","Queens","043400","QN1205","St. Albans","QN12","QN12 Jamaica-St. Albans-Hollis (CD 12 Approximation)",0.0794152242292413
"36081042600","4042600","4","Queens","042600","QN1205","St. Albans","QN12","QN12 Jamaica-St. Albans-Hollis (CD 12 Approximation)",0.199977540426005
"36081043200","4043200","4","Queens","043200","QN1205","St. Albans","QN12","QN12 Jamaica-St. Albans-Hollis (CD 12 Approximation)",0.0932809560880425
"36081045200","4045200","4","Queens","045200","QN0805","Jamaica Hills-Briarwood","QN08","QN08 Fresh Meadows-Hillcrest-Briarwood (CD 8 Approximation)",0.0830746977137945
"36081005900","4005900","4","Queens","005900","QN0103","Astoria (Central)","QN01","QN01 Astoria-Queensbridge (CD 1 Equivalent)",0.0734470371304367
"36081006100","4006100","4","Queens","006100","QN0103","Astoria (Central)","QN01","QN01 Astoria-Queensbridge (CD 1 Equivalent)",0.0752984482654671
"36081058100","4058100","4","Queens","058100","QN0502","Ridgewood","QN05","QN05 Ridgewood-Maspeth-Middle Village (CD 5 Approximation)",0.0555875814627258
"36081058300","4058300","4","Queens","058300","QN0502","Ridgewood","QN05","QN05 Ridgewood-Maspeth-Middle Village (CD 5 Approximation)",0.054810321422704
"36061023501","1023501","1","Manhattan","023501","MN0903","Hamilton Heights-Sugar Hill","MN09","MN09 Morningside Heights-Hamilton Heights (CD 9 Equivalent)",0.0691909044585895
"36081047900","4047900","4","Queens","047900","QN0401","Elmhurst","QN04","QN04 Elmhurst-Corona (CD 4 Approximation)",0.152025796251979
"36081062400","4062400","4","Queens","062400","QN1371","Montefiore Cemetery","QN13","QN13 Queens Village-Bellerose-Rosedale (CD 13 Approximation)",0.190901482587109
"36061022302","1022302","1","Manhattan","022302","MN0902","Manhattanville-West Harlem","MN09","MN09 Morningside Heights-Hamilton Heights (CD 9 Equivalent)",0.0230766185641933
"36081133300","4133300","4","Queens","133300","QN0803","Fresh Meadows-Utopia","QN08","QN08 Fresh Meadows-Hillcrest-Briarwood (CD 8 Approximation)",0.266844226087839
"36005021200","2021200","2","Bronx","021200","BX0904","Parkchester","BX09","BX09 Soundview-Parkchester (CD 9 Approximation)",0.0390055082705269
"36081065501","4065501","4","Queens","065501","QN0573","St. John Cemetery","QN05","QN05 Ridgewood-Maspeth-Middle Village (CD 5 Approximation)",0.314010387948978
"36061014401","1014401","1","Manhattan","014401","MN0803","Upper East Side-Yorkville","MN08","MN08 Upper East Side-Roosevelt Island (CD 8 Equivalent)",0.028982809036537
"36061001600","1001600","1","Manhattan","001600","MN0301","Chinatown-Two Bridges","MN03","MN03 Lower East Side-Chinatown (CD 3 Equivalent)",0.0800835426055998
"36061001200","1001200","1","Manhattan","001200","MN0302","Lower East Side","MN03","MN03 Lower East Side-Chinatown (CD 3 Equivalent)",0.0465663853458925
"36005042901","2042901","2","Bronx","042901","BX0703","Norwood","BX07","BX07 Fordham-Bedford Park-Norwood (CD 7 Approximation)",0.0396413359334843
"36005043102","2043102","2","Bronx","043102","BX0703","Norwood","BX07","BX07 Fordham-Bedford Park-Norwood (CD 7 Approximation)",0.0440704972085871
"36081026300","4026300","4","Queens","026300","QN0203","Woodside","QN02","QN02 Long Island City-Sunnyside-Woodside (CD 2 Approximation)",0.0804323403610561
"36081005400","4005400","4","Queens","005400","QN1002","Ozone Park","QN10","QN10 South Ozone Park-Howard Beach (CD 10 Approximation)",0.160938751325612
"36081008600","4008600","4","Queens","008600","QN1002","Ozone Park","QN10","QN10 South Ozone Park-Howard Beach (CD 10 Approximation)",0.127786351103943
"36081066401","4066401","4","Queens","066401","QN1307","Rosedale","QN13","QN13 Queens Village-Bellerose-Rosedale (CD 13 Approximation)",0.429794746998117
"36081066900","4066900","4","Queens","066900","QN0501","Maspeth","QN05","QN05 Ridgewood-Maspeth-Middle Village (CD 5 Approximation)",0.061819891806248
"36081048500","4048500","4","Queens","048500","QN0401","Elmhurst","QN04","QN04 Elmhurst-Corona (CD 4 Approximation)",0.122519839953114
"36081012500","4012500","4","Queens","012500","QN0101","Astoria (North)-Ditmars-Steinway","QN01","QN01 Astoria-Queensbridge (CD 1 Equivalent)",0.0628531397559257
"36005029301","2029301","2","Bronx","029301","BX0803","Riverdale-Spuyten Duyvil","BX08","BX08 Riverdale-Kingsbridge-Marble Hill (CD 8 Approximation)",0.0960650915693669
"36081013000","4013000","4","Queens","013000","QN0902","Richmond Hill","QN09","QN09 Kew Gardens-Richmond Hill-Woodhaven (CD 9 Approximation)",0.0723197688283228
"36081073100","4073100","4","Queens","073100","QN0602","Forest Hills","QN06","QN06 Forest Hills-Rego Park (CD 6 Approximation)",0.0727877395979514
"36081026502","4026502","4","Queens","026502","QN0203","Woodside","QN02","QN02 Long Island City-Sunnyside-Woodside (CD 2 Approximation)",0.0269830952836288
"36081026501","4026501","4","Queens","026501","QN0401","Elmhurst","QN04","QN04 Elmhurst-Corona (CD 4 Approximation)",0.0414441491360688
"36081048301","4048301","4","Queens","048301","QN0401","Elmhurst","QN04","QN04 Elmhurst-Corona (CD 4 Approximation)",0.0334036089581305
"36005002800","2002800","2","Bronx","002800","BX0901","Soundview-Bruckner-Bronx River","BX09","BX09 Soundview-Parkchester (CD 9 Approximation)",0.168821199355322
"36081066100","4066100","4","Queens","066100","QN0504","Middle Village","QN05","QN05 Ridgewood-Maspeth-Middle Village (CD 5 Approximation)",0.0516358469266711
"36081065900","4065900","4","Queens","065900","QN0504","Middle Village","QN05","QN05 Ridgewood-Maspeth-Middle Village (CD 5 Approximation)",0.0747440239256699
"36081066501","4066501","4","Queens","066501","QN0504","Middle Village","QN05","QN05 Ridgewood-Maspeth-Middle Village (CD 5 Approximation)",0.125766119742167
"36081102900","4102900","4","Queens","102900","QN0702","Whitestone-Beechhurst","QN07","QN07 Flushing-Murray Hill-Whitestone (CD 7 Approximation)",0.18903847077326
"36081063500","4063500","4","Queens","063500","QN0503","Glendale","QN05","QN05 Ridgewood-Maspeth-Middle Village (CD 5 Approximation)",0.0731658674346642
"36081062100","4062100","4","Queens","062100","QN0504","Middle Village","QN05","QN05 Ridgewood-Maspeth-Middle Village (CD 5 Approximation)",0.100220763876976
"36081063700","4063700","4","Queens","063700","QN0503","Glendale","QN05","QN05 Ridgewood-Maspeth-Middle Village (CD 5 Approximation)",0.267156117246942
"36081077500","4077500","4","Queens","077500","QN0901","Kew Gardens","QN09","QN09 Kew Gardens-Richmond Hill-Woodhaven (CD 9 Approximation)",0.0885849730659492
"36005039700","2039700","2","Bronx","039700","BX0603","Belmont","BX06","BX06 Tremont-Belmont-West Farms (CD 6 Approximation)",0.200656095147869
"36005039300","2039300","2","Bronx","039300","BX0603","Belmont","BX06","BX06 Tremont-Belmont-West Farms (CD 6 Approximation)",0.0704456407348139
"36081063900","4063900","4","Queens","063900","QN0503","Glendale","QN05","QN05 Ridgewood-Maspeth-Middle Village (CD 5 Approximation)",0.0934406754448856
"36081046300","4046300","4","Queens","046300","QN0401","Elmhurst","QN04","QN04 Elmhurst-Corona (CD 4 Approximation)",0.0613660769706015
"36081047100","4047100","4","Queens","047100","QN0401","Elmhurst","QN04","QN04 Elmhurst-Corona (CD 4 Approximation)",0.060694302190559
"36005035000","2035000","2","Bronx","035000","BX1103","Pelham Gardens","BX11","BX11 Pelham Parkway-Morris Park (CD 11 Approximation)",0.0741213593540939
"36081024900","4024900","4","Queens","024900","QN0203","Woodside","QN02","QN02 Long Island City-Sunnyside-Woodside (CD 2 Approximation)",0.0788031988064337
"36081026100","4026100","4","Queens","026100","QN0203","Woodside","QN02","QN02 Long Island City-Sunnyside-Woodside (CD 2 Approximation)",0.0855147808750513
"36061021000","1021000","1","Manhattan","021000","MN1102","East Harlem (North)","MN11","MN11 East Harlem (CD 11 Equivalent)",0.0779407515953037
"36061021200","1021200","1","Manhattan","021200","MN1002","Harlem (North)","MN10","MN10 Harlem (CD 10 Equivalent)",0.068163054795988
"36061015502","1015502","1","Manhattan","015502","MN0701","Upper West Side-Lincoln Square","MN07","MN07 Upper West Side (CD 7 Approximation)",0.039727778077121
"36081010701","4010701","4","Queens","010701","QN0101","Astoria (North)-Ditmars-Steinway","QN01","QN01 Astoria-Queensbridge (CD 1 Equivalent)",0.615970650743488
"36081012301","4012301","4","Queens","012301","QN0101","Astoria (North)-Ditmars-Steinway","QN01","QN01 Astoria-Queensbridge (CD 1 Equivalent)",0.228382295758721
"36081085300","4085300","4","Queens","085300","QN0707","Flushing-Willets Point","QN07","QN07 Flushing-Murray Hill-Whitestone (CD 7 Approximation)",0.0754158953540046
"36081161700","4161700","4","Queens","161700","QN1302","Bellerose","QN13","QN13 Queens Village-Bellerose-Rosedale (CD 13 Approximation)",0.271198402835388
"36081099701","4099701","4","Queens","099701","QN0703","Bay Terrace-Clearview","QN07","QN07 Flushing-Murray Hill-Whitestone (CD 7 Approximation)",0.37646327559397
"36081101700","4101700","4","Queens","101700","QN0703","Bay Terrace-Clearview","QN07","QN07 Flushing-Murray Hill-Whitestone (CD 7 Approximation)",0.381667521445423
"36005023702","2023702","2","Bronx","023702","BX0503","Fordham Heights","BX05","BX05 Morris Heights-Mount Hope (CD 5 Approximation)",0.018496718385838
"36005039901","2039901","2","Bronx","039901","BX0701","University Heights (North)-Fordham","BX07","BX07 Fordham-Bedford Park-Norwood (CD 7 Approximation)",0.0587495390852724
"36005040100","2040100","2","Bronx","040100","BX0701","University Heights (North)-Fordham","BX07","BX07 Fordham-Bedford Park-Norwood (CD 7 Approximation)",0.0660701052111757
"36081085500","4085500","4","Queens","085500","QN0707","Flushing-Willets Point","QN07","QN07 Flushing-Murray Hill-Whitestone (CD 7 Approximation)",0.0504155144067427
"36081086300","4086300","4","Queens","086300","QN0704","Murray Hill-Broadway Flushing","QN07","QN07 Flushing-Murray Hill-Whitestone (CD 7 Approximation)",0.0556375612530983
"36081028803","4028803","4","Queens","028803","QN1203","Baisley Park","QN12","QN12 Jamaica-St. Albans-Hollis (CD 12 Approximation)",0.145828477256929
"36081029400","4029400","4","Queens","029400","QN1204","Springfield Gardens (North)-Rochdale Village","QN12","QN12 Jamaica-St. Albans-Hollis (CD 12 Approximation)",0.411030429529009
"36005014300","2014300","2","Bronx","014300","BX0401","Concourse-Concourse Village","BX04","BX04 Highbridge-Concourse (CD 4 Approximation)",0.0500710922579804
"36081004401","4004401","4","Queens","004401","QN1002","Ozone Park","QN10","QN10 South Ozone Park-Howard Beach (CD 10 Approximation)",0.101627891987168
"36081005800","4005800","4","Queens","005800","QN1002","Ozone Park","QN10","QN10 South Ozone Park-Howard Beach (CD 10 Approximation)",0.227548796000081
"36061020101","1020101","1","Manhattan","020101","MN0901","Morningside Heights","MN09","MN09 Morningside Heights-Hamilton Heights (CD 9 Equivalent)",0.0212773412440071
"36081116302","4116302","4","Queens","116302","QN0704","Murray Hill-Broadway Flushing","QN07","QN07 Flushing-Murray Hill-Whitestone (CD 7 Approximation)",0.0455998456728675
"36081116700","4116700","4","Queens","116700","QN0704","Murray Hill-Broadway Flushing","QN07","QN07 Flushing-Murray Hill-Whitestone (CD 7 Approximation)",0.0641349893882896
"36081090700","4090700","4","Queens","090700","QN0701","College Point","QN07","QN07 Flushing-Murray Hill-Whitestone (CD 7 Approximation)",0.778712177116991
"36081091900","4091900","4","Queens","091900","QN0701","College Point","QN07","QN07 Flushing-Murray Hill-Whitestone (CD 7 Approximation)",0.176070102747138
"36081000103","4000103","4","Queens","000103","QN0201","Long Island City-Hunters Point","QN02","QN02 Long Island City-Sunnyside-Woodside (CD 2 Approximation)",0.071279135539458
"36081051500","4051500","4","Queens","051500","QN0501","Maspeth","QN05","QN05 Ridgewood-Maspeth-Middle Village (CD 5 Approximation)",0.0867957378884563
"36081000102","4000102","4","Queens","000102","QN0201","Long Island City-Hunters Point","QN02","QN02 Long Island City-Sunnyside-Woodside (CD 2 Approximation)",0.0431247166013463
"36061013700","1013700","1","Manhattan","013700","MN0502","Midtown-Times Square","MN05","MN05 Midtown-Flatiron-Union Square (CD 5 Approximation)",0.087322577547053
"36061013900","1013900","1","Manhattan","013900","MN0402","Hell's Kitchen","MN04","MN04 Chelsea-Hell's Kitchen (CD 4 Approximation)",0.070123409276933
"36061014500","1014500","1","Manhattan","014500","MN0701","Upper West Side-Lincoln Square","MN07","MN07 Upper West Side (CD 7 Approximation)",0.0681213798141112
"36081010600","4010600","4","Queens","010600","QN1001","South Ozone Park","QN10","QN10 South Ozone Park-Howard Beach (CD 10 Approximation)",0.0668077479420428
"36081016600","4016600","4","Queens","016600","QN1001","South Ozone Park","QN10","QN10 South Ozone Park-Howard Beach (CD 10 Approximation)",0.0783896201705441
"36005003300","2003300","2","Bronx","003300","BX0101","Mott Haven-Port Morris","BX01","BX01 Melrose-Mott Haven-Port Morris (CD 1 Approximation)",0.0588256684858167
"36081056000","4056000","4","Queens","056000","QN1303","Queens Village","QN13","QN13 Queens Village-Bellerose-Rosedale (CD 13 Approximation)",0.0825278543601284
"36061022700","1022700","1","Manhattan","022700","MN0903","Hamilton Heights-Sugar Hill","MN09","MN09 Morningside Heights-Hamilton Heights (CD 9 Equivalent)",0.0581692983369553
"36061025900","1025900","1","Manhattan","025900","MN1002","Harlem (North)","MN10","MN10 Harlem (CD 10 Equivalent)",0.0291293789525887
"36061006000","1006000","1","Manhattan","006000","MN0601","Stuyvesant Town-Peter Cooper Village","MN06","MN06 East Midtown-Murray Hill (CD 6 Approximation)",0.0465498287186815
"36081015500","4015500","4","Queens","015500","QN0104","Astoria (East)-Woodside (North)","QN01","QN01 Astoria-Queensbridge (CD 1 Equivalent)",0.0569607179493928
"36081015900","4015900","4","Queens","015900","QN0104","Astoria (East)-Woodside (North)","QN01","QN01 Astoria-Queensbridge (CD 1 Equivalent)",0.0655015777860727
"36081000101","4000101","4","Queens","000101","QN0201","Long Island City-Hunters Point","QN02","QN02 Long Island City-Sunnyside-Woodside (CD 2 Approximation)",0.113740795375985
"36081107201","4107201","4","Queens","107201","QN1403","Breezy Point-Belle Harbor-Rockaway Park-Broad Channel","QN14","QN14 The Rockaways (CD 14 Approximation)",0.545203959175845
"36081107202","4107202","4","Queens","107202","QN8491","Jamaica Bay (East)","QN84","QN84 Jamaica Bay (East) (JIA 84 Approximation)",2.50804854070272
"36061009901","1009901","1","Manhattan","009901","MN0401","Chelsea-Hudson Yards","MN04","MN04 Chelsea-Hell's Kitchen (CD 4 Approximation)",0.151064414037724
"36061014601","1014601","1","Manhattan","014601","MN0803","Upper East Side-Yorkville","MN08","MN08 Upper East Side-Roosevelt Island (CD 8 Equivalent)",0.0286879263570095
"36061014602","1014602","1","Manhattan","014602","MN0803","Upper East Side-Yorkville","MN08","MN08 Upper East Side-Roosevelt Island (CD 8 Equivalent)",0.0421586757904471
"36061014802","1014802","1","Manhattan","014802","MN0802","Upper East Side-Carnegie Hill","MN08","MN08 Upper East Side-Roosevelt Island (CD 8 Equivalent)",0.0484628820870639
"36061026100","1026100","1","Manhattan","026100","MN1201","Washington Heights (South)","MN12","MN12 Washington Heights-Inwood (CD 12 Equivalent)",0.060317051489294
"36061025300","1025300","1","Manhattan","025300","MN1201","Washington Heights (South)","MN12","MN12 Washington Heights-Inwood (CD 12 Equivalent)",0.0653859315501885
"36061026300","1026300","1","Manhattan","026300","MN1201","Washington Heights (South)","MN12","MN12 Washington Heights-Inwood (CD 12 Equivalent)",0.0606883693320656
"36061019000","1019000","1","Manhattan","019000","MN1001","Harlem (South)","MN10","MN10 Harlem (CD 10 Equivalent)",0.0400803645363096
"36061000700","1000700","1","Manhattan","000700","MN0101","Financial District-Battery Park City","MN01","MN01 Financial District-Tribeca (CD 1 Equivalent)",0.0875028504649944
"36061000900","1000900","1","Manhattan","000900","MN0101","Financial District-Battery Park City","MN01","MN01 Financial District-Tribeca (CD 1 Equivalent)",0.111629405760521
"36061003001","1003001","1","Manhattan","003001","MN0302","Lower East Side","MN03","MN03 Lower East Side-Chinatown (CD 3 Equivalent)",0.0477246234303175
"36061005900","1005900","1","Manhattan","005900","MN0202","Greenwich Village","MN02","MN02 Greenwich Village-SoHo (CD 2 Equivalent)",0.0448490542284011
"36061012800","1012800","1","Manhattan","012800","MN0802","Upper East Side-Carnegie Hill","MN08","MN08 Upper East Side-Roosevelt Island (CD 8 Equivalent)",0.069028575298671
"36061004900","1004900","1","Manhattan","004900","MN0201","SoHo-Little Italy-Hudson Square","MN02","MN02 Greenwich Village-SoHo (CD 2 Equivalent)",0.0798506742124575
"36061013203","1013203","1","Manhattan","013203","MN0801","Upper East Side-Lenox Hill-Roosevelt Island","MN08","MN08 Upper East Side-Roosevelt Island (CD 8 Equivalent)",0.0208235064613737
"36061013400","1013400","1","Manhattan","013400","MN0801","Upper East Side-Lenox Hill-Roosevelt Island","MN08","MN08 Upper East Side-Roosevelt Island (CD 8 Equivalent)",0.0701895967087287
"36061013800","1013800","1","Manhattan","013800","MN0803","Upper East Side-Yorkville","MN08","MN08 Upper East Side-Roosevelt Island (CD 8 Equivalent)",0.0702887171386702
"36061014000","1014000","1","Manhattan","014000","MN0802","Upper East Side-Carnegie Hill","MN08","MN08 Upper East Side-Roosevelt Island (CD 8 Equivalent)",0.0690849253891329
"36061013603","1013603","1","Manhattan","013603","MN0803","Upper East Side-Yorkville","MN08","MN08 Upper East Side-Roosevelt Island (CD 8 Equivalent)",0.0207764214994302
"36061013604","1013604","1","Manhattan","013604","MN0803","Upper East Side-Yorkville","MN08","MN08 Upper East Side-Roosevelt Island (CD 8 Equivalent)",0.027685749548496
"36061014402","1014402","1","Manhattan","014402","MN0803","Upper East Side-Yorkville","MN08","MN08 Upper East Side-Roosevelt Island (CD 8 Equivalent)",0.0673978677199571
"36061014200","1014200","1","Manhattan","014200","MN0802","Upper East Side-Carnegie Hill","MN08","MN08 Upper East Side-Roosevelt Island (CD 8 Equivalent)",0.0691458132748898
"36061002202","1002202","1","Manhattan","002202","MN0303","East Village","MN03","MN03 Lower East Side-Chinatown (CD 3 Equivalent)",0.0216625610058017
"36061003002","1003002","1","Manhattan","003002","MN0303","East Village","MN03","MN03 Lower East Side-Chinatown (CD 3 Equivalent)",0.0301705901066304
"36061018200","1018200","1","Manhattan","018200","MN1102","East Harlem (North)","MN11","MN11 East Harlem (CD 11 Equivalent)",0.068297148567009
"36061018800","1018800","1","Manhattan","018800","MN1102","East Harlem (North)","MN11","MN11 East Harlem (CD 11 Equivalent)",0.0573711818916816
"36061017900","1017900","1","Manhattan","017900","MN0702","Upper West Side (Central)","MN07","MN07 Upper West Side (CD 7 Approximation)",0.0817293691705192
"36061018300","1018300","1","Manhattan","018300","MN0702","Upper West Side (Central)","MN07","MN07 Upper West Side (CD 7 Approximation)",0.085766175226431
"36081045500","4045500","4","Queens","045500","QN0402","Corona","QN04","QN04 Elmhurst-Corona (CD 4 Approximation)",0.0571910656861644
"36081071702","4071702","4","Queens","071702","QN0601","Rego Park","QN06","QN06 Forest Hills-Rego Park (CD 6 Approximation)",0.0877640246707561
"36005038304","2038304","2","Bronx","038304","BX0603","Belmont","BX06","BX06 Tremont-Belmont-West Farms (CD 6 Approximation)",0.0270163156094193
"36005036502","2036502","2","Bronx","036502","BX0602","Tremont","BX06","BX06 Tremont-Belmont-West Farms (CD 6 Approximation)",0.0376765738044205
"36005036700","2036700","2","Bronx","036700","BX0602","Tremont","BX06","BX06 Tremont-Belmont-West Farms (CD 6 Approximation)",0.036064854955529
"36005007700","2007700","2","Bronx","007700","BX0102","Melrose","BX01","BX01 Melrose-Mott Haven-Port Morris (CD 1 Approximation)",0.04355627932637
"36061023200","1023200","1","Manhattan","023200","MN1002","Harlem (North)","MN10","MN10 Harlem (CD 10 Equivalent)",0.0697091460896924
"36005043502","2043502","2","Bronx","043502","BX1271","Woodlawn Cemetery","BX12","BX12 Wakefield-Williamsbridge-Eastchester (CD 12 Approximation)",0.641583303752067
"36005022401","2022401","2","Bronx","022401","BX1101","Pelham Parkway-Van Nest","BX11","BX11 Pelham Parkway-Morris Park (CD 11 Approximation)",0.0331418882685725
"36061020901","1020901","1","Manhattan","020901","MN0901","Morningside Heights","MN09","MN09 Morningside Heights-Hamilton Heights (CD 9 Equivalent)",0.0447191030426152
"36061025700","1025700","1","Manhattan","025700","MN1001","Harlem (South)","MN10","MN10 Harlem (CD 10 Equivalent)",0.0556197076397522
"36061019701","1019701","1","Manhattan","019701","MN0901","Morningside Heights","MN09","MN09 Morningside Heights-Hamilton Heights (CD 9 Equivalent)",0.0909672606114052
"36061020102","1020102","1","Manhattan","020102","MN1001","Harlem (South)","MN10","MN10 Harlem (CD 10 Equivalent)",0.0323518331894951
"36005015500","2015500","2","Bronx","015500","BX0303","Crotona Park East","BX03","BX03 Morrisania-Crotona Park East (CD 3 Approximation)",0.0441531061741516
"36005038500","2038500","2","Bronx","038500","BX0603","Belmont","BX06","BX06 Tremont-Belmont-West Farms (CD 6 Approximation)",0.0735679306101063
"36005028300","2028300","2","Bronx","028300","BX0802","Kingsbridge-Marble Hill","BX08","BX08 Riverdale-Kingsbridge-Marble Hill (CD 8 Approximation)",0.0884356019966254
"36005028500","2028500","2","Bronx","028500","BX0802","Kingsbridge-Marble Hill","BX08","BX08 Riverdale-Kingsbridge-Marble Hill (CD 8 Approximation)",0.101329140088348
"36061006600","1006600","1","Manhattan","006600","MN0603","Murray Hill-Kips Bay","MN06","MN06 East Midtown-Murray Hill (CD 6 Approximation)",0.0674540664746497
"36061005600","1005600","1","Manhattan","005600","MN0501","Midtown South-Flatiron-Union Square","MN05","MN05 Midtown-Flatiron-Union Square (CD 5 Approximation)",0.0673725551330827
"36061007400","1007400","1","Manhattan","007400","MN0501","Midtown South-Flatiron-Union Square","MN05","MN05 Midtown-Flatiron-Union Square (CD 5 Approximation)",0.067415183949869
"36081009100","4009100","4","Queens","009100","QN0102","Old Astoria-Hallets Point","QN01","QN01 Astoria-Queensbridge (CD 1 Equivalent)",0.0720446150927897
"36081076902","4076902","4","Queens","076902","QN0602","Forest Hills","QN06","QN06 Forest Hills-Rego Park (CD 6 Approximation)",0.0393786168407362
"36081029900","4029900","4","Queens","029900","QN0171","St. Michael's Cemetery","QN01","QN01 Astoria-Queensbridge (CD 1 Equivalent)",0.157421251329651
"36005027401","2027401","2","Bronx","027401","BX1003","Pelham Bay-Country Club-City Island","BX10","BX10 Co-op City-Throgs Neck (CD 10 Approximation)",0.270977134759587
"36081071306","4071306","4","Queens","071306","QN0602","Forest Hills","QN06","QN06 Forest Hills-Rego Park (CD 6 Approximation)",0.0700801931297692
"36081129103","4129103","4","Queens","129103","QN1104","Oakland Gardens-Hollis Hills","QN11","QN11 Auburndale-Bayside-Douglaston (CD 11 Approximation)",0.177178339392691
"36061023300","1023300","1","Manhattan","023300","MN0903","Hamilton Heights-Sugar Hill","MN09","MN09 Morningside Heights-Hamilton Heights (CD 9 Equivalent)",0.0899322482727796
"36081053501","4053501","4","Queens","053501","QN0501","Maspeth","QN05","QN05 Ridgewood-Maspeth-Middle Village (CD 5 Approximation)",0.0687366304660998
"36081052500","4052500","4","Queens","052500","QN0501","Maspeth","QN05","QN05 Ridgewood-Maspeth-Middle Village (CD 5 Approximation)",0.0780237426875119
"36081059502","4059502","4","Queens","059502","QN0501","Maspeth","QN05","QN05 Ridgewood-Maspeth-Middle Village (CD 5 Approximation)",0.089217856533162
"36005016500","2016500","2","Bronx","016500","BX0302","Claremont Village-Claremont (East)","BX03","BX03 Morrisania-Crotona Park East (CD 3 Approximation)",0.0747339160141598
"36005041100","2041100","2","Bronx","041100","BX0702","Bedford Park","BX07","BX07 Fordham-Bedford Park-Norwood (CD 7 Approximation)",0.0469800123103647
"36005041300","2041300","2","Bronx","041300","BX0702","Bedford Park","BX07","BX07 Fordham-Bedford Park-Norwood (CD 7 Approximation)",0.0669155705459631
"36081157101","4157101","4","Queens","157101","QN1302","Bellerose","QN13","QN13 Queens Village-Bellerose-Rosedale (CD 13 Approximation)",0.472997256926726
"36081157102","4157102","4","Queens","157102","QN1302","Bellerose","QN13","QN13 Queens Village-Bellerose-Rosedale (CD 13 Approximation)",0.12407078050356
"36005045101","2045101","2","Bronx","045101","BX1203","Wakefield-Woodlawn","BX12","BX12 Wakefield-Williamsbridge-Eastchester (CD 12 Approximation)",0.0673452003161906
"36081001901","4001901","4","Queens","001901","QN0201","Long Island City-Hunters Point","QN02","QN02 Long Island City-Sunnyside-Woodside (CD 2 Approximation)",0.0886180833132334
"36061012902","1012902","1","Manhattan","012902","MN0402","Hell's Kitchen","MN04","MN04 Chelsea-Hell's Kitchen (CD 4 Approximation)",0.0740070058650506
"36061013501","1013501","1","Manhattan","013501","MN0402","Hell's Kitchen","MN04","MN04 Chelsea-Hell's Kitchen (CD 4 Approximation)",0.078045771017142
"36061013502","1013502","1","Manhattan","013502","MN0402","Hell's Kitchen","MN04","MN04 Chelsea-Hell's Kitchen (CD 4 Approximation)",0.0834661538721119
"36005014500","2014500","2","Bronx","014500","BX0302","Claremont Village-Claremont (East)","BX03","BX03 Morrisania-Crotona Park East (CD 3 Approximation)",0.0702383523825536
"36005014701","2014701","2","Bronx","014701","BX0302","Claremont Village-Claremont (East)","BX03","BX03 Morrisania-Crotona Park East (CD 3 Approximation)",0.0534632263190518
"36081001903","4001903","4","Queens","001903","QN0201","Long Island City-Hunters Point","QN02","QN02 Long Island City-Sunnyside-Woodside (CD 2 Approximation)",0.179727035714826
"36061011500","1011500","1","Manhattan","011500","MN0402","Hell's Kitchen","MN04","MN04 Chelsea-Hell's Kitchen (CD 4 Approximation)",0.067788992842089
"36081008800","4008800","4","Queens","008800","QN1002","Ozone Park","QN10","QN10 South Ozone Park-Howard Beach (CD 10 Approximation)",0.173862655282153
"36081006202","4006202","4","Queens","006202","QN1003","Howard Beach-Lindenwood","QN10","QN10 South Ozone Park-Howard Beach (CD 10 Approximation)",0.446327693268671
"36061015900","1015900","1","Manhattan","015900","MN0701","Upper West Side-Lincoln Square","MN07","MN07 Upper West Side (CD 7 Approximation)",0.0672515569099188
"36085000300","5000300","5","Staten Island","000300","SI0101","St. George-New Brighton","SI01","SI01 North Shore (CD 1 Equivalent)",0.147666525030818
"36085000600","5000600","5","Staten Island","000600","SI0103","Rosebank-Shore Acres-Park Hill","SI01","SI01 North Shore (CD 1 Equivalent)",0.258068150538688
"36085000700","5000700","5","Staten Island","000700","SI0101","St. George-New Brighton","SI01","SI01 North Shore (CD 1 Equivalent)",0.197290351420609
"36085000900","5000900","5","Staten Island","000900","SI0101","St. George-New Brighton","SI01","SI01 North Shore (CD 1 Equivalent)",0.0895677302968111
"36085001100","5001100","5","Staten Island","001100","SI0101","St. George-New Brighton","SI01","SI01 North Shore (CD 1 Equivalent)",0.125433052155824
"36085001700","5001700","5","Staten Island","001700","SI0102","Tompkinsville-Stapleton-Clifton-Fox Hills","SI01","SI01 North Shore (CD 1 Equivalent)",0.118219876445198
"36085002700","5002700","5","Staten Island","002700","SI0102","Tompkinsville-Stapleton-Clifton-Fox Hills","SI01","SI01 North Shore (CD 1 Equivalent)",0.0969474800373409
"36085002900","5002900","5","Staten Island","002900","SI0102","Tompkinsville-Stapleton-Clifton-Fox Hills","SI01","SI01 North Shore (CD 1 Equivalent)",0.203374811171521
"36085004001","5004001","5","Staten Island","004001","SI0102","Tompkinsville-Stapleton-Clifton-Fox Hills","SI01","SI01 North Shore (CD 1 Equivalent)",0.117663935125522
"36085004002","5004002","5","Staten Island","004002","SI0103","Rosebank-Shore Acres-Park Hill","SI01","SI01 North Shore (CD 1 Equivalent)",0.125161639348317
"36085004003","5004003","5","Staten Island","004003","SI0103","Rosebank-Shore Acres-Park Hill","SI01","SI01 North Shore (CD 1 Equivalent)",0.080907655154576
"36085004004","5004004","5","Staten Island","004004","SI0103","Rosebank-Shore Acres-Park Hill","SI01","SI01 North Shore (CD 1 Equivalent)",0.136760672952664
"36085005000","5005000","5","Staten Island","005000","SI0201","Grasmere-Arrochar-South Beach-Dongan Hills","SI02","SI02 Mid-Island (CD 2 Approximation)",0.322422858100981
"36085007001","5007001","5","Staten Island","007001","SI0201","Grasmere-Arrochar-South Beach-Dongan Hills","SI02","SI02 Mid-Island (CD 2 Approximation)",0.182542415399149
"36085007400","5007400","5","Staten Island","007400","SI0201","Grasmere-Arrochar-South Beach-Dongan Hills","SI02","SI02 Mid-Island (CD 2 Approximation)",0.207624773594005
"36085008100","5008100","5","Staten Island","008100","SI0101","St. George-New Brighton","SI01","SI01 North Shore (CD 1 Equivalent)",0.29493107445857
"36085009701","5009701","5","Staten Island","009701","SI0104","West New Brighton-Silver Lake-Grymes Hill","SI01","SI01 North Shore (CD 1 Equivalent)",0.266384814525857
"36085009702","5009702","5","Staten Island","009702","SI0191","Snug Harbor","SI01","SI01 North Shore (CD 1 Equivalent)",0.135171300336896
"36085010500","5010500","5","Staten Island","010500","SI0104","West New Brighton-Silver Lake-Grymes Hill","SI01","SI01 North Shore (CD 1 Equivalent)",0.31544643346065
"36085011201","5011201","5","Staten Island","011201","SI0202","New Dorp-Midland Beach","SI02","SI02 Mid-Island (CD 2 Approximation)",0.631402440163649
"36085011203","5011203","5","Staten Island","011203","SI0202","New Dorp-Midland Beach","SI02","SI02 Mid-Island (CD 2 Approximation)",0.388468224547937
"36085011401","5011401","5","Staten Island","011401","SI0201","Grasmere-Arrochar-South Beach-Dongan Hills","SI02","SI02 Mid-Island (CD 2 Approximation)",0.203474698127809
"36085012100","5012100","5","Staten Island","012100","SI0104","West New Brighton-Silver Lake-Grymes Hill","SI01","SI01 North Shore (CD 1 Equivalent)",0.28666535432076
"36085012200","5012200","5","Staten Island","012200","SI0202","New Dorp-Midland Beach","SI02","SI02 Mid-Island (CD 2 Approximation)",0.319866260337414
"36085012805","5012805","5","Staten Island","012805","SI0301","Oakwood-Richmondtown","SI03","SI03 South Shore (CD 3 Approximation)",0.381152406808071
"36085012806","5012806","5","Staten Island","012806","SI0301","Oakwood-Richmondtown","SI03","SI03 South Shore (CD 3 Approximation)",0.49709554303768
"36085013301","5013301","5","Staten Island","013301","SI0104","West New Brighton-Silver Lake-Grymes Hill","SI01","SI01 North Shore (CD 1 Equivalent)",0.0258743241169654
"36085013400","5013400","5","Staten Island","013400","SI0202","New Dorp-Midland Beach","SI02","SI02 Mid-Island (CD 2 Approximation)",0.328498734411
"36085015400","5015400","5","Staten Island","015400","SI9593","Great Kills Park","SI95","SI95 Great Kills Park-Fort Wadsworth (JIA 95 Approximation)",0.838597178377765
"36085016901","5016901","5","Staten Island","016901","SI0105","Westerleigh-Castleton Corners","SI01","SI01 North Shore (CD 1 Equivalent)",0.315419184071022
"36085017007","5017007","5","Staten Island","017007","SI0303","Arden Heights-Rossville","SI03","SI03 South Shore (CD 3 Approximation)",0.564293693899627
"36085017009","5017009","5","Staten Island","017009","SI0304","Annadale-Huguenot-Prince's Bay-Woodrow","SI03","SI03 South Shore (CD 3 Approximation)",0.45705452802878
"36085017012","5017012","5","Staten Island","017012","SI0302","Great Kills-Eltingville","SI03","SI03 South Shore (CD 3 Approximation)",0.355040589136896
"36085017013","5017013","5","Staten Island","017013","SI0303","Arden Heights-Rossville","SI03","SI03 South Shore (CD 3 Approximation)",0.214180218492324
"36085017014","5017014","5","Staten Island","017014","SI0303","Arden Heights-Rossville","SI03","SI03 South Shore (CD 3 Approximation)",0.214711698972528
"36085017015","5017015","5","Staten Island","017015","SI0303","Arden Heights-Rossville","SI03","SI03 South Shore (CD 3 Approximation)",0.176787202843631
"36085017300","5017300","5","Staten Island","017300","SI0203","Todt Hill-Emerson Hill-Lighthouse Hill-Manor Heights","SI02","SI02 Mid-Island (CD 2 Approximation)",0.132305317673701
"36085017701","5017701","5","Staten Island","017701","SI0203","Todt Hill-Emerson Hill-Lighthouse Hill-Manor Heights","SI02","SI02 Mid-Island (CD 2 Approximation)",1.13928675299781
"36085018703","5018703","5","Staten Island","018703","SI0203","Todt Hill-Emerson Hill-Lighthouse Hill-Manor Heights","SI02","SI02 Mid-Island (CD 2 Approximation)",0.183070293931245
"36085018901","5018901","5","Staten Island","018901","SI0105","Westerleigh-Castleton Corners","SI01","SI01 North Shore (CD 1 Equivalent)",0.438552834301705
"36085018902","5018902","5","Staten Island","018902","SI0203","Todt Hill-Emerson Hill-Lighthouse Hill-Manor Heights","SI02","SI02 Mid-Island (CD 2 Approximation)",0.290986119531265
"36085019700","5019700","5","Staten Island","019700","SI0105","Westerleigh-Castleton Corners","SI01","SI01 North Shore (CD 1 Equivalent)",0.115922020190714
"36085020100","5020100","5","Staten Island","020100","SI0105","Westerleigh-Castleton Corners","SI01","SI01 North Shore (CD 1 Equivalent)",0.242382468226873
"36085020702","5020702","5","Staten Island","020702","SI0106","Port Richmond","SI01","SI01 North Shore (CD 1 Equivalent)",0.197525994230728
"36085020804","5020804","5","Staten Island","020804","SI0304","Annadale-Huguenot-Prince's Bay-Woodrow","SI03","SI03 South Shore (CD 3 Approximation)",0.513823127540269
"36085020805","5020805","5","Staten Island","020805","SI0303","Arden Heights-Rossville","SI03","SI03 South Shore (CD 3 Approximation)",0.438110492083339
"36085020806","5020806","5","Staten Island","020806","SI0303","Arden Heights-Rossville","SI03","SI03 South Shore (CD 3 Approximation)",0.566808618694976
"36085022300","5022300","5","Staten Island","022300","SI0107","Mariner's Harbor-Arlington-Graniteville","SI01","SI01 North Shore (CD 1 Equivalent)",0.253896445288372
"36085022601","5022601","5","Staten Island","022601","SI0304","Annadale-Huguenot-Prince's Bay-Woodrow","SI03","SI03 South Shore (CD 3 Approximation)",0.672925956003902
"36085022801","5022801","5","Staten Island","022801","SI0391","Freshkills Park (South)","SI03","SI03 South Shore (CD 3 Approximation)",1.71310656682779
"36085023900","5023900","5","Staten Island","023900","SI0107","Mariner's Harbor-Arlington-Graniteville","SI01","SI01 North Shore (CD 1 Equivalent)",0.204616979315677
"36085024401","5024401","5","Staten Island","024401","SI0305","Tottenville-Charleston","SI03","SI03 South Shore (CD 3 Approximation)",0.809266557318537
"36085024402","5024402","5","Staten Island","024402","SI0305","Tottenville-Charleston","SI03","SI03 South Shore (CD 3 Approximation)",0.686488018071925
"36085025100","5025100","5","Staten Island","025100","SI0105","Westerleigh-Castleton Corners","SI01","SI01 North Shore (CD 1 Equivalent)",0.451495675847668
"36085027301","5027301","5","Staten Island","027301","SI0204","New Springville-Willowbrook-Bulls Head-Travis","SI02","SI02 Mid-Island (CD 2 Approximation)",1.17147419071352
"36085027302","5027302","5","Staten Island","027302","SI0203","Todt Hill-Emerson Hill-Lighthouse Hill-Manor Heights","SI02","SI02 Mid-Island (CD 2 Approximation)",0.394958236618572
"36085027704","5027704","5","Staten Island","027704","SI0204","New Springville-Willowbrook-Bulls Head-Travis","SI02","SI02 Mid-Island (CD 2 Approximation)",0.207673078133504
"36085027705","5027705","5","Staten Island","027705","SI0204","New Springville-Willowbrook-Bulls Head-Travis","SI02","SI02 Mid-Island (CD 2 Approximation)",0.205215423661106
"36085030302","5030302","5","Staten Island","030302","SI0107","Mariner's Harbor-Arlington-Graniteville","SI01","SI01 North Shore (CD 1 Equivalent)",0.351102351914167
"36085031902","5031902","5","Staten Island","031902","SI0107","Mariner's Harbor-Arlington-Graniteville","SI01","SI01 North Shore (CD 1 Equivalent)",0.251789757409395
"36047000301","3000301","3","Brooklyn","000301","BK0201","Brooklyn Heights","BK02","BK02 Downtown Brooklyn-Fort Greene (CD 2 Approximation)",0.0776345832468472
"36047000501","3000501","3","Brooklyn","000501","BK0201","Brooklyn Heights","BK02","BK02 Downtown Brooklyn-Fort Greene (CD 2 Approximation)",0.0323374936618008
"36047001502","3001502","3","Brooklyn","001502","BK0202","Downtown Brooklyn-DUMBO-Boerum Hill","BK02","BK02 Downtown Brooklyn-Fort Greene (CD 2 Approximation)",0.054526630867508
"36047002000","3002000","3","Brooklyn","002000","BK0702","Sunset Park (West)","BK07","BK07 Sunset Park-Windsor Terrace (CD 7 Approximation)",0.0581373973887891
"36047003000","3003000","3","Brooklyn","003000","BK1001","Bay Ridge","BK10","BK10 Bay Ridge-Dyker Heights (CD 10 Approximation)",0.0425173742294439
"36047003101","3003101","3","Brooklyn","003101","BK0203","Fort Greene","BK02","BK02 Downtown Brooklyn-Fort Greene (CD 2 Approximation)",0.0582036161346834
"36047003102","3003102","3","Brooklyn","003102","BK0203","Fort Greene","BK02","BK02 Downtown Brooklyn-Fort Greene (CD 2 Approximation)",0.0526344122919222
"36047003600","3003600","3","Brooklyn","003600","BK1001","Bay Ridge","BK10","BK10 Bay Ridge-Dyker Heights (CD 10 Approximation)",0.0483844222657205
"36047003800","3003800","3","Brooklyn","003800","BK1001","Bay Ridge","BK10","BK10 Bay Ridge-Dyker Heights (CD 10 Approximation)",0.0490600185369991
"36047004100","3004100","3","Brooklyn","004100","BK0202","Downtown Brooklyn-DUMBO-Boerum Hill","BK02","BK02 Downtown Brooklyn-Fort Greene (CD 2 Approximation)",0.0625503362394221
"36047004400","3004400","3","Brooklyn","004400","BK1001","Bay Ridge","BK10","BK10 Bay Ridge-Dyker Heights (CD 10 Approximation)",0.161517005663091
"36047004500","3004500","3","Brooklyn","004500","BK0601","Carroll Gardens-Cobble Hill-Gowanus-Red Hook","BK06","BK06 Park Slope-Carroll Gardens (CD 6 Approximation)",0.0658433198991309
"36047004900","3004900","3","Brooklyn","004900","BK0601","Carroll Gardens-Cobble Hill-Gowanus-Red Hook","BK06","BK06 Park Slope-Carroll Gardens (CD 6 Approximation)",0.0376998825026315
"36047005000","3005000","3","Brooklyn","005000","BK1001","Bay Ridge","BK10","BK10 Bay Ridge-Dyker Heights (CD 10 Approximation)",0.0856868518363857
"36047005201","3005201","3","Brooklyn","005201","BK1001","Bay Ridge","BK10","BK10 Bay Ridge-Dyker Heights (CD 10 Approximation)",0.0520465781947263
"36047005202","3005202","3","Brooklyn","005202","BK1001","Bay Ridge","BK10","BK10 Bay Ridge-Dyker Heights (CD 10 Approximation)",0.0501492186579727
"36047005301","3005301","3","Brooklyn","005301","BK0601","Carroll Gardens-Cobble Hill-Gowanus-Red Hook","BK06","BK06 Park Slope-Carroll Gardens (CD 6 Approximation)",0.218978009504017
"36047005303","3005303","3","Brooklyn","005303","BK0601","Carroll Gardens-Cobble Hill-Gowanus-Red Hook","BK06","BK06 Park Slope-Carroll Gardens (CD 6 Approximation)",0.118785663775732
"36047005400","3005400","3","Brooklyn","005400","BK1001","Bay Ridge","BK10","BK10 Bay Ridge-Dyker Heights (CD 10 Approximation)",0.0624341767608976
"36047005601","3005601","3","Brooklyn","005601","BK1001","Bay Ridge","BK10","BK10 Bay Ridge-Dyker Heights (CD 10 Approximation)",0.0665036395724708
"36047005800","3005800","3","Brooklyn","005800","BK1001","Bay Ridge","BK10","BK10 Bay Ridge-Dyker Heights (CD 10 Approximation)",0.0746210517948512
"36047006000","3006000","3","Brooklyn","006000","BK1001","Bay Ridge","BK10","BK10 Bay Ridge-Dyker Heights (CD 10 Approximation)",0.0587935399131761
"36047006200","3006200","3","Brooklyn","006200","BK1001","Bay Ridge","BK10","BK10 Bay Ridge-Dyker Heights (CD 10 Approximation)",0.0626593984268175
"36047006400","3006400","3","Brooklyn","006400","BK1001","Bay Ridge","BK10","BK10 Bay Ridge-Dyker Heights (CD 10 Approximation)",0.0784403485741313
"36047006500","3006500","3","Brooklyn","006500","BK0601","Carroll Gardens-Cobble Hill-Gowanus-Red Hook","BK06","BK06 Park Slope-Carroll Gardens (CD 6 Approximation)",0.0960611250471713
"36047006600","3006600","3","Brooklyn","006600","BK1001","Bay Ridge","BK10","BK10 Bay Ridge-Dyker Heights (CD 10 Approximation)",0.0593029928653704
"36047006700","3006700","3","Brooklyn","006700","BK0601","Carroll Gardens-Cobble Hill-Gowanus-Red Hook","BK06","BK06 Park Slope-Carroll Gardens (CD 6 Approximation)",0.0602910325631665
"36047006800","3006800","3","Brooklyn","006800","BK1001","Bay Ridge","BK10","BK10 Bay Ridge-Dyker Heights (CD 10 Approximation)",0.071620548296614
"36047006902","3006902","3","Brooklyn","006902","BK0601","Carroll Gardens-Cobble Hill-Gowanus-Red Hook","BK06","BK06 Park Slope-Carroll Gardens (CD 6 Approximation)",0.0404076748898261
"36047007100","3007100","3","Brooklyn","007100","BK0601","Carroll Gardens-Cobble Hill-Gowanus-Red Hook","BK06","BK06 Park Slope-Carroll Gardens (CD 6 Approximation)",0.0660199530233081
"36047007200","3007200","3","Brooklyn","007200","BK0702","Sunset Park (West)","BK07","BK07 Sunset Park-Windsor Terrace (CD 7 Approximation)",0.0238205066678865
"36047007400","3007400","3","Brooklyn","007400","BK0702","Sunset Park (West)","BK07","BK07 Sunset Park-Windsor Terrace (CD 7 Approximation)",0.0554479099922777
"36047007600","3007600","3","Brooklyn","007600","BK0702","Sunset Park (West)","BK07","BK07 Sunset Park-Windsor Terrace (CD 7 Approximation)",0.0541779843726587
"36047007800","3007800","3","Brooklyn","007800","BK0702","Sunset Park (West)","BK07","BK07 Sunset Park-Windsor Terrace (CD 7 Approximation)",0.0541566198250048
"36047008000","3008000","3","Brooklyn","008000","BK0702","Sunset Park (West)","BK07","BK07 Sunset Park-Windsor Terrace (CD 7 Approximation)",0.0540324353791622
"36047008200","3008200","3","Brooklyn","008200","BK0702","Sunset Park (West)","BK07","BK07 Sunset Park-Windsor Terrace (CD 7 Approximation)",0.0544157499268687
"36047008400","3008400","3","Brooklyn","008400","BK0702","Sunset Park (West)","BK07","BK07 Sunset Park-Windsor Terrace (CD 7 Approximation)",0.0950672035063202
"36047008500","3008500","3","Brooklyn","008500","BK0601","Carroll Gardens-Cobble Hill-Gowanus-Red Hook","BK06","BK06 Park Slope-Carroll Gardens (CD 6 Approximation)",0.0941556825880162
"36047008800","3008800","3","Brooklyn","008800","BK0703","Sunset Park (Central)","BK07","BK07 Sunset Park-Windsor Terrace (CD 7 Approximation)",0.072456295895258
"36047009001","3009001","3","Brooklyn","009001","BK0703","Sunset Park (Central)","BK07","BK07 Sunset Park-Windsor Terrace (CD 7 Approximation)",0.0295952947883579
"36047009002","3009002","3","Brooklyn","009002","BK1201","Sunset Park (East)-Borough Park (West)","BK12","BK12 Borough Park-Kensington (CD 12 Approximation)",0.0289145618659913
"36047009202","3009202","3","Brooklyn","009202","BK1201","Sunset Park (East)-Borough Park (West)","BK12","BK12 Borough Park-Kensington (CD 12 Approximation)",0.021887874242616
"36047009401","3009401","3","Brooklyn","009401","BK0703","Sunset Park (Central)","BK07","BK07 Sunset Park-Windsor Terrace (CD 7 Approximation)",0.0291357220939312
"36047009402","3009402","3","Brooklyn","009402","BK1201","Sunset Park (East)-Borough Park (West)","BK12","BK12 Borough Park-Kensington (CD 12 Approximation)",0.0291751733304533
"36047009600","3009600","3","Brooklyn","009600","BK0703","Sunset Park (Central)","BK07","BK07 Sunset Park-Windsor Terrace (CD 7 Approximation)",0.058208870090103
"36047009800","3009800","3","Brooklyn","009800","BK0703","Sunset Park (Central)","BK07","BK07 Sunset Park-Windsor Terrace (CD 7 Approximation)",0.0583062156355567
"36047010401","3010401","3","Brooklyn","010401","BK0703","Sunset Park (Central)","BK07","BK07 Sunset Park-Windsor Terrace (CD 7 Approximation)",0.0293845842156001
"36047010402","3010402","3","Brooklyn","010402","BK1201","Sunset Park (East)-Borough Park (West)","BK12","BK12 Borough Park-Kensington (CD 12 Approximation)",0.0294206289728577
"36047010601","3010601","3","Brooklyn","010601","BK0703","Sunset Park (Central)","BK07","BK07 Sunset Park-Windsor Terrace (CD 7 Approximation)",0.0291243189106688
"36047010602","3010602","3","Brooklyn","010602","BK1201","Sunset Park (East)-Borough Park (West)","BK12","BK12 Borough Park-Kensington (CD 12 Approximation)",0.029157268799408
"36047010801","3010801","3","Brooklyn","010801","BK0703","Sunset Park (Central)","BK07","BK07 Sunset Park-Windsor Terrace (CD 7 Approximation)",0.0291468913751551
"36047010802","3010802","3","Brooklyn","010802","BK1201","Sunset Park (East)-Borough Park (West)","BK12","BK12 Borough Park-Kensington (CD 12 Approximation)",0.0291361046899853
"36047011000","3011000","3","Brooklyn","011000","BK1201","Sunset Park (East)-Borough Park (West)","BK12","BK12 Borough Park-Kensington (CD 12 Approximation)",0.0609459222635101
"36047011200","3011200","3","Brooklyn","011200","BK1201","Sunset Park (East)-Borough Park (West)","BK12","BK12 Borough Park-Kensington (CD 12 Approximation)",0.0661432352200164
"36047011400","3011400","3","Brooklyn","011400","BK1201","Sunset Park (East)-Borough Park (West)","BK12","BK12 Borough Park-Kensington (CD 12 Approximation)",0.0647868587340736
"36047011600","3011600","3","Brooklyn","011600","BK1201","Sunset Park (East)-Borough Park (West)","BK12","BK12 Borough Park-Kensington (CD 12 Approximation)",0.0618757454497495
"36047011800","3011800","3","Brooklyn","011800","BK0703","Sunset Park (Central)","BK07","BK07 Sunset Park-Windsor Terrace (CD 7 Approximation)",0.0845504490535073
"36047012000","3012000","3","Brooklyn","012000","BK1002","Dyker Heights","BK10","BK10 Bay Ridge-Dyker Heights (CD 10 Approximation)",0.0745199257486788
"36047012100","3012100","3","Brooklyn","012100","BK0601","Carroll Gardens-Cobble Hill-Gowanus-Red Hook","BK06","BK06 Park Slope-Carroll Gardens (CD 6 Approximation)",0.0571502019895177
"36047012200","3012200","3","Brooklyn","012200","BK0703","Sunset Park (Central)","BK07","BK07 Sunset Park-Windsor Terrace (CD 7 Approximation)",0.0700017551188856
"36047012600","3012600","3","Brooklyn","012600","BK1001","Bay Ridge","BK10","BK10 Bay Ridge-Dyker Heights (CD 10 Approximation)",0.0916044477664449
"36047012700","3012700","3","Brooklyn","012700","BK0601","Carroll Gardens-Cobble Hill-Gowanus-Red Hook","BK06","BK06 Park Slope-Carroll Gardens (CD 6 Approximation)",0.0631128647395861
"36047012902","3012902","3","Brooklyn","012902","BK0602","Park Slope","BK06","BK06 Park Slope-Carroll Gardens (CD 6 Approximation)",0.0524276737630055
"36047013000","3013000","3","Brooklyn","013000","BK1001","Bay Ridge","BK10","BK10 Bay Ridge-Dyker Heights (CD 10 Approximation)",0.0681235727666954
"36047013200","3013200","3","Brooklyn","013200","BK1002","Dyker Heights","BK10","BK10 Bay Ridge-Dyker Heights (CD 10 Approximation)",0.0601394817351252
"36047013700","3013700","3","Brooklyn","013700","BK0602","Park Slope","BK06","BK06 Park Slope-Carroll Gardens (CD 6 Approximation)",0.0587683065059106
"36047013900","3013900","3","Brooklyn","013900","BK0602","Park Slope","BK06","BK06 Park Slope-Carroll Gardens (CD 6 Approximation)",0.058516716123934
"36047014000","3014000","3","Brooklyn","014000","BK1002","Dyker Heights","BK10","BK10 Bay Ridge-Dyker Heights (CD 10 Approximation)",0.0566160464566451
"36047014200","3014200","3","Brooklyn","014200","BK1001","Bay Ridge","BK10","BK10 Bay Ridge-Dyker Heights (CD 10 Approximation)",0.0774806018964175
"36047014700","3014700","3","Brooklyn","014700","BK0702","Sunset Park (West)","BK07","BK07 Sunset Park-Windsor Terrace (CD 7 Approximation)",0.0409682685271341
"36047014800","3014800","3","Brooklyn","014800","BK1002","Dyker Heights","BK10","BK10 Bay Ridge-Dyker Heights (CD 10 Approximation)",0.0515654616985677
"36047014901","3014901","3","Brooklyn","014901","BK0602","Park Slope","BK06","BK06 Park Slope-Carroll Gardens (CD 6 Approximation)",0.0289580830690126
"36047014902","3014902","3","Brooklyn","014902","BK0701","Windsor Terrace-South Slope","BK07","BK07 Sunset Park-Windsor Terrace (CD 7 Approximation)",0.0673466498769842
"36047015000","3015000","3","Brooklyn","015000","BK1002","Dyker Heights","BK10","BK10 Bay Ridge-Dyker Heights (CD 10 Approximation)",0.0515125262708284
"36047015700","3015700","3","Brooklyn","015700","BK0602","Park Slope","BK06","BK06 Park Slope-Carroll Gardens (CD 6 Approximation)",0.0646395226738917
"36047016000","3016000","3","Brooklyn","016000","BK1001","Bay Ridge","BK10","BK10 Bay Ridge-Dyker Heights (CD 10 Approximation)",0.099907948227611
"36047016100","3016100","3","Brooklyn","016100","BK0801","Prospect Heights","BK08","BK08 Crown Heights (North) (CD 8 Approximation)",0.0704540250826703
"36047016300","3016300","3","Brooklyn","016300","BK0801","Prospect Heights","BK08","BK08 Crown Heights (North) (CD 8 Approximation)",0.071025648623755
"36047016600","3016600","3","Brooklyn","016600","BK1002","Dyker Heights","BK10","BK10 Bay Ridge-Dyker Heights (CD 10 Approximation)",0.103072739113571
"36047017000","3017000","3","Brooklyn","017000","BK1102","Bath Beach","BK11","BK11 Bensonhurst-Bath Beach (CD 11 Approximation)",0.0806974652226285
"36047017200","3017200","3","Brooklyn","017200","BK1102","Bath Beach","BK11","BK11 Bensonhurst-Bath Beach (CD 11 Approximation)",0.0794996799181182
"36047017400","3017400","3","Brooklyn","017400","BK1102","Bath Beach","BK11","BK11 Bensonhurst-Bath Beach (CD 11 Approximation)",0.0636252223253865
"36047017500","3017500","3","Brooklyn","017500","BK0771","Green-Wood Cemetery","BK07","BK07 Sunset Park-Windsor Terrace (CD 7 Approximation)",0.75691729790507
"36047017600","3017600","3","Brooklyn","017600","BK1102","Bath Beach","BK11","BK11 Bensonhurst-Bath Beach (CD 11 Approximation)",0.0515458200542458
"36047017800","3017800","3","Brooklyn","017800","BK1102","Bath Beach","BK11","BK11 Bensonhurst-Bath Beach (CD 11 Approximation)",0.0633178950376195
"36047017900","3017900","3","Brooklyn","017900","BK0203","Fort Greene","BK02","BK02 Downtown Brooklyn-Fort Greene (CD 2 Approximation)",0.0611585081229195
"36047018000","3018000","3","Brooklyn","018000","BK1102","Bath Beach","BK11","BK11 Bensonhurst-Bath Beach (CD 11 Approximation)",0.0680137579690287
"36047018200","3018200","3","Brooklyn","018200","BK1101","Bensonhurst","BK11","BK11 Bensonhurst-Bath Beach (CD 11 Approximation)",0.0638895584441407
"36047018300","3018300","3","Brooklyn","018300","BK0203","Fort Greene","BK02","BK02 Downtown Brooklyn-Fort Greene (CD 2 Approximation)",0.0530083809013845
"36047018400","3018400","3","Brooklyn","018400","BK1101","Bensonhurst","BK11","BK11 Bensonhurst-Bath Beach (CD 11 Approximation)",0.0577230436093331
"36047018501","3018501","3","Brooklyn","018501","BK0203","Fort Greene","BK02","BK02 Downtown Brooklyn-Fort Greene (CD 2 Approximation)",0.0426618867727486
"36047018600","3018600","3","Brooklyn","018600","BK1101","Bensonhurst","BK11","BK11 Bensonhurst-Bath Beach (CD 11 Approximation)",0.043648836009126
"36047018700","3018700","3","Brooklyn","018700","BK0203","Fort Greene","BK02","BK02 Downtown Brooklyn-Fort Greene (CD 2 Approximation)",0.0329181802569654
"36047018800","3018800","3","Brooklyn","018800","BK1101","Bensonhurst","BK11","BK11 Bensonhurst-Bath Beach (CD 11 Approximation)",0.0676484726401651
"36047019000","3019000","3","Brooklyn","019000","BK1101","Bensonhurst","BK11","BK11 Bensonhurst-Bath Beach (CD 11 Approximation)",0.0822069610990389
"36047019200","3019200","3","Brooklyn","019200","BK1202","Borough Park","BK12","BK12 Borough Park-Kensington (CD 12 Approximation)",0.0732774737755705
"36047019400","3019400","3","Brooklyn","019400","BK1002","Dyker Heights","BK10","BK10 Bay Ridge-Dyker Heights (CD 10 Approximation)",0.068878969391084
"36047019600","3019600","3","Brooklyn","019600","BK1002","Dyker Heights","BK10","BK10 Bay Ridge-Dyker Heights (CD 10 Approximation)",0.0727185916560953
"36047019700","3019700","3","Brooklyn","019700","BK0204","Clinton Hill","BK02","BK02 Downtown Brooklyn-Fort Greene (CD 2 Approximation)",0.0655733585174566
"36047019800","3019800","3","Brooklyn","019800","BK1002","Dyker Heights","BK10","BK10 Bay Ridge-Dyker Heights (CD 10 Approximation)",0.052018875147207
"36047019900","3019900","3","Brooklyn","019900","BK0204","Clinton Hill","BK02","BK02 Downtown Brooklyn-Fort Greene (CD 2 Approximation)",0.0730987624349051
"36047020000","3020000","3","Brooklyn","020000","BK1002","Dyker Heights","BK10","BK10 Bay Ridge-Dyker Heights (CD 10 Approximation)",0.0520679828998006
"36047020100","3020100","3","Brooklyn","020100","BK0204","Clinton Hill","BK02","BK02 Downtown Brooklyn-Fort Greene (CD 2 Approximation)",0.0676096244348012
"36047020200","3020200","3","Brooklyn","020200","BK1002","Dyker Heights","BK10","BK10 Bay Ridge-Dyker Heights (CD 10 Approximation)",0.0520603150556728
"36047020400","3020400","3","Brooklyn","020400","BK1002","Dyker Heights","BK10","BK10 Bay Ridge-Dyker Heights (CD 10 Approximation)",0.0520454025110444
"36047020500","3020500","3","Brooklyn","020500","BK0801","Prospect Heights","BK08","BK08 Crown Heights (North) (CD 8 Approximation)",0.0616594760770507
"36047020600","3020600","3","Brooklyn","020600","BK1002","Dyker Heights","BK10","BK10 Bay Ridge-Dyker Heights (CD 10 Approximation)",0.0659301636535319
"36047020800","3020800","3","Brooklyn","020800","BK1002","Dyker Heights","BK10","BK10 Bay Ridge-Dyker Heights (CD 10 Approximation)",0.05533583873623
"36047021200","3021200","3","Brooklyn","021200","BK1002","Dyker Heights","BK10","BK10 Bay Ridge-Dyker Heights (CD 10 Approximation)",0.0736892163168075
"36047021400","3021400","3","Brooklyn","021400","BK1202","Borough Park","BK12","BK12 Borough Park-Kensington (CD 12 Approximation)",0.064853929404405
"36047021600","3021600","3","Brooklyn","021600","BK1202","Borough Park","BK12","BK12 Borough Park-Kensington (CD 12 Approximation)",0.0649342863890761
"36047021800","3021800","3","Brooklyn","021800","BK1202","Borough Park","BK12","BK12 Borough Park-Kensington (CD 12 Approximation)",0.0609379136997313
"36047022000","3022000","3","Brooklyn","022000","BK1202","Borough Park","BK12","BK12 Borough Park-Kensington (CD 12 Approximation)",0.0750105633452949
"36047022200","3022200","3","Brooklyn","022200","BK1202","Borough Park","BK12","BK12 Borough Park-Kensington (CD 12 Approximation)",0.0680269305990858
"36047022400","3022400","3","Brooklyn","022400","BK1202","Borough Park","BK12","BK12 Borough Park-Kensington (CD 12 Approximation)",0.0678008878388497
"36047022600","3022600","3","Brooklyn","022600","BK1202","Borough Park","BK12","BK12 Borough Park-Kensington (CD 12 Approximation)",0.0602942266515663
"36047022700","3022700","3","Brooklyn","022700","BK0301","Bedford-Stuyvesant (West)","BK03","BK03 Bedford-Stuyvesant (CD 3 Approximation)",0.0928446421678284
"36047022800","3022800","3","Brooklyn","022800","BK1202","Borough Park","BK12","BK12 Borough Park-Kensington (CD 12 Approximation)",0.0646205941528741
"36047023000","3023000","3","Brooklyn","023000","BK1202","Borough Park","BK12","BK12 Borough Park-Kensington (CD 12 Approximation)",0.0582872492741583
"36047023100","3023100","3","Brooklyn","023100","BK0204","Clinton Hill","BK02","BK02 Downtown Brooklyn-Fort Greene (CD 2 Approximation)",0.061554047944765
"36047023200","3023200","3","Brooklyn","023200","BK1202","Borough Park","BK12","BK12 Borough Park-Kensington (CD 12 Approximation)",0.087408040232732
"36047023400","3023400","3","Brooklyn","023400","BK1202","Borough Park","BK12","BK12 Borough Park-Kensington (CD 12 Approximation)",0.0655434273814321
"36047023600","3023600","3","Brooklyn","023600","BK1202","Borough Park","BK12","BK12 Borough Park-Kensington (CD 12 Approximation)",0.0655773713634228
"36047023800","3023800","3","Brooklyn","023800","BK1202","Borough Park","BK12","BK12 Borough Park-Kensington (CD 12 Approximation)",0.0655988347730763
"36047024000","3024000","3","Brooklyn","024000","BK1202","Borough Park","BK12","BK12 Borough Park-Kensington (CD 12 Approximation)",0.065541543449548
"36047024200","3024200","3","Brooklyn","024200","BK1202","Borough Park","BK12","BK12 Borough Park-Kensington (CD 12 Approximation)",0.0739323510471979
"36047024400","3024400","3","Brooklyn","024400","BK1204","Mapleton-Midwood (West)","BK12","BK12 Borough Park-Kensington (CD 12 Approximation)",0.0599379897707381
"36047024600","3024600","3","Brooklyn","024600","BK1204","Mapleton-Midwood (West)","BK12","BK12 Borough Park-Kensington (CD 12 Approximation)",0.0662015403627761
"36047024800","3024800","3","Brooklyn","024800","BK1101","Bensonhurst","BK11","BK11 Bensonhurst-Bath Beach (CD 11 Approximation)",0.0679783146918703
"36047024900","3024900","3","Brooklyn","024900","BK0301","Bedford-Stuyvesant (West)","BK03","BK03 Bedford-Stuyvesant (CD 3 Approximation)",0.065045286597557
"36047025000","3025000","3","Brooklyn","025000","BK1101","Bensonhurst","BK11","BK11 Bensonhurst-Bath Beach (CD 11 Approximation)",0.066982607663099
"36047025200","3025200","3","Brooklyn","025200","BK1101","Bensonhurst","BK11","BK11 Bensonhurst-Bath Beach (CD 11 Approximation)",0.0699814015218167
"36047025400","3025400","3","Brooklyn","025400","BK1101","Bensonhurst","BK11","BK11 Bensonhurst-Bath Beach (CD 11 Approximation)",0.0677438624491785
"36047025500","3025500","3","Brooklyn","025500","BK0301","Bedford-Stuyvesant (West)","BK03","BK03 Bedford-Stuyvesant (CD 3 Approximation)",0.0535267903045607
"36047025600","3025600","3","Brooklyn","025600","BK1101","Bensonhurst","BK11","BK11 Bensonhurst-Bath Beach (CD 11 Approximation)",0.0670156719063289
"36047025700","3025700","3","Brooklyn","025700","BK0301","Bedford-Stuyvesant (West)","BK03","BK03 Bedford-Stuyvesant (CD 3 Approximation)",0.0699138409464838
"36047025800","3025800","3","Brooklyn","025800","BK1101","Bensonhurst","BK11","BK11 Bensonhurst-Bath Beach (CD 11 Approximation)",0.065717467472166
"36047025901","3025901","3","Brooklyn","025901","BK0301","Bedford-Stuyvesant (West)","BK03","BK03 Bedford-Stuyvesant (CD 3 Approximation)",0.0309791361682338
"36047025902","3025902","3","Brooklyn","025902","BK0301","Bedford-Stuyvesant (West)","BK03","BK03 Bedford-Stuyvesant (CD 3 Approximation)",0.0230288257411186
"36047026000","3026000","3","Brooklyn","026000","BK1101","Bensonhurst","BK11","BK11 Bensonhurst-Bath Beach (CD 11 Approximation)",0.0628907705345648
"36047026200","3026200","3","Brooklyn","026200","BK1101","Bensonhurst","BK11","BK11 Bensonhurst-Bath Beach (CD 11 Approximation)",0.0609618856554999
"36047026400","3026400","3","Brooklyn","026400","BK1101","Bensonhurst","BK11","BK11 Bensonhurst-Bath Beach (CD 11 Approximation)",0.0731379145475192
"36047026500","3026500","3","Brooklyn","026500","BK0301","Bedford-Stuyvesant (West)","BK03","BK03 Bedford-Stuyvesant (CD 3 Approximation)",0.0616351785487076
"36047026600","3026600","3","Brooklyn","026600","BK1101","Bensonhurst","BK11","BK11 Bensonhurst-Bath Beach (CD 11 Approximation)",0.0640467371884648
"36047026700","3026700","3","Brooklyn","026700","BK0301","Bedford-Stuyvesant (West)","BK03","BK03 Bedford-Stuyvesant (CD 3 Approximation)",0.0616017937520132
"36047026800","3026800","3","Brooklyn","026800","BK1101","Bensonhurst","BK11","BK11 Bensonhurst-Bath Beach (CD 11 Approximation)",0.0691028714882799
"36047026900","3026900","3","Brooklyn","026900","BK0301","Bedford-Stuyvesant (West)","BK03","BK03 Bedford-Stuyvesant (CD 3 Approximation)",0.051719660757339
"36047027000","3027000","3","Brooklyn","027000","BK1101","Bensonhurst","BK11","BK11 Bensonhurst-Bath Beach (CD 11 Approximation)",0.0517967292392946
"36047027200","3027200","3","Brooklyn","027200","BK1101","Bensonhurst","BK11","BK11 Bensonhurst-Bath Beach (CD 11 Approximation)",0.0510212226323954
"36047027300","3027300","3","Brooklyn","027300","BK0302","Bedford-Stuyvesant (East)","BK03","BK03 Bedford-Stuyvesant (CD 3 Approximation)",0.0578018535090026
"36047027400","3027400","3","Brooklyn","027400","BK1101","Bensonhurst","BK11","BK11 Bensonhurst-Bath Beach (CD 11 Approximation)",0.0630821697523695
"36047027500","3027500","3","Brooklyn","027500","BK0302","Bedford-Stuyvesant (East)","BK03","BK03 Bedford-Stuyvesant (CD 3 Approximation)",0.0625429875723227
"36047027600","3027600","3","Brooklyn","027600","BK1101","Bensonhurst","BK11","BK11 Bensonhurst-Bath Beach (CD 11 Approximation)",0.0576745462791307
"36047027700","3027700","3","Brooklyn","027700","BK0302","Bedford-Stuyvesant (East)","BK03","BK03 Bedford-Stuyvesant (CD 3 Approximation)",0.0626174265299886
"36047027800","3027800","3","Brooklyn","027800","BK1101","Bensonhurst","BK11","BK11 Bensonhurst-Bath Beach (CD 11 Approximation)",0.0619749625414544
"36047027900","3027900","3","Brooklyn","027900","BK0302","Bedford-Stuyvesant (East)","BK03","BK03 Bedford-Stuyvesant (CD 3 Approximation)",0.0625246667952351
"36047028000","3028000","3","Brooklyn","028000","BK1102","Bath Beach","BK11","BK11 Bensonhurst-Bath Beach (CD 11 Approximation)",0.0535987082936832
"36047028100","3028100","3","Brooklyn","028100","BK0302","Bedford-Stuyvesant (East)","BK03","BK03 Bedford-Stuyvesant (CD 3 Approximation)",0.0625385579532107
"36047028200","3028200","3","Brooklyn","028200","BK1102","Bath Beach","BK11","BK11 Bensonhurst-Bath Beach (CD 11 Approximation)",0.064978069706814
"36047028400","3028400","3","Brooklyn","028400","BK1101","Bensonhurst","BK11","BK11 Bensonhurst-Bath Beach (CD 11 Approximation)",0.0634175353857641
"36047028501","3028501","3","Brooklyn","028501","BK0302","Bedford-Stuyvesant (East)","BK03","BK03 Bedford-Stuyvesant (CD 3 Approximation)",0.0321299453896954
"36047028600","3028600","3","Brooklyn","028600","BK1102","Bath Beach","BK11","BK11 Bensonhurst-Bath Beach (CD 11 Approximation)",0.0683296406815588
"36047028700","3028700","3","Brooklyn","028700","BK0302","Bedford-Stuyvesant (East)","BK03","BK03 Bedford-Stuyvesant (CD 3 Approximation)",0.0574326459836816
"36047028800","3028800","3","Brooklyn","028800","BK1101","Bensonhurst","BK11","BK11 Bensonhurst-Bath Beach (CD 11 Approximation)",0.0590044003342014
"36047029000","3029000","3","Brooklyn","029000","BK1101","Bensonhurst","BK11","BK11 Bensonhurst-Bath Beach (CD 11 Approximation)",0.0597265446743755
"36047029100","3029100","3","Brooklyn","029100","BK0302","Bedford-Stuyvesant (East)","BK03","BK03 Bedford-Stuyvesant (CD 3 Approximation)",0.0635646270259077
"36047029300","3029300","3","Brooklyn","029300","BK0302","Bedford-Stuyvesant (East)","BK03","BK03 Bedford-Stuyvesant (CD 3 Approximation)",0.0634923647301398
"36047029500","3029500","3","Brooklyn","029500","BK0302","Bedford-Stuyvesant (East)","BK03","BK03 Bedford-Stuyvesant (CD 3 Approximation)",0.0635437602687873
"36047029600","3029600","3","Brooklyn","029600","BK1103","Gravesend (West)","BK11","BK11 Bensonhurst-Bath Beach (CD 11 Approximation)",0.0825179970060465
"36047029800","3029800","3","Brooklyn","029800","BK1103","Gravesend (West)","BK11","BK11 Bensonhurst-Bath Beach (CD 11 Approximation)",0.085366656502616
"36047029900","3029900","3","Brooklyn","029900","BK0302","Bedford-Stuyvesant (East)","BK03","BK03 Bedford-Stuyvesant (CD 3 Approximation)",0.0550835541931218
"36047030000","3030000","3","Brooklyn","030000","BK1103","Gravesend (West)","BK11","BK11 Bensonhurst-Bath Beach (CD 11 Approximation)",0.0753072419072407
"36047030200","3030200","3","Brooklyn","030200","BK1103","Gravesend (West)","BK11","BK11 Bensonhurst-Bath Beach (CD 11 Approximation)",0.0815372227426252
"36047030300","3030300","3","Brooklyn","030300","BK1601","Ocean Hill","BK16","BK16 Ocean Hill-Brownsville (CD 16 Approximation)",0.0977917861860303
"36047030400","3030400","3","Brooklyn","030400","BK1103","Gravesend (West)","BK11","BK11 Bensonhurst-Bath Beach (CD 11 Approximation)",0.180101547554661
"36047030600","3030600","3","Brooklyn","030600","BK1301","Gravesend (South)","BK13","BK13 Coney Island-Brighton Beach (CD 13 Approximation)",0.0747793653379813
"36047030700","3030700","3","Brooklyn","030700","BK0802","Crown Heights (North)","BK08","BK08 Crown Heights (North) (CD 8 Approximation)",0.102877354020313
"36047030800","3030800","3","Brooklyn","030800","BK1301","Gravesend (South)","BK13","BK13 Coney Island-Brighton Beach (CD 13 Approximation)",0.258134271625876
"36047030900","3030900","3","Brooklyn","030900","BK0802","Crown Heights (North)","BK08","BK08 Crown Heights (North) (CD 8 Approximation)",0.0583775644318308
"36047031100","3031100","3","Brooklyn","031100","BK0802","Crown Heights (North)","BK08","BK08 Crown Heights (North) (CD 8 Approximation)",0.058546113640567
"36047031300","3031300","3","Brooklyn","031300","BK0802","Crown Heights (North)","BK08","BK08 Crown Heights (North) (CD 8 Approximation)",0.0673002352139167
"36047031401","3031401","3","Brooklyn","031401","BK1301","Gravesend (South)","BK13","BK13 Coney Island-Brighton Beach (CD 13 Approximation)",0.169284912491936
"36047031402","3031402","3","Brooklyn","031402","BK1391","Calvert Vaux Park","BK13","BK13 Coney Island-Brighton Beach (CD 13 Approximation)",0.151452797343349
"36047031500","3031500","3","Brooklyn","031500","BK0802","Crown Heights (North)","BK08","BK08 Crown Heights (North) (CD 8 Approximation)",0.069602787250648
"36047031701","3031701","3","Brooklyn","031701","BK0802","Crown Heights (North)","BK08","BK08 Crown Heights (North) (CD 8 Approximation)",0.0539594141318342
"36047031900","3031900","3","Brooklyn","031900","BK0901","Crown Heights (South)","BK09","BK09 Crown Heights (South) (CD 9 Approximation)",0.058526010661852
"36047032100","3032100","3","Brooklyn","032100","BK0901","Crown Heights (South)","BK09","BK09 Crown Heights (South) (CD 9 Approximation)",0.0618695084868568
"36047032300","3032300","3","Brooklyn","032300","BK0901","Crown Heights (South)","BK09","BK09 Crown Heights (South) (CD 9 Approximation)",0.0668246539598492
"36047032600","3032600","3","Brooklyn","032600","BK1302","Coney Island-Sea Gate","BK13","BK13 Coney Island-Brighton Beach (CD 13 Approximation)",0.12707427563299
"36047032900","3032900","3","Brooklyn","032900","BK0902","Prospect Lefferts Gardens-Wingate","BK09","BK09 Crown Heights (South) (CD 9 Approximation)",0.0603887118840998
"36047033100","3033100","3","Brooklyn","033100","BK0901","Crown Heights (South)","BK09","BK09 Crown Heights (South) (CD 9 Approximation)",0.0550092630227487
"36047033300","3033300","3","Brooklyn","033300","BK0901","Crown Heights (South)","BK09","BK09 Crown Heights (South) (CD 9 Approximation)",0.0719429475178724
"36047033600","3033600","3","Brooklyn","033600","BK1302","Coney Island-Sea Gate","BK13","BK13 Coney Island-Brighton Beach (CD 13 Approximation)",0.262278353072817
"36047033701","3033701","3","Brooklyn","033701","BK0802","Crown Heights (North)","BK08","BK08 Crown Heights (North) (CD 8 Approximation)",0.0380859147077821
"36047033900","3033900","3","Brooklyn","033900","BK0802","Crown Heights (North)","BK08","BK08 Crown Heights (North) (CD 8 Approximation)",0.0697900966539203
"36047034000","3034000","3","Brooklyn","034000","BK1302","Coney Island-Sea Gate","BK13","BK13 Coney Island-Brighton Beach (CD 13 Approximation)",0.0509018997984381
"36047034100","3034100","3","Brooklyn","034100","BK0802","Crown Heights (North)","BK08","BK08 Crown Heights (North) (CD 8 Approximation)",0.053959273558822
"36047034200","3034200","3","Brooklyn","034200","BK1302","Coney Island-Sea Gate","BK13","BK13 Coney Island-Brighton Beach (CD 13 Approximation)",0.0887861764686723
"36047034300","3034300","3","Brooklyn","034300","BK0802","Crown Heights (North)","BK08","BK08 Crown Heights (North) (CD 8 Approximation)",0.0625993111442166
"36047034500","3034500","3","Brooklyn","034500","BK0802","Crown Heights (North)","BK08","BK08 Crown Heights (North) (CD 8 Approximation)",0.0631286089147933
"36047034700","3034700","3","Brooklyn","034700","BK0802","Crown Heights (North)","BK08","BK08 Crown Heights (North) (CD 8 Approximation)",0.0539865620788612
"36047034800","3034800","3","Brooklyn","034800","BK1302","Coney Island-Sea Gate","BK13","BK13 Coney Island-Brighton Beach (CD 13 Approximation)",0.250574336335444
"36047034901","3034901","3","Brooklyn","034901","BK0802","Crown Heights (North)","BK08","BK08 Crown Heights (North) (CD 8 Approximation)",0.0270085287551629
"36047034902","3034902","3","Brooklyn","034902","BK0901","Crown Heights (South)","BK09","BK09 Crown Heights (South) (CD 9 Approximation)",0.0360096440133374
"36047035000","3035000","3","Brooklyn","035000","BK1302","Coney Island-Sea Gate","BK13","BK13 Coney Island-Brighton Beach (CD 13 Approximation)",0.0761609077739114
"36047035101","3035101","3","Brooklyn","035101","BK0802","Crown Heights (North)","BK08","BK08 Crown Heights (North) (CD 8 Approximation)",0.0269975775081399
"36047035102","3035102","3","Brooklyn","035102","BK0901","Crown Heights (South)","BK09","BK09 Crown Heights (South) (CD 9 Approximation)",0.0359605087040112
"36047035200","3035200","3","Brooklyn","035200","BK1302","Coney Island-Sea Gate","BK13","BK13 Coney Island-Brighton Beach (CD 13 Approximation)",0.382461718926585
"36047035301","3035301","3","Brooklyn","035301","BK0802","Crown Heights (North)","BK08","BK08 Crown Heights (North) (CD 8 Approximation)",0.0269834509479547
"36047035302","3035302","3","Brooklyn","035302","BK0901","Crown Heights (South)","BK09","BK09 Crown Heights (South) (CD 9 Approximation)",0.0359848671984057
"36047035500","3035500","3","Brooklyn","035500","BK0901","Crown Heights (South)","BK09","BK09 Crown Heights (South) (CD 9 Approximation)",0.0532852342114268
"36047035601","3035601","3","Brooklyn","035601","BK1302","Coney Island-Sea Gate","BK13","BK13 Coney Island-Brighton Beach (CD 13 Approximation)",0.0258070530774855
"36047035602","3035602","3","Brooklyn","035602","BK1302","Coney Island-Sea Gate","BK13","BK13 Coney Island-Brighton Beach (CD 13 Approximation)",0.0661454800628696
"36047035701","3035701","3","Brooklyn","035701","BK0802","Crown Heights (North)","BK08","BK08 Crown Heights (North) (CD 8 Approximation)",0.0269024685433286
"36047035702","3035702","3","Brooklyn","035702","BK0891","Lincoln Terrace Park","BK08","BK08 Crown Heights (North) (CD 8 Approximation)",0.0435685605861035
"36047035900","3035900","3","Brooklyn","035900","BK0802","Crown Heights (North)","BK08","BK08 Crown Heights (North) (CD 8 Approximation)",0.0701323949772977
"36047036001","3036001","3","Brooklyn","036001","BK1303","Brighton Beach","BK13","BK13 Coney Island-Brighton Beach (CD 13 Approximation)",0.0365509581773933
"36047036002","3036002","3","Brooklyn","036002","BK1303","Brighton Beach","BK13","BK13 Coney Island-Brighton Beach (CD 13 Approximation)",0.0331525728330423
"36047036100","3036100","3","Brooklyn","036100","BK1601","Ocean Hill","BK16","BK16 Ocean Hill-Brownsville (CD 16 Approximation)",0.0546813062626399
"36047036200","3036200","3","Brooklyn","036200","BK1303","Brighton Beach","BK13","BK13 Coney Island-Brighton Beach (CD 13 Approximation)",0.0661867544203778
"36047036300","3036300","3","Brooklyn","036300","BK1601","Ocean Hill","BK16","BK16 Ocean Hill-Brownsville (CD 16 Approximation)",0.0999674378089531
"36047036400","3036400","3","Brooklyn","036400","BK1303","Brighton Beach","BK13","BK13 Coney Island-Brighton Beach (CD 13 Approximation)",0.0552248184632331
"36047036501","3036501","3","Brooklyn","036501","BK1601","Ocean Hill","BK16","BK16 Ocean Hill-Brownsville (CD 16 Approximation)",0.0490460885693103
"36047036900","3036900","3","Brooklyn","036900","BK1601","Ocean Hill","BK16","BK16 Ocean Hill-Brownsville (CD 16 Approximation)",0.0872989458738026
"36047037000","3037000","3","Brooklyn","037000","BK1301","Gravesend (South)","BK13","BK13 Coney Island-Brighton Beach (CD 13 Approximation)",0.129773804161179
"36047037401","3037401","3","Brooklyn","037401","BK1301","Gravesend (South)","BK13","BK13 Coney Island-Brighton Beach (CD 13 Approximation)",0.0869093336898299
"36047037500","3037500","3","Brooklyn","037500","BK0302","Bedford-Stuyvesant (East)","BK03","BK03 Bedford-Stuyvesant (CD 3 Approximation)",0.0612888564001425
"36047037700","3037700","3","Brooklyn","037700","BK0302","Bedford-Stuyvesant (East)","BK03","BK03 Bedford-Stuyvesant (CD 3 Approximation)",0.0734462411823498
"36047037900","3037900","3","Brooklyn","037900","BK0302","Bedford-Stuyvesant (East)","BK03","BK03 Bedford-Stuyvesant (CD 3 Approximation)",0.0709598275730646
"36047038100","3038100","3","Brooklyn","038100","BK0302","Bedford-Stuyvesant (East)","BK03","BK03 Bedford-Stuyvesant (CD 3 Approximation)",0.0925154260638287
"36047038200","3038200","3","Brooklyn","038200","BK1301","Gravesend (South)","BK13","BK13 Coney Island-Brighton Beach (CD 13 Approximation)",0.0905555319366876
"36047038300","3038300","3","Brooklyn","038300","BK0302","Bedford-Stuyvesant (East)","BK03","BK03 Bedford-Stuyvesant (CD 3 Approximation)",0.0673822650759077
"36047038500","3038500","3","Brooklyn","038500","BK0302","Bedford-Stuyvesant (East)","BK03","BK03 Bedford-Stuyvesant (CD 3 Approximation)",0.0673564554275736
"36047038800","3038800","3","Brooklyn","038800","BK1501","Gravesend (East)-Homecrest","BK15","BK15 Sheepshead Bay-Gravesend (East) (CD 15 Approximation)",0.0764231279436527
"36047038900","3038900","3","Brooklyn","038900","BK0401","Bushwick (West)","BK04","BK04 Bushwick (CD 4 Equivalent)",0.0629000269566408
"36047039000","3039000","3","Brooklyn","039000","BK1501","Gravesend (East)-Homecrest","BK15","BK15 Sheepshead Bay-Gravesend (East) (CD 15 Approximation)",0.0671420054727967
"36047039200","3039200","3","Brooklyn","039200","BK1501","Gravesend (East)-Homecrest","BK15","BK15 Sheepshead Bay-Gravesend (East) (CD 15 Approximation)",0.0672802192164098
"36047039400","3039400","3","Brooklyn","039400","BK1501","Gravesend (East)-Homecrest","BK15","BK15 Sheepshead Bay-Gravesend (East) (CD 15 Approximation)",0.0741681197299033
"36047039600","3039600","3","Brooklyn","039600","BK1501","Gravesend (East)-Homecrest","BK15","BK15 Sheepshead Bay-Gravesend (East) (CD 15 Approximation)",0.0630530355033503
"36047039900","3039900","3","Brooklyn","039900","BK0402","Bushwick (East)","BK04","BK04 Bushwick (CD 4 Equivalent)",0.0583893085423588
"36047040200","3040200","3","Brooklyn","040200","BK1103","Gravesend (West)","BK11","BK11 Bensonhurst-Bath Beach (CD 11 Approximation)",0.0762660528260305
"36047040300","3040300","3","Brooklyn","040300","BK0402","Bushwick (East)","BK04","BK04 Bushwick (CD 4 Equivalent)",0.0792040778898881
"36047040400","3040400","3","Brooklyn","040400","BK1103","Gravesend (West)","BK11","BK11 Bensonhurst-Bath Beach (CD 11 Approximation)",0.0593234688678704
"36047040500","3040500","3","Brooklyn","040500","BK0402","Bushwick (East)","BK04","BK04 Bushwick (CD 4 Equivalent)",0.0536777231304986
"36047040600","3040600","3","Brooklyn","040600","BK1103","Gravesend (West)","BK11","BK11 Bensonhurst-Bath Beach (CD 11 Approximation)",0.056834316204129
"36047040700","3040700","3","Brooklyn","040700","BK0471","The Evergreens Cemetery","BK04","BK04 Bushwick (CD 4 Equivalent)",0.20034975227468
"36047040900","3040900","3","Brooklyn","040900","BK0402","Bushwick (East)","BK04","BK04 Bushwick (CD 4 Equivalent)",0.0636207941212274
"36047041100","3041100","3","Brooklyn","041100","BK0402","Bushwick (East)","BK04","BK04 Bushwick (CD 4 Equivalent)",0.0514240773075693
"36047041300","3041300","3","Brooklyn","041300","BK0402","Bushwick (East)","BK04","BK04 Bushwick (CD 4 Equivalent)",0.0626004509619913
"36047041401","3041401","3","Brooklyn","041401","BK1501","Gravesend (East)-Homecrest","BK15","BK15 Sheepshead Bay-Gravesend (East) (CD 15 Approximation)",0.0521617238295354
"36047041402","3041402","3","Brooklyn","041402","BK1501","Gravesend (East)-Homecrest","BK15","BK15 Sheepshead Bay-Gravesend (East) (CD 15 Approximation)",0.0595259288786453
"36047041500","3041500","3","Brooklyn","041500","BK0402","Bushwick (East)","BK04","BK04 Bushwick (CD 4 Equivalent)",0.062783172354546
"36047041600","3041600","3","Brooklyn","041600","BK1501","Gravesend (East)-Homecrest","BK15","BK15 Sheepshead Bay-Gravesend (East) (CD 15 Approximation)",0.0627647047172004
"36047041700","3041700","3","Brooklyn","041700","BK0402","Bushwick (East)","BK04","BK04 Bushwick (CD 4 Equivalent)",0.054500712192679
"36047041800","3041800","3","Brooklyn","041800","BK1501","Gravesend (East)-Homecrest","BK15","BK15 Sheepshead Bay-Gravesend (East) (CD 15 Approximation)",0.0636036781846953
"36047041900","3041900","3","Brooklyn","041900","BK0402","Bushwick (East)","BK04","BK04 Bushwick (CD 4 Equivalent)",0.0590721670865994
"36047042100","3042100","3","Brooklyn","042100","BK0401","Bushwick (West)","BK04","BK04 Bushwick (CD 4 Equivalent)",0.0592365739167776
"36047042500","3042500","3","Brooklyn","042500","BK0401","Bushwick (West)","BK04","BK04 Bushwick (CD 4 Equivalent)",0.0647949670870573
"36047042800","3042800","3","Brooklyn","042800","BK1103","Gravesend (West)","BK11","BK11 Bensonhurst-Bath Beach (CD 11 Approximation)",0.063604332890334
"36047042900","3042900","3","Brooklyn","042900","BK0401","Bushwick (West)","BK04","BK04 Bushwick (CD 4 Equivalent)",0.0649188338516235
"36047043000","3043000","3","Brooklyn","043000","BK1101","Bensonhurst","BK11","BK11 Bensonhurst-Bath Beach (CD 11 Approximation)",0.0617432986807841
"36047043100","3043100","3","Brooklyn","043100","BK0401","Bushwick (West)","BK04","BK04 Bushwick (CD 4 Equivalent)",0.064953614863861
"36047043200","3043200","3","Brooklyn","043200","BK1101","Bensonhurst","BK11","BK11 Bensonhurst-Bath Beach (CD 11 Approximation)",0.0571884483690387
"36047043300","3043300","3","Brooklyn","043300","BK0402","Bushwick (East)","BK04","BK04 Bushwick (CD 4 Equivalent)",0.0649598864816786
"36047043400","3043400","3","Brooklyn","043400","BK1101","Bensonhurst","BK11","BK11 Bensonhurst-Bath Beach (CD 11 Approximation)",0.0541338187790213
"36047043500","3043500","3","Brooklyn","043500","BK0402","Bushwick (East)","BK04","BK04 Bushwick (CD 4 Equivalent)",0.0649573216142738
"36047043600","3043600","3","Brooklyn","043600","BK1101","Bensonhurst","BK11","BK11 Bensonhurst-Bath Beach (CD 11 Approximation)",0.0530979339267161
"36047043700","3043700","3","Brooklyn","043700","BK0402","Bushwick (East)","BK04","BK04 Bushwick (CD 4 Equivalent)",0.0649243169188228
"36047043800","3043800","3","Brooklyn","043800","BK1204","Mapleton-Midwood (West)","BK12","BK12 Borough Park-Kensington (CD 12 Approximation)",0.0599581636041805
"36047044000","3044000","3","Brooklyn","044000","BK1204","Mapleton-Midwood (West)","BK12","BK12 Borough Park-Kensington (CD 12 Approximation)",0.0779650194790382
"36047044100","3044100","3","Brooklyn","044100","BK0401","Bushwick (West)","BK04","BK04 Bushwick (CD 4 Equivalent)",0.0548303884819129
"36047044200","3044200","3","Brooklyn","044200","BK1204","Mapleton-Midwood (West)","BK12","BK12 Borough Park-Kensington (CD 12 Approximation)",0.0706299793621138
"36047044300","3044300","3","Brooklyn","044300","BK0401","Bushwick (West)","BK04","BK04 Bushwick (CD 4 Equivalent)",0.0647723610552206
"36047044400","3044400","3","Brooklyn","044400","BK1204","Mapleton-Midwood (West)","BK12","BK12 Borough Park-Kensington (CD 12 Approximation)",0.067366716903977
"36047044500","3044500","3","Brooklyn","044500","BK0401","Bushwick (West)","BK04","BK04 Bushwick (CD 4 Equivalent)",0.0655505837294924
"36047044600","3044600","3","Brooklyn","044600","BK1204","Mapleton-Midwood (West)","BK12","BK12 Borough Park-Kensington (CD 12 Approximation)",0.0546472182983681
"36047044800","3044800","3","Brooklyn","044800","BK1204","Mapleton-Midwood (West)","BK12","BK12 Borough Park-Kensington (CD 12 Approximation)",0.0868047735890137
"36047045200","3045200","3","Brooklyn","045200","BK1204","Mapleton-Midwood (West)","BK12","BK12 Borough Park-Kensington (CD 12 Approximation)",0.071941000533507
"36047045400","3045400","3","Brooklyn","045400","BK1204","Mapleton-Midwood (West)","BK12","BK12 Borough Park-Kensington (CD 12 Approximation)",0.0510747943575066
"36047045600","3045600","3","Brooklyn","045600","BK1204","Mapleton-Midwood (West)","BK12","BK12 Borough Park-Kensington (CD 12 Approximation)",0.0593162714468525
"36047045800","3045800","3","Brooklyn","045800","BK1204","Mapleton-Midwood (West)","BK12","BK12 Borough Park-Kensington (CD 12 Approximation)",0.0691643342114862
"36047046000","3046000","3","Brooklyn","046000","BK1402","Flatbush (West)-Ditmas Park-Parkville","BK14","BK14 Flatbush-Midwood (CD 14 Approximation)",0.0756074301238583
"36047046800","3046800","3","Brooklyn","046800","BK1204","Mapleton-Midwood (West)","BK12","BK12 Borough Park-Kensington (CD 12 Approximation)",0.114552201153056
"36047047000","3047000","3","Brooklyn","047000","BK1202","Borough Park","BK12","BK12 Borough Park-Kensington (CD 12 Approximation)",0.0705291491173375
"36047047200","3047200","3","Brooklyn","047200","BK1202","Borough Park","BK12","BK12 Borough Park-Kensington (CD 12 Approximation)",0.0663814120032512
"36047047400","3047400","3","Brooklyn","047400","BK1202","Borough Park","BK12","BK12 Borough Park-Kensington (CD 12 Approximation)",0.0678993765507342
"36047048000","3048000","3","Brooklyn","048000","BK1402","Flatbush (West)-Ditmas Park-Parkville","BK14","BK14 Flatbush-Midwood (CD 14 Approximation)",0.0589619011213247
"36047048200","3048200","3","Brooklyn","048200","BK1402","Flatbush (West)-Ditmas Park-Parkville","BK14","BK14 Flatbush-Midwood (CD 14 Approximation)",0.076096324467942
"36047048400","3048400","3","Brooklyn","048400","BK1203","Kensington","BK12","BK12 Borough Park-Kensington (CD 12 Approximation)",0.0807730704969513
"36047048600","3048600","3","Brooklyn","048600","BK1203","Kensington","BK12","BK12 Borough Park-Kensington (CD 12 Approximation)",0.0677307226434638
"36047048800","3048800","3","Brooklyn","048800","BK1203","Kensington","BK12","BK12 Borough Park-Kensington (CD 12 Approximation)",0.0553426334160192
"36047048900","3048900","3","Brooklyn","048900","BK0104","East Williamsburg","BK01","BK01 Williamsburg-Greenpoint (CD 1 Equivalent)",0.0353605995121261
"36047049000","3049000","3","Brooklyn","049000","BK1203","Kensington","BK12","BK12 Borough Park-Kensington (CD 12 Approximation)",0.0744253559322916
"36047049301","3049301","3","Brooklyn","049301","BK0104","East Williamsburg","BK01","BK01 Williamsburg-Greenpoint (CD 1 Equivalent)",0.0261859665771121
"36047049400","3049400","3","Brooklyn","049400","BK1203","Kensington","BK12","BK12 Borough Park-Kensington (CD 12 Approximation)",0.0706947765178363
"36047049500","3049500","3","Brooklyn","049500","BK0104","East Williamsburg","BK01","BK01 Williamsburg-Greenpoint (CD 1 Equivalent)",0.0498496145736487
"36047049600","3049600","3","Brooklyn","049600","BK1203","Kensington","BK12","BK12 Borough Park-Kensington (CD 12 Approximation)",0.0783694586405298
"36047049800","3049800","3","Brooklyn","049800","BK1203","Kensington","BK12","BK12 Borough Park-Kensington (CD 12 Approximation)",0.0789056053719791
"36047050002","3050002","3","Brooklyn","050002","BK1203","Kensington","BK12","BK12 Borough Park-Kensington (CD 12 Approximation)",0.0237343643523834
"36047050300","3050300","3","Brooklyn","050300","BK0104","East Williamsburg","BK01","BK01 Williamsburg-Greenpoint (CD 1 Equivalent)",0.0483795697744486
"36047050402","3050402","3","Brooklyn","050402","BK1203","Kensington","BK12","BK12 Borough Park-Kensington (CD 12 Approximation)",0.032864494222043
"36047050500","3050500","3","Brooklyn","050500","BK0104","East Williamsburg","BK01","BK01 Williamsburg-Greenpoint (CD 1 Equivalent)",0.0654019868292866
"36047050801","3050801","3","Brooklyn","050801","BK1401","Flatbush","BK14","BK14 Flatbush-Midwood (CD 14 Approximation)",0.0302647730468998
"36047050804","3050804","3","Brooklyn","050804","BK1401","Flatbush","BK14","BK14 Flatbush-Midwood (CD 14 Approximation)",0.0398499937333163
"36047050900","3050900","3","Brooklyn","050900","BK0103","South Williamsburg","BK01","BK01 Williamsburg-Greenpoint (CD 1 Equivalent)",0.0547412665571517
"36047051001","3051001","3","Brooklyn","051001","BK1401","Flatbush","BK14","BK14 Flatbush-Midwood (CD 14 Approximation)",0.0297064621247413
"36047051002","3051002","3","Brooklyn","051002","BK1401","Flatbush","BK14","BK14 Flatbush-Midwood (CD 14 Approximation)",0.041326365576008
"36047051100","3051100","3","Brooklyn","051100","BK0104","East Williamsburg","BK01","BK01 Williamsburg-Greenpoint (CD 1 Equivalent)",0.0613933011378682
"36047051300","3051300","3","Brooklyn","051300","BK0102","Williamsburg","BK01","BK01 Williamsburg-Greenpoint (CD 1 Equivalent)",0.0995725444901803
"36047051400","3051400","3","Brooklyn","051400","BK1401","Flatbush","BK14","BK14 Flatbush-Midwood (CD 14 Approximation)",0.0699167258466911
"36047051601","3051601","3","Brooklyn","051601","BK1401","Flatbush","BK14","BK14 Flatbush-Midwood (CD 14 Approximation)",0.0447586722128793
"36047051700","3051700","3","Brooklyn","051700","BK0102","Williamsburg","BK01","BK01 Williamsburg-Greenpoint (CD 1 Equivalent)",0.0724688833258224
"36047051800","3051800","3","Brooklyn","051800","BK1402","Flatbush (West)-Ditmas Park-Parkville","BK14","BK14 Flatbush-Midwood (CD 14 Approximation)",0.0778421941879096
"36047051900","3051900","3","Brooklyn","051900","BK0102","Williamsburg","BK01","BK01 Williamsburg-Greenpoint (CD 1 Equivalent)",0.106140383128334
"36047052000","3052000","3","Brooklyn","052000","BK1402","Flatbush (West)-Ditmas Park-Parkville","BK14","BK14 Flatbush-Midwood (CD 14 Approximation)",0.0737699442387467
"36047052300","3052300","3","Brooklyn","052300","BK0102","Williamsburg","BK01","BK01 Williamsburg-Greenpoint (CD 1 Equivalent)",0.055811949028295
"36047052600","3052600","3","Brooklyn","052600","BK1402","Flatbush (West)-Ditmas Park-Parkville","BK14","BK14 Flatbush-Midwood (CD 14 Approximation)",0.0654105284879397
"36047052700","3052700","3","Brooklyn","052700","BK0102","Williamsburg","BK01","BK01 Williamsburg-Greenpoint (CD 1 Equivalent)",0.0734586684688995
"36047052800","3052800","3","Brooklyn","052800","BK1402","Flatbush (West)-Ditmas Park-Parkville","BK14","BK14 Flatbush-Midwood (CD 14 Approximation)",0.0678527856791039
"36047052900","3052900","3","Brooklyn","052900","BK0103","South Williamsburg","BK01","BK01 Williamsburg-Greenpoint (CD 1 Equivalent)",0.067528058852479
"36047053000","3053000","3","Brooklyn","053000","BK1403","Midwood","BK14","BK14 Flatbush-Midwood (CD 14 Approximation)",0.0667648953627353
"36047053101","3053101","3","Brooklyn","053101","BK0103","South Williamsburg","BK01","BK01 Williamsburg-Greenpoint (CD 1 Equivalent)",0.0304466042922895
"36047053102","3053102","3","Brooklyn","053102","BK0103","South Williamsburg","BK01","BK01 Williamsburg-Greenpoint (CD 1 Equivalent)",0.0320289318099971
"36047053200","3053200","3","Brooklyn","053200","BK1403","Midwood","BK14","BK14 Flatbush-Midwood (CD 14 Approximation)",0.067299140376618
"36047053300","3053300","3","Brooklyn","053300","BK0103","South Williamsburg","BK01","BK01 Williamsburg-Greenpoint (CD 1 Equivalent)",0.074566519610914
"36047053400","3053400","3","Brooklyn","053400","BK1403","Midwood","BK14","BK14 Flatbush-Midwood (CD 14 Approximation)",0.0669374365962166
"36047053800","3053800","3","Brooklyn","053800","BK1403","Midwood","BK14","BK14 Flatbush-Midwood (CD 14 Approximation)",0.063494170777197
"36047054400","3054400","3","Brooklyn","054400","BK1403","Midwood","BK14","BK14 Flatbush-Midwood (CD 14 Approximation)",0.0733642621598903
"36047054600","3054600","3","Brooklyn","054600","BK1403","Midwood","BK14","BK14 Flatbush-Midwood (CD 14 Approximation)",0.0696787213509665
"36047054800","3054800","3","Brooklyn","054800","BK1502","Madison","BK15","BK15 Sheepshead Bay-Gravesend (East) (CD 15 Approximation)",0.0668780262418931
"36047055000","3055000","3","Brooklyn","055000","BK1502","Madison","BK15","BK15 Sheepshead Bay-Gravesend (East) (CD 15 Approximation)",0.069488198017938
"36047055200","3055200","3","Brooklyn","055200","BK1502","Madison","BK15","BK15 Sheepshead Bay-Gravesend (East) (CD 15 Approximation)",0.0647469374155644
"36047055300","3055300","3","Brooklyn","055300","BK0102","Williamsburg","BK01","BK01 Williamsburg-Greenpoint (CD 1 Equivalent)",0.0603286853712878
"36047055600","3055600","3","Brooklyn","055600","BK1501","Gravesend (East)-Homecrest","BK15","BK15 Sheepshead Bay-Gravesend (East) (CD 15 Approximation)",0.0746092099631536
"36047055700","3055700","3","Brooklyn","055700","BK0102","Williamsburg","BK01","BK01 Williamsburg-Greenpoint (CD 1 Equivalent)",0.114609455549856
"36047055800","3055800","3","Brooklyn","055800","BK1502","Madison","BK15","BK15 Sheepshead Bay-Gravesend (East) (CD 15 Approximation)",0.0662639728807168
"36047056000","3056000","3","Brooklyn","056000","BK1502","Madison","BK15","BK15 Sheepshead Bay-Gravesend (East) (CD 15 Approximation)",0.0713257560139819
"36047056200","3056200","3","Brooklyn","056200","BK1502","Madison","BK15","BK15 Sheepshead Bay-Gravesend (East) (CD 15 Approximation)",0.0659577397837181
"36047056301","3056301","3","Brooklyn","056301","BK0101","Greenpoint","BK01","BK01 Williamsburg-Greenpoint (CD 1 Equivalent)",0.0693081139133086
"36047056400","3056400","3","Brooklyn","056400","BK1502","Madison","BK15","BK15 Sheepshead Bay-Gravesend (East) (CD 15 Approximation)",0.0707500728905354
"36047056600","3056600","3","Brooklyn","056600","BK1502","Madison","BK15","BK15 Sheepshead Bay-Gravesend (East) (CD 15 Approximation)",0.0662274179494506
"36047056800","3056800","3","Brooklyn","056800","BK1502","Madison","BK15","BK15 Sheepshead Bay-Gravesend (East) (CD 15 Approximation)",0.045482417133356
"36047057000","3057000","3","Brooklyn","057000","BK1503","Sheepshead Bay-Manhattan Beach-Gerritsen Beach","BK15","BK15 Sheepshead Bay-Gravesend (East) (CD 15 Approximation)",0.101321677006989
"36047057200","3057200","3","Brooklyn","057200","BK1503","Sheepshead Bay-Manhattan Beach-Gerritsen Beach","BK15","BK15 Sheepshead Bay-Gravesend (East) (CD 15 Approximation)",0.0940770751080271
"36047057400","3057400","3","Brooklyn","057400","BK1502","Madison","BK15","BK15 Sheepshead Bay-Gravesend (East) (CD 15 Approximation)",0.0614663784135737
"36047057600","3057600","3","Brooklyn","057600","BK1502","Madison","BK15","BK15 Sheepshead Bay-Gravesend (East) (CD 15 Approximation)",0.061241698753843
"36047057800","3057800","3","Brooklyn","057800","BK1502","Madison","BK15","BK15 Sheepshead Bay-Gravesend (East) (CD 15 Approximation)",0.0664951191009897
"36047058000","3058000","3","Brooklyn","058000","BK1502","Madison","BK15","BK15 Sheepshead Bay-Gravesend (East) (CD 15 Approximation)",0.0612582690544636
"36047058200","3058200","3","Brooklyn","058200","BK1501","Gravesend (East)-Homecrest","BK15","BK15 Sheepshead Bay-Gravesend (East) (CD 15 Approximation)",0.062351248388635
"36047058400","3058400","3","Brooklyn","058400","BK1501","Gravesend (East)-Homecrest","BK15","BK15 Sheepshead Bay-Gravesend (East) (CD 15 Approximation)",0.0727803104341282
"36047058600","3058600","3","Brooklyn","058600","BK1503","Sheepshead Bay-Manhattan Beach-Gerritsen Beach","BK15","BK15 Sheepshead Bay-Gravesend (East) (CD 15 Approximation)",0.0631175321842028
"36047058800","3058800","3","Brooklyn","058800","BK1501","Gravesend (East)-Homecrest","BK15","BK15 Sheepshead Bay-Gravesend (East) (CD 15 Approximation)",0.0616437690954237
"36047058901","3058901","3","Brooklyn","058901","BK0101","Greenpoint","BK01","BK01 Williamsburg-Greenpoint (CD 1 Equivalent)",0.0778462535964315
"36047058902","3058902","3","Brooklyn","058902","BK0101","Greenpoint","BK01","BK01 Williamsburg-Greenpoint (CD 1 Equivalent)",0.0862354716537005
"36047059000","3059000","3","Brooklyn","059000","BK1503","Sheepshead Bay-Manhattan Beach-Gerritsen Beach","BK15","BK15 Sheepshead Bay-Gravesend (East) (CD 15 Approximation)",0.0611258233191033
"36047059100","3059100","3","Brooklyn","059100","BK0101","Greenpoint","BK01","BK01 Williamsburg-Greenpoint (CD 1 Equivalent)",0.0739904318367638
"36047059200","3059200","3","Brooklyn","059200","BK1503","Sheepshead Bay-Manhattan Beach-Gerritsen Beach","BK15","BK15 Sheepshead Bay-Gravesend (East) (CD 15 Approximation)",0.0846574997765508
"36047059300","3059300","3","Brooklyn","059300","BK0101","Greenpoint","BK01","BK01 Williamsburg-Greenpoint (CD 1 Equivalent)",0.0729561907164895
"36047059403","3059403","3","Brooklyn","059403","BK1503","Sheepshead Bay-Manhattan Beach-Gerritsen Beach","BK15","BK15 Sheepshead Bay-Gravesend (East) (CD 15 Approximation)",0.0798276753388451
"36047059404","3059404","3","Brooklyn","059404","BK1503","Sheepshead Bay-Manhattan Beach-Gerritsen Beach","BK15","BK15 Sheepshead Bay-Gravesend (East) (CD 15 Approximation)",0.0825921075754457
"36047059800","3059800","3","Brooklyn","059800","BK1503","Sheepshead Bay-Manhattan Beach-Gerritsen Beach","BK15","BK15 Sheepshead Bay-Gravesend (East) (CD 15 Approximation)",0.076950176926617
"36047061002","3061002","3","Brooklyn","061002","BK1303","Brighton Beach","BK13","BK13 Coney Island-Brighton Beach (CD 13 Approximation)",0.0871804483967913
"36047061003","3061003","3","Brooklyn","061003","BK1303","Brighton Beach","BK13","BK13 Coney Island-Brighton Beach (CD 13 Approximation)",0.0324416061926049
"36047061004","3061004","3","Brooklyn","061004","BK1303","Brighton Beach","BK13","BK13 Coney Island-Brighton Beach (CD 13 Approximation)",0.0855471056450658
"36047061200","3061200","3","Brooklyn","061200","BK1503","Sheepshead Bay-Manhattan Beach-Gerritsen Beach","BK15","BK15 Sheepshead Bay-Gravesend (East) (CD 15 Approximation)",0.0764298581721395
"36047061600","3061600","3","Brooklyn","061600","BK1503","Sheepshead Bay-Manhattan Beach-Gerritsen Beach","BK15","BK15 Sheepshead Bay-Gravesend (East) (CD 15 Approximation)",0.281585577130934
"36047062000","3062000","3","Brooklyn","062000","BK1503","Sheepshead Bay-Manhattan Beach-Gerritsen Beach","BK15","BK15 Sheepshead Bay-Gravesend (East) (CD 15 Approximation)",0.123355171207995
"36047063200","3063200","3","Brooklyn","063200","BK1503","Sheepshead Bay-Manhattan Beach-Gerritsen Beach","BK15","BK15 Sheepshead Bay-Gravesend (East) (CD 15 Approximation)",0.0453431964063435
"36047063600","3063600","3","Brooklyn","063600","BK1802","Marine Park-Mill Basin-Bergen Beach","BK18","BK18 Canarsie-Flatlands (CD 18 Approximation)",0.044141350777859
"36047063800","3063800","3","Brooklyn","063800","BK1502","Madison","BK15","BK15 Sheepshead Bay-Gravesend (East) (CD 15 Approximation)",0.0537473837442813
"36047064000","3064000","3","Brooklyn","064000","BK1802","Marine Park-Mill Basin-Bergen Beach","BK18","BK18 Canarsie-Flatlands (CD 18 Approximation)",0.0592289316745312
"36047064200","3064200","3","Brooklyn","064200","BK1502","Madison","BK15","BK15 Sheepshead Bay-Gravesend (East) (CD 15 Approximation)",0.0907640816147354
"36047064400","3064400","3","Brooklyn","064400","BK1802","Marine Park-Mill Basin-Bergen Beach","BK18","BK18 Canarsie-Flatlands (CD 18 Approximation)",0.076973799868346
"36047064600","3064600","3","Brooklyn","064600","BK1802","Marine Park-Mill Basin-Bergen Beach","BK18","BK18 Canarsie-Flatlands (CD 18 Approximation)",0.0639464641838765
"36047064800","3064800","3","Brooklyn","064800","BK1802","Marine Park-Mill Basin-Bergen Beach","BK18","BK18 Canarsie-Flatlands (CD 18 Approximation)",0.05850799096661
"36047065000","3065000","3","Brooklyn","065000","BK1801","Flatlands","BK18","BK18 Canarsie-Flatlands (CD 18 Approximation)",0.064177194267158
"36047065200","3065200","3","Brooklyn","065200","BK1802","Marine Park-Mill Basin-Bergen Beach","BK18","BK18 Canarsie-Flatlands (CD 18 Approximation)",0.0675379716580194
"36047065400","3065400","3","Brooklyn","065400","BK1802","Marine Park-Mill Basin-Bergen Beach","BK18","BK18 Canarsie-Flatlands (CD 18 Approximation)",0.0585126530651233
"36047065600","3065600","3","Brooklyn","065600","BK1802","Marine Park-Mill Basin-Bergen Beach","BK18","BK18 Canarsie-Flatlands (CD 18 Approximation)",0.0592977801004285
"36047065800","3065800","3","Brooklyn","065800","BK1802","Marine Park-Mill Basin-Bergen Beach","BK18","BK18 Canarsie-Flatlands (CD 18 Approximation)",0.0592105008016992
"36047066000","3066000","3","Brooklyn","066000","BK1802","Marine Park-Mill Basin-Bergen Beach","BK18","BK18 Canarsie-Flatlands (CD 18 Approximation)",0.0588131401296406
"36047067000","3067000","3","Brooklyn","067000","BK1802","Marine Park-Mill Basin-Bergen Beach","BK18","BK18 Canarsie-Flatlands (CD 18 Approximation)",0.080479627819255
"36047067200","3067200","3","Brooklyn","067200","BK1801","Flatlands","BK18","BK18 Canarsie-Flatlands (CD 18 Approximation)",0.0670719229049361
"36047067400","3067400","3","Brooklyn","067400","BK1801","Flatlands","BK18","BK18 Canarsie-Flatlands (CD 18 Approximation)",0.0731716879928489
"36047068200","3068200","3","Brooklyn","068200","BK1801","Flatlands","BK18","BK18 Canarsie-Flatlands (CD 18 Approximation)",0.0780835380363503
"36047068600","3068600","3","Brooklyn","068600","BK1802","Marine Park-Mill Basin-Bergen Beach","BK18","BK18 Canarsie-Flatlands (CD 18 Approximation)",0.0571386133383891
"36047068800","3068800","3","Brooklyn","068800","BK1801","Flatlands","BK18","BK18 Canarsie-Flatlands (CD 18 Approximation)",0.0604918654064785
"36047069000","3069000","3","Brooklyn","069000","BK1801","Flatlands","BK18","BK18 Canarsie-Flatlands (CD 18 Approximation)",0.0667764383055867
"36047069601","3069601","3","Brooklyn","069601","BK1802","Marine Park-Mill Basin-Bergen Beach","BK18","BK18 Canarsie-Flatlands (CD 18 Approximation)",0.162572060353541
"36047069800","3069800","3","Brooklyn","069800","BK1802","Marine Park-Mill Basin-Bergen Beach","BK18","BK18 Canarsie-Flatlands (CD 18 Approximation)",0.194715899664927
"36047070000","3070000","3","Brooklyn","070000","BK1802","Marine Park-Mill Basin-Bergen Beach","BK18","BK18 Canarsie-Flatlands (CD 18 Approximation)",0.078091104967912
"36047070203","3070203","3","Brooklyn","070203","BK5692","Jamaica Bay (West)","BK56","BK56 Jamaica Bay (West) (JIA 56 Approximation)",1.4259438315139
"36047072000","3072000","3","Brooklyn","072000","BK1801","Flatlands","BK18","BK18 Canarsie-Flatlands (CD 18 Approximation)",0.0610468473380305
"36047072200","3072200","3","Brooklyn","072200","BK1801","Flatlands","BK18","BK18 Canarsie-Flatlands (CD 18 Approximation)",0.0993391801754381
"36047072400","3072400","3","Brooklyn","072400","BK1801","Flatlands","BK18","BK18 Canarsie-Flatlands (CD 18 Approximation)",0.0742133441779053
"36047072600","3072600","3","Brooklyn","072600","BK1801","Flatlands","BK18","BK18 Canarsie-Flatlands (CD 18 Approximation)",0.106280831095322
"36047072800","3072800","3","Brooklyn","072800","BK1801","Flatlands","BK18","BK18 Canarsie-Flatlands (CD 18 Approximation)",0.0818796894486623
"36047073200","3073200","3","Brooklyn","073200","BK1801","Flatlands","BK18","BK18 Canarsie-Flatlands (CD 18 Approximation)",0.0617838879612903
"36047073400","3073400","3","Brooklyn","073400","BK1801","Flatlands","BK18","BK18 Canarsie-Flatlands (CD 18 Approximation)",0.0583498777604456
"36047073800","3073800","3","Brooklyn","073800","BK1801","Flatlands","BK18","BK18 Canarsie-Flatlands (CD 18 Approximation)",0.069652244484556
"36047074000","3074000","3","Brooklyn","074000","BK1801","Flatlands","BK18","BK18 Canarsie-Flatlands (CD 18 Approximation)",0.0626974611412773
"36047074200","3074200","3","Brooklyn","074200","BK1801","Flatlands","BK18","BK18 Canarsie-Flatlands (CD 18 Approximation)",0.0672961526290516
"36047074400","3074400","3","Brooklyn","074400","BK1801","Flatlands","BK18","BK18 Canarsie-Flatlands (CD 18 Approximation)",0.0658646318092112
"36047074600","3074600","3","Brooklyn","074600","BK1801","Flatlands","BK18","BK18 Canarsie-Flatlands (CD 18 Approximation)",0.0778785626605808
"36047074800","3074800","3","Brooklyn","074800","BK1403","Midwood","BK14","BK14 Flatbush-Midwood (CD 14 Approximation)",0.0681664776039394
"36047075000","3075000","3","Brooklyn","075000","BK1403","Midwood","BK14","BK14 Flatbush-Midwood (CD 14 Approximation)",0.0669587611951691
"36047075200","3075200","3","Brooklyn","075200","BK1403","Midwood","BK14","BK14 Flatbush-Midwood (CD 14 Approximation)",0.0668656512474028
"36047075400","3075400","3","Brooklyn","075400","BK1403","Midwood","BK14","BK14 Flatbush-Midwood (CD 14 Approximation)",0.0669746225525024
"36047075600","3075600","3","Brooklyn","075600","BK1403","Midwood","BK14","BK14 Flatbush-Midwood (CD 14 Approximation)",0.0669994351004275
"36047075800","3075800","3","Brooklyn","075800","BK1403","Midwood","BK14","BK14 Flatbush-Midwood (CD 14 Approximation)",0.0792645228418099
"36047076000","3076000","3","Brooklyn","076000","BK1403","Midwood","BK14","BK14 Flatbush-Midwood (CD 14 Approximation)",0.0701098434492896
"36047076200","3076200","3","Brooklyn","076200","BK1403","Midwood","BK14","BK14 Flatbush-Midwood (CD 14 Approximation)",0.0726025644599153
"36047076400","3076400","3","Brooklyn","076400","BK1402","Flatbush (West)-Ditmas Park-Parkville","BK14","BK14 Flatbush-Midwood (CD 14 Approximation)",0.0624207182227337
"36047076600","3076600","3","Brooklyn","076600","BK1401","Flatbush","BK14","BK14 Flatbush-Midwood (CD 14 Approximation)",0.0318296644347533
"36047076800","3076800","3","Brooklyn","076800","BK1403","Midwood","BK14","BK14 Flatbush-Midwood (CD 14 Approximation)",0.117139386908542
"36047077000","3077000","3","Brooklyn","077000","BK1401","Flatbush","BK14","BK14 Flatbush-Midwood (CD 14 Approximation)",0.0631653451319027
"36047077200","3077200","3","Brooklyn","077200","BK1401","Flatbush","BK14","BK14 Flatbush-Midwood (CD 14 Approximation)",0.156103170565095
"36047077400","3077400","3","Brooklyn","077400","BK1401","Flatbush","BK14","BK14 Flatbush-Midwood (CD 14 Approximation)",0.0572786504646919
"36047077600","3077600","3","Brooklyn","077600","BK1801","Flatlands","BK18","BK18 Canarsie-Flatlands (CD 18 Approximation)",0.0720277808213561
"36047078000","3078000","3","Brooklyn","078000","BK1702","East Flatbush-Farragut","BK17","BK17 East Flatbush (CD 17 Approximation)",0.0635234038720999
"36047078200","3078200","3","Brooklyn","078200","BK1702","East Flatbush-Farragut","BK17","BK17 East Flatbush (CD 17 Approximation)",0.0649739631516295
"36047078400","3078400","3","Brooklyn","078400","BK1702","East Flatbush-Farragut","BK17","BK17 East Flatbush (CD 17 Approximation)",0.0646343190860513
"36047078601","3078601","3","Brooklyn","078601","BK1401","Flatbush","BK14","BK14 Flatbush-Midwood (CD 14 Approximation)",0.0333872295761652
"36047078602","3078602","3","Brooklyn","078602","BK1702","East Flatbush-Farragut","BK17","BK17 East Flatbush (CD 17 Approximation)",0.0324094468119759
"36047078801","3078801","3","Brooklyn","078801","BK1401","Flatbush","BK14","BK14 Flatbush-Midwood (CD 14 Approximation)",0.0358999939859512
"36047078802","3078802","3","Brooklyn","078802","BK1702","East Flatbush-Farragut","BK17","BK17 East Flatbush (CD 17 Approximation)",0.0247003183676087
"36047079001","3079001","3","Brooklyn","079001","BK1401","Flatbush","BK14","BK14 Flatbush-Midwood (CD 14 Approximation)",0.0233549416165357
"36047079002","3079002","3","Brooklyn","079002","BK1701","East Flatbush-Erasmus","BK17","BK17 East Flatbush (CD 17 Approximation)",0.0472945345313129
"36047079202","3079202","3","Brooklyn","079202","BK1701","East Flatbush-Erasmus","BK17","BK17 East Flatbush (CD 17 Approximation)",0.0416850422718724
"36047079400","3079400","3","Brooklyn","079400","BK1701","East Flatbush-Erasmus","BK17","BK17 East Flatbush (CD 17 Approximation)",0.0858000875473986
"36047079601","3079601","3","Brooklyn","079601","BK0902","Prospect Lefferts Gardens-Wingate","BK09","BK09 Crown Heights (South) (CD 9 Approximation)",0.0426264127066036
"36047079602","3079602","3","Brooklyn","079602","BK1401","Flatbush","BK14","BK14 Flatbush-Midwood (CD 14 Approximation)",0.0521377114906651
"36047079801","3079801","3","Brooklyn","079801","BK0902","Prospect Lefferts Gardens-Wingate","BK09","BK09 Crown Heights (South) (CD 9 Approximation)",0.0501187342239007
"36047080000","3080000","3","Brooklyn","080000","BK0902","Prospect Lefferts Gardens-Wingate","BK09","BK09 Crown Heights (South) (CD 9 Approximation)",0.0670536297185796
"36047080200","3080200","3","Brooklyn","080200","BK0902","Prospect Lefferts Gardens-Wingate","BK09","BK09 Crown Heights (South) (CD 9 Approximation)",0.0715295433194634
"36047080400","3080400","3","Brooklyn","080400","BK0902","Prospect Lefferts Gardens-Wingate","BK09","BK09 Crown Heights (South) (CD 9 Approximation)",0.0732662865025923
"36047080600","3080600","3","Brooklyn","080600","BK0902","Prospect Lefferts Gardens-Wingate","BK09","BK09 Crown Heights (South) (CD 9 Approximation)",0.064214035611811
"36047081000","3081000","3","Brooklyn","081000","BK0902","Prospect Lefferts Gardens-Wingate","BK09","BK09 Crown Heights (South) (CD 9 Approximation)",0.0627096783514009
"36047081400","3081400","3","Brooklyn","081400","BK1703","East Flatbush-Rugby","BK17","BK17 East Flatbush (CD 17 Approximation)",0.065712813397549
"36047081600","3081600","3","Brooklyn","081600","BK1701","East Flatbush-Erasmus","BK17","BK17 East Flatbush (CD 17 Approximation)",0.0693421818989874
"36047081800","3081800","3","Brooklyn","081800","BK1701","East Flatbush-Erasmus","BK17","BK17 East Flatbush (CD 17 Approximation)",0.0609628737322275
"36047082000","3082000","3","Brooklyn","082000","BK1701","East Flatbush-Erasmus","BK17","BK17 East Flatbush (CD 17 Approximation)",0.0573891131371764
"36047082200","3082200","3","Brooklyn","082200","BK1701","East Flatbush-Erasmus","BK17","BK17 East Flatbush (CD 17 Approximation)",0.0655501905298312
"36047082400","3082400","3","Brooklyn","082400","BK1701","East Flatbush-Erasmus","BK17","BK17 East Flatbush (CD 17 Approximation)",0.0827616974428695
"36047082600","3082600","3","Brooklyn","082600","BK1701","East Flatbush-Erasmus","BK17","BK17 East Flatbush (CD 17 Approximation)",0.0768643066425327
"36047082800","3082800","3","Brooklyn","082800","BK1701","East Flatbush-Erasmus","BK17","BK17 East Flatbush (CD 17 Approximation)",0.0605380558063359
"36047083000","3083000","3","Brooklyn","083000","BK1702","East Flatbush-Farragut","BK17","BK17 East Flatbush (CD 17 Approximation)",0.0779061317862603
"36047083200","3083200","3","Brooklyn","083200","BK1702","East Flatbush-Farragut","BK17","BK17 East Flatbush (CD 17 Approximation)",0.0562045540644798
"36047083400","3083400","3","Brooklyn","083400","BK1702","East Flatbush-Farragut","BK17","BK17 East Flatbush (CD 17 Approximation)",0.0486304117126481
"36047083600","3083600","3","Brooklyn","083600","BK1702","East Flatbush-Farragut","BK17","BK17 East Flatbush (CD 17 Approximation)",0.0803838974331733
"36047083800","3083800","3","Brooklyn","083800","BK1702","East Flatbush-Farragut","BK17","BK17 East Flatbush (CD 17 Approximation)",0.0644532605184978
"36047084000","3084000","3","Brooklyn","084000","BK1702","East Flatbush-Farragut","BK17","BK17 East Flatbush (CD 17 Approximation)",0.0656667088561404
"36047084600","3084600","3","Brooklyn","084600","BK1702","East Flatbush-Farragut","BK17","BK17 East Flatbush (CD 17 Approximation)",0.0637883326614951
"36047084800","3084800","3","Brooklyn","084800","BK1703","East Flatbush-Rugby","BK17","BK17 East Flatbush (CD 17 Approximation)",0.0530817639027217
"36047085000","3085000","3","Brooklyn","085000","BK1703","East Flatbush-Rugby","BK17","BK17 East Flatbush (CD 17 Approximation)",0.0558392251318988
"36047085200","3085200","3","Brooklyn","085200","BK1771","Holy Cross Cemetery","BK17","BK17 East Flatbush (CD 17 Approximation)",0.15339997070062
"36047085400","3085400","3","Brooklyn","085400","BK1702","East Flatbush-Farragut","BK17","BK17 East Flatbush (CD 17 Approximation)",0.0497087992643082
"36047085600","3085600","3","Brooklyn","085600","BK1701","East Flatbush-Erasmus","BK17","BK17 East Flatbush (CD 17 Approximation)",0.0609973589946963
"36047085800","3085800","3","Brooklyn","085800","BK1703","East Flatbush-Rugby","BK17","BK17 East Flatbush (CD 17 Approximation)",0.0534086786957776
"36047086000","3086000","3","Brooklyn","086000","BK1703","East Flatbush-Rugby","BK17","BK17 East Flatbush (CD 17 Approximation)",0.067420927279993
"36047086200","3086200","3","Brooklyn","086200","BK1703","East Flatbush-Rugby","BK17","BK17 East Flatbush (CD 17 Approximation)",0.0541178731798776
"36047086600","3086600","3","Brooklyn","086600","BK1703","East Flatbush-Rugby","BK17","BK17 East Flatbush (CD 17 Approximation)",0.0604152874481045
"36047086800","3086800","3","Brooklyn","086800","BK1703","East Flatbush-Rugby","BK17","BK17 East Flatbush (CD 17 Approximation)",0.0674134580575644
"36047087000","3087000","3","Brooklyn","087000","BK1703","East Flatbush-Rugby","BK17","BK17 East Flatbush (CD 17 Approximation)",0.0601305181761677
"36047087600","3087600","3","Brooklyn","087600","BK0902","Prospect Lefferts Gardens-Wingate","BK09","BK09 Crown Heights (South) (CD 9 Approximation)",0.0549146223066806
"36047087800","3087800","3","Brooklyn","087800","BK1703","East Flatbush-Rugby","BK17","BK17 East Flatbush (CD 17 Approximation)",0.058451551082975
"36047088001","3088001","3","Brooklyn","088001","BK0902","Prospect Lefferts Gardens-Wingate","BK09","BK09 Crown Heights (South) (CD 9 Approximation)",0.0313614128424799
"36047088002","3088002","3","Brooklyn","088002","BK1703","East Flatbush-Rugby","BK17","BK17 East Flatbush (CD 17 Approximation)",0.0390572600138804
"36047088200","3088200","3","Brooklyn","088200","BK1704","East Flatbush-Remsen Village","BK17","BK17 East Flatbush (CD 17 Approximation)",0.07848543025039
"36047088400","3088400","3","Brooklyn","088400","BK1704","East Flatbush-Remsen Village","BK17","BK17 East Flatbush (CD 17 Approximation)",0.06448510522639
"36047088800","3088800","3","Brooklyn","088800","BK1704","East Flatbush-Remsen Village","BK17","BK17 East Flatbush (CD 17 Approximation)",0.0777067567630723
"36047089000","3089000","3","Brooklyn","089000","BK1704","East Flatbush-Remsen Village","BK17","BK17 East Flatbush (CD 17 Approximation)",0.0958494829836933
"36047089200","3089200","3","Brooklyn","089200","BK1704","East Flatbush-Remsen Village","BK17","BK17 East Flatbush (CD 17 Approximation)",0.0693161037107698
"36047089400","3089400","3","Brooklyn","089400","BK1602","Brownsville","BK16","BK16 Ocean Hill-Brownsville (CD 16 Approximation)",0.066483649838566
"36047089600","3089600","3","Brooklyn","089600","BK1602","Brownsville","BK16","BK16 Ocean Hill-Brownsville (CD 16 Approximation)",0.0576046813840712
"36047089800","3089800","3","Brooklyn","089800","BK1602","Brownsville","BK16","BK16 Ocean Hill-Brownsville (CD 16 Approximation)",0.0595950567611263
"36047090000","3090000","3","Brooklyn","090000","BK1602","Brownsville","BK16","BK16 Ocean Hill-Brownsville (CD 16 Approximation)",0.09488821665429
"36047090200","3090200","3","Brooklyn","090200","BK1602","Brownsville","BK16","BK16 Ocean Hill-Brownsville (CD 16 Approximation)",0.0735735927124191
"36047090600","3090600","3","Brooklyn","090600","BK1602","Brownsville","BK16","BK16 Ocean Hill-Brownsville (CD 16 Approximation)",0.0756055825050026
"36047091200","3091200","3","Brooklyn","091200","BK1602","Brownsville","BK16","BK16 Ocean Hill-Brownsville (CD 16 Approximation)",0.0645830518690722
"36047091600","3091600","3","Brooklyn","091600","BK1602","Brownsville","BK16","BK16 Ocean Hill-Brownsville (CD 16 Approximation)",0.0832566852089259
"36047091800","3091800","3","Brooklyn","091800","BK1602","Brownsville","BK16","BK16 Ocean Hill-Brownsville (CD 16 Approximation)",0.0809237365524663
"36047092400","3092400","3","Brooklyn","092400","BK1602","Brownsville","BK16","BK16 Ocean Hill-Brownsville (CD 16 Approximation)",0.0971751063485146
"36047093000","3093000","3","Brooklyn","093000","BK1704","East Flatbush-Remsen Village","BK17","BK17 East Flatbush (CD 17 Approximation)",0.0749830744126097
"36047093200","3093200","3","Brooklyn","093200","BK1702","East Flatbush-Farragut","BK17","BK17 East Flatbush (CD 17 Approximation)",0.108272535766987
"36047093800","3093800","3","Brooklyn","093800","BK1703","East Flatbush-Rugby","BK17","BK17 East Flatbush (CD 17 Approximation)",0.0506278538274186
"36047094401","3094401","3","Brooklyn","094401","BK1801","Flatlands","BK18","BK18 Canarsie-Flatlands (CD 18 Approximation)",0.140143115550896
"36047094600","3094600","3","Brooklyn","094600","BK1703","East Flatbush-Rugby","BK17","BK17 East Flatbush (CD 17 Approximation)",0.111559669675589
"36047095600","3095600","3","Brooklyn","095600","BK1803","Canarsie","BK18","BK18 Canarsie-Flatlands (CD 18 Approximation)",0.0917492016075361
"36047095800","3095800","3","Brooklyn","095800","BK1803","Canarsie","BK18","BK18 Canarsie-Flatlands (CD 18 Approximation)",0.090513433666464
"36047096200","3096200","3","Brooklyn","096200","BK1803","Canarsie","BK18","BK18 Canarsie-Flatlands (CD 18 Approximation)",0.0688964603226231
"36047096400","3096400","3","Brooklyn","096400","BK1803","Canarsie","BK18","BK18 Canarsie-Flatlands (CD 18 Approximation)",0.0681814747857256
"36047096600","3096600","3","Brooklyn","096600","BK1803","Canarsie","BK18","BK18 Canarsie-Flatlands (CD 18 Approximation)",0.0699759294694907
"36047096800","3096800","3","Brooklyn","096800","BK1803","Canarsie","BK18","BK18 Canarsie-Flatlands (CD 18 Approximation)",0.0575285786750828
"36047097000","3097000","3","Brooklyn","097000","BK1803","Canarsie","BK18","BK18 Canarsie-Flatlands (CD 18 Approximation)",0.0631069426509118
"36047097400","3097400","3","Brooklyn","097400","BK1803","Canarsie","BK18","BK18 Canarsie-Flatlands (CD 18 Approximation)",0.0972815055302004
"36047098400","3098400","3","Brooklyn","098400","BK1803","Canarsie","BK18","BK18 Canarsie-Flatlands (CD 18 Approximation)",0.0435738068939989
"36047098600","3098600","3","Brooklyn","098600","BK1803","Canarsie","BK18","BK18 Canarsie-Flatlands (CD 18 Approximation)",0.0601826266170662
"36047098800","3098800","3","Brooklyn","098800","BK1803","Canarsie","BK18","BK18 Canarsie-Flatlands (CD 18 Approximation)",0.0625301271676822
"36047099000","3099000","3","Brooklyn","099000","BK1803","Canarsie","BK18","BK18 Canarsie-Flatlands (CD 18 Approximation)",0.0632070567783069
"36047099200","3099200","3","Brooklyn","099200","BK1803","Canarsie","BK18","BK18 Canarsie-Flatlands (CD 18 Approximation)",0.0519744302002681
"36047099400","3099400","3","Brooklyn","099400","BK1803","Canarsie","BK18","BK18 Canarsie-Flatlands (CD 18 Approximation)",0.0671673229957742
"36047100400","3100400","3","Brooklyn","100400","BK1803","Canarsie","BK18","BK18 Canarsie-Flatlands (CD 18 Approximation)",0.0509894553227571
"36047100600","3100600","3","Brooklyn","100600","BK1803","Canarsie","BK18","BK18 Canarsie-Flatlands (CD 18 Approximation)",0.0587250384814732
"36047100800","3100800","3","Brooklyn","100800","BK1803","Canarsie","BK18","BK18 Canarsie-Flatlands (CD 18 Approximation)",0.0574935821774157
"36047101000","3101000","3","Brooklyn","101000","BK1803","Canarsie","BK18","BK18 Canarsie-Flatlands (CD 18 Approximation)",0.0661585144421017
"36047101200","3101200","3","Brooklyn","101200","BK1803","Canarsie","BK18","BK18 Canarsie-Flatlands (CD 18 Approximation)",0.0620790273766048
"36047101400","3101400","3","Brooklyn","101400","BK1803","Canarsie","BK18","BK18 Canarsie-Flatlands (CD 18 Approximation)",0.0598322859084743
"36047101600","3101600","3","Brooklyn","101600","BK1803","Canarsie","BK18","BK18 Canarsie-Flatlands (CD 18 Approximation)",0.0434051140215396
"36047101800","3101800","3","Brooklyn","101800","BK1803","Canarsie","BK18","BK18 Canarsie-Flatlands (CD 18 Approximation)",0.0940967363372479
"36047102000","3102000","3","Brooklyn","102000","BK1803","Canarsie","BK18","BK18 Canarsie-Flatlands (CD 18 Approximation)",0.0606559839919912
"36047102200","3102200","3","Brooklyn","102200","BK1803","Canarsie","BK18","BK18 Canarsie-Flatlands (CD 18 Approximation)",0.0628655682946454
"36047102400","3102400","3","Brooklyn","102400","BK1803","Canarsie","BK18","BK18 Canarsie-Flatlands (CD 18 Approximation)",0.0552479270597559
"36047102600","3102600","3","Brooklyn","102600","BK1803","Canarsie","BK18","BK18 Canarsie-Flatlands (CD 18 Approximation)",0.0524427343450217
"36047102801","3102801","3","Brooklyn","102801","BK1803","Canarsie","BK18","BK18 Canarsie-Flatlands (CD 18 Approximation)",0.0595731936973225
"36047103401","3103401","3","Brooklyn","103401","BK1803","Canarsie","BK18","BK18 Canarsie-Flatlands (CD 18 Approximation)",0.0680025704966494
"36047110600","3110600","3","Brooklyn","110600","BK0503","East New York-New Lots","BK05","BK05 East New York-Cypress Hills (CD 5 Approximation)",0.0660485353953918
"36047111000","3111000","3","Brooklyn","111000","BK0503","East New York-New Lots","BK05","BK05 East New York-Cypress Hills (CD 5 Approximation)",0.0483667143265301
"36047111600","3111600","3","Brooklyn","111600","BK0503","East New York-New Lots","BK05","BK05 East New York-Cypress Hills (CD 5 Approximation)",0.192835062305415
"36047112200","3112200","3","Brooklyn","112200","BK0503","East New York-New Lots","BK05","BK05 East New York-Cypress Hills (CD 5 Approximation)",0.0626694939123706
"36047112400","3112400","3","Brooklyn","112400","BK0503","East New York-New Lots","BK05","BK05 East New York-Cypress Hills (CD 5 Approximation)",0.0686677802459124
"36047112600","3112600","3","Brooklyn","112600","BK0503","East New York-New Lots","BK05","BK05 East New York-Cypress Hills (CD 5 Approximation)",0.065048271919972
"36047112800","3112800","3","Brooklyn","112800","BK0503","East New York-New Lots","BK05","BK05 East New York-Cypress Hills (CD 5 Approximation)",0.0711229267386354
"36047113000","3113000","3","Brooklyn","113000","BK0503","East New York-New Lots","BK05","BK05 East New York-Cypress Hills (CD 5 Approximation)",0.0748349349340024
"36047113400","3113400","3","Brooklyn","113400","BK0502","East New York (North)","BK05","BK05 East New York-Cypress Hills (CD 5 Approximation)",0.0592282916166809
"36047114202","3114202","3","Brooklyn","114202","BK0501","Cypress Hills","BK05","BK05 East New York-Cypress Hills (CD 5 Approximation)",0.0461552934957009
"36047115000","3115000","3","Brooklyn","115000","BK0502","East New York (North)","BK05","BK05 East New York-Cypress Hills (CD 5 Approximation)",0.061098320659564
"36047115600","3115600","3","Brooklyn","115600","BK0502","East New York (North)","BK05","BK05 East New York-Cypress Hills (CD 5 Approximation)",0.061730484766864
"36047115800","3115800","3","Brooklyn","115800","BK0502","East New York (North)","BK05","BK05 East New York-Cypress Hills (CD 5 Approximation)",0.0598378881970577
"36047116000","3116000","3","Brooklyn","116000","BK0502","East New York (North)","BK05","BK05 East New York-Cypress Hills (CD 5 Approximation)",0.0584617042962065
"36047116200","3116200","3","Brooklyn","116200","BK0502","East New York (North)","BK05","BK05 East New York-Cypress Hills (CD 5 Approximation)",0.0553767889283127
"36047116400","3116400","3","Brooklyn","116400","BK0502","East New York (North)","BK05","BK05 East New York-Cypress Hills (CD 5 Approximation)",0.0701058582032525
"36047116600","3116600","3","Brooklyn","116600","BK0502","East New York (North)","BK05","BK05 East New York-Cypress Hills (CD 5 Approximation)",0.0615444859341681
"36047116800","3116800","3","Brooklyn","116800","BK0501","Cypress Hills","BK05","BK05 East New York-Cypress Hills (CD 5 Approximation)",0.0555722046211912
"36047117000","3117000","3","Brooklyn","117000","BK0501","Cypress Hills","BK05","BK05 East New York-Cypress Hills (CD 5 Approximation)",0.0593267831287077
"36047117201","3117201","3","Brooklyn","117201","BK0501","Cypress Hills","BK05","BK05 East New York-Cypress Hills (CD 5 Approximation)",0.0498601255537048
"36047117202","3117202","3","Brooklyn","117202","BK0501","Cypress Hills","BK05","BK05 East New York-Cypress Hills (CD 5 Approximation)",0.0586338213469426
"36047117400","3117400","3","Brooklyn","117400","BK0501","Cypress Hills","BK05","BK05 East New York-Cypress Hills (CD 5 Approximation)",0.0823268241125656
"36047117601","3117601","3","Brooklyn","117601","BK0501","Cypress Hills","BK05","BK05 East New York-Cypress Hills (CD 5 Approximation)",0.0588266329654185
"36047117800","3117800","3","Brooklyn","117800","BK0501","Cypress Hills","BK05","BK05 East New York-Cypress Hills (CD 5 Approximation)",0.0548241495623824
"36047118000","3118000","3","Brooklyn","118000","BK0571","Highland Park-Cypress Hills Cemeteries (South)","BK05","BK05 East New York-Cypress Hills (CD 5 Approximation)",0.290581680827541
"36047118201","3118201","3","Brooklyn","118201","BK0501","Cypress Hills","BK05","BK05 East New York-Cypress Hills (CD 5 Approximation)",0.0487961136745629
"36047119000","3119000","3","Brooklyn","119000","BK0505","East New York-City Line","BK05","BK05 East New York-Cypress Hills (CD 5 Approximation)",0.054186411613437
"36047119200","3119200","3","Brooklyn","119200","BK0502","East New York (North)","BK05","BK05 East New York-Cypress Hills (CD 5 Approximation)",0.0868586304669714
"36047119400","3119400","3","Brooklyn","119400","BK0502","East New York (North)","BK05","BK05 East New York-Cypress Hills (CD 5 Approximation)",0.070468260314422
"36047119600","3119600","3","Brooklyn","119600","BK0505","East New York-City Line","BK05","BK05 East New York-Cypress Hills (CD 5 Approximation)",0.118044398681133
"36047120801","3120801","3","Brooklyn","120801","BK0505","East New York-City Line","BK05","BK05 East New York-Cypress Hills (CD 5 Approximation)",0.077766261279314
"36047120802","3120802","3","Brooklyn","120802","BK0505","East New York-City Line","BK05","BK05 East New York-Cypress Hills (CD 5 Approximation)",0.0454962976629987
"36047121000","3121000","3","Brooklyn","121000","BK0505","East New York-City Line","BK05","BK05 East New York-Cypress Hills (CD 5 Approximation)",0.0615815577803361
"36047121400","3121400","3","Brooklyn","121400","BK0505","East New York-City Line","BK05","BK05 East New York-Cypress Hills (CD 5 Approximation)",0.0668642108832029
"36047123700","3123700","3","Brooklyn","123700","BK0301","Bedford-Stuyvesant (West)","BK03","BK03 Bedford-Stuyvesant (CD 3 Approximation)",0.124091113963927
"36081032000","4032000","4","Queens","032000","QN1306","Springfield Gardens (South)-Brookville","QN13","QN13 Queens Village-Bellerose-Rosedale (CD 13 Approximation)",0.408896802749244
"36081068000","4068000","4","Queens","068000","QN1306","Springfield Gardens (South)-Brookville","QN13","QN13 Queens Village-Bellerose-Rosedale (CD 13 Approximation)",0.296646060936985
"36081048302","4048302","4","Queens","048302","QN0203","Woodside","QN02","QN02 Long Island City-Sunnyside-Woodside (CD 2 Approximation)",0.052119618206661
"36005014100","2014100","2","Bronx","014100","BX0301","Morrisania","BX03","BX03 Morrisania-Crotona Park East (CD 3 Approximation)",0.0684125309173419
"36081024500","4024500","4","Queens","024500","QN0203","Woodside","QN02","QN02 Long Island City-Sunnyside-Woodside (CD 2 Approximation)",0.0995340794483075
"36081024700","4024700","4","Queens","024700","QN0203","Woodside","QN02","QN02 Long Island City-Sunnyside-Woodside (CD 2 Approximation)",0.0376874624749229
"36047007500","3007500","3","Brooklyn","007500","BK0601","Carroll Gardens-Cobble Hill-Gowanus-Red Hook","BK06","BK06 Park Slope-Carroll Gardens (CD 6 Approximation)",0.109492647101703
"36081056800","4056800","4","Queens","056800","QN1303","Queens Village","QN13","QN13 Queens Village-Bellerose-Rosedale (CD 13 Approximation)",0.327748593826846
"36081058000","4058000","4","Queens","058000","QN1303","Queens Village","QN13","QN13 Queens Village-Bellerose-Rosedale (CD 13 Approximation)",0.212243426318847
"36081013700","4013700","4","Queens","013700","QN0101","Astoria (North)-Ditmars-Steinway","QN01","QN01 Astoria-Queensbridge (CD 1 Equivalent)",0.0772403405991334
"36081014100","4014100","4","Queens","014100","QN0104","Astoria (East)-Woodside (North)","QN01","QN01 Astoria-Queensbridge (CD 1 Equivalent)",0.0660436879249769
"36047105804","3105804","3","Brooklyn","105804","BK0504","Spring Creek-Starrett City","BK05","BK05 East New York-Cypress Hills (CD 5 Approximation)",0.255618563320232
"36047107002","3107002","3","Brooklyn","107002","BK5693","Shirley Chisholm State Park","BK56","BK56 Jamaica Bay (West) (JIA 56 Approximation)",0.655872093047048
"36005037600","2037600","2","Bronx","037600","BX1201","Williamsbridge-Olinville","BX12","BX12 Wakefield-Williamsbridge-Eastchester (CD 12 Approximation)",0.0481163855656344
"36005017300","2017300","2","Bronx","017300","BX0401","Concourse-Concourse Village","BX04","BX04 Highbridge-Concourse (CD 4 Approximation)",0.0636358896777695
"36005034500","2034500","2","Bronx","034500","BX0803","Riverdale-Spuyten Duyvil","BX08","BX08 Riverdale-Kingsbridge-Marble Hill (CD 8 Approximation)",0.106396730826484
"36081051100","4051100","4","Queens","051100","QN0501","Maspeth","QN05","QN05 Ridgewood-Maspeth-Middle Village (CD 5 Approximation)",0.105865775947756
"36005003700","2003700","2","Bronx","003700","BX0101","Mott Haven-Port Morris","BX01","BX01 Melrose-Mott Haven-Port Morris (CD 1 Approximation)",0.0641121679299344
"36061014700","1014700","1","Manhattan","014700","MN0701","Upper West Side-Lincoln Square","MN07","MN07 Upper West Side (CD 7 Approximation)",0.0252506341945398
"36061015102","1015102","1","Manhattan","015102","MN0701","Upper West Side-Lincoln Square","MN07","MN07 Upper West Side (CD 7 Approximation)",0.0857823439409924
"36061008601","1008601","1","Manhattan","008601","MN0603","Murray Hill-Kips Bay","MN06","MN06 East Midtown-Murray Hill (CD 6 Approximation)",0.0444580785556973
"36061008800","1008800","1","Manhattan","008800","MN0603","Murray Hill-Kips Bay","MN06","MN06 East Midtown-Murray Hill (CD 6 Approximation)",0.0691952055887282
"36061008602","1008602","1","Manhattan","008602","MN0661","United Nations","MN06","MN06 East Midtown-Murray Hill (CD 6 Approximation)",0.0391434378955992
"36047050803","3050803","3","Brooklyn","050803","BK1401","Flatbush","BK14","BK14 Flatbush-Midwood (CD 14 Approximation)",0.0216292916200363
"36047079802","3079802","3","Brooklyn","079802","BK0902","Prospect Lefferts Gardens-Wingate","BK09","BK09 Crown Heights (South) (CD 9 Approximation)",0.0410788950963395
"36005005300","2005300","2","Bronx","005300","BX0501","University Heights (South)-Morris Heights","BX05","BX05 Morris Heights-Mount Hope (CD 5 Approximation)",0.0325758641394362
"36081089201","4089201","4","Queens","089201","QN1003","Howard Beach-Lindenwood","QN10","QN10 South Ozone Park-Howard Beach (CD 10 Approximation)",0.687185117257136
"36081006201","4006201","4","Queens","006201","QN1003","Howard Beach-Lindenwood","QN10","QN10 South Ozone Park-Howard Beach (CD 10 Approximation)",0.155390236829135
"36081088400","4088400","4","Queens","088400","QN1003","Howard Beach-Lindenwood","QN10","QN10 South Ozone Park-Howard Beach (CD 10 Approximation)",0.59803838577211
"36005005902","2005902","2","Bronx","005902","BX0401","Concourse-Concourse Village","BX04","BX04 Highbridge-Concourse (CD 4 Approximation)",0.0274338736225948
"36085005901","5005901","5","Staten Island","005901","SI0104","West New Brighton-Silver Lake-Grymes Hill","SI01","SI01 North Shore (CD 1 Equivalent)",0.362812517663893
"36047051200","3051200","3","Brooklyn","051200","BK1401","Flatbush","BK14","BK14 Flatbush-Midwood (CD 14 Approximation)",0.0540295368394328
"36005016600","2016600","2","Bronx","016600","BX1002","Throgs Neck-Schuylerville","BX10","BX10 Co-op City-Throgs Neck (CD 10 Approximation)",0.110389280305796
"36081049900","4049900","4","Queens","049900","QN0401","Elmhurst","QN04","QN04 Elmhurst-Corona (CD 4 Approximation)",0.177968521662435
"36081050700","4050700","4","Queens","050700","QN0504","Middle Village","QN05","QN05 Ridgewood-Maspeth-Middle Village (CD 5 Approximation)",0.143692751530138
"36047006300","3006300","3","Brooklyn","006300","BK0601","Carroll Gardens-Cobble Hill-Gowanus-Red Hook","BK06","BK06 Park Slope-Carroll Gardens (CD 6 Approximation)",0.0387853896189335
"36047005100","3005100","3","Brooklyn","005100","BK0601","Carroll Gardens-Cobble Hill-Gowanus-Red Hook","BK06","BK06 Park Slope-Carroll Gardens (CD 6 Approximation)",0.070631949028885
"36047005900","3005900","3","Brooklyn","005900","BK0601","Carroll Gardens-Cobble Hill-Gowanus-Red Hook","BK06","BK06 Park Slope-Carroll Gardens (CD 6 Approximation)",0.13785772389162
"36085024700","5024700","5","Staten Island","024700","SI0106","Port Richmond","SI01","SI01 North Shore (CD 1 Equivalent)",0.185598070440671
"36047036600","3036600","3","Brooklyn","036600","BK1303","Brighton Beach","BK13","BK13 Coney Island-Brighton Beach (CD 13 Approximation)",0.0902654440473207
"36081003900","4003900","4","Queens","003900","QN0105","Queensbridge-Ravenswood-Dutch Kills","QN01","QN01 Astoria-Queensbridge (CD 1 Equivalent)",0.0566985182749811
"36085029106","5029106","5","Staten Island","029106","SI0204","New Springville-Willowbrook-Bulls Head-Travis","SI02","SI02 Mid-Island (CD 2 Approximation)",0.16675315859292
"36085013203","5013203","5","Staten Island","013203","SI0302","Great Kills-Eltingville","SI03","SI03 South Shore (CD 3 Approximation)",0.399031185947615
"36061012901","1012901","1","Manhattan","012901","MN0402","Hell's Kitchen","MN04","MN04 Chelsea-Hell's Kitchen (CD 4 Approximation)",0.0826127417401962
"36081056400","4056400","4","Queens","056400","QN1303","Queens Village","QN13","QN13 Queens Village-Bellerose-Rosedale (CD 13 Approximation)",0.0726581440578377
"36061023900","1023900","1","Manhattan","023900","MN1201","Washington Heights (South)","MN12","MN12 Washington Heights-Inwood (CD 12 Equivalent)",0.0246736215884813
"36047054500","3054500","3","Brooklyn","054500","BK0103","South Williamsburg","BK01","BK01 Williamsburg-Greenpoint (CD 1 Equivalent)",0.0646301495920515
"36047069602","3069602","3","Brooklyn","069602","BK1802","Marine Park-Mill Basin-Bergen Beach","BK18","BK18 Canarsie-Flatlands (CD 18 Approximation)",0.282959079509069
"36047070601","3070601","3","Brooklyn","070601","BK1802","Marine Park-Mill Basin-Bergen Beach","BK18","BK18 Canarsie-Flatlands (CD 18 Approximation)",0.162712631891137
"36085017016","5017016","5","Staten Island","017016","SI0303","Arden Heights-Rossville","SI03","SI03 South Shore (CD 3 Approximation)",0.256168191255978
"36005006200","2006200","2","Bronx","006200","BX0901","Soundview-Bruckner-Bronx River","BX09","BX09 Soundview-Parkchester (CD 9 Approximation)",0.0744267416442003
"36081127700","4127700","4","Queens","127700","QN0804","Jamaica Estates-Holliswood","QN08","QN08 Fresh Meadows-Hillcrest-Briarwood (CD 8 Approximation)",0.41269263991643
"36081138502","4138502","4","Queens","138502","QN1191","Alley Pond Park","QN11","QN11 Auburndale-Bayside-Douglaston (CD 11 Approximation)",0.937367744852845
"36081152901","4152901","4","Queens","152901","QN1103","Douglaston-Little Neck","QN11","QN11 Auburndale-Bayside-Douglaston (CD 11 Approximation)",0.540387574594399
"36047010100","3010100","3","Brooklyn","010100","BK0702","Sunset Park (West)","BK07","BK07 Sunset Park-Windsor Terrace (CD 7 Approximation)",0.121730229987644
"36081048900","4048900","4","Queens","048900","QN0203","Woodside","QN02","QN02 Long Island City-Sunnyside-Woodside (CD 2 Approximation)",0.139996067678916
"36047014500","3014500","3","Brooklyn","014500","BK0702","Sunset Park (West)","BK07","BK07 Sunset Park-Windsor Terrace (CD 7 Approximation)",0.0831269320639515
"36047011700","3011700","3","Brooklyn","011700","BK0601","Carroll Gardens-Cobble Hill-Gowanus-Red Hook","BK06","BK06 Park Slope-Carroll Gardens (CD 6 Approximation)",0.0775963033949227
"36047014300","3014300","3","Brooklyn","014300","BK0702","Sunset Park (West)","BK07","BK07 Sunset Park-Windsor Terrace (CD 7 Approximation)",0.0837729351133876
"36005021001","2021001","2","Bronx","021001","BX0904","Parkchester","BX09","BX09 Soundview-Parkchester (CD 9 Approximation)",0.0745050096042934
"36047038700","3038700","3","Brooklyn","038700","BK0302","Bedford-Stuyvesant (East)","BK03","BK03 Bedford-Stuyvesant (CD 3 Approximation)",0.0727447571317166
"36047039500","3039500","3","Brooklyn","039500","BK0402","Bushwick (East)","BK04","BK04 Bushwick (CD 4 Equivalent)",0.0615347736970868
"36047028900","3028900","3","Brooklyn","028900","BK0302","Bedford-Stuyvesant (East)","BK03","BK03 Bedford-Stuyvesant (CD 3 Approximation)",0.0640032722142472
"36081003600","4003600","4","Queens","003600","QN0904","Ozone Park (North)","QN09","QN09 Kew Gardens-Richmond Hill-Woodhaven (CD 9 Approximation)",0.069490297421995
"36005003500","2003500","2","Bronx","003500","BX0101","Mott Haven-Port Morris","BX01","BX01 Melrose-Mott Haven-Port Morris (CD 1 Approximation)",0.0547138339117996
"36005007300","2007300","2","Bronx","007300","BX0102","Melrose","BX01","BX01 Melrose-Mott Haven-Port Morris (CD 1 Approximation)",0.0540780502580274
"36081001902","4001902","4","Queens","001902","QN0201","Long Island City-Hunters Point","QN02","QN02 Long Island City-Sunnyside-Woodside (CD 2 Approximation)",0.0684793731503447
"36085012500","5012500","5","Staten Island","012500","SI0104","West New Brighton-Silver Lake-Grymes Hill","SI01","SI01 North Shore (CD 1 Equivalent)",0.177631922261327
"36085014700","5014700","5","Staten Island","014700","SI0105","Westerleigh-Castleton Corners","SI01","SI01 North Shore (CD 1 Equivalent)",0.644877790868725
"36061000800","1000800","1","Manhattan","000800","MN0301","Chinatown-Two Bridges","MN03","MN03 Lower East Side-Chinatown (CD 3 Equivalent)",0.0852904703555282
"36047056302","3056302","3","Brooklyn","056302","BK0101","Greenpoint","BK01","BK01 Williamsburg-Greenpoint (CD 1 Equivalent)",0.0735542653697056
"36005004100","2004100","2","Bronx","004100","BX0101","Mott Haven-Port Morris","BX01","BX01 Melrose-Mott Haven-Port Morris (CD 1 Approximation)",0.0709431892494427
"36005004300","2004300","2","Bronx","004300","BX0101","Mott Haven-Port Morris","BX01","BX01 Melrose-Mott Haven-Port Morris (CD 1 Approximation)",0.0875593994173481
"36047095400","3095400","3","Brooklyn","095400","BK1803","Canarsie","BK18","BK18 Canarsie-Flatlands (CD 18 Approximation)",0.0915263660995095
"36047096000","3096000","3","Brooklyn","096000","BK1803","Canarsie","BK18","BK18 Canarsie-Flatlands (CD 18 Approximation)",0.164046768898312
"36047057901","3057901","3","Brooklyn","057901","BK0101","Greenpoint","BK01","BK01 Williamsburg-Greenpoint (CD 1 Equivalent)",0.0948369304777064
"36047057902","3057902","3","Brooklyn","057902","BK0101","Greenpoint","BK01","BK01 Williamsburg-Greenpoint (CD 1 Equivalent)",0.190321913235332
"36047099600","3099600","3","Brooklyn","099600","BK1803","Canarsie","BK18","BK18 Canarsie-Flatlands (CD 18 Approximation)",0.0733098005146568
"36047099800","3099800","3","Brooklyn","099800","BK1803","Canarsie","BK18","BK18 Canarsie-Flatlands (CD 18 Approximation)",0.166599470962694
"36081017102","4017102","4","Queens","017102","QN0161","Sunnyside Yards (North)","QN01","QN01 Astoria-Queensbridge (CD 1 Equivalent)",0.161423968203962
"36061011401","1011401","1","Manhattan","011401","MN0802","Upper East Side-Carnegie Hill","MN08","MN08 Upper East Side-Roosevelt Island (CD 8 Equivalent)",0.0380473671363976
"36005023800","2023800","2","Bronx","023800","BX1101","Pelham Parkway-Van Nest","BX11","BX11 Pelham Parkway-Morris Park (CD 11 Approximation)",0.131268026681486
"36061029100","1029100","1","Manhattan","029100","MN1203","Inwood","MN12","MN12 Washington Heights-Inwood (CD 12 Equivalent)",0.0723894236399542
"36081099100","4099100","4","Queens","099100","QN0702","Whitestone-Beechhurst","QN07","QN07 Flushing-Murray Hill-Whitestone (CD 7 Approximation)",0.418848222129659
"36005035100","2035100","2","Bronx","035100","BX0803","Riverdale-Spuyten Duyvil","BX08","BX08 Riverdale-Kingsbridge-Marble Hill (CD 8 Approximation)",0.223777640097472
"36085001800","5001800","5","Staten Island","001800","SI9561","Fort Wadsworth","SI95","SI95 Great Kills Park-Fort Wadsworth (JIA 95 Approximation)",0.353936791228218
"36085002002","5002002","5","Staten Island","002002","SI0201","Grasmere-Arrochar-South Beach-Dongan Hills","SI02","SI02 Mid-Island (CD 2 Approximation)",0.297006526751596
"36061001501","1001501","1","Manhattan","001501","MN0101","Financial District-Battery Park City","MN01","MN01 Financial District-Tribeca (CD 1 Equivalent)",0.106016182514947
"36047062600","3062600","3","Brooklyn","062600","BK1503","Sheepshead Bay-Manhattan Beach-Gerritsen Beach","BK15","BK15 Sheepshead Bay-Gravesend (East) (CD 15 Approximation)",0.122890109058393
"36085011204","5011204","5","Staten Island","011204","SI9592","Miller Field","SI95","SI95 Great Kills Park-Fort Wadsworth (JIA 95 Approximation)",0.38979242792454
"36085012804","5012804","5","Staten Island","012804","SI0202","New Dorp-Midland Beach","SI02","SI02 Mid-Island (CD 2 Approximation)",0.338831115834632
"36047066200","3066200","3","Brooklyn","066200","BK1802","Marine Park-Mill Basin-Bergen Beach","BK18","BK18 Canarsie-Flatlands (CD 18 Approximation)",0.0892690736670088
"36005032300","2032300","2","Bronx","032300","BX0803","Riverdale-Spuyten Duyvil","BX08","BX08 Riverdale-Kingsbridge-Marble Hill (CD 8 Approximation)",0.215921409528854
"36005033700","2033700","2","Bronx","033700","BX0803","Riverdale-Spuyten Duyvil","BX08","BX08 Riverdale-Kingsbridge-Marble Hill (CD 8 Approximation)",0.166071327778344
"36081002200","4002200","4","Queens","002200","QN0905","Woodhaven","QN09","QN09 Kew Gardens-Richmond Hill-Woodhaven (CD 9 Approximation)",0.0571901769529098
"36081001800","4001800","4","Queens","001800","QN0905","Woodhaven","QN09","QN09 Kew Gardens-Richmond Hill-Woodhaven (CD 9 Approximation)",0.0686692906045139
"36081002000","4002000","4","Queens","002000","QN0905","Woodhaven","QN09","QN09 Kew Gardens-Richmond Hill-Woodhaven (CD 9 Approximation)",0.0565955005828989
"36061021900","1021900","1","Manhattan","021900","MN0902","Manhattanville-West Harlem","MN09","MN09 Morningside Heights-Hamilton Heights (CD 9 Equivalent)",0.107798996858454
"36081066404","4066404","4","Queens","066404","QN1306","Springfield Gardens (South)-Brookville","QN13","QN13 Queens Village-Bellerose-Rosedale (CD 13 Approximation)",0.393689640240656
"36047005302","3005302","3","Brooklyn","005302","BK0601","Carroll Gardens-Cobble Hill-Gowanus-Red Hook","BK06","BK06 Park Slope-Carroll Gardens (CD 6 Approximation)",0.298161573193862
"36005051601","2051601","2","Bronx","051601","BX1003","Pelham Bay-Country Club-City Island","BX10","BX10 Co-op City-Throgs Neck (CD 10 Approximation)",0.446679789387257
"36005051602","2051602","2","Bronx","051602","BX1071","Hart Island","BX10","BX10 Co-op City-Throgs Neck (CD 10 Approximation)",0.175947693302702
"36081021601","4021601","4","Queens","021601","QN0901","Kew Gardens","QN09","QN09 Kew Gardens-Richmond Hill-Woodhaven (CD 9 Approximation)",0.08805010833054
"36061024500","1024500","1","Manhattan","024500","MN1201","Washington Heights (South)","MN12","MN12 Washington Heights-Inwood (CD 12 Equivalent)",0.0819396548358186
"36061025100","1025100","1","Manhattan","025100","MN1201","Washington Heights (South)","MN12","MN12 Washington Heights-Inwood (CD 12 Equivalent)",0.0615562805377078
"36047049900","3049900","3","Brooklyn","049900","BK0101","Greenpoint","BK01","BK01 Williamsburg-Greenpoint (CD 1 Equivalent)",0.054890390062785
"36047050100","3050100","3","Brooklyn","050100","BK0104","East Williamsburg","BK01","BK01 Williamsburg-Greenpoint (CD 1 Equivalent)",0.0666260587139467
"36047051500","3051500","3","Brooklyn","051500","BK0102","Williamsburg","BK01","BK01 Williamsburg-Greenpoint (CD 1 Equivalent)",0.0722405721582387
"36005040900","2040900","2","Bronx","040900","BX0702","Bedford Park","BX07","BX07 Fordham-Bedford Park-Norwood (CD 7 Approximation)",0.450412501773728
"36005042100","2042100","2","Bronx","042100","BX0703","Norwood","BX07","BX07 Fordham-Bedford Park-Norwood (CD 7 Approximation)",0.0958920666964034
"36085015603","5015603","5","Staten Island","015603","SI0302","Great Kills-Eltingville","SI03","SI03 South Shore (CD 3 Approximation)",0.366599357353399
"36081047200","4047200","4","Queens","047200","QN0804","Jamaica Estates-Holliswood","QN08","QN08 Fresh Meadows-Hillcrest-Briarwood (CD 8 Approximation)",0.200500608024489
"36081047600","4047600","4","Queens","047600","QN0804","Jamaica Estates-Holliswood","QN08","QN08 Fresh Meadows-Hillcrest-Briarwood (CD 8 Approximation)",0.209640399411408
"36081118900","4118900","4","Queens","118900","QN0705","East Flushing","QN07","QN07 Flushing-Murray Hill-Whitestone (CD 7 Approximation)",0.0780888164446278
"36047093400","3093400","3","Brooklyn","093400","BK1704","East Flatbush-Remsen Village","BK17","BK17 East Flatbush (CD 17 Approximation)",0.0686349243090307
"36047093600","3093600","3","Brooklyn","093600","BK1703","East Flatbush-Rugby","BK17","BK17 East Flatbush (CD 17 Approximation)",0.0637467410357307
"36047092800","3092800","3","Brooklyn","092800","BK1704","East Flatbush-Remsen Village","BK17","BK17 East Flatbush (CD 17 Approximation)",0.060677610142149
"36081121100","4121100","4","Queens","121100","QN0791","Kissena Park","QN07","QN07 Flushing-Murray Hill-Whitestone (CD 7 Approximation)",0.395150875765483
"36081141700","4141700","4","Queens","141700","QN1101","Auburndale","QN11","QN11 Auburndale-Bayside-Douglaston (CD 11 Approximation)",0.344630359732451
"36005023100","2023100","2","Bronx","023100","BX0502","Mount Hope","BX05","BX05 Morris Heights-Mount Hope (CD 5 Approximation)",0.0457213242744393
"36005038100","2038100","2","Bronx","038100","BX0502","Mount Hope","BX05","BX05 Morris Heights-Mount Hope (CD 5 Approximation)",0.0582185864505054
"36081050500","4050500","4","Queens","050500","QN0504","Middle Village","QN05","QN05 Ridgewood-Maspeth-Middle Village (CD 5 Approximation)",0.0449898763493018
"36061016002","1016002","1","Manhattan","016002","MN1101","East Harlem (South)","MN11","MN11 East Harlem (CD 11 Equivalent)",0.0198765343430287
"36061016800","1016800","1","Manhattan","016800","MN1101","East Harlem (South)","MN11","MN11 East Harlem (CD 11 Equivalent)",0.0771913505591486
"36061007900","1007900","1","Manhattan","007900","MN0203","West Village","MN02","MN02 Greenwich Village-SoHo (CD 2 Equivalent)",0.107110787581356
"36061006900","1006900","1","Manhattan","006900","MN0203","West Village","MN02","MN02 Greenwich Village-SoHo (CD 2 Equivalent)",0.0847463296350602
"36061007500","1007500","1","Manhattan","007500","MN0203","West Village","MN02","MN02 Greenwich Village-SoHo (CD 2 Equivalent)",0.0637881526242519
"36047014101","3014101","3","Brooklyn","014101","BK0602","Park Slope","BK06","BK06 Park Slope-Carroll Gardens (CD 6 Approximation)",0.029291700462371
"36047014102","3014102","3","Brooklyn","014102","BK0701","Windsor Terrace-South Slope","BK07","BK07 Sunset Park-Windsor Terrace (CD 7 Approximation)",0.0348108438093253
"36081077300","4077300","4","Queens","077300","QN0901","Kew Gardens","QN09","QN09 Kew Gardens-Richmond Hill-Woodhaven (CD 9 Approximation)",0.108072088869897
"36081086100","4086100","4","Queens","086100","QN0705","East Flushing","QN07","QN07 Flushing-Murray Hill-Whitestone (CD 7 Approximation)",0.0576059351833362
"36081120100","4120100","4","Queens","120100","QN0705","East Flushing","QN07","QN07 Flushing-Murray Hill-Whitestone (CD 7 Approximation)",0.0629033864832295
"36081081400","4081400","4","Queens","081400","QN1001","South Ozone Park","QN10","QN10 South Ozone Park-Howard Beach (CD 10 Approximation)",0.142519633478342
"36005023703","2023703","2","Bronx","023703","BX0503","Fordham Heights","BX05","BX05 Morris Heights-Mount Hope (CD 5 Approximation)",0.038447139662788
"36081055200","4055200","4","Queens","055200","QN1303","Queens Village","QN13","QN13 Queens Village-Bellerose-Rosedale (CD 13 Approximation)",0.161268710831228
"36081130100","4130100","4","Queens","130100","QN1302","Bellerose","QN13","QN13 Queens Village-Bellerose-Rosedale (CD 13 Approximation)",0.269686527921268
"36047111800","3111800","3","Brooklyn","111800","BK0503","East New York-New Lots","BK05","BK05 East New York-Cypress Hills (CD 5 Approximation)",0.0627709025764815
"36047112000","3112000","3","Brooklyn","112000","BK0503","East New York-New Lots","BK05","BK05 East New York-Cypress Hills (CD 5 Approximation)",0.0666393231739789
"36081059600","4059600","4","Queens","059600","QN1304","Cambria Heights","QN13","QN13 Queens Village-Bellerose-Rosedale (CD 13 Approximation)",0.0751158001759623
"36081070900","4070900","4","Queens","070900","QN0602","Forest Hills","QN06","QN06 Forest Hills-Rego Park (CD 6 Approximation)",0.0848176087767143
"36081060000","4060000","4","Queens","060000","QN1304","Cambria Heights","QN13","QN13 Queens Village-Bellerose-Rosedale (CD 13 Approximation)",0.0682368908879966
"36081062200","4062200","4","Queens","062200","QN1304","Cambria Heights","QN13","QN13 Queens Village-Bellerose-Rosedale (CD 13 Approximation)",0.168870914570486
"36081016300","4016300","4","Queens","016300","QN0104","Astoria (East)-Woodside (North)","QN01","QN01 Astoria-Queensbridge (CD 1 Equivalent)",0.084412098273779
"36081029500","4029500","4","Queens","029500","QN0104","Astoria (East)-Woodside (North)","QN01","QN01 Astoria-Queensbridge (CD 1 Equivalent)",0.0706018966137691
"36081059200","4059200","4","Queens","059200","QN1304","Cambria Heights","QN13","QN13 Queens Village-Bellerose-Rosedale (CD 13 Approximation)",0.0875927784722048
"36081059400","4059400","4","Queens","059400","QN1304","Cambria Heights","QN13","QN13 Queens Village-Bellerose-Rosedale (CD 13 Approximation)",0.0857262912441582
"36081070300","4070300","4","Queens","070300","QN0601","Rego Park","QN06","QN06 Forest Hills-Rego Park (CD 6 Approximation)",0.0931302462383351
"36081013600","4013600","4","Queens","013600","QN0901","Kew Gardens","QN09","QN09 Kew Gardens-Richmond Hill-Woodhaven (CD 9 Approximation)",0.0585523414529139
"36081013800","4013800","4","Queens","013800","QN0901","Kew Gardens","QN09","QN09 Kew Gardens-Richmond Hill-Woodhaven (CD 9 Approximation)",0.0656011478202391
"36081069702","4069702","4","Queens","069702","QN0601","Rego Park","QN06","QN06 Forest Hills-Rego Park (CD 6 Approximation)",0.173577374535598
"36081053401","4053401","4","Queens","053401","QN1304","Cambria Heights","QN13","QN13 Queens Village-Bellerose-Rosedale (CD 13 Approximation)",0.10043552704368
"36081059800","4059800","4","Queens","059800","QN1304","Cambria Heights","QN13","QN13 Queens Village-Bellerose-Rosedale (CD 13 Approximation)",0.0799137177407633
"36005046000","2046000","2","Bronx","046000","BX1202","Eastchester-Edenwald-Baychester","BX12","BX12 Wakefield-Williamsbridge-Eastchester (CD 12 Approximation)",0.111084638823873
"36081156700","4156700","4","Queens","156700","QN1302","Bellerose","QN13","QN13 Queens Village-Bellerose-Rosedale (CD 13 Approximation)",0.568069843078459
"36081162100","4162100","4","Queens","162100","QN1302","Bellerose","QN13","QN13 Queens Village-Bellerose-Rosedale (CD 13 Approximation)",0.278377758978039
"36005026400","2026400","2","Bronx","026400","BX1002","Throgs Neck-Schuylerville","BX10","BX10 Co-op City-Throgs Neck (CD 10 Approximation)",0.164958861963729
"36005045102","2045102","2","Bronx","045102","BX1203","Wakefield-Woodlawn","BX12","BX12 Wakefield-Williamsbridge-Eastchester (CD 12 Approximation)",0.0820160714884238
"36081063800","4063800","4","Queens","063800","QN1307","Rosedale","QN13","QN13 Queens Village-Bellerose-Rosedale (CD 13 Approximation)",0.265683086923746
"36061019400","1019400","1","Manhattan","019400","MN1102","East Harlem (North)","MN11","MN11 East Harlem (CD 11 Equivalent)",0.0675284475508077
"36005005200","2005200","2","Bronx","005200","BX0901","Soundview-Bruckner-Bronx River","BX09","BX09 Soundview-Parkchester (CD 9 Approximation)",0.0721478843691904
"36005022701","2022701","2","Bronx","022701","BX0502","Mount Hope","BX05","BX05 Morris Heights-Mount Hope (CD 5 Approximation)",0.0451071066875245
"36085030301","5030301","5","Staten Island","030301","SI0107","Mariner's Harbor-Arlington-Graniteville","SI01","SI01 North Shore (CD 1 Equivalent)",0.278593022522809
"36005003100","2003100","2","Bronx","003100","BX0101","Mott Haven-Port Morris","BX01","BX01 Melrose-Mott Haven-Port Morris (CD 1 Approximation)",0.0602628708566271
"36005023000","2023000","2","Bronx","023000","BX1101","Pelham Parkway-Van Nest","BX11","BX11 Pelham Parkway-Morris Park (CD 11 Approximation)",0.0615535978226253
"36081003400","4003400","4","Queens","003400","QN0904","Ozone Park (North)","QN09","QN09 Kew Gardens-Richmond Hill-Woodhaven (CD 9 Approximation)",0.0826176718425853
"36047118600","3118600","3","Brooklyn","118600","BK0505","East New York-City Line","BK05","BK05 East New York-Cypress Hills (CD 5 Approximation)",0.0507637601210352
"36005007800","2007800","2","Bronx","007800","BX0903","Castle Hill-Unionport","BX09","BX09 Soundview-Parkchester (CD 9 Approximation)",0.120401426121744
"36005009800","2009800","2","Bronx","009800","BX0903","Castle Hill-Unionport","BX09","BX09 Soundview-Parkchester (CD 9 Approximation)",0.199855898219582
"36081008100","4008100","4","Queens","008100","QN0102","Old Astoria-Hallets Point","QN01","QN01 Astoria-Queensbridge (CD 1 Equivalent)",0.0433697678102037
"36081008700","4008700","4","Queens","008700","QN0102","Old Astoria-Hallets Point","QN01","QN01 Astoria-Queensbridge (CD 1 Equivalent)",0.0976809854109398
"36005022901","2022901","2","Bronx","022901","BX0502","Mount Hope","BX05","BX05 Morris Heights-Mount Hope (CD 5 Approximation)",0.0465592638406693
"36005023302","2023302","2","Bronx","023302","BX0502","Mount Hope","BX05","BX05 Morris Heights-Mount Hope (CD 5 Approximation)",0.024434009393127
"36061002100","1002100","1","Manhattan","002100","MN0102","Tribeca-Civic Center","MN01","MN01 Financial District-Tribeca (CD 1 Equivalent)",0.0918297802686659
"36005025500","2025500","2","Bronx","025500","BX0701","University Heights (North)-Fordham","BX07","BX07 Fordham-Bedford Park-Norwood (CD 7 Approximation)",0.0647421571024389
"36005026100","2026100","2","Bronx","026100","BX0701","University Heights (North)-Fordham","BX07","BX07 Fordham-Bedford Park-Norwood (CD 7 Approximation)",0.0675445535908174
"36005026300","2026300","2","Bronx","026300","BX0701","University Heights (North)-Fordham","BX07","BX07 Fordham-Bedford Park-Norwood (CD 7 Approximation)",0.0616124542859991
"36085005902","5005902","5","Staten Island","005902","SI0104","West New Brighton-Silver Lake-Grymes Hill","SI01","SI01 North Shore (CD 1 Equivalent)",0.172950696681858
"36005038000","2038000","2","Bronx","038000","BX1201","Williamsbridge-Olinville","BX12","BX12 Wakefield-Williamsbridge-Eastchester (CD 12 Approximation)",0.0818980163665057
"36005026900","2026900","2","Bronx","026900","BX0701","University Heights (North)-Fordham","BX07","BX07 Fordham-Bedford Park-Norwood (CD 7 Approximation)",0.152140498767325
"36081128300","4128300","4","Queens","128300","QN0891","Cunningham Park","QN08","QN08 Fresh Meadows-Hillcrest-Briarwood (CD 8 Approximation)",0.76420759922451
"36081129102","4129102","4","Queens","129102","QN1104","Oakland Gardens-Hollis Hills","QN11","QN11 Auburndale-Bayside-Douglaston (CD 11 Approximation)",0.382897152301669
"36005011701","2011701","2","Bronx","011701","BX0201","Hunts Point","BX02","BX02 Longwood-Hunts Point (CD 2 Approximation)",0.0862538722508969
"36085007002","5007002","5","Staten Island","007002","SI0201","Grasmere-Arrochar-South Beach-Dongan Hills","SI02","SI02 Mid-Island (CD 2 Approximation)",0.848241331382766
"36081069000","4069000","4","Queens","069000","QN1306","Springfield Gardens (South)-Brookville","QN13","QN13 Queens Village-Bellerose-Rosedale (CD 13 Approximation)",0.134538711505054
"36081069400","4069400","4","Queens","069400","QN1306","Springfield Gardens (South)-Brookville","QN13","QN13 Queens Village-Bellerose-Rosedale (CD 13 Approximation)",0.202322611195511
"36047114201","3114201","3","Brooklyn","114201","BK0501","Cypress Hills","BK05","BK05 East New York-Cypress Hills (CD 5 Approximation)",0.115656240867131
"36047114600","3114600","3","Brooklyn","114600","BK0501","Cypress Hills","BK05","BK05 East New York-Cypress Hills (CD 5 Approximation)",0.061910728327367
"36047086400","3086400","3","Brooklyn","086400","BK1703","East Flatbush-Rugby","BK17","BK17 East Flatbush (CD 17 Approximation)",0.0580354719466057
"36047088600","3088600","3","Brooklyn","088600","BK1704","East Flatbush-Remsen Village","BK17","BK17 East Flatbush (CD 17 Approximation)",0.06953750794697
"36047090800","3090800","3","Brooklyn","090800","BK1602","Brownsville","BK16","BK16 Ocean Hill-Brownsville (CD 16 Approximation)",0.114598489883019
"36005018900","2018900","2","Bronx","018900","BX0402","Highbridge","BX04","BX04 Highbridge-Concourse (CD 4 Approximation)",0.140757745470387
"36005017701","2017701","2","Bronx","017701","BX0401","Concourse-Concourse Village","BX04","BX04 Highbridge-Concourse (CD 4 Approximation)",0.0411505154229313
"36061027300","1027300","1","Manhattan","027300","MN1202","Washington Heights (North)","MN12","MN12 Washington Heights-Inwood (CD 12 Equivalent)",0.068330040700128
"36061028100","1028100","1","Manhattan","028100","MN1202","Washington Heights (North)","MN12","MN12 Washington Heights-Inwood (CD 12 Equivalent)",0.0348742344333733
"36005029500","2029500","2","Bronx","029500","BX0803","Riverdale-Spuyten Duyvil","BX08","BX08 Riverdale-Kingsbridge-Marble Hill (CD 8 Approximation)",0.0905751433254254
"36081030600","4030600","4","Queens","030600","QN1306","Springfield Gardens (South)-Brookville","QN13","QN13 Queens Village-Bellerose-Rosedale (CD 13 Approximation)",0.521370411221587
"36081071600","4071600","4","Queens","071600","QN8381","John F. Kennedy International Airport","QN83","QN83 JFK International Airport (JIA 83 Approximation)",7.07320880521153
"36081084602","4084602","4","Queens","084602","QN1001","South Ozone Park","QN10","QN10 South Ozone Park-Howard Beach (CD 10 Approximation)",0.277750618161363
"36005018501","2018501","2","Bronx","018501","BX0301","Morrisania","BX03","BX03 Morrisania-Crotona Park East (CD 3 Approximation)",0.0711418934647425
"36005018502","2018502","2","Bronx","018502","BX0301","Morrisania","BX03","BX03 Morrisania-Crotona Park East (CD 3 Approximation)",0.0877815601339243
"36081061900","4061900","4","Queens","061900","QN0504","Middle Village","QN05","QN05 Ridgewood-Maspeth-Middle Village (CD 5 Approximation)",0.0916004112383741
"36081063301","4063301","4","Queens","063301","QN0503","Glendale","QN05","QN05 Ridgewood-Maspeth-Middle Village (CD 5 Approximation)",0.052097141501511
"36081063302","4063302","4","Queens","063302","QN0503","Glendale","QN05","QN05 Ridgewood-Maspeth-Middle Village (CD 5 Approximation)",0.0534745583789451
"36081040102","4040102","4","Queens","040102","QN0303","North Corona","QN03","QN03 Jackson Heights-East Elmhurst (CD 3 Approximation)",0.0479233981023547
"36061019100","1019100","1","Manhattan","019100","MN0703","Upper West Side-Manhattan Valley","MN07","MN07 Upper West Side (CD 7 Approximation)",0.0855572498256968
"36061019500","1019500","1","Manhattan","019500","MN0703","Upper West Side-Manhattan Valley","MN07","MN07 Upper West Side (CD 7 Approximation)",0.0838744929654377
"36005028100","2028100","2","Bronx","028100","BX0801","Kingsbridge Heights-Van Cortlandt Village","BX08","BX08 Riverdale-Kingsbridge-Marble Hill (CD 8 Approximation)",0.0498559845468935
"36005043503","2043503","2","Bronx","043503","BX2691","Van Cortlandt Park","BX26","BX26 Van Cortlandt Park (JIA 26 Equivalent)",1.81713104988322
"36005035800","2035800","2","Bronx","035800","BX1202","Eastchester-Edenwald-Baychester","BX12","BX12 Wakefield-Williamsbridge-Eastchester (CD 12 Approximation)",0.251765940331315
"36005046208","2046208","2","Bronx","046208","BX1202","Eastchester-Edenwald-Baychester","BX12","BX12 Wakefield-Williamsbridge-Eastchester (CD 12 Approximation)",0.186979736257756
"36061027900","1027900","1","Manhattan","027900","MN1202","Washington Heights (North)","MN12","MN12 Washington Heights-Inwood (CD 12 Equivalent)",0.0696410261031824
"36061028300","1028300","1","Manhattan","028300","MN1202","Washington Heights (North)","MN12","MN12 Washington Heights-Inwood (CD 12 Equivalent)",0.0583996227649227
"36061030300","1030300","1","Manhattan","030300","MN1203","Inwood","MN12","MN12 Washington Heights-Inwood (CD 12 Equivalent)",0.0604518243130081
"36061030700","1030700","1","Manhattan","030700","MN1203","Inwood","MN12","MN12 Washington Heights-Inwood (CD 12 Equivalent)",0.0324810006732422
"36061024302","1024302","1","Manhattan","024302","MN1002","Harlem (North)","MN10","MN10 Harlem (CD 10 Equivalent)",0.0814913295270292
"36081037300","4037300","4","Queens","037300","QN0302","East Elmhurst","QN03","QN03 Jackson Heights-East Elmhurst (CD 3 Approximation)",0.091606072743531
"36085027702","5027702","5","Staten Island","027702","SI0204","New Springville-Willowbrook-Bulls Head-Travis","SI02","SI02 Mid-Island (CD 2 Approximation)",0.56318291775216
"36085027706","5027706","5","Staten Island","027706","SI0204","New Springville-Willowbrook-Bulls Head-Travis","SI02","SI02 Mid-Island (CD 2 Approximation)",0.169236679046697
"36081091800","4091800","4","Queens","091800","QN8492","Jacob Riis Park-Fort Tilden-Breezy Point Tip","QN84","QN84 Jamaica Bay (East) (JIA 84 Approximation)",0.433922228049922
"36081092200","4092200","4","Queens","092200","QN1403","Breezy Point-Belle Harbor-Rockaway Park-Broad Channel","QN14","QN14 The Rockaways (CD 14 Approximation)",0.246049685405121
"36047055400","3055400","3","Brooklyn","055400","BK1501","Gravesend (East)-Homecrest","BK15","BK15 Sheepshead Bay-Gravesend (East) (CD 15 Approximation)",0.0653504048741489
"36061028500","1028500","1","Manhattan","028500","MN1202","Washington Heights (North)","MN12","MN12 Washington Heights-Inwood (CD 12 Equivalent)",0.047078996196423
"36061028700","1028700","1","Manhattan","028700","MN1202","Washington Heights (North)","MN12","MN12 Washington Heights-Inwood (CD 12 Equivalent)",0.204975141450785
"36005038303","2038303","2","Bronx","038303","BX0503","Fordham Heights","BX05","BX05 Morris Heights-Mount Hope (CD 5 Approximation)",0.0290534325109902
"36005039902","2039902","2","Bronx","039902","BX0503","Fordham Heights","BX05","BX05 Morris Heights-Mount Hope (CD 5 Approximation)",0.0469774301176678
"36061023600","1023600","1","Manhattan","023600","MN1002","Harlem (North)","MN10","MN10 Harlem (CD 10 Equivalent)",0.101351185479493
"36085002100","5002100","5","Staten Island","002100","SI0102","Tompkinsville-Stapleton-Clifton-Fox Hills","SI01","SI01 North Shore (CD 1 Equivalent)",0.333337861142819
"36047004600","3004600","3","Brooklyn","004600","BK1001","Bay Ridge","BK10","BK10 Bay Ridge-Dyker Heights (CD 10 Approximation)",0.111174684047223
"36085990100","5990100","5","Staten Island","990100","SI9591","Hoffman & Swinburne Islands","SI95","SI95 Great Kills Park-Fort Wadsworth (JIA 95 Approximation)",0.022803122799709
"36005000100","2000100","2","Bronx","000100","QN0151","Rikers Island","QN01","QN01 Astoria-Queensbridge (CD 1 Equivalent)",0.65153868139154
"36081092900","4092900","4","Queens","092900","QN0701","College Point","QN07","QN07 Flushing-Murray Hill-Whitestone (CD 7 Approximation)",0.368160791280835
"36081009900","4009900","4","Queens","009900","QN0191","Astoria Park","QN01","QN01 Astoria-Queensbridge (CD 1 Equivalent)",0.0959503685671184
"36061024000","1024000","1","Manhattan","024000","MN1191","Randall's Island","MN11","MN11 East Harlem (CD 11 Equivalent)",0.841746459087777
"36005021502","2021502","2","Bronx","021502","BX0501","University Heights (South)-Morris Heights","BX05","BX05 Morris Heights-Mount Hope (CD 5 Approximation)",0.0602809522354665
"36005021700","2021700","2","Bronx","021700","BX0501","University Heights (South)-Morris Heights","BX05","BX05 Morris Heights-Mount Hope (CD 5 Approximation)",0.0620595620770785
"36081014202","4014202","4","Queens","014202","QN0902","Richmond Hill","QN09","QN09 Kew Gardens-Richmond Hill-Woodhaven (CD 9 Approximation)",0.23910797546899
"36081014400","4014400","4","Queens","014400","QN0902","Richmond Hill","QN09","QN09 Kew Gardens-Richmond Hill-Woodhaven (CD 9 Approximation)",0.0849311358489983
"36081095400","4095400","4","Queens","095400","QN1402","Rockaway Beach-Arverne-Edgemere","QN14","QN14 The Rockaways (CD 14 Approximation)",0.313151903834414
"36081096400","4096400","4","Queens","096400","QN1402","Rockaway Beach-Arverne-Edgemere","QN14","QN14 The Rockaways (CD 14 Approximation)",0.331350940808169
"36061005700","1005700","1","Manhattan","005700","MN0202","Greenwich Village","MN02","MN02 Greenwich Village-SoHo (CD 2 Equivalent)",0.0413800978124067
"36081024300","4024300","4","Queens","024300","QN0203","Woodside","QN02","QN02 Long Island City-Sunnyside-Woodside (CD 2 Approximation)",0.212897688353799
"36081051300","4051300","4","Queens","051300","QN0501","Maspeth","QN05","QN05 Ridgewood-Maspeth-Middle Village (CD 5 Approximation)",0.0746951814836584
"36081051700","4051700","4","Queens","051700","QN0501","Maspeth","QN05","QN05 Ridgewood-Maspeth-Middle Village (CD 5 Approximation)",0.0981783394088189
"36081053100","4053100","4","Queens","053100","QN0501","Maspeth","QN05","QN05 Ridgewood-Maspeth-Middle Village (CD 5 Approximation)",0.163526451995057
"36081094202","4094202","4","Queens","094202","QN1402","Rockaway Beach-Arverne-Edgemere","QN14","QN14 The Rockaways (CD 14 Approximation)",0.275928055397333
"36081094203","4094203","4","Queens","094203","QN1402","Rockaway Beach-Arverne-Edgemere","QN14","QN14 The Rockaways (CD 14 Approximation)",0.200318233024671
"36081040901","4040901","4","Queens","040901","QN0402","Corona","QN04","QN04 Elmhurst-Corona (CD 4 Approximation)",0.0273575086994243
"36081040902","4040902","4","Queens","040902","QN0303","North Corona","QN03","QN03 Jackson Heights-East Elmhurst (CD 3 Approximation)",0.0315125784536225
"36047001501","3001501","3","Brooklyn","001501","BK0202","Downtown Brooklyn-DUMBO-Boerum Hill","BK02","BK02 Downtown Brooklyn-Fort Greene (CD 2 Approximation)",0.0637196757508481
"36061022500","1022500","1","Manhattan","022500","MN0903","Hamilton Heights-Sugar Hill","MN09","MN09 Morningside Heights-Hamilton Heights (CD 9 Equivalent)",0.100689585184003
"36061022900","1022900","1","Manhattan","022900","MN0903","Hamilton Heights-Sugar Hill","MN09","MN09 Morningside Heights-Hamilton Heights (CD 9 Equivalent)",0.0810688985925913
"36081099802","4099802","4","Queens","099802","QN1401","Far Rockaway-Bayswater","QN14","QN14 The Rockaways (CD 14 Approximation)",0.167348090190573
"36081099200","4099200","4","Queens","099200","QN1401","Far Rockaway-Bayswater","QN14","QN14 The Rockaways (CD 14 Approximation)",0.224847759141671
"36081050000","4050000","4","Queens","050000","QN1206","Hollis","QN12","QN12 Jamaica-St. Albans-Hollis (CD 12 Approximation)",0.129565320720915
"36081050201","4050201","4","Queens","050201","QN1206","Hollis","QN12","QN12 Jamaica-St. Albans-Hollis (CD 12 Approximation)",0.0649452137486008
"36005016100","2016100","2","Bronx","016100","BX0303","Crotona Park East","BX03","BX03 Morrisania-Crotona Park East (CD 3 Approximation)",0.0923386336294666
"36005016300","2016300","2","Bronx","016300","BX0391","Crotona Park","BX03","BX03 Morrisania-Crotona Park East (CD 3 Approximation)",0.227406329689881
"36081064500","4064500","4","Queens","064500","QN0602","Forest Hills","QN06","QN06 Forest Hills-Rego Park (CD 6 Approximation)",0.122040707371917
"36047002300","3002300","3","Brooklyn","002300","BK0202","Downtown Brooklyn-DUMBO-Boerum Hill","BK02","BK02 Downtown Brooklyn-Fort Greene (CD 2 Approximation)",0.0704113698152184
"36047020300","3020300","3","Brooklyn","020300","BK0801","Prospect Heights","BK08","BK08 Crown Heights (North) (CD 8 Approximation)",0.054239585275064
"36081039901","4039901","4","Queens","039901","QN0402","Corona","QN04","QN04 Elmhurst-Corona (CD 4 Approximation)",0.0407138099360413
"36005008500","2008500","2","Bronx","008500","BX0202","Longwood","BX02","BX02 Longwood-Hunts Point (CD 2 Approximation)",0.0705248768220727
"36005001902","2001902","2","Bronx","001902","BX0101","Mott Haven-Port Morris","BX01","BX01 Melrose-Mott Haven-Port Morris (CD 1 Approximation)",0.181474446478989
"36047049100","3049100","3","Brooklyn","049100","BK0104","East Williamsburg","BK01","BK01 Williamsburg-Greenpoint (CD 1 Equivalent)",0.0822912960073512
"36047050700","3050700","3","Brooklyn","050700","BK0103","South Williamsburg","BK01","BK01 Williamsburg-Greenpoint (CD 1 Equivalent)",0.0673503764733349
"36005006000","2006000","2","Bronx","006000","BX0601","West Farms","BX06","BX06 Tremont-Belmont-West Farms (CD 6 Approximation)",0.130688160341545
"36005015700","2015700","2","Bronx","015700","BX0303","Crotona Park East","BX03","BX03 Morrisania-Crotona Park East (CD 3 Approximation)",0.120629008353481
"36047016800","3016800","3","Brooklyn","016800","BK1102","Bath Beach","BK11","BK11 Bensonhurst-Bath Beach (CD 11 Approximation)",0.0642978590061262
"36005021301","2021301","2","Bronx","021301","BX0501","University Heights (South)-Morris Heights","BX05","BX05 Morris Heights-Mount Hope (CD 5 Approximation)",0.0237070316513412
"36005000400","2000400","2","Bronx","000400","BX0902","Soundview-Clason Point","BX09","BX09 Soundview-Parkchester (CD 9 Approximation)",0.306971247938928
"36005008400","2008400","2","Bronx","008400","BX0903","Castle Hill-Unionport","BX09","BX09 Soundview-Parkchester (CD 9 Approximation)",0.0600818101392568
"36081044000","4044000","4","Queens","044000","QN1202","South Jamaica","QN12","QN12 Jamaica-St. Albans-Hollis (CD 12 Approximation)",0.14568076412124
"36047001801","3001801","3","Brooklyn","001801","BK0702","Sunset Park (West)","BK07","BK07 Sunset Park-Windsor Terrace (CD 7 Approximation)",0.184356064767709
"36047001802","3001802","3","Brooklyn","001802","BK0702","Sunset Park (West)","BK07","BK07 Sunset Park-Windsor Terrace (CD 7 Approximation)",0.229394057709181
"36005020502","2020502","2","Bronx","020502","BX0501","University Heights (South)-Morris Heights","BX05","BX05 Morris Heights-Mount Hope (CD 5 Approximation)",0.0390000350121434
"36061000600","1000600","1","Manhattan","000600","MN0301","Chinatown-Two Bridges","MN03","MN03 Lower East Side-Chinatown (CD 3 Equivalent)",0.0931522268566772
"36047053700","3053700","3","Brooklyn","053700","BK0103","South Williamsburg","BK01","BK01 Williamsburg-Greenpoint (CD 1 Equivalent)",0.064659981349126
"36047053900","3053900","3","Brooklyn","053900","BK0103","South Williamsburg","BK01","BK01 Williamsburg-Greenpoint (CD 1 Equivalent)",0.0391534114752326
"36047032800","3032800","3","Brooklyn","032800","BK1302","Coney Island-Sea Gate","BK13","BK13 Coney Island-Brighton Beach (CD 13 Approximation)",0.0899390215937456
"36047033000","3033000","3","Brooklyn","033000","BK1302","Coney Island-Sea Gate","BK13","BK13 Coney Island-Brighton Beach (CD 13 Approximation)",0.141526846293815
"36047062200","3062200","3","Brooklyn","062200","BK1503","Sheepshead Bay-Manhattan Beach-Gerritsen Beach","BK15","BK15 Sheepshead Bay-Gravesend (East) (CD 15 Approximation)",0.0964616431314561
"36047002901","3002901","3","Brooklyn","002901","BK0203","Fort Greene","BK02","BK02 Downtown Brooklyn-Fort Greene (CD 2 Approximation)",0.0418806943444069
"36047021100","3021100","3","Brooklyn","021100","BK0203","Fort Greene","BK02","BK02 Downtown Brooklyn-Fort Greene (CD 2 Approximation)",0.10616572069846
"36047013800","3013800","3","Brooklyn","013800","BK1001","Bay Ridge","BK10","BK10 Bay Ridge-Dyker Heights (CD 10 Approximation)",0.0629439563686807
"36047013400","3013400","3","Brooklyn","013400","BK1001","Bay Ridge","BK10","BK10 Bay Ridge-Dyker Heights (CD 10 Approximation)",0.103419518525385
"36047013600","3013600","3","Brooklyn","013600","BK1001","Bay Ridge","BK10","BK10 Bay Ridge-Dyker Heights (CD 10 Approximation)",0.0829228655537913
"36081147900","4147900","4","Queens","147900","QN1103","Douglaston-Little Neck","QN11","QN11 Auburndale-Bayside-Douglaston (CD 11 Approximation)",0.329210942885756
"36081150701","4150701","4","Queens","150701","QN1103","Douglaston-Little Neck","QN11","QN11 Auburndale-Bayside-Douglaston (CD 11 Approximation)",0.338548448810715
"36047056100","3056100","3","Brooklyn","056100","BK0101","Greenpoint","BK01","BK01 Williamsburg-Greenpoint (CD 1 Equivalent)",0.128382050380223
"36047056900","3056900","3","Brooklyn","056900","BK0101","Greenpoint","BK01","BK01 Williamsburg-Greenpoint (CD 1 Equivalent)",0.0493215542992937
"36005034800","2034800","2","Bronx","034800","BX1103","Pelham Gardens","BX11","BX11 Pelham Parkway-Morris Park (CD 11 Approximation)",0.169057886636992
"36005046203","2046203","2","Bronx","046203","BX1004","Co-op City","BX10","BX10 Co-op City-Throgs Neck (CD 10 Approximation)",0.346455403737646
"36081060701","4060701","4","Queens","060701","QN0571","Mount Olivet & All Faiths Cemeteries","QN05","QN05 Ridgewood-Maspeth-Middle Village (CD 5 Approximation)",0.274291883570752
"36047042700","3042700","3","Brooklyn","042700","BK0401","Bushwick (West)","BK04","BK04 Bushwick (CD 4 Equivalent)",0.057178375429952
"36047045300","3045300","3","Brooklyn","045300","BK0104","East Williamsburg","BK01","BK01 Williamsburg-Greenpoint (CD 1 Equivalent)",0.12344128448506
"36005030201","2030201","2","Bronx","030201","BX1004","Co-op City","BX10","BX10 Co-op City-Throgs Neck (CD 10 Approximation)",0.0857135305557997
"36047070201","3070201","3","Brooklyn","070201","BK1802","Marine Park-Mill Basin-Bergen Beach","BK18","BK18 Canarsie-Flatlands (CD 18 Approximation)",0.397613343584301
"36047070602","3070602","3","Brooklyn","070602","BK1892","McGuire Fields","BK18","BK18 Canarsie-Flatlands (CD 18 Approximation)",0.379848555515309
"36085020701","5020701","5","Staten Island","020701","SI0106","Port Richmond","SI01","SI01 North Shore (CD 1 Equivalent)",0.160362917991797
"36085021300","5021300","5","Staten Island","021300","SI0106","Port Richmond","SI01","SI01 North Shore (CD 1 Equivalent)",0.302488089068207
"36047021900","3021900","3","Brooklyn","021900","BK0802","Crown Heights (North)","BK08","BK08 Crown Heights (North) (CD 8 Approximation)",0.056773091287512
"36047031702","3031702","3","Brooklyn","031702","BK0802","Crown Heights (North)","BK08","BK08 Crown Heights (North) (CD 8 Approximation)",0.0538175231301758
"36081061601","4061601","4","Queens","061601","QN1305","Laurelton","QN13","QN13 Queens Village-Bellerose-Rosedale (CD 13 Approximation)",0.147695256823517
"36081061602","4061602","4","Queens","061602","QN1307","Rosedale","QN13","QN13 Queens Village-Bellerose-Rosedale (CD 13 Approximation)",0.163311425176441
"36047000700","3000700","3","Brooklyn","000700","BK0201","Brooklyn Heights","BK02","BK02 Downtown Brooklyn-Fort Greene (CD 2 Approximation)",0.067491782188535
"36047098200","3098200","3","Brooklyn","098200","BK1803","Canarsie","BK18","BK18 Canarsie-Flatlands (CD 18 Approximation)",0.133423390819926
"36047110400","3110400","3","Brooklyn","110400","BK0503","East New York-New Lots","BK05","BK05 East New York-Cypress Hills (CD 5 Approximation)",0.28659920955133
"36081071100","4071100","4","Queens","071100","QN0602","Forest Hills","QN06","QN06 Forest Hills-Rego Park (CD 6 Approximation)",0.141727235419419
"36081037501","4037501","4","Queens","037501","QN0402","Corona","QN04","QN04 Elmhurst-Corona (CD 4 Approximation)",0.0204896026837228
"36081037502","4037502","4","Queens","037502","QN0303","North Corona","QN03","QN03 Jackson Heights-East Elmhurst (CD 3 Approximation)",0.0386646846722717
"36081027301","4027301","4","Queens","027301","QN0301","Jackson Heights","QN03","QN03 Jackson Heights-East Elmhurst (CD 3 Approximation)",0.038086400756875
"36081046500","4046500","4","Queens","046500","QN0401","Elmhurst","QN04","QN04 Elmhurst-Corona (CD 4 Approximation)",0.0501007720395227
"36061011600","1011600","1","Manhattan","011600","MN0801","Upper East Side-Lenox Hill-Roosevelt Island","MN08","MN08 Upper East Side-Roosevelt Island (CD 8 Equivalent)",0.0759562881013624
"36061012400","1012400","1","Manhattan","012400","MN0801","Upper East Side-Lenox Hill-Roosevelt Island","MN08","MN08 Upper East Side-Roosevelt Island (CD 8 Equivalent)",0.0662717066827979
"36061016300","1016300","1","Manhattan","016300","MN0702","Upper West Side (Central)","MN07","MN07 Upper West Side (CD 7 Approximation)",0.102637465322754
"36061016700","1016700","1","Manhattan","016700","MN0702","Upper West Side (Central)","MN07","MN07 Upper West Side (CD 7 Approximation)",0.0787368406466933
"36047117602","3117602","3","Brooklyn","117602","BK0501","Cypress Hills","BK05","BK05 East New York-Cypress Hills (CD 5 Approximation)",0.0555271493556518
"36005038700","2038700","2","Bronx","038700","BX0603","Belmont","BX06","BX06 Tremont-Belmont-West Farms (CD 6 Approximation)",0.0707286233342096
"36005038900","2038900","2","Bronx","038900","BX0603","Belmont","BX06","BX06 Tremont-Belmont-West Farms (CD 6 Approximation)",0.066231712114383
"36081047500","4047500","4","Queens","047500","QN0401","Elmhurst","QN04","QN04 Elmhurst-Corona (CD 4 Approximation)",0.108643988497668
"36061008700","1008700","1","Manhattan","008700","MN0401","Chelsea-Hudson Yards","MN04","MN04 Chelsea-Hell's Kitchen (CD 4 Approximation)",0.063879600655851
"36061009100","1009100","1","Manhattan","009100","MN0401","Chelsea-Hudson Yards","MN04","MN04 Chelsea-Hell's Kitchen (CD 4 Approximation)",0.0691222868765047
"36061019800","1019800","1","Manhattan","019800","MN1102","East Harlem (North)","MN11","MN11 East Harlem (CD 11 Equivalent)",0.0877337685118953
"36061020000","1020000","1","Manhattan","020000","MN1001","Harlem (South)","MN10","MN10 Harlem (CD 10 Equivalent)",0.0493690539852576
"36005002001","2002001","2","Bronx","002001","BX0902","Soundview-Clason Point","BX09","BX09 Soundview-Parkchester (CD 9 Approximation)",0.0766080094239106
"36005000200","2000200","2","Bronx","000200","BX0902","Soundview-Clason Point","BX09","BX09 Soundview-Parkchester (CD 9 Approximation)",0.174942354565117
"36005002400","2002400","2","Bronx","002400","BX0991","Soundview Park","BX09","BX09 Soundview-Parkchester (CD 9 Approximation)",0.279584991300993
"36005006900","2006900","2","Bronx","006900","BX0102","Melrose","BX01","BX01 Melrose-Mott Haven-Port Morris (CD 1 Approximation)",0.0727848442160312
"36047070202","3070202","3","Brooklyn","070202","BK5691","Barren Island-Floyd Bennett Field","BK56","BK56 Jamaica Bay (West) (JIA 56 Approximation)",1.96125016960471
"36047032500","3032500","3","Brooklyn","032500","BK0901","Crown Heights (South)","BK09","BK09 Crown Heights (South) (CD 9 Approximation)",0.0649993854266981
"36081033000","4033000","4","Queens","033000","QN1204","Springfield Gardens (North)-Rochdale Village","QN12","QN12 Jamaica-St. Albans-Hollis (CD 12 Approximation)",0.316213497485619
"36081033405","4033405","4","Queens","033405","QN1204","Springfield Gardens (North)-Rochdale Village","QN12","QN12 Jamaica-St. Albans-Hollis (CD 12 Approximation)",0.106157627004745
"36047036502","3036502","3","Brooklyn","036502","BK1601","Ocean Hill","BK16","BK16 Ocean Hill-Brownsville (CD 16 Approximation)",0.0472368648138079
"36047036700","3036700","3","Brooklyn","036700","BK1601","Ocean Hill","BK16","BK16 Ocean Hill-Brownsville (CD 16 Approximation)",0.0703446585313612
"36081062000","4062000","4","Queens","062000","QN1305","Laurelton","QN13","QN13 Queens Village-Bellerose-Rosedale (CD 13 Approximation)",0.0851837280496692
"36081063000","4063000","4","Queens","063000","QN1305","Laurelton","QN13","QN13 Queens Village-Bellerose-Rosedale (CD 13 Approximation)",0.0747633205680598
"36081011000","4011000","4","Queens","011000","QN0903","South Richmond Hill","QN09","QN09 Kew Gardens-Richmond Hill-Woodhaven (CD 9 Approximation)",0.0637221452509277
"36081011600","4011600","4","Queens","011600","QN0904","Ozone Park (North)","QN09","QN09 Kew Gardens-Richmond Hill-Woodhaven (CD 9 Approximation)",0.052773828763638
"36081011800","4011800","4","Queens","011800","QN0903","South Richmond Hill","QN09","QN09 Kew Gardens-Richmond Hill-Woodhaven (CD 9 Approximation)",0.0603193680666738
"36047011902","3011902","3","Brooklyn","011902","BK0601","Carroll Gardens-Cobble Hill-Gowanus-Red Hook","BK06","BK06 Park Slope-Carroll Gardens (CD 6 Approximation)",0.0949904954915064
"36047000100","3000100","3","Brooklyn","000100","BK0201","Brooklyn Heights","BK02","BK02 Downtown Brooklyn-Fort Greene (CD 2 Approximation)",0.0797807253181488
"36047000502","3000502","3","Brooklyn","000502","BK0201","Brooklyn Heights","BK02","BK02 Downtown Brooklyn-Fort Greene (CD 2 Approximation)",0.0373600119139102
"36081103201","4103201","4","Queens","103201","QN1401","Far Rockaway-Bayswater","QN14","QN14 The Rockaways (CD 14 Approximation)",0.154649497688183
"36081103202","4103202","4","Queens","103202","QN1401","Far Rockaway-Bayswater","QN14","QN14 The Rockaways (CD 14 Approximation)",0.275285477030928
"36047057100","3057100","3","Brooklyn","057100","BK0101","Greenpoint","BK01","BK01 Williamsburg-Greenpoint (CD 1 Equivalent)",0.0678960044846557
"36047057300","3057300","3","Brooklyn","057300","BK0101","Greenpoint","BK01","BK01 Williamsburg-Greenpoint (CD 1 Equivalent)",0.0656835466781061
"36047057500","3057500","3","Brooklyn","057500","BK0101","Greenpoint","BK01","BK01 Williamsburg-Greenpoint (CD 1 Equivalent)",0.0700383420386427
"36061004400","1004400","1","Manhattan","004400","MN0601","Stuyvesant Town-Peter Cooper Village","MN06","MN06 East Midtown-Murray Hill (CD 6 Approximation)",0.153446515910041
"36085000800","5000800","5","Staten Island","000800","SI0103","Rosebank-Shore Acres-Park Hill","SI01","SI01 North Shore (CD 1 Equivalent)",0.307457973842575
"36081108500","4108500","4","Queens","108500","QN1101","Auburndale","QN11","QN11 Auburndale-Bayside-Douglaston (CD 11 Approximation)",0.17190459779528
"36081113900","4113900","4","Queens","113900","QN1101","Auburndale","QN11","QN11 Auburndale-Bayside-Douglaston (CD 11 Approximation)",0.148244200507735
"36081010300","4010300","4","Queens","010300","QN0101","Astoria (North)-Ditmars-Steinway","QN01","QN01 Astoria-Queensbridge (CD 1 Equivalent)",0.09670144011776
"36081010500","4010500","4","Queens","010500","QN0101","Astoria (North)-Ditmars-Steinway","QN01","QN01 Astoria-Queensbridge (CD 1 Equivalent)",0.076455463940501
"36061021100","1021100","1","Manhattan","021100","MN0901","Morningside Heights","MN09","MN09 Morningside Heights-Hamilton Heights (CD 9 Equivalent)",0.134090711933726
"36005007100","2007100","2","Bronx","007100","BX0102","Melrose","BX01","BX01 Melrose-Mott Haven-Port Morris (CD 1 Approximation)",0.101937797217689
"36005007500","2007500","2","Bronx","007500","BX0102","Melrose","BX01","BX01 Melrose-Mott Haven-Port Morris (CD 1 Approximation)",0.0881958857751419
"36081030904","4030904","4","Queens","030904","QN0301","Jackson Heights","QN03","QN03 Jackson Heights-East Elmhurst (CD 3 Approximation)",0.160004389895377
"36005041400","2041400","2","Bronx","041400","BX1203","Wakefield-Woodlawn","BX12","BX12 Wakefield-Williamsbridge-Eastchester (CD 12 Approximation)",0.213300359009687
"36005041800","2041800","2","Bronx","041800","BX1203","Wakefield-Woodlawn","BX12","BX12 Wakefield-Williamsbridge-Eastchester (CD 12 Approximation)",0.105120221640217
"36005019300","2019300","2","Bronx","019300","BX0402","Highbridge","BX04","BX04 Highbridge-Concourse (CD 4 Approximation)",0.0928149876442026
"36081059501","4059501","4","Queens","059501","QN0502","Ridgewood","QN05","QN05 Ridgewood-Maspeth-Middle Village (CD 5 Approximation)",0.063651128058008
"36081060100","4060100","4","Queens","060100","QN0501","Maspeth","QN05","QN05 Ridgewood-Maspeth-Middle Village (CD 5 Approximation)",0.0595979918489812
"36081059300","4059300","4","Queens","059300","QN0502","Ridgewood","QN05","QN05 Ridgewood-Maspeth-Middle Village (CD 5 Approximation)",0.0974932108403332
"36005036400","2036400","2","Bronx","036400","BX1202","Eastchester-Edenwald-Baychester","BX12","BX12 Wakefield-Williamsbridge-Eastchester (CD 12 Approximation)",0.0786309796971324
"36005036800","2036800","2","Bronx","036800","BX1201","Williamsbridge-Olinville","BX12","BX12 Wakefield-Williamsbridge-Eastchester (CD 12 Approximation)",0.0652925991293634
"36081044400","4044400","4","Queens","044400","QN1201","Jamaica","QN12","QN12 Jamaica-St. Albans-Hollis (CD 12 Approximation)",0.348023327217529
"36081046800","4046800","4","Queens","046800","QN1201","Jamaica","QN12","QN12 Jamaica-St. Albans-Hollis (CD 12 Approximation)",0.0886374250054196
"36061006200","1006200","1","Manhattan","006200","MN0603","Murray Hill-Kips Bay","MN06","MN06 East Midtown-Murray Hill (CD 6 Approximation)",0.113632868804861
"36047056500","3056500","3","Brooklyn","056500","BK0101","Greenpoint","BK01","BK01 Williamsburg-Greenpoint (CD 1 Equivalent)",0.0917312432913574
"36061014300","1014300","1","Manhattan","014300","MN6491","Central Park","MN64","MN64 Central Park (JIA 64 Equivalent)",1.37426919120324
"36061021600","1021600","1","Manhattan","021600","MN1001","Harlem (South)","MN10","MN10 Harlem (CD 10 Equivalent)",0.0668778974743165
"36005036000","2036000","2","Bronx","036000","BX1103","Pelham Gardens","BX11","BX11 Pelham Parkway-Morris Park (CD 11 Approximation)",0.102494771945645
"36005022403","2022403","2","Bronx","022403","BX1101","Pelham Parkway-Van Nest","BX11","BX11 Pelham Parkway-Morris Park (CD 11 Approximation)",0.0479983951125675
"36061015200","1015200","1","Manhattan","015200","MN0803","Upper East Side-Yorkville","MN08","MN08 Upper East Side-Roosevelt Island (CD 8 Equivalent)",0.0704355367322674
"36047022900","3022900","3","Brooklyn","022900","BK0301","Bedford-Stuyvesant (West)","BK03","BK03 Bedford-Stuyvesant (CD 3 Approximation)",0.0663445282145394
"36047010000","3010000","3","Brooklyn","010000","BK0703","Sunset Park (Central)","BK07","BK07 Sunset Park-Windsor Terrace (CD 7 Approximation)",0.0582914740286211
"36047010200","3010200","3","Brooklyn","010200","BK0703","Sunset Park (Central)","BK07","BK07 Sunset Park-Windsor Terrace (CD 7 Approximation)",0.058850538866582
"36005016900","2016900","2","Bronx","016900","BX0302","Claremont Village-Claremont (East)","BX03","BX03 Morrisania-Crotona Park East (CD 3 Approximation)",0.0358757776161806
"36005016700","2016700","2","Bronx","016700","BX0302","Claremont Village-Claremont (East)","BX03","BX03 Morrisania-Crotona Park East (CD 3 Approximation)",0.0795941643193849
"36005017100","2017100","2","Bronx","017100","BX0492","Claremont Park","BX04","BX04 Highbridge-Concourse (CD 4 Approximation)",0.0667946675098809
"36047013500","3013500","3","Brooklyn","013500","BK0602","Park Slope","BK06","BK06 Park Slope-Carroll Gardens (CD 6 Approximation)",0.0586574321674824
"36047015500","3015500","3","Brooklyn","015500","BK0602","Park Slope","BK06","BK06 Park Slope-Carroll Gardens (CD 6 Approximation)",0.0577795750715453
"36085032300","5032300","5","Staten Island","032300","SI0107","Mariner's Harbor-Arlington-Graniteville","SI01","SI01 North Shore (CD 1 Equivalent)",1.49306412419792
"36047092200","3092200","3","Brooklyn","092200","BK1602","Brownsville","BK16","BK16 Ocean Hill-Brownsville (CD 16 Approximation)",0.0625097941070076
"36081099703","4099703","4","Queens","099703","QN0703","Bay Terrace-Clearview","QN07","QN07 Flushing-Murray Hill-Whitestone (CD 7 Approximation)",0.222501319621367
"36005033201","2033201","2","Bronx","033201","BX1104","Allerton","BX11","BX11 Pelham Parkway-Morris Park (CD 11 Approximation)",0.0439129123525896
"36005033202","2033202","2","Bronx","033202","BX1104","Allerton","BX11","BX11 Pelham Parkway-Morris Park (CD 11 Approximation)",0.0441803839853437
"36005033000","2033000","2","Bronx","033000","BX1104","Allerton","BX11","BX11 Pelham Parkway-Morris Park (CD 11 Approximation)",0.0795737421979466
"36005033801","2033801","2","Bronx","033801","BX1104","Allerton","BX11","BX11 Pelham Parkway-Morris Park (CD 11 Approximation)",0.0441704967427555
"36047002200","3002200","3","Brooklyn","002200","BK0702","Sunset Park (West)","BK07","BK07 Sunset Park-Windsor Terrace (CD 7 Approximation)",0.130885020182989
"36047007000","3007000","3","Brooklyn","007000","BK1001","Bay Ridge","BK10","BK10 Bay Ridge-Dyker Heights (CD 10 Approximation)",0.0569653396314258
"36047015900","3015900","3","Brooklyn","015900","BK0602","Park Slope","BK06","BK06 Park Slope-Carroll Gardens (CD 6 Approximation)",0.0968206057181981
"36005033802","2033802","2","Bronx","033802","BX1201","Williamsbridge-Olinville","BX12","BX12 Wakefield-Williamsbridge-Eastchester (CD 12 Approximation)",0.0181422457259211
"36005037200","2037200","2","Bronx","037200","BX1201","Williamsbridge-Olinville","BX12","BX12 Wakefield-Williamsbridge-Eastchester (CD 12 Approximation)",0.0720607512207899
"36047032700","3032700","3","Brooklyn","032700","BK0902","Prospect Lefferts Gardens-Wingate","BK09","BK09 Crown Heights (South) (CD 9 Approximation)",0.0683273662649325
"36061000500","1000500","1","Manhattan","000500","MN0191","The Battery-Governors Island-Ellis Island-Liberty Island","MN01","MN01 Financial District-Tribeca (CD 1 Equivalent)",0.325454701484432
"36047004700","3004700","3","Brooklyn","004700","BK0601","Carroll Gardens-Cobble Hill-Gowanus-Red Hook","BK06","BK06 Park Slope-Carroll Gardens (CD 6 Approximation)",0.105037327550949
"36047008600","3008600","3","Brooklyn","008600","BK0703","Sunset Park (Central)","BK07","BK07 Sunset Park-Windsor Terrace (CD 7 Approximation)",0.0438304329288704
"36047009201","3009201","3","Brooklyn","009201","BK0703","Sunset Park (Central)","BK07","BK07 Sunset Park-Windsor Terrace (CD 7 Approximation)",0.0218327311754178
"36047042300","3042300","3","Brooklyn","042300","BK0401","Bushwick (West)","BK04","BK04 Bushwick (CD 4 Equivalent)",0.0703576220516872
"36047039300","3039300","3","Brooklyn","039300","BK0401","Bushwick (West)","BK04","BK04 Bushwick (CD 4 Equivalent)",0.0733148535396328
"36005023501","2023501","2","Bronx","023501","BX0502","Mount Hope","BX05","BX05 Morris Heights-Mount Hope (CD 5 Approximation)",0.0264216256798718
"36005023502","2023502","2","Bronx","023502","BX0502","Mount Hope","BX05","BX05 Morris Heights-Mount Hope (CD 5 Approximation)",0.0371202636921967
"36005019700","2019700","2","Bronx","019700","BX0401","Concourse-Concourse Village","BX04","BX04 Highbridge-Concourse (CD 4 Approximation)",0.0571362648973384
"36005006302","2006302","2","Bronx","006302","BX0491","Yankee Stadium-Macombs Dam Park","BX04","BX04 Highbridge-Concourse (CD 4 Approximation)",0.100832706615597
"36005019900","2019900","2","Bronx","019900","BX0402","Highbridge","BX04","BX04 Highbridge-Concourse (CD 4 Approximation)",0.0683597017243265
"36061023700","1023700","1","Manhattan","023700","MN0903","Hamilton Heights-Sugar Hill","MN09","MN09 Morningside Heights-Hamilton Heights (CD 9 Equivalent)",0.103879328519915
"36047019500","3019500","3","Brooklyn","019500","BK0204","Clinton Hill","BK02","BK02 Downtown Brooklyn-Fort Greene (CD 2 Approximation)",0.0528966441137133
"36047019100","3019100","3","Brooklyn","019100","BK0204","Clinton Hill","BK02","BK02 Downtown Brooklyn-Fort Greene (CD 2 Approximation)",0.0976337645118441
"36047019300","3019300","3","Brooklyn","019300","BK0204","Clinton Hill","BK02","BK02 Downtown Brooklyn-Fort Greene (CD 2 Approximation)",0.104139378855423
"36081099705","4099705","4","Queens","099705","QN0703","Bay Terrace-Clearview","QN07","QN07 Flushing-Murray Hill-Whitestone (CD 7 Approximation)",0.169811510201065
"36081099900","4099900","4","Queens","099900","QN0761","Fort Totten","QN07","QN07 Flushing-Murray Hill-Whitestone (CD 7 Approximation)",0.24955750876722
"36085009602","5009602","5","Staten Island","009602","SI0201","Grasmere-Arrochar-South Beach-Dongan Hills","SI02","SI02 Mid-Island (CD 2 Approximation)",0.238597683680356
"36085017702","5017702","5","Staten Island","017702","SI0203","Todt Hill-Emerson Hill-Lighthouse Hill-Manor Heights","SI02","SI02 Mid-Island (CD 2 Approximation)",0.226214148775585
"36047042400","3042400","3","Brooklyn","042400","BK1103","Gravesend (West)","BK11","BK11 Bensonhurst-Bath Beach (CD 11 Approximation)",0.0621848074377408
"36047042600","3042600","3","Brooklyn","042600","BK1103","Gravesend (West)","BK11","BK11 Bensonhurst-Bath Beach (CD 11 Approximation)",0.0656415095810128
"36047016400","3016400","3","Brooklyn","016400","BK1061","Fort Hamilton","BK10","BK10 Bay Ridge-Dyker Heights (CD 10 Approximation)",0.303630790138906
"36047042000","3042000","3","Brooklyn","042000","BK1501","Gravesend (East)-Homecrest","BK15","BK15 Sheepshead Bay-Gravesend (East) (CD 15 Approximation)",0.0652863631855634
"36047054200","3054200","3","Brooklyn","054200","BK1403","Midwood","BK14","BK14 Flatbush-Midwood (CD 14 Approximation)",0.0730615574695992
"36085003300","5003300","5","Staten Island","003300","SI0104","West New Brighton-Silver Lake-Grymes Hill","SI01","SI01 North Shore (CD 1 Equivalent)",0.330325196837576
"36047073000","3073000","3","Brooklyn","073000","BK1801","Flatlands","BK18","BK18 Canarsie-Flatlands (CD 18 Approximation)",0.0714267374938553
"36047073600","3073600","3","Brooklyn","073600","BK1801","Flatlands","BK18","BK18 Canarsie-Flatlands (CD 18 Approximation)",0.0687145139491166
"36085013302","5013302","5","Staten Island","013302","SI0106","Port Richmond","SI01","SI01 North Shore (CD 1 Equivalent)",0.334080121163199
"36085014100","5014100","5","Staten Island","014100","SI0106","Port Richmond","SI01","SI01 North Shore (CD 1 Equivalent)",0.119765855005091
"36047114400","3114400","3","Brooklyn","114400","BK0502","East New York (North)","BK05","BK05 East New York-Cypress Hills (CD 5 Approximation)",0.16563265793723
"36047022100","3022100","3","Brooklyn","022100","BK0802","Crown Heights (North)","BK08","BK08 Crown Heights (North) (CD 8 Approximation)",0.0586791051945484
"36047030500","3030500","3","Brooklyn","030500","BK0802","Crown Heights (North)","BK08","BK08 Crown Heights (North) (CD 8 Approximation)",0.124756834563013
"36081124700","4124700","4","Queens","124700","QN0802","Pomonok-Electchester-Hillcrest","QN08","QN08 Fresh Meadows-Hillcrest-Briarwood (CD 8 Approximation)",0.186767980642444
"36081126700","4126700","4","Queens","126700","QN0802","Pomonok-Electchester-Hillcrest","QN08","QN08 Fresh Meadows-Hillcrest-Briarwood (CD 8 Approximation)",0.29723094692513
"36081112300","4112300","4","Queens","112300","QN1102","Bayside","QN11","QN11 Auburndale-Bayside-Douglaston (CD 11 Approximation)",0.107822587707107
"36081112900","4112900","4","Queens","112900","QN1102","Bayside","QN11","QN11 Auburndale-Bayside-Douglaston (CD 11 Approximation)",0.137022948309758
"36047012801","3012801","3","Brooklyn","012801","BK1002","Dyker Heights","BK10","BK10 Bay Ridge-Dyker Heights (CD 10 Approximation)",0.0444184894388721
"36047021000","3021000","3","Brooklyn","021000","BK1002","Dyker Heights","BK10","BK10 Bay Ridge-Dyker Heights (CD 10 Approximation)",0.0579140077074737
"36047003400","3003400","3","Brooklyn","003400","BK1001","Bay Ridge","BK10","BK10 Bay Ridge-Dyker Heights (CD 10 Approximation)",0.186392281941224
"36047002100","3002100","3","Brooklyn","002100","BK0202","Downtown Brooklyn-DUMBO-Boerum Hill","BK02","BK02 Downtown Brooklyn-Fort Greene (CD 2 Approximation)",0.204637599680797
"36047054700","3054700","3","Brooklyn","054700","BK0102","Williamsburg","BK01","BK01 Williamsburg-Greenpoint (CD 1 Equivalent)",0.0654638789746305
"36047054900","3054900","3","Brooklyn","054900","BK0102","Williamsburg","BK01","BK01 Williamsburg-Greenpoint (CD 1 Equivalent)",0.0752288188976634
"36047055100","3055100","3","Brooklyn","055100","BK0102","Williamsburg","BK01","BK01 Williamsburg-Greenpoint (CD 1 Equivalent)",0.0900488762441329
"36047055500","3055500","3","Brooklyn","055500","BK0102","Williamsburg","BK01","BK01 Williamsburg-Greenpoint (CD 1 Equivalent)",0.101506730889796
"36005024000","2024000","2","Bronx","024000","BX1101","Pelham Parkway-Van Nest","BX11","BX11 Pelham Parkway-Morris Park (CD 11 Approximation)",0.0923071656928196
"36081091604","4091604","4","Queens","091604","QN8492","Jacob Riis Park-Fort Tilden-Breezy Point Tip","QN84","QN84 Jamaica Bay (East) (JIA 84 Approximation)",0.962746757049265
"36047039700","3039700","3","Brooklyn","039700","BK0402","Bushwick (East)","BK04","BK04 Bushwick (CD 4 Equivalent)",0.0614542431357239
"36081047801","4047801","4","Queens","047801","QN0804","Jamaica Estates-Holliswood","QN08","QN08 Fresh Meadows-Hillcrest-Briarwood (CD 8 Approximation)",0.200907255904445
"36081048200","4048200","4","Queens","048200","QN1206","Hollis","QN12","QN12 Jamaica-St. Albans-Hollis (CD 12 Approximation)",0.0880204106561034
"36005006100","2006100","2","Bronx","006100","BX0401","Concourse-Concourse Village","BX04","BX04 Highbridge-Concourse (CD 4 Approximation)",0.0937455408401302
"36081091603","4091603","4","Queens","091603","QN1403","Breezy Point-Belle Harbor-Rockaway Park-Broad Channel","QN14","QN14 The Rockaways (CD 14 Approximation)",0.723562247303551
"36061003100","1003100","1","Manhattan","003100","MN0102","Tribeca-Civic Center","MN01","MN01 Financial District-Tribeca (CD 1 Equivalent)",0.0791660827071806
"36061004500","1004500","1","Manhattan","004500","MN0201","SoHo-Little Italy-Hudson Square","MN02","MN02 Greenwich Village-SoHo (CD 2 Equivalent)",0.04051606052571
"36061003300","1003300","1","Manhattan","003300","MN0102","Tribeca-Civic Center","MN01","MN01 Financial District-Tribeca (CD 1 Equivalent)",0.131920515582495
"36061004700","1004700","1","Manhattan","004700","MN0201","SoHo-Little Italy-Hudson Square","MN02","MN02 Greenwich Village-SoHo (CD 2 Equivalent)",0.0638691940595608
"36061003700","1003700","1","Manhattan","003700","MN0201","SoHo-Little Italy-Hudson Square","MN02","MN02 Greenwich Village-SoHo (CD 2 Equivalent)",0.147654234391791
"36061003900","1003900","1","Manhattan","003900","MN0102","Tribeca-Civic Center","MN01","MN01 Financial District-Tribeca (CD 1 Equivalent)",0.12809277237874
"36081003301","4003301","4","Queens","003301","QN0105","Queensbridge-Ravenswood-Dutch Kills","QN01","QN01 Astoria-Queensbridge (CD 1 Equivalent)",0.0741384699477146
"36061015601","1015601","1","Manhattan","015601","MN0803","Upper East Side-Yorkville","MN08","MN08 Upper East Side-Roosevelt Island (CD 8 Equivalent)",0.0284061766080687
"36061015602","1015602","1","Manhattan","015602","MN1101","East Harlem (South)","MN11","MN11 East Harlem (CD 11 Equivalent)",0.0419649475897713
"36005019400","2019400","2","Bronx","019400","BX1002","Throgs Neck-Schuylerville","BX10","BX10 Co-op City-Throgs Neck (CD 10 Approximation)",0.311150161327825
"36005027402","2027402","2","Bronx","027402","BX1003","Pelham Bay-Country Club-City Island","BX10","BX10 Co-op City-Throgs Neck (CD 10 Approximation)",0.20480898534774
"36047039800","3039800","3","Brooklyn","039800","BK1501","Gravesend (East)-Homecrest","BK15","BK15 Sheepshead Bay-Gravesend (East) (CD 15 Approximation)",0.0783452901793551
"36047040000","3040000","3","Brooklyn","040000","BK1103","Gravesend (West)","BK11","BK11 Bensonhurst-Bath Beach (CD 11 Approximation)",0.073834032471482
"36047001804","3001804","3","Brooklyn","001804","BK0702","Sunset Park (West)","BK07","BK07 Sunset Park-Windsor Terrace (CD 7 Approximation)",0.130667139461179
"36081013200","4013200","4","Queens","013200","QN0902","Richmond Hill","QN09","QN09 Kew Gardens-Richmond Hill-Woodhaven (CD 9 Approximation)",0.0742845390765893
"36081013400","4013400","4","Queens","013400","QN0901","Kew Gardens","QN09","QN09 Kew Gardens-Richmond Hill-Woodhaven (CD 9 Approximation)",0.0737321093415549
"36081060300","4060300","4","Queens","060300","QN0501","Maspeth","QN05","QN05 Ridgewood-Maspeth-Middle Village (CD 5 Approximation)",0.0699265518486412
"36005009200","2009200","2","Bronx","009200","BX0903","Castle Hill-Unionport","BX09","BX09 Soundview-Parkchester (CD 9 Approximation)",0.119626042195326
"36085029104","5029104","5","Staten Island","029104","SI0204","New Springville-Willowbrook-Bulls Head-Travis","SI02","SI02 Mid-Island (CD 2 Approximation)",0.595560196611837
"36085029105","5029105","5","Staten Island","029105","SI0204","New Springville-Willowbrook-Bulls Head-Travis","SI02","SI02 Mid-Island (CD 2 Approximation)",0.62173012095352
"36085007700","5007700","5","Staten Island","007700","SI0101","St. George-New Brighton","SI01","SI01 North Shore (CD 1 Equivalent)",0.09598784157893
"36047023300","3023300","3","Brooklyn","023300","BK0301","Bedford-Stuyvesant (West)","BK03","BK03 Bedford-Stuyvesant (CD 3 Approximation)",0.0663388228153131
"36047023500","3023500","3","Brooklyn","023500","BK0301","Bedford-Stuyvesant (West)","BK03","BK03 Bedford-Stuyvesant (CD 3 Approximation)",0.0546552468057488
"36047029200","3029200","3","Brooklyn","029200","BK1102","Bath Beach","BK11","BK11 Bensonhurst-Bath Beach (CD 11 Approximation)",0.0794704604944543
"36047029400","3029400","3","Brooklyn","029400","BK1103","Gravesend (West)","BK11","BK11 Bensonhurst-Bath Beach (CD 11 Approximation)",0.0728924715823691
"36081077904","4077904","4","Queens","077904","QN0801","Kew Gardens Hills","QN08","QN08 Fresh Meadows-Hillcrest-Briarwood (CD 8 Approximation)",0.149314366499606
"36081077905","4077905","4","Queens","077905","QN0801","Kew Gardens Hills","QN08","QN08 Fresh Meadows-Hillcrest-Briarwood (CD 8 Approximation)",0.105178927200249
"36081125700","4125700","4","Queens","125700","QN0802","Pomonok-Electchester-Hillcrest","QN08","QN08 Fresh Meadows-Hillcrest-Briarwood (CD 8 Approximation)",0.12794542067443
"36081126500","4126500","4","Queens","126500","QN0802","Pomonok-Electchester-Hillcrest","QN08","QN08 Fresh Meadows-Hillcrest-Briarwood (CD 8 Approximation)",0.0773644261697287
"36047050600","3050600","3","Brooklyn","050600","BK1402","Flatbush (West)-Ditmas Park-Parkville","BK14","BK14 Flatbush-Midwood (CD 14 Approximation)",0.0635480314008926
"36047115200","3115200","3","Brooklyn","115200","BK0502","East New York (North)","BK05","BK05 East New York-Cypress Hills (CD 5 Approximation)",0.0641451798721611
"36047119800","3119800","3","Brooklyn","119800","BK0502","East New York (North)","BK05","BK05 East New York-Cypress Hills (CD 5 Approximation)",0.126537664975543
"36061009000","1009000","1","Manhattan","009000","MN0604","East Midtown-Turtle Bay","MN06","MN06 East Midtown-Murray Hill (CD 6 Approximation)",0.0675290139363384
"36061009800","1009800","1","Manhattan","009800","MN0604","East Midtown-Turtle Bay","MN06","MN06 East Midtown-Murray Hill (CD 6 Approximation)",0.0683826967931147
"36005039400","2039400","2","Bronx","039400","BX1201","Williamsbridge-Olinville","BX12","BX12 Wakefield-Williamsbridge-Eastchester (CD 12 Approximation)",0.0559924937350348
"36005039600","2039600","2","Bronx","039600","BX1201","Williamsbridge-Olinville","BX12","BX12 Wakefield-Williamsbridge-Eastchester (CD 12 Approximation)",0.0861864581046717
"36061029700","1029700","1","Manhattan","029700","MN1292","Inwood Hill Park","MN12","MN12 Washington Heights-Inwood (CD 12 Equivalent)",0.358975175660254
"36047044700","3044700","3","Brooklyn","044700","BK0401","Bushwick (West)","BK04","BK04 Bushwick (CD 4 Equivalent)",0.0628538671492137
"36081053901","4053901","4","Queens","053901","QN0502","Ridgewood","QN05","QN05 Ridgewood-Maspeth-Middle Village (CD 5 Approximation)",0.170143365565158
"36047038600","3038600","3","Brooklyn","038600","BK1501","Gravesend (East)-Homecrest","BK15","BK15 Sheepshead Bay-Gravesend (East) (CD 15 Approximation)",0.0970162295040551
"36047016500","3016500","3","Brooklyn","016500","BK0602","Park Slope","BK06","BK06 Park Slope-Carroll Gardens (CD 6 Approximation)",0.0721130801692634
"36047150200","3150200","3","Brooklyn","150200","BK0701","Windsor Terrace-South Slope","BK07","BK07 Sunset Park-Windsor Terrace (CD 7 Approximation)",0.123064204945926
"36047041200","3041200","3","Brooklyn","041200","BK1103","Gravesend (West)","BK11","BK11 Bensonhurst-Bath Beach (CD 11 Approximation)",0.0638526126818581
"36047042200","3042200","3","Brooklyn","042200","BK1501","Gravesend (East)-Homecrest","BK15","BK15 Sheepshead Bay-Gravesend (East) (CD 15 Approximation)",0.087637210328547
"36047045000","3045000","3","Brooklyn","045000","BK1204","Mapleton-Midwood (West)","BK12","BK12 Borough Park-Kensington (CD 12 Approximation)",0.0850229365391857
"36047033500","3033500","3","Brooklyn","033500","BK0901","Crown Heights (South)","BK09","BK09 Crown Heights (South) (CD 9 Approximation)",0.0697450298016076
"36047033702","3033702","3","Brooklyn","033702","BK0901","Crown Heights (South)","BK09","BK09 Crown Heights (South) (CD 9 Approximation)",0.0382059608186926
"36005018101","2018101","2","Bronx","018101","BX0401","Concourse-Concourse Village","BX04","BX04 Highbridge-Concourse (CD 4 Approximation)",0.0298120385339227
"36005018302","2018302","2","Bronx","018302","BX0401","Concourse-Concourse Village","BX04","BX04 Highbridge-Concourse (CD 4 Approximation)",0.0433521849673685
"36047021300","3021300","3","Brooklyn","021300","BK0901","Crown Heights (South)","BK09","BK09 Crown Heights (South) (CD 9 Approximation)",0.0709707408358267
"36047021700","3021700","3","Brooklyn","021700","BK0802","Crown Heights (North)","BK08","BK08 Crown Heights (North) (CD 8 Approximation)",0.0461215914424855
"36047037300","3037300","3","Brooklyn","037300","BK1601","Ocean Hill","BK16","BK16 Ocean Hill-Brownsville (CD 16 Approximation)",0.0659327790439567
"36047040100","3040100","3","Brooklyn","040100","BK0402","Bushwick (East)","BK04","BK04 Bushwick (CD 4 Equivalent)",0.0616360755066368
"36005023704","2023704","2","Bronx","023704","BX0503","Fordham Heights","BX05","BX05 Morris Heights-Mount Hope (CD 5 Approximation)",0.0261184885010692
"36005038301","2038301","2","Bronx","038301","BX0503","Fordham Heights","BX05","BX05 Morris Heights-Mount Hope (CD 5 Approximation)",0.0369678589304346
"36005009600","2009600","2","Bronx","009600","BX1001","Westchester Square","BX10","BX10 Co-op City-Throgs Neck (CD 10 Approximation)",0.260808376927459
"36081038301","4038301","4","Queens","038301","QN0707","Flushing-Willets Point","QN07","QN07 Flushing-Murray Hill-Whitestone (CD 7 Approximation)",0.229642585295955
"36085011402","5011402","5","Staten Island","011402","SI0202","New Dorp-Midland Beach","SI02","SI02 Mid-Island (CD 2 Approximation)",0.223315021256323
"36081093401","4093401","4","Queens","093401","QN1403","Breezy Point-Belle Harbor-Rockaway Park-Broad Channel","QN14","QN14 The Rockaways (CD 14 Approximation)",0.209244480285442
"36081093402","4093402","4","Queens","093402","QN1403","Breezy Point-Belle Harbor-Rockaway Park-Broad Channel","QN14","QN14 The Rockaways (CD 14 Approximation)",0.152446163618003
"36081093800","4093800","4","Queens","093800","QN1403","Breezy Point-Belle Harbor-Rockaway Park-Broad Channel","QN14","QN14 The Rockaways (CD 14 Approximation)",0.312429829883448
"36047000200","3000200","3","Brooklyn","000200","BK0702","Sunset Park (West)","BK07","BK07 Sunset Park-Windsor Terrace (CD 7 Approximation)",0.105836892838887
"36047001803","3001803","3","Brooklyn","001803","BK0702","Sunset Park (West)","BK07","BK07 Sunset Park-Windsor Terrace (CD 7 Approximation)",0.247099327011687
"36047005602","3005602","3","Brooklyn","005602","BK1001","Bay Ridge","BK10","BK10 Bay Ridge-Dyker Heights (CD 10 Approximation)",0.0515416101380147
"36047016200","3016200","3","Brooklyn","016200","BK1001","Bay Ridge","BK10","BK10 Bay Ridge-Dyker Heights (CD 10 Approximation)",0.0911946352811372
"36047007700","3007700","3","Brooklyn","007700","BK0601","Carroll Gardens-Cobble Hill-Gowanus-Red Hook","BK06","BK06 Park Slope-Carroll Gardens (CD 6 Approximation)",0.149599205134027
"36047040800","3040800","3","Brooklyn","040800","BK1103","Gravesend (West)","BK11","BK11 Bensonhurst-Bath Beach (CD 11 Approximation)",0.0592644078937944
"36047041000","3041000","3","Brooklyn","041000","BK1103","Gravesend (West)","BK11","BK11 Bensonhurst-Bath Beach (CD 11 Approximation)",0.0551402724526746
"36085015100","5015100","5","Staten Island","015100","SI0105","Westerleigh-Castleton Corners","SI01","SI01 North Shore (CD 1 Equivalent)",0.388344302045068
"36085018701","5018701","5","Staten Island","018701","SI0105","Westerleigh-Castleton Corners","SI01","SI01 North Shore (CD 1 Equivalent)",0.148114240212361
"36081013500","4013500","4","Queens","013500","QN0101","Astoria (North)-Ditmars-Steinway","QN01","QN01 Astoria-Queensbridge (CD 1 Equivalent)",0.0524363366516295
"36061016200","1016200","1","Manhattan","016200","MN1101","East Harlem (South)","MN11","MN11 East Harlem (CD 11 Equivalent)",0.105007219740419
"36061017000","1017000","1","Manhattan","017000","MN1101","East Harlem (South)","MN11","MN11 East Harlem (CD 11 Equivalent)",0.0706340408352928
"36081001400","4001400","4","Queens","001400","QN0905","Woodhaven","QN09","QN09 Kew Gardens-Richmond Hill-Woodhaven (CD 9 Approximation)",0.0827285468334938
"36081064102","4064102","4","Queens","064102","QN8291","Forest Park","QN82","QN82 Forest Park (JIA 82 Approximation)",0.861232398372945
"36005037800","2037800","2","Bronx","037800","BX1201","Williamsbridge-Olinville","BX12","BX12 Wakefield-Williamsbridge-Eastchester (CD 12 Approximation)",0.0514128865639459
"36005043501","2043501","2","Bronx","043501","BX1201","Williamsbridge-Olinville","BX12","BX12 Wakefield-Williamsbridge-Eastchester (CD 12 Approximation)",0.152777213122404
"36005025600","2025600","2","Bronx","025600","BX1102","Morris Park","BX11","BX11 Pelham Parkway-Morris Park (CD 11 Approximation)",0.0730983718481887
"36005020000","2020000","2","Bronx","020000","BX1001","Westchester Square","BX10","BX10 Co-op City-Throgs Neck (CD 10 Approximation)",0.13235072157172
"36047026100","3026100","3","Brooklyn","026100","BK0301","Bedford-Stuyvesant (West)","BK03","BK03 Bedford-Stuyvesant (CD 3 Approximation)",0.0769942987645832
"36047026300","3026300","3","Brooklyn","026300","BK0301","Bedford-Stuyvesant (West)","BK03","BK03 Bedford-Stuyvesant (CD 3 Approximation)",0.0461798090362038
"36047039100","3039100","3","Brooklyn","039100","BK0401","Bushwick (West)","BK04","BK04 Bushwick (CD 4 Equivalent)",0.0641667882271141
"36081045800","4045800","4","Queens","045800","QN0804","Jamaica Estates-Holliswood","QN08","QN08 Fresh Meadows-Hillcrest-Briarwood (CD 8 Approximation)",0.0946864121247557
"36081046200","4046200","4","Queens","046200","QN1201","Jamaica","QN12","QN12 Jamaica-St. Albans-Hollis (CD 12 Approximation)",0.0963781624967078
"36081046600","4046600","4","Queens","046600","QN0804","Jamaica Estates-Holliswood","QN08","QN08 Fresh Meadows-Hillcrest-Briarwood (CD 8 Approximation)",0.0929234886574767
"36047016900","3016900","3","Brooklyn","016900","BK0701","Windsor Terrace-South Slope","BK07","BK07 Sunset Park-Windsor Terrace (CD 7 Approximation)",0.0809920895917758
"36047017100","3017100","3","Brooklyn","017100","BK0701","Windsor Terrace-South Slope","BK07","BK07 Sunset Park-Windsor Terrace (CD 7 Approximation)",0.0805831561844233
"36047004300","3004300","3","Brooklyn","004300","BK0202","Downtown Brooklyn-DUMBO-Boerum Hill","BK02","BK02 Downtown Brooklyn-Fort Greene (CD 2 Approximation)",0.063638580784102
"36047006901","3006901","3","Brooklyn","006901","BK0202","Downtown Brooklyn-DUMBO-Boerum Hill","BK02","BK02 Downtown Brooklyn-Fort Greene (CD 2 Approximation)",0.0287627574067809
"36047013100","3013100","3","Brooklyn","013100","BK0602","Park Slope","BK06","BK06 Park Slope-Carroll Gardens (CD 6 Approximation)",0.0602979277659216
"36047011901","3011901","3","Brooklyn","011901","BK0601","Carroll Gardens-Cobble Hill-Gowanus-Red Hook","BK06","BK06 Park Slope-Carroll Gardens (CD 6 Approximation)",0.180655868955285
"36047013300","3013300","3","Brooklyn","013300","BK0602","Park Slope","BK06","BK06 Park Slope-Carroll Gardens (CD 6 Approximation)",0.0572561355419682
"36047016700","3016700","3","Brooklyn","016700","BK0602","Park Slope","BK06","BK06 Park Slope-Carroll Gardens (CD 6 Approximation)",0.0652168582874507
"36047015100","3015100","3","Brooklyn","015100","BK0602","Park Slope","BK06","BK06 Park Slope-Carroll Gardens (CD 6 Approximation)",0.0577257320952032
"36047015300","3015300","3","Brooklyn","015300","BK0602","Park Slope","BK06","BK06 Park Slope-Carroll Gardens (CD 6 Approximation)",0.0580125562554033
"36061006500","1006500","1","Manhattan","006500","MN0202","Greenwich Village","MN02","MN02 Greenwich Village-SoHo (CD 2 Equivalent)",0.0777270100079987
"36061006300","1006300","1","Manhattan","006300","MN0202","Greenwich Village","MN02","MN02 Greenwich Village-SoHo (CD 2 Equivalent)",0.0688560525628273
"36061007100","1007100","1","Manhattan","007100","MN0203","West Village","MN02","MN02 Greenwich Village-SoHo (CD 2 Equivalent)",0.0636117313126963
"36047049700","3049700","3","Brooklyn","049700","BK0104","East Williamsburg","BK01","BK01 Williamsburg-Greenpoint (CD 1 Equivalent)",0.0635938541652213
"36047047700","3047700","3","Brooklyn","047700","BK0104","East Williamsburg","BK01","BK01 Williamsburg-Greenpoint (CD 1 Equivalent)",0.0840431414431341
"36047048100","3048100","3","Brooklyn","048100","BK0104","East Williamsburg","BK01","BK01 Williamsburg-Greenpoint (CD 1 Equivalent)",0.0584346429269705
"36081020800","4020800","4","Queens","020800","QN1201","Jamaica","QN12","QN12 Jamaica-St. Albans-Hollis (CD 12 Approximation)",0.209599077810839
"36081021200","4021200","4","Queens","021200","QN1201","Jamaica","QN12","QN12 Jamaica-St. Albans-Hollis (CD 12 Approximation)",0.0924914782440485
"36081045400","4045400","4","Queens","045400","QN0805","Jamaica Hills-Briarwood","QN08","QN08 Fresh Meadows-Hillcrest-Briarwood (CD 8 Approximation)",0.0901348869094718
"36081046000","4046000","4","Queens","046000","QN1201","Jamaica","QN12","QN12 Jamaica-St. Albans-Hollis (CD 12 Approximation)",0.0854655792399636
"36081024000","4024000","4","Queens","024000","QN1201","Jamaica","QN12","QN12 Jamaica-St. Albans-Hollis (CD 12 Approximation)",0.10399772186638
"36081024600","4024600","4","Queens","024600","QN1201","Jamaica","QN12","QN12 Jamaica-St. Albans-Hollis (CD 12 Approximation)",0.11738974360655
"36081044601","4044601","4","Queens","044601","QN1201","Jamaica","QN12","QN12 Jamaica-St. Albans-Hollis (CD 12 Approximation)",0.0868240864390329
"36047003700","3003700","3","Brooklyn","003700","BK0202","Downtown Brooklyn-DUMBO-Boerum Hill","BK02","BK02 Downtown Brooklyn-Fort Greene (CD 2 Approximation)",0.0642207559610274
"36061005000","1005000","1","Manhattan","005000","MN0602","Gramercy","MN06","MN06 East Midtown-Murray Hill (CD 6 Approximation)",0.0643154027290505
"36061005200","1005200","1","Manhattan","005200","MN0501","Midtown South-Flatiron-Union Square","MN05","MN05 Midtown-Flatiron-Union Square (CD 5 Approximation)",0.0651526695547166
"36081071303","4071303","4","Queens","071303","QN0602","Forest Hills","QN06","QN06 Forest Hills-Rego Park (CD 6 Approximation)",0.0546469315604649
"36081071305","4071305","4","Queens","071305","QN0602","Forest Hills","QN06","QN06 Forest Hills-Rego Park (CD 6 Approximation)",0.051735518059274
"36047030100","3030100","3","Brooklyn","030100","BK1601","Ocean Hill","BK16","BK16 Ocean Hill-Brownsville (CD 16 Approximation)",0.0752843808455183
"36047037100","3037100","3","Brooklyn","037100","BK1601","Ocean Hill","BK16","BK16 Ocean Hill-Brownsville (CD 16 Approximation)",0.0730338465390605
"36005018301","2018301","2","Bronx","018301","BX0401","Concourse-Concourse Village","BX04","BX04 Highbridge-Concourse (CD 4 Approximation)",0.0258197841572214
"36005019500","2019500","2","Bronx","019500","BX0401","Concourse-Concourse Village","BX04","BX04 Highbridge-Concourse (CD 4 Approximation)",0.0852272978929504
"36047000900","3000900","3","Brooklyn","000900","BK0201","Brooklyn Heights","BK02","BK02 Downtown Brooklyn-Fort Greene (CD 2 Approximation)",0.0634535469928852
"36047048500","3048500","3","Brooklyn","048500","BK0104","East Williamsburg","BK01","BK01 Williamsburg-Greenpoint (CD 1 Equivalent)",0.22449721934247
"36047049302","3049302","3","Brooklyn","049302","BK0104","East Williamsburg","BK01","BK01 Williamsburg-Greenpoint (CD 1 Equivalent)",0.0618823482727108
"36047027100","3027100","3","Brooklyn","027100","BK0302","Bedford-Stuyvesant (East)","BK03","BK03 Bedford-Stuyvesant (CD 3 Approximation)",0.0956983870901044
"36047029700","3029700","3","Brooklyn","029700","BK0302","Bedford-Stuyvesant (East)","BK03","BK03 Bedford-Stuyvesant (CD 3 Approximation)",0.0790615339713144
"36047003900","3003900","3","Brooklyn","003900","BK0202","Downtown Brooklyn-DUMBO-Boerum Hill","BK02","BK02 Downtown Brooklyn-Fort Greene (CD 2 Approximation)",0.0602025199096638
"36047012901","3012901","3","Brooklyn","012901","BK0602","Park Slope","BK06","BK06 Park Slope-Carroll Gardens (CD 6 Approximation)",0.0501009364928019
"36047020700","3020700","3","Brooklyn","020700","BK0801","Prospect Heights","BK08","BK08 Crown Heights (North) (CD 8 Approximation)",0.0530949880728074
"36047024500","3024500","3","Brooklyn","024500","BK0301","Bedford-Stuyvesant (West)","BK03","BK03 Bedford-Stuyvesant (CD 3 Approximation)",0.0644137656201957
"36047024700","3024700","3","Brooklyn","024700","BK0301","Bedford-Stuyvesant (West)","BK03","BK03 Bedford-Stuyvesant (CD 3 Approximation)",0.0693995275970464
"36047018100","3018100","3","Brooklyn","018100","BK0203","Fort Greene","BK02","BK02 Downtown Brooklyn-Fort Greene (CD 2 Approximation)",0.0654140681598267
"36047024100","3024100","3","Brooklyn","024100","BK0301","Bedford-Stuyvesant (West)","BK03","BK03 Bedford-Stuyvesant (CD 3 Approximation)",0.0695641854849278
"36047024300","3024300","3","Brooklyn","024300","BK0301","Bedford-Stuyvesant (West)","BK03","BK03 Bedford-Stuyvesant (CD 3 Approximation)",0.0596212759783854
"36047025100","3025100","3","Brooklyn","025100","BK0301","Bedford-Stuyvesant (West)","BK03","BK03 Bedford-Stuyvesant (CD 3 Approximation)",0.0534711130963347
"36047025300","3025300","3","Brooklyn","025300","BK0301","Bedford-Stuyvesant (West)","BK03","BK03 Bedford-Stuyvesant (CD 3 Approximation)",0.0624756301512507
"36061021400","1021400","1","Manhattan","021400","MN1002","Harlem (North)","MN10","MN10 Harlem (CD 10 Equivalent)",0.052133167262002
"36061023000","1023000","1","Manhattan","023000","MN1002","Harlem (North)","MN10","MN10 Harlem (CD 10 Equivalent)",0.0670742357259888
"36047021500","3021500","3","Brooklyn","021500","BK0801","Prospect Heights","BK08","BK08 Crown Heights (North) (CD 8 Approximation)",0.0593072359985539
"36047003300","3003300","3","Brooklyn","003300","BK0203","Fort Greene","BK02","BK02 Downtown Brooklyn-Fort Greene (CD 2 Approximation)",0.0635234460967307
"36047003500","3003500","3","Brooklyn","003500","BK0203","Fort Greene","BK02","BK02 Downtown Brooklyn-Fort Greene (CD 2 Approximation)",0.0513654439818644
"36081003800","4003800","4","Queens","003800","QN0904","Ozone Park (North)","QN09","QN09 Kew Gardens-Richmond Hill-Woodhaven (CD 9 Approximation)",0.0680343974089753
"36081004001","4004001","4","Queens","004001","QN0904","Ozone Park (North)","QN09","QN09 Kew Gardens-Richmond Hill-Woodhaven (CD 9 Approximation)",0.0672907272784455
"36081054700","4054700","4","Queens","054700","QN0502","Ridgewood","QN05","QN05 Ridgewood-Maspeth-Middle Village (CD 5 Approximation)",0.0498692065579938
"36047044901","3044901","3","Brooklyn","044901","BK0104","East Williamsburg","BK01","BK01 Williamsburg-Greenpoint (CD 1 Equivalent)",0.148600316114772
"36047044902","3044902","3","Brooklyn","044902","BK0104","East Williamsburg","BK01","BK01 Williamsburg-Greenpoint (CD 1 Equivalent)",0.674856450150206
"36047052500","3052500","3","Brooklyn","052500","BK0102","Williamsburg","BK01","BK01 Williamsburg-Greenpoint (CD 1 Equivalent)",0.0480724628938844
"36047053500","3053500","3","Brooklyn","053500","BK0103","South Williamsburg","BK01","BK01 Williamsburg-Greenpoint (CD 1 Equivalent)",0.050440217373847
"36081004200","4004200","4","Queens","004200","QN0904","Ozone Park (North)","QN09","QN09 Kew Gardens-Richmond Hill-Woodhaven (CD 9 Approximation)",0.0773377706757195
"36081005200","4005200","4","Queens","005200","QN0904","Ozone Park (North)","QN09","QN09 Kew Gardens-Richmond Hill-Woodhaven (CD 9 Approximation)",0.0504069287850608
"36047043900","3043900","3","Brooklyn","043900","BK0402","Bushwick (East)","BK04","BK04 Bushwick (CD 4 Equivalent)",0.0772535230069351
"36081054900","4054900","4","Queens","054900","QN0502","Ridgewood","QN05","QN05 Ridgewood-Maspeth-Middle Village (CD 5 Approximation)",0.0633085307220734
"36081055300","4055300","4","Queens","055300","QN0502","Ridgewood","QN05","QN05 Ridgewood-Maspeth-Middle Village (CD 5 Approximation)",0.0529945716537754
"36085018704","5018704","5","Staten Island","018704","SI0203","Todt Hill-Emerson Hill-Lighthouse Hill-Manor Heights","SI02","SI02 Mid-Island (CD 2 Approximation)",0.208750668387051
"36061002500","1002500","1","Manhattan","002500","MN0301","Chinatown-Two Bridges","MN03","MN03 Lower East Side-Chinatown (CD 3 Equivalent)",0.0505174663516416
"36061002901","1002901","1","Manhattan","002901","MN0102","Tribeca-Civic Center","MN01","MN01 Financial District-Tribeca (CD 1 Equivalent)",0.0560441476993996
"36061011700","1011700","1","Manhattan","011700","MN0401","Chelsea-Hudson Yards","MN04","MN04 Chelsea-Hell's Kitchen (CD 4 Approximation)",0.0762269038890053
"36061002601","1002601","1","Manhattan","002601","MN0303","East Village","MN03","MN03 Lower East Side-Chinatown (CD 3 Equivalent)",0.0409351757434668
"36061003200","1003200","1","Manhattan","003200","MN0303","East Village","MN03","MN03 Lower East Side-Chinatown (CD 3 Equivalent)",0.0837753261508914
"36081097205","4097205","4","Queens","097205","QN1402","Rockaway Beach-Arverne-Edgemere","QN14","QN14 The Rockaways (CD 14 Approximation)",0.0680116929836875
"36061031703","1031703","1","Manhattan","031703","MN0101","Financial District-Battery Park City","MN01","MN01 Financial District-Tribeca (CD 1 Equivalent)",0.0950470057180238
"36061031704","1031704","1","Manhattan","031704","MN0101","Financial District-Battery Park City","MN01","MN01 Financial District-Tribeca (CD 1 Equivalent)",0.0865126347006003
"36085003900","5003900","5","Staten Island","003900","SI0104","West New Brighton-Silver Lake-Grymes Hill","SI01","SI01 North Shore (CD 1 Equivalent)",0.225866945944062
"36085004700","5004700","5","Staten Island","004700","SI0104","West New Brighton-Silver Lake-Grymes Hill","SI01","SI01 North Shore (CD 1 Equivalent)",0.34495491259031
"36061020300","1020300","1","Manhattan","020300","MN0901","Morningside Heights","MN09","MN09 Morningside Heights-Hamilton Heights (CD 9 Equivalent)",0.0687579507490037
"36061020500","1020500","1","Manhattan","020500","MN0901","Morningside Heights","MN09","MN09 Morningside Heights-Hamilton Heights (CD 9 Equivalent)",0.106788905675341
"36061020800","1020800","1","Manhattan","020800","MN1002","Harlem (North)","MN10","MN10 Harlem (CD 10 Equivalent)",0.0573671015933112
"36061022400","1022400","1","Manhattan","022400","MN1002","Harlem (North)","MN10","MN10 Harlem (CD 10 Equivalent)",0.0753084501051459
"36061026900","1026900","1","Manhattan","026900","MN1202","Washington Heights (North)","MN12","MN12 Washington Heights-Inwood (CD 12 Equivalent)",0.0677819650404186
"36005048401","2048401","2","Bronx","048401","BX1202","Eastchester-Edenwald-Baychester","BX12","BX12 Wakefield-Williamsbridge-Eastchester (CD 12 Approximation)",0.195119715669983
"36005048402","2048402","2","Bronx","048402","BX1202","Eastchester-Edenwald-Baychester","BX12","BX12 Wakefield-Williamsbridge-Eastchester (CD 12 Approximation)",0.0734184191774204
"36081035700","4035700","4","Queens","035700","QN0302","East Elmhurst","QN03","QN03 Jackson Heights-East Elmhurst (CD 3 Approximation)",0.238784451013101
"36081037100","4037100","4","Queens","037100","QN0302","East Elmhurst","QN03","QN03 Jackson Heights-East Elmhurst (CD 3 Approximation)",0.0724610922099209
"36047105801","3105801","3","Brooklyn","105801","BK0504","Spring Creek-Starrett City","BK05","BK05 East New York-Cypress Hills (CD 5 Approximation)",0.160752130885383
"36081030906","4030906","4","Queens","030906","QN0301","Jackson Heights","QN03","QN03 Jackson Heights-East Elmhurst (CD 3 Approximation)",0.0836654249300414
"36081029700","4029700","4","Queens","029700","QN0104","Astoria (East)-Woodside (North)","QN01","QN01 Astoria-Queensbridge (CD 1 Equivalent)",0.200705344469614
"36081030905","4030905","4","Queens","030905","QN0301","Jackson Heights","QN03","QN03 Jackson Heights-East Elmhurst (CD 3 Approximation)",0.0746333675011703
"36081029100","4029100","4","Queens","029100","QN0301","Jackson Heights","QN03","QN03 Jackson Heights-East Elmhurst (CD 3 Approximation)",0.100933608312462
"36081029300","4029300","4","Queens","029300","QN0203","Woodside","QN02","QN02 Long Island City-Sunnyside-Woodside (CD 2 Approximation)",0.0584339028232567
"36081020500","4020500","4","Queens","020500","QN0202","Sunnyside","QN02","QN02 Long Island City-Sunnyside-Woodside (CD 2 Approximation)",0.218439485407743
"36005037900","2037900","2","Bronx","037900","BX0502","Mount Hope","BX05","BX05 Morris Heights-Mount Hope (CD 5 Approximation)",0.0739137237534022
"36005039500","2039500","2","Bronx","039500","BX0602","Tremont","BX06","BX06 Tremont-Belmont-West Farms (CD 6 Approximation)",0.158511691337438
"36005027600","2027600","2","Bronx","027600","BX2891","Pelham Bay Park","BX28","BX28 Pelham Bay Park (JIA 28 Approximation)",0.715698477542801
"36005030000","2030000","2","Bronx","030000","BX1003","Pelham Bay-Country Club-City Island","BX10","BX10 Co-op City-Throgs Neck (CD 10 Approximation)",0.161064095822707
"36085018100","5018100","5","Staten Island","018100","SI0203","Todt Hill-Emerson Hill-Lighthouse Hill-Manor Heights","SI02","SI02 Mid-Island (CD 2 Approximation)",2.01845995167972
"36085014604","5014604","5","Staten Island","014604","SI0302","Great Kills-Eltingville","SI03","SI03 South Shore (CD 3 Approximation)",0.435757055506539
"36047060600","3060600","3","Brooklyn","060600","BK1503","Sheepshead Bay-Manhattan Beach-Gerritsen Beach","BK15","BK15 Sheepshead Bay-Gravesend (East) (CD 15 Approximation)",0.0699541680320562
"36047060800","3060800","3","Brooklyn","060800","BK1503","Sheepshead Bay-Manhattan Beach-Gerritsen Beach","BK15","BK15 Sheepshead Bay-Gravesend (East) (CD 15 Approximation)",0.154484634421653
"36047091000","3091000","3","Brooklyn","091000","BK1602","Brownsville","BK16","BK16 Ocean Hill-Brownsville (CD 16 Approximation)",0.081803593355398
"36047051602","3051602","3","Brooklyn","051602","BK1401","Flatbush","BK14","BK14 Flatbush-Midwood (CD 14 Approximation)",0.0351430512380343
"36047079201","3079201","3","Brooklyn","079201","BK1401","Flatbush","BK14","BK14 Flatbush-Midwood (CD 14 Approximation)",0.0419668432187232
"36047109800","3109800","3","Brooklyn","109800","BK0503","East New York-New Lots","BK05","BK05 East New York-Cypress Hills (CD 5 Approximation)",0.329702881643411
"36047092000","3092000","3","Brooklyn","092000","BK1602","Brownsville","BK16","BK16 Ocean Hill-Brownsville (CD 16 Approximation)",0.091693080482087
"36047113200","3113200","3","Brooklyn","113200","BK0503","East New York-New Lots","BK05","BK05 East New York-Cypress Hills (CD 5 Approximation)",0.0756532533714785
"36047015200","3015200","3","Brooklyn","015200","BK1001","Bay Ridge","BK10","BK10 Bay Ridge-Dyker Heights (CD 10 Approximation)",0.103475102736669
"36047015400","3015400","3","Brooklyn","015400","BK1091","Dyker Beach Park","BK10","BK10 Bay Ridge-Dyker Heights (CD 10 Approximation)",0.358307483855494
"36081074900","4074900","4","Queens","074900","QN0602","Forest Hills","QN06","QN06 Forest Hills-Rego Park (CD 6 Approximation)",0.138458664056423
"36081076901","4076901","4","Queens","076901","QN0602","Forest Hills","QN06","QN06 Forest Hills-Rego Park (CD 6 Approximation)",0.0695261885268813
"36081000104","4000104","4","Queens","000104","QN0201","Long Island City-Hunters Point","QN02","QN02 Long Island City-Sunnyside-Woodside (CD 2 Approximation)",0.214470692599521
"36081000701","4000701","4","Queens","000701","QN0201","Long Island City-Hunters Point","QN02","QN02 Long Island City-Sunnyside-Woodside (CD 2 Approximation)",0.0928932679872947
"36081086900","4086900","4","Queens","086900","QN0707","Flushing-Willets Point","QN07","QN07 Flushing-Murray Hill-Whitestone (CD 7 Approximation)",0.237571541106078
"36081088902","4088902","4","Queens","088902","QN0707","Flushing-Willets Point","QN07","QN07 Flushing-Murray Hill-Whitestone (CD 7 Approximation)",0.111381849541984
"36081022001","4022001","4","Queens","022001","QN0805","Jamaica Hills-Briarwood","QN08","QN08 Fresh Meadows-Hillcrest-Briarwood (CD 8 Approximation)",0.151090495253857
"36085006400","5006400","5","Staten Island","006400","SI0201","Grasmere-Arrochar-South Beach-Dongan Hills","SI02","SI02 Mid-Island (CD 2 Approximation)",0.27387640285033
"36085009601","5009601","5","Staten Island","009601","SI0201","Grasmere-Arrochar-South Beach-Dongan Hills","SI02","SI02 Mid-Island (CD 2 Approximation)",0.299874366539818
"36085006700","5006700","5","Staten Island","006700","SI0104","West New Brighton-Silver Lake-Grymes Hill","SI01","SI01 North Shore (CD 1 Equivalent)",0.367917363308303
"36085007500","5007500","5","Staten Island","007500","SI0104","West New Brighton-Silver Lake-Grymes Hill","SI01","SI01 North Shore (CD 1 Equivalent)",0.184996452868366
"36085017005","5017005","5","Staten Island","017005","SI0304","Annadale-Huguenot-Prince's Bay-Woodrow","SI03","SI03 South Shore (CD 3 Approximation)",0.536316201809237
"36085017600","5017600","5","Staten Island","017600","SI0304","Annadale-Huguenot-Prince's Bay-Woodrow","SI03","SI03 South Shore (CD 3 Approximation)",1.28050520404889
"36085019800","5019800","5","Staten Island","019800","SI0304","Annadale-Huguenot-Prince's Bay-Woodrow","SI03","SI03 South Shore (CD 3 Approximation)",2.19977615324308
"36085020803","5020803","5","Staten Island","020803","SI0304","Annadale-Huguenot-Prince's Bay-Woodrow","SI03","SI03 South Shore (CD 3 Approximation)",0.811546150064925
"36047050202","3050202","3","Brooklyn","050202","BK0701","Windsor Terrace-South Slope","BK07","BK07 Sunset Park-Windsor Terrace (CD 7 Approximation)",0.0520650277112559
"36081019903","4019903","4","Queens","019903","QN0202","Sunnyside","QN02","QN02 Long Island City-Sunnyside-Woodside (CD 2 Approximation)",0.254680219722345
"36061001300","1001300","1","Manhattan","001300","MN0101","Financial District-Battery Park City","MN01","MN01 Financial District-Tribeca (CD 1 Equivalent)",0.122426195375244
"36061031900","1031900","1","Manhattan","031900","MN0191","The Battery-Governors Island-Ellis Island-Liberty Island","MN01","MN01 Financial District-Tribeca (CD 1 Equivalent)",0.0386363689284422
"36085022602","5022602","5","Staten Island","022602","SI0305","Tottenville-Charleston","SI03","SI03 South Shore (CD 3 Approximation)",2.42026774483845
"36085024800","5024800","5","Staten Island","024800","SI0305","Tottenville-Charleston","SI03","SI03 South Shore (CD 3 Approximation)",0.631373146414618
"36061023802","1023802","1","Manhattan","023802","MN0801","Upper East Side-Lenox Hill-Roosevelt Island","MN08","MN08 Upper East Side-Roosevelt Island (CD 8 Equivalent)",0.0926101986625305
"36061023803","1023803","1","Manhattan","023803","MN0801","Upper East Side-Lenox Hill-Roosevelt Island","MN08","MN08 Upper East Side-Roosevelt Island (CD 8 Equivalent)",0.0396418757354147
"36061009700","1009700","1","Manhattan","009700","MN0401","Chelsea-Hudson Yards","MN04","MN04 Chelsea-Hell's Kitchen (CD 4 Approximation)",0.0667429726743897
"36061010300","1010300","1","Manhattan","010300","MN0401","Chelsea-Hudson Yards","MN04","MN04 Chelsea-Hell's Kitchen (CD 4 Approximation)",0.0672831334074835
"36005014702","2014702","2","Bronx","014702","BX0302","Claremont Village-Claremont (East)","BX03","BX03 Morrisania-Crotona Park East (CD 3 Approximation)",0.0447364547613885
"36005017702","2017702","2","Bronx","017702","BX0403","Mount Eden-Claremont (West)","BX04","BX04 Highbridge-Concourse (CD 4 Approximation)",0.0543894886947558
"36047087401","3087401","3","Brooklyn","087401","BK0902","Prospect Lefferts Gardens-Wingate","BK09","BK09 Crown Heights (South) (CD 9 Approximation)",0.0504197273626367
"36047080800","3080800","3","Brooklyn","080800","BK0902","Prospect Lefferts Gardens-Wingate","BK09","BK09 Crown Heights (South) (CD 9 Approximation)",0.124260404575194
"36047087200","3087200","3","Brooklyn","087200","BK1703","East Flatbush-Rugby","BK17","BK17 East Flatbush (CD 17 Approximation)",0.0568330559198454
"36085015601","5015601","5","Staten Island","015601","SI0302","Great Kills-Eltingville","SI03","SI03 South Shore (CD 3 Approximation)",0.55238831209634
"36085015602","5015602","5","Staten Island","015602","SI0302","Great Kills-Eltingville","SI03","SI03 South Shore (CD 3 Approximation)",0.340204440558465
"36085017011","5017011","5","Staten Island","017011","SI0302","Great Kills-Eltingville","SI03","SI03 South Shore (CD 3 Approximation)",0.27780827057283
"36005028400","2028400","2","Bronx","028400","BX1161","Hutchinson Metro Center","BX11","BX11 Pelham Parkway-Morris Park (CD 11 Approximation)",0.43694701576919
"36005029600","2029600","2","Bronx","029600","BX1102","Morris Park","BX11","BX11 Pelham Parkway-Morris Park (CD 11 Approximation)",0.275031198486874
"36081002500","4002500","4","Queens","002500","QN0105","Queensbridge-Ravenswood-Dutch Kills","QN01","QN01 Astoria-Queensbridge (CD 1 Equivalent)",0.0815727644248826
"36081003700","4003700","4","Queens","003700","QN0105","Queensbridge-Ravenswood-Dutch Kills","QN01","QN01 Astoria-Queensbridge (CD 1 Equivalent)",0.148731495978361
"36081099801","4099801","4","Queens","099801","QN1401","Far Rockaway-Bayswater","QN14","QN14 The Rockaways (CD 14 Approximation)",0.176401423882476
"36081100803","4100803","4","Queens","100803","QN1401","Far Rockaway-Bayswater","QN14","QN14 The Rockaways (CD 14 Approximation)",0.134141505804959
"36061002700","1002700","1","Manhattan","002700","MN0301","Chinatown-Two Bridges","MN03","MN03 Lower East Side-Chinatown (CD 3 Equivalent)",0.0229769624159869
"36061002902","1002902","1","Manhattan","002902","MN0301","Chinatown-Two Bridges","MN03","MN03 Lower East Side-Chinatown (CD 3 Equivalent)",0.0476089227967123
"36061007600","1007600","1","Manhattan","007600","MN0501","Midtown South-Flatiron-Union Square","MN05","MN05 Midtown-Flatiron-Union Square (CD 5 Approximation)",0.067202829109612
"36061008400","1008400","1","Manhattan","008400","MN0502","Midtown-Times Square","MN05","MN05 Midtown-Flatiron-Union Square (CD 5 Approximation)",0.0668171093580926
"36081097202","4097202","4","Queens","097202","QN1402","Rockaway Beach-Arverne-Edgemere","QN14","QN14 The Rockaways (CD 14 Approximation)",0.222578680390412
"36081097204","4097204","4","Queens","097204","QN1402","Rockaway Beach-Arverne-Edgemere","QN14","QN14 The Rockaways (CD 14 Approximation)",0.151206900788291
"36081038100","4038100","4","Queens","038100","QN0303","North Corona","QN03","QN03 Jackson Heights-East Elmhurst (CD 3 Approximation)",0.110302035728378
"36085002001","5002001","5","Staten Island","002001","SI0103","Rosebank-Shore Acres-Park Hill","SI01","SI01 North Shore (CD 1 Equivalent)",0.197697543889289
"36085003600","5003600","5","Staten Island","003600","SI0103","Rosebank-Shore Acres-Park Hill","SI01","SI01 North Shore (CD 1 Equivalent)",0.158407373903017
"36005033500","2033500","2","Bronx","033500","BX0803","Riverdale-Spuyten Duyvil","BX08","BX08 Riverdale-Kingsbridge-Marble Hill (CD 8 Approximation)",0.268414895266936
"36005041900","2041900","2","Bronx","041900","BX0703","Norwood","BX07","BX07 Fordham-Bedford Park-Norwood (CD 7 Approximation)",0.125741394908538
"36005042500","2042500","2","Bronx","042500","BX0703","Norwood","BX07","BX07 Fordham-Bedford Park-Norwood (CD 7 Approximation)",0.113166310496097
"36005008900","2008900","2","Bronx","008900","BX0201","Hunts Point","BX02","BX02 Longwood-Hunts Point (CD 2 Approximation)",0.0422000940552826
"36005015900","2015900","2","Bronx","015900","BX0202","Longwood","BX02","BX02 Longwood-Hunts Point (CD 2 Approximation)",0.0398600371396909
"36081020200","4020200","4","Queens","020200","QN1202","South Jamaica","QN12","QN12 Jamaica-St. Albans-Hollis (CD 12 Approximation)",0.0583644032591151
"36081020600","4020600","4","Queens","020600","QN1201","Jamaica","QN12","QN12 Jamaica-St. Albans-Hollis (CD 12 Approximation)",0.0572495405804307
"36047001100","3001100","3","Brooklyn","001100","BK0202","Downtown Brooklyn-DUMBO-Boerum Hill","BK02","BK02 Downtown Brooklyn-Fort Greene (CD 2 Approximation)",0.0649987483565354
"36047001300","3001300","3","Brooklyn","001300","BK0202","Downtown Brooklyn-DUMBO-Boerum Hill","BK02","BK02 Downtown Brooklyn-Fort Greene (CD 2 Approximation)",0.113580031193714
"36005012101","2012101","2","Bronx","012101","BX0303","Crotona Park East","BX03","BX03 Morrisania-Crotona Park East (CD 3 Approximation)",0.0449013508641756
"36005001901","2001901","2","Bronx","001901","BX0101","Mott Haven-Port Morris","BX01","BX01 Melrose-Mott Haven-Port Morris (CD 1 Approximation)",0.0801020376808963
"36005005600","2005600","2","Bronx","005600","BX0901","Soundview-Bruckner-Bronx River","BX09","BX09 Soundview-Parkchester (CD 9 Approximation)",0.0542827269284121
"36005005400","2005400","2","Bronx","005400","BX0901","Soundview-Bruckner-Bronx River","BX09","BX09 Soundview-Parkchester (CD 9 Approximation)",0.0764689570858185
"36061019200","1019200","1","Manhattan","019200","MN1102","East Harlem (North)","MN11","MN11 East Harlem (CD 11 Equivalent)",0.0731305078700242
"36061024200","1024200","1","Manhattan","024200","MN1102","East Harlem (North)","MN11","MN11 East Harlem (CD 11 Equivalent)",0.133309895811679
"36047060000","3060000","3","Brooklyn","060000","BK1503","Sheepshead Bay-Manhattan Beach-Gerritsen Beach","BK15","BK15 Sheepshead Bay-Gravesend (East) (CD 15 Approximation)",0.169724313802376
"36081019901","4019901","4","Queens","019901","QN0202","Sunnyside","QN02","QN02 Long Island City-Sunnyside-Woodside (CD 2 Approximation)",0.123409438442909
"36081019902","4019902","4","Queens","019902","QN0202","Sunnyside","QN02","QN02 Long Island City-Sunnyside-Woodside (CD 2 Approximation)",0.243548794012583
"36081097300","4097300","4","Queens","097300","QN0702","Whitestone-Beechhurst","QN07","QN07 Flushing-Murray Hill-Whitestone (CD 7 Approximation)",0.20230344208588
"36081098100","4098100","4","Queens","098100","QN0702","Whitestone-Beechhurst","QN07","QN07 Flushing-Murray Hill-Whitestone (CD 7 Approximation)",0.249820263398304
"36005013100","2013100","2","Bronx","013100","BX0202","Longwood","BX02","BX02 Longwood-Hunts Point (CD 2 Approximation)",0.0888547619723339
"36005015100","2015100","2","Bronx","015100","BX0301","Morrisania","BX03","BX03 Morrisania-Crotona Park East (CD 3 Approximation)",0.0808414818264212
"36061011000","1011000","1","Manhattan","011000","MN0801","Upper East Side-Lenox Hill-Roosevelt Island","MN08","MN08 Upper East Side-Roosevelt Island (CD 8 Equivalent)",0.0682006526604929
"36085014605","5014605","5","Staten Island","014605","SI0302","Great Kills-Eltingville","SI03","SI03 South Shore (CD 3 Approximation)",0.340681358496077
"36005020601","2020601","2","Bronx","020601","BX1001","Westchester Square","BX10","BX10 Co-op City-Throgs Neck (CD 10 Approximation)",0.0584646878555728
"36005022200","2022200","2","Bronx","022200","BX0904","Parkchester","BX09","BX09 Soundview-Parkchester (CD 9 Approximation)",0.0848065657428624
"36047107800","3107800","3","Brooklyn","107800","BK0503","East New York-New Lots","BK05","BK05 East New York-Cypress Hills (CD 5 Approximation)",0.195473910107429
"36047122000","3122000","3","Brooklyn","122000","BK0505","East New York-City Line","BK05","BK05 East New York-Cypress Hills (CD 5 Approximation)",0.412046111493407
"36081021900","4021900","4","Queens","021900","QN0501","Maspeth","QN05","QN05 Ridgewood-Maspeth-Middle Village (CD 5 Approximation)",0.495267174360974
"36081053502","4053502","4","Queens","053502","QN0501","Maspeth","QN05","QN05 Ridgewood-Maspeth-Middle Village (CD 5 Approximation)",0.125359709256861
"36047120000","3120000","3","Brooklyn","120000","BK0505","East New York-City Line","BK05","BK05 East New York-Cypress Hills (CD 5 Approximation)",0.0582455743640215
"36047120803","3120803","3","Brooklyn","120803","BK0505","East New York-City Line","BK05","BK05 East New York-Cypress Hills (CD 5 Approximation)",0.0597500070404832
"36061023804","1023804","1","Manhattan","023804","MN0801","Upper East Side-Lenox Hill-Roosevelt Island","MN08","MN08 Upper East Side-Roosevelt Island (CD 8 Equivalent)",0.0941932374145939
"36005013800","2013800","2","Bronx","013800","BX1002","Throgs Neck-Schuylerville","BX10","BX10 Co-op City-Throgs Neck (CD 10 Approximation)",0.298458384940285
"36047054300","3054300","3","Brooklyn","054300","BK0261","Brooklyn Navy Yard","BK02","BK02 Downtown Brooklyn-Fort Greene (CD 2 Approximation)",0.362535927644561
"36005005001","2005001","2","Bronx","005001","BX0901","Soundview-Bruckner-Bronx River","BX09","BX09 Soundview-Parkchester (CD 9 Approximation)",0.0377925648269819
"36005005002","2005002","2","Bronx","005002","BX0901","Soundview-Bruckner-Bronx River","BX09","BX09 Soundview-Parkchester (CD 9 Approximation)",0.0439855249837056
"36061027700","1027700","1","Manhattan","027700","MN1202","Washington Heights (North)","MN12","MN12 Washington Heights-Inwood (CD 12 Equivalent)",0.0632318818687608
"36061029900","1029900","1","Manhattan","029900","MN1203","Inwood","MN12","MN12 Washington Heights-Inwood (CD 12 Equivalent)",0.23952028099239
"36081093900","4093900","4","Queens","093900","QN0701","College Point","QN07","QN07 Flushing-Murray Hill-Whitestone (CD 7 Approximation)",0.253219101039747
"36081094500","4094500","4","Queens","094500","QN0701","College Point","QN07","QN07 Flushing-Murray Hill-Whitestone (CD 7 Approximation)",0.590784503049427
"36085013201","5013201","5","Staten Island","013201","SI0301","Oakwood-Richmondtown","SI03","SI03 South Shore (CD 3 Approximation)",0.181301728303881
"36085013204","5013204","5","Staten Island","013204","SI0301","Oakwood-Richmondtown","SI03","SI03 South Shore (CD 3 Approximation)",0.403525959821678
"36081067900","4067900","4","Queens","067900","QN0504","Middle Village","QN05","QN05 Ridgewood-Maspeth-Middle Village (CD 5 Approximation)",0.0978143254865845
"36081068700","4068700","4","Queens","068700","QN0601","Rego Park","QN06","QN06 Forest Hills-Rego Park (CD 6 Approximation)",0.107609654769167
"36005024700","2024700","2","Bronx","024700","BX0501","University Heights (South)-Morris Heights","BX05","BX05 Morris Heights-Mount Hope (CD 5 Approximation)",0.0564408515840676
"36081036500","4036500","4","Queens","036500","QN0302","East Elmhurst","QN03","QN03 Jackson Heights-East Elmhurst (CD 3 Approximation)",0.0641349159092025
"36081036700","4036700","4","Queens","036700","QN0302","East Elmhurst","QN03","QN03 Jackson Heights-East Elmhurst (CD 3 Approximation)",0.0756571135578095
"36005024502","2024502","2","Bronx","024502","BX0501","University Heights (South)-Morris Heights","BX05","BX05 Morris Heights-Mount Hope (CD 5 Approximation)",0.0384870555487233
"36005024900","2024900","2","Bronx","024900","BX0501","University Heights (South)-Morris Heights","BX05","BX05 Morris Heights-Mount Hope (CD 5 Approximation)",0.067553764097225
"36085029102","5029102","5","Staten Island","029102","SI0204","New Springville-Willowbrook-Bulls Head-Travis","SI02","SI02 Mid-Island (CD 2 Approximation)",3.80991009134954
"36061010602","1010602","1","Manhattan","010602","MN0801","Upper East Side-Lenox Hill-Roosevelt Island","MN08","MN08 Upper East Side-Roosevelt Island (CD 8 Equivalent)",0.0479519544565828
"36005009000","2009000","2","Bronx","009000","BX0903","Castle Hill-Unionport","BX09","BX09 Soundview-Parkchester (CD 9 Approximation)",0.40604847918318
"36005011000","2011000","2","Bronx","011000","BX1091","Ferry Point Park-St. Raymond Cemetery","BX10","BX10 Co-op City-Throgs Neck (CD 10 Approximation)",0.779959599241759
"36061008603","1008603","1","Manhattan","008603","MN0604","East Midtown-Turtle Bay","MN06","MN06 East Midtown-Murray Hill (CD 6 Approximation)",0.0449734295867051
"36061010601","1010601","1","Manhattan","010601","MN0604","East Midtown-Turtle Bay","MN06","MN06 East Midtown-Murray Hill (CD 6 Approximation)",0.0470739148754483
"36081022900","4022900","4","Queens","022900","QN0271","Calvary & Mount Zion Cemeteries","QN02","QN02 Long Island City-Sunnyside-Woodside (CD 2 Approximation)",0.512647493859868
"36081023501","4023501","4","Queens","023501","QN0202","Sunnyside","QN02","QN02 Long Island City-Sunnyside-Woodside (CD 2 Approximation)",0.0531351693626424
"36061004200","1004200","1","Manhattan","004200","MN0303","East Village","MN03","MN03 Lower East Side-Chinatown (CD 3 Equivalent)",0.0334999041642899
"36061006100","1006100","1","Manhattan","006100","MN0202","Greenwich Village","MN02","MN02 Greenwich Village-SoHo (CD 2 Equivalent)",0.0549165071784819
"36061026700","1026700","1","Manhattan","026700","MN1202","Washington Heights (North)","MN12","MN12 Washington Heights-Inwood (CD 12 Equivalent)",0.0185653608399244
"36061031100","1031100","1","Manhattan","031100","MN1291","Highbridge Park","MN12","MN12 Washington Heights-Inwood (CD 12 Equivalent)",0.278117451670967
"36047107001","3107001","3","Brooklyn","107001","BK0504","Spring Creek-Starrett City","BK05","BK05 East New York-Cypress Hills (CD 5 Approximation)",0.47045601437731
"36047107003","3107003","3","Brooklyn","107003","BK0504","Spring Creek-Starrett City","BK05","BK05 East New York-Cypress Hills (CD 5 Approximation)",0.0847628191330592
"36061001001","1001001","1","Manhattan","001001","MN0302","Lower East Side","MN03","MN03 Lower East Side-Chinatown (CD 3 Equivalent)",0.0315753650630491
"36061026500","1026500","1","Manhattan","026500","MN1202","Washington Heights (North)","MN12","MN12 Washington Heights-Inwood (CD 12 Equivalent)",0.0746634376593612
"36061027500","1027500","1","Manhattan","027500","MN1202","Washington Heights (North)","MN12","MN12 Washington Heights-Inwood (CD 12 Equivalent)",0.106570881104636
"36005020100","2020100","2","Bronx","020100","BX0402","Highbridge","BX04","BX04 Highbridge-Concourse (CD 4 Approximation)",0.107156716746338
"36005020501","2020501","2","Bronx","020501","BX0501","University Heights (South)-Morris Heights","BX05","BX05 Morris Heights-Mount Hope (CD 5 Approximation)",0.106285951013779
"36005021100","2021100","2","Bronx","021100","BX0402","Highbridge","BX04","BX04 Highbridge-Concourse (CD 4 Approximation)",0.058978890352381
"36047102802","3102802","3","Brooklyn","102802","BK1893","Canarsie Park & Pier","BK18","BK18 Canarsie-Flatlands (CD 18 Approximation)",0.25941794518744
"36047103402","3103402","3","Brooklyn","103402","BK1893","Canarsie Park & Pier","BK18","BK18 Canarsie-Flatlands (CD 18 Approximation)",0.154956902420269
"36061001401","1001401","1","Manhattan","001401","MN0302","Lower East Side","MN03","MN03 Lower East Side-Chinatown (CD 3 Equivalent)",0.0360896375328672
"36081000400","4000400","4","Queens","000400","QN0905","Woodhaven","QN09","QN09 Kew Gardens-Richmond Hill-Woodhaven (CD 9 Approximation)",0.0868360324337951
"36047118202","3118202","3","Brooklyn","118202","BK0501","Cypress Hills","BK05","BK05 East New York-Cypress Hills (CD 5 Approximation)",0.0479894695728589
"36085022802","5022802","5","Staten Island","022802","SI0291","Freshkills Park (North)","SI02","SI02 Mid-Island (CD 2 Approximation)",2.44555582113124
"36085014608","5014608","5","Staten Island","014608","SI0302","Great Kills-Eltingville","SI03","SI03 South Shore (CD 3 Approximation)",0.173290587320722
"36085014607","5014607","5","Staten Island","014607","SI0302","Great Kills-Eltingville","SI03","SI03 South Shore (CD 3 Approximation)",0.263777561816075
"36085027900","5027900","5","Staten Island","027900","SI0203","Todt Hill-Emerson Hill-Lighthouse Hill-Manor Heights","SI02","SI02 Mid-Island (CD 2 Approximation)",2.08896854129367
"36081000600","4000600","4","Queens","000600","QN0905","Woodhaven","QN09","QN09 Kew Gardens-Richmond Hill-Woodhaven (CD 9 Approximation)",0.0827644478145578
"36047118400","3118400","3","Brooklyn","118400","BK0501","Cypress Hills","BK05","BK05 East New York-Cypress Hills (CD 5 Approximation)",0.0790681222767554
"36081061000","4061000","4","Queens","061000","QN1304","Cambria Heights","QN13","QN13 Queens Village-Bellerose-Rosedale (CD 13 Approximation)",0.0938379684215297
"36081038400","4038400","4","Queens","038400","QN1205","St. Albans","QN12","QN12 Jamaica-St. Albans-Hollis (CD 12 Approximation)",0.115024741620278
"36081060800","4060800","4","Queens","060800","QN1304","Cambria Heights","QN13","QN13 Queens Village-Bellerose-Rosedale (CD 13 Approximation)",0.0814865810397774
"36081051000","4051000","4","Queens","051000","QN1206","Hollis","QN12","QN12 Jamaica-St. Albans-Hollis (CD 12 Approximation)",0.0713732261203332
"36081051200","4051200","4","Queens","051200","QN1303","Queens Village","QN13","QN13 Queens Village-Bellerose-Rosedale (CD 13 Approximation)",0.14508746380865
"36047046202","3046202","3","Brooklyn","046202","BK1204","Mapleton-Midwood (West)","BK12","BK12 Borough Park-Kensington (CD 12 Approximation)",0.0669392336838264
"36047047600","3047600","3","Brooklyn","047600","BK1202","Borough Park","BK12","BK12 Borough Park-Kensington (CD 12 Approximation)",0.0802135220963911
"36047047800","3047800","3","Brooklyn","047800","BK1202","Borough Park","BK12","BK12 Borough Park-Kensington (CD 12 Approximation)",0.0853968548608627
"36081057900","4057900","4","Queens","057900","QN0503","Glendale","QN05","QN05 Ridgewood-Maspeth-Middle Village (CD 5 Approximation)",0.0266563017224427
"36081061301","4061301","4","Queens","061301","QN0502","Ridgewood","QN05","QN05 Ridgewood-Maspeth-Middle Village (CD 5 Approximation)",0.272749900547524
"36005006500","2006500","2","Bronx","006500","BX0102","Melrose","BX01","BX01 Melrose-Mott Haven-Port Morris (CD 1 Approximation)",0.101010624767397
"36005006700","2006700","2","Bronx","006700","BX0102","Melrose","BX01","BX01 Melrose-Mott Haven-Port Morris (CD 1 Approximation)",0.0816941530528153
"36005021602","2021602","2","Bronx","021602","BX0904","Parkchester","BX09","BX09 Soundview-Parkchester (CD 9 Approximation)",0.0641440939575965
"36061001402","1001402","1","Manhattan","001402","MN0302","Lower East Side","MN03","MN03 Lower East Side-Chinatown (CD 3 Equivalent)",0.0439841539441555
"36061001800","1001800","1","Manhattan","001800","MN0302","Lower East Side","MN03","MN03 Lower East Side-Chinatown (CD 3 Equivalent)",0.0860620565016642
"36081032900","4032900","4","Queens","032900","QN0302","East Elmhurst","QN03","QN03 Jackson Heights-East Elmhurst (CD 3 Approximation)",0.168716033818963
"36081034700","4034700","4","Queens","034700","QN0302","East Elmhurst","QN03","QN03 Jackson Heights-East Elmhurst (CD 3 Approximation)",0.147725720088839
"36047094402","3094402","3","Brooklyn","094402","BK1801","Flatlands","BK18","BK18 Canarsie-Flatlands (CD 18 Approximation)",0.0412822354243155
"36047095000","3095000","3","Brooklyn","095000","BK1803","Canarsie","BK18","BK18 Canarsie-Flatlands (CD 18 Approximation)",0.0936975819018459
"36005025700","2025700","2","Bronx","025700","BX0701","University Heights (North)-Fordham","BX07","BX07 Fordham-Bedford Park-Norwood (CD 7 Approximation)",0.0600692310563506
"36005005100","2005100","2","Bronx","005100","BX0101","Mott Haven-Port Morris","BX01","BX01 Melrose-Mott Haven-Port Morris (CD 1 Approximation)",0.197774414693462
"36005006301","2006301","2","Bronx","006301","BX0401","Concourse-Concourse Village","BX04","BX04 Highbridge-Concourse (CD 4 Approximation)",0.307800780708096
"36047046201","3046201","3","Brooklyn","046201","BK1402","Flatbush (West)-Ditmas Park-Parkville","BK14","BK14 Flatbush-Midwood (CD 14 Approximation)",0.04954407792781
"36047046400","3046400","3","Brooklyn","046400","BK1204","Mapleton-Midwood (West)","BK12","BK12 Borough Park-Kensington (CD 12 Approximation)",0.0632364812303415
"36081038302","4038302","4","Queens","038302","QN8191","Flushing Meadows-Corona Park","QN81","QN81 Flushing Meadows-Corona Park (JIA 81 Approximation)",1.98030639328025
"36081074700","4074700","4","Queens","074700","QN0602","Forest Hills","QN06","QN06 Forest Hills-Rego Park (CD 6 Approximation)",0.113896208067242
"36047118800","3118800","3","Brooklyn","118800","BK0505","East New York-City Line","BK05","BK05 East New York-Cypress Hills (CD 5 Approximation)",0.0673358350235641
"36047120200","3120200","3","Brooklyn","120200","BK0505","East New York-City Line","BK05","BK05 East New York-Cypress Hills (CD 5 Approximation)",0.058871384262585
"36047049200","3049200","3","Brooklyn","049200","BK1203","Kensington","BK12","BK12 Borough Park-Kensington (CD 12 Approximation)",0.0638522858030234
"36047152200","3152200","3","Brooklyn","152200","BK1402","Flatbush (West)-Ditmas Park-Parkville","BK14","BK14 Flatbush-Midwood (CD 14 Approximation)",0.150537835889374
"36047017700","3017700","3","Brooklyn","017700","BK5591","Prospect Park","BK55","BK55 Prospect Park (JIA 55 Approximation)",0.980253841081536
"36047028300","3028300","3","Brooklyn","028300","BK0302","Bedford-Stuyvesant (East)","BK03","BK03 Bedford-Stuyvesant (CD 3 Approximation)",0.047050062578362
"36047028502","3028502","3","Brooklyn","028502","BK0302","Bedford-Stuyvesant (East)","BK03","BK03 Bedford-Stuyvesant (CD 3 Approximation)",0.0462850090110167
"36061000201","1000201","1","Manhattan","000201","MN0301","Chinatown-Two Bridges","MN03","MN03 Lower East Side-Chinatown (CD 3 Equivalent)",0.0343603246918892
"36061000202","1000202","1","Manhattan","000202","MN0302","Lower East Side","MN03","MN03 Lower East Side-Chinatown (CD 3 Equivalent)",0.118918088535041
"36047035400","3035400","3","Brooklyn","035400","BK1302","Coney Island-Sea Gate","BK13","BK13 Coney Island-Brighton Beach (CD 13 Approximation)",0.145365668601156
"36047037402","3037402","3","Brooklyn","037402","BK1301","Gravesend (South)","BK13","BK13 Coney Island-Brighton Beach (CD 13 Approximation)",0.117295649392804
"36047050001","3050001","3","Brooklyn","050001","BK0701","Windsor Terrace-South Slope","BK07","BK07 Sunset Park-Windsor Terrace (CD 7 Approximation)",0.0542752392046429
"36047050401","3050401","3","Brooklyn","050401","BK0701","Windsor Terrace-South Slope","BK07","BK07 Sunset Park-Windsor Terrace (CD 7 Approximation)",0.0561138090504756
"36081031700","4031700","4","Queens","031700","QN0101","Astoria (North)-Ditmars-Steinway","QN01","QN01 Astoria-Queensbridge (CD 1 Equivalent)",0.295866813924514
"36081033100","4033100","4","Queens","033100","QN8081","LaGuardia Airport","QN80","QN80 LaGuardia Airport (JIA 80 Approximation)",1.09731147493761
"36005029700","2029700","2","Bronx","029700","BX0803","Riverdale-Spuyten Duyvil","BX08","BX08 Riverdale-Kingsbridge-Marble Hill (CD 8 Approximation)",0.0900242023136093
"36005030701","2030701","2","Bronx","030701","BX0803","Riverdale-Spuyten Duyvil","BX08","BX08 Riverdale-Kingsbridge-Marble Hill (CD 8 Approximation)",0.152940237039158
"36005030100","2030100","2","Bronx","030100","BX0803","Riverdale-Spuyten Duyvil","BX08","BX08 Riverdale-Kingsbridge-Marble Hill (CD 8 Approximation)",0.0566520574279293
"36061008200","1008200","1","Manhattan","008200","MN0502","Midtown-Times Square","MN05","MN05 Midtown-Flatiron-Union Square (CD 5 Approximation)",0.0666008475105886
"36061009400","1009400","1","Manhattan","009400","MN0502","Midtown-Times Square","MN05","MN05 Midtown-Flatiron-Union Square (CD 5 Approximation)",0.0590558180581341
"36061009903","1009903","1","Manhattan","009903","MN0401","Chelsea-Hudson Yards","MN04","MN04 Chelsea-Hell's Kitchen (CD 4 Approximation)",0.162632899313399
"36061011100","1011100","1","Manhattan","011100","MN0401","Chelsea-Hudson Yards","MN04","MN04 Chelsea-Hell's Kitchen (CD 4 Approximation)",0.0677615842313845
"36047059402","3059402","3","Brooklyn","059402","BK1503","Sheepshead Bay-Manhattan Beach-Gerritsen Beach","BK15","BK15 Sheepshead Bay-Gravesend (East) (CD 15 Approximation)",0.124488917306904
"36047059600","3059600","3","Brooklyn","059600","BK1503","Sheepshead Bay-Manhattan Beach-Gerritsen Beach","BK15","BK15 Sheepshead Bay-Gravesend (East) (CD 15 Approximation)",0.0668539247206271
"36085023100","5023100","5","Staten Island","023100","SI0107","Mariner's Harbor-Arlington-Graniteville","SI01","SI01 North Shore (CD 1 Equivalent)",0.225261194542846
"36085031901","5031901","5","Staten Island","031901","SI0107","Mariner's Harbor-Arlington-Graniteville","SI01","SI01 North Shore (CD 1 Equivalent)",0.148075055549764
"36047068000","3068000","3","Brooklyn","068000","BK1801","Flatlands","BK18","BK18 Canarsie-Flatlands (CD 18 Approximation)",0.0652037672813783
"36047069200","3069200","3","Brooklyn","069200","BK1801","Flatlands","BK18","BK18 Canarsie-Flatlands (CD 18 Approximation)",0.0700813099442373
"36047067600","3067600","3","Brooklyn","067600","BK1801","Flatlands","BK18","BK18 Canarsie-Flatlands (CD 18 Approximation)",0.0599988136990664
"36047067800","3067800","3","Brooklyn","067800","BK1801","Flatlands","BK18","BK18 Canarsie-Flatlands (CD 18 Approximation)",0.0641441846446683
"36061024100","1024100","1","Manhattan","024100","MN1201","Washington Heights (South)","MN12","MN12 Washington Heights-Inwood (CD 12 Equivalent)",0.0685404812844227
"36061024700","1024700","1","Manhattan","024700","MN1201","Washington Heights (South)","MN12","MN12 Washington Heights-Inwood (CD 12 Equivalent)",0.0979807542311296
"36061025500","1025500","1","Manhattan","025500","MN1201","Washington Heights (South)","MN12","MN12 Washington Heights-Inwood (CD 12 Equivalent)",0.169239080170845
"36081134701","4134701","4","Queens","134701","QN0803","Fresh Meadows-Utopia","QN08","QN08 Fresh Meadows-Hillcrest-Briarwood (CD 8 Approximation)",0.179241378863656
"36081134702","4134702","4","Queens","134702","QN0803","Fresh Meadows-Utopia","QN08","QN08 Fresh Meadows-Hillcrest-Briarwood (CD 8 Approximation)",0.237511007606584
"36005011800","2011800","2","Bronx","011800","BX1002","Throgs Neck-Schuylerville","BX10","BX10 Co-op City-Throgs Neck (CD 10 Approximation)",0.389163786850516
"36081098700","4098700","4","Queens","098700","QN0702","Whitestone-Beechhurst","QN07","QN07 Flushing-Murray Hill-Whitestone (CD 7 Approximation)",0.258553455208233
"36005029302","2029302","2","Bronx","029302","BX0803","Riverdale-Spuyten Duyvil","BX08","BX08 Riverdale-Kingsbridge-Marble Hill (CD 8 Approximation)",0.168081884342771
"36005012300","2012300","2","Bronx","012300","BX0303","Crotona Park East","BX03","BX03 Morrisania-Crotona Park East (CD 3 Approximation)",0.114870244133857
"36005011900","2011900","2","Bronx","011900","BX0202","Longwood","BX02","BX02 Longwood-Hunts Point (CD 2 Approximation)",0.0647388375325655
"36005009302","2009302","2","Bronx","009302","BX0201","Hunts Point","BX02","BX02 Longwood-Hunts Point (CD 2 Approximation)",0.684516137225482
"36005009301","2009301","2","Bronx","009301","BX0201","Hunts Point","BX02","BX02 Longwood-Hunts Point (CD 2 Approximation)",0.220652330236549
"36005011502","2011502","2","Bronx","011502","BX0201","Hunts Point","BX02","BX02 Longwood-Hunts Point (CD 2 Approximation)",0.133688369623151
"36081152902","4152902","4","Queens","152902","QN1103","Douglaston-Little Neck","QN11","QN11 Auburndale-Bayside-Douglaston (CD 11 Approximation)",0.401000652226297
"36081155103","4155103","4","Queens","155103","QN1301","Glen Oaks-Floral Park-New Hyde Park","QN13","QN13 Queens Village-Bellerose-Rosedale (CD 13 Approximation)",0.27768840080507
"36005022000","2022000","2","Bronx","022000","BX0601","West Farms","BX06","BX06 Tremont-Belmont-West Farms (CD 6 Approximation)",0.0882390712078873
"36005033400","2033400","2","Bronx","033400","BX2791","Bronx Park","BX27","BX27 Bronx Park (JIA 27 Approximation)",1.20024807233652
"36005007900","2007900","2","Bronx","007900","BX0102","Melrose","BX01","BX01 Melrose-Mott Haven-Port Morris (CD 1 Approximation)",0.0762821053374024
"36005008300","2008300","2","Bronx","008300","BX0202","Longwood","BX02","BX02 Longwood-Hunts Point (CD 2 Approximation)",0.083127356274645
"36005021601","2021601","2","Bronx","021601","BX0901","Soundview-Bruckner-Bronx River","BX09","BX09 Soundview-Parkchester (CD 9 Approximation)",0.06318041370447
"36005021800","2021800","2","Bronx","021800","BX0901","Soundview-Bruckner-Bronx River","BX09","BX09 Soundview-Parkchester (CD 9 Approximation)",0.115985588219284
"36005001903","2001903","2","Bronx","001903","BX0101","Mott Haven-Port Morris","BX01","BX01 Melrose-Mott Haven-Port Morris (CD 1 Approximation)",0.349326950100474
"36005001904","2001904","2","Bronx","001904","BX0291","North & South Brother Islands","BX02","BX02 Longwood-Hunts Point (CD 2 Approximation)",0.0333820009547094
"36005028900","2028900","2","Bronx","028900","BX0802","Kingsbridge-Marble Hill","BX08","BX08 Riverdale-Kingsbridge-Marble Hill (CD 8 Approximation)",0.0742304827713257
"36061030900","1030900","1","Manhattan","030900","BX0802","Kingsbridge-Marble Hill","BX08","BX08 Riverdale-Kingsbridge-Marble Hill (CD 8 Approximation)",0.117730511861629
"36005031000","2031000","2","Bronx","031000","BX1103","Pelham Gardens","BX11","BX11 Pelham Parkway-Morris Park (CD 11 Approximation)",0.246904147205682
"36005035600","2035600","2","Bronx","035600","BX1202","Eastchester-Edenwald-Baychester","BX12","BX12 Wakefield-Williamsbridge-Eastchester (CD 12 Approximation)",0.155768857178723
"36005046205","2046205","2","Bronx","046205","BX1004","Co-op City","BX10","BX10 Co-op City-Throgs Neck (CD 10 Approximation)",0.338186070933651
"36061018500","1018500","1","Manhattan","018500","MN0703","Upper West Side-Manhattan Valley","MN07","MN07 Upper West Side (CD 7 Approximation)",0.0504404066572428
"36061018900","1018900","1","Manhattan","018900","MN0703","Upper West Side-Manhattan Valley","MN07","MN07 Upper West Side (CD 7 Approximation)",0.102372090474748
"36005030202","2030202","2","Bronx","030202","BX1004","Co-op City","BX10","BX10 Co-op City-Throgs Neck (CD 10 Approximation)",0.120028291643191
"36005050400","2050400","2","Bronx","050400","BX2891","Pelham Bay Park","BX28","BX28 Pelham Bay Park (JIA 28 Approximation)",2.84565129855715
"36085013800","5013800","5","Staten Island","013800","SI0301","Oakwood-Richmondtown","SI03","SI03 South Shore (CD 3 Approximation)",0.543404362308017
"36085014606","5014606","5","Staten Island","014606","SI0302","Great Kills-Eltingville","SI03","SI03 South Shore (CD 3 Approximation)",0.683127745301299
"36061001002","1001002","1","Manhattan","001002","MN0302","Lower East Side","MN03","MN03 Lower East Side-Chinatown (CD 3 Equivalent)",0.07880464278906
"36061002000","1002000","1","Manhattan","002000","MN0303","East Village","MN03","MN03 Lower East Side-Chinatown (CD 3 Equivalent)",0.0496840900979901
"36061002400","1002400","1","Manhattan","002400","MN0303","East Village","MN03","MN03 Lower East Side-Chinatown (CD 3 Equivalent)",0.0668465287412828
"36047062800","3062800","3","Brooklyn","062800","BK1503","Sheepshead Bay-Manhattan Beach-Gerritsen Beach","BK15","BK15 Sheepshead Bay-Gravesend (East) (CD 15 Approximation)",0.297862946418633
"36047066600","3066600","3","Brooklyn","066600","BK1891","Marine Park-Plumb Island","BK18","BK18 Canarsie-Flatlands (CD 18 Approximation)",1.56069154041493
"36081017101","4017101","4","Queens","017101","QN0261","Sunnyside Yards (South)","QN02","QN02 Long Island City-Sunnyside-Woodside (CD 2 Approximation)",0.315066555812166
"36081017902","4017902","4","Queens","017902","QN0202","Sunnyside","QN02","QN02 Long Island City-Sunnyside-Woodside (CD 2 Approximation)",0.145722585707735
