"nta2020","ntaname","n_tracts","boroname","n_boroughs","pop_total","households","pop_65plus","pop_disabled","pov_below","pov_universe","dis_universe","med_hh_income_hhwtd","inc_tracts_used","poverty_rate","pct_65plus","disability_rate","events_311_raw","events_311","events_per_100k","ntatype","cdta2020","is_residential","restrooms","subway_riders","n_stations","jobs","hotels","area_sqmi","pop_density","jobs_density","l_sub","l_jobs","l_hotel","l_rest","l_dens","inc10k","pov","old","boro","pred","resid_ratio","n_projects","park_acres","got","l_park","need","need_abs","coverage","med_hours","n_late","pct_unacceptable","n_insp","intervention","capex","excess"
"BK0101","Greenpoint",15,"Brooklyn",1,39784,19771,3658,3127,3579,39631,39755,129172,13,0.0903080921500845,0.0919465111602654,0.0786567727329896,54,21,52.7850392117434,0,"BK01",TRUE,4,5359888,2,16267,8,1.2669932012309,31400.3263485149,12839.0586344081,8.58688491198461,2.84879716543029,2.19722457733622,1.6094379124341,10.3546054114028,12.9172,9.03080921500845,9.19465111602654,"Brooklyn",24.6491271183381,0.85195714635983,0,22.6401935839475,0,3.16294838133464,0.85195714635983,21,58.5185880952828,8,0,22.7272727272727,22,"Reconstruct or repair",60500,0
"BK0102","Williamsburg",13,"Brooklyn",1,66612,30352,4503,5656,8684,66396,66590,153299,13,0.130791011506717,0.0676004323545307,0.0849376783300796,69,32,48.0393923016874,0,"BK01",TRUE,9,15029064,2,41689,15,1.03495171495743,64362.4229394507,40281.1062559713,9.61780774088832,3.75394127580589,2.77258872223978,2.30258509299405,11.0723007839595,15.3299,13.0791011506717,6.76004323545307,"Brooklyn",54.5117926933624,0.587028942159454,0,71.707323175795,0,4.28644211090787,0.587028942159454,32,80.9531414730542,8,2,16.1016949152542,118,"Extend operating hours",0,0
"BK0103","South Williamsburg",10,"Brooklyn",1,50948,11859,4599,3504,19588,50636,50766,47324,9,0.386839402796429,0.0902685090680694,0.0690225741638104,8,4,7.85114234121065,0,"BK01",TRUE,2,4476692,3,24319,1,0.545546395954343,93388.9406617286,44577.3268421249,8.40686301408753,3.23155510202527,0.693147180559945,1.09861228866811,11.4445389167221,4.7324,38.6839402796429,9.02685090680694,"Brooklyn",17.0131255485464,0.235112589311478,1,12.1769677524413,1,2.57847043829909,0.235112589311478,4,41.0584511872798,8,0,27.2727272727273,33,"Reconstruct or repair",60500,0
"BK0104","East Williamsburg",16,"Brooklyn",1,50775,23726,6751,7655,12174,50611,50762,96897,15,0.240540593942028,0.132959133431807,0.150801780859698,58,29,57.1147218119153,0,"BK01",TRUE,5,10070787,6,28336,9,1.87483757719363,27082.3460216767,15113.8425774541,9.21749342776427,3.37881543076902,2.30258509299405,1.79175946922805,10.2066742800164,9.6897,24.0540593942028,13.2959133431807,"Brooklyn",24.5263492320713,1.18240182122494,3,18.7610082460414,1,2.98371071561525,1.18240182122494,29,35.2963778749306,8,0,24.2424242424242,66,"Reconstruct or repair",60500,4.4736507679287
"BK0201","Brooklyn Heights",6,"Brooklyn",1,26031,12601,4704,1969,1161,24286,26031,181460,6,0.0478053199374125,0.180707617840267,0.0756405823825439,41,24,92.197764204218,0,"BK02",TRUE,8,1574849,1,17780,6,0.358058132071354,72700.4853916083,49656.7412032882,7.3625494536448,2.93279247378012,1.94591014905531,2.19722457733622,11.1941170951094,18.146,4.78053199374125,18.0707617840267,"Brooklyn",11.3390672976638,2.1165762024311,1,12.8362140723289,1,2.62728936308077,2.1165762024311,24,89.5719507199641,8,2,0,22,"Extend operating hours",0,12.6609327023362
"BK0202","Downtown Brooklyn-DUMBO-Boerum Hill",11,"Brooklyn",1,39977,19883,3674,3209,5785,39280,39784,168047,11,0.147275967413442,0.0919028441353778,0.0806605670621355,83,45,112.564724716712,0,"BK02",TRUE,5,36285739,8,56954,16,0.851249574650053,46962.7253751456,66906.3476753144,10.4992076367041,4.05964959242521,2.83321334405622,1.79175946922805,10.757130782172,16.8047,14.7275967413442,9.19028441353778,"Brooklyn",32.9213666911153,1.36689343496011,4,41.4562327104899,1,3.74847372672618,1.36689343496011,45,74.7274757258608,8,0,19.6428571428571,56,"Extend operating hours",0,12.0786333088847
"BK0203","Fort Greene",11,"Brooklyn",1,33180,15102,4682,4506,5304,31819,32463,121467,10,0.166692856469405,0.141109101868596,0.138804177063118,30,17,51.2356841470766,0,"BK02",TRUE,7,5396080,3,18693,2,0.628934520098999,52755.8894283259,29721.6950296473,8.59361334555862,2.98026324265006,1.09861228866811,2.07944154167984,10.8734496480865,12.1467,16.6692856469405,14.1109101868596,"Brooklyn",13.5840042712172,1.25147192687659,1,50.3516562189424,1,3.93869718938788,1.25147192687659,17,86.4181598574703,8,0,6.94444444444444,72,"Extend operating hours",0,3.4159957287828
"BK0204","Clinton Hill",7,"Brooklyn",1,29205,13664,3553,2544,2641,26882,29175,129174,7,0.0982441782605461,0.12165725047081,0.0871979434447301,34,22,75.3295668549906,0,"BK02",TRUE,5,4862834,3,11585,2,0.522505281514049,55894.171854825,22172.0246854356,8.48958229477415,2.53250562858728,1.09861228866811,1.79175946922805,10.9312332843007,12.9174,9.82441782605461,12.165725047081,"Brooklyn",13.2283434411141,1.66309561722016,0,7.35569253947295,0,2.122943047837,1.66309561722016,22,87.9333086623066,8,0,18.6046511627907,43,"Extend operating hours",0,8.7716565588859
"BK0301","Bedford-Stuyvesant (West)",21,"Brooklyn",1,90068,34580,6488,9254,23328,89823,89920,95171,20,0.259710764503524,0.0720344628502909,0.102913701067616,160,56,62.1752453701648,0,"BK03",TRUE,8,10983020,5,18671,4,1.32384420330814,68035.1961166805,14103.6233367516,9.30419676827645,2.97914546994959,1.6094379124341,2.19722457733622,11.1277951383726,9.5171,25.9710764503524,7.20344628502909,"Brooklyn",45.083612483126,1.24213648631107,7,28.7337123506804,1,3.3922814980568,1.24213648631107,56,71.6979380319791,8,0,19.047619047619,105,"Extend operating hours",0,10.916387516874
"BK0302","Bedford-Stuyvesant (East)",23,"Brooklyn",1,92769,37000,11868,11878,23572,92279,92407,76390,23,0.255442733449647,0.127930666494195,0.128540045667536,56,25,26.9486574178874,0,"BK03",TRUE,10,10027444,4,12537,5,1.48106422436681,62636.7165405411,8464.85911531614,9.21318073432515,2.60542667720365,1.79175946922805,2.39789527279837,11.0451228763052,7.639,25.5442733449647,12.7930666494195,"Brooklyn",36.5837601500048,0.683363325625694,10,30.2216828390412,1,3.4411128162304,0.683363325625694,25,80.5758321922324,8,0,27.6119402985075,134,"Reconstruct or repair",60500,0
"BK0401","Bushwick (West)",13,"Brooklyn",1,52698,22293,3892,5530,9610,52404,52442,93387,13,0.183382947866575,0.0738547952483965,0.1054498302887,84,51,96.7778663326881,0,"BK04",TRUE,3,7724182,4,31937,3,0.829828780159744,63504.666576948,38486.2525421835,8.95224066135897,3.4945966459207,1.38629436111989,1.38629436111989,11.0588844183316,9.3387,18.3382947866575,7.38547952483965,"Brooklyn",29.9989909642093,1.70005718061805,1,12.1215783968472,1,2.57425808091767,1.70005718061805,51,48.7647240879156,8,0,40,35,"Reconstruct or repair",60500,21.0010090357907
"BK0402","Bushwick (East)",16,"Brooklyn",1,59859,23198,7716,7634,14003,59802,59843,76675,16,0.234156048292699,0.128902921866386,0.127567134000635,52,29,48.4471842162415,0,"BK04",TRUE,4,9763426,5,6842,3,1.00199338253319,59739.9154959165,6828.38840981407,9.18650106022108,2.05949390387014,1.38629436111989,1.6094379124341,10.9977724163249,7.6675,23.4156048292699,12.8902921866386,"Brooklyn",21.4043621919932,1.35486401042345,2,14.4574308588124,1,2.73808984945416,1.35486401042345,29,61.03514299322,8,0,34.0425531914894,47,"Reconstruct or repair",60500,7.5956378080068
"BK0501","Cypress Hills",14,"Brooklyn",1,42117,13775,5826,3765,7151,41961,42107,69587,14,0.170420152045947,0.13832894080775,0.0894150616287078,45,20,47.4867630647957,0,"BK05",TRUE,3,2234688,4,6734,1,0.874474539281548,48162.6372273829,7700.62442930875,7.71230428965537,2.04562619318511,0.693147180559945,1.38629436111989,10.7823596009553,6.9587,17.0420152045947,13.832894080775,"Brooklyn",13.4606616738019,1.48581106075383,0,13.5096062859626,0,2.67481093254882,1.48581106075383,20,40.2966479721772,8,0,60,10,"Reconstruct or repair",60500,6.5393383261981
"BK0502","East New York (North)",13,"Brooklyn",1,41335,14522,6064,5238,9976,40928,41049,69397,12,0.24374511336982,0.146703761945083,0.127603595702697,27,9,21.7733155921132,0,"BK05",TRUE,1,3596415,6,8714,10,1.00102536072256,41292.6601281745,8705.07415887051,8.18797081096328,2.27356814392355,2.39789527279837,0.693147180559945,10.6284642593732,6.9397,24.374511336982,14.6703761945083,"Brooklyn",15.0134799258067,0.599461287088404,0,11.0176971787752,0,2.48638032828817,0.599461287088404,9,25.0612284902553,8,0,18.1818181818182,11,"Build new / modular unit",1200000,0
"BK0503","East New York-New Lots",14,"Brooklyn",1,51641,19652,8081,6787,11719,51049,51337,56580,14,0.229563752473114,0.156484188919657,0.132204842511249,26,5,9.6822292364594,0,"BK05",TRUE,3,3073259,4,14199,3,1.66643325259516,30988.9399527876,8520.59329582368,8.03081917559157,2.72122963621432,1.38629436111989,1.38629436111989,10.341417913148,5.658,22.9563752473114,15.6484188919657,"Brooklyn",17.3681818978677,0.28788275188515,1,17.0538439859774,1,2.89335862531749,0.28788275188515,5,38.2978580234495,8,0,25,32,"Reconstruct or repair",60500,0
"BK0504","Spring Creek-Starrett City",4,"Brooklyn",1,16410,8244,4752,4295,4099,16238,16194,37687,3,0.252432565586895,0.289579524680073,0.265221687044584,4,1,6.0938452163315,0,"BK05",TRUE,1,0,0,6966,0,0.971589212396371,16889.8540562484,7169.69673100708,0,2.07518248475945,0,0.693147180559945,9.73452757431671,3.7687,25.2432565586895,28.9579524680073,"Brooklyn",1.58533322020177,0.630782214904149,6,94.0911809318096,1,4.55483623056993,0.630782214904149,1,26.9667575724401,8,0,9.09090909090909,11,"Build new / modular unit",1200000,0
"BK0505","East New York-City Line",12,"Brooklyn",1,47234,15755,5894,5251,9699,46788,46953,59807,12,0.207296742754552,0.124782995299996,0.111835239494814,15,4,8.46847609772621,0,"BK05",TRUE,3,3097135,2,4759,1,1.13095096121283,41764.8524294514,4207.96317719777,8.03855559652835,1.75076384852454,0.693147180559945,1.38629436111989,10.6398343571206,5.9807,20.7296742754552,12.4782995299996,"Brooklyn",14.7101083756388,0.271921857939833,0,68.3299517125109,0,4.2388770164665,0.271921857939833,4,33.1236648544629,8,0,31.9148936170213,47,"Build new / modular unit",1200000,0
"BK0601","Carroll Gardens-Cobble Hill-Gowanus-Red Hook",21,"Brooklyn",1,60738,26206,7787,6255,7193,60175,60301,147505,20,0.119534690486082,0.128206394678784,0.103729623057661,87,45,74.0887088807666,0,"BK06",TRUE,7,7609170,3,24552,15,2.18131253825607,27844.7031018119,11255.6085244112,8.93724078963382,3.24071559147266,2.77258872223978,2.07944154167984,10.2344339462639,14.7505,11.9534690486082,12.8206394678784,"Brooklyn",36.9504092581552,1.2178484867544,0,73.6332841079804,0,4.31258657537381,1.2178484867544,45,48.0354434413106,8,0,16.1290322580645,62,"Extend operating hours",0,8.0495907418448
"BK0602","Park Slope",16,"Brooklyn",1,59281,25910,7751,3515,2888,58988,59199,194361,16,0.0489591103275242,0.130750156036504,0.0593760029730232,56,27,45.5457903881513,0,"BK06",TRUE,3,19412097,5,16333,0,0.926582951726127,63978.081929487,17627.1320010511,9.87370322036462,2.85261219895917,0,1.38629436111989,11.0663114640646,19.4361,4.89591103275242,13.0750156036504,"Brooklyn",28.57432502687,0.944904209447132,0,18.851909180551,0,2.98830018288857,0.944904209447132,27,49.2632767282348,8,0,12,25,"Extend operating hours",0,0
"BK0701","Windsor Terrace-South Slope",8,"Brooklyn",1,25036,10712,3782,2470,1801,24706,25036,147547,8,0.0728972719177528,0.151062470043138,0.098657932577089,20,13,51.9252276721521,0,"BK07",TRUE,2,2981796,2,4176,0,0.549251682415983,45582.0178645145,7603.07184063799,8.00061639464688,1.6440325571986,0,1.09861228866811,10.7272905108868,14.7547,7.28972719177528,15.1062470043138,"Brooklyn",8.06964873478267,1.61097470624291,0,11.4724504006824,0,2.52352224405101,1.61097470624291,13,50.6667416864269,8,0,9.09090909090909,11,"Extend operating hours",0,4.93035126521733
"BK0702","Sunset Park (West)",18,"Brooklyn",1,50926,16922,6091,5325,9094,49064,49331,91023,14,0.185349747268873,0.119604916938303,0.107944294662585,63,33,64.7999057455916,0,"BK07",TRUE,4,14172709,6,42705,16,1.8070917824549,28181.1917327287,23631.8931969167,9.55914404861055,3.77746251203245,2.83321334405622,1.6094379124341,10.2464455586074,9.1023,18.5349747268873,11.9604916938303,"Brooklyn",31.9936013799086,1.03145624677075,1,12.1619587474732,1,2.57733075581485,1.03145624677075,33,30.310658462015,8,0,12.1212121212121,33,"Build new / modular unit",1200000,1.0063986200914
"BK0703","Sunset Park (Central)",14,"Brooklyn",1,44499,13497,6183,3711,11523,44158,44484,66011,13,0.26094931835681,0.138946942627924,0.0834232533045589,49,30,67.4172453313558,0,"BK07",TRUE,1,2868392,1,13407,4,0.672717365319422,66148.1363408403,19929.6178323478,7.96185543962109,2.66771419957934,1.6094379124341,0.693147180559945,11.0996671133859,6.6011,26.094931835681,13.8946942627924,"Brooklyn",15.2000290343806,1.97368044048756,0,23.8601557427736,0,3.21326635085673,1.97368044048756,30,27.2200755250059,8,0,0,6,"Build new / modular unit",1200000,14.7999709656194
"BK0801","Prospect Heights",6,"Brooklyn",1,23969,11243,2955,1870,1628,23920,23962,173220,6,0.0680602006688963,0.123284242146105,0.0780402303647442,10,6,25.0323334306813,0,"BK08",TRUE,3,2247784,1,5403,0,0.369781356130766,64819.3847596898,14611.336970946,7.71814490466128,1.85676663053667,0,1.38629436111989,11.0793754124954,17.322,6.80602006688963,12.3284242146105,"Brooklyn",8.72622821873404,0.687582292097152,2,5.89816247745329,1,1.93125506852158,0.687582292097152,6,91.9075654583286,8,0,18.1818181818182,33,"Extend operating hours",0,0
"BK0802","Crown Heights (North)",22,"Brooklyn",1,85819,37294,10953,10967,17677,85042,85238,83554,22,0.207861997601185,0.127629079807502,0.128663272249466,62,28,32.6268075834023,0,"BK08",TRUE,3,427407,1,10205,8,1.27038639315264,67553.4628382062,8032.98906144204,6.06007367830938,2.41636010725289,2.19722457733622,1.38629436111989,11.1206894083889,8.3554,20.7861997601185,12.7629079807502,"Brooklyn",30.5903305575604,0.915321916751232,1,30.2931906789876,1,3.44340052368654,0.915321916751232,28,58.4736862074066,8,0,17.1428571428571,35,"Extend operating hours",0,0
"BK0901","Crown Heights (South)",13,"Brooklyn",1,53466,20383,8314,6088,9011,52919,53398,79126,13,0.170279105803209,0.155500692028579,0.114011760740103,25,11,20.5738226162421,0,"BK09",TRUE,2,11864350,5,11706,4,0.719332212470232,74327.2705894741,16273.4266547036,9.38137766695987,2.54207432284434,1.6094379124341,1.09861228866811,11.2162466507929,7.9126,17.0279105803209,15.5500692028579,"Brooklyn",21.0452504189422,0.522683255415161,0,13.2064469056738,0,2.65369586901884,0.522683255415161,11,55.293727825501,8,0,20,10,"Reconstruct or repair",60500,0
"BK0902","Prospect Lefferts Gardens-Wingate",14,"Brooklyn",1,44881,20116,7844,5516,8391,44117,44129,78018,14,0.190198789582247,0.17477328936521,0.12499716739559,36,17,37.8779438960807,0,"BK09",TRUE,6,7320972,4,13505,1,0.862269366534829,52049.8602198541,15662.1590933609,8.89863496958109,2.67449341757337,0.693147180559945,1.94591014905531,10.8599766007049,7.8018,19.0198789582247,17.477328936521,"Brooklyn",14.3727292495512,1.18279553624312,0,10.8306580575377,0,2.4706943026087,1.18279553624312,17,74.0826056942414,8,0,20.6896551724138,58,"Reconstruct or repair",60500,2.6272707504488
"BK1001","Bay Ridge",28,"Brooklyn",1,84838,35515,16669,9236,10544,84398,84577,95549,28,0.12493187042347,0.196480350786204,0.1092022653913,59,24,28.2892100238101,0,"BK10",TRUE,5,7337238,4,16861,3,2.21088413913186,38372.8837248401,7626.36074028772,8.90085403829496,2.88261956492235,1.38629436111989,1.79175946922805,10.5551323958629,9.5549,12.493187042347,19.6480350786204,"Brooklyn",31.2915490163312,0.76698024720586,2,136.463685116348,1,4.92335977397916,0.76698024720586,24,35.572686779067,8,0,22.2222222222222,81,"Reconstruct or repair",60500,0
"BK1002","Dyker Heights",17,"Brooklyn",1,39148,13587,7739,4634,7677,38873,38938,78684,17,0.197489259897615,0.197685705527741,0.119009707740511,24,16,40.8705425564524,0,"BK10",TRUE,4,0,0,15173,0,1.04450300760751,37480.0261127734,14526.5259070479,0,2.78334318513764,0,1.6094379124341,10.5315901135863,7.8684,19.7489259897615,19.7685705527741,"Brooklyn",6.28327918544386,2.54644104261137,1,17.8660496209018,1,2.93736399040028,2.54644104261137,16,44.9793556486622,8,0,0,5,"Extend operating hours",0,9.71672081455614
"BK1101","Bensonhurst",28,"Brooklyn",1,94498,33338,15843,10155,17996,94306,94456,68344,28,0.190825610247492,0.167654341890834,0.107510375201152,66,32,33.8631505428686,0,"BK11",TRUE,1,10489919,8,26231,0,1.74453809377311,54167.9200570612,15036.0717794744,9.25826530479805,3.3043560302126,0,0.693147180559945,10.899862592272,6.8344,19.0825610247492,16.7654341890834,"Brooklyn",31.7500416023638,1.00787269512168,0,6.75821156644295,0,2.04875183939135,1.00787269512168,32,18.1209344227367,8,0,38.0952380952381,21,"Build new / modular unit",1200000,0.249958397636199
"BK1102","Bath Beach",11,"Brooklyn",1,30170,10780,6068,3743,5294,29965,29986,81931,11,0.176672784915735,0.201126947298641,0.124824918295204,10,2,6.62910175671197,0,"BK11",TRUE,4,0,0,4711,0,0.737375851266458,40915.3621564666,6388.87209542971,0,1.74239413968273,0,1.6094379124341,10.6192853147565,8.1931,17.6672784915735,20.1126947298641,"Brooklyn",4.2527717688449,0.470281526662603,0,43.0223226727476,0,3.78469683873968,0.470281526662603,2,62.0215475972743,8,1,21.9512195121951,41,"Reconstruct or repair",60500,0
"BK1103","Gravesend (West)",16,"Brooklyn",1,56517,18221,10602,5653,10573,55937,56064,75253,16,0.189016214670075,0.187589574818196,0.100831192922374,19,10,17.6937912486509,0,"BK11",TRUE,2,5026045,4,18662,1,1.21366800148725,46567.1006657036,15376.5279937605,8.52258761531354,2.97868783894473,0.693147180559945,1.09861228866811,10.7486710506419,7.5253,18.9016214670075,18.7589574818196,"Brooklyn",17.6763260961687,0.565728418088386,0,16.212312125296,0,2.84562494897972,0.565728418088386,10,34.8521882452885,8,0,NA,NA,"Build new / modular unit",1200000,0
"BK1201","Sunset Park (East)-Borough Park (West)",10,"Brooklyn",1,30220,9014,4526,2270,6728,29669,29828,65632,10,0.226768681114968,0.149768365320979,0.0761029904787448,8,5,16.5453342157512,0,"BK12",TRUE,1,2460064,2,9417,2,0.421442732733128,71706.0650305159,22344.6728786356,7.80834905574166,2.34343908700231,1.09861228866811,0.693147180559945,11.1803445577238,6.5632,22.6768681114968,14.9768365320979,"Brooklyn",9.27546627398128,0.539056458436549,0,1.83997413661176,0,1.0437949453048,0.539056458436549,5,26.1150476350331,8,0,9.09090909090909,11,"Build new / modular unit",1200000,0
"BK1202","Borough Park",21,"Brooklyn",1,89673,20890,8770,5038,30075,89254,89523,56332,21,0.336959688081206,0.0977997836584033,0.0562760407939859,17,12,13.3819544344452,0,"BK12",TRUE,2,2832900,3,58519,3,1.45206636735288,61755.4417732806,40300.4995609671,7.94940913381296,4.08629558930843,1.38629436111989,1.09861228866811,11.0309535692643,5.6332,33.6959688081206,9.77997836584033,"Brooklyn",37.7976766655575,0.317479831000693,0,2.15469024038197,0,1.14889031062861,0.317479831000693,12,33.5841788649617,7.57142857142857,0,9.09090909090909,11,"Build new / modular unit",1200000,0
"BK1203","Kensington",10,"Brooklyn",1,38903,13951,5224,4124,5641,38336,38659,91351,10,0.147146285475793,0.134282703133434,0.106676323753848,22,17,43.6984294270365,0,"BK12",TRUE,1,3114853,2,13833,2,0.626694088669566,62076.5389419721,22072.9702898054,8.04425823001133,2.69685442834148,1.09861228866811,0.693147180559945,11.0361395107396,9.1351,14.7146285475793,13.4282703133434,"Brooklyn",15.3226023913199,1.10947210962221,0,6.49652946050613,0,2.01444017484654,1.10947210962221,17,37.5551002334678,8,0,18.1818181818182,11,"Extend operating hours",0,1.6773976086801
"BK1204","Mapleton-Midwood (West)",16,"Brooklyn",1,37519,11256,5778,3554,7620,37400,37519,73999,16,0.203743315508021,0.154001972334017,0.0947253391614915,12,6,15.9918974386311,0,"BK12",TRUE,3,1640525,4,13738,0,1.12475739185226,33357.4158052107,12214.1895661394,7.40338096679826,2.69042919234481,0,1.38629436111989,10.4150653674917,7.3999,20.3743315508021,15.4001972334017,"Brooklyn",10.8285346549712,0.554091591445892,2,22.8235813953852,1,3.17067590507646,0.554091591445892,6,37.1983050025509,8,0,26.8292682926829,41,"Reconstruct or repair",60500,0
"BK1301","Gravesend (South)",7,"Brooklyn",1,28604,10783,6627,5155,5853,28293,28326,60400,7,0.206870957480649,0.231680883792477,0.181988279319353,13,4,13.984058173682,0,"BK13",TRUE,1,1247042,2,12565,2,0.926730613600197,30865.4959491174,13558.4168857733,7.12933120220925,2.6074929461109,1.09861228866811,0.693147180559945,10.3374266011447,6.04,20.6870957480649,23.1680883792477,"Brooklyn",6.82841428917953,0.585787538746513,2,17.2103509348116,1,2.90199016509757,0.585787538746513,4,21.9855920000441,8,0,18.1818181818182,11,"Build new / modular unit",1200000,0
"BK1302","Coney Island-Sea Gate",12,"Brooklyn",1,54465,22185,15214,11068,13462,53296,53536,45416,12,0.252589312518763,0.279335352978977,0.206739390316796,22,8,14.6883319563022,0,"BK13",TRUE,7,4696837,3,11502,1,1.70702302694379,31906.4237214846,6738.04618827717,8.4548574690018,2.52588863150962,0.693147180559945,2.07944154167984,10.37059398024,4.5416,25.2589312518763,27.9335352978977,"Brooklyn",10.4063529508078,0.768761163283339,0,263.492934199472,0,5.57781453713991,0.768761163283339,8,49.1889891785094,8,0,20.1117318435754,179,"Reconstruct or repair",60500,0
"BK1303","Brighton Beach",8,"Brooklyn",1,28327,13743,7834,5656,6974,28053,28066,47868,8,0.248600862652836,0.27655593603276,0.201524976840305,42,24,84.7248208423059,0,"BK13",TRUE,1,3271871,2,18776,4,0.486548084463023,58220.3504742249,38590.2248915892,8.09342286034224,2.98446908127528,1.6094379124341,0.693147180559945,10.9720074130839,4.7868,24.8600862652836,27.655593603276,"Brooklyn",6.28145869041952,3.82076857985308,0,30.3143455138525,0,3.44407631567442,3.82076857985308,24,38.0736204173516,8,0,72.7272727272727,11,"Reconstruct or repair",60500,17.7185413095805
"BK1401","Flatbush",18,"Brooklyn",1,65759,25275,8230,6538,10085,65335,65624,82678,18,0.154358307186041,0.125153971319515,0.0996281848104352,34,17,25.8519746346508,0,"BK14",TRUE,1,4245189,1,7970,3,0.861748571370219,76308.8007160142,9248.63732274872,8.35377715375489,2.1938856760707,1.38629436111989,0.693147180559945,11.2425566587748,8.2678,15.4358307186041,12.5153971319515,"Brooklyn",25.7744836542063,0.65956704421606,0,0.371101039528988,0,0.315614095551717,0.65956704421606,17,33.8732088068609,8,0,NA,NA,"Build new / modular unit",1200000,0
"BK1402","Flatbush (West)-Ditmas Park-Parkville",11,"Brooklyn",1,39803,15820,6713,3851,7102,39627,39635,96678,11,0.179221238044767,0.16865562897269,0.0971615995963164,25,14,35.173228148632,0,"BK14",TRUE,2,8507387,5,20283,2,0.821591679538983,48446.2062984067,24687.4457289798,9.04880766188649,3.05790863198067,1.09861228866811,1.09861228866811,10.7882299541168,9.6678,17.9221238044767,16.865562897269,"Brooklyn",14.9204321046492,0.938310626783899,0,3.26662031449665,0,1.4508220184086,0.938310626783899,14,36.6778390751686,8,0,NA,NA,"Extend operating hours",0,0
"BK1403","Midwood",16,"Brooklyn",1,49291,18462,10023,6970,8126,48857,49096,73279,16,0.1663221237489,0.203343409547382,0.14196675900277,26,8,16.2301434338926,0,"BK14",TRUE,2,3260758,3,16643,1,1.15568002326756,42651.0790250011,14401.0449821082,8.09002159281396,2.87033910414593,0.693147180559945,1.09861228866811,10.6608312979217,7.3279,16.63221237489,20.3343409547382,"Brooklyn",14.4557887859116,0.553411516900184,0,2.67004817425158,0,1.3002047884794,0.553411516900184,8,39.7117438239148,7.71428571428571,0,54.5454545454545,11,"Reconstruct or repair",60500,0
"BK1501","Gravesend (East)-Homecrest",18,"Brooklyn",1,50032,17602,8330,5114,9665,49727,50030,71697,18,0.194361212218714,0.166493444195715,0.102218668798721,20,9,17.9884873680844,0,"BK15",TRUE,3,1646951,3,17669,0,1.25114379323789,39989.0086738313,14122.2776274769,7.40728797701767,2.92686439425519,0,1.38629436111989,10.5963849187408,7.1697,19.4361212218714,16.6493444195715,"Brooklyn",14.3801013890093,0.62586485008226,1,17.7126527010586,1,2.92919991008966,0.62586485008226,9,32.1150879533151,8,0,29.4117647058824,34,"Build new / modular unit",1200000,0
"BK1502","Madison",15,"Brooklyn",1,38197,14724,8635,4153,6362,38007,38077,73484,15,0.167390217591496,0.22606487420478,0.10906846652835,26,11,28.7980731471058,0,"BK15",TRUE,3,6041117,2,15331,0,0.982092323806968,38893.4920618601,15610.5486504274,8.70650972620799,2.79306514209461,0,1.38629436111989,10.5686079273413,7.3484,16.7390217591496,22.606487420478,"Brooklyn",9.78382871222568,1.12430422931001,1,3.7234696932969,1,1.55254363405254,1.12430422931001,11,42.4505209399193,8,0,18.1818181818182,22,"Extend operating hours",0,1.21617128777432
"BK1503","Sheepshead Bay-Manhattan Beach-Gerritsen Beach",20,"Brooklyn",1,64244,26383,15522,9008,9465,63484,63489,75858,20,0.149092684770966,0.241610111450097,0.141882845847312,23,10,15.5656559367412,0,"BK15",TRUE,7,3827931,2,30495,5,2.27310614151368,28262.6485524427,13415.5635951488,8.25034093094407,3.44982880307389,1.79175946922805,2.07944154167984,10.2493317545024,7.5858,14.9092684770966,24.1610111450097,"Brooklyn",21.2210794681107,0.471229562804624,1,70.0181524516828,1,4.2629355126973,0.471229562804624,10,49.7797978978388,8,0,8.82352941176471,68,"Extend operating hours",0,0
"BK1601","Ocean Hill",10,"Brooklyn",1,39942,15700,5645,5824,9551,39837,39918,62458,10,0.239751989356628,0.141329928396174,0.145899093140939,21,8,20.029042111061,0,"BK16",TRUE,2,5330530,4,6374,8,0.720618331200196,55427.3993189658,8845.18159478964,8.58139353037666,1.99796029981195,2.19722457733622,1.09861228866811,10.9228473644751,6.2458,23.9751989356628,14.1329928396174,"Brooklyn",14.1678556787185,0.564658490417626,0,14.8620729474621,0,2.76393091053229,0.564658490417626,8,31.679943736022,8,0,22.7272727272727,22,"Build new / modular unit",1200000,0
"BK1602","Brownsville",14,"Brooklyn",1,59014,21897,7866,11179,22010,58728,58919,38936,13,0.374778640512192,0.133290405666452,0.189735059997624,28,10,16.945131663673,0,"BK16",TRUE,6,6120131,7,7689,7,1.10429510578074,53440.4252007228,6962.81271170159,8.7195021623538,2.16205785785707,2.07944154167984,1.94591014905531,10.8863414770301,3.8936,37.4778640512192,13.3290405666452,"Brooklyn",17.914712927777,0.558200404344458,4,33.7896116492519,1,3.54931882638962,0.558200404344458,10,67.4948452200827,8,0,16.9811320754717,53,"Extend operating hours",0,0
"BK1701","East Flatbush-Erasmus",11,"Brooklyn",1,42375,17556,6583,4655,7076,41780,41984,73723,11,0.169363331737674,0.155351032448378,0.110875571646341,26,15,35.3982300884956,0,"BK17",TRUE,0,3351732,2,7588,1,0.709185445703963,59751.6492430792,10699.599161215,8.11753081484947,2.15036588001653,0.693147180559945,0,10.9979688076071,7.3723,16.9363331737674,15.5351032448378,"Brooklyn",13.195178246849,1.13677888387616,0,0.732046301104422,0,0.549303542522204,1.13677888387616,15,32.8398212782107,NA,NA,NA,NA,"Build new / modular unit",1200000,1.804821753151
"BK1702","East Flatbush-Farragut",14,"Brooklyn",1,34025,12398,7520,4515,4402,33869,34005,84808,13,0.129971360240928,0.221013960323292,0.132774591971769,15,9,26.4511388684791,0,"BK17",TRUE,3,1584885,1,6956,1,0.865254069417233,39323.7098820194,8039.25719145708,7.3688978901081,2.07392636099173,0.693147180559945,1.38629436111989,10.5796083504554,8.4808,12.9971360240928,22.1013960323292,"Brooklyn",8.50253453221308,1.05850790324958,1,6.84891397990782,1,2.060375175715,1.05850790324958,9,38.6877468617411,8,0,13.0434782608696,23,"Extend operating hours",0,0.49746546778692
"BK1703","East Flatbush-Rugby",16,"Brooklyn",1,36352,14124,7385,4175,6138,35699,35883,71290,16,0.171937589288215,0.203152508802817,0.116350360895131,34,18,49.5158450704225,0,"BK17",TRUE,3,0,0,5682,1,0.975852046022332,37251.5486831988,5822.60397276451,0,1.89941734393456,0.693147180559945,1.38629436111989,10.5254756424926,7.129,17.1937589288215,20.3152508802817,"Brooklyn",5.66553773016445,3.17710354379328,3,4.72501550602532,1,1.74484525791267,3.17710354379328,18,33.3160465243297,8,0,14.8148148148148,27,"Build new / modular unit",1200000,12.3344622698355
"BK1704","East Flatbush-Remsen Village",9,"Brooklyn",1,38240,14510,6891,5121,8335,37475,37685,62550,8,0.22241494329553,0.180203974895397,0.135889611251161,21,3,7.84518828451883,0,"BK17",TRUE,3,0,0,4405,1,0.659676227619741,57967.830882702,6677.51817568783,0,1.68732445109117,0.693147180559945,1.38629436111989,10.9676607465041,6.255,22.241494329553,18.0203974895397,"Brooklyn",5.75442546887855,0.521337884420398,0,3.69306356860512,0,1.54608558212969,0.521337884420398,3,67.2261145750799,8,0,9.09090909090909,22,"Extend operating hours",0,0
"BK1801","Flatlands",27,"Brooklyn",1,61589,21884,12618,7759,7118,61357,61505,87957,26,0.116009583258634,0.204874247024631,0.126152345337777,22,10,16.2366656383445,0,"BK18",TRUE,5,0,0,20072,2,1.94907816960138,31599.0404903031,10298.2016386264,0,3.04794514500093,1.09861228866811,1.79175946922805,10.3609136809129,8.7957,11.6009583258634,20.4874247024631,"Brooklyn",12.8909557637553,0.775737670911601,0,13.9596260585035,0,2.70535497614459,0.775737670911601,10,33.7556588989491,8,0,21.2121212121212,33,"Build new / modular unit",1200000,0
"BK1802","Marine Park-Mill Basin-Bergen Beach",19,"Brooklyn",1,42837,15127,9681,5058,2949,42758,42735,114035,19,0.0689695495579775,0.225996218222565,0.118357318357318,13,6,14.0065830940542,0,"BK18",TRUE,3,0,0,10302,0,2.11172185290619,20285.3420023319,4878.48339771747,0,2.42497970120765,0,1.38629436111989,9.91770313082626,11.4035,6.89695495579775,22.5996218222565,"Brooklyn",7.32597743200774,0.81900334196848,0,65.1344557952258,0,4.1916898787487,0.81900334196848,6,37.0809943706087,8,0,NA,NA,"Extend operating hours",0,0
"BK1803","Canarsie",34,"Brooklyn",1,76746,26760,15681,8662,10322,75852,76052,83139,33,0.136080788904709,0.204323352357126,0.113895755535686,35,13,16.9389935631824,0,"BK18",TRUE,13,3132900,1,10596,0,2.53004131309803,30333.892020927,4188.07390422617,8.05003351430223,2.45066021105941,0,2.63905732961526,10.320053880816,8.3139,13.6080788904709,20.4323352357126,"Brooklyn",20.6165973813176,0.630559920221383,5,78.8542309690764,1,4.38020285972036,0.630559920221383,13,57.4515651597861,8,0,20.7547169811321,53,"Reconstruct or repair",60500,0
"BX0101","Mott Haven-Port Morris",15,"Bronx",1,56600,22081,7214,13140,23756,56451,56532,29645,14,0.420825140387239,0.127455830388693,0.232434727234133,22,10,17.6678445229682,0,"BX01",TRUE,8,7593989,6,20895,10,1.46977773335874,38509.2240244092,14216.4352648415,8.93524396670756,3.08625830025336,2.39789527279837,2.19722457733622,10.5586790440969,2.9645,42.0825140387239,12.7455830388693,"Bronx",16.0594396832453,0.62268673112132,7,53.6031215801598,1,4.00009105291441,0.62268673112132,10,67.4434621295446,8,0,12.5,64,"Extend operating hours",0,0
"BX0102","Melrose",8,"Bronx",1,41043,15978,5240,8885,17401,40900,41024,31028,8,0.425452322738386,0.127670979216919,0.216580538221529,24,16,38.9835051044027,0,"BX01",TRUE,5,6771434,3,20580,4,0.619539281925913,66247.6152802013,33218.2326454339,8.8206158286183,3.07176695982999,1.6094379124341,1.79175946922805,11.1011698421991,3.1028,42.5452322738386,12.7670979216919,"Bronx",10.2966411204946,1.55390479407438,1,10.2245388492205,1,2.41810235030962,1.55390479407438,16,75.8812168173652,8,0,13.6363636363636,44,"Extend operating hours",0,5.7033588795054
"BX0201","Hunts Point",6,"Bronx",1,14219,5245,2046,3462,3950,13816,13942,40045,4,0.285900405327157,0.143891975525705,0.248314445560178,10,5,35.1642168928898,0,"BX02",TRUE,3,0,0,20741,0,1.61549885409558,8801.61565200266,12838.758719895,0,3.07919987879525,0,1.38629436111989,9.08280418948339,4.0045,28.5900405327157,14.3891975525705,"Bronx",2.11540498596084,2.36361360268277,1,16.9898199147888,1,2.88980603761711,2.36361360268277,5,35.4284564580614,8,0,4.54545454545455,22,"Extend operating hours",0,2.88459501403916
"BX0202","Longwood",9,"Bronx",1,40143,14677,4954,10335,13311,39663,39958,37218,9,0.335602450646698,0.123408813491767,0.258646578907853,13,8,19.9287547019406,0,"BX02",TRUE,7,6589033,6,6579,2,0.552069692246209,72713.6456933,11916.9736944479,8.79331363507127,2.02538126482989,1.09861228866811,2.07944154167984,11.1942980970606,3.7218,33.5602450646698,12.3408813491767,"Bronx",9.45196631735313,0.846384734286725,5,19.9746293709309,1,3.0433135821581,0.846384734286725,8,95.3368616449848,8,0,8,75,"Extend operating hours",0,0
"BX0301","Morrisania",7,"Bronx",1,37248,14072,2977,8276,14552,36940,37031,33969,7,0.393936112615051,0.0799237542955326,0.223488428613864,20,5,13.4235395189003,0,"BX03",TRUE,3,0,0,7626,2,0.495411626546376,75185.9625492927,15393.2600515707,0,2.15478089822565,1.09861228866811,1.38629436111989,11.2277331245524,3.3969,39.3936112615051,7.99237542955326,"Bronx",5.6183214508296,0.889945519094801,1,12.4239367233825,1,2.59703943602054,0.889945519094801,5,81.8894406306269,8,0,18.1818181818182,33,"Extend operating hours",0,0
"BX0302","Claremont Village-Claremont (East)",6,"Bronx",1,24213,8503,2983,4635,11380,23889,23993,33253,6,0.476369877349408,0.123198281914674,0.19318134455883,4,0,0,0,"BX03",TRUE,2,0,0,5903,2,0.358641059331616,67513.1844778864,16459.3535692795,0,1.93195609972134,1.09861228866811,1.09861228866811,11.1200929951973,3.3253,47.6369877349408,12.3198281914674,"Bronx",2.69436849014899,0,1,5.48784600444769,1,1.86993058108871,0,0,88.2745969027696,8,0,9.52380952380952,21,"Extend operating hours",0,0
"BX0303","Crotona Park East",7,"Bronx",1,29480,11668,3773,7033,9099,29461,29480,38302,7,0.308848986796103,0.127985074626866,0.238568521031208,19,5,16.9606512890095,0,"BX03",TRUE,1,2312025,2,4509,3,0.572981658213577,51450.1635042067,7869.36184669159,7.74631147064687,1.70638311849058,1.38629436111989,0.693147180559945,10.8483883552768,3.8302,30.8848986796103,12.7985074626866,"Bronx",6.64125641742564,0.752869590591438,1,25.8772734136094,1,3.29128107500442,0.752869590591438,5,39.8042271847868,8,0,0,16,"Extend operating hours",0,0
"BX0401","Concourse-Concourse Village",14,"Bronx",1,67780,27203,9451,13517,22119,66220,67110,44135,14,0.334022953790396,0.139436411920921,0.201415586350767,39,16,23.6057834169372,0,"BX04",TRUE,10,9490682,3,15291,3,0.950663587823022,71297.566108757,16084.5541954707,9.15817111509812,2.79061280808403,1.38629436111989,2.39789527279837,11.1746314955235,4.4135,33.4022953790396,13.9436411920921,"Bronx",17.8385178102887,0.896935506086255,3,51.267102390535,1,3.95636715576705,0.896935506086255,16,87.1201816351736,8,0,19.047619047619,63,"Extend operating hours",0,0
"BX0402","Highbridge",5,"Bronx",1,30812,12162,3370,5182,8830,30207,30729,44594,5,0.292316350514781,0.109372971569518,0.168635490904357,14,6,19.4729326236531,0,"BX04",TRUE,2,0,0,3296,5,0.468067886339864,65828.0580642686,7041.71359794331,0,1.45768435720656,1.79175946922805,1.09861228866811,11.0948166317505,4.4594,29.2316350514781,10.9372971569518,"Bronx",4.7914491742026,1.25223075146123,0,20.8057791039788,0,3.08217503117596,1.25223075146123,6,64.4178633090976,8.25,0,18.1818181818182,11,"Extend operating hours",0,1.2085508257974
"BX0403","Mount Eden-Claremont (West)",12,"Bronx",1,48394,17422,5965,9647,14759,48222,48394,43308,12,0.306063622413006,0.123259081704344,0.199342893747159,16,6,12.3982311856842,0,"BX04",TRUE,2,3585273,3,4045,0,0.488100017317988,99147.7121142411,8287.23592805111,8.18486878065946,1.61839765380557,0,1.09861228866811,11.5043761445972,4.3308,30.6063622413006,12.3259081704344,"Bronx",9.45878942131407,0.6343306455771,1,12.7734889402483,1,2.62274565321421,0.6343306455771,6,80.874034652086,14.0833333333333,1,NA,NA,"Monitor / already served",NA,0
"BX0501","University Heights (South)-Morris Heights",13,"Bronx",1,53624,19333,5709,11951,20618,53392,53613,34394,12,0.386162721006892,0.106463523795316,0.222912353347136,19,4,7.45934656124123,0,"BX05",TRUE,4,2662300,2,4631,1,0.704394836963724,76127.7584474425,6574.43774000646,7.88732123436933,1.72828704627248,0.693147180559945,1.6094379124341,11.2401813758452,3.4394,38.6162721006892,10.6463523795316,"Bronx",10.7764365599295,0.371180211357933,2,17.1983311817319,1,2.90132989656723,0.371180211357933,4,66.9214627240245,7.91666666666667,0,30,10,"Reconstruct or repair",60500,0
"BX0502","Mount Hope",10,"Bronx",1,47120,17264,4714,9477,14762,46002,46951,40825,9,0.320899091343855,0.100042444821732,0.201848735916168,19,7,14.8556876061121,0,"BX05",TRUE,1,2780634,2,7500,5,0.45489576560054,103584.169304794,16487.2935013997,7.93079380379985,2.14006616349627,1.79175946922805,0.693147180559945,11.5481494451315,4.0825,32.0899091343855,10.0042444821732,"Bronx",12.7776577636873,0.547831232410466,0,9.37854871899555,0,2.33974105283703,0.547831232410466,7,61.497463490564,8,0,36.3636363636364,11,"Reconstruct or repair",60500,0
"BX0503","Fordham Heights",7,"Bronx",1,30863,10692,2315,4572,10638,30770,30863,38801,7,0.345726356841079,0.0750089103457214,0.148138547775654,12,6,19.4407543012669,0,"BX05",TRUE,1,3926458,3,5566,3,0.264686632298046,116602.035138848,21028.6403649297,8.27574767624701,1.8819048190794,1.38629436111989,0.693147180559945,11.6665305829101,3.8801,34.5726356841079,7.50089103457214,"Bronx",8.27026035148003,0.725491066182245,0,0.986910700865851,0,0.686581020871725,0.725491066182245,6,83.1714875288786,8,0,40,10,"Reconstruct or repair",60500,0
"BX0601","West Farms",5,"Bronx",1,18442,7156,2467,3851,7913,18255,18422,31965,5,0.433470282114489,0.133770740700575,0.209043534903919,4,1,5.42240537902614,0,"BX06",TRUE,1,3677535,3,2445,1,0.419724495981314,43938.3456924111,5825.24971358558,8.21026985407491,1.23692390446562,0.693147180559945,0.693147180559945,10.6905654548949,3.1965,43.3470282114489,13.3770740700575,"Bronx",3.02467147309944,0.330614418423195,0,13.3137348652827,0,2.6612195563897,0.330614418423195,1,68.1870005445774,8.33333333333333,0,54.5454545454545,11,"Reconstruct or repair",60500,0
"BX0602","Tremont",9,"Bronx",1,32428,12135,4061,8822,10213,32085,32187,36794,9,0.318310737104566,0.125231281608486,0.274085811041725,10,5,15.4187738990995,0,"BX06",TRUE,3,0,0,9707,4,0.56779726968584,57111.9336624184,17095.8905902645,0,2.37089773317613,1.6094379124341,1.38629436111989,10.9527858789689,3.6794,31.8310737104566,12.5231281608486,"Bronx",5.10893257227121,0.978678017231537,3,32.7896630810333,1,3.52015492970973,0.978678017231537,5,64.4725731138145,8,0,26.0869565217391,23,"Reconstruct or repair",60500,0
"BX0603","Belmont",7,"Bronx",1,35608,12802,4037,6061,13372,32050,35608,32264,7,0.417223088923557,0.113373399236127,0.170214558526174,25,6,16.850146034599,0,"BX06",TRUE,4,0,0,14168,7,0.588052315125776,60552.4357001875,24093.0945012429,0,2.71918794551267,2.07944154167984,1.6094379124341,11.0112814889105,3.2264,41.7223088923557,11.3373399236127,"Bronx",5.6166817543214,1.06824638860546,0,3.58130769585808,0,1.52198448048525,1.06824638860546,6,68.7397136587043,8,0,7.14285714285714,28,"Extend operating hours",0,0.3833182456786
"BX0701","University Heights (North)-Fordham",9,"Bronx",1,42305,16160,5846,6976,11095,41260,41377,44865,9,0.268904507998061,0.138186975534807,0.168596079947797,26,9,21.2740810778868,0,"BX07",TRUE,5,2098918,1,10180,1,0.657054869414642,64385.7948084134,15493.3788240078,7.64965357533009,2.41412646772695,0.693147180559945,1.79175946922805,11.0726638415081,4.4865,26.8904507998061,13.8186975534807,"Bronx",9.82767095667444,0.915781576293788,0,32.133138533107,0,3.50053394569465,0.915781576293788,9,80.9538972225227,8,0,7.27272727272727,55,"Extend operating hours",0,0
"BX0702","Bedford Park",11,"Bronx",1,49148,20487,6441,6964,13974,49000,49061,46725,11,0.285183673469388,0.131053145601042,0.141945741016286,19,9,18.3120371123952,0,"BX07",TRUE,3,5413746,4,7479,1,0.88074246740772,55802.9183543934,8491.69907976944,8.5968812515944,2.13759251832187,0.693147180559945,1.38629436111989,10.9295993673089,4.6725,28.5183673469388,13.1053145601042,"Bronx",11.7112447878873,0.768492176793067,2,22.8544446156843,1,3.17197055702379,0.768492176793067,9,57.4674434449549,8,0,14.2857142857143,21,"Extend operating hours",0,0
"BX0703","Norwood",8,"Bronx",1,39556,15109,4033,5578,10863,38914,39028,51548,8,0.279154031967929,0.10195671958742,0.14292302961976,14,4,10.112245929821,0,"BX07",TRUE,2,4153430,3,19824,4,0.563917922469548,70144.95979623,35154.0520527977,8.33193051376342,3.03610616769226,1.6094379124341,1.09861228866811,11.1583334900906,5.1548,27.9154031967929,10.195671958742,"Bronx",13.0696875289843,0.306051693365224,2,75.9394992587876,1,4.34301938909901,0.306051693365224,4,76.8122064277504,7.83333333333333,0,11.1111111111111,18,"Extend operating hours",0,0
"BX0801","Kingsbridge Heights-Van Cortlandt Village",6,"Bronx",1,33261,13295,5525,4682,7008,32504,32460,62573,6,0.215604233325129,0.166110459697544,0.144239063462723,12,4,12.0260966296864,0,"BX08",TRUE,4,0,0,3480,1,0.393495687441991,84526.9746568781,8843.80721583644,0,1.49962304642689,0.693147180559945,1.6094379124341,11.3448378195848,6.2573,21.5604233325129,16.6110459697544,"Bronx",4.1662090977989,0.960105435445689,2,10.469058407305,1,2.43965283599345,0.960105435445689,4,99.5686949292196,8.16666666666667,0,NA,NA,"Extend operating hours",0,0
"BX0802","Kingsbridge-Marble Hill",5,"Bronx",1,24004,9303,3430,4747,6744,23835,23844,50515,5,0.282945248584015,0.142892851191468,0.199085723871834,16,7,29.1618063656057,0,"BX08",TRUE,2,5229224,4,5880,0,0.441649348422613,54350.8104013564,13313.7295934001,8.56220938596971,1.92861865194525,0,1.09861228866811,10.9032332020471,5.0515,28.2945248584015,14.2892851191468,"Bronx",4.9228207073883,1.42194900364627,0,5.97656998790793,0,1.94255739025106,1.42194900364627,7,79.9555156433997,8.16666666666667,0,18.1818181818182,11,"Extend operating hours",0,2.0771792926117
"BX0803","Riverdale-Spuyten Duyvil",14,"Bronx",1,47430,20096,13647,6548,2817,43481,45373,108322,13,0.0647869184241393,0.287729285262492,0.144314900932273,19,9,18.9753320683112,0,"BX08",TRUE,6,0,0,13384,2,2.25921221229949,20994.0437386908,5924.18893946106,0,2.66611647772926,1.09861228866811,1.94591014905531,9.95204167640695,10.8322,6.47869184241393,28.7729285262492,"Bronx",6.21776697474268,1.4474649880832,0,141.938280686697,0,4.96241293350274,1.4474649880832,9,37.6468598778149,8,0,6.25,32,"Extend operating hours",0,2.78223302525732
"BX0901","Soundview-Bruckner-Bronx River",15,"Bronx",1,67869,24895,8431,8901,22245,67340,67678,42210,15,0.33033858033858,0.124224609173555,0.13151984396702,35,20,29.4685349717839,0,"BX09",TRUE,6,3669401,3,6444,2,1.15530281694314,58745.6370785774,5577.75840714247,8.20805619938488,2.00740833878,1.09861228866811,1.94591014905531,10.9809891891524,4.221,33.033858033858,12.4224609173555,"Bronx",15.5753898017835,1.28407701216632,3,36.5777413786917,1,3.62641189049451,1.28407701216632,20,73.2772410210287,8,0,4.65116279069767,43,"Extend operating hours",0,4.4246101982165
"BX0902","Soundview-Clason Point",8,"Bronx",1,35612,13149,6482,6887,7764,35071,35382,60080,8,0.221379487325711,0.182017297540155,0.194646995647504,15,6,16.8482533977311,0,"BX09",TRUE,2,0,0,4654,0,1.08771101888002,32740.3137247507,4278.70998750393,0,1.7323632592714,0,1.09861228866811,10.3963929761052,6.008,22.1379487325711,18.2017297540155,"Bronx",4.07717266927645,1.47160802023741,0,86.4487809998611,0,4.47105326197193,1.47160802023741,6,36.0752383918785,7.83333333333333,0,4.76190476190476,21,"Extend operating hours",0,1.92282733072355
"BX0903","Castle Hill-Unionport",9,"Bronx",1,35838,12870,6251,6442,8652,35624,35829,57830,9,0.242869975297552,0.174423795970757,0.179798487258924,17,8,22.3226742563759,0,"BX09",TRUE,4,2941711,1,11196,3,1.18009782785047,30368.6687274717,9487.34904494597,7.98708654429508,2.50110802912601,1.38629436111989,1.6094379124341,10.3211996500933,5.783,24.2869975297552,17.4423795970757,"Bronx",8.71530991501829,0.917924902040986,1,11.5003165789325,1,2.52575397030215,0.917924902040986,8,50.0463486335273,8,0,6.06060606060606,33,"Extend operating hours",0,0
"BX0904","Parkchester",5,"Bronx",1,29460,12480,4529,3787,6190,29272,29445,61589,5,0.211464881115059,0.153733876442634,0.128612667685515,10,4,13.5777325186694,0,"BX09",TRUE,4,0,0,3992,0,0.329442700996851,89423.7447387902,12117.433435073,0,1.60783663106713,0,1.6094379124341,11.4011527096506,6.1589,21.1464881115059,15.3733876442634,"Bronx",3.62789700262391,1.10256713382628,2,3.71629158270731,1,1.55102280915808,1.10256713382628,4,80.5639193267455,8,0,6.06060606060606,33,"Extend operating hours",0,0.37210299737609
"BX1001","Westchester Square",5,"Bronx",1,14680,5148,2063,1730,3493,14434,14436,57101,5,0.24199806013579,0.140531335149864,0.119839290662233,5,3,20.4359673024523,0,"BX10",TRUE,2,2746495,3,9775,0,0.5517474036421,26606.3780329493,17716.4404136294,7.91844486643991,2.37722863598981,0,1.09861228866811,10.1889438259697,5.7101,24.199806013579,14.0531335149864,"Bronx",3.37278568214712,0.889472466596276,0,4.472258350521,0,1.69969139238575,0.889472466596276,3,78.663041447375,7.83333333333333,0,18.1818181818182,11,"Extend operating hours",0,0
"BX1002","Throgs Neck-Schuylerville",14,"Bronx",1,47903,17284,7487,7645,6675,46241,47685,82192,14,0.144352414523907,0.156295012838444,0.160322952710496,10,3,6.26265578356262,0,"BX10",TRUE,6,0,0,7050,0,2.38454451729781,20088.9518532806,2956.53947697699,0,2.08567209143047,0,1.94591014905531,9.90797506125462,8.2192,14.4352414523907,15.6295012838444,"Bronx",7.23405552043726,0.41470513898111,1,58.8375707174982,1,4.09163373654368,0.41470513898111,3,33.801654387349,8,2,27.2727272727273,11,"Build new / modular unit",1200000,0
"BX1003","Pelham Bay-Country Club-City Island",6,"Bronx",1,28351,11597,5624,4543,3514,28111,28143,81525,6,0.125004446657892,0.198370427850869,0.161425576519916,14,7,24.6904871080385,0,"BX10",TRUE,2,2488759,3,4950,1,1.26656131345771,22384.2301977484,3908.21979749761,7.81994119762598,1.78339121955754,0.693147180559945,1.09861228866811,10.0161566541937,8.1525,12.5004446657892,19.8370427850869,"Bronx",6.29306043816939,1.11233636936693,0,12.9768039403215,0,2.63739909409677,1.11233636936693,7,34.9862207674436,7.66666666666667,0,0,10,"Build new / modular unit",1200000,0.70693956183061
"BX1004","Co-op City",7,"Bronx",1,36000,16716,9811,5511,3890,35313,35321,62754,7,0.110157732279897,0.272527777777778,0.156026160074743,0,0,0,0,"BX10",TRUE,1,0,0,8446,1,1.04215679208259,34543.7464626214,8104.34673953613,0,2.24559137147393,0.693147180559945,0.693147180559945,10.4500107615595,6.2754,11.0157732279897,27.2527777777778,"Bronx",4.05962556736626,0,0,34.6377274742818,0,3.57340483722177,0,0,20.4048914876425,8.5,0,NA,NA,"Build new / modular unit",1200000,0
"BX1101","Pelham Parkway-Van Nest",9,"Bronx",1,28955,10894,3259,4164,5921,28776,28872,65945,9,0.205761745899361,0.112553963046106,0.144222776392352,20,10,34.536349507857,0,"BX11",TRUE,1,1513558,1,10063,0,0.559155195987234,51783.4765871711,17996.7924329719,7.32287892620148,2.40360620705277,0,0.693147180559945,10.8548457035503,6.5945,20.5761745899361,11.2553963046106,"Bronx",7.39813325853519,1.35169233244928,0,15.9768191409409,0,2.83184883359044,1.35169233244928,10,57.3760787389455,8,0,0,11,"Extend operating hours",0,2.60186674146481
"BX1102","Morris Park",10,"Bronx",1,23701,8815,4007,2659,2618,22859,23282,80967,10,0.11452819458419,0.16906459643053,0.114208401340091,8,6,25.3153875363909,0,"BX11",TRUE,2,578002,1,14810,0,0.998380641426659,23739.442670014,14834.0216000552,6.36130593179846,2.76064265122138,0,1.09861228866811,10.0749353145784,8.0967,11.452819458419,16.906459643053,"Bronx",5.73932273341693,1.04541951702163,1,51.6823099184415,1,3.96427972402391,1.04541951702163,6,32.296446912978,8.16666666666667,0,18.1818181818182,11,"Build new / modular unit",1200000,0.26067726658307
"BX1103","Pelham Gardens",10,"Bronx",1,27832,9181,5734,2905,3679,26179,26209,89594,10,0.140532487871958,0.206021845357861,0.110839787859132,11,4,14.3719459614832,0,"BX11",TRUE,3,1510275,2,5233,1,1.07837706456444,25809.154250922,4852.66255371784,7.32070894438936,1.82985775782671,0.693147180559945,1.38629436111989,10.1585232690963,8.9594,14.0532487871958,20.6021845357861,"Bronx",5.73693636068339,0.697236250939259,1,9.05496454624049,1,2.30806649723535,0.697236250939259,4,49.7729586743309,8,0,0,31,"Extend operating hours",0,0
"BX1104","Allerton",9,"Bronx",1,33067,14011,5481,5155,8667,32457,32538,44113,9,0.267030224604862,0.165754377476033,0.158430143217161,14,6,18.1449783772341,0,"BX11",TRUE,3,874285,1,4864,0,0.565100166654083,58515.2897685154,8607.32359857437,6.77454954760995,1.76883196458435,0,1.38629436111989,10.9770604520393,4.4113,26.7030224604862,16.5754377476033,"Bronx",5.57790852332361,1.07567199693424,2,3.32155412250165,1,1.46361508814038,1.07567199693424,6,71.2033255398832,8,0,15.625,32,"Extend operating hours",0,0.42209147667639
"BX1201","Williamsbridge-Olinville",20,"Bronx",1,57663,21433,8320,8574,14755,56623,57306,57055,19,0.260583155254932,0.144286630941852,0.149617841063763,78,39,67.634358253993,0,"BX12",TRUE,5,3008483,4,5204,2,1.30001313749638,44355.7055977525,4003.03646932529,8.009523582193,1.82519424531429,1.09861228866811,1.79175946922805,10.7000191735521,5.7055,26.0583155254932,14.4286630941852,"Bronx",13.2841150090887,2.93583727431726,2,60.3483264201114,1,4.11656789156905,2.93583727431726,39,63.2356427323953,8,0,20.9302325581395,43,"Reconstruct or repair",60500,25.7158849909113
"BX1202","Eastchester-Edenwald-Baychester",12,"Bronx",1,51213,17506,8259,7884,10180,50176,50142,70558,11,0.202885841836735,0.161267646886533,0.157233456982171,20,8,15.6210337219065,0,"BX12",TRUE,5,1487111,2,6582,7,2.02291198221607,25316.4746910525,3253.72535130743,7.30526280938503,2.02577701709414,2.07944154167984,1.79175946922805,10.1392501355438,7.0558,20.2885841836735,16.1267646886533,"Bronx",13.6056018331572,0.587993100055581,2,71.240385661996,1,4.27999924771569,0.587993100055581,8,37.6749260796267,8,0,15.1515151515152,33,"Extend operating hours",0,0
"BX1203","Wakefield-Woodlawn",16,"Bronx",1,49552,18594,8769,7874,8587,49001,49265,85993,16,0.175241321605682,0.176965611882467,0.159829493555262,79,31,62.5605424604456,0,"BX12",TRUE,3,2290926,3,8895,6,1.42213390294408,34843.4137583094,6254.68528778176,7.7371477911005,2.29202957905453,1.94591014905531,1.38629436111989,10.458648109461,8.5993,17.5241321605682,17.6965611882467,"Bronx",13.5449087577509,2.28868282204268,1,19.8760228975404,1,3.03860127061618,2.28868282204268,31,32.3219494531066,8.33333333333333,0,30,10,"Build new / modular unit",1200000,17.4550912422491
"MN0101","Financial District-Battery Park City",7,"Manhattan",1,48198,23144,3887,1730,2819,46415,48186,195573,7,0.0607346762899925,0.0806464998547658,0.0359025443074752,126,63,130.71081787626,0,"MN01",TRUE,8,50696316,9,230247,45,0.689664561244562,69886.1485836279,333853.604982252,10.8336282493219,5.44348640333541,3.8286413964891,2.19722457733622,11.1546370570072,19.5573,6.07346762899925,8.06464998547658,"Manhattan",112.390918326579,0.560543511326584,0,28.3163488601073,0,3.37814534198281,0.560543511326584,63,78.7774609265652,8,1,9.09090909090909,22,"Extend operating hours",0,0
"MN0102","Tribeca-Civic Center",5,"Manhattan",1,22563,9638,3064,1476,1631,20861,22089,229813,5,0.0781841714203538,0.13579754465275,0.0668205894336548,100,58,257.05801533484,0,"MN01",TRUE,3,32268036,6,128636,14,0.487052853242001,46325.5678512352,264110.966897642,10.3818634116528,4.86473052312285,2.70805020110221,1.38629436111989,10.7434708951839,22.9813,7.81841714203538,13.579754465275,"Manhattan",33.9013750194886,1.71084506061061,0,16.0031203874612,0,2.83339687941617,1.71084506061061,58,75.9126112414072,8.33333333333333,1,27.2727272727273,11,"Reconstruct or repair",60500,24.0986249805114
"MN0201","SoHo-Little Italy-Hudson Square",6,"Manhattan",1,21220,11840,3795,1641,2217,20814,21220,147765,6,0.106514845776881,0.178840716305372,0.0773327049952875,66,26,122.525918944392,0,"MN02",TRUE,2,29060926,6,90802,25,0.463325065753489,45799.378381333,195979.036558991,10.277184211597,4.5196340838815,3.25809653802148,1.09861228866811,10.7320476316693,14.7765,10.6514845776881,17.8840716305372,"Manhattan",25.5422247158874,1.0179222949138,0,2.61118929590717,0,1.28403716293938,1.0179222949138,26,80.9369646317217,7.91666666666667,0,9.09090909090909,11,"Extend operating hours",0,0.4577752841126
"MN0202","Greenwich Village",7,"Manhattan",1,31628,15537,5561,2192,2303,26974,31603,175960,7,0.0853785126418032,0.175825218161123,0.069360503749644,102,45,142.278993297079,0,"MN02",TRUE,1,19732613,3,63174,24,0.380327589156709,83159.8887425652,166104.173878298,9.89007870440086,4.1615981442439,3.2188758248682,0.693147180559945,11.3285324290549,17.596,8.53785126418032,17.5825218161123,"Manhattan",36.5144305415213,1.23238947814973,0,13.1234511159373,0,2.64783661551103,1.23238947814973,45,83.461574007111,8,0,0,12,"Extend operating hours",0,8.4855694584787
"MN0203","West Village",7,"Manhattan",1,31913,18404,5375,2023,1987,31435,31848,183262,7,0.0632097979958645,0.168426659981826,0.063520472243155,100,60,188.01115532855,0,"MN02",TRUE,11,16063682,2,38988,12,0.517133834845608,61711.2976363802,75392.475550628,9.68437847676954,3.68857940910493,2.56494935746154,2.484906649788,11.0302385034267,18.3262,6.32097979958645,16.8426659981826,"Manhattan",33.8734144764234,1.77130061812225,2,6.97689693219138,1,2.07654948022265,1.77130061812225,60,99.820887907702,9,4,14.2857142857143,35,"Monitor / already served",NA,26.1265855235766
"MN0301","Chinatown-Two Bridges",7,"Manhattan",1,38006,18246,9769,4945,13212,37707,37742,36726,6,0.350385869997613,0.257038362363837,0.131021143553601,48,27,71.0414145134979,0,"MN03",TRUE,5,3996884,1,14668,16,0.413990352108793,91804.0717770456,35430.7773726702,8.29352050013216,2.75162041580358,2.83321334405622,1.79175946922805,11.4274228231984,3.6726,35.0385869997613,25.7038362363837,"Manhattan",14.9594256508195,1.80488212784565,1,15.3845830001628,1,2.79634083173005,1.80488212784565,27,93.465177007428,8,0,19.6428571428571,56,"Extend operating hours",0,12.0405743491805
"MN0302","Lower East Side",10,"Manhattan",1,47185,22062,10510,7898,11449,46572,46986,68630,10,0.245834406939792,0.222740277630603,0.16809262333461,145,25,52.9829394934831,0,"MN03",TRUE,7,15515392,3,21100,21,0.590967194306275,79843.6875254802,35704.1815574363,9.64965229248408,3.09557760852371,3.09104245335832,2.07944154167984,11.2878386207534,6.863,24.5834406939792,22.2740277630603,"Manhattan",29.212770473831,0.855790108041795,6,57.4070865061866,1,4.06743722675658,0.855790108041795,25,89.96550868738,8,0,18.8118811881188,101,"Extend operating hours",0,0
"MN0303","East Village",14,"Manhattan",1,69437,33560,10217,9824,14024,64018,69269,96609,14,0.219063388422006,0.147140573469476,0.14182390391084,98,42,60.486484151101,0,"MN03",TRUE,5,12346627,2,24070,15,0.680818179787067,101990.519732768,35354.5200680865,9.42121917784478,3.2216719121702,2.77258872223978,1.79175946922805,11.5326449489353,9.6609,21.9063388422006,14.7140573469476,"Manhattan",57.0926978378238,0.735645740884487,1,39.9225694208499,1,3.711681730433,0.735645740884487,42,87.1398367024394,8,0,23.5294117647059,34,"Reconstruct or repair",60500,0
"MN0401","Chelsea-Hudson Yards",13,"Manhattan",1,62960,35994,10042,6334,7353,61708,62896,130722,13,0.11915796979322,0.159498094027954,0.100705927244976,108,64,101.651842439644,0,"MN04",TRUE,8,42350211,6,150885,49,1.06432770432046,59154.7131061461,141765.547760814,10.6537522947127,5.02312365554862,3.91202300542815,2.19722457733622,10.9879284514904,13.0722,11.915796979322,15.9498094027954,"Manhattan",93.3674933925981,0.685463405672554,0,12.6041156849677,0,2.61037237085531,0.685463405672554,64,77.9384805563443,8,2,0,56,"Extend operating hours",0,0
"MN0402","Hell's Kitchen",10,"Manhattan",1,54743,32736,9073,6477,6648,54362,54715,108939,10,0.122291306427284,0.165738085234642,0.118377044686101,95,56,102.296183986994,0,"MN04",TRUE,8,6156000,1,68439,47,0.65937484649671,83022.5785694619,103793.768239143,8.72534492491121,4.24044866932674,3.87120101090789,2.19722457733622,11.326879925586,10.8939,12.2291306427284,16.5738085234642,"Manhattan",61.5137842035983,0.910365062481789,2,9.23317725221629,1,2.3256351135823,0.910365062481789,56,92.4761670870797,10,2,17.6470588235294,34,"Monitor / already served",NA,0
"MN0501","Midtown South-Flatiron-Union Square",8,"Manhattan",1,29148,15619,3521,1900,3366,26388,29122,186086,8,0.127557980900409,0.120797310278578,0.065242771787652,104,42,144.092219020173,0,"MN05",TRUE,6,101313532,9,273093,69,0.533711476147068,54613.7778606958,511686.580119082,11.525985135032,5.61346746485787,4.24849524204936,1.94591014905531,10.9080597819014,18.6086,12.7557980900409,12.0797310278578,"Manhattan",60.0447393163812,0.699478430220143,0,13.2352793470642,0,2.65572334449701,0.699478430220143,42,88.3424240328592,11.5,1,16.6666666666667,12,"Monitor / already served",NA,0
"MN0502","Midtown-Times Square",14,"Manhattan",1,23035,13384,5013,2613,2571,22694,23006,155770,12,0.113289856349696,0.217625352724115,0.113579066330522,144,84,364.662470154113,0,"MN05",TRUE,11,133253725,10,647628,162,0.880701253950633,26155.2937465117,735354.919837893,11.8000178010617,6.47485936284583,5.09375020080676,2.484906649788,10.1718451191775,15.577,11.3289856349696,21.7625352724115,"Manhattan",43.5491963519375,1.92885304521269,0,10.9433808305409,0,2.48017721952119,1.92885304521269,84,84.8506982533362,13.1428571428571,5,0,11,"Monitor / already served",NA,40.4508036480625
"MN0601","Stuyvesant Town-Peter Cooper Village",2,"Manhattan",1,22040,10527,4097,1543,1835,22040,22040,164234,2,0.0832577132486388,0.185889292196007,0.0700090744101633,8,4,18.1488203266788,0,"MN06",TRUE,0,0,0,2025,0,0.199995779822569,110202.325366832,10125.2136509907,0,1.1069110914828,0,0,11.6100823509883,16.4234,8.32577132486388,18.5889292196007,"Manhattan",5.95137759501158,0.672113294130889,0,1.37457751075786,0,0.864819531455047,0.672113294130889,4,24.7623635472743,NA,NA,NA,NA,"Build new / modular unit",1200000,0
"MN0602","Gramercy",4,"Manhattan",1,25905,13459,3966,1828,2928,23428,25861,152659,4,0.124978658016049,0.153097857556456,0.0706855883376513,50,34,131.248793669176,0,"MN06",TRUE,2,6811316,2,46658,21,0.269958087627862,95959.34030956,172834.236640164,8.82648742943243,3.86405050687905,3.09104245335832,1.09861228866811,11.4716902633162,15.2659,12.4978658016049,15.3097857556456,"Manhattan",26.8060740941002,1.26836924648668,1,5.47132998052978,1,1.8673816485209,1.26836924648668,34,96.6118039167682,7.66666666666667,0,8.33333333333333,12,"Extend operating hours",0,7.1939259058998
"MN0603","Murray Hill-Kips Bay",9,"Manhattan",1,53742,30641,9423,4348,5317,52043,53598,130997,9,0.102165516976346,0.175337724684604,0.0811224299414157,63,32,59.5437460459231,0,"MN06",TRUE,3,0,0,123694,21,0.565712230607145,94998.8299569234,218651.804411665,0,4.82586273605126,3.09104245335832,1.38629436111989,11.461630380654,13.0997,10.2165516976346,17.5337724684604,"Manhattan",35.2003870788951,0.909080912328549,0,11.832974738399,0,2.55201800977282,0.909080912328549,32,77.8465576301444,8,0,21.7391304347826,23,"Reconstruct or repair",60500,0
"MN0604","East Midtown-Turtle Bay",10,"Manhattan",1,42046,23587,11643,3331,3114,41818,42045,175362,10,0.0744655411545268,0.276911002235647,0.0792246402663813,62,37,87.9988583931884,0,"MN06",TRUE,7,51457455,2,149711,41,0.471281746120988,89216.2710439582,317667.724736289,10.8485300620659,5.01536409566934,3.73766961828337,2.07944154167984,11.3988299213949,17.5362,7.44655411545268,27.6911002235647,"Manhattan",43.3828650173453,0.852871288818908,0,4.10021337991737,0,1.62928237805453,0.852871288818908,37,83.6302049200647,12,2,0,11,"Monitor / already served",NA,0
"MN0701","Upper West Side-Lincoln Square",11,"Manhattan",1,69909,37142,14030,5844,7198,67696,69877,169470,11,0.106328291184117,0.200689467736629,0.0836326688323769,68,40,57.2172395542777,0,"MN07",TRUE,6,32998399,3,44188,11,0.566653310519838,123371.731360515,77980.661507938,10.4042446281616,3.81083156486468,2.484906649788,1.94591014905531,11.7229653884047,16.947,10.6328291184117,20.0689467736629,"Manhattan",63.716698733445,0.627778915027246,1,33.2805255384179,1,3.53457742437105,0.627778915027246,40,72.9719089414207,8.08333333333333,1,0,35,"Extend operating hours",0,0
"MN0702","Upper West Side (Central)",12,"Manhattan",1,101153,48748,23265,9712,9045,100046,100282,161803,12,0.09040841213042,0.229998121657291,0.0968468917652221,118,71,70.1907012149912,0,"MN07",TRUE,8,17267594,3,30813,35,0.911482328199437,110976.369887302,33805.3729037936,9.75664475497186,3.45987501127957,3.58351893845611,2.19722457733622,11.61708158462,16.1803,9.040841213042,22.9998121657291,"Manhattan",88.2602031269573,0.804439571681821,0,109.256965019621,0,4.70281368711266,0.804439571681821,71,84.8339310592174,8,0,8.69565217391304,23,"Extend operating hours",0,0
"MN0703","Upper West Side-Manhattan Valley",6,"Manhattan",1,50132,22777,11518,6618,8156,48979,49526,108956,6,0.166520345454174,0.229753450889651,0.133626781892339,54,26,51.8630814649326,0,"MN07",TRUE,6,7296637,3,14505,13,0.473501003162178,105875.171679054,30633.5148249557,8.89530587610463,2.74116255255241,2.63905732961526,1.94591014905531,11.5700254985194,10.8956,16.6520345454174,22.9753450889651,"Manhattan",29.509340708005,0.881076953133927,1,58.6056516463336,1,4.08775039585634,0.881076953133927,26,89.308386265345,8,0,4.65116279069767,43,"Extend operating hours",0,0
"MN0801","Upper East Side-Lenox Hill-Roosevelt Island",14,"Manhattan",1,77188,40586,14903,6758,6679,75540,76262,137957,14,0.0884167328567646,0.1930740529616,0.0886155621410401,72,47,60.8902938280562,0,"MN08",TRUE,6,9820528,2,64906,14,0.771240131088108,100082.966236597,84157.9650535393,9.19233199005862,4.1882294844049,2.70805020110221,1.94591014905531,11.513764775017,13.7957,8.84167328567646,19.30740529616,"Manhattan",74.0463626995276,0.634737457540231,2,11.7962492328033,1,2.54915209929704,0.634737457540231,47,62.6652315954532,7.83333333333333,0,9.09090909090909,33,"Extend operating hours",0,0
"MN0802","Upper East Side-Carnegie Hill",14,"Manhattan",1,56073,27366,16925,4530,2811,55807,56052,210571,14,0.0503700252656477,0.301838674584916,0.0808178120316849,59,35,62.4186328536016,0,"MN08",TRUE,1,44061702,6,61620,19,0.719745906603261,77906.6605111082,85613.546995782,10.6933689439413,4.13708471589826,2.99573227355399,0.693147180559945,11.2632795647789,21.0571,5.03700252656477,30.1838674584916,"Manhattan",44.7109309891149,0.782806334507347,0,5.18762343079228,0,1.82255107610672,0.782806334507347,35,56.385391030741,8.33333333333333,0,9.09090909090909,11,"Extend operating hours",0,0
"MN0803","Upper East Side-Yorkville",14,"Manhattan",1,78549,43013,17939,7702,6251,78016,78002,149848,14,0.0801245898277276,0.228379737488701,0.0987410579215918,73,44,56.015990018969,0,"MN08",TRUE,1,6509893,1,23597,3,0.489445863128486,160485.57341546,48211.6650229108,8.78123189937429,3.20262448428215,1.38629436111989,0.693147180559945,11.9859655633206,14.9848,8.01245898277276,22.8379737488701,"Manhattan",48.3982847415838,0.909123127708598,2,23.6320536251909,1,3.2040485876737,0.909123127708598,44,51.2315127588438,8,0,4.54545454545455,22,"Extend operating hours",0,0
"MN0901","Morningside Heights",8,"Manhattan",1,37716,12431,6384,3973,6522,26104,37306,82777,8,0.249846766779038,0.169265033407572,0.106497614324773,37,19,50.376498037968,0,"MN09",TRUE,3,12072517,3,45034,25,0.571151940269833,66034.9678269176,78847.6705143018,9.39876965524331,3.8293802539015,3.25809653802148,1.38629436111989,11.0979548396424,8.2777,24.9846766779038,16.9265033407572,"Manhattan",31.7023994666715,0.599323720590127,0,102.536842102193,0,4.63992751170589,0.599323720590127,19,74.1906742831187,7.83333333333333,0,15.8536585365854,82,"Extend operating hours",0,0
"MN0902","Manhattanville-West Harlem",5,"Manhattan",1,21638,8346,2870,3442,6140,21168,21606,45385,4,0.290060468631897,0.132637027451705,0.159307599740813,28,14,64.7009890008319,0,"MN09",TRUE,5,4091723,2,5695,1,0.38505815128017,56194.1097157974,14789.9738807406,8.31696579768136,1.90136097914314,0.693147180559945,1.79175946922805,10.9365850163626,4.5385,29.0060468631897,13.2637027451705,"Manhattan",10.2565816067213,1.36497719579646,1,35.8052289037918,1,3.60563992485804,1.36497719579646,14,83.5849784139737,8,0,15.3846153846154,39,"Extend operating hours",0,3.7434183932787
"MN0903","Hamilton Heights-Sugar Hill",7,"Manhattan",1,53598,20276,7770,7456,12470,53230,53540,65609,7,0.23426639113282,0.144968095824471,0.139260366081434,49,25,46.643531475055,0,"MN09",TRUE,5,7891555,3,6533,5,0.573332262494753,93485.0583268729,11394.7887243826,8.97367518904898,2.01929336884356,1.79175946922805,1.79175946922805,11.4455675953555,6.5609,23.426639113282,14.4968095824471,"Manhattan",31.5067903041507,0.793479747021598,1,44.3721024652285,1,3.81489743303041,0.793479747021598,25,86.2141925764782,8,0,9.09090909090909,44,"Extend operating hours",0,0
"MN1001","Harlem (South)",10,"Manhattan",1,48446,21253,5297,5392,8910,48330,48446,77149,10,0.184357541899441,0.109338232258597,0.111299178466746,55,30,61.9246170994509,0,"MN10",TRUE,3,10997482,5,13908,5,0.517475132002295,93619.957760183,26876.653852302,9.30551254225763,2.70189798161701,1.79175946922805,1.38629436111989,11.4470095450964,7.7149,18.4357541899441,10.9338232258597,"Manhattan",39.2716774640787,0.763909309131005,1,2.83377942593368,1,1.3438511119131,0.763909309131005,30,70.8699544115482,7.66666666666667,0,36.3636363636364,11,"Reconstruct or repair",60500,0
"MN1002","Harlem (North)",15,"Manhattan",1,86565,37462,11560,13824,26033,86012,86329,49748,15,0.302667069711203,0.133541269566222,0.160131589616467,112,43,49.6736556344943,0,"MN10",TRUE,8,4696312,4,12527,6,0.85345224099586,101429.225727957,14678.0328157352,8.45474570919883,2.60468768810706,1.94591014905531,2.19722457733622,11.5271264098231,4.9748,30.2667069711203,13.3541269566222,"Manhattan",51.046465374979,0.842369783767182,7,30.4037482022434,1,3.44692725528843,0.842369783767182,43,95.1392783428632,8,0,25.2747252747253,91,"Reconstruct or repair",60500,0
"MN1101","East Harlem (South)",11,"Manhattan",1,61875,26904,10613,11360,18237,59534,61114,46953,11,0.306329156448416,0.171523232323232,0.185882121936054,31,12,19.3939393939394,0,"MN11",TRUE,3,9842288,3,37888,4,0.597377875089909,103577.655919526,63423.8420602665,9.19454508057331,3.66068571974315,1.6094379124341,1.38629436111989,11.5480865636389,4.6953,30.6329156448416,17.1523232323232,"Manhattan",36.811069647811,0.325988897220583,1,16.3911527459418,1,2.85596161403249,0.325988897220583,12,85.3022743612372,8,0,13.953488372093,43,"Extend operating hours",0,0
"MN1102","East Harlem (North)",12,"Manhattan",1,63246,28197,8951,11290,19846,62593,62806,44772,12,0.317064208457815,0.141526736868735,0.17975989555138,403,99,156.531638364482,0,"MN11",TRUE,6,8787117,2,15977,1,0.936901556049318,67505.4914698751,17053.0189611073,9.08115574702534,2.8318594868285,0.693147180559945,1.94591014905531,11.1199790421607,4.4772,31.7064208457815,14.1526736868735,"Manhattan",33.1670820813852,2.98488723720327,5,70.1850271015041,1,4.26528250278495,2.98488723720327,99,78.0361145904016,8,0,7.46268656716418,67,"Extend operating hours",0,65.8329179186148
"MN1201","Washington Heights (South)",11,"Manhattan",1,76079,27997,14044,15538,18087,74629,75838,61497,11,0.24235886853636,0.184597589347915,0.204884095044701,59,28,36.8038486310283,0,"MN12",TRUE,7,11007009,4,27604,1,0.754263996689042,100865.214744387,36597.2658395098,9.30637837776,3.35354656818615,0.693147180559945,2.07944154167984,11.5215503112655,6.1497,24.235886853636,18.4597589347915,"Manhattan",41.3109530303547,0.677786348318472,2,67.5083230580364,1,4.22695524238399,0.677786348318472,28,72.1586744139999,8,0,6.97674418604651,43,"Extend operating hours",0,0
"MN1202","Washington Heights (North)",12,"Manhattan",1,74030,29009,12632,9102,10411,72329,73187,84083,12,0.143939498679644,0.170633526948534,0.124366349215025,68,31,41.874915574767,0,"MN12",TRUE,3,10380665,6,13109,3,0.888549885749905,83315.5247524694,14753.2515734178,9.24779654848071,2.64681289163102,1.38629436111989,1.38629436111989,11.3304021848611,8.4083,14.3939498679644,17.0633526948534,"Manhattan",48.3396330437718,0.641295724606128,0,125.522460556181,0,4.84041984621057,0.641295724606128,31,59.2395131527315,8,0,11.4285714285714,35,"Extend operating hours",0,0
"MN1203","Inwood",6,"Manhattan",1,36850,15041,6140,6220,6002,36813,36850,69195,6,0.163040230353408,0.166621438263229,0.168792401628223,31,17,46.1329715061058,0,"MN12",TRUE,2,4012377,3,5202,0,0.517855294595754,71158.8746596975,10045.2772314721,8.29738831053418,1.82487182067826,0,1.09861228866811,11.1726843803912,6.9195,16.3040230353408,16.6621438263229,"Manhattan",16.9479262219892,1.00307257521237,1,19.9808491579607,1,3.04361007678972,1.00307257521237,17,48.123015702569,8.25,0,5,20,"Extend operating hours",0,0.0520737780108007
"QN0101","Astoria (North)-Ditmars-Steinway",17,"Queens",1,48620,20521,6650,4435,5050,48422,48620,100929,16,0.104291437776217,0.136774989716166,0.0912176059234883,59,25,51.4191690662279,0,"QN01",TRUE,3,6295291,2,11724,2,2.09130675023969,23248.6219414859,5606.06424603005,8.74771600885125,2.5434899738869,1.09861228866811,1.38629436111989,10.054044150302,10.0929,10.4291437776217,13.6774989716166,"Queens",28.5383688445056,0.876013626995123,1,16.8686901965611,1,2.88305003026574,0.876013626995123,25,23.8482175238184,8,0,28.5714285714286,35,"Build new / modular unit",1200000,0
"QN0102","Old Astoria-Hallets Point",6,"Queens",1,13998,6641,1761,1961,2699,13948,13996,112417,5,0.193504445081732,0.125803686240892,0.140111460417262,8,3,21.4316330904415,0,"QN01",TRUE,2,0,0,2661,1,0.397837298747487,35185.2378951646,6688.66395478162,0,1.2977363341381,0.693147180559945,1.09861228866811,10.4684103162506,11.2417,19.3504445081732,12.5803686240892,"Queens",3.51487153321341,0.853516258461173,0,9.90333199812517,0,2.38906843042346,0.853516258461173,3,62.3340011705252,7.66666666666667,0,NA,NA,"Extend operating hours",0,0
"QN0103","Astoria (Central)",11,"Queens",1,48044,24001,6095,3870,4578,47712,47761,101745,11,0.0959507042253521,0.126862875697277,0.0810284541780951,44,24,49.9542086420781,0,"QN01",TRUE,1,8094741,3,13739,1,0.756313924549625,63523.8866302899,18165.7372078418,8.9990933999088,2.69049704185462,0.693147180559945,0.693147180559945,11.0591870235396,10.1745,9.59507042253521,12.6862875697277,"Queens",28.4514084290384,0.843543477288977,0,1.21159581479269,0,0.793714343090944,0.843543477288977,24,43.5008788021347,8,0,27.2727272727273,11,"Reconstruct or repair",60500,0
"QN0104","Astoria (East)-Woodside (North)",14,"Queens",1,36805,16717,4995,3732,4371,36741,36802,79887,14,0.118967910508696,0.135715256079337,0.101407532199337,187,57,154.870262192637,0,"QN01",TRUE,2,5068165,2,11956,2,0.934129122353612,39400.3346210499,12799.0871003742,8.53093138874156,2.56155900130908,1.09861228866811,1.09861228866811,10.581554968343,7.9887,11.8967910508696,13.5715256079337,"Queens",20.5213907137266,2.77758953060979,1,8.77583447156678,1,2.27991347016302,2.77758953060979,57,34.3738314598681,7.66666666666667,0,27.2727272727273,22,"Build new / modular unit",1200000,36.4786092862734
"QN0105","Queensbridge-Ravenswood-Dutch Kills",12,"Queens",1,29051,13688,3882,3600,6146,28861,29051,76600,11,0.212951734174145,0.133627069636157,0.123920002753778,19,7,24.0955560910124,0,"QN01",TRUE,4,8172420,3,34395,46,0.994374627300196,29215.3472166478,34589.579274951,9.00864270491473,3.56657056722615,3.85014760171006,1.6094379124341,10.2824836677931,7.66,21.2951734174145,13.3627069636157,"Queens",23.4833380424536,0.298083687563722,1,40.6309763477544,1,3.7288445139166,0.298083687563722,7,53.3999582246238,7.54166666666667,0,5.17241379310345,58,"Extend operating hours",0,0
"QN0201","Long Island City-Hunters Point",9,"Queens",1,30464,15844,1548,1421,2411,30464,30443,170326,7,0.0791425945378151,0.0508140756302521,0.0466773971027823,30,18,59.0861344537815,0,"QN02",TRUE,4,16564664,5,38735,11,0.989847196257281,30776.467433749,39132.3025881785,9.71508739844618,3.68223241139214,2.484906649788,1.6094379124341,10.3345381244024,17.0326,7.91425945378151,5.08140756302521,"Queens",37.858274664906,0.475457483451714,0,16.8820363906543,0,2.88379665535491,0.475457483451714,18,41.1138982622238,8,0,16,25,"Extend operating hours",0,0
"QN0202","Sunnyside",18,"Queens",1,46879,21055,6366,3680,5974,46645,46747,81960,14,0.128073748526101,0.135796412039506,0.0787216291954564,46,33,70.3939930459267,0,"QN02",TRUE,3,9122248,4,40860,7,1.71106520968238,27397.553135162,23879.8613686878,9.11858116001633,3.73433071701785,2.07944154167984,1.38629436111989,10.2182454856959,8.196,12.8073748526101,13.5796412039506,"Queens",35.7363208832347,0.923430257631294,0,2.10408588396316,0,1.13271927074076,0.923430257631294,33,32.5060843440336,8,0,9.09090909090909,11,"Build new / modular unit",1200000,0
"QN0203","Woodside",14,"Queens",1,46947,18812,8477,3358,4129,46495,46716,75617,14,0.0888052478761157,0.1805653183377,0.0718811542084083,83,47,100.112893262615,0,"QN02",TRUE,1,7473043,4,17385,7,1.18191901827003,39720.9954948658,14709.1295860916,8.91919136330691,2.91153511475324,2.07944154167984,0.693147180559945,10.5896603559421,7.5617,8.88052478761157,18.05653183377,"Queens",27.9648129327027,1.68068351156525,1,11.0979769126874,1,2.49303824132511,1.68068351156525,47,12.2836344344727,7.33333333333333,0,20,30,"Build new / modular unit",1200000,19.0351870672973
"QN0301","Jackson Heights",20,"Queens",1,93975,35581,16375,10048,12318,93562,93709,79884,20,0.131656014193797,0.174248470337856,0.10722555997823,110,58,61.7185421654695,0,"QN03",TRUE,4,8289765,2,17169,1,1.4102797998211,66635.713006682,12174.1799054187,9.02289752372706,2.8997168451203,0.693147180559945,1.6094379124341,11.1070109509946,7.9884,13.1656014193797,17.4248470337856,"Queens",45.4808620034629,1.27526166930574,1,16.9084621827233,1,2.88527334877492,1.27526166930574,58,47.2018701270158,8,0,20.5882352941176,34,"Reconstruct or repair",60500,12.5191379965371
"QN0302","East Elmhurst",10,"Queens",1,29093,8647,4309,2770,4225,28350,28685,80116,10,0.149029982363316,0.148111229505379,0.0965661495555168,67,36,123.741106107998,0,"QN03",TRUE,5,0,0,8081,12,1.0317649249312,28197.3144240583,7832.21042384131,0,2.20618431870769,2.56494935746154,1.79175946922805,10.2470174829433,8.0116,14.9029982363316,14.8111229505379,"Queens",10.0866370090511,3.56907857075615,1,22.3044422526693,1,3.14864399702037,3.56907857075615,36,66.8542655847008,8,1,30.7692307692308,26,"Reconstruct or repair",60500,25.9133629909489
"QN0303","North Corona",10,"Queens",1,38521,9738,3240,2912,6621,38291,38472,80006,10,0.172912694889138,0.0841099659925755,0.0756914119359534,49,24,62.3036785130189,0,"QN03",TRUE,1,3789908,1,3758,2,0.500797197798861,76919.3601108596,7504.03559867632,8.2403608472187,1.55982741188077,1.09861228866811,0.693147180559945,11.2505258813202,8.0006,17.2912694889138,8.41099659925755,"Queens",20.0721025673056,1.19568938627747,1,12.6354660768489,1,2.61267419810051,1.19568938627747,24,47.5002545208524,7.33333333333333,0,0,12,"Extend operating hours",0,3.9278974326944
"QN0401","Elmhurst",23,"Queens",1,100015,33039,13881,8491,14839,99136,99802,72467,23,0.149683263395739,0.138789181622757,0.0850784553415763,140,77,76.9884517322402,0,"QN04",TRUE,5,34258333,5,25533,2,1.51020660153361,66226.0381450029,16906.9582758222,10.4417143029203,3.27838924128924,1.09861228866811,1.79175946922805,11.1008440897332,7.2467,14.9683263395739,13.8789181622757,"Queens",64.4563368101663,1.19460713733666,1,16.6747803503817,1,2.87213878457001,1.19460713733666,77,49.9294455017007,8,0,23.1884057971014,69,"Reconstruct or repair",60500,12.5436631898337
"QN0402","Corona",17,"Queens",1,67341,20432,9579,9178,13547,65933,66838,69520,17,0.205466155036173,0.142246179890409,0.137317095065681,150,54,80.188889383882,0,"QN04",TRUE,4,4981726,1,10404,2,0.86180512595918,78139.4748900457,12072.3347849904,8.51373240981392,2.43396417105043,1.09861228866811,1.6094379124341,11.2662634460163,6.952,20.5466155036173,14.2246179890409,"Queens",31.0621510764202,1.73845011142812,1,9.12541020632313,1,2.31504812637668,1.73845011142812,54,62.1706066600452,8,0,5.55555555555556,36,"Extend operating hours",0,22.9378489235798
"QN0501","Maspeth",20,"Queens",1,40680,14746,6849,3926,5126,40374,40455,87267,18,0.126962896913855,0.168362831858407,0.0970461006056112,81,11,27.0403146509341,0,"QN05",TRUE,3,0,0,17594,2,2.09174875423514,19447.8423460923,8411.14400779617,0,2.92283894803367,1.09861228866811,1.38629436111989,9.87554282779412,8.7267,12.6962896913855,16.8362831858407,"Queens",12.7687099570978,0.861480919917469,1,11.4000963914407,1,2.51770424608406,0.861480919917469,11,27.126917412929,8,0,14.2857142857143,21,"Build new / modular unit",1200000,0
"QN0502","Ridgewood",19,"Queens",1,66747,25112,7619,5811,8978,66482,66678,87554,18,0.135044072079661,0.114147452319954,0.0871501844686403,70,39,58.4295923412288,0,"QN05",TRUE,4,6077480,5,11386,1,1.52623951089204,43732.9786862799,7460.16592988424,8.712509943705,2.51656680251587,0.693147180559945,1.6094379124341,10.6858806232612,8.7554,13.5044072079661,11.4147452319954,"Queens",37.7066206266871,1.03430112144278,0,18.3992630386846,0,2.96523507765106,1.03430112144278,39,32.9156236493059,8,0,56.8181818181818,44,"Build new / modular unit",1200000,1.2933793733129
"QN0503","Glendale",13,"Queens",1,35585,12880,5838,3341,3209,35419,35558,94437,13,0.0906010898105537,0.164057889560208,0.0939591653073851,21,13,36.5322467331741,0,"QN05",TRUE,1,0,0,8590,0,1.07633418357394,33061.2931774042,7980.79270461999,0,2.26072088889535,0,0.693147180559945,10.4061487330772,9.4437,9.06010898105537,16.4057889560208,"Queens",9.4653872293523,1.37342505752821,0,5.82997968340599,0,1.92132169896715,1.37342505752821,13,35.5782211082936,7.33333333333333,0,NA,NA,"Extend operating hours",0,3.5346127706477
"QN0504","Middle Village",14,"Queens",1,34057,12976,8239,4207,2778,33603,33715,94141,13,0.082671190072315,0.241917961065273,0.124781254634436,9,6,17.6175235634378,0,"QN05",TRUE,3,0,0,4211,0,1.25341878840747,27171.2856987496,3359.61135970387,0,1.65077177592708,0,1.38629436111989,10.2099528247101,9.4141,8.2671190072315,24.1917961065273,"Queens",6.38138731235091,0.940234420247029,0,53.9833354816993,0,4.00703014807952,0.940234420247029,6,41.8936148160028,8,0,6.66666666666667,15,"Extend operating hours",0,0
"QN0601","Rego Park",8,"Queens",1,29744,12637,6580,3600,3384,29612,29733,84920,8,0.114277995407267,0.221221086605702,0.121077590555948,11,6,20.1721355567509,0,"QN06",TRUE,1,3286942,1,17259,1,0.724336842766078,41063.7679099884,23827.3120749896,8.09801711611781,2.9046581091546,0.693147180559945,0.693147180559945,10.6229058043865,8.492,11.4277995407267,22.1221086605702,"Queens",11.9519188704646,0.502011439755258,0,5.70213647309914,0,1.90242635214855,0.502011439755258,6,35.9620632855637,7.33333333333333,0,23.8095238095238,21,"Reconstruct or repair",60500,0
"QN0602","Forest Hills",24,"Queens",1,93621,40992,19661,10452,9048,93137,93205,107850,24,0.0971472132450047,0.210006302004892,0.112139906657368,52,30,32.044092671516,0,"QN06",TRUE,6,9382540,3,37517,0,2.07883457358255,45035.3295013074,18047.1310592768,9.14671236952397,3.65109970227706,0,1.94591014905531,10.7152247652944,10.785,9.71472132450047,21.0006302004892,"Queens",44.1937317843881,0.678829299737883,4,13.4155306110218,1,2.66830614005715,0.678829299737883,30,48.8671615668963,8,0,14.6666666666667,75,"Extend operating hours",0,0
"QN0701","College Point",7,"Queens",1,30120,9642,6540,2703,3237,29574,29607,91833,7,0.109454250355042,0.217131474103586,0.0912959773026649,8,1,3.32005312084993,0,"QN07",TRUE,3,0,0,21347,5,2.39286681309968,12587.4118171178,8921.09827556487,0,3.10669208386225,1.79175946922805,1.38629436111989,9.4405319727046,9.1833,10.9454250355042,21.7131474103586,"Queens",9.16797224213725,0.109075373876446,0,88.7859930437928,0,4.49742898367431,0.109075373876446,1,22.1314369469346,8,0,12,25,"Build new / modular unit",1200000,0
"QN0702","Whitestone-Beechhurst",7,"Queens",1,29547,11007,7382,2944,2065,29348,29382,103344,7,0.0703625459997274,0.249839239178258,0.100197399768566,10,7,23.6910684671879,0,"QN07",TRUE,3,0,0,5481,0,1.88811509070068,15648.9401231548,2902.89507615025,0,1.86887481944558,0,1.38629436111989,9.65822236996448,10.3344,7.03625459997274,24.9839239178258,"Queens",5.75405145692094,1.21653413293349,1,54.9939373891913,1,4.02524342396722,1.21653413293349,7,24.4748789808288,8,0,9.375,32,"Build new / modular unit",1200000,1.24594854307906
"QN0703","Bay Terrace-Clearview",5,"Queens",1,23195,10403,7029,3650,2349,23154,23175,103249,5,0.101451153148484,0.30303944815693,0.157497303128371,3,2,8.62254796292304,0,"QN07",TRUE,6,0,0,3135,0,1.41040842564992,16445.5909211629,2222.76040258012,0,1.41948732847565,0,1.94591014905531,9.7078734958815,10.3249,10.1451153148484,30.303944815693,"Queens",3.3417129187453,0.59849545686017,2,178.343626570384,1,5.18930366707914,0.59849545686017,2,47.5566761480289,7.66666666666667,0,9.09090909090909,11,"Extend operating hours",0,0
"QN0704","Murray Hill-Broadway Flushing",15,"Queens",1,53912,19740,11930,4647,10319,53047,53110,72788,15,0.19452560936528,0.221286541029826,0.087497646394276,21,14,25.9682445466686,0,"QN07",TRUE,3,0,0,13236,0,2.02496196142163,26623.7099891748,6536.41907955033,0,2.65577396764795,0,1.38629436111989,10.189595010527,7.2788,19.452560936528,22.1286541029826,"Queens",10.5829986712734,1.32287647715592,1,22.4827032080722,1,3.15626411644527,1.32287647715592,14,31.4642936737639,8,0,28.5714285714286,14,"Build new / modular unit",1200000,3.4170013287266
"QN0705","East Flushing",14,"Queens",1,30771,11132,8075,3854,5085,30664,30751,61333,13,0.16582963735977,0.262422410711384,0.125329257585119,19,10,32.4981313574469,0,"QN07",TRUE,0,0,0,5483,0,1.13564638944685,27095.5821160035,4828.08737909223,0,1.86918336619286,0,0,10.2071628777332,6.1333,16.582963735977,26.2422410711384,"Queens",4.82503122741919,2.07252544671069,0,4.42669162616152,0,1.69132967131122,2.07252544671069,10,6.65932591745033,NA,NA,NA,NA,"Build new / modular unit",1200000,5.17496877258081
"QN0706","Queensboro Hill",5,"Queens",1,20405,6216,3695,1944,3459,20391,20402,71064,5,0.169633661909666,0.181083067875521,0.0952847760023527,7,3,14.7022788532222,0,"QN07",TRUE,2,0,0,5541,0,0.94796371952772,21525.0853800247,5845.16040630811,0,1.87809005897908,0,1.09861228866811,9.97702075218378,7.1064,16.9633661909666,18.1083067875521,"Queens",4.32547082422875,0.693566116131396,0,71.1017877413217,0,4.27807883928616,0.693566116131396,3,26.4187922152301,8,0,NA,NA,"Build new / modular unit",1200000,0
"QN0707","Flushing-Willets Point",14,"Queens",1,61079,26505,14708,7975,13143,60291,60305,55738,13,0.217992735234115,0.240802894611896,0.1322444241771,37,14,22.9211349236235,0,"QN07",TRUE,4,14885315,1,48471,24,1.38222723999832,44188.8267229304,35067.3164276946,9.60819761351822,3.90138663930659,3.2188758248682,1.6094379124341,10.6962498769343,5.5738,21.7992735234115,24.0802894611896,"Queens",32.9116013342939,0.425381914960547,2,49.625838783573,1,3.92446209385385,0.425381914960547,14,36.5225098398513,8,0,12.7272727272727,55,"Extend operating hours",0,0
"QN0801","Kew Gardens Hills",8,"Queens",1,35598,12834,6468,3820,3735,34340,35585,85291,8,0.108765288293535,0.181695600876454,0.107348601939019,7,3,8.42743974380583,0,"QN08",TRUE,4,0,0,9924,1,1.2304991726214,28929.7228247327,8065.01964471733,0,2.39096220361146,0.693147180559945,1.6094379124341,10.2726593829582,8.5291,10.8765288293535,18.1695600876454,"Queens",9.56279818406987,0.313715707709646,1,7.40660904963428,1,2.12901818811412,0.313715707709646,3,50.0563383711981,8,0,26.4705882352941,34,"Reconstruct or repair",60500,0
"QN0802","Pomonok-Electchester-Hillcrest",8,"Queens",1,34432,12434,6503,4674,4360,32059,34308,78614,8,0.135999251380268,0.18886500929368,0.136236446309899,8,2,5.80855018587361,0,"QN08",TRUE,5,0,0,13467,1,1.32626536773218,25961.62188784,10154.0764975471,0,2.67187019364745,0.693147180559945,1.79175946922805,10.1644131629385,7.8614,13.5999251380268,18.886500929368,"Queens",9.01778765015939,0.22178388731128,2,12.1172895314087,1,2.57393117157932,0.22178388731128,2,50.8288842585528,8,0,19.047619047619,42,"Extend operating hours",0,0
"QN0803","Fresh Meadows-Utopia",6,"Queens",1,20679,7952,4152,1554,1800,20677,20679,97257,6,0.0870532475697635,0.200783403452778,0.0751487015813144,9,5,24.1791189129068,0,"QN08",TRUE,3,0,0,6431,1,1.19074467874703,17366.4433434711,5400.82195182854,0,2.00566043917533,0.693147180559945,1.38629436111989,9.76235266034615,9.7257,8.70532475697635,20.0783403452778,"Queens",5.16260102471672,0.968504049811665,1,31.6521094782036,1,3.48590946246244,0.968504049811665,5,44.5405689098722,7.33333333333333,0,11.7647058823529,34,"Extend operating hours",0,0
"QN0804","Jamaica Estates-Holliswood",8,"Queens",1,23270,8841,5160,2111,2692,22630,22961,87536,8,0.11895713654441,0.221744735711216,0.0919385044205392,12,8,34.3790287924366,0,"QN08",TRUE,1,0,0,9544,1,1.41366180385503,16460.7970142103,6751.26113896101,0,2.35555697776015,0.693147180559945,0.693147180559945,9.70879764288983,8.7536,11.895713654441,22.1744735711216,"Queens",5.38522308558189,1.48554662877733,0,35.8285364170367,0,3.60627299078701,1.48554662877733,8,22.5416129038144,24,1,NA,NA,"Build new / modular unit",1200000,2.61477691441811
"QN0805","Jamaica Hills-Briarwood",10,"Queens",1,37121,14186,7028,4236,5130,36526,36534,92556,10,0.140447900125938,0.189326796153121,0.115946789292166,17,6,16.1633576681663,0,"QN08",TRUE,4,0,0,7845,6,0.99163626217508,37434.0889053188,7911.16692605873,0,2.17985232761175,1.94591014905531,1.6094379124341,10.530363749587,9.2556,14.0447900125938,18.9326796153121,"Queens",10.3750309116809,0.578311529968048,1,22.6062270062936,1,3.16151053342652,0.578311529968048,6,41.4271228175424,8,0,35.7142857142857,42,"Reconstruct or repair",60500,0
"QN0901","Kew Gardens",9,"Queens",1,24548,10568,4567,2791,2301,24339,24483,89550,8,0.0945396277579194,0.18604366954538,0.113997467630601,16,11,44.8101678344468,0,"QN09",TRUE,1,2350074,2,8609,1,0.72762101019645,33737.3435566028,11831.7089245068,7.76262752401238,2.26270015929513,0.693147180559945,0.693147180559945,10.426390260544,8.955,9.45396277579194,18.604366954538,"Queens",10.395009369989,1.058200104346,3,24.1391816603441,1,3.22442765133333,1.058200104346,11,36.879927729925,8,0,NA,NA,"Extend operating hours",0,0.604990630011001
"QN0902","Richmond Hill",13,"Queens",1,32785,10389,5217,3651,3278,32223,32396,88385,13,0.101728578965335,0.159127649839866,0.112699098654155,19,10,30.5017538508464,0,"QN09",TRUE,1,1608148,3,12076,0,1.08577813139533,30194.9349061472,11121.9775484714,7.38346012536013,2.57077848886196,0,0.693147180559945,10.3154625885461,8.8385,10.1728578965335,15.9127649839866,"Queens",14.2894882803387,0.69981512310411,0,0.0247518873083283,0,0.0244505221262331,0.69981512310411,10,27.8939731867499,7.33333333333333,0,NA,NA,"Build new / modular unit",1200000,0
"QN0903","South Richmond Hill",9,"Queens",1,23493,6508,3467,2550,2797,23348,23462,85086,8,0.119796128148021,0.147575873664496,0.108686386497315,18,6,25.5395224109309,0,"QN09",TRUE,1,0,0,2135,0,0.568509673761598,41323.8350801603,3755.43301818168,0,1.14262917408488,0,0.693147180559945,10.6292189318805,8.5086,11.9796128148021,14.7575873664496,"Queens",5.38128424392351,1.11497548318046,0,5.49697262478126,0,1.8713363183727,1.11497548318046,6,34.3071151928362,8,0,20,10,"Build new / modular unit",1200000,0.61871575607649
"QN0904","Ozone Park (North)",10,"Queens",1,25562,7417,3540,2619,4823,25327,25539,80586,10,0.190429186243929,0.138486816368046,0.102549042640667,17,8,31.2964556763946,0,"QN09",TRUE,4,0,0,11095,0,0.648792716947091,39399.3325330201,17100.9934454995,0,2.49279214406199,0,1.6094379124341,10.5815295351748,8.0586,19.0429186243929,13.8486816368046,"Queens",6.60970031986159,1.2103423170277,0,5.51012944116511,0,1.8733593394583,1.2103423170277,8,68.6367306978927,8,0,16.2790697674419,43,"Extend operating hours",0,1.39029968013841
"QN0905","Woodhaven",13,"Queens",1,39914,11883,5824,3974,4248,39836,39904,93448,13,0.106637212571543,0.145913714486145,0.0995890136327185,11,3,7.51615974344841,0,"QN09",TRUE,2,2528344,3,2869,0,0.85110687761973,46896.5779146639,3370.9044955948,7.83571525956293,1.35299607571838,0,1.09861228866811,10.7557213094902,9.3448,10.6637212571543,14.5913714486145,"Queens",15.5473016479325,0.192959528793792,0,2.80821038931619,0,1.33715936469815,0.192959528793792,3,46.7990076347193,7.66666666666667,0,54.5454545454545,11,"Reconstruct or repair",60500,0
"QN1001","South Ozone Park",25,"Queens",1,80840,22848,14458,8360,9641,80219,80818,100469,25,0.120183497675114,0.17884710539337,0.103442302457373,93,40,49.480455220188,0,"QN10",TRUE,3,2338522,4,10619,4,2.93548386386927,27538.9011654946,3617.46154720914,7.7577019139808,2.45264168920072,1.6094379124341,1.38629436111989,10.2233911835142,10.0469,12.0183497675114,17.884710539337,"Queens",39.1162165917554,1.02259378552554,1,20.7832557045265,1,3.0811415877168,1.02259378552554,40,18.8006999714782,7.33333333333333,0,10,10,"Build new / modular unit",1200000,0.883783408244597
"QN1002","Ozone Park",7,"Queens",1,23862,7518,3791,3080,2430,23561,23862,86696,6,0.103136539196129,0.158871846450423,0.129075517559299,17,10,41.9076355712011,0,"QN10",TRUE,2,3305604,4,3937,2,0.900617337933483,26495.1594811096,4371.44593400086,8.10367695981832,1.59675785927673,1.09861228866811,1.09861228866811,10.1847550762305,8.6696,10.3136539196129,15.8871846450423,"Queens",10.796120270511,0.9262586697292,0,20.6642300533583,0,3.07566251582776,0.9262586697292,10,41.6730459716128,7.66666666666667,0,27.2727272727273,11,"Reconstruct or repair",60500,0
"QN1003","Howard Beach-Lindenwood",4,"Queens",1,31308,11346,7530,6066,2165,31308,31293,100809,4,0.0691516545291938,0.24051360674588,0.19384526890998,3,1,3.19407180273413,0,"QN10",TRUE,3,0,0,3810,1,1.8869404705006,16591.9383729653,2019.14159962303,0,1.57069708411767,0.693147180559945,1.38629436111989,9.71673248461776,10.0809,6.91516545291938,24.051360674588,"Queens",6.55182523520734,0.152629223781234,0,89.0221557062954,0,4.50005581454868,0.152629223781234,1,30.1648033476267,7.66666666666667,0,0,9,"Build new / modular unit",1200000,0
"QN1101","Auburndale",13,"Queens",1,34216,12682,7552,3396,3365,33581,33953,94848,13,0.100205473333135,0.220715454758008,0.100020616734898,17,10,29.2260930558803,0,"QN11",TRUE,2,0,0,6513,2,1.98949847237488,17198.3042335067,3273.68936967585,0,2.01663485338702,1.09861228866811,1.09861228866811,9.75262421044305,9.4848,10.0205473333135,22.0715454758008,"Queens",8.18159022748533,1.22225627560836,0,30.2373485412645,0,3.44161444753033,1.22225627560836,10,27.0156290156586,7.66666666666667,0,9.09090909090909,22,"Build new / modular unit",1200000,1.81840977251467
"QN1102","Bayside",13,"Queens",1,35395,12688,7175,3449,3937,35278,35296,108454,13,0.111599297012302,0.202712247492584,0.0977164551223935,17,8,22.6020624381975,0,"QN11",TRUE,5,0,0,12524,3,2.52561338511012,14014.4173327054,4958.7953856421,0,2.60446588484564,1.38629436111989,1.79175946922805,9.54791324072996,10.8454,11.1599297012302,20.2712247492584,"Queens",10.1014393061599,0.791966348312518,0,151.295021185489,0,5.02581956852953,0.791966348312518,8,33.448956227771,8,0,18.3673469387755,49,"Build new / modular unit",1200000,0
"QN1103","Douglaston-Little Neck",6,"Queens",1,25623,10088,6890,3204,1498,25536,25536,122147,6,0.0586622807017544,0.268899036022324,0.12546992481203,5,2,7.80548725754205,0,"QN11",TRUE,5,0,0,6580,0,2.44451637985651,10481.8279031143,2691.7389689924,0,2.02551319965428,0,1.79175946922805,9.25749375955871,12.2147,5.86622807017544,26.8899036022324,"Queens",4.93546147880089,0.405230596691014,0,204.489060438342,0,5.32539279864263,0.405230596691014,2,36.0841397281383,8,0,12.1212121212121,33,"Extend operating hours",0,0
"QN1104","Oakland Gardens-Hollis Hills",5,"Queens",1,24840,9834,5922,2323,1851,24840,24840,102446,5,0.0745169082125604,0.238405797101449,0.0935185185185185,5,2,8.05152979066023,0,"QN11",TRUE,3,0,0,2366,0,1.42170339856202,17471.9987482089,1664.20084695098,0,1.21372509576861,0,1.38629436111989,9.76841203969758,10.2446,7.45169082125604,23.8405797101449,"Queens",4.55550623077777,0.439029143783772,0,50.9344858009805,0,3.94998303581206,0.439029143783772,2,40.781953235017,8,0,6.25,32,"Extend operating hours",0,0
"QN1201","Jamaica",15,"Queens",1,56742,18224,8438,6584,10259,55997,56489,61143,14,0.1832062431916,0.148708187938388,0.116553665315371,83,49,86.3557858376511,0,"QN12",TRUE,3,22770637,6,23049,25,1.67975389122311,33779.9485367963,13721.6529876391,10.0332710493151,3.18009341564572,3.25809653802148,1.38629436111989,10.4276522698017,6.1143,18.32062431916,14.8708187938388,"Queens",42.1825895591302,1.16161668859408,0,18.951199653495,0,2.99328927453523,1.16161668859408,49,37.2378776315102,9.16666666666667,0,28,25,"Reconstruct or repair",60500,6.8174104408698
"QN1202","South Jamaica",14,"Queens",1,42675,12660,5456,3846,5874,42469,42628,74002,13,0.138312651581153,0.127850029291154,0.0902223890400676,29,13,30.4628002343292,0,"QN12",TRUE,3,0,0,2949,1,1.35826282587964,31418.8087805193,2171.15564367314,0,1.37346238230451,0.693147180559945,1.38629436111989,10.3551938258751,7.4002,13.8312651581153,12.7850029291154,"Queens",11.4891517866995,1.13150215449756,2,20.7468325677629,1,3.07946811786138,1.13150215449756,13,34.2046252611596,8,0,18.5185185185185,27,"Build new / modular unit",1200000,1.5108482133005
"QN1203","Baisley Park",20,"Queens",1,43885,13205,6302,4793,5385,43598,43845,85631,19,0.123514840130281,0.14360259769853,0.109316911848557,28,13,29.6228779765296,0,"QN12",TRUE,5,0,0,3661,8,1.71992434603195,25515.6571864613,2128.58199748513,0,1.5392300173906,2.19722457733622,1.79175946922805,10.1470867408877,8.5631,12.3514840130281,14.360259769853,"Queens",14.0643285128988,0.924324256794579,1,91.1615892481715,1,4.5235434412452,0.924324256794579,13,50.0975550824556,8,0,15.5844155844156,77,"Extend operating hours",0,0
"QN1204","Springfield Gardens (North)-Rochdale Village",6,"Queens",1,33511,12948,5597,4502,4615,33348,33486,77057,6,0.138389108792131,0.167019784548357,0.134444245356268,15,9,26.8568529736504,0,"QN12",TRUE,4,0,0,5209,6,1.23623563938979,27107.2916297261,4213.59798571345,0,1.82599985238276,1.94591014905531,1.6094379124341,10.2075949242668,7.7057,13.8389108792131,16.7019784548357,"Queens",9.71127069889035,0.926758225473869,1,56.4596916996064,1,4.05108368805827,0.926758225473869,9,45.0812882185796,8,0,9.67741935483871,31,"Extend operating hours",0,0
"QN1205","St. Albans",23,"Queens",1,54727,16417,8915,6023,5140,54190,54412,101281,22,0.094851448606754,0.162899482887788,0.110692494302727,26,5,9.1362581541104,0,"QN12",TRUE,5,0,0,4861,0,2.66431465769233,20540.7420035745,1824.48420120554,0,1.76832023749429,0,1.79175946922805,9.93021429018697,10.1281,9.4851448606754,16.2899482887788,"Queens",13.7865825307767,0.362671458923062,0,73.0670338854322,0,4.30497054647426,0.362671458923062,5,29.4140811214822,8,0,17.3076923076923,52,"Build new / modular unit",1200000,0
"QN1206","Hollis",10,"Queens",1,22264,6848,4028,2671,2641,21629,21913,85188,10,0.122104581811457,0.180919870643191,0.121891114863323,20,9,40.4240028745958,0,"QN12",TRUE,2,0,0,2181,0,0.87771217056264,25365.9465445581,2484.8692693892,0,1.15719561276701,0,1.09861228866811,10.1412022884148,8.5188,12.2104581811457,18.0919870643191,"Queens",4.57619814398756,1.96669805738736,0,4.85814378459769,0,1.76783279310222,1.96669805738736,9,39.4674613157518,7.66666666666667,0,13.6363636363636,22,"Extend operating hours",0,4.42380185601244
"QN1301","Glen Oaks-Floral Park-New Hyde Park",6,"Queens",1,22157,8972,8043,3629,1838,21506,21591,110908,6,0.0854645215288757,0.363000406192174,0.168079292297717,3,1,4.51324637811978,0,"QN13",TRUE,2,0,0,15994,1,1.62927565053197,13599.2948723966,9816.63231435261,0,2.83286034058135,0.693147180559945,1.09861228866811,9.51784675328296,11.0908,8.54645215288757,36.3000406192174,"Queens",3.50435308929304,0.285359372905468,0,17.2041897825558,0,2.90165177542173,0.285359372905468,1,19.2105775706613,7.66666666666667,0,9.09090909090909,22,"Build new / modular unit",1200000,0
"QN1302","Bellerose",6,"Queens",1,26891,8726,6780,3860,1903,26418,26467,104693,6,0.0720342190930426,0.252128965081254,0.14584199191446,6,3,11.1561488974006,0,"QN13",TRUE,4,0,0,6813,1,1.98440174719053,13551.1874236513,3433.27655785715,0,2.05578901301461,0.693147180559945,1.6094379124341,9.51430324675867,10.4693,7.20342190930426,25.2128965081254,"Queens",5.79488937656244,0.517697544345466,0,142.689808236197,0,4.96765686667412,0.517697544345466,3,30.063447770828,8,1,24.2424242424242,33,"Build new / modular unit",1200000,0
"QN1303","Queens Village",20,"Queens",1,55339,16816,11819,6869,5257,55046,55158,104046,19,0.0955019438287977,0.213574513453442,0.124533159287864,31,14,25.2986139973617,0,"QN13",TRUE,3,0,0,7837,2,2.49855195087455,22148.4288051846,3136.6167900799,0,2.17894745253587,1.09861228866811,1.38629436111989,10.0055669875645,10.4046,9.55019438287977,21.3574513453442,"Queens",13.9482381806679,1.0037109933643,0,33.9477236467475,0,3.553853334849,1.0037109933643,14,22.3113681603172,8,0,9.52380952380952,21,"Build new / modular unit",1200000,0.0517618193320999
"QN1304","Cambria Heights",13,"Queens",1,19981,6567,4803,2716,1498,19775,19971,112672,13,0.0757522123893805,0.240378359441469,0.135997195934104,6,2,10.0095090335819,0,"QN13",TRUE,5,0,0,1314,0,1.18633969504557,16842.5621122225,1107.60855890397,0,0.838977628771485,0,1.79175946922805,9.73172379228173,11.2672,7.57522123893805,24.0378359441469,"Queens",3.46508725729025,0.577186042225104,0,38.9193866081743,0,3.68686208579852,0.577186042225104,2,41.8860711092932,8,0,12.5,32,"Extend operating hours",0,0
"QN1305","Laurelton",11,"Queens",1,27708,8789,5104,2745,1536,27510,27588,114800,11,0.0558342420937841,0.184206727298975,0.0994997825141366,17,8,28.872527789808,0,"QN13",TRUE,1,0,0,2074,0,1.42908521294577,19388.6268985217,1451.27804921084,0,1.1229796451164,0,0.693147180559945,9.87249350609807,11.48,5.58342420937841,18.4206727298975,"Queens",6.28226274922722,1.27342652151633,0,6.19234445458709,0,1.97301719015301,1.27342652151633,8,17.8593099293811,7.33333333333333,0,45.4545454545455,11,"Build new / modular unit",1200000,1.71773725077278
"QN1306","Springfield Gardens (South)-Brookville",7,"Queens",1,24458,6819,3113,1919,2475,23947,24347,115929,5,0.10335323840147,0.127279417777414,0.0788187456360127,20,8,32.7091340256767,0,"QN13",TRUE,3,0,0,10113,7,2.0602641748075,11871.2931569978,4908.59382192816,0,2.40811559420351,2.07944154167984,1.38629436111989,9.38196265824564,11.5929,10.335323840147,12.7279417777414,"Queens",9.8624283736692,0.811159249719722,2,297.598514046255,1,5.69909990869035,0.811159249719722,8,21.3976029105663,8,0,18.5185185185185,27,"Build new / modular unit",1200000,0
"QN1307","Rosedale",8,"Queens",1,28309,8410,4797,3027,2929,28195,28309,120880,8,0.1038836673169,0.169451411211982,0.106927125649087,9,6,21.1946730721679,0,"QN13",TRUE,1,0,0,2937,1,1.69432356537832,16708.1427529334,1733.43513601206,0,1.3704190119616,0.693147180559945,0.693147180559945,9.72371131883322,12.088,10.38836673169,16.9451411211982,"Queens",7.14125582832017,0.840188356816139,0,182.444674667722,0,5.21191312158584,0.840188356816139,6,11.4592833080285,7.33333333333333,0,NA,NA,"Build new / modular unit",1200000,0
"QN1401","Far Rockaway-Bayswater",11,"Queens",1,62827,20742,10883,9446,12952,60855,61157,63990,11,0.212833785227179,0.173221704044439,0.154454927481727,353,50,79.5836185079663,0,"QN14",TRUE,7,1617351,3,11169,3,2.16923802347432,28962.7045626714,5148.81256880762,7.38916300857858,2.49889173435466,1.38629436111989,2.07944154167984,10.2737987583003,6.399,21.2833785227179,17.3221704044439,"Queens",25.6193146226998,1.95165252218332,4,136.440241327935,1,4.92318921411286,1.95165252218332,50,53.3925431875161,8,1,21.9178082191781,73,"Reconstruct or repair",60500,24.3806853773002
"QN1402","Rockaway Beach-Arverne-Edgemere",9,"Queens",1,42621,15989,6892,6494,10874,41401,41396,58538,9,0.262650660612062,0.161704324159452,0.156875060392308,17,7,16.4238286290796,0,"QN14",TRUE,5,1306143,5,4034,1,1.81154693956218,23527.4058149996,2226.82609647142,7.17559911850387,1.61621489671312,0.693147180559945,1.79175946922805,10.0659637282575,5.8538,26.2650660612062,16.1704324159452,"Queens",13.604410029888,0.514539034373519,3,268.497510014799,1,5.59655915102918,0.514539034373519,7,44.8400065305073,8,0,16.1290322580645,31,"Extend operating hours",0,0
"QN1403","Breezy Point-Belle Harbor-Rockaway Park-Broad Channel",7,"Queens",1,25783,9963,5980,3308,2014,25198,25296,120977,7,0.0799269783316136,0.231935771632471,0.130771663504111,21,15,58.1778691385797,0,"QN14",TRUE,2,326972,3,5754,3,2.48341002081018,10382.0954993121,2316.97542966458,5.79292823888661,1.91013492196338,1.38629436111989,1.09861228866811,9.24793432992196,12.0977,7.99269783316136,23.1935771632471,"Queens",9.05017790677875,1.65742598151189,2,158.869369348472,1,5.07435704019184,1.65742598151189,15,11.5863655913099,7.66666666666667,0,19.047619047619,21,"Build new / modular unit",1200000,5.94982209322125
"SI0101","St. George-New Brighton",6,"Staten Island",1,21009,7342,3172,2742,5854,20643,20641,70476,6,0.283582812575692,0.150982912085297,0.132842401046461,8,5,23.7993240991956,0,"SI01",TRUE,2,1,1,6338,1,0.950876131191781,22094.3604648782,6665.4317971535,0.000999500333083533,1.99306632593309,0.693147180559945,1.09861228866811,10.0031229317508,7.0476,28.3582812575692,15.0982912085297,"Staten Island",2.99124850180785,1.67154283469866,1,27.400248519281,1,3.34639789580778,1.67154283469866,5,40.0886644170552,8.16666666666667,0,25,12,"Reconstruct or repair",60500,2.00875149819215
"SI0102","Tompkinsville-Stapleton-Clifton-Fox Hills",5,"Staten Island",1,18170,6083,2518,2084,4756,17467,17497,51778,5,0.272284880059541,0.138580077050083,0.119106132479854,7,4,22.0143093010457,0,"SI01",TRUE,2,1,1,4408,0,0.869543036212755,20896.0330234354,5069.32931025334,0.000999500333083533,1.68787933874066,0,1.09861228866811,9.94736246727437,5.1778,27.2284880059541,13.8580077050083,"Staten Island",2.41417515833275,1.65688060627815,0,13.1138052241609,0,2.64715341229643,1.65688060627815,4,36.3877342909295,7.83333333333333,0,25,16,"Reconstruct or repair",60500,1.58582484166725
"SI0103","Rosebank-Shore Acres-Park Hill",7,"Staten Island",1,23027,8820,3671,2672,3736,22994,22972,70751,7,0.162477167956858,0.159421548616841,0.116315514539439,5,0,0,0,"SI01",TRUE,2,0,0,2624,2,1.2644608525679,18210.923614785,2075.19275481807,0,1.28757838818073,1.09861228866811,1.09861228866811,9.80983180222147,7.0751,16.2477167956858,15.9421548616841,"Staten Island",3.61330932381897,0,2,41.1828504239733,1,3.74201375038646,0,0,28.4926269241994,8,0,5.88235294117647,17,"Build new / modular unit",1200000,0
"SI0104","West New Brighton-Silver Lake-Grymes Hill",12,"Staten Island",1,35957,12905,5371,3943,3499,34929,35506,107570,11,0.100174639983967,0.149372862029647,0.111051653241706,8,3,8.34329894040103,0,"SI01",TRUE,6,0,0,9730,1,3.06182771991766,11743.6391884802,3177.84045676537,0,2.37304355664261,0.693147180559945,1.94591014905531,9.37115217618522,10.757,10.0174639983967,14.9372862029647,"Staten Island",7.31289204913096,0.410234416130416,3,270.48669055003,1,5.6039131162572,0.410234416130416,3,35.3023064267447,8,0,4.54545454545455,44,"Extend operating hours",0,0
"SI0105","Westerleigh-Castleton Corners",8,"Staten Island",1,31542,10804,5470,3079,2321,31410,31542,119026,8,0.073893664438077,0.173419567560713,0.097615877243041,16,5,15.8518800329719,0,"SI01",TRUE,3,0,0,4628,1,2.74510786752375,11490.2588612857,1685.90824963637,0,1.72775413925214,0.693147180559945,1.38629436111989,9.34934192631098,11.9026,7.3893664438077,17.3419567560713,"Staten Island",5.60509782233783,0.892045091536787,1,216.113756682089,1,5.38042144052431,0.892045091536787,5,17.91087773822,8.33333333333333,0,11.3207547169811,53,"Build new / modular unit",1200000,0
"SI0106","Port Richmond",6,"Staten Island",1,20577,6431,2322,2312,4048,20552,20553,81299,6,0.196963799143636,0.112844437964718,0.112489660876758,20,8,38.8783593332361,0,"SI01",TRUE,3,0,0,5512,1,1.29982123146188,15830.6384769985,4240.58314065295,0,1.87364662870024,0.693147180559945,1.38629436111989,9.66976565206706,8.1299,19.6963799143636,11.2844437964718,"Staten Island",3.79848409316466,2.10610333064075,2,26.6994376746909,1,3.32141211243456,2.10610333064075,8,32.8974474258626,8,0,4.34782608695652,23,"Build new / modular unit",1200000,4.20151590683534
"SI0107","Mariner's Harbor-Arlington-Graniteville",8,"Staten Island",1,32272,10865,4756,3992,5091,32209,32255,85529,8,0.15806141140675,0.147372335151215,0.123763757556968,14,6,18.5919682697075,0,"SI01",TRUE,3,0,0,6391,0,3.20639813262084,10064.8761211764,1993.20225862785,0,2.00026304380275,0,1.38629436111989,9.21690638060216,8.5529,15.806141140675,14.7372335151215,"Staten Island",5.29349914837054,1.13346575333765,1,197.459707496193,1,5.29058609461719,1.13346575333765,6,16.961228778022,8,0,11.5384615384615,26,"Build new / modular unit",1200000,0.70650085162946
"SI0201","Grasmere-Arrochar-South Beach-Dongan Hills",9,"Staten Island",1,35372,13038,7010,4359,3833,34708,34922,80169,9,0.110435634435865,0.198179350899016,0.124821029723384,11,8,22.6167590184327,0,"SI02",TRUE,8,0,0,13837,1,2.87365897833774,12309.0458076765,4815.11553886745,0,2.69712406096866,0.693147180559945,2.19722457733622,9.41817094034757,8.0169,11.0435634435865,19.8179350899016,"Staten Island",6.13922060293807,1.30309700813999,1,259.079445777163,1,5.56098714502277,1.30309700813999,8,35.1385212093223,8,1,5.71428571428571,35,"Extend operating hours",0,1.86077939706193
"SI0202","New Dorp-Midland Beach",6,"Staten Island",1,29103,9591,4773,3102,2631,29028,29103,96225,6,0.0906366267052501,0.164003710957633,0.10658694979899,22,14,48.105006356733,0,"SI02",TRUE,2,0,0,7891,0,2.23038308409187,13048.4311002788,3537.95724881627,0,2.185039529139,0,1.09861228866811,9.47649981795223,9.6225,9.06366267052501,16.4003710957633,"Staten Island",5.06881853373682,2.76198485047737,0,105.185624955399,0,4.66518874141067,2.76198485047737,14,18.6035312727733,8,0,28.125,32,"Build new / modular unit",1200000,8.93118146626318
"SI0203","Todt Hill-Emerson Hill-Lighthouse Hill-Manor Heights",9,"Staten Island",1,33910,10543,7771,3822,3733,32726,32731,111523,9,0.114068324879301,0.229165437923916,0.116770034523846,9,4,11.7959304040106,0,"SI02",TRUE,4,0,0,4888,0,6.68299917415719,5074.06915911769,731.408140659607,0,1.77291638142658,0,1.6094379124341,8.53209543122949,11.1523,11.4068324879301,22.9165437923916,"Staten Island",4.39751436931231,0.909604759432662,0,1592.02948182183,0,7.37339281684603,0.909604759432662,4,6.83228816322487,8,0,0,11,"Build new / modular unit",1200000,0
"SI0204","New Springville-Willowbrook-Bulls Head-Travis",9,"Staten Island",1,42601,14974,8113,4654,5413,42294,42568,96241,9,0.127985056982078,0.190441538931011,0.109330952828416,13,8,18.7789019037112,0,"SI02",TRUE,2,0,0,35975,5,7.51073850782708,5672.01214043129,4789.80861369488,0,3.61024200859686,1.79175946922805,1.09861228866811,8.64347549736152,9.6241,12.7985056982078,19.0441538931011,"Staten Island",9.84630331065666,0.812487666446512,4,843.264547953407,1,6.73846589092462,0.812487666446512,8,5.25001835877811,8,0,0,5,"Build new / modular unit",1200000,0
"SI0301","Oakwood-Richmondtown",5,"Staten Island",1,21154,7934,4630,2501,1912,21088,21149,111581,5,0.0906676783004552,0.218871135482651,0.118256182325405,6,2,9.45447669471495,0,"SI03",TRUE,1,0,0,1720,0,2.00648051528965,10542.8384869944,857.222378634316,0,1.00063188030791,0,0.693147180559945,9.26329693862368,11.1581,9.06676783004552,21.8871135482651,"Staten Island",2.58812253744364,0.772760938118275,0,205.391733826765,0,5.32977598351648,0.772760938118275,2,10.6072684896377,8,0,0,19,"Build new / modular unit",1200000,0
"SI0302","Great Kills-Eltingville",11,"Staten Island",1,58253,19882,10435,5844,4200,58212,58253,118504,11,0.0721500721500721,0.179132405198016,0.100321013510034,17,7,12.0165485039397,0,"SI03",TRUE,3,0,0,7854,0,4.18770543696574,13910.4817367976,1875.4900788081,0,2.18086933430995,0,1.38629436111989,9.54046980237857,11.8504,7.21500721500721,17.9132405198016,"Staten Island",9.93664861692308,0.704462869712261,2,100.41818188753,1,4.61925238363875,0.704462869712261,7,11.764009009166,8,0,14.2857142857143,21,"Build new / modular unit",1200000,0
"SI0303","Arden Heights-Rossville",7,"Staten Island",1,31824,10776,5418,3429,1718,31822,31806,111900,7,0.0539878071774244,0.170248868778281,0.107809847198642,1,0,0,0,"SI03",TRUE,2,0,0,2300,1,2.43105936718835,13090.5894070395,946.08960646653,0,1.19392246847243,0.693147180559945,1.09861228866811,9.47972527300274,11.19,5.39878071774244,17.0248868778281,"Staten Island",5.42417685285846,0,0,334.898776620756,0,5.816809854518,0,0,12.2905737023292,11,0,NA,NA,"Build new / modular unit",1200000,0
"SI0304","Annadale-Huguenot-Prince's Bay-Woodrow",7,"Staten Island",1,42159,14447,7253,4329,2169,41956,42150,112231,7,0.0516970159214415,0.172039184990156,0.10270462633452,5,5,11.859863848763,0,"SI03",TRUE,5,0,0,5144,0,6.47194901450142,6514.11188585326,794.814666876092,0,1.81547599584537,0,1.79175946922805,8.78187966298834,11.2231,5.16970159214415,17.2039184990156,"Staten Island",7.35167986819053,0.68011666580235,0,787.798320937748,0,6.67051067465754,0.68011666580235,5,14.2305315067736,8,0,7.21649484536082,97,"Build new / modular unit",1200000,0
"SI0305","Tottenville-Charleston",4,"Staten Island",1,17425,6138,2546,1682,1334,17392,17425,146847,3,0.0767019319227231,0.146111908177905,0.0965279770444763,64,3,17.2166427546628,0,"SI03",TRUE,4,0,0,7205,2,4.54739660571062,3831.86282413055,1584.42305009243,0,2.10474372454205,1.09861228866811,1.6094379124341,8.25136727661871,14.6847,7.67019319227231,14.6111908177905,"Staten Island",3.92449429960068,0.764429699975677,2,302.925504070484,1,5.71678261897625,0.764429699975677,3,12.4084239113379,8,0,0,27,"Build new / modular unit",1200000,0
