"facility_name","location_type","operator","status","open","hours_of_operation","accessibility","restroom_type","changing_stations","latitude","longitude","additional_notes","location_1.type","location_1.coordinates","website.url"
"Aqueduct Walk Zone 2","Park","NYC Parks","Operational","Year Round","8am-4pm, Open later seasonally","Fully Accessible","Multi-Stall W/M Restrooms","Yes","40.858410","-73.908000",,"Point","[-73.908,40.8584]",
"Ben Abrams Playground","Park","NYC Parks","Operational","Year Round","8am-4pm, Open later seasonally","Fully Accessible","Multi-Stall W/M Restrooms","""Yes, in women's restroom only""","40.854380","-73.869700",,"Point","[-73.8697,40.8544]",
"Brady Playground","Park","NYC Parks","Operational","Year Round","8am-4pm, Open later seasonally","Fully Accessible","Multi-Stall W/M Restrooms","No","40.851430","-73.868600",,"Point","[-73.8686,40.8514]",
"Waring Playground","Park","NYC Parks","Operational","Year Round","8am-4pm, Open later seasonally","Fully Accessible","Multi-Stall W/M Restrooms","Yes","40.860620","-73.871200",,"Point","[-73.8712,40.8606]",
"River Park","Park","NYC Parks","Operational","Year Round","8am-4pm, Open later seasonally","Fully Accessible","Multi-Stall W/M Restrooms","Yes","40.843170","-73.877300",,"Point","[-73.8773,40.8432]",
"Rosewood Playground","Park","NYC Parks","Operational","Year Round","8am-4pm, Open later seasonally","Fully Accessible","Multi-Stall W/M Restrooms","""Yes, in women's restroom only""","40.872980","-73.871100",,"Point","[-73.8711,40.873]",
"Allerton Fields In Bronx Park","Park","NYC Parks","Operational","Year Round","8am-4pm, Open later seasonally","Fully Accessible","Multi-Stall W/M Restrooms","""Yes, in women's restroom only""","40.869530","-73.876600",,"Point","[-73.8766,40.8695]",
"227th Street Playground","Park","NYC Parks","Operational","Year Round","8am-4pm, Open later seasonally","Fully Accessible","Multi-Stall W/M Restrooms","Yes","40.890830","-73.864100",,"Point","[-73.8641,40.8908]",
"Olinville Playground","Park","NYC Parks","Operational","Year Round","8am-4pm, Open later seasonally","Fully Accessible","Multi-Stall W/M Restrooms","""Yes, in women's restroom only""","40.884330","-73.867000",,"Point","[-73.867,40.8843]",
"Parque De Los Ninos","Park","NYC Parks","Operational","Year Round","8am-4pm, Open later seasonally","Fully Accessible","Multi-Stall W/M Restrooms","Yes","40.827140","-73.873700",,"Point","[-73.8737,40.8271]",
"Claremont Zone 1","Park","NYC Parks","Operational","Year Round","8am-4pm, Open later seasonally","Fully Accessible","Multi-Stall W/M Restrooms","""Yes, in men's restroom only""","40.841510","-73.906800",,"Point","[-73.9068,40.8415]",
"Claremont Zone 3","Park","NYC Parks","Operational","Year Round","8am-4pm, Open later seasonally","Fully Accessible","Multi-Stall W/M Restrooms","""Yes, in women's restroom only""","40.837670","-73.908000",,"Point","[-73.908,40.8377]",
"Martin Van Buren Playground","Park","NYC Parks","Not Operational",,,"Fully Accessible","Multi-Stall W/M Restrooms","Yes","40.835130","-73.896200",,"Point","[-73.8962,40.8351]",
"Playground Of The Stars","Park","NYC Parks","Operational","Year Round","8am-4pm, Open later seasonally","Fully Accessible","Multi-Stall W/M Restrooms","Yes","40.835600","-73.899700",,"Point","[-73.8997,40.8356]",
"Bathgate Playground","Park","NYC Parks","Operational","Year Round","8am-4pm, Open later seasonally",,,"Yes","40.840510","-73.897800",,"Point","[-73.8978,40.8405]",
"175th Street Playground","Park","NYC Parks","Operational","Seasonal","8am-4pm, Open later seasonally","Fully Accessible","Multi-Stall W/M Restrooms","Yes","40.844560","-73.894700",,"Point","[-73.8947,40.8446]",
"Crotona Park Lake","Park","NYC Parks","Operational","Year Round","8am-4pm, Open later seasonally",,,"Yes","40.838130","-73.893400",,"Point","[-73.8934,40.8381]",
"Crotona Tennis House & Courts","Park","NYC Parks","Operational","Year Round","8am-4pm, Open later seasonally",,,"Yes","40.840040","-73.895300",,"Point","[-73.8953,40.84]",
"Devoe Park","Park","NYC Parks","Operational","Year Round","8am-4pm, Open later seasonally","Fully Accessible","Multi-Stall W/M Restrooms","""Yes, in men's restroom only""","40.863690","-73.904900",,"Point","[-73.9049,40.8637]",
"Horseshoe Playground","Park","NYC Parks","Operational","Year Round","8am-4pm, Open later seasonally","Fully Accessible","Multi-Stall W/M Restrooms","Yes","40.824240","-73.897800",,"Point","[-73.8978,40.8242]",
"Richman (Echo) Park","Park","NYC Parks","Operational","Year Round","8am-4pm, Open later seasonally","Fully Accessible","Multi-Stall W/M Restrooms","Yes","40.849580","-73.902100",,"Point","[-73.9021,40.8496]",
"Fort Independence Playground","Park","NYC Parks","Operational","Year Round","8am-4pm, Open later seasonally","Fully Accessible","Multi-Stall W/M Restrooms","Yes","40.881620","-73.895900",,"Point","[-73.8959,40.8816]",
"Drew Playground","Park","NYC Parks","Operational","Year Round","8am-4pm, Open later seasonally","Fully Accessible","Multi-Stall W/M Restrooms","Yes","40.832980","-73.903300",,"Point","[-73.9033,40.833]",
"Lyons Square Playground","Park","NYC Parks","Operational","Year Round","8am-4pm, Open later seasonally","Fully Accessible","Multi-Stall W/M Restrooms","Yes","40.822630","-73.888300",,"Point","[-73.8883,40.8226]",
"Macombs Dam Park Zone 1 Upper","Park","NYC Parks","Operational","Year Round","8am-4pm, Open later seasonally","Fully Accessible","Multi-Stall W/M Restrooms","Yes","40.828380","-73.929800",,"Point","[-73.9298,40.8284]",
"Macombs Dam Park Zone 2 Lower","Park","NYC Parks","Operational","Year Round","8am-4pm, Open later seasonally","Fully Accessible","Multi-Stall W/M Restrooms","Yes","40.827500","-73.928400",,"Point","[-73.9284,40.8275]",
"Foster Park Zone 1","Park","NYC Parks","Operational","Year Round","8am-4pm, Open later seasonally","Fully Accessible","Multi-Stall W/M Restrooms","No","40.831190","-73.924700",,"Point","[-73.9247,40.8312]",
"Ancient Playground","Park","NYC Parks","Operational","Year Round","8am-4pm, Open later seasonally",,,"Yes","40.781000","-73.961600",,"Point","[-73.9616,40.781]",
"Pelham South Park Headquarters","Park","NYC Parks","Operational","Year Round","8am-4pm, Open later seasonally",,,"Yes","40.851720","-73.824700",,"Point","[-73.8247,40.8517]",
"Hunter Island Picnic Area","Park","NYC Parks","Operational","Seasonal","8am-4pm, Open later seasonally","Fully Accessible","Multi-Stall W/M Restrooms","Yes","40.869850","-73.790400",,"Point","[-73.7904,40.8698]",
"Twin Island","Park","NYC Parks","Operational","Year Round","8am-4pm, Open later seasonally",,,"Yes","40.870480","-73.786600",,"Point","[-73.7866,40.8705]",
"Ancient Playground","Park","NYC Parks","Operational","Year Round","8am-4pm, Open later seasonally",,,"Yes","40.781000","-73.961600",,"Point","[-73.9616,40.781]",
"Bloomingdale Playground","Park","NYC Parks","Operational","Year Round","8am-4pm, Open later seasonally","Fully Accessible","Multi-Stall W/M Restrooms","Yes","40.799370","-73.966200",,"Point","[-73.9662,40.7994]",
"Poe Park","Park","NYC Parks","Operational","Year Round","8am-4pm, Open later seasonally",,,"Yes","40.865040","-73.894700",,"Point","[-73.8947,40.865]",
"Rose Hill Park","Park","NYC Parks","Operational","Seasonal","8am-4pm, Open later seasonally","Fully Accessible","Multi-Stall W/M Restrooms","No","40.861730","-73.890800",,"Point","[-73.8908,40.8617]",
"St. James Park","Park","NYC Parks","Operational","Year Round","8am-4pm, Open later seasonally","Fully Accessible","Multi-Stall W/M Restrooms","""Yes, in women's restroom only""","40.865440","-73.898500",,"Point","[-73.8985,40.8654]",
"St Mary's Playground East","Park","NYC Parks","Operational","Year Round","8am-4pm, Open later seasonally","Fully Accessible","Multi-Stall W/M Restrooms","Yes","40.809910","-73.910500",,"Point","[-73.9105,40.8099]",
"St Mary's Playground West","Park","NYC Parks","Operational","Year Round","8am-4pm, Open later seasonally","Fully Accessible","Multi-Stall W/M Restrooms","Yes","40.812860","-73.913400",,"Point","[-73.9134,40.8129]",
"Franz Sigel Park Zone 1","Park","NYC Parks","Operational","Year Round","8am-4pm, Open later seasonally","Fully Accessible","Multi-Stall W/M Restrooms","""Yes, in women's restroom only""","40.821370","-73.926000",,"Point","[-73.926,40.8214]",
"Henry Hudson Park","Park","NYC Parks","Operational","Year Round","8am-4pm, Open later seasonally","Fully Accessible","Multi-Stall W/M Restrooms","Yes","40.881060","-73.920600",,"Point","[-73.9206,40.8811]",
"Slattery Playground","Park","NYC Parks","Operational","Year Round","8am-4pm, Open later seasonally","Fully Accessible","Multi-Stall W/M Restrooms","""Yes, in women's restroom only""","40.857150","-73.898200",,"Point","[-73.8982,40.8571]",
"Bloomingdale Playground","Park","NYC Parks","Operational","Year Round","8am-4pm, Open later seasonally","Fully Accessible","Multi-Stall W/M Restrooms","Yes","40.535010","-74.208500",,"Point","[-74.2085,40.535]",
"Woodlawn Playground","Park","NYC Parks","Operational","Year Round","8am-4pm, Open later seasonally","Fully Accessible","Multi-Stall W/M Restrooms","Yes","40.899930","-73.872300",,"Point","[-73.8723,40.8999]",
"Sachkerah Woods Playground","Park","NYC Parks","Operational","Year Round","8am-4pm, Open later seasonally","Fully Accessible","Multi-Stall W/M Restrooms","Yes","40.883680","-73.881600",,"Point","[-73.8816,40.8837]",
"Van Cortlandt Pool","Park","NYC Parks","Operational","Year Round","8am-4pm, Open later seasonally",,,"Yes","40.890660","-73.897400",,"Point","[-73.8974,40.8907]",
"Van Cortlandt Mansion, Tennis Courts, Memorial Grove","Park","NYC Parks","Operational","Year Round","8am-4pm, Open later seasonally",,,"Yes","40.891109","-73.893936",,"Point","[-73.8939,40.8911]",
"Stables Area","Park","NYC Parks","Operational","Year Round","8am-4pm, Open later seasonally","Fully Accessible","Multi-Stall W/M Restrooms","Yes","40.900930","-73.892700",,"Point","[-73.8927,40.9009]",
"Indian Memorial To Indian Field","Park","NYC Parks","Operational","Year Round","8am-4pm, Open later seasonally","Fully Accessible","Multi-Stall W/M Restrooms","Yes","40.895940","-73.879000",,"Point","[-73.879,40.8959]",
"Allen Shandler Rec Area","Park","NYC Parks","Operational","Year Round","8am-4pm, Open later seasonally","Fully Accessible","Multi-Stall W/M Restrooms","Yes","40.889950","-73.881300",,"Point","[-73.8813,40.8899]",
"Ciccarone Park","Park","NYC Parks","Operational","Year Round","8am-4pm, Open later seasonally","Fully Accessible","Multi-Stall W/M Restrooms","Yes","40.855900","-73.886600",,"Point","[-73.8866,40.8559]",
"People's Park","Park","NYC Parks","Operational","Year Round","8am-4pm, Open later seasonally","Fully Accessible","Multi-Stall W/M Restrooms","Yes","40.809530","-73.917000",,"Point","[-73.917,40.8095]",
"Williamsbridge Oval","Park","NYC Parks","Operational","Year Round","8am-4pm, Open later seasonally","Fully Accessible","Multi-Stall W/M Restrooms","""Yes, in women's restroom only""","40.876670","-73.878600",,"Point","[-73.8786,40.8767]",
"Evelina Antonetty Playground","Park","NYC Parks","Operational","Year Round","8am-4pm, Open later seasonally",,,"Yes","40.817280","-73.928400",,"Point","[-73.9284,40.8173]",
"Belmont Playground","Park","NYC Parks","Operational","Year Round","8am-4pm, Open later seasonally","Fully Accessible","Multi-Stall W/M Restrooms","Yes","40.850640","-73.887500",,"Point","[-73.8875,40.8506]",
"Cedar Playground","Park","NYC Parks","Operational","Year Round","8am-4pm, Open later seasonally","Fully Accessible","Multi-Stall W/M Restrooms","Yes","40.855280","-73.917500",,"Point","[-73.9175,40.8553]",
"Hilton White Playground","Park","NYC Parks","Operational","Year Round","8am-4pm, Open later seasonally","Fully Accessible","Multi-Stall W/M Restrooms","""Yes, in women's restroom only""","40.822910","-73.907500",,"Point","[-73.9075,40.8229]",
"Hunts Point Playground","Park","NYC Parks","Operational","Year Round","8am-4pm, Open later seasonally","Fully Accessible","Multi-Stall W/M Restrooms","Yes","40.814280","-73.885900",,"Point","[-73.8859,40.8143]",
"Mott Playground","Park","NYC Parks","Operational","Year Round","8am-4pm, Open later seasonally","Fully Accessible","Multi-Stall W/M Restrooms","""Yes, in women's restroom only""","40.831270","-73.914800",,"Point","[-73.9148,40.8313]",
"Rev J Polite Playground","Park","NYC Parks","Operational","Year Round","8am-4pm, Open later seasonally","Fully Accessible","Multi-Stall W/M Restrooms","No","40.826900","-73.897800",,"Point","[-73.8978,40.8269]",
"Soundview Park","Park","NYC Parks","Operational","Year Round","8am-4pm, Open later seasonally","Fully Accessible","Multi-Stall W/M Restrooms","Yes","40.818020","-73.870400",,"Point","[-73.8704,40.818]",
"Soundview Park Zone 4","Park","NYC Parks","Operational","Year Round","8am-4pm, Open later seasonally","Fully Accessible","Multi-Stall W/M Restrooms","Yes","40.819080","-73.878300",,"Point","[-73.8783,40.8191]",
"Bufano Park","Park","NYC Parks","Operational","Year Round","8am-4pm, Open later seasonally","Fully Accessible","Multi-Stall W/M Restrooms","Yes","40.838020","-73.831000",,"Point","[-73.831,40.838]",
"Colucci Playground","Park","NYC Parks","Operational","Year Round","8am-4pm, Open later seasonally","Fully Accessible","Multi-Stall W/M Restrooms","Yes","40.852470","-73.834700",,"Point","[-73.8347,40.8525]",
"Noble Playground","Park","NYC Parks","Operational","Year Round","8am-4pm, Open later seasonally","Fully Accessible","Multi-Stall W/M Restrooms","Yes","40.836830","-73.871900",,"Point","[-73.8719,40.8368]",
"Watson Gleason Playground","Park","NYC Parks","Operational","Year Round","8am-4pm, Open later seasonally","Fully Accessible","Multi-Stall W/M Restrooms","Yes","40.829030","-73.869100",,"Point","[-73.8691,40.829]",
"Ferry Point Park Zone 2","Park","NYC Parks","Operational","Year Round","8am-4pm, Open later seasonally","Fully Accessible","Multi-Stall W/M Restrooms","Yes","40.812010","-73.838600",,"Point","[-73.8386,40.812]",
"Ferry Point Park Zone 4","Park","NYC Parks","Operational","Year Round","8am-4pm, Open later seasonally","Fully Accessible","Multi-Stall W/M Restrooms","Yes","40.820170","-73.826300",,"Point","[-73.8263,40.8202]",
"Lozada Playground","Park","NYC Parks","Operational","Year Round","8am-4pm, Open later seasonally","Fully Accessible","Multi-Stall W/M Restrooms","""Yes, in men's restroom only""","40.807830","-73.925100",,"Point","[-73.9251,40.8078]",
"Harris Playground","Park","NYC Parks","Operational","Year Round","8am-4pm, Open later seasonally","Fully Accessible","Multi-Stall W/M Restrooms","Yes","40.875280","-73.892700",,"Point","[-73.8927,40.8753]",
"Rienzi Playground","Park","NYC Parks","Operational","Year Round","8am-4pm, Open later seasonally","Fully Accessible","Multi-Stall W/M Restrooms","No","40.887640","-73.858800",,"Point","[-73.8588,40.8876]",
"Flynn Playground","Park","NYC Parks","Operational","Year Round","8am-4pm, Open later seasonally","Fully Accessible","Multi-Stall W/M Restrooms","""Yes, in women's restroom only""","40.820930","-73.911900",,"Point","[-73.9119,40.8209]",
"Virginia Playground","Park","NYC Parks","Operational","Year Round","8am-4pm, Open later seasonally","Fully Accessible","Multi-Stall W/M Restrooms","Yes","40.834330","-73.862200",,"Point","[-73.8622,40.8343]",
"Havemeyer Playground","Park","NYC Parks","Operational","Year Round","8am-4pm, Open later seasonally","Fully Accessible","Multi-Stall W/M Restrooms","Yes","40.829980","-73.847900",,"Point","[-73.8479,40.83]",
"P.O. Serrano Playground","Park","NYC Parks","Operational","Year Round","8am-4pm, Open later seasonally","Fully Accessible","Multi-Stall W/M Restrooms","Yes","40.823480","-73.850500",,"Point","[-73.8505,40.8235]",
"Vinmont Veteran Park","Park","NYC Parks","Operational","Year Round","8am-4pm, Open later seasonally","Fully Accessible","Multi-Stall W/M Restrooms","""Yes, in men's restroom only""","40.902150","-73.904900",,"Point","[-73.9049,40.9021]",
"Eastchester Playground","Park","NYC Parks","Operational","Year Round","8am-4pm, Open later seasonally","Fully Accessible","Multi-Stall W/M Restrooms","Yes","40.869780","-73.852700",,"Point","[-73.8527,40.8698]",
"Mazzei Playground","Park","NYC Parks","Operational","Year Round","8am-4pm, Open later seasonally","Fully Accessible","Multi-Stall W/M Restrooms","Yes","40.862510","-73.858200",,"Point","[-73.8582,40.8625]",
"Captain William Harry Thompson Playground","Park","NYC Parks","Operational","Year Round","8am-4pm, Open later seasonally","Fully Accessible","Multi-Stall W/M Restrooms","Yes","40.834330","-73.877900",,"Point","[-73.8779,40.8343]",
"Caserta Playground","Park","NYC Parks","Operational","Year Round","8am-4pm, Open later seasonally","Fully Accessible","Multi-Stall W/M Restrooms","""Yes, in women's restroom only""","40.837490","-73.853800",,"Point","[-73.8538,40.8375]",
"Gun Hill Playground","Park","NYC Parks","Operational","Year Round","8am-4pm, Open later seasonally","Fully Accessible","Multi-Stall W/M Restrooms","Yes","40.874680","-73.865400",,"Point","[-73.8654,40.8747]",
"Parkside Playground","Park","NYC Parks","Operational","Year Round","8am-4pm, Open later seasonally","Fully Accessible","Multi-Stall W/M Restrooms","Yes","40.868440","-73.868000",,"Point","[-73.868,40.8684]",
"Loreto Playground","Park","NYC Parks","Operational","Year Round","8am-4pm, Open later seasonally","Fully Accessible","Multi-Stall W/M Restrooms","No","40.848860","-73.852000",,"Point","[-73.852,40.8489]",
"Edenwald Playground","Park","NYC Parks","Operational","Year Round","8am-4pm, Open later seasonally","Fully Accessible","Multi-Stall W/M Restrooms","Yes","40.884090","-73.845200",,"Point","[-73.8452,40.8841]",
"Behagen Playground","Park","NYC Parks","Operational","Seasonal","8am-4pm, Open later seasonally","Fully Accessible","Multi-Stall W/M Restrooms","Yes","40.825530","-73.901000",,"Point","[-73.901,40.8255]",
"Nelson Playground","Park","NYC Parks","Operational","Year Round","8am-4pm, Open later seasonally","Fully Accessible","Multi-Stall W/M Restrooms","""Yes, in women's restroom only""","40.835030","-73.926600",,"Point","[-73.9266,40.835]",
"Agnes Haywood Playground","Park","NYC Parks","Operational","Year Round","8am-4pm, Open later seasonally","Fully Accessible","Multi-Stall W/M Restrooms","""Yes, in men's restroom only""","40.880490","-73.861700",,"Point","[-73.8617,40.8805]",
"The Pearly Gates","Park","NYC Parks","Operational","Year Round","8am-4pm, Open later seasonally","Fully Accessible","Multi-Stall W/M Restrooms","No","40.838780","-73.845700",,"Point","[-73.8457,40.8388]",
"Spuyten Duyvil Playground","Park","NYC Parks","Operational","Year Round","8am-4pm, Open later seasonally","Fully Accessible","Multi-Stall W/M Restrooms","""Yes, in men's restroom only""","40.887150","-73.916200",,"Point","[-73.9162,40.8871]",
"Allerton Playground","Park","NYC Parks","Operational","Year Round","8am-4pm, Open later seasonally","Fully Accessible","Multi-Stall W/M Restrooms","Yes","40.865670","-73.850500",,"Point","[-73.8505,40.8657]",
"Webster Playground","Park","NYC Parks","Operational","Year Round","8am-4pm, Open later seasonally","Fully Accessible","Multi-Stall W/M Restrooms","Yes","40.859520","-73.892900",,"Point","[-73.8929,40.8595]",
"Riverbend Playground","Park","NYC Parks","Operational","Year Round","8am-4pm, Open later seasonally","Fully Accessible","Multi-Stall W/M Restrooms","Yes","40.871910","-73.906000",,"Point","[-73.906,40.8719]",
"Taylor Playground","Park","NYC Parks","Operational","Year Round","8am-4pm, Open later seasonally","Fully Accessible","Multi-Stall W/M Restrooms","Yes","40.839020","-73.866200",,"Point","[-73.8662,40.839]",
"Castle Hill Playground","Park","NYC Parks","Operational","Year Round","8am-4pm, Open later seasonally","Fully Accessible","Multi-Stall W/M Restrooms","Yes","40.839030","-73.853000",,"Point","[-73.853,40.839]",
"Matthews Muliner Playground","Park","NYC Parks","Operational","Year Round","8am-4pm, Open later seasonally","Fully Accessible","Multi-Stall W/M Restrooms","""Yes, in men's restroom only""","40.846940","-73.861500",,"Point","[-73.8615,40.8469]",
"Millbrook Playground","Park","NYC Parks","Operational","Year Round","8am-4pm, Open later seasonally","Fully Accessible","Multi-Stall W/M Restrooms","Yes","40.804340","-73.917000",,"Point","[-73.917,40.8043]",
"Angelo Campanaro Playground","Park","NYC Parks","Operational","Year Round","8am-4pm, Open later seasonally","Fully Accessible","Multi-Stall W/M Restrooms","Yes","40.867900","-73.842400",,"Point","[-73.8424,40.8679]",
"Wakefield Playground","Park","NYC Parks","Operational","Year Round","8am-4pm, Open later seasonally","Fully Accessible","Multi-Stall W/M Restrooms","Yes","40.901860","-73.854800",,"Point","[-73.8548,40.9019]",
"Tiffany Playground","Park","NYC Parks","Operational","Year Round","8am-4pm, Open later seasonally","Fully Accessible","Multi-Stall W/M Restrooms","Yes","40.824760","-73.894300",,"Point","[-73.8943,40.8248]",
"Stars & Stripes Playground","Park","NYC Parks","Operational","Year Round","8am-4pm, Open later seasonally","Fully Accessible","Multi-Stall W/M Restrooms","Yes","40.885560","-73.839200",,"Point","[-73.8392,40.8856]",
"Captain Rivera Playground","Park","NYC Parks","Operational","Year Round","8am-4pm, Open later seasonally","Fully Accessible","Multi-Stall W/M Restrooms","""Yes, in men's restroom only""","40.817950","-73.906800",,"Point","[-73.9068,40.818]",
"Haffen Park Playground","Park","NYC Parks","Operational","Year Round","8am-4pm, Open later seasonally","Fully Accessible","Multi-Stall W/M Restrooms","No","40.873540","-73.839300",,"Point","[-73.8393,40.8735]",
"Mosholu Playground","Park","NYC Parks","Operational","Year Round","8am-4pm, Open later seasonally","Fully Accessible","Multi-Stall W/M Restrooms","Yes","40.872660","-73.882900",,"Point","[-73.8829,40.8727]",
"Clark Playground","Park","NYC Parks","Operational","Year Round","8am-4pm, Open later seasonally","Fully Accessible","Multi-Stall W/M Restrooms","No","40.813970","-73.921200",,"Point","[-73.9212,40.814]",
"Seton Park Playground","Park","NYC Parks","Operational","Year Round","8am-4pm, Open later seasonally","Fully Accessible","Multi-Stall W/M Restrooms","Yes","40.886170","-73.917100",,"Point","[-73.9171,40.8862]",
"Marble Hill Playground","Park","NYC Parks","Operational","Year Round","8am-4pm, Open later seasonally","Fully Accessible","Multi-Stall W/M Restrooms","""Yes, in women's restroom only""","40.877690","-73.907900",,"Point","[-73.9079,40.8777]",
"Randall Playground","Park","NYC Parks","Operational","Year Round","8am-4pm, Open later seasonally","Fully Accessible","Multi-Stall W/M Restrooms","Yes","40.819270","-73.849700",,"Point","[-73.8497,40.8193]",
"Story Playground","Park","NYC Parks","Not Operational",,,"Fully Accessible","Multi-Stall W/M Restrooms","No","40.822980","-73.863100",,"Point","[-73.8631,40.823]",
"Magenta Playground","Park","NYC Parks","Not Operational",,,"Fully Accessible","Multi-Stall W/M Restrooms","""Yes, in men's restroom only""","40.873550","-73.867800",,"Point","[-73.8678,40.8736]",
"Abigail Playground","Park","NYC Parks","Operational","Year Round","8am-4pm, Open later seasonally","Fully Accessible","Multi-Stall W/M Restrooms","Yes","40.817320","-73.904800",,"Point","[-73.9048,40.8173]",
"Willis Playground","Park","NYC Parks","Operational","Year Round","8am-4pm, Open later seasonally","Fully Accessible","Multi-Stall W/M Restrooms","Yes","40.811360","-73.922700",,"Point","[-73.9227,40.8114]",
"Arcilla Playground","Park","NYC Parks","Operational","Year Round","8am-4pm, Open later seasonally","Fully Accessible","Multi-Stall W/M Restrooms","Yes","40.827170","-73.914600",,"Point","[-73.9146,40.8272]",
"Space Time Playground","Park","NYC Parks","Operational","Year Round","8am-4pm, Open later seasonally","Fully Accessible","Multi-Stall W/M Restrooms","Yes","40.822100","-73.859900",,"Point","[-73.8599,40.8221]",
"Gouverneur Playground","Park","NYC Parks","Operational","Year Round","8am-4pm, Open later seasonally","Fully Accessible","Multi-Stall W/M Restrooms","Yes","40.835770","-73.903400",,"Point","[-73.9034,40.8358]",
"Burns Playground","Park","NYC Parks","Not Operational",,,"Fully Accessible","Multi-Stall W/M Restrooms","Yes","40.862950","-73.836600",,"Point","[-73.8366,40.8629]",
"Grove Hill Playground","Park","NYC Parks","Operational","Year Round","8am-4pm, Open later seasonally","Fully Accessible","Multi-Stall W/M Restrooms","""Yes, in men's restroom only""","40.819940","-73.908500",,"Point","[-73.9085,40.8199]",
"Saw Mill Playground","Park","NYC Parks","Operational","Seasonal","8am-4pm, Open later seasonally","Fully Accessible","Multi-Stall W/M Restrooms","Yes","40.808920","-73.919300",,"Point","[-73.9193,40.8089]",
"Fox Park","Park","NYC Parks","Operational","Year Round","8am-4pm, Open later seasonally",,,"Yes","40.815140","-73.898500",,"Point","[-73.8985,40.8151]",
"Bill Rainey Park","Park","NYC Parks","Operational","Year Round","8am-4pm, Open later seasonally","Fully Accessible","Multi-Stall W/M Restrooms","No","40.818760","-73.898300",,"Point","[-73.8983,40.8188]",
"Quarry Ballfields","Park","NYC Parks","Operational","Year Round","8am-4pm, Open later seasonally","Fully Accessible","Multi-Stall W/M Restrooms","Yes","40.850200","-73.890000",,"Point","[-73.89,40.8502]",
"Vidalia Park","Park","NYC Parks","Operational","Seasonal","8am-4pm, Open later seasonally","Fully Accessible","Multi-Stall W/M Restrooms","Yes","40.844080","-73.881400",,"Point","[-73.8814,40.8441]",
"Barretto Point Park","Park","NYC Parks","Operational","Year Round","8am-4pm, Open later seasonally","Fully Accessible","Multi-Stall W/M Restrooms","Yes","40.805910","-73.888600",,"Point","[-73.8886,40.8059]",
"Mill Pond Park","Park","NYC Parks","Operational","Year Round","8am-4pm, Open later seasonally",,,"""Yes, in women's restroom only""","40.824450","-73.931500",,"Point","[-73.9315,40.8244]",
"Yolanda García Park","Park","NYC Parks","Operational","Year Round","8am-4pm, Open later seasonally","Fully Accessible","Multi-Stall W/M Restrooms","Yes","40.822890","-73.913900",,"Point","[-73.9139,40.8229]",
"American Playground","Park","NYC Parks","Operational","Year Round","8am-4pm, Open later seasonally","Fully Accessible","Multi-Stall W/M Restrooms","Yes","40.728740","-73.957600",,"Point","[-73.9576,40.7287]",
"Bensonhurst Park","Park","NYC Parks","Operational","Year Round","8am-4pm, Open later seasonally","Partially Accessible","Multi-Stall W/M Restrooms","No","40.597870","-74.000000",,"Point","[-74,40.5979]",
"Betsy Head Park","Park","NYC Parks","Operational","Year Round","8am-4pm, Open later seasonally","Fully Accessible","Multi-Stall W/M Restrooms","Yes","40.661940","-73.914400",,"Point","[-73.9144,40.6619]",
"Imagination Playground at Betsy Head","Park","NYC Parks","Operational","Year Round","8am-4pm, Open later seasonally",,,"Yes","40.664540","-73.911600",,"Point","[-73.9116,40.6645]",
"Brower Park","Park","NYC Parks","Operational","Year Round","8am-4pm, Open later seasonally","Fully Accessible","Multi-Stall W/M Restrooms","Yes","40.673840","-73.943800",,"Point","[-73.9438,40.6738]",
"Maria Hernandez Park","Park","NYC Parks","Operational","Seasonal","8am-4pm, Open later seasonally","Not Accessible","Multi-Stall W/M Restrooms","Yes","40.703000","-73.924000",,"Point","[-73.924,40.703]",
"Bowne Playground","Park","NYC Parks","Operational","Seasonal","8am-4pm, Open later seasonally","Fully Accessible","Multi-Stall W/M Restrooms","""Yes, in women's restroom only""","40.770420","-73.806300",,"Point","[-73.8063,40.7704]",
"Canarsie Park Zone 1","Park","NYC Parks","Operational","Year Round","8am-4pm, Open later seasonally","Fully Accessible","Multi-Stall W/M Restrooms","Yes","40.628970","-73.896000",,"Point","[-73.896,40.629]",
"Canarsie Park Zone 5","Park","NYC Parks","Operational","Year Round","8am-4pm, Open later seasonally",,,"Yes","40.635990","-73.883200",,"Point","[-73.8832,40.636]",
"Carroll Park","Park","NYC Parks","Operational","Year Round","8am-4pm, Open later seasonally","Not Accessible","Multi-Stall W/M Restrooms","Yes","40.680870","-73.994800",,"Point","[-73.9948,40.6809]",
"Commodore Barry Park","Park","NYC Parks","Operational","Seasonal","8am-4pm, Open later seasonally","Fully Accessible","Multi-Stall W/M Restrooms","No","40.697580","-73.979300",,"Point","[-73.9793,40.6976]",
"Carnegie Playground","Park","NYC Parks","Not Operational",,,"Fully Accessible","Multi-Stall W/M Restrooms","No","40.715990","-73.937300",,"Point","[-73.9373,40.716]",
"Dyker Playground","Park","NYC Parks","Operational","Year Round","8am-4pm, Open later seasonally","Fully Accessible","Multi-Stall W/M Restrooms","Yes","40.613080","-74.013200",,"Point","[-74.0132,40.6131]",
"Dyker Beach Park Zone 1","Park","NYC Parks","Operational","Year Round","8am-4pm, Open later seasonally","Not Accessible","Multi-Stall W/M Restrooms","No","40.605690","-74.017800",,"Point","[-74.0178,40.6057]",
"Fort Greene Playground","Park","NYC Parks","Operational","Year Round","8am-4pm, Open later seasonally","Fully Accessible","Multi-Stall W/M Restrooms","Yes","40.692340","-73.977200",,"Point","[-73.9772,40.6923]",
"Fort Greene Park Zone 3","Park","NYC Parks","Operational","Year Round","8am-4pm, Open later seasonally",,,"Yes","40.692230","-73.974700",,"Point","[-73.9747,40.6922]",
"Fulton Park","Park","NYC Parks","Operational","Year Round","8am-4pm, Open later seasonally","Partially Accessible","Multi-Stall W/M Restrooms","Yes","40.679790","-73.931600",,"Point","[-73.9316,40.6798]",
"Gravesend Park","Park","NYC Parks","Operational","Year Round","8am-4pm, Open later seasonally","Fully Accessible","Multi-Stall W/M Restrooms","Yes","40.623980","-73.984900",,"Point","[-73.9849,40.624]",
"Greenpoint Playground","Park","NYC Parks","Operational","Year Round","8am-4pm, Open later seasonally","Fully Accessible","Multi-Stall W/M Restrooms","Yes","40.735650","-73.959300",,"Point","[-73.9593,40.7356]",
"Van Voorhees Playground","Park","NYC Parks","Operational","Year Round","8am-4pm, Open later seasonally","Fully Accessible","Multi-Stall W/M Restrooms","Yes","40.689660","-73.999600",,"Point","[-73.9996,40.6897]",
"Millennium Playground","Park","NYC Parks","Operational","Seasonal","8am-4pm, Open later seasonally","Not Accessible","Multi-Stall W/M Restrooms","Yes","40.635480","-74.019300",,"Point","[-74.0193,40.6355]",
"Leif Ericson Park Playground","Park","NYC Parks","Operational","Year Round","8am-4pm, Open later seasonally","Fully Accessible","Multi-Stall W/M Restrooms","Yes","40.631420","-74.012900",,"Point","[-74.0129,40.6314]",
"Lincoln Terrace Park / Arthur S. Somers Playground","Park","NYC Parks","Operational","Seasonal","8am-4pm, Open later seasonally","Not Accessible","Multi-Stall W/M Restrooms","Yes","40.666370","-73.927600",,"Point","[-73.9276,40.6664]",
"Sternberg Park","Park","NYC Parks","Operational","Year Round","8am-4pm, Open later seasonally","Fully Accessible","Multi-Stall W/M Restrooms","Yes","40.705860","-73.947200",,"Point","[-73.9472,40.7059]",
"Martin Luther King Jr. Playground","Park","NYC Parks","Operational","Year Round","8am-4pm, Open later seasonally","Fully Accessible","Multi-Stall W/M Restrooms","Yes","40.667420","-73.890200",,"Point","[-73.8902,40.6674]",
"Seba Playground","Park","NYC Parks","Operational","Year Round","8am-4pm, Open later seasonally","Fully Accessible","Multi-Stall W/M Restrooms","Yes","40.589630","-73.921000",,"Point","[-73.921,40.5896]",
"Marine Park Zone 1","Park","NYC Parks","Operational","Year Round","8am-4pm, Open later seasonally","Fully Accessible","Multi-Stall W/M Restrooms","Yes","40.607870","-73.937400",,"Point","[-73.9374,40.6079]",
"Marine Park Zone 6","Park","NYC Parks","Operational","Year Round","8am-4pm, Open later seasonally",,,"Yes","40.604010","-73.930600",,"Point","[-73.9306,40.604]",
"McCarren Park Zone 1","Park","NYC Parks","Operational","Year Round","8am-4pm, Open later seasonally",,,"Yes","40.720770","-73.950100",,"Point","[-73.9501,40.7208]",
"McCarren Park Zone 3","Park","NYC Parks","Operational","Year Round","7:30am-11:00pm","Fully Accessible","Both Single-Stall All Gender and Multi-Stall W/M","No","40.722030","-73.951800",,"Point","[-73.9518,40.722]",
"McKinley Park Playground","Park","NYC Parks","Operational","Year Round","8am-4pm, Open later seasonally","Not Accessible","Multi-Stall W/M Restrooms","Yes","40.626570","-74.016700",,"Point","[-74.0167,40.6266]",
"McLaughlin Park","Park","NYC Parks","Operational","Year Round","8am-4pm, Open later seasonally","Not Accessible","Multi-Stall W/M Restrooms","""Yes, in women's restroom only""","40.696670","-73.986000",,"Point","[-73.986,40.6967]",
"Owl's Head Park","Park","NYC Parks","Operational","Year Round","8am-4pm, Open later seasonally","Fully Accessible","Multi-Stall W/M Restrooms","Yes","40.639300","-74.032000",,"Point","[-74.032,40.6393]",
"Lincoln Rd Playground","Park","NYC Parks","Operational","Year Round","8am-4pm, Open later seasonally","Not Accessible","Multi-Stall W/M Restrooms","Yes","40.660480","-73.963600",,"Point","[-73.9636,40.6605]",
"Harmony Playground","Park","NYC Parks","Operational","Seasonal","8am-4pm, Open later seasonally","Not Accessible","Multi-Stall W/M Restrooms","Yes","40.663410","-73.976700",,"Point","[-73.9767,40.6634]",
"Willink Hill","Park","NYC Parks","Operational","Seasonal","8am-4pm, Open later seasonally","Not Accessible","Multi-Stall W/M Restrooms","Yes","40.662910","-73.963500",,"Point","[-73.9635,40.6629]",
"Middle Long Meadow","Park","NYC Parks","Operational","Year Round","8am-4pm, Open later seasonally","Partially Accessible","Multi-Stall W/M Restrooms","Yes","40.665570","-73.971600",,"Point","[-73.9716,40.6656]",
"Lookout Hill","Park","NYC Parks","Operational","Year Round","8am-4pm, Open later seasonally","Not Accessible","Multi-Stall W/M Restrooms","Yes","40.656910","-73.970400",,"Point","[-73.9704,40.6569]",
"Lullwater & Boathouse","Park","NYC Parks","Operational","Year Round","8am-4pm, Open later seasonally",,,"Yes","40.660830","-73.965300",,"Point","[-73.9653,40.6608]",
"Bowne Playground","Park","NYC Parks","Operational","Year Round","8am-4pm, Open later seasonally","Fully Accessible","Multi-Stall W/M Restrooms","Yes","40.758000","-73.824700",,"Point","[-73.8247,40.758]",
"Bushwick Playground","Park","NYC Parks","Operational","Year Round","8am-4pm, Open later seasonally","Fully Accessible","Multi-Stall W/M Restrooms","Yes","40.696080","-73.912000",,"Point","[-73.912,40.6961]",
"Coffey Park Playground","Park","NYC Parks","Operational","Year Round","8am-4pm, Open later seasonally","Partially Accessible","Multi-Stall W/M Restrooms","Yes","40.677210","-74.008700",,"Point","[-74.0087,40.6772]",
"Saratoga Park","Park","NYC Parks","Operational","Year Round","8am-4pm, Open later seasonally","Partially Accessible","Multi-Stall W/M Restrooms","Yes","40.685060","-73.919000",,"Point","[-73.919,40.6851]",
"Asser Levy Park","Park","NYC Parks","Operational","Seasonal","8am-4pm, Open later seasonally","Not Accessible","Multi-Stall W/M Restrooms","Yes","40.575420","-73.972900",,"Point","[-73.9729,40.5754]",
"Shore Road Park Zone 2","Park","NYC Parks","Operational","Seasonal","8am-4pm, Open later seasonally","Not Accessible","Multi-Stall W/M Restrooms","Yes","40.632080","-74.038700",,"Point","[-74.0387,40.6321]",
"Shore Road Park Zone 4","Park","NYC Parks","Operational","Year Round","8am-4pm, Open later seasonally","Not Accessible","Multi-Stall W/M Restrooms","Yes","40.612000","-74.035700",,"Point","[-74.0357,40.612]",
"Shore Road Park Zone 5","Park","NYC Parks","Operational","Seasonal","8am-4pm, Open later seasonally","Fully Accessible","Multi-Stall W/M Restrooms","Yes","40.616200","-74.039500",,"Point","[-74.0395,40.6162]",
"Sunset Park Playground","Park","NYC Parks","Operational","Year Round","8am-4pm, Open later seasonally","Fully Accessible","Multi-Stall W/M Restrooms","Yes","40.647680","-74.005000",,"Point","[-74.005,40.6477]",
"Herbert Von King Park","Park","NYC Parks","Operational","Year Round","8am-4pm, Open later seasonally","Fully Accessible","Multi-Stall W/M Restrooms","Yes","40.689850","-73.946500",,"Point","[-73.9465,40.6898]",
"Sgt. William Dougherty Playground","Park","NYC Parks","Operational","Year Round","8am-4pm, Open later seasonally","Fully Accessible","Multi-Stall W/M Restrooms","Yes","40.723530","-73.937000",,"Point","[-73.937,40.7235]",
"Seth Low Playground/ Bealin Square","Park","NYC Parks","Operational","Year Round","8am-4pm, Open later seasonally","Fully Accessible","Multi-Stall W/M Restrooms","Yes","40.608260","-73.986500",,"Point","[-73.9865,40.6083]",
"Crispus Attucks Playground","Park","NYC Parks","Operational","Year Round","8am-4pm, Open later seasonally","Not Accessible","Multi-Stall W/M Restrooms","Yes","40.681620","-73.959200",,"Point","[-73.9592,40.6816]",
"Cypress Hills Playground","Park","NYC Parks","Operational","Year Round","8am-4pm, Open later seasonally","Fully Accessible","Multi-Stall W/M Restrooms","Yes","40.670750","-73.871100",,"Point","[-73.8711,40.6707]",
"Bill Brown Playground","Park","NYC Parks","Operational","Year Round","8am-4pm, Open later seasonally","Fully Accessible","Multi-Stall W/M Restrooms","Yes","40.591770","-73.945600",,"Point","[-73.9456,40.5918]",
"Marion Hopkinson Playground","Park","NYC Parks","Operational","Year Round","8am-4pm, Open later seasonally","Fully Accessible","Multi-Stall W/M Restrooms","Yes","40.681850","-73.913400",,"Point","[-73.9134,40.6818]",
"Washington Park","Park","NYC Parks","Operational","Year Round","8am-4pm, Open later seasonally","Fully Accessible","Multi-Stall W/M Restrooms","Yes","40.673000","-73.984600",,"Point","[-73.9846,40.673]",
"Cadman Plaza Park","Park","NYC Parks","Operational","Year Round","8am-4pm, Open later seasonally","Fully Accessible","Multi-Stall W/M Restrooms","Yes","40.698450","-73.990600",,"Point","[-73.9906,40.6985]",
"Monsignor Mcgolrick Playground","Park","NYC Parks","Operational","Year Round","8am-4pm, Open later seasonally","Fully Accessible","Multi-Stall W/M Restrooms","Yes","40.724830","-73.943500",,"Point","[-73.9435,40.7248]",
"William Sheridan Playground","Park","NYC Parks","Operational","Year Round","8am-4pm, Open later seasonally","Not Accessible","Multi-Stall W/M Restrooms","No","40.715270","-73.964000",,"Point","[-73.964,40.7153]",
"Calvert Vaux Park Playground","Park","NYC Parks","Operational","Year Round","8am-4pm, Open later seasonally","Fully Accessible","Multi-Stall W/M Restrooms","Yes","40.588130","-73.990300",,"Point","[-73.9903,40.5881]",
"Calvert Vaux Park Zone 2","Park","NYC Parks","Operational","Year Round","8am-4pm, Open later seasonally",,,"Yes","40.585280","-73.992000",,"Point","[-73.992,40.5853]",
"Red Hook Park Zone 3","Park","NYC Parks","Not Operational",,,"Fully Accessible","Multi-Stall W/M Restrooms","Yes","40.672770","-74.007800",,"Point","[-74.0078,40.6728]",
"Colonel David Marcus Playground","Park","NYC Parks","Operational","Year Round","8am-4pm, Open later seasonally","Fully Accessible","Multi-Stall W/M Restrooms","Yes","40.610040","-73.969600",,"Point","[-73.9696,40.61]",
"Kaiser Park Zone 1","Park","NYC Parks","Operational","Year Round","8am-4pm, Open later seasonally","Fully Accessible","Multi-Stall W/M Restrooms","Yes","40.578520","-73.995400",,"Point","[-73.9954,40.5785]",
"Greenwood Playground","Park","NYC Parks","Operational","Year Round","8am-4pm, Open later seasonally","Not Accessible","Multi-Stall W/M Restrooms","Yes","40.650470","-73.976600",,"Point","[-73.9766,40.6505]",
"Sixteen Sycamores Playground","Park","NYC Parks","Operational","Year Round","8am-4pm, Open later seasonally","Fully Accessible","Multi-Stall W/M Restrooms","Yes","40.686720","-73.981000",,"Point","[-73.981,40.6867]",
"Bushwick Playground","Park","NYC Parks","Operational","Year Round","8am-4pm, Open later seasonally","Fully Accessible","Multi-Stall W/M Restrooms","Yes","40.701710","-73.939500",,"Point","[-73.9395,40.7017]",
"Banneker Playground","Park","NYC Parks","Operational","Year Round","8am-4pm, Open later seasonally","Not Accessible","Multi-Stall W/M Restrooms","No","40.690690","-73.948800",,"Point","[-73.9488,40.6907]",
"City Line Park","Park","NYC Parks","Operational","Seasonal","8am-4pm, Open later seasonally","Fully Accessible","Multi-Stall W/M Restrooms","Yes","40.679530","-73.876200",,"Point","[-73.8762,40.6795]",
"Bedford Playground","Park","NYC Parks","Operational","Seasonal","8am-4pm, Open later seasonally","Fully Accessible","Multi-Stall W/M Restrooms","No","40.708100","-73.964100",,"Point","[-73.9641,40.7081]",
"Rolph Henry Playground","Park","NYC Parks","Operational","Year Round","8am-4pm, Open later seasonally","Not Accessible","Multi-Stall W/M Restrooms","Yes","40.655690","-73.947500",,"Point","[-73.9475,40.6557]",
"Kolbert Playground","Park","NYC Parks","Operational","Year Round","8am-4pm, Open later seasonally","Not Accessible","Multi-Stall W/M Restrooms","Yes","40.620350","-73.958000",,"Point","[-73.958,40.6204]",
"Rappaport Playground","Park","NYC Parks","Operational","Year Round","8am-4pm, Open later seasonally","Not Accessible","Multi-Stall W/M Restrooms","Yes","40.636780","-74.000800",,"Point","[-74.0008,40.6368]",
"Mt Prospect Park Playground","Park","NYC Parks","Operational","Seasonal","8am-4pm, Open later seasonally","Not Accessible","Multi-Stall W/M Restrooms","Yes","40.672160","-73.965900",,"Point","[-73.9659,40.6722]",
"James Forten Playground","Park","NYC Parks","Operational","Year Round","8am-4pm, Open later seasonally","Not Accessible","Multi-Stall W/M Restrooms","Yes","40.676640","-73.965500",,"Point","[-73.9655,40.6766]",
"Sperandeo Brothers Playground","Park","NYC Parks","Operational","Year Round","8am-4pm, Open later seasonally","Fully Accessible","Multi-Stall W/M Restrooms","Yes","40.677630","-73.884300",,"Point","[-73.8843,40.6776]",
"Bath Beach Park","Park","NYC Parks","Operational","Seasonal","8am-4pm, Open later seasonally","Fully Accessible","Multi-Stall W/M Restrooms","No","40.602300","-74.011600",,"Point","[-74.0116,40.6023]",
"McGuire Fields","Park","NYC Parks","Operational","Year Round","8am-4pm, Open later seasonally",,,"Yes","40.618580","-73.898800",,"Point","[-73.8988,40.6186]",
"La Guardia Playground","Park","NYC Parks","Operational","Year Round","8am-4pm, Open later seasonally","Fully Accessible","Multi-Stall W/M Restrooms","No","40.710570","-73.959800",,"Point","[-73.9598,40.7106]",
"Coney Island Beach Zone 2a","Park","NYC Parks","Operational","Year Round","8am-4pm, Open later seasonally","Fully Accessible","Multi-Stall W/M Restrooms","No","40.574930","-73.959800",,"Point","[-73.9598,40.5749]",
"Coney Island Beach Zone 2b","Park","NYC Parks","Operational","Seasonal","8am-4pm, Open later seasonally","Fully Accessible","Multi-Stall W/M Restrooms","Yes","40.574650","-73.964500",,"Point","[-73.9645,40.5746]",
"Coney Island Beach Zone 4b","Park","NYC Parks","Operational","Seasonal","8am-4pm, Open later seasonally","Fully Accessible","Multi-Stall W/M Restrooms","Yes","40.573410","-73.975900",,"Point","[-73.9759,40.5734]",
"Coney Island Beach Zone 5a","Park","NYC Parks","Operational","Year Round","8am-4pm, Open later seasonally","Fully Accessible","Multi-Stall W/M Restrooms","Yes","40.572840","-73.980800",,"Point","[-73.9808,40.5728]",
"Coney Island Beach Zone 5b","Park","NYC Parks","Operational","Seasonal","8am-4pm, Open later seasonally","Fully Accessible","Multi-Stall W/M Restrooms","Yes","40.572600","-73.983100",,"Point","[-73.9831,40.5726]",
"Coney Island Beach Zone 6b","Park","NYC Parks","Operational","Seasonal","8am-4pm, Open later seasonally","Fully Accessible","Multi-Stall W/M Restrooms","No","40.572370","-73.988500",,"Point","[-73.9885,40.5724]",
"Coney Island Beach Zone 7a","Park","NYC Parks","Operational","Seasonal","8am-4pm, Open later seasonally","Fully Accessible","Multi-Stall W/M Restrooms","Yes","40.571670","-73.992300",,"Point","[-73.9923,40.5717]",
"Coney Island Beach Zone 7c","Park","NYC Parks","Operational","Seasonal","8am-4pm, Open later seasonally","Fully Accessible","Multi-Stall W/M Restrooms","Yes","40.571760","-73.998800",,"Point","[-73.9988,40.5718]",
"Russell Pedersen Playground","Park","NYC Parks","Operational","Seasonal","8am-4pm, Open later seasonally","Not Accessible","Multi-Stall W/M Restrooms","Yes","40.626420","-74.036300",,"Point","[-74.0363,40.6264]",
"Hamilton Metz Field","Park","NYC Parks","Operational","Year Round","8am-4pm, Open later seasonally","Not Accessible","Multi-Stall W/M Restrooms","Yes","40.662620","-73.940700",,"Point","[-73.9407,40.6626]",
"Mellett Playground","Park","NYC Parks","Operational","Year Round","8am-4pm, Open later seasonally","Not Accessible","Multi-Stall W/M Restrooms","Yes","40.597080","-73.957400",,"Point","[-73.9574,40.5971]",
"Sarsfield Playground","Park","NYC Parks","Operational","Year Round","8am-4pm, Open later seasonally","Fully Accessible","Multi-Stall W/M Restrooms","Yes","40.620340","-73.937200",,"Point","[-73.9372,40.6203]",
"Pfc Norton Playground","Park","NYC Parks","Operational","Year Round","8am-4pm, Open later seasonally","Fully Accessible","Multi-Stall W/M Restrooms","Yes","40.614570","-73.944800",,"Point","[-73.9448,40.6146]",
"Galapo Playground","Park","NYC Parks","Operational","Year Round","8am-4pm, Open later seasonally","Not Accessible","Multi-Stall W/M Restrooms","Yes","40.597900","-73.946800",,"Point","[-73.9468,40.5979]",
"John Allen Payne Playground","Park","NYC Parks","Operational","Seasonal","8am-4pm, Open later seasonally","Not Accessible","Multi-Stall W/M Restrooms","Yes","40.639780","-74.023600",,"Point","[-74.0236,40.6398]",
"Pena Herrera Playground","Park","NYC Parks","Operational","Year Round","8am-4pm, Open later seasonally","Not Accessible","Multi-Stall W/M Restrooms","No","40.649390","-74.012100",,"Point","[-74.0121,40.6494]",
"John J Carty Park","Park","NYC Parks","Operational","Year Round","8am-4pm, Open later seasonally","Not Accessible","Multi-Stall W/M Restrooms","Yes","40.614500","-74.029400",,"Point","[-74.0294,40.6145]",
"Linden Park","Park","NYC Parks","Operational","Year Round","8am-4pm, Open later seasonally","Fully Accessible","Multi-Stall W/M Restrooms","Yes","40.658260","-73.887500",,"Point","[-73.8875,40.6583]",
"Raymond Bush Playground","Park","NYC Parks","Not Operational",,,"Not Accessible","Multi-Stall W/M Restrooms","Yes","40.686600","-73.939400",,"Point","[-73.9394,40.6866]",
"Paerdegat Park","Park","NYC Parks","Operational","Year Round","8am-4pm, Open later seasonally","Fully Accessible","Multi-Stall W/M Restrooms","Yes","40.638070","-73.938100",,"Point","[-73.9381,40.6381]",
"Washington Hall Park","Park","NYC Parks","Operational","Year Round","8am-4pm, Open later seasonally","Fully Accessible","Multi-Stall W/M Restrooms","Yes","40.695420","-73.966600",,"Point","[-73.9666,40.6954]",
"Pierrepont Playground","Park","NYC Parks","Operational","Year Round","8am-4pm, Open later seasonally","Not Accessible","Multi-Stall W/M Restrooms","Yes","40.696350","-73.997600",,"Point","[-73.9976,40.6964]",
"Dimattina Playground","Park","NYC Parks","Operational","Year Round","8am-4pm, Open later seasonally","Not Accessible","Multi-Stall W/M Restrooms","Yes","40.680470","-74.001900",,"Point","[-74.0019,40.6805]",
"Squibb Park","Park","NYC Parks","Operational","Year Round","8am-4pm, Open later seasonally",,,"Yes","40.701060","-73.995400",,"Point","[-73.9954,40.7011]",
"Susan Smith McKinney Steward Park","Park","NYC Parks","Operational","Year Round","8am-4pm, Open later seasonally","Not Accessible","Multi-Stall W/M Restrooms","Yes","40.700770","-73.985500",,"Point","[-73.9855,40.7008]",
"Strawberry Playground","Park","NYC Parks","Operational","Year Round","8am-4pm, Open later seasonally","Fully Accessible","Multi-Stall W/M Restrooms","""Yes, in women's restroom only""","40.709710","-73.955900",,"Point","[-73.9559,40.7097]",
"Jaime Campiz Playground","Park","NYC Parks","Operational","Year Round","8am-4pm, Open later seasonally","Fully Accessible","Multi-Stall W/M Restrooms","""Yes, in women's restroom only""","40.713440","-73.954500",,"Point","[-73.9545,40.7134]",
"P.O. Reinaldo Salgado Playground","Park","NYC Parks","Operational","Year Round","8am-4pm, Open later seasonally","Not Accessible","Multi-Stall W/M Restrooms","Yes","40.687910","-73.925500",,"Point","[-73.9255,40.6879]",
"St. Andrew's Playground","Park","NYC Parks","Operational","Year Round","8am-4pm, Open later seasonally","Fully Accessible","Multi-Stall W/M Restrooms","Yes","40.678810","-73.942000",,"Point","[-73.942,40.6788]",
"Dr. Green Playground","Park","NYC Parks","Operational","Year Round","8am-4pm, Open later seasonally","Fully Accessible","Multi-Stall W/M Restrooms","Yes","40.667370","-73.907400",,"Point","[-73.9074,40.6674]",
"Nicholas Naquan Heyward Jr. Park","Park","NYC Parks","Operational","Year Round","8am-4pm, Open later seasonally","Not Accessible","Multi-Stall W/M Restrooms","Yes","40.684690","-73.987800",,"Point","[-73.9878,40.6847]",
"Dean Playground","Park","NYC Parks","Operational","Year Round","8am-4pm, Open later seasonally","Not Accessible","Multi-Stall W/M Restrooms","Yes","40.680560","-73.972800",,"Point","[-73.9728,40.6806]",
"Tilden Playground","Park","NYC Parks","Operational","Year Round","8am-4pm, Open later seasonally","Fully Accessible","Multi-Stall W/M Restrooms","Yes","40.647900","-73.931400",,"Point","[-73.9314,40.6479]",
"Herman Dolgon Playground","Park","NYC Parks","Operational","Year Round","8am-4pm, Open later seasonally","Not Accessible","Multi-Stall W/M Restrooms","Yes","40.598170","-73.939600",,"Point","[-73.9396,40.5982]",
"Glenwood Playground","Park","NYC Parks","Operational","Year Round","8am-4pm, Open later seasonally","Fully Accessible","Multi-Stall W/M Restrooms","Yes","40.636660","-73.920100",,"Point","[-73.9201,40.6367]",
"Golconda Playground","Park","NYC Parks","Operational","Seasonal","8am-4pm, Open later seasonally","Not Accessible","Multi-Stall W/M Restrooms","Yes","40.697970","-73.982800",,"Point","[-73.9828,40.698]",
"McDonald Playground","Park","NYC Parks","Operational","Year Round","8am-4pm, Open later seasonally","Not Accessible","Multi-Stall W/M Restrooms","Yes","40.601160","-73.972200",,"Point","[-73.9722,40.6012]",
"St. John's Park","Park","NYC Parks","Operational","Year Round","8am-4pm, Open later seasonally","Not Accessible","Multi-Stall W/M Restrooms","Yes","40.673790","-73.935300",,"Point","[-73.9353,40.6738]",
"Breukelen Playground","Park","NYC Parks","Operational","Year Round","8am-4pm, Open later seasonally","Fully Accessible","Multi-Stall W/M Restrooms","Yes","40.653730","-73.894000",,"Point","[-73.894,40.6537]",
"Fox Playground","Park","NYC Parks","Operational","Year Round","8am-4pm, Open later seasonally","Fully Accessible","Multi-Stall W/M Restrooms","Yes","40.632690","-73.923900",,"Point","[-73.9239,40.6327]",
"Nostrand Playground","Park","NYC Parks","Operational","Year Round","8am-4pm, Open later seasonally","Fully Accessible","Multi-Stall W/M Restrooms","Yes","40.638400","-73.947500",,"Point","[-73.9475,40.6384]",
"Pat Parlato Playground","Park","NYC Parks","Operational","Year Round","8am-4pm, Open later seasonally","Partially Accessible","Multi-Stall W/M Restrooms","Yes","40.577020","-73.946200",,"Point","[-73.9462,40.577]",
"Manhattan Beach Zone 2","Park","NYC Parks","Operational","Seasonal","8am-4pm, Open later seasonally","Fully Accessible","Multi-Stall W/M Restrooms","Yes","40.576970","-73.944100",,"Point","[-73.9441,40.577]",
"Albert J. Parham Playground","Park","NYC Parks","Operational","Year Round","8am-4pm, Open later seasonally","Fully Accessible","Multi-Stall W/M Restrooms","Yes","40.690230","-73.970500",,"Point","[-73.9705,40.6902]",
"Wingate Park","Park","NYC Parks","Operational","Year Round","8am-4pm, Open later seasonally","Not Accessible","Multi-Stall W/M Restrooms","Yes","40.659260","-73.944600",,"Point","[-73.9446,40.6593]",
"Brevoort Playground","Park","NYC Parks","Operational","Year Round","8am-4pm, Open later seasonally","Partially Accessible","Multi-Stall W/M Restrooms","Yes","40.680680","-73.922700",,"Point","[-73.9227,40.6807]",
"Underwood Park","Park","NYC Parks","Operational","Year Round","8am-4pm, Open later seasonally","Fully Accessible","Multi-Stall W/M Restrooms","Yes","40.688570","-73.966700",,"Point","[-73.9667,40.6886]",
"Potomac Playground","Park","NYC Parks","Operational","Year Round","8am-4pm, Open later seasonally","Not Accessible","Multi-Stall W/M Restrooms","Yes","40.682050","-73.944200",,"Point","[-73.9442,40.682]",
"Sumner Playground","Park","NYC Parks","Operational","Seasonal","8am-4pm, Open later seasonally","Fully Accessible","Multi-Stall W/M Restrooms","Yes","40.697160","-73.942800",,"Point","[-73.9428,40.6972]",
"Roebling Playground","Park","NYC Parks","Operational","Seasonal","8am-4pm, Open later seasonally","Fully Accessible","Multi-Stall W/M Restrooms","""Yes, in women's restroom only""","40.706110","-73.962400",,"Point","[-73.9624,40.7061]",
"Star Spangled Playground","Park","NYC Parks","Operational","Seasonal","8am-4pm, Open later seasonally","Not Accessible","Multi-Stall W/M Restrooms","""Yes, in women's restroom only""","40.691690","-73.957800",,"Point","[-73.9578,40.6917]",
"Winthrop Playground","Park","NYC Parks","Operational","Year Round","8am-4pm, Open later seasonally","Not Accessible","Multi-Stall W/M Restrooms","Yes","40.656530","-73.954800",,"Point","[-73.9548,40.6565]",
"Captain Mario Fajardo Park","Park","NYC Parks","Operational","Year Round","8am-4pm, Open later seasonally","Not Accessible","Multi-Stall W/M Restrooms","Yes","40.743500","-73.814800",,"Point","[-73.8148,40.7435]",
"Jesse Owens Playground","Park","NYC Parks","Operational","Year Round","8am-4pm, Open later seasonally","Fully Accessible","Multi-Stall W/M Restrooms","Yes","40.691640","-73.932500",,"Point","[-73.9325,40.6916]",
"Railroad Playground","Park","NYC Parks","Operational","Year Round","8am-4pm, Open later seasonally","Fully Accessible","Multi-Stall W/M Restrooms","Yes","40.649240","-73.914000",,"Point","[-73.914,40.6492]",
"Bayview Playground","Park","NYC Parks","Operational","Year Round","8am-4pm, Open later seasonally","Fully Accessible","Multi-Stall W/M Restrooms","Yes","40.634950","-73.887200",,"Point","[-73.8872,40.635]",
"Benson Playground","Park","NYC Parks","Operational","Year Round","8am-4pm, Open later seasonally","Not Accessible","Multi-Stall W/M Restrooms","Yes","40.602370","-74.002300",,"Point","[-74.0023,40.6024]",
"Marc And Jason's Playground","Park","NYC Parks","Operational","Year Round","8am-4pm, Open later seasonally","Not Accessible","Multi-Stall W/M Restrooms","Yes","40.663490","-73.949900",,"Point","[-73.9499,40.6635]",
"Harry Maze Playground","Park","NYC Parks","Operational","Seasonal","8am-4pm, Open later seasonally","Fully Accessible","Multi-Stall W/M Restrooms","Yes","40.643330","-73.923200",,"Point","[-73.9232,40.6433]",
"Bartlett Playground","Park","NYC Parks","Operational","Year Round","8am-4pm, Open later seasonally","Fully Accessible","Multi-Stall W/M Restrooms","Yes","40.700710","-73.946000",,"Point","[-73.946,40.7007]",
"Slope Park Playground","Park","NYC Parks","Operational","Year Round","8am-4pm, Open later seasonally","Not Accessible","Multi-Stall W/M Restrooms","Yes","40.661300","-73.989300",,"Point","[-73.9893,40.6613]",
"Pratt Playground","Park","NYC Parks","Operational","Year Round","8am-4pm, Open later seasonally","Not Accessible","Multi-Stall W/M Restrooms","Yes","40.692600","-73.962200",,"Point","[-73.9622,40.6926]",
"Jackie Robinson Park Playground","Park","NYC Parks","Operational","Year Round","8am-4pm, Open later seasonally","Partially Accessible","Multi-Stall W/M Restrooms","Yes","40.680230","-73.927300",,"Point","[-73.9273,40.6802]",
"Albemarle Playground","Park","NYC Parks","Operational","Year Round","8am-4pm, Open later seasonally","Fully Accessible","Multi-Stall W/M Restrooms","Yes","40.646040","-73.980500",,"Point","[-73.9805,40.646]",
"Stockton Playground","Park","NYC Parks","Operational","Year Round","8am-4pm, Open later seasonally","Fully Accessible","Multi-Stall W/M Restrooms","Yes","40.697120","-73.948600",,"Point","[-73.9486,40.6971]",
"Oracle Playground","Park","NYC Parks","Operational","Year Round","8am-4pm, Open later seasonally","Not Accessible","Multi-Stall W/M Restrooms","""Yes, in women's restroom only""","40.693790","-73.971600",,"Point","[-73.9716,40.6938]",
"Greene Playground","Park","NYC Parks","Operational","Year Round","8am-4pm, Open later seasonally","Not Accessible","Multi-Stall W/M Restrooms","Yes","40.686370","-73.965800",,"Point","[-73.9658,40.6864]",
"Kennedy King Playground","Park","NYC Parks","Operational","Year Round","8am-4pm, Open later seasonally","Fully Accessible","Multi-Stall W/M Restrooms","Yes","40.658700","-73.921800",,"Point","[-73.9218,40.6587]",
"P.S. 279 Playground","Park","NYC Parks","Operational","Year Round","8am-4pm, Open later seasonally",,,"No","40.644590","-73.893300",,"Point","[-73.8933,40.6446]",
"Playground 286","Park","NYC Parks","Operational","Year Round","8am-4pm, Open later seasonally","Fully Accessible","Multi-Stall W/M Restrooms","Yes","40.590610","-73.938500",,"Point","[-73.9385,40.5906]",
"Tiger Playground","Park","NYC Parks","Operational","Seasonal","8am-4pm, Open later seasonally","Fully Accessible","Multi-Stall W/M Restrooms","Yes","40.688030","-73.911200",,"Point","[-73.9112,40.688]",
"Yak Playground","Park","NYC Parks","Operational","Year Round","8am-4pm, Open later seasonally","Fully Accessible","Multi-Stall W/M Restrooms","Yes","40.592460","-73.935800",,"Point","[-73.9358,40.5925]",
"Pink Playground","Park","NYC Parks","Operational","Seasonal","8am-4pm, Open later seasonally","Fully Accessible","Multi-Stall W/M Restrooms","Yes","40.666500","-73.862500",,"Point","[-73.8625,40.6665]",
"Captain Mario Fajardo Park","Park","NYC Parks","Operational","Year Round","8am-4pm, Open later seasonally","Fully Accessible","Multi-Stall W/M Restrooms","Yes","40.745030","-73.817300",,"Point","[-73.8173,40.745]",
"Ten Eyck Playground","Park","NYC Parks","Operational","Year Round","8am-4pm, Open later seasonally","Not Accessible","Multi-Stall W/M Restrooms","Yes","40.709030","-73.938900",,"Point","[-73.9389,40.709]",
"El Shabazz Playground","Park","NYC Parks","Operational","Year Round","8am-4pm, Open later seasonally","Partially Accessible","Multi-Stall W/M Restrooms","Yes","40.682690","-73.930700",,"Point","[-73.9307,40.6827]",
"Surf Playground","Park","NYC Parks","Operational","Year Round","8am-4pm, Open later seasonally","Not Accessible","Multi-Stall W/M Restrooms","Yes","40.573670","-73.992700",,"Point","[-73.9927,40.5737]",
"DiGilio Playground","Park","NYC Parks","Operational","Year Round","8am-4pm, Open later seasonally","Not Accessible","Multi-Stall W/M Restrooms","Yes","40.632760","-73.977300",,"Point","[-73.9773,40.6328]",
"Park Slope Playground","Park","NYC Parks","Operational","Seasonal","8am-4pm, Open later seasonally","Partially Accessible","Multi-Stall W/M Restrooms","Yes","40.677030","-73.978500",,"Point","[-73.9785,40.677]",
"Edmonds Playground","Park","NYC Parks","Operational","Year Round","8am-4pm, Open later seasonally","Not Accessible","Multi-Stall W/M Restrooms","Yes","40.689250","-73.971700",,"Point","[-73.9717,40.6893]",
"Hattie Carthan Playground","Park","NYC Parks","Operational","Year Round","8am-4pm, Open later seasonally","Not Accessible","Multi-Stall W/M Restrooms","Yes","40.685620","-73.946400",,"Point","[-73.9464,40.6856]",
"Lindower Park Playground","Park","NYC Parks","Operational","Year Round","8am-4pm, Open later seasonally","Fully Accessible","Multi-Stall W/M Restrooms","Yes","40.612280","-73.911200",,"Point","[-73.9112,40.6123]",
"Fermi Playground","Park","NYC Parks","Operational","Year Round","8am-4pm, Open later seasonally","Not Accessible","Multi-Stall W/M Restrooms","Yes","40.700310","-73.928500",,"Point","[-73.9285,40.7003]",
"Bildersee Playground","Park","NYC Parks","Operational","Year Round","8am-4pm, Open later seasonally","Fully Accessible","Multi-Stall W/M Restrooms","Yes","40.635950","-73.912200",,"Point","[-73.9122,40.636]",
"Century Playground","Park","NYC Parks","Operational","Year Round","8am-4pm, Open later seasonally","Not Accessible","Multi-Stall W/M Restrooms","No","40.577020","-73.970200",,"Point","[-73.9702,40.577]",
"Newport Playground","Park","NYC Parks","Operational","Year Round","8am-4pm, Open later seasonally","Fully Accessible","Multi-Stall W/M Restrooms","Yes","40.660940","-73.906900",,"Point","[-73.9069,40.6609]",
"100% Playground","Park","NYC Parks","Operational","Year Round","8am-4pm, Open later seasonally","Fully Accessible","Multi-Stall W/M Restrooms","Yes","40.646790","-73.899500",,"Point","[-73.8995,40.6468]",
"Carver Playground","Park","NYC Parks","Not Operational",,,"Partially Accessible","Multi-Stall W/M Restrooms","Yes","40.680450","-73.920500",,"Point","[-73.9205,40.6805]",
"Willoughby Playground","Park","NYC Parks","Operational","Seasonal","8am-4pm, Open later seasonally","Partially Accessible","Multi-Stall W/M Restrooms","Yes","40.694490","-73.946700",,"Point","[-73.9467,40.6945]",
"Stroud Playground","Park","NYC Parks","Operational","Year Round","8am-4pm, Open later seasonally","Not Accessible","Multi-Stall W/M Restrooms","Yes","40.674990","-73.962200",,"Point","[-73.9622,40.675]",
"Curtis Playground","Park","NYC Parks","Operational","Year Round","8am-4pm, Open later seasonally","Fully Accessible","Multi-Stall W/M Restrooms","Yes","40.640810","-73.917600",,"Point","[-73.9176,40.6408]",
"Jackie Robinson Playground","Park","NYC Parks","Operational","Year Round","8am-4pm, Open later seasonally","Not Accessible","Multi-Stall W/M Restrooms","Yes","40.665870","-73.958900",,"Point","[-73.9589,40.6659]",
"Eleanor Roosevelt Playground","Park","NYC Parks","Operational","Year Round","8am-4pm, Open later seasonally","Fully Accessible","Multi-Stall W/M Restrooms","Yes","40.692750","-73.935800",,"Point","[-73.9358,40.6927]",
"Woods Playground","Park","NYC Parks","Operational","Seasonal","8am-4pm, Open later seasonally","Not Accessible","Multi-Stall W/M Restrooms","Yes","40.674840","-73.929200",,"Point","[-73.9292,40.6748]",
"Spring Creek Park Zone 1","Park","NYC Parks","Operational","Seasonal","Open by permit",,"Multi-Stall W/M Restrooms","Yes","40.649170","-73.873800",,"Point","[-73.8738,40.6492]",
"Friends Field","Park","NYC Parks","Operational","Year Round","8am-4pm, Open later seasonally","Fully Accessible","Multi-Stall W/M Restrooms","Yes","40.618670","-73.972000",,"Point","[-73.972,40.6187]",
"Robert E. Venable Park","Park","NYC Parks","Operational","Year Round","8am-4pm, Open later seasonally","Fully Accessible","Multi-Stall W/M Restrooms","Yes","40.674410","-73.865100",,"Point","[-73.8651,40.6744]",
"Green Central Knoll","Park","NYC Parks","Operational","Year Round","8am-4pm, Open later seasonally","Fully Accessible","Multi-Stall W/M Restrooms","Yes","40.702120","-73.933500",,"Point","[-73.9335,40.7021]",
"Brooklyn Bridge Park Zone 6","Park","NYC Parks","Operational","Year Round","8am-4pm, Open later seasonally","Fully Accessible","Multi-Stall W/M Restrooms","No","40.692930","-74.001700",,"Point","[-74.0017,40.6929]",
"Bushwick Inlet Park","Park","NYC Parks","Operational","Year Round","8am-4pm, Open later seasonally",,,"Yes","40.721922","-73.960598",,"Point","[-73.9606,40.7219]",
"Berriman Playground","Park","NYC Parks","Operational","Year Round","8am-4pm, Open later seasonally","Fully Accessible","Multi-Stall W/M Restrooms","Yes","40.657000","-73.869500",,"Point","[-73.8695,40.657]",
"Bush Terminal Park","Park","NYC Parks","Operational","Year Round","8am-4pm, Open later seasonally","Fully Accessible","Multi-Stall W/M Restrooms","Yes","40.653350","-74.019200",,"Point","[-74.0192,40.6534]",
"Battery Park Zone 1","Park","NYC Parks","Not Operational",,,,,"Yes","40.704410","-74.015900",,"Point","[-74.0159,40.7044]",
"Battery Park Zone 2","Park","NYC Parks","Not Operational",,,"Fully Accessible",,"Yes","40.701400","-74.015000",,"Point","[-74.015,40.7014]",
"Bryant Park","Park","NYC Parks","Operational","Year Round","8am-4pm, Open later seasonally",,,"Yes","40.754040","-73.982700",,"Point","[-73.9827,40.754]",
"Bennett Park","Park","NYC Parks","Operational","Seasonal","8am-4pm, Open later seasonally","Not Accessible","Multi-Stall W/M Restrooms","Yes","40.853220","-73.937900",,"Point","[-73.9379,40.8532]",
"Van Cortlandt Classic Playground","Park","NYC Parks","Operational","Year Round","8am-4pm, Open later seasonally","Fully Accessible","Multi-Stall W/M Restrooms","Yes","40.885200","-73.890600",,"Point","[-73.8906,40.8852]",
"Classic Playground","Park","NYC Parks","Operational","Year Round","8am-4pm, Open later seasonally","Fully Accessible","Multi-Stall W/M Restrooms","""Yes, in men's restroom only""","40.783730","-73.986400",,"Point","[-73.9864,40.7837]",
"Clove Lakes Park Zone 1","Park","NYC Parks","Operational","Seasonal","8am-4pm, Open later seasonally","Not Accessible","Multi-Stall W/M Restrooms","No","40.618250","-74.107200",,"Point","[-74.1072,40.6183]",
"Clove Lakes Park Zone 1","Park","NYC Parks","Not Operational",,,"Fully Accessible","Multi-Stall W/M Restrooms","Yes","40.616550","-74.104600",,"Point","[-74.1046,40.6165]",
"Bendheim Playground","Park","NYC Parks","Operational","Seasonal","8am-4pm, Open later seasonally","Fully Accessible","Single -Stall All Gender Restroom(s)",,"40.790400","-73.954600",,"Point","[-73.9546,40.7904]",
"Central Park West","Park","NYC Parks","Operational","Seasonal","8am-4pm, Open later seasonally",,,,"40.769190","-73.980800",,"Point","[-73.9808,40.7692]",
"Sheep Meadow","Park","NYC Parks","Operational","Year Round","6:00am-11:00pm","Fully Accessible",,,"40.773050","-73.974400",,"Point","[-73.9744,40.773]",
"Pilgrim Hill & Conservatory Water","Park","NYC Parks","Operational","Year Round","6:00am-11:00pm","Fully Accessible",,,"40.773980","-73.966500",,"Point","[-73.9665,40.774]",
"Columbus Park","Park","NYC Parks","Operational","Year Round","8am-4pm, Open later seasonally","Fully Accessible","Multi-Stall W/M Restrooms","No","40.714860","-74.000100",,"Point","[-74.0001,40.7149]",
"Columbus Park","Park","NYC Parks","Operational","Year Round","8am-4pm, Open later seasonally",,,"No","40.715910","-73.999800",,"Point","[-73.9998,40.7159]",
"Bethesda Terrace","Park","NYC Parks","Operational","Seasonal","8am-4pm, Open later seasonally",,,"No","40.773520","-73.971100",,"Point","[-73.9711,40.7735]",
"Belvedere Castle","Park","Central Park Conservancy","Not Operational","Year Round","6am - dusk","Fully Accessible","Multi-Stall W/M Restrooms","Yes","40.780427","-73.969136",,"Point","[-73.9691,40.7804]",
"Reservoir (Northwest)","Park","NYC Parks","Operational","Year Round",,"Partially Accessible",,"No","40.789440","-73.961900",,"Point","[-73.9619,40.7894]",
"North Meadow Recreation Center","Park","NYC Parks","Operational","Year Round","8am-4pm, Open later seasonally",,,"No","40.791150","-73.959600",,"Point","[-73.9596,40.7912]",
"Conservatory Garden","Park","NYC Parks","Operational","Year Round","8am-4pm, Open later seasonally",,,"Yes","40.794190","-73.952700",,"Point","[-73.9527,40.7942]",
"Frawleys' Run","Park","NYC Parks","Operational","Year Round","8am-4pm, Open later seasonally",,,"""Yes, in women's restroom only""","40.797070","-73.951500",,"Point","[-73.9515,40.7971]",
"The Great Hill","Park","NYC Parks","Operational","Seasonal","8am-4pm, Open later seasonally",,,"No","40.797330","-73.959100",,"Point","[-73.9591,40.7973]",
"Chelsea Park","Park","NYC Parks","Operational","Year Round","8am-4pm, Open later seasonally","Not Accessible","Multi-Stall W/M Restrooms","Yes","40.749860","-74.000800",,"Point","[-74.0008,40.7499]",
"Playground One Fifty Two CLII","Park","NYC Parks","Operational","Year Round","8am-4pm, Open later seasonally","Fully Accessible","Both Single-Stall All Gender and Multi-Stall W/M","Yes","40.827950","-73.940000",,"Point","[-73.94,40.828]",
"Playground One Forty Nine CIL","Park","NYC Parks","Operational","Seasonal","8am-4pm, Open later seasonally","Fully Accessible","Both Single-Stall All Gender and Multi-Stall W/M","Yes","40.825910","-73.941282",,"Point","[-73.9413,40.8259]",
"Cunningham Park Zone 1","Park","NYC Parks","Operational","Year Round","8am-4pm, Open later seasonally","Fully Accessible","Multi-Stall W/M Restrooms","Yes","40.726690","-73.775400",,"Point","[-73.7754,40.7267]",
"Cunningham Park Zone 1","Park","NYC Parks","Operational","Year Round","8am-4pm, Open later seasonally","Not Accessible","Multi-Stall W/M Restrooms","Yes","40.726500","-73.773700",,"Point","[-73.7737,40.7265]",
"Corlears Hook Park","Park","NYC Parks","Operational","Year Round","8am-4pm, Open later seasonally","Fully Accessible","Multi-Stall W/M Restrooms","Yes","40.711750","-73.979800",,"Point","[-73.9798,40.7118]",
"Carmansville Playground","Park","NYC Parks","Operational","Year Round","8am-4pm, Open later seasonally","Fully Accessible","Multi-Stall W/M Restrooms","Yes","40.829160","-73.944300",,"Point","[-73.9443,40.8292]",
"Coleman Playground","Park","NYC Parks","Not Operational",,,"Not Accessible","Multi-Stall W/M Restrooms","Yes","40.710880","-73.993500",,"Point","[-73.9935,40.7109]",
"De Witt Clinton Park","Park","NYC Parks","Operational","Year Round","8am-4pm, Open later seasonally","Fully Accessible","Multi-Stall W/M Restrooms","Yes","40.768210","-73.994600",,"Point","[-73.9946,40.7682]",
"Downing Street Playground","Park","NYC Parks","Operational","Year Round","8am-4pm, Open later seasonally","Fully Accessible","Multi-Stall W/M Restrooms","Yes","40.730020","-74.002900",,"Point","[-74.0029,40.73]",
"Lily Brown Playground","Park","NYC Parks","Not Operational",,,"Not Accessible","Multi-Stall W/M Restrooms","Yes","40.838910","-73.946000",,"Point","[-73.946,40.8389]",
"Fort Washington Park Zone 2A","Park","NYC Parks","Operational","Year Round","8am-4pm, Open later seasonally","Not Accessible","Multi-Stall W/M Restrooms","No","40.847210","-73.946200",,"Point","[-73.9462,40.8472]",
"Fort Washington Park Zone 4","Park","NYC Parks","Operational","Year Round","8am-4pm, Open later seasonally","Not Accessible","Multi-Stall W/M Restrooms","Yes","40.868460","-73.931300",,"Point","[-73.9313,40.8685]",
"Anne Loftus Playground","Park","NYC Parks","Operational","Year Round","8am-4pm, Open later seasonally","Not Accessible","Multi-Stall W/M Restrooms","Yes","40.865120","-73.929500",,"Point","[-73.9295,40.8651]",
"Fort Tryon Park Zone 1","Park","NYC Parks","Operational","Year Round","8:30am-9:00pm","Fully Accessible",,"Yes","40.860770","-73.932800",,"Point","[-73.9328,40.8608]",
"Wallenberg Playground","Park","NYC Parks","Operational","Year Round","8am-4pm, Open later seasonally","Not Accessible","Multi-Stall W/M Restrooms","Yes","40.852820","-73.927200",,"Point","[-73.9272,40.8528]",
"Alexander Hamilton Playground","Park","NYC Parks","Operational","Year Round","8am-4pm, Open later seasonally","Not Accessible","Multi-Stall W/M Restrooms","Yes","40.822960","-73.951100",,"Point","[-73.9511,40.823]",
"Inwood Hill Park Zone 1","Park","NYC Parks","Operational","Year Round","8am-4pm, Open later seasonally","Not Accessible","Multi-Stall W/M Restrooms","Yes","40.870300","-73.921400",,"Point","[-73.9214,40.8703]",
"John Jay Park","Park","NYC Parks","Operational","Year Round","8am-4pm, Open later seasonally",,,"Yes","40.769100","-73.949100",,"Point","[-73.9491,40.7691]",
"Playground 123","Park","NYC Parks","Operational","Seasonal","8am-4pm, Open later seasonally","Fully Accessible","Multi-Stall W/M Restrooms","No","40.809980","-73.955900",,"Point","[-73.9559,40.81]",
"Morningside Park Zone 1","Park","NYC Parks","Not Operational",,,"Fully Accessible","Multi-Stall W/M Restrooms","Yes","40.802470","-73.959000",,"Point","[-73.959,40.8025]",
"Marcus Garvey Park Zone 1","Park","NYC Parks","Operational","Seasonal","8am-4pm, Open later seasonally","Fully Accessible","Both Single-Stall All Gender and Multi-Stall W/M","Yes","40.804610","-73.944800",,"Point","[-73.9448,40.8046]",
"Gertrude Ederle Recreation Center","Park","NYC Parks","Operational","Year Round","8am-4pm, Open later seasonally",,,"Yes","40.771470","-73.988700",,"Point","[-73.9887,40.7715]",
"Luther Gulick Park","Park","NYC Parks","Operational","Year Round","8am-4pm, Open later seasonally","Fully Accessible","Multi-Stall W/M Restrooms","Yes","40.715940","-73.981600",,"Point","[-73.9816,40.7159]",
"Vesuvio Playground","Park","NYC Parks","Operational","Year Round","8am-4pm, Open later seasonally","Fully Accessible","Multi-Stall W/M Restrooms","Yes","40.725630","-74.002500",,"Point","[-74.0025,40.7256]",
"East Parade Grounds","Park","NYC Parks","Operational","Year Round","7:30am-5:00pm","Not Accessible","Multi-Stall W/M Restrooms","Yes","40.651900","-73.965700",,"Point","[-73.9657,40.6519]",
"Neufeld Playground","Park","NYC Parks","Operational","Year Round","8am-4pm, Open later seasonally","Not Accessible","Multi-Stall W/M Restrooms","Yes","40.783440","-73.984800",,"Point","[-73.9848,40.7834]",
"River Run Playground","Park","NYC Parks","Operational","Year Round","8am-4pm, Open later seasonally","Not Accessible","Multi-Stall W/M Restrooms","Yes","40.787330","-73.982100",,"Point","[-73.9821,40.7873]",
"Hippo Playground","Park","NYC Parks","Operational","Year Round","8am-4pm, Open later seasonally","Not Accessible","Multi-Stall W/M Restrooms","""Yes, in women's restroom only""","40.793380","-73.978000",,"Point","[-73.978,40.7934]",
"Dinosaur Playground","Park","NYC Parks","Operational","Year Round","8am-4pm, Open later seasonally","Not Accessible","Multi-Stall W/M Restrooms","Yes","40.796670","-73.975200",,"Point","[-73.9752,40.7967]",
"Claremont","Park","NYC Parks","Operational","Seasonal","8am-4pm, Open later seasonally","Not Accessible","Multi-Stall W/M Restrooms","""Yes, in women's restroom only""","40.814890","-73.962200",,"Point","[-73.9622,40.8149]",
"Wildlife Sanct. & 119 St Tennis Courts","Park","NYC Parks","Operational","Year Round","8am-4pm, Open later seasonally","Not Accessible","Multi-Stall W/M Restrooms","""Yes, in women's restroom only""","40.811330","-73.965700",,"Point","[-73.9657,40.8113]",
"101st St. Soccer Field","Park","NYC Parks","Operational","Year Round","8am-4pm, Open later seasonally","Not Accessible","Multi-Stall W/M Restrooms","Yes","40.800550","-73.973300",,"Point","[-73.9733,40.8006]",
"Hudson Beach Volleyball Courts & Café","Park","NYC Parks","Operational","Seasonal","11:00am-11:00pm","Partially Accessible",,"Yes","40.802580","-73.971900",,"Point","[-73.9719,40.8026]",
"Riverbank Playground","Park","NYC Parks","Operational","Year Round","8am-4pm, Open later seasonally","Partially Accessible","Multi-Stall W/M Restrooms","Yes","40.825620","-73.953900",,"Point","[-73.9539,40.8256]",
"East Parade Grounds","Park","NYC Parks","Operational","Seasonal","Open by permit",,"Multi-Stall W/M Restrooms","Yes","40.650800","-73.968200",,"Point","[-73.9682,40.6508]",
"Arlington Edinboro Playground","Park","NYC Parks","Operational","Year Round","8am-4pm, Open later seasonally","Not Accessible","Multi-Stall W/M Restrooms","Yes","40.820860","-73.946700",,"Point","[-73.9467,40.8209]",
"Grand Central Parkway Gas","Park","NYC Parks Concessionaire","Operational","Year Round","24 Hours","Not Accessible","Both Single-Stall All Gender and Multi-Stall W/M","No","40.767711","-73.865189",,"Point","[-73.8652,40.7677]",
"St. Catherine's Park","Park","NYC Parks","Operational","Year Round","8am-4pm, Open later seasonally","Fully Accessible","Both Single-Stall All Gender and Multi-Stall W/M","Yes","40.765310","-73.958600",,"Point","[-73.9586,40.7653]",
"Catbird Playground","Park","NYC Parks","Not Operational",,,"Fully Accessible","Both Single-Stall All Gender and Multi-Stall W/M","Yes","40.773580","-73.945000",,"Point","[-73.945,40.7736]",
"Carl Schurz Main Lawn","Park","NYC Parks","Not Operational",,,"Partially Accessible","Multi-Stall W/M Restrooms","Yes","40.773580","-73.945000",,"Point","[-73.945,40.7736]",
"Carl Schurz Promenade","Park","NYC Parks","Operational","Year Round","8am-4pm, Open later seasonally","Fully Accessible","Both Single-Stall All Gender and Multi-Stall W/M","Yes","40.775710","-73.943900",,"Point","[-73.9439,40.7757]",
"Seward Park","Park","NYC Parks","Not Operational",,,"Fully Accessible","Multi-Stall W/M Restrooms","Yes","40.714720","-73.989100",,"Point","[-73.9891,40.7147]",
"Union Square Park","Park","NYC Parks","Operational","Year Round","12:00pm-11:00pm","Fully Accessible",,"Yes","40.736450","-73.989900",,"Point","[-73.9899,40.7364]",
"Evelyn's Playground","Park","NYC Parks","Operational","Year Round","8am-4pm, Open later seasonally","Fully Accessible","Single -Stall All Gender Restroom(s)","Yes","40.736310","-73.989600",,"Point","[-73.9896,40.7363]",
"Washington Square Park Western Half","Park","NYC Parks","Operational","Year Round","8am-4pm, Open later seasonally","Partially Accessible","Multi-Stall W/M Restrooms","Yes","40.730750","-73.998300",,"Point","[-73.9983,40.7308]",
"J. Hood Wright Park","Park","NYC Parks","Operational","Year Round","8am-4pm, Open later seasonally",,,"Yes","40.846450","-73.940800",,"Point","[-73.9408,40.8464]",
"Bronx Shore","Park","NYC Parks","Operational","Year Round","8am-4pm, Open later seasonally","Fully Accessible","Multi-Stall W/M Restrooms","Yes","40.800550","-73.923900",,"Point","[-73.9239,40.8006]",
"Grand Central Parkway Gas","Park","NYC Parks Concessionaire","Operational","Year Round","24 Hours","Not Accessible","Multi-Stall W/M Restrooms","No","40.765016","-73.861689",,"Point","[-73.8617,40.765]",
"Stadium Area","Park","NYC Parks","Operational","Year Round","8am-4pm, Open later seasonally",,,"Yes","40.792890","-73.924700",,"Point","[-73.9247,40.7929]",
"Sara D. Roosevelt Park","Park","NYC Parks","Operational","Year Round","8am-4pm, Open later seasonally","Fully Accessible","Multi-Stall W/M Restrooms","Yes","40.718810","-73.993000",,"Point","[-73.993,40.7188]",
"Houston St Playground","Park","NYC Parks","Operational","Year Round","8am-4pm, Open later seasonally","Fully Accessible","Multi-Stall W/M Restrooms","Yes","40.722440","-73.991200",,"Point","[-73.9912,40.7224]",
"Hester St Playground","Park","NYC Parks","Operational","Year Round","8am-4pm, Open later seasonally","Fully Accessible","Multi-Stall W/M Restrooms","Yes","40.716730","-73.994100",,"Point","[-73.9941,40.7167]",
"Wards Meadow","Park","NYC Parks","Operational","Year Round","8am-4pm, Open later seasonally","Fully Accessible","Multi-Stall W/M Restrooms","Yes","40.783080","-73.930800",,"Point","[-73.9308,40.7831]",
"Twenty-Four Sycamores Park","Park","NYC Parks","Not Operational",,,"Fully Accessible","Multi-Stall W/M Restrooms","Yes","40.759420","-73.958900",,"Point","[-73.9589,40.7594]",
"Little Flower Playground","Park","NYC Parks","Operational","Seasonal","8am-4pm, Open later seasonally","Fully Accessible","Multi-Stall W/M Restrooms","Yes","40.712580","-73.988600",,"Point","[-73.9886,40.7126]",
"Ten Mile River Playground","Park","NYC Parks","Operational","Seasonal","8am-4pm, Open later seasonally","Not Accessible","Multi-Stall W/M Restrooms","No","40.829820","-73.952700",,"Point","[-73.9527,40.8298]",
"East River Park Zone 3","Park","NYC Parks","Not Operational",,,,,"N/A - closed for capital","40.715900","-73.975200",,"Point","[-73.9752,40.7159]",
"East River Park Zone 5","Park","NYC Parks","Operational","Seasonal","8am-4pm, Open later seasonally","Not Accessible","Multi-Stall W/M Restrooms","No","40.721800","-73.974000",,"Point","[-73.974,40.7218]",
"East River Park Zone 6","Park","NYC Parks","Operational","Year Round","8am-4pm, Open later seasonally","Fully Accessible","Multi-Stall W/M Restrooms","No","40.723860","-73.972800",,"Point","[-73.9728,40.7239]",
"Mathews-Palmer Playground","Park","NYC Parks","Operational","Year Round","8am-4pm, Open later seasonally","Not Accessible","Multi-Stall W/M Restrooms","Yes","40.761220","-73.992900",,"Point","[-73.9929,40.7612]",
"Robert Moses Playground","Park","NYC Parks","Operational","Year Round","8am-4pm, Open later seasonally","Fully Accessible","Both Single-Stall All Gender and Multi-Stall W/M","Yes","40.748090","-73.968700",,"Point","[-73.9687,40.7481]",
"Fred Samuel Playground","Park","NYC Parks","Operational","Seasonal","8am-4pm, Open later seasonally","Fully Accessible","Both Single-Stall All Gender and Multi-Stall W/M","Yes","40.817350","-73.939000",,"Point","[-73.939,40.8173]",
"McCaffrey Playground","Park","NYC Parks","Operational","Year Round","8am-4pm, Open later seasonally","Fully Accessible","Multi-Stall W/M Restrooms","Yes","40.759160","-73.991400",,"Point","[-73.9914,40.7592]",
"Baruch Playground","Park","NYC Parks","Operational","Year Round","8am-4pm, Open later seasonally","Fully Accessible","Multi-Stall W/M Restrooms","Yes","40.717220","-73.976900",,"Point","[-73.9769,40.7172]",
"Brigadier General Charles Young Playground","Park","NYC Parks","Operational","Seasonal","8am-4pm, Open later seasonally","Fully Accessible","Both Single-Stall All Gender and Multi-Stall W/M","Yes","40.819610","-73.936200",,"Point","[-73.9362,40.8196]",
"Stanley Isaacs Playground","Park","NYC Parks","Operational","Seasonal","8am-4pm, Open later seasonally","Fully Accessible","Both Single-Stall All Gender and Multi-Stall W/M","Yes","40.782930","-73.944600",,"Point","[-73.9446,40.7829]",
"Abraham Lincoln Playground","Park","NYC Parks","Operational","Year Round","8am-4pm, Open later seasonally","Fully Accessible","Both Single-Stall All Gender and Multi-Stall W/M","Yes","40.812280","-73.937100",,"Point","[-73.9371,40.8123]",
"Alfred E. Smith Playground","Park","NYC Parks","Operational","Year Round","8am-4pm, Open later seasonally",,,"Yes","40.711040","-73.997400",,"Point","[-73.9974,40.711]",
"Martin Luther King, Jr. Playground","Park","NYC Parks","Operational","Year Round","8am-4pm, Open later seasonally","Fully Accessible","Both Single-Stall All Gender and Multi-Stall W/M","Yes","40.800334","-73.950318",,"Point","[-73.9503,40.8003]",
"Anibal Aviles Playground","Park","NYC Parks","Operational","Year Round","8am-4pm, Open later seasonally","Fully Accessible","Multi-Stall W/M Restrooms","Yes","40.801190","-73.962800",,"Point","[-73.9628,40.8012]",
"Moore Playground","Park","NYC Parks","Operational","Year Round","8am-4pm, Open later seasonally",,,"No","40.809700","-73.939200",,"Point","[-73.9392,40.8097]",
"Alice Kornegay Triangle","Park","NYC Parks","Operational","Year Round","8am-4pm, Open later seasonally","Fully Accessible","Both Single-Stall All Gender and Multi-Stall W/M","Yes","40.806550","-73.935600",,"Point","[-73.9356,40.8066]",
"St. Nicholas Playground South","Park","NYC Parks","Not Operational",,,"Fully Accessible","Both Single-Stall All Gender and Multi-Stall W/M","Yes","40.811070","-73.947200",,"Point","[-73.9472,40.8111]",
"Langston Hughes Playground","Park","NYC Parks","Operational","Year Round","8am-4pm, Open later seasonally","Fully Accessible","Both Single-Stall All Gender and Multi-Stall W/M","Yes","40.812210","-73.946400",,"Point","[-73.9464,40.8122]",
"Cherry Tree Park","Park","NYC Parks","Operational","Year Round","8am-4pm, Open later seasonally","Fully Accessible","Both Single-Stall All Gender and Multi-Stall W/M","Yes","40.787170","-73.947200",,"Point","[-73.9472,40.7872]",
"Holcombe Rucker Park","Park","NYC Parks","Operational","Year Round","8am-4pm, Open later seasonally","Fully Accessible","Both Single-Stall All Gender and Multi-Stall W/M","Yes","40.829190","-73.936200",,"Point","[-73.9362,40.8292]",
"Howard Bennett Playground","Park","NYC Parks","Operational","Year Round","8am-4pm, Open later seasonally","Fully Accessible","Both Single-Stall All Gender and Multi-Stall W/M","Yes","40.813700","-73.939000",,"Point","[-73.939,40.8137]",
"Tecumseh Playground","Park","NYC Parks","Operational","Year Round","8am-4pm, Open later seasonally","Not Accessible","Multi-Stall W/M Restrooms","Yes","40.781910","-73.978700",,"Point","[-73.9787,40.7819]",
"Frederick Douglass Playground","Park","NYC Parks","Operational","Year Round","8am-4pm, Open later seasonally","Not Accessible","Multi-Stall W/M Restrooms","Yes","40.797010","-73.967700",,"Point","[-73.9677,40.797]",
"Jacob H. Schiff Playground","Park","NYC Parks","Operational","Year Round","8am-4pm, Open later seasonally","Not Accessible","Multi-Stall W/M Restrooms","Yes","40.820370","-73.952100",,"Point","[-73.9521,40.8204]",
"Augustus St. Gaudens Playground","Park","NYC Parks","Operational","Year Round","8am-4pm, Open later seasonally","Partially Accessible","Multi-Stall W/M Restrooms","Yes","40.735640","-73.982100",,"Point","[-73.9821,40.7356]",
"Happy Warrior Playground","Park","NYC Parks","Operational","Year Round","8am-4pm, Open later seasonally","Not Accessible","Multi-Stall W/M Restrooms","Yes","40.795750","-73.968500",,"Point","[-73.9685,40.7957]",
"Poor Richard's Playground","Park","NYC Parks","Operational","Year Round","8am-4pm, Open later seasonally","Fully Accessible","Multi-Stall W/M Restrooms","Yes","40.792990","-73.943100",,"Point","[-73.9431,40.793]",
"Damrosch Park","Park","NYC Parks","Operational","Year Round","8am-4pm, Open later seasonally",,,"Yes","40.772520","-73.985700",,"Point","[-73.9857,40.7725]",
"Wright Brothers Playground","Park","NYC Parks","Operational","Year Round","8am-4pm, Open later seasonally","Fully Accessible","Multi-Stall W/M Restrooms","Yes","40.831690","-73.941600",,"Point","[-73.9416,40.8317]",
"Sol Lain Playground","Park","NYC Parks","Operational","Seasonal","8am-4pm, Open later seasonally","Fully Accessible","Multi-Stall W/M Restrooms","Yes","40.714410","-73.984000",,"Point","[-73.984,40.7144]",
"Samuel Seabury Playground","Park","NYC Parks","Operational","Seasonal","8am-4pm, Open later seasonally","Fully Accessible","Both Single-Stall All Gender and Multi-Stall W/M","Yes","40.785460","-73.951000",,"Point","[-73.951,40.7855]",
"Corporal John A. Seravalli Playground","Park","NYC Parks","Operational","Year Round","8am-4pm, Open later seasonally","Fully Accessible","Multi-Stall W/M Restrooms","Yes","40.738940","-74.004700",,"Point","[-74.0047,40.7389]",
"Heckscher Playground","Park","NYC Parks","Operational","Year Round","8am-4pm, Open later seasonally","Fully Accessible","Multi-Stall W/M Restrooms","Yes","40.695100","-73.918600",,"Point","[-73.9186,40.6951]",
"Audubon Playground","Park","NYC Parks","Operational","Year Round","8am-4pm, Open later seasonally","Fully Accessible","Multi-Stall W/M Restrooms","Yes","40.841670","-73.937900",,"Point","[-73.9379,40.8417]",
"Sol Bloom Playground","Park","NYC Parks","Operational","Year Round","8am-4pm, Open later seasonally","Not Accessible","Multi-Stall W/M Restrooms","Yes","40.789850","-73.968700",,"Point","[-73.9687,40.7899]",
"Renaissance Playground","Park","NYC Parks","Operational","Year Round","8am-4pm, Open later seasonally","Fully Accessible","Both Single-Stall All Gender and Multi-Stall W/M","Yes","40.821680","-73.941700",,"Point","[-73.9417,40.8217]",
"Bleecker Playground","Park","NYC Parks","Operational","Year Round","8am-4pm, Open later seasonally","Fully Accessible","Multi-Stall W/M Restrooms","Yes","40.736360","-74.005600",,"Point","[-74.0056,40.7364]",
"MacArthur Playground","Park","NYC Parks","Operational","Year Round","8am-4pm, Open later seasonally","Fully Accessible","Both Single-Stall All Gender and Multi-Stall W/M","Yes","40.752410","-73.965000",,"Point","[-73.965,40.7524]",
"East River Playground","Park","NYC Parks","Operational","Year Round","8am-4pm, Open later seasonally","Fully Accessible","Multi-Stall W/M Restrooms","Yes","40.789190","-73.937900",,"Point","[-73.9379,40.7892]",
"McKinley Playground","Park","NYC Parks","Operational","Year Round","8am-4pm, Open later seasonally","Fully Accessible","Multi-Stall W/M Restrooms","Yes","40.724270","-73.985600",,"Point","[-73.9856,40.7243]",
"Battery Park City Zone 1","Park","NYC Parks","Operational","Year Round","8am-4pm, Open later seasonally",,,"Yes","40.705230","-74.018400",,"Point","[-74.0184,40.7052]",
"Sherman Creek","Park","NYC Parks","Operational","Year Round","8am-4pm, Open later seasonally","Fully Accessible","Both Single-Stall All Gender and Multi-Stall W/M","Yes","40.857800","-73.922000",,"Point","[-73.922,40.8578]",
"Washington Market Park","Park","NYC Parks","Operational","Year Round","8am-4pm, Open later seasonally","Fully Accessible","Multi-Stall W/M Restrooms","Yes","40.717490","-74.011500",,"Point","[-74.0115,40.7175]",
"North Riverside Blvd and Slopes","Park","NYC Parks","Not Operational",,,"Partially Accessible",,"No","40.779720","-73.988400",,"Point","[-73.9884,40.7797]",
"Heckscher Playground","Park","NYC Parks","Operational","Year Round","8am-4pm, Open later seasonally",,,"""Yes, in men's restroom only""","40.768370","-73.977100",,"Point","[-73.9771,40.7684]",
"Heckscher Playground","Park","NYC Parks","Operational","Year Round","8am-4pm, Open later seasonally",,,"""Yes, in men's restroom only""","40.768370","-73.977100",,"Point","[-73.9771,40.7684]",
"The High Line Zone 2","Park","NYC Parks","Operational","Year Round","8am-4pm, Open later seasonally",,,,"40.752580","-74.002100",,"Point","[-74.0021,40.7526]",
"Imagination Playground","Park","NYC Parks","Operational","Year Round","8am-4pm, Open later seasonally","Fully Accessible","Single -Stall All Gender Restroom(s)","Yes","40.706230","-74.004000",,"Point","[-74.004,40.7062]",
"East River Waterfront Esplanade Zone 1","Park","NYC Parks","Operational","Year Round","8am-4pm, Open later seasonally","Fully Accessible","Multi-Stall W/M Restrooms","Yes","40.704740","-74.003400",,"Point","[-74.0034,40.7047]",
"Bella Abzug Park","Park","NYC Parks","Operational","Year Round","8am-4pm, Open later seasonally",,,"Yes","40.756320","-73.999700",,"Point","[-73.9997,40.7563]",
"Horatio Playground","Park","NYC Parks","Operational","Year Round","8am-4pm, Open later seasonally","Not Accessible","Multi-Stall W/M Restrooms","Yes","40.758780","-73.754000",,"Point","[-73.754,40.7588]",
"Alley Springfield Playground","Park","NYC Parks","Operational","Year Round","8am-4pm, Open later seasonally","Not Accessible","Multi-Stall W/M Restrooms","""Yes, in women's restroom only""","40.741590","-73.748500",,"Point","[-73.7485,40.7416]",
"Alley Athletic Playground","Park","NYC Parks","Operational","Year Round","8am-4pm, Open later seasonally","Not Accessible","Multi-Stall W/M Restrooms","""Yes, in men's restroom only""","40.740000","-73.734200",,"Point","[-73.7342,40.74]",
"Alley Pond Park Zone 2","Park","NYC Parks","Operational","Year Round","8am-4pm, Open later seasonally","Not Accessible","Multi-Stall W/M Restrooms","Yes","40.741960","-73.740000",,"Point","[-73.74,40.742]",
"Grover Cleveland Playground","Park","NYC Parks","Not Operational",,,"Not Accessible","Multi-Stall W/M Restrooms","Yes","40.710900","-73.910900",,"Point","[-73.9109,40.7109]",
"Charybdis Playground","Park","NYC Parks","Operational","Seasonal","8am-4pm, Open later seasonally","Fully Accessible","Both Single-Stall All Gender and Multi-Stall W/M","Yes","40.779600","-73.922700",,"Point","[-73.9227,40.7796]",
"Astoria Park Zone 1","Park","NYC Parks","Operational","Seasonal","8am-4pm, Open later seasonally","Fully Accessible","Both Single-Stall All Gender and Multi-Stall W/M","Yes","40.775930","-73.925200",,"Point","[-73.9252,40.7759]",
"157 St Playground","Park","NYC Parks","Operational","Year Round","8am-4pm, Open later seasonally","Not Accessible","Multi-Stall W/M Restrooms","Yes","40.684550","-73.786100",,"Point","[-73.7861,40.6846]",
"Baisley Park South Playground","Park","NYC Parks","Operational","Year Round","8am-4pm, Open later seasonally","Not Accessible","Multi-Stall W/M Restrooms","Yes","40.669130","-73.788700",,"Point","[-73.7887,40.6691]",
"Baisley Pond Park Zone 1","Park","NYC Parks","Operational","Year Round","8am-4pm, Open later seasonally","Not Accessible","Multi-Stall W/M Restrooms","No","40.681400","-73.787200",,"Point","[-73.7872,40.6814]",
"Baisley Pond Park Zone 3","Park","NYC Parks","Operational","Year Round","8am-4pm, Open later seasonally","Fully Accessible","Multi-Stall W/M Restrooms","Yes","40.677790","-73.784100",,"Point","[-73.7841,40.6778]",
"Baisley Pond Park Zone 4","Park","NYC Parks","Operational","Year Round","8am-4pm, Open later seasonally","Not Accessible","Multi-Stall W/M Restrooms","Yes","40.674640","-73.787800",,"Point","[-73.7878,40.6746]",
"Midland Playground","Park","NYC Parks","Operational","Year Round","8am-4pm, Open later seasonally","Fully Accessible","Multi-Stall W/M Restrooms","Yes","40.574780","-74.098400",,"Point","[-74.0984,40.5748]",
"Bayswater Playground","Park","NYC Parks","Operational","Year Round","8am-4pm, Open later seasonally","Fully Accessible","Multi-Stall W/M Restrooms","Yes","40.598770","-73.767500",,"Point","[-73.7675,40.5988]",
"Brookville Park Playground","Park","NYC Parks","Operational","Year Round","8am-4pm, Open later seasonally","Fully Accessible","Both Single-Stall All Gender and Multi-Stall W/M","Yes","40.662190","-73.742200",,"Point","[-73.7422,40.6622]",
"MacNeil Playground","Park","NYC Parks","Operational","Year Round","8am-4pm, Open later seasonally","Fully Accessible","Multi-Stall W/M Restrooms","Yes","40.793520","-73.851400",,"Point","[-73.8514,40.7935]",
"Little Bay Park Zone 2","Park","NYC Parks","Operational","Year Round","8am-4pm, Open later seasonally","Not Accessible","Multi-Stall W/M Restrooms","""Yes, in men's restroom only""","40.790450","-73.782000",,"Point","[-73.782,40.7904]",
"Poppenhusen Playground","Park","NYC Parks","Operational","Seasonal","8am-4pm, Open later seasonally","Not Accessible","Multi-Stall W/M Restrooms","No","40.781420","-73.844500",,"Point","[-73.8445,40.7814]",
"John Golden Park","Park","NYC Parks","Operational","Year Round","8am-4pm, Open later seasonally","Not Accessible","Multi-Stall W/M Restrooms","Yes","40.774090","-73.767700",,"Point","[-73.7677,40.7741]",
"Crocheron Park Zone 1","Park","NYC Parks","Operational","Year Round","8am-4pm, Open later seasonally","Not Accessible","Multi-Stall W/M Restrooms","Yes","40.772050","-73.769400",,"Point","[-73.7694,40.7721]",
"Astoria Heights Playground","Park","NYC Parks","Operational","Year Round","8am-4pm, Open later seasonally","Fully Accessible","Both Single-Stall All Gender and Multi-Stall W/M","Yes","40.761020","-73.911300",,"Point","[-73.9113,40.761]",
"Sobelsohn Park","Park","NYC Parks","Operational","Year Round","8am-4pm, Open later seasonally","Fully Accessible","Multi-Stall W/M Restrooms","No","40.709860","-73.835500",,"Point","[-73.8355,40.7099]",
"Jackson Pond Playground","Park","NYC Parks","Operational","Seasonal","8am-4pm, Open later seasonally","Not Accessible","Multi-Stall W/M Restrooms","No","40.701110","-73.843000",,"Point","[-73.843,40.7011]",
"Dry Harbor Playground","Park","NYC Parks","Operational","Year Round","8am-4pm, Open later seasonally","Not Accessible","Multi-Stall W/M Restrooms","Yes","40.702320","-73.868100",,"Point","[-73.8681,40.7023]",
"Victory Field","Park","NYC Parks","Operational","Year Round","8am-4pm, Open later seasonally","Not Accessible","Multi-Stall W/M Restrooms","Yes","40.701310","-73.854500",,"Point","[-73.8545,40.7013]",
"Carousel","Park","NYC Parks","Operational","Seasonal","8am-4pm, Open later seasonally","Not Accessible","Multi-Stall W/M Restrooms","""Yes, in men's restroom only""","40.700740","-73.855200",,"Point","[-73.8552,40.7007]",
"The Bandshell","Park","NYC Parks","Operational","Seasonal","8am-4pm, Open later seasonally","Fully Accessible","Multi-Stall W/M Restrooms","Yes","40.698880","-73.858500",,"Point","[-73.8585,40.6989]",
"Tennis Courts - Forest Parkway","Park","NYC Parks","Operational","Seasonal","8am-4pm, Open later seasonally","Fully Accessible","Multi-Stall W/M Restrooms","""Yes, in women's restroom only""","40.697170","-73.858100",,"Point","[-73.8581,40.6972]",
"Lower Highland Playground","Park","NYC Parks","Operational","Year Round","8am-4pm, Open later seasonally","Fully Accessible","Both Single-Stall All Gender and Multi-Stall W/M","Yes","40.684040","-73.885800",,"Point","[-73.8858,40.684]",
"Highland Park Zone 1","Park","NYC Parks","Operational","Seasonal","8am-4pm, Open later seasonally","Fully Accessible","Both Single-Stall All Gender and Multi-Stall W/M","Yes","40.687500","-73.890100",,"Point","[-73.8901,40.6875]",
"Highland Park Zone 2","Park","NYC Parks","Operational","Year Round","8am-4pm, Open later seasonally","Not Accessible","Multi-Stall W/M Restrooms","No","40.683160","-73.892900",,"Point","[-73.8929,40.6832]",
"Midland Playground","Park","NYC Parks","Operational","Seasonal","8am-4pm, Open later seasonally","Fully Accessible","Multi-Stall W/M Restrooms",,"40.568330","-74.090800",,"Point","[-74.0908,40.5683]",
"Cunningham Park Zone 2","Park","NYC Parks","Operational","Year Round","8am-4pm, Open later seasonally","Not Accessible","Multi-Stall W/M Restrooms","Yes","40.729650","-73.773600",,"Point","[-73.7736,40.7296]",
"Cunningham Park Zone 3","Park","NYC Parks","Operational","Year Round","8am-4pm, Open later seasonally","Fully Accessible","Multi-Stall W/M Restrooms","Yes","40.736640","-73.770700",,"Point","[-73.7707,40.7366]",
"Margaret I. Carman Green - Weeping Beech","Park","NYC Parks","Operational","Seasonal","8am-4pm, Open later seasonally","Not Accessible","Multi-Stall W/M Restrooms","""Yes, in women's restroom only""","40.763500","-73.824700",,"Point","[-73.8247,40.7635]",
"Rufus King Park","Park","NYC Parks","Operational","Year Round","8am-4pm, Open later seasonally","Fully Accessible","Multi-Stall W/M Restrooms","No","40.703340","-73.803400",,"Point","[-73.8034,40.7033]",
"Nautilus Playground","Park","NYC Parks","Operational","Year Round","8am-4pm, Open later seasonally","Not Accessible","Multi-Stall W/M Restrooms","Yes","40.571720","-73.995900",,"Point","[-73.9959,40.5717]",
"Park Of The Americas","Park","NYC Parks","Operational","Year Round","8am-4pm, Open later seasonally","Not Accessible","Multi-Stall W/M Restrooms","Yes","40.748950","-73.861800",,"Point","[-73.8618,40.749]",
"Laurelton Parkway West Playground","Park","NYC Parks","Operational","Year Round","8am-4pm, Open later seasonally","Fully Accessible","Both Single-Stall All Gender and Multi-Stall W/M","Yes","40.685010","-73.727000",,"Point","[-73.727,40.685]",
"Lawrence Virgilio Playground","Park","NYC Parks","Operational","Seasonal","8am-4pm, Open later seasonally","Fully Accessible","Both Single-Stall All Gender and Multi-Stall W/M","Yes","40.747490","-73.910600",,"Point","[-73.9106,40.7475]",
"Newtown Playground","Park","NYC Parks","Operational","Seasonal","8am-4pm, Open later seasonally","Not Accessible","Multi-Stall W/M Restrooms","No","40.736250","-73.869800",,"Point","[-73.8698,40.7362]",
"L/CPL Thomas P. Noonan Jr. Playground","Park","NYC Parks","Operational","Year Round","8am-4pm, Open later seasonally","Not Accessible","Multi-Stall W/M Restrooms","""Yes, in women's restroom only""","40.741080","-73.922400",,"Point","[-73.9224,40.7411]",
"Josephine Caminiti Playground","Park","NYC Parks","Operational","Year Round","8am-4pm, Open later seasonally","Not Accessible","Multi-Stall W/M Restrooms","No","40.743800","-73.861600",,"Point","[-73.8616,40.7438]",
"Rockaway Beach 08a","Park","NYC Parks","Operational","Seasonal","8am-4pm, Open later seasonally","Partially Accessible","Multi-Stall W/M Restrooms","Yes","40.577930","-73.835200",,"Point","[-73.8352,40.5779]",
"174 St Playground","Park","NYC Parks","Operational","Year Round","8am-4pm, Open later seasonally","Not Accessible","Multi-Stall W/M Restrooms","Yes","40.693380","-73.778100",,"Point","[-73.7781,40.6934]",
"Equity Playground","Park","NYC Parks","Operational","Year Round","8am-4pm, Open later seasonally","Fully Accessible","Multi-Stall W/M Restrooms","Yes","40.691390","-73.853600",,"Point","[-73.8536,40.6914]",
"Triborough Bridge Playground B","Park","NYC Parks","Operational","Seasonal","8am-4pm, Open later seasonally","Not Accessible","Multi-Stall W/M Restrooms","""Yes, in women's restroom only""","40.774750","-73.923500",,"Point","[-73.9235,40.7747]",
"General Hart Playground","Park","NYC Parks","Operational","Seasonal","8am-4pm, Open later seasonally","Not Accessible","Multi-Stall W/M Restrooms","""Yes, in women's restroom only""","40.748790","-73.897200",,"Point","[-73.8972,40.7488]",
"Wayanda Park","Park","NYC Parks","Operational","Year Round","8am-4pm, Open later seasonally","Fully Accessible","Both Single-Stall All Gender and Multi-Stall W/M","Yes","40.710860","-73.739000",,"Point","[-73.739,40.7109]",
"Gorman Playground","Park","NYC Parks","Operational","Year Round","8am-4pm, Open later seasonally","Not Accessible","Multi-Stall W/M Restrooms","""Yes, in women's restroom only""","40.761940","-73.884200",,"Point","[-73.8842,40.7619]",
"Leonardo Ingravallo Playground","Park","NYC Parks","Operational","Year Round","8am-4pm, Open later seasonally","Not Accessible","Multi-Stall W/M Restrooms","No","40.775970","-73.817200",,"Point","[-73.8172,40.776]",
"Harvey Playground","Park","NYC Parks","Operational","Seasonal","8am-4pm, Open later seasonally","Not Accessible","Multi-Stall W/M Restrooms","Yes","40.782900","-73.823600",,"Point","[-73.8236,40.7829]",
"Vito Locascio Field","Park","NYC Parks","Operational","Year Round","8am-4pm, Open later seasonally","Fully Accessible","Both Single-Stall All Gender and Multi-Stall W/M","Yes","40.670110","-73.844600",,"Point","[-73.8446,40.6701]",
"Frank D. O'Connor Playground","Park","NYC Parks","Operational","Year Round","8am-4pm, Open later seasonally","Not Accessible","Multi-Stall W/M Restrooms","No","40.744390","-73.886900",,"Point","[-73.8869,40.7444]",
"Triassic Playground","Park","NYC Parks","Operational","Seasonal","8am-4pm, Open later seasonally","Not Accessible","Multi-Stall W/M Restrooms","""Yes, in women's restroom only""","40.730010","-73.835100",,"Point","[-73.8351,40.73]",
"Nautilus Playground","Park","NYC Parks","Operational","Year Round","8am-4pm, Open later seasonally","Not Accessible","Multi-Stall W/M Restrooms","Yes","40.684650","-73.770300",,"Point","[-73.7703,40.6846]",
"Albert H. Mauro Playground","Park","NYC Parks","Operational","Year Round","8am-4pm, Open later seasonally","Fully Accessible","Multi-Stall W/M Restrooms","Yes","40.722940","-73.827100",,"Point","[-73.8271,40.7229]",
"South Of Fountain Of The Planets","Park","NYC Parks","Operational","Seasonal","8am-4pm, Open later seasonally","Partially Accessible","Multi-Stall W/M Restrooms",,"40.746720","-73.838600",,"Point","[-73.8386,40.7467]",
"Passerelle","Park","NYC Parks","Operational","Year Round","8am-4pm, Open later seasonally",,,"""Yes, in men's restroom only""","40.751660","-73.843300",,"Point","[-73.8433,40.7517]",
"College Point Blvd Soccer Fields","Park","NYC Parks","Not Operational",,,"Fully Accessible","Multi-Stall W/M Restrooms","No","40.751010","-73.833800",,"Point","[-73.8338,40.751]",
"Ballfields","Park","NYC Parks","Operational","Year Round","8am-4pm, Open later seasonally","Not Accessible","Multi-Stall W/M Restrooms","Yes","40.741920","-73.848000",,"Point","[-73.848,40.7419]",
"Meadow Lake North","Park","NYC Parks","Operational","Year Round","8am-4pm, Open later seasonally","Fully Accessible","Multi-Stall W/M Restrooms","Yes","40.740670","-73.841200",,"Point","[-73.8412,40.7407]",
"Meadow Lake NE","Park","NYC Parks","Operational","Year Round","8am-4pm, Open later seasonally","Fully Accessible","Multi-Stall W/M Restrooms","""Yes, in women's restroom only""","40.735860","-73.838500",,"Point","[-73.8385,40.7359]",
"Juniper North Playground Tennis","Park","NYC Parks","Operational","Year Round","8am-4pm, Open later seasonally","Not Accessible","Multi-Stall W/M Restrooms","Yes","40.720670","-73.877400",,"Point","[-73.8774,40.7207]",
"Juniper Valley Park Zone 1","Park","NYC Parks","Operational","Year Round","8am-4pm, Open later seasonally","Not Accessible","Multi-Stall W/M Restrooms","""Yes, in men's restroom only""","40.718760","-73.884600",,"Point","[-73.8846,40.7188]",
"Queensbridge Park","Park","NYC Parks","Operational","Seasonal","8am-4pm, Open later seasonally","Not Accessible","Multi-Stall W/M Restrooms","""Yes, in women's restroom only""","40.755100","-73.949600",,"Point","[-73.9496,40.7551]",
"Vernon Playground","Park","NYC Parks","Operational","Seasonal","8am-4pm, Open later seasonally","Not Accessible","Multi-Stall W/M Restrooms","""Yes, in men's restroom only""","40.757030","-73.947400",,"Point","[-73.9474,40.757]",
"Daniel M. O'Connell Playground","Park","NYC Parks","Not Operational",,,"Fully Accessible","Multi-Stall W/M Restrooms","""Yes, in women's restroom only""","40.700190","-73.758200",,"Point","[-73.7582,40.7002]",
"Springfield Park","Park","NYC Parks","Operational","Year Round","8am-4pm, Open later seasonally","Fully Accessible","Both Single-Stall All Gender and Multi-Stall W/M","No","40.660830","-73.762300",,"Point","[-73.7623,40.6608]",
"Police Officer Nicholas Demutiis Park","Park","NYC Parks","Operational","Year Round","8am-4pm, Open later seasonally","Fully Accessible","Both Single-Stall All Gender and Multi-Stall W/M","""Yes, in women's restroom only""","40.681840","-73.839700",,"Point","[-73.8397,40.6818]",
"Frederick B. Judge Playground","Park","NYC Parks","Operational","Year Round","8am-4pm, Open later seasonally","Fully Accessible","Both Single-Stall All Gender and Multi-Stall W/M","Yes","40.683120","-73.807900",,"Point","[-73.8079,40.6831]",
"Detective Keith L Williams Park","Park","NYC Parks","Operational","Year Round","8am-4pm, Open later seasonally","Not Accessible","Multi-Stall W/M Restrooms","No","40.703980","-73.785100",,"Point","[-73.7851,40.704]",
"173 St Playground","Park","NYC Parks","Operational","Year Round","8am-4pm, Open later seasonally",,,"Yes","40.701860","-73.783500",,"Point","[-73.7835,40.7019]",
"Francis Lewis Park","Park","NYC Parks","Operational","Year Round","8am-4pm, Open later seasonally","Not Accessible","Multi-Stall W/M Restrooms","Yes","40.796270","-73.825700",,"Point","[-73.8257,40.7963]",
"London Planetree Playground","Park","NYC Parks","Operational","Year Round","8am-4pm, Open later seasonally","Partially Accessible","Multi-Stall W/M Restrooms","Yes","40.685920","-73.853100",,"Point","[-73.8531,40.6859]",
"Phil ""Scooter"" Rizzuto Park","Park","NYC Parks","Operational","Year Round","8am-4pm, Open later seasonally","Fully Accessible","Multi-Stall W/M Restrooms","Yes","40.694670","-73.821500",,"Point","[-73.8215,40.6947]",
"Virginia Principe Playground","Park","NYC Parks","Operational","Year Round","8am-4pm, Open later seasonally","Not Accessible","Multi-Stall W/M Restrooms","Yes","40.727230","-73.904300",,"Point","[-73.9043,40.7272]",
"Murray Playground","Park","NYC Parks","Operational","Year Round","8am-4pm, Open later seasonally","Fully Accessible","Both Single-Stall All Gender and Multi-Stall W/M","Yes","40.747260","-73.948900",,"Point","[-73.9489,40.7473]",
"Beach 59th St Playground","Park","NYC Parks","Operational","Year Round","8am-4pm, Open later seasonally","Fully Accessible","Multi-Stall W/M Restrooms","Yes","40.588900","-73.789100",,"Point","[-73.7891,40.5889]",
"Beach 30th Street Playground","Park","NYC Parks","Operational","Year Round","8am-4pm, Open later seasonally","Fully Accessible","Multi-Stall W/M Restrooms","Yes","40.592440","-73.762700",,"Point","[-73.7627,40.5924]",
"Beach 17 Playground","Park","NYC Parks","Operational","Year Round","12:00pm-10:00pm","Not Accessible","Multi-Stall W/M Restrooms","Yes","40.594190","-73.750600",,"Point","[-73.7506,40.5942]",
"Beach 9 Playground","Park","NYC Parks","Operational","Seasonal","8am-4pm, Open later seasonally","Not Accessible","Multi-Stall W/M Restrooms","Yes","40.595630","-73.744600",,"Point","[-73.7446,40.5956]",
"Rockaway Beach 04c","Park","NYC Parks","Operational","Seasonal","8am-4pm, Open later seasonally","Partially Accessible","Multi-Stall W/M Restrooms","""Yes, in women's restroom only""","40.587520","-73.795700",,"Point","[-73.7957,40.5875]",
"Rockaway Beach 05b","Park","NYC Parks","Operational","Seasonal","11:00am-8:00pm","Fully Accessible","Multi-Stall W/M Restrooms","""Yes, in women's restroom only""","40.584650","-73.810800",,"Point","[-73.8108,40.5847]",
"Rockaway Beach 06b","Park","NYC Parks","Operational","Seasonal","8am-4pm, Open later seasonally",,,"""Yes, in women's restroom only""","40.582970","-73.817500",,"Point","[-73.8175,40.583]",
"Rockaway Beach 07b","Park","NYC Parks","Operational","Seasonal","8am-4pm, Open later seasonally","Not Accessible","Multi-Stall W/M Restrooms","""Yes, in women's restroom only""","40.580570","-73.826100",,"Point","[-73.8261,40.5806]",
"Big Bush Playground","Park","NYC Parks","Operational","Seasonal","8am-4pm, Open later seasonally","Not Accessible","Multi-Stall W/M Restrooms","""Yes, in women's restroom only""","40.740250","-73.902700",,"Point","[-73.9027,40.7403]",
"Maple Playground","Park","NYC Parks","Operational","Year Round","8am-4pm, Open later seasonally","Fully Accessible","Multi-Stall W/M Restrooms","No","40.755960","-73.826100",,"Point","[-73.8261,40.756]",
"Queens Valley Playground","Park","NYC Parks","Operational","Year Round","8am-4pm, Open later seasonally","Not Accessible","Multi-Stall W/M Restrooms","Yes","40.721910","-73.823900",,"Point","[-73.8239,40.7219]",
"Dutch Kills Playground","Park","NYC Parks","Operational","Year Round","8am-4pm, Open later seasonally","Fully Accessible","Both Single-Stall All Gender and Multi-Stall W/M","Yes","40.757740","-73.933500",,"Point","[-73.9335,40.7577]",
"Dr. Charles R. Drew Park","Park","NYC Parks","Operational","Seasonal","8am-4pm, Open later seasonally","Not Accessible","Multi-Stall W/M Restrooms","No","40.680220","-73.802400",,"Point","[-73.8024,40.6802]",
"Hoover - Manton Playgrounds","Park","NYC Parks","Operational","Year Round","8am-4pm, Open later seasonally","Fully Accessible","Multi-Stall W/M Restrooms","Yes","40.710520","-73.820100",,"Point","[-73.8201,40.7105]",
"Farm Playground","Park","NYC Parks","Operational","Seasonal","8am-4pm, Open later seasonally","Not Accessible","Multi-Stall W/M Restrooms","""Yes, in women's restroom only""","40.736060","-73.777300",,"Point","[-73.7773,40.7361]",
"Hallets Cove Playground (area A)","Park","NYC Parks","Operational","Year Round","8am-4pm, Open later seasonally","Fully Accessible","Both Single-Stall All Gender and Multi-Stall W/M","No","40.771630","-73.934700",,"Point","[-73.9347,40.7716]",
"Westbourne Playground","Park","NYC Parks","Operational","Year Round","8am-4pm, Open later seasonally","Not Accessible","Multi-Stall W/M Restrooms","""Yes, in women's restroom only""","40.608310","-73.764600",,"Point","[-73.7646,40.6083]",
"Saul Weprin Playground","Park","NYC Parks","Operational","Seasonal","8am-4pm, Open later seasonally","Fully Accessible","Multi-Stall W/M Restrooms","Yes","40.747880","-73.776200",,"Point","[-73.7762,40.7479]",
"Silent Springs Playground","Park","NYC Parks","Operational","Seasonal","8am-4pm, Open later seasonally","Fully Accessible","Multi-Stall W/M Restrooms","Yes","40.749650","-73.823200",,"Point","[-73.8232,40.7497]",
"Orchard Bch. Pavilion","Park","NYC Parks","Operational","Seasonal","8am-4pm, Open later seasonally",,,"Yes","40.866270","-73.794700",,"Point","[-73.7947,40.8663]",
"Ella Fitzgerald Playground","Park","NYC Parks","Operational","Year Round","8am-4pm, Open later seasonally","Fully Accessible","Both Single-Stall All Gender and Multi-Stall W/M","""Yes, in women's restroom only""","40.744730","-73.787500",,"Point","[-73.7875,40.7447]",
"Holy Cow Playground","Park","NYC Parks","Operational","Seasonal","8am-4pm, Open later seasonally","Not Accessible","Multi-Stall W/M Restrooms","Yes","40.741370","-73.776400",,"Point","[-73.7764,40.7414]",
"Orchard Bch. Pavilion","Park","NYC Parks","Operational","Seasonal","8am-4pm, Open later seasonally",,,"Yes","40.867180","-73.793800",,"Point","[-73.7938,40.8672]",
"Evergreen Park","Park","NYC Parks","Operational","Year Round","8am-4pm, Open later seasonally","Not Accessible","Multi-Stall W/M Restrooms","""Yes, in men's restroom only""","40.697050","-73.896400",,"Point","[-73.8964,40.697]",
"Travers Park","Park","NYC Parks","Operational","Year Round","8am-4pm, Open later seasonally","Not Accessible","Multi-Stall W/M Restrooms","""Yes, in women's restroom only""","40.754370","-73.889500",,"Point","[-73.8895,40.7544]",
"Ehrenreich-Austin Playground","Park","NYC Parks","Operational","Year Round","8am-4pm, Open later seasonally","Not Accessible","Multi-Stall W/M Restrooms","Yes","40.715790","-73.837000",,"Point","[-73.837,40.7158]",
"Mafera Park","Park","NYC Parks","Operational","Year Round","8am-4pm, Open later seasonally","Not Accessible","Multi-Stall W/M Restrooms","Yes","40.706040","-73.891300",,"Point","[-73.8913,40.706]",
"The Painter's Playground","Park","NYC Parks","Not Operational",,,"Not Accessible","Multi-Stall W/M Restrooms","Yes","40.720420","-73.859700",,"Point","[-73.8597,40.7204]",
"Delphin H. Greene Playground","Park","NYC Parks","Operational","Year Round","8am-4pm, Open later seasonally","Fully Accessible","Both Single-Stall All Gender and Multi-Stall W/M","No","40.684650","-73.728700",,"Point","[-73.7287,40.6846]",
"Playground","Park","NYC Parks","Operational","Seasonal","8am-4pm, Open later seasonally","Fully Accessible","Multi-Stall W/M Restrooms","Yes","40.749160","-73.803800",,"Point","[-73.8038,40.7492]",
"Tall Oak Playground","Park","NYC Parks","Operational","Seasonal","8am-4pm, Open later seasonally","Fully Accessible","Multi-Stall W/M Restrooms","Yes","40.746340","-73.758300",,"Point","[-73.7583,40.7463]",
"Playground Eighty LXXX","Park","NYC Parks","Operational","Seasonal","8am-4pm, Open later seasonally","Fully Accessible","Both Single-Stall All Gender and Multi-Stall W/M","Yes","40.744860","-73.709600",,"Point","[-73.7096,40.7449]",
"Annadale Playground","Park","NYC Parks","Operational","Seasonal","8am-4pm, Open later seasonally","Partially Accessible","Multi-Stall W/M Restrooms","Yes","40.731100","-73.851700",,"Point","[-73.8517,40.7311]",
"Vleigh Playground","Park","NYC Parks","Operational","Year Round","8am-4pm, Open later seasonally","Not Accessible","Multi-Stall W/M Restrooms","""Yes, in men's restroom only""","40.729860","-73.816200",,"Point","[-73.8162,40.7299]",
"Bellaire Playground","Park","NYC Parks","Operational","Year Round","8am-4pm, Open later seasonally","Fully Accessible","Both Single-Stall All Gender and Multi-Stall W/M","Yes","40.721720","-73.758000",,"Point","[-73.758,40.7217]",
"Castlewood Playground","Park","NYC Parks","Operational","Year Round","8am-4pm, Open later seasonally","Fully Accessible","Both Single-Stall All Gender and Multi-Stall W/M","Yes","40.749940","-73.720800",,"Point","[-73.7208,40.7499]",
"Bellerose Playground","Park","NYC Parks","Operational","Seasonal","8am-4pm, Open later seasonally","Fully Accessible","Both Single-Stall All Gender and Multi-Stall W/M","Yes","40.732860","-73.717700",,"Point","[-73.7177,40.7329]",
"Pomonok Playground","Park","NYC Parks","Operational","Year Round","8am-4pm, Open later seasonally","Not Accessible","Multi-Stall W/M Restrooms","No","40.736160","-73.814100",,"Point","[-73.8141,40.7362]",
"Locust Manor Playground","Park","NYC Parks","Operational","Year Round","8am-4pm, Open later seasonally","Not Accessible","Multi-Stall W/M Restrooms","""Yes, in women's restroom only""","40.685930","-73.756200",,"Point","[-73.7562,40.6859]",
"Woodtree Playground","Park","NYC Parks","Not Operational",,,"Not Accessible","Multi-Stall W/M Restrooms","Yes","40.777520","-73.902600",,"Point","[-73.9026,40.7775]",
"Russell Sage Playground","Park","NYC Parks","Operational","Year Round","8am-4pm, Open later seasonally","Not Accessible","Multi-Stall W/M Restrooms","""Yes, in women's restroom only""","40.723960","-73.851600",,"Point","[-73.8516,40.724]",
"Maurice A FitzGerald Playground","Park","NYC Parks","Operational","Year Round","8am-4pm, Open later seasonally","Fully Accessible","Multi-Stall W/M Restrooms","""Yes, in men's restroom only""","40.690260","-73.839500",,"Point","[-73.8395,40.6903]",
"Admiral Playground","Park","NYC Parks","Operational","Year Round","8am-4pm, Open later seasonally","Fully Accessible","Both Single-Stall All Gender and Multi-Stall W/M","""Yes, in men's restroom only""","40.770930","-73.737600",,"Point","[-73.7376,40.7709]",
"Cambria Playground","Park","NYC Parks","Operational","Year Round","8am-4pm, Open later seasonally","Fully Accessible","Both Single-Stall All Gender and Multi-Stall W/M","""Yes, in women's restroom only""","40.688560","-73.742500",,"Point","[-73.7425,40.6886]",
"Torsney Playground","Park","NYC Parks","Operational","Year Round","8am-4pm, Open later seasonally","Not Accessible","Multi-Stall W/M Restrooms","Yes","40.747270","-73.922000",,"Point","[-73.922,40.7473]",
"Electric Playground","Park","NYC Parks","Operational","Year Round","8am-4pm, Open later seasonally","Not Accessible","Multi-Stall W/M Restrooms","No","40.735770","-73.805400",,"Point","[-73.8054,40.7358]",
"Whitestone Playground","Park","NYC Parks","Operational","Year Round","8am-4pm, Open later seasonally","Not Accessible","Multi-Stall W/M Restrooms","""Yes, in women's restroom only""","40.791880","-73.808300",,"Point","[-73.8083,40.7919]",
"Emerald Playground","Park","NYC Parks","Operational","Year Round","8am-4pm, Open later seasonally","Not Accessible","Multi-Stall W/M Restrooms","""Yes, in men's restroom only""","40.730820","-73.806100",,"Point","[-73.8061,40.7308]",
"Redfern Playground","Park","NYC Parks","Operational","Year Round","8am-4pm, Open later seasonally","Fully Accessible","Multi-Stall W/M Restrooms","""Yes, in women's restroom only""","40.611050","-73.749100",,"Point","[-73.7491,40.611]",
"Colden Playground","Park","NYC Parks","Not Operational",,,"Not Accessible","Multi-Stall W/M Restrooms","""Yes, in men's restroom only""","40.770150","-73.827000",,"Point","[-73.827,40.7702]",
"Willow Lake Playground","Park","NYC Parks","Operational","Year Round","8am-4pm, Open later seasonally","Not Accessible","Multi-Stall W/M Restrooms","""Yes, in women's restroom only""","40.722500","-73.837100",,"Point","[-73.8371,40.7225]",
"Telephone Playground","Park","NYC Parks","Operational","Year Round","8am-4pm, Open later seasonally","Fully Accessible","Multi-Stall W/M Restrooms","Yes","40.738600","-73.756600",,"Point","[-73.7566,40.7386]",
"Peters Field","Park","NYC Parks","Operational","Seasonal","8am-4pm, Open later seasonally","Not Accessible","Multi-Stall W/M Restrooms","""Yes, in women's restroom only""","40.706440","-73.774700",,"Point","[-73.7747,40.7064]",
"Playground Seventy Five","Park","NYC Parks","Operational","Year Round","8am-4pm, Open later seasonally","Not Accessible","Multi-Stall W/M Restrooms","Yes","40.726380","-73.808400",,"Point","[-73.8084,40.7264]",
"Alley Park","Park","NYC Parks","Operational","Year Round","8am-4pm, Open later seasonally","Not Accessible","Multi-Stall W/M Restrooms","Yes","40.747000","-73.745600",,"Point","[-73.7456,40.747]",
"Real Good Playground","Park","NYC Parks","Operational","Seasonal","8am-4pm, Open later seasonally","Fully Accessible","Multi-Stall W/M Restrooms","Yes","40.735520","-73.857200",,"Point","[-73.8572,40.7355]",
"Detective William T. Gunn Playground","Park","NYC Parks","Operational","Seasonal","8am-4pm, Open later seasonally","Fully Accessible","Both Single-Stall All Gender and Multi-Stall W/M","Yes","40.732290","-73.731700",,"Point","[-73.7317,40.7323]",
"Haggerty Park","Park","NYC Parks","Operational","Year Round","8am-4pm, Open later seasonally","Fully Accessible","Multi-Stall W/M Restrooms","""Yes, in women's restroom only""","40.713140","-73.758100",,"Point","[-73.7581,40.7131]",
"Crowley Playground","Park","NYC Parks","Operational","Seasonal","8am-4pm, Open later seasonally","Not Accessible","Multi-Stall W/M Restrooms","Yes","40.729310","-73.879900",,"Point","[-73.8799,40.7293]",
"Frontera Park","Park","NYC Parks","Operational","Seasonal","8am-4pm, Open later seasonally","Fully Accessible","Multi-Stall W/M Restrooms","No","40.724880","-73.895400",,"Point","[-73.8954,40.7249]",
"Hoffman Park","Park","NYC Parks","Operational","Year Round","8am-4pm, Open later seasonally","Not Accessible","Multi-Stall W/M Restrooms","No","40.732980","-73.871500",,"Point","[-73.8715,40.733]",
"Moore Homestead Playground","Park","NYC Parks","Operational","Year Round","8am-4pm, Open later seasonally","Not Accessible","Multi-Stall W/M Restrooms","No","40.742340","-73.882400",,"Point","[-73.8824,40.7423]",
"Playground Ninety","Park","NYC Parks","Operational","Year Round","8am-4pm, Open later seasonally","Not Accessible","Multi-Stall W/M Restrooms","""Yes, in women's restroom only""","40.757280","-73.878300",,"Point","[-73.8783,40.7573]",
"Northern Playground","Park","NYC Parks","Operational","Year Round","8am-4pm, Open later seasonally","Not Accessible","Multi-Stall W/M Restrooms","""Yes, in women's restroom only""","40.756290","-73.874500",,"Point","[-73.8745,40.7563]",
"Marie Curie Playground","Park","NYC Parks","Operational","Year Round","8am-4pm, Open later seasonally","Fully Accessible","Multi-Stall W/M Restrooms","Yes","40.757090","-73.771500",,"Point","[-73.7715,40.7571]",
"Louis Pasteur Park","Park","NYC Parks","Operational","Year Round","8am-4pm, Open later seasonally","Fully Accessible","Both Single-Stall All Gender and Multi-Stall W/M","Yes","40.761760","-73.735400",,"Point","[-73.7354,40.7618]",
"Helen Marshall Playground","Park","NYC Parks","Operational","Year Round","8am-4pm, Open later seasonally","Fully Accessible","Multi-Stall W/M Restrooms","Yes","40.765510","-73.871400",,"Point","[-73.8714,40.7655]",
"Playground Sixty Two LXII","Park","NYC Parks","Operational","Year Round","8am-4pm, Open later seasonally","Not Accessible","Multi-Stall W/M Restrooms","Yes","40.736080","-73.852700",,"Point","[-73.8527,40.7361]",
"Ampere Playground","Park","NYC Parks","Operational","Year Round","8am-4pm, Open later seasonally","Fully Accessible","Multi-Stall W/M Restrooms","Yes","40.681440","-73.856800",,"Point","[-73.8568,40.6814]",
"Ditmars Playground","Park","NYC Parks","Operational","Year Round","8am-4pm, Open later seasonally","Partially Accessible","Multi-Stall W/M Restrooms","Yes","40.771560","-73.907300",,"Point","[-73.9073,40.7716]",
"Bayside Fields","Park","NYC Parks","Operational","Seasonal","8am-4pm, Open later seasonally","Fully Accessible","Both Single-Stall All Gender and Multi-Stall W/M","""Yes, in men's restroom only""","40.773050","-73.785000",,"Point","[-73.785,40.773]",
"Clintonville Playground","Park","NYC Parks","Operational","Seasonal","8am-4pm, Open later seasonally","Fully Accessible","Multi-Stall W/M Restrooms","Yes","40.783020","-73.806800",,"Point","[-73.8068,40.783]",
"Joseph Austin Playground","Park","NYC Parks","Operational","Year Round","8am-4pm, Open later seasonally","Partially Accessible","Multi-Stall W/M Restrooms","No","40.715690","-73.801200",,"Point","[-73.8012,40.7157]",
"Montbellier Park","Park","NYC Parks","Operational","Seasonal","8am-4pm, Open later seasonally","Fully Accessible","Multi-Stall W/M Restrooms","Yes","40.674020","-73.756400",,"Point","[-73.7564,40.674]",
"Auburndale Playground","Park","NYC Parks","Operational","Year Round","8am-4pm, Open later seasonally","Not Accessible","Multi-Stall W/M Restrooms","Yes","40.765870","-73.794500",,"Point","[-73.7945,40.7659]",
"Rosemary's Playground","Park","NYC Parks","Operational","Year Round","8am-4pm, Open later seasonally","Not Accessible","Multi-Stall W/M Restrooms","""Yes, in women's restroom only""","40.704620","-73.904400",,"Point","[-73.9044,40.7046]",
"Bay Terrace Playground","Park","NYC Parks","Operational","Year Round","8am-4pm, Open later seasonally","Not Accessible","Multi-Stall W/M Restrooms","Yes","40.782440","-73.777300",,"Point","[-73.7773,40.7824]",
"East Springfield Playground","Park","NYC Parks","Operational","Year Round","8am-4pm, Open later seasonally","Fully Accessible","Both Single-Stall All Gender and Multi-Stall W/M","Yes","40.698690","-73.739900",,"Point","[-73.7399,40.6987]",
"Hollis Playground","Park","NYC Parks","Operational","Seasonal","8am-4pm, Open later seasonally","Not Accessible","Multi-Stall W/M Restrooms","""Yes, in women's restroom only""","40.706720","-73.753100",,"Point","[-73.7531,40.7067]",
"Springfield Park North","Park","NYC Parks","Operational","Year Round","8am-4pm, Open later seasonally","Fully Accessible","Both Single-Stall All Gender and Multi-Stall W/M","Yes","40.663820","-73.759500",,"Point","[-73.7595,40.6638]",
"Lanett Playground","Park","NYC Parks","Operational","Year Round","8am-4pm, Open later seasonally","Fully Accessible","Multi-Stall W/M Restrooms","Yes","40.599300","-73.744200",,"Point","[-73.7442,40.5993]",
"Harold Schneiderman Playground","Park","NYC Parks","Operational","Year Round","8am-4pm, Open later seasonally","Fully Accessible","Both Single-Stall All Gender and Multi-Stall W/M","No","40.664750","-73.850400",,"Point","[-73.8504,40.6647]",
"Rochdale Park","Park","NYC Parks","Operational","Year Round","8am-4pm, Open later seasonally",,,"""Yes, in women's restroom only""","40.674120","-73.774400",,"Point","[-73.7744,40.6741]",
"Louis Armstrong Playground","Park","NYC Parks","Operational","Seasonal","8am-4pm, Open later seasonally","Not Accessible","Multi-Stall W/M Restrooms","No","40.754940","-73.855200",,"Point","[-73.8552,40.7549]",
"Seaside Playground","Park","NYC Parks","Operational","Year Round","8am-4pm, Open later seasonally","Not Accessible","Multi-Stall W/M Restrooms","Yes","40.580720","-73.830500",,"Point","[-73.8305,40.5807]",
"Reiff Playground","Park","NYC Parks","Operational","Year Round","8am-4pm, Open later seasonally","Fully Accessible","Multi-Stall W/M Restrooms","""Yes, in women's restroom only""","40.718860","-73.901900",,"Point","[-73.9019,40.7189]",
"Yellowstone Park","Park","NYC Parks","Not Operational",,,"Fully Accessible","Multi-Stall W/M Restrooms","Yes","40.726240","-73.847900",,"Point","[-73.8479,40.7262]",
"North Rochdale Playground","Park","NYC Parks","Operational","Year Round","8am-4pm, Open later seasonally","Not Accessible","Multi-Stall W/M Restrooms","Yes","40.680070","-73.775100",,"Point","[-73.7751,40.6801]",
"Horace Harding Playground","Park","NYC Parks","Operational","Seasonal","8am-4pm, Open later seasonally","Not Accessible","Multi-Stall W/M Restrooms","No","40.733180","-73.860300",,"Point","[-73.8603,40.7332]",
"Spirit Playground","Park","NYC Parks","Operational","Seasonal","8am-4pm, Open later seasonally","Not Accessible","Multi-Stall W/M Restrooms","No","40.761390","-73.941300",,"Point","[-73.9413,40.7614]",
"Athens Square","Park","NYC Parks","Operational","Year Round","8am-4pm, Open later seasonally","Fully Accessible","Both Single-Stall All Gender and Multi-Stall W/M","Yes","40.768010","-73.921900",,"Point","[-73.9219,40.768]",
"136 St Playground","Park","NYC Parks","Operational","Year Round","8am-4pm, Open later seasonally","Fully Accessible","Multi-Stall W/M Restrooms","Yes","40.784960","-73.832800",,"Point","[-73.8328,40.785]",
"Roy Wilkins Rec Center Zone 2A","Park","NYC Parks","Operational","Year Round","8am-4pm, Open later seasonally","Not Accessible","Multi-Stall W/M Restrooms","Yes","40.687660","-73.772500",,"Point","[-73.7725,40.6877]",
"Corona Golf Playground","Park","NYC Parks","Operational","Year Round","8am-4pm, Open later seasonally","Not Accessible","Multi-Stall W/M Restrooms","No","40.747760","-73.854000",,"Point","[-73.854,40.7478]",
"Hunter's Point South Park Zone 1","Park","NYC Parks","Operational","Year Round","8am-4pm, Open later seasonally",,,"Yes","40.741980","-73.960800",,"Point","[-73.9608,40.742]",
"Elmhurst Park","Park","NYC Parks","Operational","Year Round","8am-4pm, Open later seasonally","Fully Accessible","Both Single-Stall All Gender and Multi-Stall W/M","Yes","40.730520","-73.885100",,"Point","[-73.8851,40.7305]",
"Arverne East Nature Preserve","Park","NYC Parks","Operational","Year Round","8am-4pm, Open later seasonally",,,"Yes","40.592370","-73.775200",,"Point","[-73.7752,40.5924]",
"Playground","Park","NYC Parks","Operational","Year Round","8am-4pm, Open later seasonally","Fully Accessible","Multi-Stall W/M Restrooms","Yes","40.881140","-73.900800",,"Point","[-73.9008,40.8811]",
"Conference House Park Zone 2","Park","NYC Parks","Operational","Year Round","8am-4pm, Open later seasonally",,,"Yes","40.502280","-74.251700",,"Point","[-74.2517,40.5023]",
"Walker Park","Park","NYC Parks","Operational","Year Round","8am-4pm, Open later seasonally","Not Accessible","Multi-Stall W/M Restrooms","No","40.643730","-74.108800",,"Point","[-74.1088,40.6437]",
"Cedar Grove Beach Zone 2","Park","NYC Parks","Operational","Seasonal","8am-4pm, Open later seasonally",,,,"40.559620","-74.101600",,"Point","[-74.1016,40.5596]",
"Silver Lake Park Playground","Park","NYC Parks","Operational","Year Round","8am-4pm, Open later seasonally","Not Accessible","Multi-Stall W/M Restrooms","Yes","40.628280","-74.099000",,"Point","[-74.099,40.6283]",
"Mahoney Playground","Park","NYC Parks","Operational","Year Round","8am-4pm, Open later seasonally","Fully Accessible","Multi-Stall W/M Restrooms","No","40.643480","-74.086200",,"Point","[-74.0862,40.6435]",
"Gerard P. Dugan Playground","Park","NYC Parks","Operational","Year Round","8am-4pm, Open later seasonally","Fully Accessible","Multi-Stall W/M Restrooms","Yes","40.561560","-74.111500",,"Point","[-74.1115,40.5616]",
"Playground For All Children","Park","NYC Parks","Operational","Year Round","8am-4pm, Open later seasonally","Fully Accessible","Multi-Stall W/M Restrooms","Yes","40.848470","-73.825300",,"Point","[-73.8253,40.8485]",
"Playground For All Children","Park","NYC Parks","Operational","Seasonal","8am-4pm, Open later seasonally","Not Accessible","Multi-Stall W/M Restrooms","No","40.740890","-73.849500",,"Point","[-73.8495,40.7409]",
"Levy Playground","Park","NYC Parks","Operational","Year Round","8am-4pm, Open later seasonally","Fully Accessible","Multi-Stall W/M Restrooms","Yes","40.633810","-74.129100",,"Point","[-74.1291,40.6338]",
"Austin J. McDonald Playground","Park","NYC Parks","Operational","Year Round","8am-4pm, Open later seasonally","Fully Accessible","Multi-Stall W/M Restrooms","Yes","40.629530","-74.115100",,"Point","[-74.1151,40.6295]",
"De Matti Park","Park","NYC Parks","Operational","Year Round","8am-4pm, Open later seasonally","Fully Accessible","Multi-Stall W/M Restrooms","Yes","40.614750","-74.073900",,"Point","[-74.0739,40.6148]",
"Sunken Meadow","Park","NYC Parks","Operational","Year Round","8am-4pm, Open later seasonally","Fully Accessible","Multi-Stall W/M Restrooms","Yes","40.795550","-73.918900",,"Point","[-73.9189,40.7955]",
"Midland Field","Park","NYC Parks","Not Operational",,,"Fully Accessible","Multi-Stall W/M Restrooms","Yes","40.576590","-74.099500",,"Point","[-74.0995,40.5766]",
"Schmul Park","Park","NYC Parks","Operational","Year Round","8am-4pm, Open later seasonally","Fully Accessible","Multi-Stall W/M Restrooms","Yes","40.590110","-74.187900",,"Point","[-74.1879,40.5901]",
"Sunken Meadow","Park","NYC Parks","Operational","Seasonal","6:00am-11:00pm","Fully Accessible",,"Yes","40.793030","-73.919000",,"Point","[-73.919,40.793]",
"South Beach Zone 1","Park","NYC Parks","Operational","Year Round","8am-4pm, Open later seasonally","Fully Accessible","Multi-Stall W/M Restrooms","Yes","40.592410","-74.063600",,"Point","[-74.0636,40.5924]",
"South Beach Zone 2","Park","NYC Parks","Operational","Seasonal","8am-4pm, Open later seasonally","Fully Accessible","Multi-Stall W/M Restrooms","Yes","40.588860","-74.066800",,"Point","[-74.0668,40.5889]",
"South Beach Zone 3","Park","NYC Parks","Operational","Year Round","8am-4pm, Open later seasonally","Fully Accessible","Multi-Stall W/M Restrooms",,"40.579800","-74.075900",,"Point","[-74.0759,40.5798]",
"Midland Beach Zone 4","Park","NYC Parks","Not Operational",,,,,,"40.573950","-74.083600",,"Point","[-74.0836,40.574]",
"Rev. Dr. Maggie Howard Playground","Park","NYC Parks","Operational","Year Round","8am-4pm, Open later seasonally","Fully Accessible","Multi-Stall W/M Restrooms","Yes","40.622680","-74.079200",,"Point","[-74.0792,40.6227]",
"Arrochar Playground","Park","NYC Parks","Operational","Year Round","8am-4pm, Open later seasonally","Fully Accessible","Multi-Stall W/M Restrooms","Yes","40.597840","-74.071200",,"Point","[-74.0712,40.5978]",
"Old Town Playground","Park","NYC Parks","Operational","Year Round","8am-4pm, Open later seasonally","Fully Accessible","Multi-Stall W/M Restrooms","Yes","40.595490","-74.081500",,"Point","[-74.0815,40.5955]",
"Christopher J. Igneri Playground","Park","NYC Parks","Operational","Year Round","8am-4pm, Open later seasonally","Fully Accessible","Multi-Stall W/M Restrooms","Yes","40.608730","-74.119500",,"Point","[-74.1195,40.6087]",
"Willowbrook Park Recreational Area","Park","NYC Parks","Not Operational",,,"Fully Accessible","Multi-Stall W/M Restrooms","Yes","40.604170","-74.158600",,"Point","[-74.1586,40.6042]",
"Gen. Douglas MacArthur Park","Park","NYC Parks","Operational","Year Round","8am-4pm, Open later seasonally","Fully Accessible","Multi-Stall W/M Restrooms","Yes","40.585930","-74.100800",,"Point","[-74.1008,40.5859]",
"The Big Park","Park","NYC Parks","Operational","Year Round","8am-4pm, Open later seasonally","Fully Accessible","Multi-Stall W/M Restrooms","Yes","40.630960","-74.165100",,"Point","[-74.1651,40.631]",
"Terrace Playground","Park","NYC Parks","Operational","Year Round","8am-4pm, Open later seasonally","Not Accessible","Multi-Stall W/M Restrooms","Yes","40.613560","-74.098300",,"Point","[-74.0983,40.6136]",
"Markham Playground","Park","NYC Parks","Operational","Year Round","8am-4pm, Open later seasonally","Not Accessible","Multi-Stall W/M Restrooms","Yes","40.623070","-74.146300",,"Point","[-74.1463,40.6231]",
"E.M.T. Christopher J. Prescott Playground","Park","NYC Parks","Operational","Year Round","8am-4pm, Open later seasonally","Fully Accessible","Multi-Stall W/M Restrooms","Yes","40.522490","-74.185800",,"Point","[-74.1858,40.5225]",
"Dongan Playground","Park","NYC Parks","Operational","Year Round","8am-4pm, Open later seasonally","Fully Accessible","Multi-Stall W/M Restrooms","Yes","40.582810","-74.089800",,"Point","[-74.0898,40.5828]",
"Greencroft Playground","Park","NYC Parks","Operational","Year Round","8am-4pm, Open later seasonally",,,"Yes","40.552060","-74.136100",,"Point","[-74.1361,40.5521]",
"St Nicholas","Park","NYC Parks","Operational","Year Round","8am-4pm, Open later seasonally","Not Accessible","Multi-Stall W/M Restrooms","Yes","40.815640","-73.949000",,"Point","[-73.949,40.8156]",
"Corporal Thompson Playground","Park","NYC Parks","Operational","Year Round","8am-4pm, Open later seasonally","Fully Accessible","Multi-Stall W/M Restrooms","Yes","40.638520","-74.117900",,"Point","[-74.1179,40.6385]",
"Jennifer's Playground","Park","NYC Parks","Operational","Year Round","8am-4pm, Open later seasonally","Fully Accessible","Multi-Stall W/M Restrooms","Yes","40.620340","-74.163500",,"Point","[-74.1635,40.6203]",
"Fairview Park Zone 1","Park","NYC Parks","Operational","Year Round","8am-4pm, Open later seasonally",,,"Yes","40.531650","-74.232600",,"Point","[-74.2326,40.5316]",
"Monsignor Raul Del Valle Square","Park","NYC Parks","Not Operational",,,,,"""N/A, restrooms closed""","40.820700","-73.890600",,"Point","[-73.8906,40.8207]",
"Walter Gladwin Park","Park","NYC Parks","Not Operational",,,,,,"40.846448","-73.895980",,"Point","[-73.896,40.8464]",
"Crotona Malls Zone 1","Park","NYC Parks","Not Operational",,,"Fully Accessible","Multi-Stall W/M Restrooms","""N/A, restrooms closed""","40.842840","-73.885500",,"Point","[-73.8855,40.8428]",
"Railroad Park","Park","NYC Parks","Not Operational",,,,,"""N/A, restrooms closed""","40.824930","-73.915600",,"Point","[-73.9156,40.8249]",
"Mosholu Parkway Zone 4","Park","NYC Parks","Not Operational",,,,,"""N/A, restrooms closed""","40.868950","-73.881300",,"Point","[-73.8813,40.8689]",
"Zimmerman Playground","Park","NYC Parks","Not Operational",,,"Fully Accessible","Multi-Stall W/M Restrooms","No","40.866090","-73.868700",,"Point","[-73.8687,40.8661]",
"Van Cortlandt Stadium","Park","NYC Parks","Not Operational",,,"Fully Accessible","Multi-Stall W/M Restrooms","""N/A, restrooms closed""","40.888290","-73.898100",,"Point","[-73.8981,40.8883]",
"St Nicholas","Park","NYC Parks","Operational","Year Round","8am-4pm, Open later seasonally","Not Accessible","Multi-Stall W/M Restrooms","Yes","40.813710","-73.950900",,"Point","[-73.9509,40.8137]",
"Kelly Park Playground","Park","NYC Parks","Not Operational",,,"Not Accessible","Multi-Stall W/M Restrooms","No","40.603680","-73.957600",,"Point","[-73.9576,40.6037]",
"Martinez Playground","Park","NYC Parks","Not Operational",,,,,"No","40.708990","-73.944400",,"Point","[-73.9444,40.709]",
"Ocean Hill Playground","Park","NYC Parks","Not Operational",,,"Fully Accessible","Multi-Stall W/M Restrooms","No","40.674570","-73.912000",,"Point","[-73.912,40.6746]",
"Garibaldi Playground","Park","NYC Parks","Not Operational",,,"Not Accessible","Multi-Stall W/M Restrooms","Yes","40.608930","-74.000000",,"Point","[-74,40.6089]",
"John Hancock Playground","Park","NYC Parks","Not Operational",,,,,,"40.682231","-73.955236",,"Point","[-73.9552,40.6822]",
"Jerome Playground","Park","NYC Parks","Not Operational",,,"Fully Accessible","Multi-Stall W/M Restrooms","No","40.658910","-73.879400",,"Point","[-73.8794,40.6589]",
"Sankofa Park","Park","NYC Parks","Not Operational",,,"Fully Accessible","Multi-Stall W/M Restrooms","No","40.665460","-73.886000",,"Point","[-73.886,40.6655]",
"Marlboro Playground","Park","NYC Parks","Not Operational",,,"Not Accessible","Multi-Stall W/M Restrooms","No","40.591360","-73.981100",,"Point","[-73.9811,40.5914]",
"Grady Playground","Park","NYC Parks","Not Operational",,,"Not Accessible","Multi-Stall W/M Restrooms","No","40.582540","-73.964400",,"Point","[-73.9644,40.5825]",
"Luna Playground","Park","NYC Parks","Not Operational",,,"Not Accessible","Multi-Stall W/M Restrooms","No","40.576070","-73.978800",,"Point","[-73.9788,40.5761]",
"Osborn Playground","Park","NYC Parks","Not Operational",,,"Fully Accessible","Multi-Stall W/M Restrooms","Yes","40.656090","-73.906200",,"Point","[-73.9062,40.6561]",
"Ethan Allen Playground","Park","NYC Parks","Not Operational",,,"Fully Accessible","Multi-Stall W/M Restrooms","Yes","40.655780","-73.886800",,"Point","[-73.8868,40.6558]",
"De Hostos Playground","Park","NYC Parks","Not Operational",,,,,"No","40.702540","-73.949500",,"Point","[-73.9495,40.7025]",
"Chester Playground","Park","NYC Parks","Not Operational",,,"Fully Accessible","Multi-Stall W/M Restrooms","Yes","40.669030","-73.911900",,"Point","[-73.9119,40.669]",
"Allen Street Malls","Park","NYC Parks","Not Operational",,,,,"N/A","40.719550","-73.990200",,"Point","[-73.9902,40.7195]",
"Quisqueya Playground","Park","NYC Parks","Not Operational",,,"Not Accessible","Multi-Stall W/M Restrooms","Yes","40.847230","-73.931200",,"Point","[-73.9312,40.8472]",
"Payson Playground","Park","NYC Parks","Not Operational",,,,,"Yes","40.867410","-73.929100",,"Point","[-73.9291,40.8674]",
"Inwood Hill Park Zone 2","Park","NYC Parks","Operational","Year Round","8am-4pm, Open later seasonally",,,"Yes","40.874010","-73.920100",,"Point","[-73.9201,40.874]",
"Morningside Playground","Park","NYC Parks","Operational","Seasonal","8am-4pm, Open later seasonally","Not Accessible","Multi-Stall W/M Restrooms","Yes","40.806790","-73.957800",,"Point","[-73.9578,40.8068]",
"St. Vartan Park","Park","NYC Parks","Operational","Year Round","8am-4pm, Open later seasonally","Partially Accessible","Multi-Stall W/M Restrooms","Yes","40.744960","-73.973300",,"Point","[-73.9733,40.745]",
"The High Line Zone 1","Park","NYC Parks","Operational","Year Round","8am-4pm, Open later seasonally",,,,"40.739490","-74.008200",,"Point","[-74.0082,40.7395]",
"The High Line Zone 1","Park","NYC Parks","Operational","Year Round","8am-4pm, Open later seasonally",,,,"40.743640","-74.006900",,"Point","[-74.0069,40.7436]",
"The Ramble","Park","NYC Parks","Operational","Year Round","6:00am-1:00am","Fully Accessible",,,"40.775360","-73.968800",,"Point","[-73.9688,40.7754]",
"Scylla Playground","Park","NYC Parks","Not Operational",,,"Fully Accessible","Multi-Stall W/M Restrooms","Yes","40.783720","-73.926200",,"Point","[-73.9262,40.7837]",
"East River Park Zone 2","Park","NYC Parks","Not Operational",,,"Fully Accessible","Multi-Stall W/M Restrooms","N/A - closed for capital","40.712810","-73.976100",,"Point","[-73.9761,40.7128]",
"Frederick Johnson Playground","Park","NYC Parks","Operational","Year Round","8am-4pm, Open later seasonally","Fully Accessible","Multi-Stall W/M Restrooms","Yes","40.824670","-73.934800",,"Point","[-73.9348,40.8247]",
"Sheltering Arms Playground","Park","NYC Parks","Operational","Year Round","8am-4pm, Open later seasonally","Fully Accessible","Multi-Stall W/M Restrooms","Yes","40.815340","-73.956000",,"Point","[-73.956,40.8153]",
"Monsignor Kett Playground","Park","NYC Parks","Not Operational",,"8am-4pm, Open later seasonally","Not Accessible","Multi-Stall W/M Restrooms",,"40.862642","-73.920891",,"Point","[-73.9209,40.8626]",
"Matthew P. Sapolin Playground","Park","NYC Parks","Not Operational",,,"Fully Accessible","Multi-Stall W/M Restrooms","Yes","40.777700","-73.984100",,"Point","[-73.9841,40.7777]",
"P.S. 155 Playground","Park","NYC Parks","Operational","Year Round","8am-4pm, Open later seasonally","Fully Accessible","Both Single-Stall All Gender and Multi-Stall W/M","Yes","40.797540","-73.935300",,"Point","[-73.9353,40.7975]",
"210 St Playground","Park","NYC Parks","Operational","Year Round","8am-4pm, Open later seasonally","Not Accessible","Multi-Stall W/M Restrooms","No","40.739240","-73.765100",,"Point","[-73.7651,40.7392]",
"The Ramble","Park","NYC Parks","Operational","Year Round","8am-4pm, Open later seasonally",,,,"40.778410","-73.967700",,"Point","[-73.9677,40.7784]",
"Kissena Park Zone 2 (Tennis Courts)","Park","NYC Parks","Not Operational",,,"Not Accessible","Multi-Stall W/M Restrooms","""Yes, in women's restroom only""","40.747270","-73.808600",,"Point","[-73.8086,40.7473]",
"Rainey Park Playground","Park","NYC Parks","Not Operational",,,"Not Accessible","Multi-Stall W/M Restrooms","No","40.765350","-73.941000",,"Point","[-73.941,40.7653]",
"Captain Tilly Park","Park","NYC Parks","Operational","Year Round","8am-4pm, Open later seasonally","Fully Accessible","Multi-Stall W/M Restrooms","No","40.711440","-73.798200",,"Point","[-73.7982,40.7114]",
"World's Fair Playground","Park","NYC Parks","Operational","Year Round","8am-4pm, Open later seasonally","Not Accessible","Multi-Stall W/M Restrooms","Yes","40.737170","-73.845800",,"Point","[-73.8458,40.7372]",
"Lawrence Playground","Park","NYC Parks","Not Operational",,,"Fully Accessible","Multi-Stall W/M Restrooms","Yes","40.748450","-73.833700",,"Point","[-73.8337,40.7484]",
"Howard Von Dohlen Playground","Park","NYC Parks","Operational","Seasonal","8am-4pm, Open later seasonally","Fully Accessible","Multi-Stall W/M Restrooms","No","40.699650","-73.813100",,"Point","[-73.8131,40.6996]",
"Marconi Park","Park","NYC Parks","Not Operational",,,"Not Accessible","Multi-Stall W/M Restrooms","No","40.693290","-73.795600",,"Point","[-73.7956,40.6933]",
"St. Michael's Playground","Park","NYC Parks","Not Operational",,,"Not Accessible","Multi-Stall W/M Restrooms","Yes","40.758310","-73.900300",,"Point","[-73.9003,40.7583]",
"Fresh Meadows Playground","Park","NYC Parks","Operational","Year Round","8am-4pm, Open later seasonally","Not Accessible","Multi-Stall W/M Restrooms","Yes","40.734450","-73.796200",,"Point","[-73.7962,40.7345]",
"Judge Moses Weinstein Playground","Park","NYC Parks","Operational","Year Round","8am-4pm, Open later seasonally","Fully Accessible","Multi-Stall W/M Restrooms","Yes","40.718690","-73.820400",,"Point","[-73.8204,40.7187]",
"Challenge Playground","Park","NYC Parks","Operational","Seasonal","8am-4pm, Open later seasonally","Fully Accessible","Both Single-Stall All Gender and Multi-Stall W/M","Yes","40.756910","-73.728100",,"Point","[-73.7281,40.7569]",
"Hammel Playground","Park","NYC Parks","Operational","Year Round","8am-4pm, Open later seasonally","Not Accessible","Multi-Stall W/M Restrooms","""Yes, in men's restroom only""","40.588190","-73.809400",,"Point","[-73.8094,40.5882]",
"Rockaway Community Playground","Park","NYC Parks","Not Operational",,,,,,"40.598300","-73.784800",,"Point","[-73.7848,40.5983]",
"Bayside Playground","Park","NYC Parks","Operational","Seasonal","8am-4pm, Open later seasonally","Fully Accessible","Multi-Stall W/M Restrooms","No","40.584980","-73.825000",,"Point","[-73.825,40.585]",
"South Rochdale Playground","Park","NYC Parks","Not Operational",,,"Not Accessible","Multi-Stall W/M Restrooms",,"40.674050","-73.768900",,"Point","[-73.7689,40.6741]",
"Tompkins Square Park","Park","NYC Parks","Operational","Year Round","8am-4pm, Open later seasonally","Fully Accessible","Multi-Stall W/M Restrooms",,"40.726830","-73.981400",,"Point","[-73.9814,40.7268]",
"Fort Totten Park Zone 1","Park","NYC Parks","Not Operational",,,,,,"40.795270","-73.777500",,"Point","[-73.7775,40.7953]",
"College Point Fields","Park","NYC Parks","Not Operational",,,"Fully Accessible","Multi-Stall W/M Restrooms","Yes","40.775820","-73.837300",,"Point","[-73.8373,40.7758]",
"Tompkins Square Park","Park","NYC Parks","Not Operational",,,"Fully Accessible","Multi-Stall W/M Restrooms",,"40.726830","-73.981400",,"Point","[-73.9814,40.7268]",
"Tappen Park","Park","NYC Parks","Not Operational",,,,,"""N/A, restrooms closed""","40.626610","-74.077800",,"Point","[-74.0778,40.6266]",
"High Rock Park","Park","NYC Parks","Not Operational",,"8am-4pm, Open later seasonally","Fully Accessible","Multi-Stall W/M Restrooms","""N/A, restrooms closed""","40.582768","-74.122539",,"Point","[-74.1225,40.5828]",
"Lieutenant John H. Martinson Playground","Park","NYC Parks","Operational","Year Round","8am-4pm, Open later seasonally","Fully Accessible","Multi-Stall W/M Restrooms","Yes","40.537190","-74.162400",,"Point","[-74.1624,40.5372]",
"Prall Playground","Park","NYC Parks","Not Operational",,,"Not Accessible","Multi-Stall W/M Restrooms","""N/A, restrooms closed""","40.628790","-74.117700",,"Point","[-74.1177,40.6288]",
"Castle Clinton National Monument","Park","The Battery Conservancy","Operational","Year Round","9am - 4:30pm",,,,"40.703407","-74.016429",,"Point","[-74.0164,40.7034]",
"Ferry Terminal","Park","Battery Park City Authority","Operational","Year Round",,,,,"40.714980","-74.017530",,"Point","[-74.0175,40.715]",
"Teardrop Park - Solaire Building","Park","Battery Park City Authority","Operational","Year Round",,,,,"40.716911","-74.016184",,"Point","[-74.0162,40.7169]",
"Central Park Chess & Checkers House","Park","Central Park Conservancy","Operational","Year Round","7:30am - dusk","Fully Accessible","Both Single-Stall All Gender and Multi-Stall W/M",,"40.769114","-73.974619",,"Point","[-73.9746,40.7691]",
"Brooklyn Bridge Park Pier 6 - Quay Tower","Park","Brooklyn Bridge Park","Operational","Year Round","6am-1am","Fully Accessible",,,"40.692827","-74.000721",,"Point","[-74.0007,40.6928]",
"Brooklyn Bridge Park Pier 5 - Boathouse/Uplands","Park","Brooklyn Bridge Park","Operational","Year Round",,"Fully Accessible",,,"40.695841","-73.999127",,"Point","[-73.9991,40.6958]",
"Brooklyn Bridge Park Pier 2 - Uplands","Park","Brooklyn Bridge Park","Operational","Year Round",,"Fully Accessible",,,"40.700859","-73.996308",,"Point","[-73.9963,40.7009]",
"Brooklyn Bridge Park Pier 1","Park","Brooklyn Bridge Park","Operational","Year Round","6am-1am","Fully Accessible",,,"40.702670","-73.995220",,"Point","[-73.9952,40.7027]",
"Moynihan Connector","Park","Friends of the High Line","Operational","Year Round",,,,,"40.752417","-73.999290",,"Point","[-73.9993,40.7524]",
"Refinery Building","Park","Domino Park","Operational","Year Round","6am-11pm",,,,"40.714424","-73.967306",,"Point","[-73.9673,40.7144]",
"Hudson River Park Pier 25","Park","Hudson River Park","Operational","Year Round","7:30am - 11pm","Fully Accessible",,,"40.719928","-74.012697",,"Point","[-74.0127,40.7199]",
"Hudson River Park Pier 40 - Courtyard Tunnel, Second Floor","Park","Hudson River Park","Operational","Year Round","6am - 12am, 8am - 11pm","Fully Accessible",,,"40.728807","-74.011616",,"Point","[-74.0116,40.7288]",
"Hudson River Park Pier 45","Park","Hudson River Park","Operational","Year Round","7am - 12am","Fully Accessible",,,"40.732905","-74.010783",,"Point","[-74.0108,40.7329]",
"Hudson River Park Pier 51","Park","Hudson River Park","Operational","Year Round","7:30am - 8pm","Fully Accessible",,,"40.737997","-74.010384",,"Point","[-74.0104,40.738]",
"Little Island","Park","Hudson River Park","Operational","Year Round","6am - 11pm","Fully Accessible",,,"40.741724","-74.010743",,"Point","[-74.0107,40.7417]",
"Pier 57 - Ground Floor, Rooftop","Park","Hudson River Park","Operational","Year Round","6am - 1am, 7am - 10pm","Fully Accessible",,,"40.743540","-74.010294",,"Point","[-74.0103,40.7435]",
"Chelsea Piers at Pier 61","Park","Hudson River Park","Operational","Year Round","10am - 8pm","Fully Accessible",,,"40.748592","-74.008764",,"Point","[-74.0088,40.7486]",
"Chelsea Waterside Park","Park","Hudson River Park","Operational","Year Round","8am - 12am","Fully Accessible",,,"40.749360","-74.007768",,"Point","[-74.0078,40.7494]",
"Hudson River Park Pier 83","Park","Hudson River Park","Operational","Year Round","9:30am - 9:30pm","Fully Accessible",,,"40.762739","-74.001471",,"Point","[-74.0015,40.7627]",
"Hudson River Park Pier 84","Park","Hudson River Park","Operational","Year Round","9:30am - 10pm","Fully Accessible",,,"40.763121","-74.000654",,"Point","[-74.0007,40.7631]",
"Hudson River Park Pier 97 - Portaloo","Park","Hudson River Park","Operational","Year Round","6am - 1am","Fully Accessible",,,"40.771441","-73.995107",,"Point","[-73.9951,40.7714]",
"Hunters Point South","Park","Private developer","Operational","Year Round",,,,,"40.738411","-73.960924",,"Point","[-73.9609,40.7384]",
"Herald Square","Park","34th Street Partnership","Operational","Year Round","8am-9pm","Fully Accessible","Multi-Stall All Gender Restrooms",,"40.750455","-73.987505",,"Point","[-73.9875,40.7505]",
"Greeley Square Park","Park","34th Street Partnership","Operational","Year Round","8am-9pm","Fully Accessible","Multi-Stall All Gender Restrooms",,"40.748533","-73.988460",,"Point","[-73.9885,40.7485]",
"Nellie Bly Amusement Park","Park","NYC Parks Concessionaire","Operational","Seasonal","Weekdays - 12pm-Dusk Weekends 11am-Dusk","Not Accessible","Multi-Stall W/M Restrooms","Yes","40.590614","-73.994912",,"Point","[-73.9949,40.5906]",
"Schmidts Lane Recreation Fac.","Park","NYC Parks Concessionaire","Operational","Year Round","https://sifunpark.com/2023-hours/","Partially Accessible","Multi-Stall W/M Restrooms","Yes","40.609563","-74.119642",,"Point","[-74.1196,40.6096]",
"Steeplechase Park Carousel","Park","NYC Parks Concessionaire","Operational","Seasonal","11:00am - 10:00pm midnight on weekends","Fully Accessible","Multi-Stall W/M Restrooms","Yes","40.573119","-73.983244",,"Point","[-73.9832,40.5731]",
"Alley Pond Park Driving Range","Park","NYC Parks Concessionaire","Operational","Year Round","6:30am-11:30pm","Fully Accessible","Both Single-Stall All Gender and Multi-Stall W/M","No","40.765302","-73.749189",,"Point","[-73.7492,40.7653]",
"Turtle Cove Driving Range","Park","NYC Parks Concessionaire","Operational","Year Round","7:00am - 10:00pm Daily","Fully Accessible","Multi-Stall W/M Restrooms","No","40.864417","-73.807479",,"Point","[-73.8075,40.8644]",
"Dyker Beach Golf Course","Park","NYC Parks Concessionaire","Operational","Year Round","5:30am - 7:00pm Daily","Fully Accessible","Multi-Stall W/M Restrooms","No","40.612719","-74.019631",,"Point","[-74.0196,40.6127]",
"Marine Park Golf Course","Park","NYC Parks Concessionaire","Operational","Year Round","6:00am-7:00pm Daily","Fully Accessible","Multi-Stall W/M Restrooms","No","40.599348","-73.912962",,"Point","[-73.913,40.5993]",
"Clearview Golf Course","Park","NYC Parks Concessionaire","Operational","Year Round","6:00am-8:00pm Daily","Fully Accessible","Multi-Stall W/M Restrooms","No","40.781915","-73.788413",,"Point","[-73.7884,40.7819]",
"Forest Park Golf Course","Park","NYC Parks Concessionaire","Operational","Year Round","6:00am-8:00pm Daily","Fully Accessible","Multi-Stall W/M Restrooms","No","40.699719","-73.864080",,"Point","[-73.8641,40.6997]",
"Kissena Park Golf Course","Park","NYC Parks Concessionaire","Operational","Year Round","6:00am-8:00pm Daily","Fully Accessible","Multi-Stall W/M Restrooms","No","40.744678","-73.799234",,"Point","[-73.7992,40.7447]",
"Flushing Meadows Golf Course","Park","NYC Parks Concessionaire","Operational","Year Round","8:00am-11:00pm Daily","Fully Accessible","Multi-Stall W/M Restrooms","No","40.751447","-73.840083",,"Point","[-73.8401,40.7514]",
"Douglaston Golf Course","Park","NYC Parks Concessionaire","Operational","Year Round","6:00am-8:00pm Daily","Fully Accessible","Multi-Stall W/M Restrooms","No","40.752189","-73.732671",,"Point","[-73.7327,40.7522]",
"La Tourette Golf Course","Park","NYC Parks Concessionaire","Operational","Year Round","6:00am-8:00pm Daily","Fully Accessible","Multi-Stall W/M Restrooms","No","40.577587","-74.149616",,"Point","[-74.1496,40.5776]",
"Silver Lake Golf Course","Park","NYC Parks Concessionaire","Operational","Year Round","6:00am-8:00pm Daily","Fully Accessible","Multi-Stall W/M Restrooms","No","40.623055","-74.099068",,"Point","[-74.0991,40.6231]",
"South Shore Golf Course","Park","NYC Parks Concessionaire","Operational","Year Round","6:00am-8:00pm Daily","Fully Accessible","Both Single-Stall All Gender and Multi-Stall W/M","No","40.551065","-74.205152",,"Point","[-74.2052,40.5511]",
"Pelham Bay/ Split Rock Golf","Park","NYC Parks Concessionaire","Operational","Year Round","6:00am-8:00pm Daily","Fully Accessible","Multi-Stall W/M Restrooms","""Yes, in women's restroom only""","40.880138","-73.806141",,"Point","[-73.8061,40.8801]",
"Van Cortlandt Golf Course","Park","NYC Parks Concessionaire","Operational","Year Round","6:00am-8:00pm Daily","Fully Accessible","Multi-Stall W/M Restrooms","No","40.896614","-73.887601",,"Point","[-73.8876,40.8966]",
"Mosholu Golf Course","Park","NYC Parks Concessionaire","Operational","Year Round","7:00am-8:00pm Daily","Fully Accessible","Multi-Stall W/M Restrooms","No","40.887057","-73.884205",,"Point","[-73.8842,40.8871]",
"Ferry Point Golf Course","Park","NYC Parks Concessionaire","Operational","Year Round","6:30am-10:00pm Daily","Fully Accessible","Both Single-Stall All Gender and Multi-Stall W/M","No","40.815276","-73.831236",,"Point","[-73.8312,40.8153]",
"Shore Parkway Gas Station","Park","NYC Parks Concessionaire","Operational","Year Round","24 Hours","Not Accessible","Multi-Stall W/M Restrooms","No","40.592538","-73.908240",,"Point","[-73.9082,40.5925]",
"Cunningham Gas Station","Park","NYC Parks Concessionaire","Operational","Year Round","24 Hours","Not Accessible","Multi-Stall W/M Restrooms","""Yes, in women's restroom only""","40.725062","-73.771671",,"Point","[-73.7717,40.7251]",
"Wolfe's Pond Park Zone 2","Park","NYC Parks","Operational","Seasonal","8am-4pm, Open later seasonally","Fully Accessible","Multi-Stall W/M Restrooms",,"40.516140","-74.189400",,"Point","[-74.1894,40.5161]",
"Wolfe's Pond Park Zone 2","Park","NYC Parks","Operational","Year Round","8am-4pm, Open later seasonally",,,"Yes","40.517390","-74.191000",,"Point","[-74.191,40.5174]",
"Hutchinson River Parkway Gas","Park","NYC Parks Concessionaire","Operational","Year Round","24 Hours","Fully Accessible","Multi-Stall W/M Restrooms","No","40.836702","-73.838373",,"Point","[-73.8384,40.8367]",
"Major Deegan No. Gas Station","Park","NYC Parks Concessionaire","Operational","Year Round","24 Hours","Fully Accessible","Multi-Stall W/M Restrooms","No","40.895123","-73.881497",,"Point","[-73.8815,40.8951]",
"Major Deegan So. Gas Station","Park","NYC Parks Concessionaire","Operational","Year Round","24 Hours","Fully Accessible","Multi-Stall W/M Restrooms","No","40.894936","-73.882580",,"Point","[-73.8826,40.8949]",
"Prospect Park Lakeside Center","Park","NYC Parks Concessionaire","Operational","Year Round","9:00am-7:00pm","Fully Accessible","Multi-Stall W/M Restrooms","Yes","40.657069","-73.964180",,"Point","[-73.9642,40.6571]",
"Abe Stark Skating Rink","Park","NYC Parks Concessionaire","Operational","Seasonal","12:30pm-4:00pm","Not Accessible","Multi-Stall W/M Restrooms","No","40.573053","-73.985895",,"Point","[-73.9859,40.5731]",
"Central Park Ice Rinks","Park","NYC Parks Concessionaire","Operational","Year Round","M-T 10:00am-2:20pm W-S 10:00am-10:00pm","Fully Accessible","Multi-Stall W/M Restrooms","""Yes, in women's restroom only""","40.767815","-73.974490",,"Point","[-73.9745,40.7678]",
"Flushing Meadows Ice Rink","Park","NYC Parks Concessionaire","Operational","Year Round","M-F 10:30am-5:15pm S-S 12:00pm-8:00pm","Fully Accessible","Multi-Stall W/M Restrooms","""Yes, in women's restroom only""","40.751909","-73.837891",,"Point","[-73.8379,40.7519]",
"Clove Lakes Rink","Park","NYC Parks Concessionaire","Operational","Seasonal","Friday 4:00-10:00pm, Saturday 12:00pm-10:00pm, Sunday 12:00pm-6:00pm","Fully Accessible","Multi-Stall W/M Restrooms","No","40.615832","-74.107900",,"Point","[-74.1079,40.6158]",
"Mccarren Park Indoor Tennis","Park","NYC Parks Concessionaire","Operational","Seasonal","6:00am-12:00am","Partially Accessible","Both Single-Stall All Gender and Multi-Stall W/M","No","40.721812","-73.954618",,"Point","[-73.9546,40.7218]",
"Prospect Park Indoor Tennis","Park","NYC Parks Concessionaire","Operational","Year Round","7:00am-11:00pm","Fully Accessible","Both Single-Stall All Gender and Multi-Stall W/M","Yes","40.651267","-73.970257",,"Point","[-73.9703,40.6513]",
"Bensonhurst Indoor Tennis","Park","NYC Parks Concessionaire","Operational","Year Round","Mon-Fri - 7:00am - 12:00am Sat-Sun 7:00am-10:00pm","Fully Accessible","Multi-Stall W/M Restrooms","No","40.595081","-74.001441",,"Point","[-74.0014,40.5951]",
"Queensboro Oval Indoor Tennis","Park","NYC Parks Concessionaire","Operational","Seasonal","7:00am-11:00pm","Fully Accessible","Both Single-Stall All Gender and Multi-Stall W/M","No","40.759246","-73.960029",,"Point","[-73.96,40.7592]",
"Alley Pond Indoor Tennis","Park","NYC Parks Concessionaire","Operational","Year Round","7:00am-11:00pm","Fully Accessible","Multi-Stall W/M Restrooms","No","40.739347","-73.735835",,"Point","[-73.7358,40.7393]",
"Cunningham Park Indoor Tennis","Park","NYC Parks Concessionaire","Operational","Year Round","7:00am-11:00pm (indoor season) 8:00am-7:30pm (outdoor season)","Fully Accessible","Multi-Stall W/M Restrooms","No","40.729396","-73.772786",,"Point","[-73.7728,40.7294]",
"Crotona Park Indoor Tennis","Park","NYC Parks Concessionaire","Operational","Year Round","7:00am-10:00pm","Fully Accessible","Both Single-Stall All Gender and Multi-Stall W/M","""Yes, in single-stall all gender restroom only""","40.839595","-73.895042",,"Point","[-73.895,40.8396]",
"Mill Pond Indoor Tennis","Park","NYC Parks Concessionaire","Operational","Year Round","Park Hours",,,,"40.824175","-73.931564",,"Point","[-73.9316,40.8242]",
"Mill Basin Marina","Park","NYC Parks Concessionaire","Operational","Year Round","9:00am-5:00pm","Fully Accessible","Multi-Stall W/M Restrooms","No","40.612465","-73.901723",,"Point","[-73.9017,40.6125]",
"Paerdegat Basin Marina 1","Park","NYC Parks Concessionaire","Operational","Year Round","9:00am-5:00pm","Partially Accessible","Multi-Stall W/M Restrooms","No","40.624409","-73.903769",,"Point","[-73.9038,40.6244]",
"Paerdegat Basin Marina 2","Park","NYC Parks Concessionaire","Operational","Year Round","9:00am-5:00pm","Partially Accessible","Both Single-Stall All Gender and Multi-Stall W/M","No","40.626089","-73.902536",,"Point","[-73.9025,40.6261]",
"Paerdegat Basin Marina 3","Park","NYC Parks Concessionaire","Operational","Year Round","9:00am-5:00pm","Partially Accessible","Multi-Stall W/M Restrooms","No","40.627240","-73.904659",,"Point","[-73.9047,40.6272]",
"Paerdegat Basin Marina 4","Park","NYC Parks Concessionaire","Operational","Year Round","9:00am-5:00pm","Partially Accessible","Multi-Stall W/M Restrooms","No","40.627064","-73.904208",,"Point","[-73.9042,40.6271]",
"Paerdegat Basin Marina 5","Park","NYC Parks Concessionaire","Operational","Year Round","9:00am-5:00pm","Partially Accessible","Multi-Stall W/M Restrooms","No","40.627513","-73.905176",,"Point","[-73.9052,40.6275]",
"Dyckman Street Marina","Park","NYC Parks Concessionaire","Operational","Seasonal","9:00am-5:00pm","Fully Accessible","Multi-Stall W/M Restrooms","""Yes, in women's restroom only""","40.868615","-73.932281",,"Point","[-73.9323,40.8686]",
"Bayside Marina","Park","NYC Parks Concessionaire","Operational","Seasonal","9:00am-5:00pm","Not Accessible","Multi-Stall W/M Restrooms","No","40.779806","-73.767053",,"Point","[-73.7671,40.7798]",
"Lemon Creek Park Marina","Park","NYC Parks Concessionaire","Operational","Year Round","9:00am-5:00pm","Not Accessible","Both Single-Stall All Gender and Multi-Stall W/M","No","40.515281","-74.201150",,"Point","[-74.2011,40.5153]",
"Locust Point Marina","Park","NYC Parks Concessionaire","Operational","Year Round","9:00am-5:00pm","Fully Accessible","Multi-Stall W/M Restrooms","Yes","40.816569","-73.806112",,"Point","[-73.8061,40.8166]",
"Paerdegat Athletic Facility","Park","NYC Parks Concessionaire","Operational","Year Round","Temp Closed","Fully Accessible","Both Single-Stall All Gender and Multi-Stall W/M","""Yes, in single-stall all gender restroom only""","40.626449","-73.901957",,"Point","[-73.902,40.6264]",
"Tavern On The Green","Park","NYC Parks Concessionaire","Operational","Year Round","6:00am-1:00am","Fully Accessible","Both Single-Stall All Gender and Multi-Stall W/M","""Yes, in single-stall all gender restroom only""","40.772206","-73.977781",,"Point","[-73.9778,40.7722]",
"Dyckman Marina Restaurant","Park","NYC Parks Concessionaire","Operational","Seasonal","Mon-Thurs-4:00pm-10pm Fri-Sat 11:00am-11:00pm Sunday 11:00am-10:00pm","Fully Accessible","Multi-Stall W/M Restrooms","""Yes, in women's restroom only""","40.860769","-73.932760",,"Point","[-73.9328,40.8608]",
"Clearview Cafe","Park","NYC Parks Concessionaire","Operational","Year Round","5:00pm-9:00pm","Fully Accessible","Multi-Stall W/M Restrooms","""Yes, in women's restroom only""","40.786638","-73.792331",,"Point","[-73.7923,40.7866]",
"Fmcp Heliport","Park","NYC Parks Concessionaire","Operational","Year Round","9:00am-5:00pm","Fully Accessible","Multi-Stall W/M Restrooms","No","40.744540","-73.850751",,"Point","[-73.8508,40.7445]",
"Flushing Meadows Grand Bay","Park","NYC Parks Concessionaire","Operational","Year Round","9:00am-5:00pm","Fully Accessible","Multi-Stall W/M Restrooms","No","40.761118","-73.857545",,"Point","[-73.8575,40.7611]",
"Clove Lakes Cafe","Park","NYC Parks Concessionaire","Operational","Year Round","11:30am-9:00pm","Partially Accessible","Multi-Stall W/M Restrooms","No","40.617665","-74.108137",,"Point","[-74.1081,40.6177]",
"FDR Boardwalk/South Beach Restroom","Park","NYC Parks Concessionaire","Operational","Year Round","Concession Operating Hours",,,,"40.589204","-74.066453",,"Point","[-74.0665,40.5892]",
"South Shore Restaurant","Park","NYC Parks Concessionaire","Operational","Year Round","9:00am-5:00pm","Fully Accessible","Multi-Stall W/M Restrooms","""Yes, in women's restroom only""","40.551624","-74.204853",,"Point","[-74.2049,40.5516]",
"Dag Hammarskjold Food Kiosk","Park","NYC Parks Concessionaire","Operational","Year Round","7:00am-9:00pm","Fully Accessible","Multi-Stall W/M Restrooms","No","40.752076","-73.968158",,"Point","[-73.9682,40.7521]",
"Orchard Beach Snack Bars & Mobile Units","Park","NYC Parks Concessionaire","Operational","Year Round","11:00am-6:00pm","Fully Accessible","Multi-Stall W/M Restrooms","No","40.865136","-73.794799",,"Point","[-73.7948,40.8651]",
"Keltch Memorial Park Snack Bar","Park","NYC Parks Concessionaire","Operational","Year Round","6:30am-2:00am","Fully Accessible","Multi-Stall W/M Restrooms","No","40.840542","-73.917785",,"Point","[-73.9178,40.8405]",
"John Street Snack Bar","Park","NYC Parks Concessionaire","Operational","Year Round","Temp Closed","Fully Accessible","Multi-Stall W/M Restrooms","""Yes, in women's restroom only""","40.705585","-74.003725",,"Point","[-74.0037,40.7056]",
"Hutchinson River Prkwy Snack","Park","NYC Parks Concessionaire","Operational","Year Round","24 hours","Fully Accessible","Multi-Stall W/M Restrooms","No","40.836286","-73.838970",,"Point","[-73.839,40.8363]",
"Cedar Lane Stables, Tudor Pk.","Park","NYC Parks Concessionaire","Operational","Year Round",,,,,"40.670414","-73.852033",,"Point","[-73.852,40.6704]",
"Pelham Bay Stable","Park","NYC Parks Concessionaire","Operational","Year Round","9:00am-6:00pm","Partially Accessible","Multi-Stall W/M Restrooms","No","40.865923","-73.813975",,"Point","[-73.814,40.8659]",
"Van Cortlandt Park Stables","Park","NYC Parks Concessionaire","Operational","Year Round","11:00am-7:00pm","Partially Accessible","Multi-Stall W/M Restrooms","No","40.901041","-73.894743",,"Point","[-73.8947,40.901]",
"Grand Army Plaza APT","Public Plaza","NYC DOT/JCDecaux","Operational","Year Round","8am-8pm","Fully Accessible","Single-Stall All Gender Restroom(s)","No","40.672237","-73.969074","This unit costs $.25 to use.","Point","[-73.9691,40.6722]","https://portal.311.nyc.gov/article/?kanumber=KA-02226"
"Corona Plaza APT","Public Plaza","NYC DOT/JCDeceaux","Operational","Year Round","8am-8pm","Fully Accessible","Single-Stall All Gender Restroom(s)","No","40.749650","-73.862638","This unit is free to use.","Point","[-73.8626,40.7497]","https://portal.311.nyc.gov/article/?kanumber=KA-02226"
"Madison Square Park APT","Public Plaza","NYC DOT/JCDecaux","Operational","Year Round","8am-8pm","Fully Accessible","Single-Stall All Gender Restroom(s)","No","40.741309","-73.987845","This unit costs $.25 to use.","Point","[-73.9878,40.7413]","https://portal.311.nyc.gov/article/?kanumber=KA-02226"
"Plaza de Las Americas APT","Public Plaza","NYC DOT/JCDecaux","Operational","Year Round","8am-8pm","Fully Accessible","Single-Stall All Gender Restroom(s)","No","40.845930","-73.937997","This unit costs $.25 to use.","Point","[-73.938,40.8459]","https://portal.311.nyc.gov/article/?kanumber=KA-02226"
"Fordham Plaza APT","Public Plaza","NYC DOT/JCDecaux","Operational","Year Round","8am-8pm","Fully Accessible","Single-Stall All Gender Restroom(s)","No","40.860834","-73.891159","This unit costs $.25 to use.","Point","[-73.8912,40.8608]","https://portal.311.nyc.gov/article/?kanumber=KA-02226"
"Williamsburg Bridge Bus Depot APT","Public Plaza","NYC DOT/JCDecaux","Operational","Year Round","8am-8pm","Fully Accessible","Single-Stall All Gender Restroom(s)","No","40.709180","-73.959219","The unit costs $.25 to use.","Point","[-73.9592,40.7092]","https://portal.311.nyc.gov/article/?kanumber=KA-02226"
"Chatham Square Library, NYPL","Library","NYPL","Operational","Year Round","Sunday: Closed 
Monday: 9:00 am - 7:00 pm 
Tuesday: 9:00 am - 7:00 pm 
Wednesday: 9:00 am - 7:00 pm 
Thursday: 9:00 am - 7:00 pm 
Friday: 10:00 am - 6:00 pm 
Saturday: 10:00 am - 5:00 pm","Fully Accessible","Single-Stall All Gender Restroom(s)","Yes","40.713341","-73.996491",,"Point","[-73.9965,40.7133]","https://www.nypl.org/locations/chatham-square"
"Seward Park Library, NYPL","Library","NYPL","Operational","Year Round","Sunday: Closed 
Monday: 10:00 am - 8:00 pm 
Tuesday: 10:00 am - 8:00 pm 
Wednesday: 10:00 am - 8:00 pm  
Thursday: 10:00 am - 8:00 pm 
Friday: 10:00 am - 5:00 pm 
Saturday: 10:00 am - 5:00 pm","Fully Accessible","Single-Stall All Gender Restroom(s)","Yes","40.714418","-73.988502",,"Point","[-73.9885,40.7144]","https://www.nypl.org/locations/seward-park"
"Ottendorfer Library, NYPL","Library","NYPL","Operational","Year Round","Sunday: Closed 
Monday: 11:00 am - 7:00 pm 
Tuesday: 11:00 am - 7:00 pm
Wednesday: 11:00 am - 7:00 pm
Thursday: 11:00 am - 7:00 pm
Friday: 10:00 am - 5:00 pm 
Saturday: 10:00 am - 5:00 pm","Not Accessible","Single-Stall All Gender Restroom(s)","Yes","40.728915","-73.987744",,"Point","[-73.9877,40.7289]","https://www.nypl.org/locations/ottendorfer"
"Harry Belafonte 115th Street Library, NYPL","Library","NYPL","Operational","Year Round","Sunday: Closed 
Monday: 11:00 am - 7:00 pm 
Tuesday: 11:00 am - 7:00 pm 
Wednesday: 11:00 am - 7:00 pm 
Thursday: 11:00 am - 7:00 pm 
Friday: 10:00 am - 5:00 pm 
Saturday: 10:00 am - 5:00 pm","Fully Accessible","Both Single-Stall All Gender and Multi-Stall W/M","""Yes, in single-stall all gender restroom only""","40.802988","-73.953532",,"Point","[-73.9535,40.803]","https://www.nypl.org/locations/115th-street"
"New Amsterdam Library, NYPL","Library","NYPL","Operational","Year Round","Sunday: Closed 
Monday: 10:00 am - 7:00 pm 
Tuesday: 10:00 am - 7:00 pm  
Wednesday: 10:00 am - 7:00 pm   
Thursday: 10:00 am - 7:00 pm   
Friday: 10:00 am - 5:00 pm 
Saturday: 10:00 am - 5:00 pm","Fully Accessible","Single-Stall All Gender Restroom(s)","Yes","40.713585","-74.007871",,"Point","[-74.0079,40.7136]","https://www.nypl.org/locations/new-amsterdam"
"Tompkins Square Library, NYPL","Library","NYPL","Operational","Year Round","Sunday: Closed 
Monday: 11:00 am - 7:00 pm 
Tuesday: 11:00 am - 7:00 pm
Wednesday: 11:00 am - 7:00 pm
Thursday: 11:00 am - 7:00 pm
Friday: 10:00 am - 6:00 pm 
Saturday: 10:00 am - 5:00 pm","Fully Accessible","Both Single-Stall All Gender and Multi-Stall W/M","""Yes, in single-stall all gender restroom only""","40.727296","-73.980422",,"Point","[-73.9804,40.7273]","https://www.nypl.org/locations/tompkins-square"
"Epiphany Library, NYPL","Library","NYPL","Operational","Year Round","Sunday: Closed 
Monday: 12:00 pm - 7:00 pm 
Tuesday: 10:00 am - 6:00 pm  
Wednesday: 12:00 pm - 7:00 pm   
Thursday: 10:00 am - 6:00 pm    
Friday: 10:00 am - 5:00 pm 
Saturday: 10:00 am - 5:00 pm","Fully Accessible","Single-Stall All Gender Restroom(s)","Yes","40.738095","-73.982050",,"Point","[-73.9821,40.7381]","https://www.nypl.org/locations/epiphany"
"Andrew Heiskell Braille and Talking Book Library, NYPL","Library","NYPL","Operational","Year Round","Sunday: Closed 
Monday: 10:00 am - 5:00 pm 
Tuesday: 12:00 pm - 7:00 pm
Wednesday: 10:00 am - 5:00 pm
Thursday: 12:00 pm - 7:00 pm
Friday: 10:00 am - 5:00 pm 
Saturday: 10:00 am - 5:00 pm","Fully Accessible","Both Single-Stall All Gender and Multi-Stall W/M","No","40.740474","-73.993358","Changing Table in Children's room","Point","[-73.9934,40.7405]","https://www.nypl.org/locations/heiskell"
"Jefferson Market Library, NYPL","Library","NYPL","Operational","Year Round","Sunday: Closed 
Monday: 10:00 am - 8:00 pm 
Tuesday: 10:00 am - 8:00 pm
Wednesday: 10:00 am - 8:00 pm
Thursday: 10:00 am - 8:00 pm
Friday: 10:00 am - 5:00 pm 
Saturday: 10:00 am - 5:00 pm","Fully Accessible","Single-Stall All Gender Restroom(s)","Yes","40.734643","-73.999171",,"Point","[-73.9992,40.7346]","https://www.nypl.org/locations/jefferson-market"
"Mulberry Street Library, NYPL","Library","NYPL","Operational","Year Round","Sunday: Closed 
Monday: 11:00 am - 7:00 pm 
Tuesday: 11:00 am - 7:00 pm
Wednesday: 11:00 am - 7:00 pm
Thursday: 10:00 am - 7:00 pm
Friday: 10:00 am - 5:00 pm 
Saturday: 10:00 am - 5:00 pm","Fully Accessible","Both Single-Stall All Gender and Multi-Stall W/M","""Yes, in single-stall all gender restroom only""","40.724148","-73.995686",,"Point","[-73.9957,40.7241]","https://www.nypl.org/locations/mulberry-street"
"Hudson Park Library, NYPL","Library","NYPL","Operational","Year Round","Sunday: Closed 
Monday: 10:00 am - 6:00 pm 
Tuesday: 10:00 am - 6:00 pm   
Wednesday: 10:00 am - 6:00 pm    
Thursday: 10:00 am - 6:00 pm    
Friday: 10:00 am - 6:00 pm  
Saturday: 10:00 am - 5:00 pm","Not Accessible","Single-Stall All Gender Restroom(s)","Yes","40.729991","-74.005332",,"Point","[-74.0053,40.73]","https://nypl.org/locations/hudson-park"
"Kips Bay Library, NYPL","Library","NYPL","Operational","Year Round","Sunday: Closed 
Monday: 10:00 am - 6:00 pm 
Tuesday: 10:00 pm - 6:00 pm 
Wednesday: 10:00 am - 6:00 pm 
Thursday: 10:00 pm - 6:00 pm 
Friday: 10:00 am - 6:00 pm 
Saturday: 10:00 am - 5:00 pm","Fully Accessible","Single-Stall All Gender Restroom(s)","Yes","40.743818","-73.979903",,"Point","[-73.9799,40.7438]","https://www.nypl.org/locations/kips-bay"
"Starvos Niarchos Foundation Library, NYPL","Library","NYPL","Operational","Year Round","Sunday: Closed 
Monday: 8:00 am - 9:00 pm 
Tuesday: 8:00 am - 9:00 pm 
Wednesday: 8:00 am - 9:00 pm 
Thursday: 8:00 am - 9:00 pm  
Friday: 8:00 am - 9:00 pm 
Saturday: 10:00 am - 5:00 pm","Fully Accessible","Both Single-Stall All Gender and Multi-Stall W/M","""Yes, in single-stall all gender restroom only""","40.751900","-73.981700",,"Point","[-73.9817,40.7519]","https://www.nypl.org/locations/snfl"
"Schomburg Center for Research in Black Culture, NYPL","Library","NYPL","Operational","Year Round","Sunday: Closed 
Monday: 10:00 am - 6:00 pm 
Tuesday: 10:00 am - 6:00 pm 
Wednesday: 10:00 am - 6:00 pm 
Thursday: 10:00 am - 6:00 pm 
Friday: 10:00 am - 6:00 pm  
Saturday: 10:00 am - 6:00 pm","Fully Accessible","Both Single-Stall All Gender and Multi-Stall W/M","No","40.814657","-73.940945",,"Point","[-73.9409,40.8147]","https://www.nypl.org/locations/schomburg"
"53rd Street Library, NYPL","Library","NYPL","Operational","Year Round","Sunday: Closed 
Monday: 11:00 am - 6:00 pm 
Tuesday: 11:00 am - 6:00 pm 
Wednesday: 11:00 am - 6:00 pm 
Thursday: 11:00 am - 6:00 pm 
Friday: 11:00 am - 6:00 pm 
Saturday: 11:00 am - 6:00 pm","Fully Accessible","Both Single-Stall All Gender and Multi-Stall W/M",,"40.760815","-73.977365",,"Point","[-73.9774,40.7608]","https://www.nypl.org/locations/53rd-street"
"Columbus Library, NYPL","Library","NYPL","Operational","Year Round","Sunday: Closed 
Monday: 10:00 am - 7:00 pm 
Tuesday: 10:00 am - 7:00 pm  
Wednesday: 11:00 am - 7:00 pm   
Thursday: 11:00 am - 7:00 pm   
Friday: 10:00 am - 5:00 pm 
Saturday: 10:00 am - 5:00 pm","Fully Accessible","Single-Stall All Gender Restroom(s)","Yes","40.764943","-73.991222",,"Point","[-73.9912,40.7649]","https://www.nypl.org/locations/columbus"
"58th Street Library, NYPL","Library","NYPL","Operational","Year Round","Sunday: Closed 
Monday: 10:00 am - 6:00 pm 
Tuesday: 10:00 am - 6:00 pm
Wednesday: 10:00 am - 6:00 pm
Thursday: 10:00 am - 6:00 pm
Friday: 10:00 am - 5:00 pm 
Saturday: 10:00 am - 5:00 pm","Partially Accessible","Single-Stall All Gender Restroom(s)","No","40.762194","-73.969383",,"Point","[-73.9694,40.7622]","https://www.nypl.org/locations/58th-street"
"Library for the Performing Arts, Dorothy and Lewis B. Cullman Center Library, NYPL","Library","NYPL","Operational","Year Round","Sunday: Closed 
Monday: 10:30 am - 8:00 pm 
Tuesday: 10:30 pm - 6:00 pm 
Wednesday: 10:30 pm - 6:00 pm 
Thursday: 10:30 am - 8:00 pm
Friday: 10:30 am - 6:00 pm 
Saturday: 10:30 am - 6:00 pm","Fully Accessible","Both Single-Stall All Gender and Multi-Stall W/M","""Yes, in women's restroom only""","40.773515","-73.984548",,"Point","[-73.9845,40.7735]","https://www.nypl.org/locations/lpa"
"Riverside Library, NYPL","Library","NYPL","Operational","Year Round","Sunday: Closed 
Monday: 10:00 am - 7:00 pm 
Tuesday: 10:00 am - 7:00 pm
Wednesday: 10:00 am - 7:00 pm
Thursday: 10:00 am - 7:00 pm
Friday: 10:00 am - 5:00 pm 
Saturday: 10:00 am - 5:00 pm","Fully Accessible",,,"40.774240","-73.984514",,"Point","[-73.9845,40.7742]","https://www.nypl.org/locations/riverside"
"St. Agnes Library, NYPL","Library","NYPL","Operational","Year Round","Sunday: Closed 
Monday: 10:00 am - 6:00 pm 
Tuesday: 10:00 pm - 7:00 pm 
Wednesday: 10:00 am - 7:00 pm 
Thursday: 10:00 pm - 7:00 pm 
Friday: 10:00 am - 6:00 pm 
Saturday: 10:00 am - 6:00 pm","Fully Accessible","Single-Stall All Gender Restroom(s)","Yes","40.784843","-73.977454",,"Point","[-73.9775,40.7848]","https://www.nypl.org/locations/st-agnes"
"Bloomingdale Library, NYPL","Library","NYPL","Operational","Year Round","Sunday: Closed 
Monday: 10:00 am - 7:00 pm 
Tuesday: 10:00 am - 7:00 pm  
Wednesday: 11:00 am - 7:00 pm   
Thursday: 11:00 am - 7:00 pm   
Friday: 10:00 am - 5:00 pm 
Saturday: 10:00 am - 5:00 pm","Fully Accessible","Multi-Stall All Gender Restrooms","""Yes, in women's restroom only""","40.795882","-73.967608",,"Point","[-73.9676,40.7959]","https://www.nypl.org/locations/bloomingdale"
"Morningside Heights Library, NYPL","Library","NYPL","Operational","Year Round","Sunday: Closed 
Monday: 10:00 am - 6:00 pm 
Tuesday: 10:00 am - 6:00 pm
Wednesday: 10:00 am - 6:00 pm
Thursday: 10:00 am - 6:00 pm
Friday: 10:00 am - 6:00 pm 
Saturday: 10:00 am - 5:00 pm","Fully Accessible","Single-Stall All Gender Restroom(s)","Yes","40.806139","-73.964777",,"Point","[-73.9648,40.8061]","https://www.nypl.org/locations/morningside-heights"
"George Bruce Library, NYPL","Library","NYPL","Operational","Year Round","Sunday: Closed 
Monday: 12:00 pm - 7:00 pm 
Tuesday: 12:00 pm - 7:00 pm 
Wednesday: 12:00 pm - 7:00 pm 
Thursday: 12:00 pm - 7:00 pm 
Friday: 11:00 am - 6:00 pm 
Saturday: 11:00 am - 6:00 pm","Fully Accessible","Single-Stall All Gender Restroom(s)","""Yes, in single-stall all gender restroom only""","40.813777","-73.957055",,"Point","[-73.9571,40.8138]","https://www.nypl.org/locations/george-bruce"
"Harlem Library, NYPL","Library","NYPL","Operational","Year Round","Sunday: Closed 
Monday: 11:00 am - 7:00 pm 
Tuesday: 11:00 am - 7:00 pm 
Wednesday: 11:00 am - 7:00 pm 
Thursday: 11:00 am - 7:00 pm 
Friday: 10:00 am - 5:00 pm 
Saturday: 10:00 am - 5:00 pm","Fully Accessible","Single-Stall All Gender Restroom(s)","No","40.806169","-73.943317",,"Point","[-73.9433,40.8062]","https://www.nypl.org/locations/harlem"
"Hamilton Grange Library, NYPL","Library","NYPL","Operational","Year Round","Sunday: Closed 
Monday: 10:00 am - 7:00 pm 
Tuesday: 10:00 am - 7:00 pm
Wednesday: 10:00 am - 7:00 pm
Thursday: 10:00 am - 7:00 pm
Friday: 11:00 am - 6:00 pm 
Saturday: 11:00 am - 5:00 pm","Fully Accessible","Single-Stall All Gender Restroom(s)","Yes","40.825681","-73.948034",,"Point","[-73.948,40.8257]","https://www.nypl.org/locations/hamilton-grange"
"Washington Heights Library, NYPL","Library","NYPL","Operational","Year Round","Sunday: Closed 
Monday: 10:00 am - 7:00 pm 
Tuesday: 10:00 pm - 7:00 pm 
Wednesday: 10:00 am - 7:00 pm 
Thursday: 10:00 pm - 7:00 pm 
Friday: 10:00 am - 5:00 pm 
Saturday: 10:00 am - 5:00 pm","Fully Accessible","Single-Stall All Gender Restroom(s)","Yes","40.834557","-73.939712",,"Point","[-73.9397,40.8346]","https://www.nypl.org/locations/washington-heights"
"Stephen A. Schwarzman Building, NYPL","Library","NYPL","Operational","Year Round","Sunday: Closed 
Monday: 10:00 am - 6:00 pm 
Tuesday: 10:00 pm - 8:00 pm 
Wednesday: 10:00 am - 8:00 pm 
Thursday: 10:00 pm - 6:00 pm 
Friday: 10:00 am - 6:00 pm 
Saturday: 10:00 am - 6:00 pm","Fully Accessible","Both Single-Stall All Gender and Multi-Stall W/M","""Yes, in single-stall all gender restroom only""","40.753213","-73.982232",,"Point","[-73.9822,40.7532]","https://www.nypl.org/locations/schwarzman"
"Inwood Library, NYPL","Library","NYPL","Operational","Year Round","Sunday: Closed 
Monday: 10:00 am - 7:00 pm 
Tuesday: 10:00 am - 7:00 pm
Wednesday: 10:00 am - 7:00 pm
Thursday: 10:00 am - 7:00 pm
Friday: 10:00 am - 6:00 pm 
Saturday: 10:00 am - 5:00 pm","Fully Accessible","Both Single-Stall All Gender and Multi-Stall W/M","""Yes, in single-stall all gender restroom only""","40.866961","-73.924338",,"Point","[-73.9243,40.867]","https://www.nypl.org/locations/inwood"
"Steinway Library, QPL","Library","QPL","Operational","Year Round","Sunday: Closed 
Monday: 10:00 am - 6:00 pm 
Tuesday: 1:00 pm - 6:00 pm 
Wednesday: 10:00 am - 6:00 pm 
Thursday: 12:00 pm - 8:00 pm 
Friday: 10:00 am - 6:00 pm 
Saturday: 10:00 am - 5:00 pm",,"Single-Stall All Gender Restroom(s)","Yes","40.776835","-73.909458","Yes, a key is needed to enter","Point","[-73.9095,40.7768]","https://www.queenslibrary.org/about-us/locations/steinway"
"Macomb's Bridge Library, NYPL","Library","NYPL","Operational","Year Round","Sunday: Closed 
Monday: 10:00 am - 6:00 pm 
Tuesday: 10:00 pm - 6:00 pm 
Wednesday: 11:00 am - 7:00 pm 
Thursday: 11:00 am - 7:00 pm 
Friday: 10:00 am - 5:00 pm 
Saturday: 10:00 am - 5:00 pm","Fully Accessible","Single-Stall All Gender Restroom(s)","Yes","40.825536","-73.935349",,"Point","[-73.9353,40.8255]","https://www.nypl.org/locations/macombs-bridge"
"96th Street Library, NYPL","Library","NYPL","Operational","Year Round","Sunday: Closed 
Monday: 10:00 am - 7:00 pm 
Tuesday: 10:00 am - 7:00 pm 
Wednesday: 10:00 am - 7:00 pm 
Thursday: 10:00 am - 7:00 pm 
Friday: 10:00 am - 5:00 pm 
Saturday: 10:00 am - 5:00 pm","Partially Accessible","Single-Stall All Gender Restroom(s)","Yes","40.785968","-73.951807",,"Point","[-73.9518,40.786]","https://www.nypl.org/locations/96th-street"
"Roosevelt Island Library, NYPL","Library","NYPL","Operational","Year Round","Sunday: Closed 
Monday: 10:00 am - 8:00 pm 
Tuesday: 10:00 am - 6:00 pm
Wednesday: 10:00 am - 8:00 pm
Thursday: 10:00 am - 6:00 pm
Friday: 10:00 am - 5:00 pm 
Saturday: 10:00 am - 5:00 pm","Fully Accessible","Single-Stall All Gender Restroom(s)","Yes","40.762333","-73.949446",,"Point","[-73.9494,40.7623]","https://www.nypl.org/locations/roosevelt-island"
"67th Street Library, NYPL","Library","NYPL","Operational","Year Round","Sunday: Closed 
Monday: 11:00 am - 7:00 pm 
Tuesday: 11:00 am - 7:00 pm 
Wednesday: 11:00 am - 7:00 pm 
Thursday: 11:00 am - 7:00 pm 
Friday: 10:00 am - 5:00 pm 
Saturday: 10:00 am - 5:00 pm","Not Accessible","Single-Stall All Gender Restroom(s)","No","40.764923","-73.959551",,"Point","[-73.9596,40.7649]","https://www.nypl.org/locations/67th-street"
"Webster Library, NYPL","Library","NYPL","Operational","Year Round","Sunday: Closed 
Monday: 11:00 am - 7:00 pm 
Tuesday: 11:00 am - 7:00 pm
Wednesday: 11:00 am - 7:00 pm
Thursday: 11:00 am - 7:00 pm
Friday: 10:00 am - 5:00 pm 
Saturday: 10:00 am - 5:00 pm","Fully Accessible","Single-Stall All Gender Restroom(s)","Yes","40.770661","-73.951343",,"Point","[-73.9513,40.7707]","https://www.nypl.org/locations/webster"
"Yorkville Library, NYPL","Library","NYPL","Operational","Year Round","Sunday: Closed 
Monday: 11:00 am - 7:00 pm 
Tuesday: 10:00 pm - 6:00 pm 
Wednesday: 11:00 am - 7:00 pm 
Thursday: 10:00 pm - 6:00 pm 
Friday: 10:00 am - 5:00 pm 
Saturday: 10:00 am - 5:00 pm","Not Accessible","Single-Stall All Gender Restroom(s)","""Yes, in single-stall all gender restroom only""","40.773664","-73.956374",,"Point","[-73.9564,40.7737]","https://www.nypl.org/locations/yorkville"
"Battery Park City Library, NYPL","Library","NYPL","Operational","Year Round","Sunday: Closed 
Monday: 10:00 am - 6:00 pm 
Tuesday: 11:00 am - 7:00 pm  
Wednesday: 10:00 am - 6:00 pm   
Thursday: 11:00 am - 7:00 pm   
Friday: 10:00 am - 5:00 pm 
Saturday: 10:00 am - 5:00 pm","Fully Accessible","Single-Stall All Gender Restroom(s)","Yes","40.715699","-74.015750",,"Point","[-74.0157,40.7157]","https://www.nypl.org/locations/battery-park-city"
"St. George Library Center, NYPL","Library","NYPL","Operational","Year Round","Sunday: Closed 
Monday: 10:00 am - 7:00 pm 
Tuesday: 10:00 am - 7:00 pm 
Wednesday: 10:00 am - 7:00 pm  
Thursday: 10:00 am - 7:00 pm 
Friday: 10:00 am - 5:00 pm 
Saturday: 10:00 am - 5:00 pm","Fully Accessible","Both Single-Stall All Gender and Multi-Stall W/M","""Yes, in single-stall all gender restroom only""","40.641808","-74.076680",,"Point","[-74.0767,40.6418]","https://www.nypl.org/locations/st-george-library-center"
"Mariners Harbor Library, NYPL","Library","NYPL","Operational","Year Round","Sunday: Closed 
Monday: 11:00 am - 7:00 pm 
Tuesday: 11:00 am - 7:00 pm 
Wednesday: 11:00 am - 7:00 pm 
Thursday: 11:00 am - 7:00 pm 
Friday: 10:00 am - 5:00 pm 
Saturday: 10:00 am - 5:00 pm","Fully Accessible","Single-Stall All Gender Restroom(s)","Yes","40.634702","-74.166583",,"Point","[-74.1666,40.6347]","https://www.nypl.org/locations/mariners-harbor"
"Dongan Hills Library, NYPL","Library","NYPL","Operational","Year Round","Sunday: Closed 
Monday: 11:00 am - 6:00 pm 
Tuesday: 11:00 am - 6:00 pm  
Wednesday: 11:00 am - 6:00 pm  
Thursday: 11:00 am - 6:00 pm  
Friday: 10:00 am - 5:00 pm 
Saturday: 10:00 am - 5:00 pm","Fully Accessible","Single-Stall All Gender Restroom(s)","No","40.590400","-74.101139","Changing Table outside restroom","Point","[-74.1011,40.5904]","https://www.nypl.org/locations/dongan-hills"
"Stapleton Library, NYPL","Library","NYPL","Operational","Year Round","Sunday: Closed 
Monday: 11:00 am - 7:00 pm 
Tuesday: 11:00 am - 7:00 pm 
Wednesday: 11:00 am - 7:00 pm 
Thursday: 11:00 am - 7:00 pm 
Friday: 10:00 am - 5:00 pm 
Saturday: 10:00 am - 5:00 pm","Fully Accessible","Single-Stall All Gender Restroom(s)","Yes","40.626265","-74.077865",,"Point","[-74.0779,40.6263]","https://www.nypl.org/locations/stapleton"
"South Beach Library, NYPL","Library","NYPL","Operational","Year Round","Sunday: Closed 
Monday: 11:00 am - 7:00 pm 
Tuesday: 11:00 am - 7:00 pm   
Wednesday: 11:00 am - 7:00 pm  
Thursday: 11:00 am - 7:00 pm    
Friday: 10:00 am - 5:00 pm 
Saturday: 10:00 am - 5:00 pm","Fully Accessible","Single-Stall All Gender Restroom(s)","Yes","40.595811","-74.062982",,"Point","[-74.063,40.5958]","https://www.nypl.org/locations/south-beach"
"New Dorp Library, NYPL","Library","NYPL","Closed for Construction","Future","Sunday: Closed 
Monday: 10:00 am - 7:00 pm 
Tuesday: 10:00 am - 7:00 pm  
Wednesday: 10:00 am - 7:00 pm  
Thursday: 10:00 am - 7:00 pm   
Friday: 10:00 am - 5:00 pm 
Saturday: 10:00 am - 5:00 pm","Fully Accessible","Single-Stall All Gender Restroom(s)","Yes","40.571940","-74.111960",,"Point","[-74.112,40.5719]","https://www.nypl.org/locations/new-dorp"
"Richmondtown Library, NYPL","Library","NYPL","Closed for Construction","Future","Sunday: Closed 
Monday: 10:00 am - 6:00 pm 
Tuesday: 10:00 am - 6:00 pm  
Wednesday: 10:00 am - 6:00 pm   
Thursday: 10:00 am - 6:00 pm   
Friday: 10:00 am - 5:00 pm 
Saturday: 10:00 am - 5:00 pm","Fully Accessible","Single-Stall All Gender Restroom(s)","Yes","40.566538","-74.138535",,"Point","[-74.1385,40.5665]","https://www.nypl.org/locations/richmondtown"
"Tottenville Library, NYPL","Library","NYPL","Operational","Year Round","Sunday: Closed 
Monday: 11:00 am - 6:00 pm 
Tuesday: 11:00 am - 6:00 pm 
Wednesday: 11:00 am -6:00 pm 
Thursday: 11:00 am - 6:00 pm 
Friday: 10:00 am - 5:00 pm 
Saturday: 10:00 am - 5:00 pm","Fully Accessible","Single-Stall All Gender Restroom(s)","No","40.509539","-74.244108","Changing Table inside community room","Point","[-74.2441,40.5095]","https://www.nypl.org/locations/tottenville"
"Great Kills Library, NYPL","Library","NYPL","Operational","Year Round","Sunday: Closed 
Monday: 11:00 am - 6:00 pm 
Tuesday: 11:00 am - 6:00 pm  
Wednesday: 11:00 am - 6:00 pm  
Thursday: 11:00 am - 6:00 pm  
Friday: 10:00 am - 5:00 pm 
Saturday: 10:00 am - 4:00 pm","Fully Accessible","Single-Stall All Gender Restroom(s)","Yes","40.552432","-74.151113",,"Point","[-74.1511,40.5524]","https://www.nypl.org/locations/great-kills"
"West New Brighton Library, NYPL","Library","NYPL","Operational","Year Round","Sunday: Closed 
Monday: 11:00 am - 6:00 pm 
Tuesday: 11:00 am - 6:00 pm 
Wednesday: 11:00 am - 6:00 pm 
Thursday: 11:00 am - 6:00 pm 
Friday: 10:00 am - 5:00 pm 
Saturday: 10:00 am - 5:00 pm","Fully Accessible","Single-Stall All Gender Restroom(s)","Yes","40.634517","-74.114823",,"Point","[-74.1148,40.6345]","https://www.nypl.org/locations/west-new-brighton"
"Huguenot Park Library, NYPL","Library","NYPL","Operational","Year Round","Sunday: Closed 
Monday: 10:00 am - 6:00 pm 
Tuesday: 10:00 am - 6:00 pm  
Wednesday: 10:00 am - 6:00 pm   
Thursday: 10:00 am - 6:00 pm   
Friday: 10:00 am - 5:00 pm 
Saturday: 10:00 am - 5:00 pm","Fully Accessible","Single-Stall All Gender Restroom(s)","Yes","40.534087","-74.193230",,"Point","[-74.1932,40.5341]","https://www.nypl.org/locations/huguenot-park"
"Todt Hill-Westerleigh Library, NYPL","Library","NYPL","Operational","Year Round","Sunday: Closed 
Monday: 10:00 am - 7:00 pm 
Tuesday: 10:00 am - 7:00 pm  
Wednesday: 10:00 am - 7:00 pm   
Thursday: 10:00 am - 7:00 pm   
Friday: 10:00 am - 5:00 pm 
Saturday: 10:00 am - 5:00 pm","Fully Accessible","Both Single-Stall All Gender and Multi-Stall W/M","No","40.609610","-74.148523","Changing Table outside restroom","Point","[-74.1485,40.6096]","https://www.nypl.org/locations/todt-hill-westerleigh"
"Morrisania Library, NYPL","Library","NYPL","Operational","Year Round","Sunday: Closed 
Monday: 10:00 am - 7:00 pm 
Tuesday: 10:00 am - 7:00 pm
Wednesday: 10:00 am - 7:00 pm
Thursday: 10:00 am - 7:00 pm
Friday: 10:00 am - 5:00 pm 
Saturday: 10:00 am - 5:00 pm","Fully Accessible","Both Single-Stall All Gender and Multi-Stall W/M","""Yes, in women's restroom only""","40.831271","-73.901795",,"Point","[-73.9018,40.8313]","https://www.nypl.org/locations/morrisania"
"Woodstock Library, NYPL","Library","NYPL","Operational","Year Round","Sunday: Closed 
Monday: 10:00 am - 6:00 pm 
Tuesday: 10:00 pm - 6:00 pm 
Wednesday: 10:00 am - 6:00 pm 
Thursday: 10:00 pm - 6:00 pm 
Friday: 10:00 am - 6:00 pm 
Saturday: 10:00 am - 5:00 pm","Fully Accessible","Both Single-Stall All Gender and Multi-Stall W/M","""Yes, in single-stall all gender restroom only""","40.820627","-73.904649",,"Point","[-73.9046,40.8206]","https://www.nypl.org/locations/woodstock"
"High Bridge Library, NYPL","Library","NYPL","Operational","Year Round","Sunday: Closed 
Monday: 10:00 am - 7:00 pm 
Tuesday: 10:00 pm - 7:00 pm 
Wednesday: 10:00 am - 7:00 pm 
Thursday: 10:00 pm - 7:00 pm 
Friday: 10:00 am - 6:00 pm 
Saturday: 10:00 am - 5:00 pm","Fully Accessible","Single-Stall All Gender Restroom(s)","Yes","40.837968","-73.923552",,"Point","[-73.9236,40.838]","https://www.nypl.org/locations/high-bridge"
"Francis Martin Library, NYPL","Library","NYPL","Operational","Year Round","Sunday: Closed 
Monday: 11:00 am - 7:00 pm 
Tuesday: 11:00 am - 7:00 pm 
Wednesday: 11:00 am - 7:00 pm 
Thursday: 11:00 am - 7:00 pm 
Friday: 10:00 am - 6:00 pm 
Saturday: 10:00 am - 5:00 pm","Fully Accessible","Both Single-Stall All Gender and Multi-Stall W/M","""Yes, in single-stall all gender restroom only""","40.857430","-73.909318",,"Point","[-73.9093,40.8574]","https://www.nypl.org/locations/francis-martin"
"Sedgwick Library, NYPL","Library","NYPL","Operational","Year Round","Sunday: Closed 
Monday: 10:00 am - 6:00 pm 
Tuesday: 10:00 pm - 6:00 pm 
Wednesday: 10:00 am - 6:00 pm 
Thursday: 10:00 pm - 6:00 pm 
Friday: 10:00 am - 6:00 pm 
Saturday: 10:00 am - 5:00 pm","Fully Accessible","Single-Stall All Gender Restroom(s)","No","40.849453","-73.917496",,"Point","[-73.9175,40.8495]","https://www.nypl.org/locations/sedgwick"
"Mott Haven Library, NYPL","Library","NYPL","Operational","Year Round","Sunday: Closed 
Monday: 10:00 am - 7:00 pm 
Tuesday: 10:00 pm - 7:00 pm 
Wednesday: 10:00 am - 7:00 pm 
Thursday: 10:00 pm - 7:00 pm 
Friday: 10:00 am - 5:00 pm 
Saturday: 10:00 am - 5:00 pm","Fully Accessible","Single-Stall All Gender Restroom(s)","Yes","40.811598","-73.924383",,"Point","[-73.9244,40.8116]","https://www.nypl.org/locations/mott-haven"
"Grand Concourse Library, NYPL","Library","NYPL","Operational","Year Round","Sunday: Closed 
Monday: 10:00 am - 8:00 pm 
Tuesday: 10:00 am - 7:00 pm 
Wednesday: 10:00 am - 8:00 pm 
Thursday: 10:00 am - 7:00 pm 
Friday: 10:00 am - 5:00 pm 
Saturday: 10:00 am - 5:00 pm","Fully Accessible","Both Single-Stall All Gender and Multi-Stall W/M","""Yes, in single-stall all gender restroom only""","40.844010","-73.910089",,"Point","[-73.9101,40.844]","https://www.nypl.org/locations/grand-concourse"
"Tremont Library, NYPL","Library","NYPL","Operational","Year Round","Sunday: Closed 
Monday: 10:00 am - 6:00 pm 
Tuesday: 10:00 pm - 6:00 pm 
Wednesday: 10:00 am - 6:00 pm 
Thursday: 10:00 pm - 6:00 pm 
Friday: 10:00 am - 6:00 pm 
Saturday: 10:00 am - 5:00 pm","Fully Accessible","Single-Stall All Gender Restroom(s)","Yes","40.846054","-73.898351",,"Point","[-73.8984,40.8461]","https://www.nypl.org/locations/tremont"
"Belmont Library and Enrico Fermi Cultural Center, NYPL","Library","NYPL","Operational","Year Round","Sunday: Closed 
Monday: 10:00 am - 6:00 pm 
Tuesday: 10:00 am - 6:00 pm
Wednesday: 10:00 am - 6:00 pm
Thursday: 10:00 am - 6:00 pm
Friday: 10:00 am - 5:00 pm 
Saturday: 10:00 am - 5:00 pm","Fully Accessible","Single-Stall All Gender Restroom(s)","No","40.854353","-73.887884",,"Point","[-73.8879,40.8544]","https://www.nypl.org/locations/belmont"
"Bronx Library Center, NYPL","Library","NYPL","Operational","Year Round","Sunday: Closed 
Monday: 9:00 am - 9:00 pm 
Tuesday: 9:00 am - 9:00 pm
Wednesday: 9:00 am - 9:00 pm
Thursday: 9:00 am - 9:00 pm
Friday: 10:00 am - 8:00 pm 
Saturday: 10:00 am - 8:00 pm","Fully Accessible","Both Single-Stall All Gender and Multi-Stall W/M","""Yes, in single-stall all gender restroom only""","40.862989","-73.894504",,"Point","[-73.8945,40.863]","https://www.nypl.org/locations/bronx-library-center"
"Pelham Bay Library, NYPL","Library","NYPL","Operational","Year Round","Sunday: Closed 
Monday: 10:00 am - 6:00 pm 
Tuesday: 10:00 pm - 6:00 pm 
Wednesday: 10:00 am - 6:00 pm 
Thursday: 10:00 pm - 6:00 pm 
Friday: 10:00 am - 5:00 pm 
Saturday: 10:00 am - 5:00 pm","Fully Accessible","Single-Stall All Gender Restroom(s)","Yes","40.844326","-73.827902",,"Point","[-73.8279,40.8443]","https://www.nypl.org/locations/pelham-bay"
"Westchester Square Library, NYPL","Library","NYPL","Operational","Year Round","Sunday: Closed 
Monday: 11:00 am - 7:00 pm 
Tuesday: 10:00 pm - 6:00 pm 
Wednesday: 11:00 am - 7:00 pm 
Thursday: 10:00 pm - 6:00 pm 
Friday: 10:00 am - 5:00 pm 
Saturday: 10:00 am - 5:00 pm","Not Accessible","Both Single-Stall All Gender and Multi-Stall W/M","""Yes, in single-stall all gender restroom only""","40.840876","-73.846732",,"Point","[-73.8467,40.8409]","https://www.nypl.org/locations/westchester-square"
"Glen Oaks Library, QPL","Library","QPL","Operational","Year Round","Sunday: Closed 
Monday: 10:00 am - 6:00 pm 
Tuesday: 1:00 pm - 6:00 pm 
Wednesday: 10:00 am - 6:00 pm 
Thursday: 12:00 pm - 8:00 pm 
Friday: 10:00 am - 6:00 pm 
Saturday: 10:00 am - 5:00 pm",,"Single-Stall All Gender Restroom(s)","Yes","40.745181","-73.714847","Yes, a key is needed to enter","Point","[-73.7148,40.7452]","https://www.queenslibrary.org/about-us/locations/glen-oaks"
"Long Island City Library, QPL","Library","QPL","Operational","Year Round","Sunday: Closed 
Monday: 10:00 am - 6:00 pm 
Tuesday: 1:00 pm - 6:00 pm 
Wednesday: 10:00 am - 6:00 pm 
Thursday: 12:00 pm - 8:00 pm 
Friday: 10:00 am - 6:00 pm 
Saturday: 10:00 am - 5:00 pm",,"Single-Stall All Gender Restroom(s)","Yes","40.757812","-73.939311",,"Point","[-73.9393,40.7578]","https://www.queenslibrary.org/about-us/locations/long-island-city"
"Morris Park Library, NYPL","Library","NYPL","Operational","Year Round","Sunday: Closed 
Monday: 10:00 am - 7:00 pm 
Tuesday: 10:00 pm - 7:00 pm 
Wednesday: 10:00 am - 7:00 pm 
Thursday: 10:00 pm - 7:00 pm 
Friday: 10:00 am - 5:00 pm 
Saturday: 10:00 am - 5:00 pm","Fully Accessible","Single-Stall All Gender Restroom(s)","Yes","40.848037","-73.856959",,"Point","[-73.857,40.848]","https://www.nypl.org/locations/morris-park"
"Parkchester Library, NYPL","Library","NYPL","Operational","Year Round","Sunday: Closed 
Monday: 10:00 am - 8:00 pm 
Tuesday: 10:00 pm - 8:00 pm 
Wednesday: 10:00 am - 8:00 pm 
Thursday: 10:00 pm - 8:00 pm 
Friday: 10:00 am - 5:00 pm 
Saturday: 10:00 am - 5:00 pm","Fully Accessible","Single-Stall All Gender Restroom(s)","Yes","40.833789","-73.858351",,"Point","[-73.8584,40.8338]","https://www.nypl.org/locations/parkchester"
"Kingsbridge Library, NYPL","Library","NYPL","Operational","Year Round","Sunday: Closed 
Monday: 10:00 am - 7:00 pm 
Tuesday: 10:00 pm - 7:00 pm 
Wednesday: 10:00 am - 7:00 pm 
Thursday: 10:00 pm - 7:00 pm 
Friday: 10:00 am - 5:00 pm 
Saturday: 10:00 am - 5:00 pm","Fully Accessible","Single-Stall All Gender Restroom(s)","Yes","40.880708","-73.907707",,"Point","[-73.9077,40.8807]","https://www.nypl.org/locations/kingsbridge"
"Van Cortlandt Library, NYPL","Library","NYPL","Operational","Year Round","Sunday: Closed 
Monday: 10:00 am - 7:00 pm 
Tuesday: 10:00 pm - 7:00 pm 
Wednesday: 10:00 am - 7:00 pm 
Thursday: 10:00 pm - 7:00 pm 
Friday: 10:00 am - 5:00 pm 
Saturday: 10:00 am - 5:00 pm","Fully Accessible","Single-Stall All Gender Restroom(s)","Yes","40.883625","-73.894476",,"Point","[-73.8945,40.8836]","https://www.nypl.org/locations/van-cortlandt"
"City Island Library, NYPL","Library","NYPL","Operational","Year Round","Sunday: Closed 
Monday: 11:00 am - 7:00 pm 
Tuesday: 11:00 am - 6:00 pm
Wednesday: 11:00 am - 6:00 pm
Thursday: 11:00 am - 7:00 pm
Friday: 10:00 am - 5:00 pm 
Saturday: 10:00 am - 5:00 pm","Fully Accessible","Single-Stall All Gender Restroom(s)","Yes","40.847700","-73.786368",,"Point","[-73.7864,40.8477]","https://www.nypl.org/locations/city-island"
"Throg's Neck Library, NYPL","Library","NYPL","Operational","Year Round","Sunday: Closed 
Monday: 10:00 am - 6:00 pm 
Tuesday: 10:00 pm - 6:00 pm 
Wednesday: 10:00 am - 6:00 pm 
Thursday: 10:00 pm - 6:00 pm 
Friday: 10:00 am - 5:00 pm 
Saturday: 10:00 am - 5:00 pm","Fully Accessible","Single-Stall All Gender Restroom(s)","No","40.822881","-73.819096",,"Point","[-73.8191,40.8229]","https://www.nypl.org/locations/throgs-neck"
"Edenwald Library, NYPL","Library","NYPL","Operational","Year Round","Sunday: Closed 
Monday: 10:00 am - 7:00 pm 
Tuesday: 10:00 am - 7:00 pm
Wednesday: 10:00 am - 7:00 pm
Thursday: 10:00 am - 7:00 pm
Friday: 10:00 am - 6:00 pm 
Saturday: 10:00 am - 5:00 pm","Fully Accessible","Single-Stall All Gender Restroom(s)","No","40.888903","-73.840839",,"Point","[-73.8408,40.8889]","https://www.nypl.org/locations/edenwald"
"Wakefield Library, NYPL","Library","NYPL","Operational","Year Round","Sunday: Closed 
Monday: 10:00 am - 7:00 pm 
Tuesday: 10:00 pm - 7:00 pm 
Wednesday: 10:00 am - 7:00 pm 
Thursday: 10:00 pm - 7:00 pm 
Friday: 10:00 am - 5:00 pm 
Saturday: 10:00 am - 5:00 pm","Fully Accessible","Both Single-Stall All Gender and Multi-Stall W/M","""Yes, in single-stall all gender restroom only""","40.891093","-73.859583",,"Point","[-73.8596,40.8911]","https://www.nypl.org/locations/wakefield"
"Allerton Library, NYPL","Library","NYPL","Operational","Year Round","Sunday: Closed 
Monday: 10:00 am - 6:00 pm 
Tuesday: 10:00 am - 6:00 pm
Wednesday: 10:00 am - 6:00 pm
Thursday: 10:00 am - 6:00 pm
Friday: 10:00 am - 6:00 pm 
Saturday: 10:00 am - 5:00 pm","Fully Accessible","Single-Stall All Gender Restroom(s)","Yes","40.866813","-73.863224",,"Point","[-73.8632,40.8668]","https://www.nypl.org/locations/allerton"
"Mosholu Library, NYPL","Library","NYPL","Operational","Year Round","Sunday: Closed 
Monday: 11:00 am - 7:00 pm 
Tuesday: 11:00 am - 7:00 pm 
Wednesday: 11:00 am - 7:00 pm 
Thursday: 11:00 am - 7:00 pm 
Friday: 10:00 am - 5:00 pm 
Saturday: 10:00 am - 5:00 pm","Fully Accessible","Both Single-Stall All Gender and Multi-Stall W/M","""Yes, in single-stall all gender restroom only""","40.874388","-73.878386",,"Point","[-73.8784,40.8744]","https://www.nypl.org/locations/mosholu"
"Jerome Park Library, NYPL","Library","NYPL","Operational","Year Round","Sunday: Closed 
Monday: 10:00 am - 7:00 pm 
Tuesday: 10:00 pm - 7:00 pm 
Wednesday: 10:00 am - 7:00 pm 
Thursday: 10:00 pm - 7:00 pm 
Friday: 10:00 am - 5:00 pm 
Saturday: 10:00 am - 5:00 pm","Fully Accessible","Single-Stall All Gender Restroom(s)","Yes","40.869078","-73.901194",,"Point","[-73.9012,40.8691]","https://www.nypl.org/locations/jerome-park"
"Eastchester Library, NYPL","Library","NYPL","Operational","Year Round","Sunday: Closed 
Monday: 10:00 am - 7:00 pm 
Tuesday: 10:00 am - 7:00 pm
Wednesday: 10:00 am - 7:00 pm
Thursday: 10:00 am - 7:00 pm
Friday: 10:00 am - 5:00 pm 
Saturday: 10:00 am - 5:00 pm","Fully Accessible","Single-Stall All Gender Restroom(s)","No","40.870148","-73.845066",,"Point","[-73.8451,40.8701]","https://www.nypl.org/locations/eastchester"
"Woodlawn Heights Library, NYPL","Library","NYPL","Operational","Year Round","Sunday: Closed 
Monday: 10:00 am - 7:00 pm 
Tuesday: 10:00 pm - 7:00 pm 
Wednesday: 10:00 am - 7:00 pm 
Thursday: 10:00 pm - 7:00 pm 
Friday: 10:00 am - 5:00 pm 
Saturday: 10:00 am - 5:00 pm","Fully Accessible","Single-Stall All Gender Restroom(s)","No","40.900448","-73.867943",,"Point","[-73.8679,40.9004]","https://www.nypl.org/locations/woodlawn-heights"
"Astoria Library, QPL","Library","QPL","Operational","Year Round","Sunday: Closed 
Monday: 10:00 am - 6:00 pm 
Tuesday: 1:00 pm - 6:00 pm 
Wednesday: 10:00 am - 6:00 pm 
Thursday: 12:00 pm - 8:00 pm 
Friday: 10:00 am - 6:00 pm 
Saturday: 10:00 am - 5:00 pm",,"Single-Stall All Gender Restroom(s)","Yes","40.772384","-73.928743","Yes, a key is needed to enter","Point","[-73.9287,40.7724]","https://www.queenslibrary.org/about-us/locations/astoria"
"Riverdale Library, NYPL","Library","NYPL","Operational","Year Round","Sunday: Closed 
Monday: 10:00 am - 6:00 pm 
Tuesday: 10:00 pm - 6:00 pm 
Wednesday: 10:00 am - 6:00 pm 
Thursday: 10:00 pm - 6:00 pm 
Friday: 10:00 am - 5:00 pm 
Saturday: 10:00 am - 5:00 pm","Fully Accessible","Single-Stall All Gender Restroom(s)","No","40.903731","-73.902774",,"Point","[-73.9028,40.9037]","https://www.nypl.org/locations/riverdale"
"Spuyten Duyvil Library, NYPL","Library","NYPL","Operational","Year Round","Sunday: Closed 
Monday: 10:00 am - 6:00 pm 
Tuesday: 10:00 pm - 6:00 pm 
Wednesday: 10:00 am - 6:00 pm 
Thursday: 10:00 pm - 6:00 pm 
Friday: 10:00 am - 5:00 pm 
Saturday: 10:00 am - 5:00 pm","Partially Accessible","Single-Stall All Gender Restroom(s)","Yes","40.886294","-73.914652",,"Point","[-73.9147,40.8863]","https://www.nypl.org/locations/spuyten-duyvil"
"Clason's Point Library, NYPL","Library","NYPL","Operational","Year Round","Sunday: Closed 
Monday: 10:00 am - 7:00 pm 
Tuesday: 10:00 am - 7:00 pm
Wednesday: 10:00 am - 7:00 pm
Thursday: 10:00 am - 7:00 pm
Friday: 10:00 am - 5:00 pm 
Saturday: 10:00 am - 5:00 pm","Fully Accessible","Single-Stall All Gender Restroom(s)","Yes","40.830001","-73.875022",,"Point","[-73.875,40.83]","https://www.nypl.org/locations/clasons-point"
"Castle Hill Library, NYPL","Library","NYPL","Operational","Year Round","Sunday: Closed 
Monday: 10:00 am - 6:00 pm 
Tuesday: 10:00 am - 6:00 pm
Wednesday: 10:00 am - 6:00 pm
Thursday: 10:00 am - 6:00 pm
Friday: 10:00 am - 5:00 pm 
Saturday: 10:00 am - 5:00 pm","Fully Accessible","Single-Stall All Gender Restroom(s)","No","40.826638","-73.850172",,"Point","[-73.8502,40.8266]","https://www.nypl.org/locations/castle-hill"
"Soundview Library, NYPL","Library","NYPL","Operational","Year Round","Sunday: Closed 
Monday: 10:00 am - 6:00 pm 
Tuesday: 10:00 pm - 6:00 pm 
Wednesday: 10:00 am - 6:00 pm 
Thursday: 10:00 pm - 6:00 pm 
Friday: 10:00 am - 5:00 pm 
Saturday: 10:00 am - 5:00 pm","Partially Accessible","Single-Stall All Gender Restroom(s)","No","40.818718","-73.862891",,"Point","[-73.8629,40.8187]","https://www.nypl.org/locations/soundview"
"Baychester Library, NYPL","Library","NYPL","Operational","Year Round","Sunday: Closed 
Monday: 10:00 am - 7:00 pm 
Tuesday: 10:00 pm - 7:00 pm 
Wednesday: 10:00 am - 7:00 pm 
Thursday: 10:00 pm - 7:00 pm 
Friday: 10:00 am - 6:00 pm 
Saturday: 10:00 am - 5:00 pm","Fully Accessible","Single-Stall All Gender Restroom(s)","No","40.870762","-73.829317",,"Point","[-73.8293,40.8708]","https://www.nypl.org/locations/baychester"
"Brooklyn Heights Library, BPL","Library","BPL","Operational","Year Round","Monday	10 am - 6 pm
Tuesday	1 pm - 8 pm
Wednesday	10 am - 6 pm
Thursday 10 am - 8 pm
Friday	10 am - 6 pm
Saturday	10 am - 5 pm
Sunday	1 pm - 5 pm","Fully Accessible","Both Single-Stall All Gender and Multi-Stall W/M","Yes","40.695691","-73.991349",,"Point","[-73.9913,40.6957]","https://www.bklynlibrary.org/locations/brooklyn-heights"
"Rugby Library, BPL","Library","BPL","Operational","Year Round","Monday	10 am - 6 pm
Tuesday	1 pm - 8 pm
Wednesday	10 am - 6 pm
Thursday	10 am - 8 pm
Friday	10 am - 6 pm
Saturday	10 am - 5 pm
Sunday	CLOSED","Fully Accessible","Single-Stall All Gender Restroom(s)","No","40.648628","-73.930358",,"Point","[-73.9304,40.6486]","https://www.bklynlibrary.org/locations/rugby"
"Walt Whitman Library, BPL","Library","BPL","Closed for Construction","Year Round",,"Fully Accessible","Single-Stall All Gender Restroom(s)","Yes","40.694498","-73.977734",,"Point","[-73.9777,40.6945]","https://www.bklynlibrary.org/locations/walt-whitman"
"Bushwick Library, BPL","Library","BPL","Operational","Year Round","Monday	10 am - 6 pm
Tuesday	1 pm - 8 pm
Wednesday	10 am - 6 pm
Thursday	10 am - 8 pm
Friday	10 am - 6 pm
Saturday	10 am - 5 pm
Sunday	CLOSED","Fully Accessible","Single-Stall All Gender Restroom(s)","Yes","40.704567","-73.939620",,"Point","[-73.9396,40.7046]","https://www.bklynlibrary.org/locations/bushwick"
"Arlington Library, BPL","Library","BPL","Operational","Year Round","Monday	10 am - 6 pm
Tuesday	1 pm - 8 pm
Wednesday	10 am - 6 pm
Thursday	10 am - 8 pm
Friday	10 am - 6 pm
Saturday	10 am - 5 pm
Sunday	CLOSED","Fully Accessible","Single-Stall All Gender Restroom(s)","Yes","40.680698","-73.887239",,"Point","[-73.8872,40.6807]","https://www.bklynlibrary.org/locations/arlington"
"New Lots Library, BPL","Library","BPL","Operational","Year Round","Monday	10 am - 6 pm
Tuesday	1 pm - 8 pm
Wednesday	10 am - 6 pm
Thursday	10 am - 8 pm
Friday	10 am - 6 pm
Saturday	10 am - 5 pm
Sunday	1 pm - 5 pm","Fully Accessible","Both Single-Stall All Gender and Multi-Stall W/M","Yes","40.665168","-73.886072",,"Point","[-73.8861,40.6652]","https://www.bklynlibrary.org/locations/new-lots"
"Spring Creek Library, BPL","Library","BPL","Operational","Year Round","Monday	10 am - 6 pm
Tuesday	1 pm - 8 pm
Wednesday	10 am - 6 pm
Thursday	10 am - 8 pm
Friday	10 am - 6 pm
Saturday	10 am - 5 pm
Sunday	CLOSED","Fully Accessible","Single-Stall All Gender Restroom(s)","Yes","40.653218","-73.885868",,"Point","[-73.8859,40.6532]","https://www.bklynlibrary.org/locations/spring-creek"
"Bay Ridge Library, BPL","Library","BPL","Operational","Year Round","Monday	10 am - 6 pm
Tuesday	1 pm - 8 pm
Wednesday	10 am - 6 pm
Thursday	10 am - 8 pm
Friday	10 am - 6 pm
Saturday	10 am - 5 pm
Sunday	CLOSED","Fully Accessible","Both Single-Stall All Gender and Multi-Stall W/M","Yes","40.633634","-74.029540",,"Point","[-74.0295,40.6336]","https://www.bklynlibrary.org/locations/bay-ridge"
"Fort Hamilton Library, BPL","Library","BPL","Operational","Year Round","Monday	10 am - 6 pm
Tuesday	1 pm - 8 pm
Wednesday	10 am - 6 pm
Thursday	10 am - 8 pm
Friday	10 am - 6 pm
Saturday	10 am - 5 pm
Sunday	CLOSED","Fully Accessible","Single-Stall All Gender Restroom(s)","Yes","40.616381","-74.031371",,"Point","[-74.0314,40.6164]","https://www.bklynlibrary.org/locations/fort-hamilton"
"Cypress Hills Library, BPL","Library","BPL","Operational","Year Round","Monday	10 am - 6 pm
Tuesday	1 pm - 8 pm
Wednesday	10 am - 6 pm
Thursday	10 am - 8 pm
Friday	10 am - 6 pm
Saturday	10 am - 5 pm
Sunday	CLOSED","Fully Accessible","Single-Stall All Gender Restroom(s)","Yes","40.672716","-73.874036",,"Point","[-73.874,40.6727]","https://www.bklynlibrary.org/locations/cypress-hills"
"Williamsburgh Library, BPL","Library","BPL","Operational","Year Round","Monday	10 am - 6 pm
Tuesday	1 pm - 8 pm
Wednesday	10 am - 6 pm
Thursday	10 am - 8 pm
Friday	10 am - 6 pm
Saturday	10 am - 5 pm
Sunday	CLOSED","Fully Accessible","Single-Stall All Gender Restroom(s)","Yes","40.706939","-73.957556",,"Point","[-73.9576,40.7069]","https://www.bklynlibrary.org/locations/williamsburgh"
"Brownsville Library, BPL","Library","BPL","Operational","Year Round","Monday	10 am - 6 pm
Tuesday	1 pm - 8 pm
Wednesday	10 am - 6 pm
Thursday	10 am - 8 pm
Friday	10 am - 6 pm
Saturday	10 am - 5 pm
Sunday	CLOSED","Fully Accessible","Single-Stall All Gender Restroom(s)","Yes","40.671535","-73.908605",,"Point","[-73.9086,40.6715]","https://www.bklynlibrary.org/locations/brownsville"
"East Flatbush Library, BPL","Library","BPL","Operational","Year Round","Monday	10 am - 6 pm
Tuesday	1 pm - 8 pm
Wednesday	10 am - 6 pm
Thursday	10 am - 8 pm
Friday	10 am - 6 pm
Saturday	10 am - 5 pm
Sunday	CLOSED","Fully Accessible","Single-Stall All Gender Restroom(s)","Yes","40.655719","-73.914942",,"Point","[-73.9149,40.6557]","https://www.bklynlibrary.org/locations/east-flatbush"
"Stone Avenue Library, BPL","Library","BPL","Operational","Year Round","Monday	10 am - 6 pm
Tuesday	1 pm - 8 pm
Wednesday	10 am - 6 pm
Thursday	10 am - 8 pm
Friday	10 am - 6 pm
Saturday	10 am - 5 pm
Sunday	CLOSED","Fully Accessible","Both Single-Stall All Gender and Multi-Stall W/M","Yes","40.664508","-73.905251",,"Point","[-73.9053,40.6645]","https://www.bklynlibrary.org/locations/stone-avenue"
"Eastern Parkway Library, BPL","Library","BPL","Operational","Year Round","Monday	10 am - 6 pm
Tuesday	1 pm - 8 pm
Wednesday	10 am - 6 pm
Thursday	10 am - 8 pm
Friday	10 am - 6 pm
Saturday	10 am - 5 pm
Sunday	CLOSED","Fully Accessible","Single-Stall All Gender Restroom(s)","Yes","40.668495","-73.933652",,"Point","[-73.9337,40.6685]","https://www.bklynlibrary.org/locations/eastern-parkway"
"Kensington Library, BPL","Library","BPL","Operational","Year Round","Monday	10 am - 6 pm
Tuesday	1 pm - 8 pm
Wednesday	10 am - 6 pm
Thursday	10 am - 8 pm
Friday	10 am - 6 pm
Saturday	10 am - 5 pm
Sunday	CLOSED","Fully Accessible","Single-Stall All Gender Restroom(s)","Yes","40.631300","-73.975437","The restrooms have a free feminine hygiene product dispenser.","Point","[-73.9754,40.6313]","https://www.bklynlibrary.org/locations/kensington"
"Windsor Terrace Library, BPL","Library","BPL","Operational","Year Round","Monday	10 am - 6 pm
Tuesday	1 pm - 8 pm
Wednesday	10 am - 6 pm
Thursday	10 am - 8 pm
Friday	10 am - 6 pm
Saturday	10 am - 5 pm
Sunday	CLOSED","Partially Accessible","Single-Stall All Gender Restroom(s)","Yes","40.648758","-73.976760",,"Point","[-73.9768,40.6488]","https://www.bklynlibrary.org/locations/windsor-terrace"
"New Utrecht Library, BPL","Library","BPL","Operational","Year Round","Monday	10 am - 6 pm
Tuesday	1 pm - 8 pm
Wednesday	10 am - 6 pm
Thursday	10 am - 8 pm
Friday	10 am - 6 pm
Saturday	10 am - 5 pm
Sunday	CLOSED","Fully Accessible","Both Single-Stall All Gender and Multi-Stall W/M","Yes","40.608018","-74.003378",,"Point","[-74.0034,40.608]","https://www.bklynlibrary.org/locations/new-utrecht"
"Ulmer Park Library, BPL","Library","BPL","Operational","Year Round","Monday	10 am - 6 pm
Tuesday	1 pm - 8 pm
Wednesday	10 am - 6 pm
Thursday	10 am - 8 pm
Friday	10 am - 6 pm
Saturday	10 am - 5 pm
Sunday	CLOSED","Fully Accessible","Single-Stall All Gender Restroom(s)","Yes","40.592693","-73.988629",,"Point","[-73.9886,40.5927]","https://www.bklynlibrary.org/locations/ulmer-park"
"Park Slope Library, BPL","Library","BPL","Operational","Year Round","Monday	10 am - 6 pm
Tuesday	1 pm - 8 pm
Wednesday	10 am - 6 pm
Thursday	10 am - 8 pm
Friday	10 am - 6 pm
Saturday	10 am - 5 pm
Sunday	CLOSED","Fully Accessible","Single-Stall All Gender Restroom(s)","Yes","40.668243","-73.983457",,"Point","[-73.9835,40.6682]","https://www.bklynlibrary.org/locations/park-slope"
"Brower Park Library, BPL","Library","BPL","Operational","Year Round","Monday	10 am - 6 pm
Tuesday	1 pm - 8 pm
Wednesday	10 am - 6 pm
Thursday	10 am - 8 pm
Friday	10 am - 6 pm
Saturday	10 am - 5 pm
Sunday	CLOSED","Fully Accessible","Single-Stall All Gender Restroom(s)","Yes","40.675379","-73.948568",,"Point","[-73.9486,40.6754]","https://www.bklynlibrary.org/locations/brower-park"
"Marcy Library, BPL","Library","BPL","Operational","Year Round","Monday	10 am - 6 pm
Tuesday	1 pm - 8 pm
Wednesday	10 am - 6 pm
Thursday	10 am - 8 pm
Friday	10 am - 6 pm
Saturday	10 am - 5 pm
Sunday	CLOSED","Fully Accessible","Single-Stall All Gender Restroom(s)","Yes","40.691631","-73.951285",,"Point","[-73.9513,40.6916]","https://www.bklynlibrary.org/locations/marcy"
"Pacific Library, BPL","Library","BPL","Operational","Year Round","Monday	10 am - 6 pm
Tuesday	1 pm - 8 pm
Wednesday	10 am - 6 pm
Thursday	10 am - 8 pm
Friday	10 am - 6 pm
Saturday	10 am - 5 pm
Sunday	CLOSED","Partially Accessible","Both Single-Stall All Gender and Multi-Stall W/M","Yes","40.683475","-73.978585",,"Point","[-73.9786,40.6835]","https://www.bklynlibrary.org/locations/pacific"
"Borough Park Library, BPL","Library","BPL","Operational","Year Round","Monday	10 am - 6 pm
Tuesday	1 pm - 8 pm
Wednesday	10 am - 6 pm
Thursday	10 am - 8 pm
Friday	10 am - 6 pm
Saturday	1 pm - 5 pm 
Sunday	12 pm to 5 pm","Partially Accessible","Both Single-Stall All Gender and Multi-Stall W/M","Yes","40.638897","-73.989005",,"Point","[-73.989,40.6389]","https://www.bklynlibrary.org/locations/borough-park"
"McKinley Park Library, BPL","Library","BPL","Operational","Year Round","Monday	10 am - 6 pm
Tuesday	1 pm - 8 pm
Wednesday	10 am - 6 pm
Thursday	10 am - 8 pm
Friday	10 am - 6 pm
Saturday	10 am - 5 pm
Sunday	CLOSED","Fully Accessible","Single-Stall All Gender Restroom(s)","Yes","40.629196","-74.011839",,"Point","[-74.0118,40.6292]","https://www.bklynlibrary.org/locations/dyker"
"Sunset Park Library, BPL","Library","BPL","Operational","Year Round","Monday	10 am - 6 pm
Tuesday	1 pm - 8 pm
Wednesday	10 am - 6 pm
Thursday	10 am - 8 pm
Friday	10 am - 6 pm
Saturday	10 am - 5 pm
Sunday	CLOSED","Partially Accessible","Single-Stall All Gender Restroom(s)","Yes","40.645920","-74.013631",,"Point","[-74.0136,40.6459]","https://www.bklynlibrary.org/locations/sunset-park"
"DeKalb Library, BPL","Library","BPL","Operational","Year Round","Monday	10 am - 6 pm
Tuesday	1 pm - 8 pm
Wednesday	10 am - 6 pm
Thursday	10 am - 8 pm
Friday	10 am - 6 pm
Saturday	10 am - 5 pm
Sunday	CLOSED","Partially Accessible","Both Single-Stall All Gender and Multi-Stall W/M","Yes","40.694825","-73.928400",,"Point","[-73.9284,40.6948]","https://www.bklynlibrary.org/locations/dekalb"
"Greenpoint Library, BPL","Library","BPL","Operational","Year Round","Monday	10 am - 6 pm
Tuesday	1 pm - 8 pm
Wednesday	10 am - 6 pm
Thursday	10 am - 8 pm
Friday	10 am - 6 pm
Saturday	10 am - 5 pm
Sunday	1 pm - 5 pm","Fully Accessible","Single-Stall All Gender Restroom(s)","Yes","40.726036","-73.950696",,"Point","[-73.9507,40.726]","https://www.bklynlibrary.org/locations/greenpoint"
"Gravesend Library, BPL","Library","BPL","Closed for Construction","Year Round",,"Fully Accessible","Single-Stall All Gender Restroom(s)","Yes","40.590553","-73.971810",,"Point","[-73.9718,40.5906]","https://www.bklynlibrary.org/locations/gravesend"
"Highlawn Library, BPL","Library","BPL","Operational","Year Round","Monday	10 am - 6 pm
Tuesday	1 pm - 8 pm
Wednesday	10 am - 6 pm
Thursday	10 am - 8 pm
Friday	10 am - 6 pm
Saturday	10 am - 5 pm
Sunday	CLOSED","Fully Accessible","Single-Stall All Gender Restroom(s)","Yes","40.605701","-73.986248",,"Point","[-73.9862,40.6057]","https://www.bklynlibrary.org/locations/highlawn"
"Coney Island Library, BPL","Library","BPL","Operational","Year Round","Monday	10 am - 6 pm
Tuesday	1 pm - 8 pm
Wednesday	10 am - 6 pm
Thursday	10 am - 8 pm
Friday	10 am - 6 pm
Saturday	10 am - 5 pm
Sunday	CLOSED","Fully Accessible","Single-Stall All Gender Restroom(s)","Yes","40.576646","-73.986063",,"Point","[-73.9861,40.5766]","https://www.bklynlibrary.org/locations/coney-island-library"
"Crown Heights Library, BPL","Library","BPL","Operational","Year Round","Monday	10 am - 6 pm
Tuesday	1 pm - 8 pm
Wednesday	10 am - 6 pm
Thursday	10 am - 8 pm
Friday	10 am - 6 pm
Saturday	10 am - 5 pm
Sunday	CLOSED","Fully Accessible","Single-Stall All Gender Restroom(s)","Yes","40.661198","-73.948104",,"Point","[-73.9481,40.6612]","https://www.bklynlibrary.org/locations/crown-heights"
"Cortelyou Library, BPL","Library","BPL","Operational","Year Round","Monday	10 am - 6 pm
Tuesday	1 pm - 8 pm
Wednesday	10 am - 6 pm
Thursday	10 am - 8 pm
Friday	10 am - 6 pm
Saturday	10 am - 5 pm
Sunday	CLOSED","Fully Accessible","Single-Stall All Gender Restroom(s)",,"40.640812","-73.965966",,"Point","[-73.966,40.6408]","https://www.bklynlibrary.org/locations/cortelyou"
"Flatbush Library, BPL","Library","BPL","Operational","Year Round","Monday	10 am - 6 pm
Tuesday	1 pm - 8 pm
Wednesday	10 am - 6 pm
Thursday	10 am - 8 pm
Friday	10 am - 6 pm
Saturday	10 am - 5 pm
Sunday	CLOSED","Partially Accessible","Multi-Stall W/M Restrooms","Yes","40.651933","-73.958244",,"Point","[-73.9582,40.6519]","https://www.bklynlibrary.org/locations/flatbush"
"Dyker Library, BPL","Library","BPL","Operational","Year Round","Monday	10 am - 6 pm
Tuesday	1 pm - 8 pm
Wednesday	10 am - 6 pm
Thursday	10 am - 8 pm
Friday	10 am - 6 pm
Saturday	10 am - 5 pm
Sunday	CLOSED","Fully Accessible","Single-Stall All Gender Restroom(s)","Yes","40.616316","-74.011990",,"Point","[-74.012,40.6163]","https://www.bklynlibrary.org/locations/dyker"
"Midwood Library, BPL","Library","BPL","Operational","Year Round","Monday	10 am - 6 pm
Tuesday	1 pm - 8 pm
Wednesday	10 am - 6 pm
Thursday	10 am - 8 pm
Friday	10 am - 6 pm
Saturday	10 am - 5 pm
Sunday	1 pm - 5 pm","Partially Accessible","Single-Stall All Gender Restroom(s)","Yes","40.625902","-73.960316",,"Point","[-73.9603,40.6259]","https://www.bklynlibrary.org/locations/midwood"
"Gerritsen Beach Library, BPL","Library","BPL","Closed for Construction","Year Round","Monday	10 am - 6 pm
Tuesday	1 pm - 8 pm
Wednesday	10 am - 6 pm
Thursday	10 am - 8 pm
Friday	10 am - 6 pm
Saturday	10 am - 5 pm
Sunday	CLOSED","Fully Accessible","Single-Stall All Gender Restroom(s)","Yes","40.591379","-73.923939",,"Point","[-73.9239,40.5914]","https://www.bklynlibrary.org/locations/gerritsen-beach"
"Homecrest Library, BPL","Library","BPL","Operational","Year Round","Monday	10 am - 6 pm
Tuesday	1 pm - 8 pm
Wednesday	10 am - 6 pm
Thursday	10 am - 8 pm
Friday	10 am - 6 pm
Saturday	10 am - 5 pm
Sunday	CLOSED","Fully Accessible","Both Single-Stall All Gender and Multi-Stall W/M","Yes","40.595245","-73.960601",,"Point","[-73.9606,40.5952]","https://www.bklynlibrary.org/homecrest"
"Kings Bay Library, BPL","Library","BPL","Operational","Year Round","Monday	10 am - 6 pm
Tuesday	1 pm - 8 pm
Wednesday	10 am - 6 pm
Thursday	10 am - 8 pm
Friday	10 am - 6 pm
Saturday	10 am - 5 pm
Sunday	CLOSED","Fully Accessible","Multi-Stall W/M Restrooms","Yes","40.594870","-73.941126",,"Point","[-73.9411,40.5949]","https://www.bklynlibrary.org/locations/kings-bay"
"Kings Highway Library, BPL","Library","BPL","Operational","Year Round","Monday	10 am - 6 pm
Tuesday	1 pm - 8 pm
Wednesday	10 am - 6 pm
Thursday	10 am - 8 pm
Friday	10 am - 6 pm
Saturday	10 am - 5 pm
Sunday	1 pm - 5 pm","Fully Accessible","Both Single-Stall All Gender and Multi-Stall W/M","Yes","40.610265","-73.953107",,"Point","[-73.9531,40.6103]","https://www.bklynlibrary.org/locations/kings-highway"
"Auburndale Library, QPL","Library","QPL","Operational","Year Round","Sunday: Closed 
Monday: 10:00 am - 6:00 pm 
Tuesday: 1:00 pm - 6:00 pm 
Wednesday: 10:00 am - 6:00 pm 
Thursday: 12:00 pm - 8:00 pm 
Friday: 10:00 am - 6:00 pm 
Saturday: 10:00 am - 5:00 pm",,"Single-Stall All Gender Restroom(s)","Yes","40.773755","-73.796343","Yes, a key is needed to enter","Point","[-73.7963,40.7738]","https://www.queenslibrary.org/about-us/locations/auburndale"
"East Flushing Library, QPL","Library","QPL","Operational","Year Round","Sunday: Closed 
Monday: 10:00 am - 6:00 pm 
Tuesday: 1:00 pm - 6:00 pm 
Wednesday: 10:00 am - 6:00 pm 
Thursday: 12:00 pm - 8:00 pm 
Friday: 10:00 am - 6:00 pm 
Saturday: 10:00 am - 5:00 pm",,"Single-Stall All Gender Restroom(s)","Yes","40.757554","-73.784304","Yes, a key is needed to enter","Point","[-73.7843,40.7576]","https://www.queenslibrary.org/about-us/locations/east-flushing"
"Macon Library, BPL","Library","BPL","Operational","Year Round","Monday	10 am - 6 pm
Tuesday	1 pm - 8 pm
Wednesday	10 am - 6 pm
Thursday	10 am - 8 pm
Friday	10 am - 6 pm
Saturday	10 am - 5 pm
Sunday	1 pm - 5 pm","Fully Accessible","Single-Stall All Gender Restroom(s)","Yes","40.683013","-73.934807","closed until early july","Point","[-73.9348,40.683]","https://www.bklynlibrary.org/locations/macon"
"Saratoga Library, BPL","Library","BPL","Operational","Year Round","Monday	10 am - 6 pm
Tuesday	1 pm - 8 pm
Wednesday	10 am - 6 pm
Thursday	10 am - 8 pm
Friday	10 am - 6 pm
Saturday	10 am - 5 pm
Sunday	CLOSED","Fully Accessible","Both Single-Stall All Gender and Multi-Stall W/M","Yes","40.684818","-73.915134",,"Point","[-73.9151,40.6848]","https://www.bklynlibrary.org/locations/saratoga"
"Flatlands Library, BPL","Library","BPL","Operational","Year Round","Monday	10 am - 6 pm
Tuesday	1 pm - 8 pm
Wednesday	10 am - 6 pm
Thursday	10 am - 8 pm
Friday	10 am - 6 pm
Saturday	10 am - 5 pm
Sunday	CLOSED","Fully Accessible","Single-Stall All Gender Restroom(s)","Yes","40.619776","-73.933215",,"Point","[-73.9332,40.6198]","https://www.bklynlibrary.org/locations/flatlands"
"Mill Basin Library, BPL","Library","BPL","Operational","Year Round","Monday	10 am - 6 pm
Tuesday	1 pm - 8 pm
Wednesday	10 am - 6 pm
Thursday	10 am - 8 pm
Friday	10 am - 6 pm
Saturday	10 am - 5 pm
Sunday	CLOSED","Fully Accessible","Single-Stall All Gender Restroom(s)","Yes","40.619877","-73.917023",,"Point","[-73.917,40.6199]","https://www.bklynlibrary.org/locations/mill-basin"
"Paerdegat Library, BPL","Library","BPL","Operational","Year Round","Monday	10 am - 6 pm
Tuesday	1 pm - 8 pm
Wednesday	10 am - 6 pm
Thursday	10 am - 8 pm
Friday	10 am - 6 pm
Saturday	10 am - 5 pm
Sunday	CLOSED","Fully Accessible","Both Single-Stall All Gender and Multi-Stall W/M","Yes","40.632645","-73.919986",,"Point","[-73.92,40.6326]","https://www.bklynlibrary.org/locations/paerdegat"
"Brighton Beach Library, BPL","Library","BPL","Operational","Year Round","Monday	10 am - 6 pm
Tuesday	1 pm - 8 pm
Wednesday	10 am - 6 pm
Thursday	10 am - 8 pm
Friday	10 am - 6 pm
Saturday	10 am - 5 pm
Sunday	CLOSED","Fully Accessible","Both Single-Stall All Gender and Multi-Stall W/M","Yes","40.576116","-73.966776",,"Point","[-73.9668,40.5761]","https://www.bklynlibrary.org/locations/brighton-beach"
"Sheepshead Bay Library, BPL","Library","BPL","Operational","Year Round","Monday	10 am - 6 pm
Tuesday	1 pm - 8 pm
Wednesday	10 am - 6 pm
Thursday	10 am - 8 pm
Friday	10 am - 6 pm
Saturday	10 am - 5 pm
Sunday	CLOSED","Partially Accessible","Multi-Stall W/M Restrooms","No","40.587022","-73.955375",,"Point","[-73.9554,40.587]","https://www.bklynlibrary.org/locations/sheepshead-bay"
"Canarsie Library, BPL","Library","BPL","Operational","Year Round","Monday	10 am - 6 pm
Tuesday	1 pm - 8 pm
Wednesday	10 am - 6 pm
Thursday	10 am - 8 pm
Friday	10 am - 6 pm
Saturday	10 am - 5 pm
Sunday	CLOSED","Partially Accessible","Single-Stall All Gender Restroom(s)","Yes","40.642217","-73.899526",,"Point","[-73.8995,40.6422]","https://www.bklynlibrary.org/locations/canarsie"
"Jamaica Bay Library, BPL","Library","BPL","Operational","Year Round","Monday	10 am - 6 pm
Tuesday	1 pm - 8 pm
Wednesday	10 am - 6 pm
Thursday	10 am - 8 pm
Friday	10 am - 6 pm
Saturday	10 am - 5 pm
Sunday	CLOSED","Fully Accessible","Single-Stall All Gender Restroom(s)","Yes","40.634468","-73.889245",,"Point","[-73.8892,40.6345]","https://www.bklynlibrary.org/locations/jamaica-bay"
"Washington Irving Library, BPL","Library","BPL","Operational","Year Round",,"Fully Accessible","Single-Stall All Gender Restroom(s)","Yes","40.697503","-73.912202",,"Point","[-73.9122,40.6975]","https://www.bklynlibrary.org/locations/washington-irving"
"Brooklyn Central Library, BPL","Library","BPL","Operational","Year Round","Monday	9 am - 8 pm
Tuesday	9 am - 8 pm
Wednesday	9 am - 8 pm
Thursday	9 am - 8 pm
Friday	9 am - 6 pm
Saturday	9 am - 6 pm
Sunday	1 pm - 5 pm","Fully Accessible","Both Single-Stall All Gender and Multi-Stall W/M","Yes","40.672352","-73.968226",,"Point","[-73.9682,40.6724]","https://www.bklynlibrary.org/locations/central"
"Clinton Hill Library, BPL","Library","BPL","Operational","Year Round","Monday	10 am - 6 pm
Tuesday	1 pm - 8 pm
Wednesday	10 am - 6 pm
Thursday	10 am - 8 pm
Friday	10 am - 6 pm
Saturday	10 am - 5 pm
Sunday	CLOSED","Fully Accessible","Single-Stall All Gender Restroom(s)","Yes","40.687387","-73.966032",,"Point","[-73.966,40.6874]","https://www.bklynlibrary.org/locations/clinton-hill"
"McGoldrick Library, QPL","Library","QPL","Operational","Year Round","Sunday: Closed 
Monday: 10:00 am - 6:00 pm 
Tuesday: 1:00 pm - 6:00 pm 
Wednesday: 10:00 am - 6:00 pm 
Thursday: 12:00 pm - 8:00 pm 
Friday: 10:00 am - 6:00 pm 
Saturday: 10:00 am - 5:00 pm",,"Multi-Stall All Gender Restrooms","""Yes, in single-stall all gender restroom only""","40.763759","-73.809835","Yes, a key is needed to enter","Point","[-73.8098,40.7638]","https://www.queenslibrary.org/about-us/locations/mcgoldrick"
"Mitchell-Linden Library, QPL","Library","QPL","Operational","Year Round","Sunday: Closed 
Monday: 10:00 am - 6:00 pm 
Tuesday: 1:00 pm - 6:00 pm 
Wednesday: 10:00 am - 6:00 pm 
Thursday: 12:00 pm - 8:00 pm 
Friday: 10:00 am - 6:00 pm 
Saturday: 10:00 am - 5:00 pm",,"Single-Stall All Gender Restroom(s)","Yes","40.769150","-73.826942",,"Point","[-73.8269,40.7692]","https://www.queenslibrary.org/about-us/locations/mitchell-linden"
"Flushing Library, QPL","Library","QPL","Operational","Year Round","Sunday: Closed 
Monday: 10:00 am - 8:00 pm 
Tuesday: 10:00 am - 8:00 pm 
Wednesday: 10:00 am - 8:00 pm 
Thursday: 10:00 am - 8:00 pm 
Friday: 10:00 am - 6:00 pm 
Saturday: 10:00 am - 5:00 pm",,"Both Single-Stall All Gender and Multi-Stall W/M","Yes","40.757782","-73.828886",,"Point","[-73.8289,40.7578]","https://www.queenslibrary.org/about-us/locations/flushing"
"Poppenhusen Library, QPL","Library","QPL","Operational","Year Round","Sunday: Closed 
Monday: 10:00 am - 6:00 pm 
Tuesday: 1:00 pm - 6:00 pm 
Wednesday: 10:00 am - 6:00 pm 
Thursday: 12:00 pm - 8:00 pm 
Friday: 10:00 am - 6:00 pm 
Saturday: 10:00 am - 5:00 pm",,"Multi-Stall W/M Restrooms","""Yes, in women's restroom only""","40.786221","-73.846019","Yes, a key is needed to enter","Point","[-73.846,40.7862]","https://www.queenslibrary.org/about-us/locations/poppenhusen"
"Whitestone Library, QPL","Library","QPL","Operational","Year Round","Sunday: Closed 
Monday: 10:00 am - 6:00 pm 
Tuesday: 1:00 pm - 6:00 pm 
Wednesday: 10:00 am - 6:00 pm 
Thursday: 12:00 pm - 8:00 pm 
Friday: 10:00 am - 6:00 pm 
Saturday: 10:00 am - 5:00 pm",,"Single-Stall All Gender Restroom(s)","Yes","40.788549","-73.810703","Yes, a key is needed to enter","Point","[-73.8107,40.7885]","https://www.queenslibrary.org/about-us/locations/whitestone"
"Jackson Heights Library, QPL","Library","QPL","Operational","Year Round","Sunday: Closed 
Monday: 10:00 am - 6:00 pm 
Tuesday: 1:00 pm - 6:00 pm 
Wednesday: 10:00 am - 6:00 pm 
Thursday: 12:00 pm - 8:00 pm 
Friday: 10:00 am - 6:00 pm 
Saturday: 10:00 am - 5:00 pm",,"Both Single-Stall All Gender and Multi-Stall W/M","""Yes, in single-stall all gender restroom only""","40.750204","-73.885071","Yes, a key is needed to enter","Point","[-73.8851,40.7502]","https://www.queenslibrary.org/about-us/locations/jackson-heights"
"Bayside Library, QPL","Library","QPL","Operational","Year Round","Sunday: Closed 
Monday: 10:00 am - 6:00 pm 
Tuesday: 1:00 pm - 6:00 pm 
Wednesday: 10:00 am - 6:00 pm 
Thursday: 12:00 pm - 8:00 pm 
Friday: 10:00 am - 6:00 pm 
Saturday: 10:00 am - 5:00 pm",,"Single-Stall All Gender Restroom(s)","Yes","40.760134","-73.768363","Yes, a key is needed to enter","Point","[-73.7684,40.7601]","https://www.queenslibrary.org/about-us/locations/bayside"
"North Hills Library, QPL","Library","QPL","Operational","Year Round","Sunday: Closed 
Monday: 10:00 am - 6:00 pm 
Tuesday: 1:00 pm - 6:00 pm 
Wednesday: 10:00 am - 6:00 pm 
Thursday: 12:00 pm - 8:00 pm 
Friday: 10:00 am - 6:00 pm 
Saturday: 10:00 am - 5:00 pm",,"Single-Stall All Gender Restroom(s)","Yes","40.759262","-73.731839","Yes, a key is needed to enter","Point","[-73.7318,40.7593]","https://www.queenslibrary.org/about-us/locations/north-hills"
"Douglaston-Little Neck Library, QPL","Library","QPL","Operational","Year Round","Sunday: Closed 
Monday: 10:00 am - 6:00 pm 
Tuesday: 1:00 pm - 6:00 pm 
Wednesday: 10:00 am - 6:00 pm 
Thursday: 12:00 pm - 8:00 pm 
Friday: 10:00 am - 6:00 pm 
Saturday: 10:00 am - 5:00 pm",,"Single-Stall All Gender Restroom(s)","Yes","40.768234","-73.738231","Yes, a key is needed to enter","Point","[-73.7382,40.7682]","https://www.queenslibrary.org/about-us/locations/douglaston"
"Windsor Park Library, QPL","Library","QPL","Operational","Year Round","Sunday: Closed 
Monday: 10:00 am - 6:00 pm 
Tuesday: 1:00 pm - 6:00 pm 
Wednesday: 10:00 am - 6:00 pm 
Thursday: 12:00 pm - 8:00 pm 
Friday: 10:00 am - 6:00 pm 
Saturday: 10:00 am - 5:00 pm",,"Single-Stall All Gender Restroom(s)","Yes","40.734513","-73.755621","Yes, a key is needed to enter","Point","[-73.7556,40.7345]","https://www.queenslibrary.org/about-us/locations/windsor-park"
"Elmhurst Library, QPL","Library","QPL","Operational","Year Round","Sunday: Closed 
Monday: 10:00 am - 6:00 pm 
Tuesday: 1:00 pm - 6:00 pm 
Wednesday: 10:00 am - 6:00 pm 
Thursday: 12:00 pm - 8:00 pm 
Friday: 10:00 am - 6:00 pm 
Saturday: 10:00 am - 5:00 pm",,"Both Single-Stall All Gender and Multi-Stall W/M","""Yes, in single-stall all gender restroom only""","40.738563","-73.876823","Yes, a key is needed to enter","Point","[-73.8768,40.7386]","https://www.queenslibrary.org/about-us/locations/elmhurst"
"Fresh Meadows Library, QPL","Library","QPL","Operational","Year Round","Sunday: Closed 
Monday: 10:00 am - 6:00 pm 
Tuesday: 1:00 pm - 6:00 pm 
Wednesday: 10:00 am - 6:00 pm 
Thursday: 12:00 pm - 8:00 pm 
Friday: 10:00 am - 6:00 pm 
Saturday: 10:00 am - 5:00 pm",,"Single-Stall All Gender Restroom(s)","Yes","40.741591","-73.782283","Yes, a key is needed to enter","Point","[-73.7823,40.7416]","https://www.queenslibrary.org/about-us/locations/fresh-meadows"
"Pomonok Library, QPL","Library","QPL","Operational","Year Round","Sunday: Closed 
Monday: 10:00 am - 6:00 pm 
Tuesday: 1:00 pm - 6:00 pm 
Wednesday: 10:00 am - 6:00 pm 
Thursday: 12:00 pm - 8:00 pm 
Friday: 10:00 am - 6:00 pm 
Saturday: 10:00 am - 5:00 pm",,"Single-Stall All Gender Restroom(s)","Yes","40.732933","-73.810096","Yes, a key is needed to enter","Point","[-73.8101,40.7329]","https://www.queenslibrary.org/about-us/locations/pomonok"
"Kew Gardens Hills Library, QPL","Library","QPL","Operational","Year Round","Sunday: 12:00 pm - 5:00 pm 
Monday: 10:00 am - 6:00 pm 
Tuesday: 1:00 pm - 6:00 pm 
Wednesday: 10:00 am - 6:00 pm 
Thursday: 12:00 pm - 8:00 pm 
Friday: 10:00 am - 6:00 pm 
Saturday: Closed",,"Single-Stall All Gender Restroom(s)","Yes","40.725957","-73.820759",,"Point","[-73.8208,40.726]","https://www.queenslibrary.org/about-us/locations/kew-gardens-hills"
"Rego Park Library, QPL","Library","QPL","Operational","Year Round","Sunday: Closed 
Monday: 10:00 am - 6:00 pm 
Tuesday: 1:00 pm - 6:00 pm 
Wednesday: 10:00 am - 6:00 pm 
Thursday: 12:00 pm - 8:00 pm 
Friday: 10:00 am - 6:00 pm 
Saturday: 10:00 am - 5:00 pm",,"Single-Stall All Gender Restroom(s)","Yes","40.727325","-73.864504","Yes, a key is needed to enter","Point","[-73.8645,40.7273]","https://www.queenslibrary.org/about-us/locations/rego-park"
"Corona Library, QPL","Library","QPL","Operational","Year Round","Sunday: Closed 
Monday: 10:00 am - 6:00 pm 
Tuesday: 1:00 pm - 6:00 pm 
Wednesday: 10:00 am - 6:00 pm 
Thursday: 12:00 pm - 8:00 pm 
Friday: 10:00 am - 6:00 pm 
Saturday: 10:00 am - 5:00 pm",,"Single-Stall All Gender Restroom(s)","Yes","40.750902","-73.861978","Yes, a key is needed to enter","Point","[-73.862,40.7509]","https://www.queenslibrary.org/about-us/locations/corona"
"Ozone Park Library, QPL","Library","QPL","Operational","Year Round","Sunday: Closed 
Monday: 10:00 am - 6:00 pm 
Tuesday: 1:00 pm - 6:00 pm 
Wednesday: 10:00 am - 6:00 pm 
Thursday: 12:00 pm - 8:00 pm 
Friday: 10:00 am - 6:00 pm 
Saturday: 10:00 am - 5:00 pm",,"Single-Stall All Gender Restroom(s)","Yes","40.680875","-73.846490","Yes, a key is needed to enter","Point","[-73.8465,40.6809]","https://www.queenslibrary.org/about-us/locations/ozone-park"
"East Elmhurst Library, QPL","Library","QPL","Operational","Year Round","Sunday: Closed 
Monday: 10:00 am - 6:00 pm 
Tuesday: 1:00 pm - 6:00 pm 
Wednesday: 10:00 am - 6:00 pm 
Thursday: 12:00 pm - 8:00 pm 
Friday: 10:00 am - 6:00 pm 
Saturday: 10:00 am - 5:00 pm",,"Both Single-Stall All Gender and Multi-Stall W/M","""Yes, in single-stall all gender restroom only""","40.762430","-73.873868","Yes, a key is needed to enter","Point","[-73.8739,40.7624]","https://www.queenslibrary.org/about-us/locations/east-elmhurst"
"Langston Hughes Library, QPL","Library","QPL","Operational","Year Round","Sunday: Closed 
Monday: 10:00 am - 6:00 pm 
Tuesday: 1:00 pm - 6:00 pm 
Wednesday: 10:00 am - 6:00 pm 
Thursday: 12:00 pm - 8:00 pm 
Friday: 10:00 am - 6:00 pm 
Saturday: 10:00 am - 5:00 pm",,"Both Single-Stall All Gender and Multi-Stall W/M","""Yes, in single-stall all gender restroom only""","40.757586","-73.868201","Yes, a key is needed to enter","Point","[-73.8682,40.7576]","https://www.queenslibrary.org/about-us/locations/langston-hughes"
"Forest Hills Library, QPL","Library","QPL","Operational","Year Round","Sunday: Closed 
Monday: 10:00 am - 6:00 pm 
Tuesday: 1:00 pm - 6:00 pm 
Wednesday: 10:00 am - 6:00 pm 
Thursday: 12:00 pm - 8:00 pm 
Friday: 10:00 am - 6:00 pm 
Saturday: 10:00 am - 5:00 pm",,"Single-Stall All Gender Restroom(s)","Yes","40.722155","-73.843016","Yes, a key is needed to enter","Point","[-73.843,40.7222]","https://www.queenslibrary.org/about-us/locations/forest-hills"
"North Forest Park Library, QPL","Library","QPL","Operational","Year Round","Sunday: Closed 
Monday: 10:00 am - 6:00 pm 
Tuesday: 1:00 pm - 6:00 pm 
Wednesday: 10:00 am - 6:00 pm 
Thursday: 12:00 pm - 8:00 pm 
Friday: 10:00 am - 6:00 pm 
Saturday: 10:00 am - 5:00 pm",,"Single-Stall All Gender Restroom(s)","Yes","40.711165","-73.853674","Yes, a key is needed to enter","Point","[-73.8537,40.7112]","https://www.queenslibrary.org/about-us/locations/north-forest-park"
"Middle Village Library, QPL","Library","QPL","Operational","Year Round","Sunday: Closed 
Monday: 10:00 am - 6:00 pm 
Tuesday: 1:00 pm - 6:00 pm 
Wednesday: 10:00 am - 6:00 pm 
Thursday: 12:00 pm - 8:00 pm 
Friday: 10:00 am - 6:00 pm 
Saturday: 10:00 am - 5:00 pm",,"Single-Stall All Gender Restroom(s)","Yes","40.712942","-73.880861","Yes, a key is needed to enter","Point","[-73.8809,40.7129]","https://www.queenslibrary.org/about-us/locations/middle-village"
"Sunnyside Library, QPL","Library","QPL","Operational","Year Round","Sunday: Closed 
Monday: 10:00 am - 6:00 pm 
Tuesday: 1:00 pm - 6:00 pm 
Wednesday: 10:00 am - 6:00 pm 
Thursday: 12:00 pm - 8:00 pm 
Friday: 10:00 am - 6:00 pm 
Saturday: 10:00 am - 5:00 pm",,"Single-Stall All Gender Restroom(s)","Yes","40.740855","-73.921669",,"Point","[-73.9217,40.7409]","https://www.queenslibrary.org/about-us/locations/sunnyside"
"Woodside Library, QPL","Library","QPL","Operational","Year Round","Sunday: Closed 
Monday: 10:00 am - 6:00 pm 
Tuesday: 1:00 pm - 6:00 pm 
Wednesday: 10:00 am - 6:00 pm 
Thursday: 12:00 pm - 8:00 pm 
Friday: 10:00 am - 6:00 pm 
Saturday: 10:00 am - 5:00 pm",,"Single-Stall All Gender Restroom(s)","Yes","40.745350","-73.909795","Yes, a key is needed to enter","Point","[-73.9098,40.7454]","https://www.queenslibrary.org/about-us/locations/woodside"
"Maspeth Library, QPL","Library","QPL","Operational","Year Round","Sunday: Closed 
Monday: 10:00 am - 6:00 pm 
Tuesday: 1:00 pm - 6:00 pm 
Wednesday: 10:00 am - 6:00 pm 
Thursday: 12:00 pm - 8:00 pm 
Friday: 10:00 am - 6:00 pm 
Saturday: 10:00 am - 5:00 pm",,"Single-Stall All Gender Restroom(s)","Yes","40.727004","-73.893106",,"Point","[-73.8931,40.727]","https://www.queenslibrary.org/about-us/locations/maspeth"
"Woodhaven Library, QPL","Library","QPL","Operational","Year Round","Sunday: Closed 
Monday: 10:00 am - 6:00 pm 
Tuesday: 1:00 pm - 6:00 pm 
Wednesday: 10:00 am - 6:00 pm 
Thursday: 12:00 pm - 8:00 pm 
Friday: 10:00 am - 6:00 pm 
Saturday: 10:00 am - 5:00 pm",,"Single-Stall All Gender Restroom(s)","Yes","40.694539","-73.861459",,"Point","[-73.8615,40.6945]","https://www.queenslibrary.org/about-us/locations/woodhaven"
"Rosedale Library, QPL","Library","QPL","Operational","Year Round","Sunday: Closed 
Monday: 10:00 am - 6:00 pm 
Tuesday: 1:00 pm - 6:00 pm 
Wednesday: 10:00 am - 6:00 pm 
Thursday: 12:00 pm - 8:00 pm 
Friday: 10:00 am - 6:00 pm 
Saturday: 10:00 am - 5:00 pm",,"Single-Stall All Gender Restroom(s)","Yes","40.659972","-73.739912",,"Point","[-73.7399,40.66]","https://www.queenslibrary.org/about-us/locations/rosedale"
"Glendale Library, QPL","Library","QPL","Operational","Year Round","Sunday: Closed 
Monday: 10:00 am - 6:00 pm 
Tuesday: 1:00 pm - 6:00 pm 
Wednesday: 10:00 am - 6:00 pm 
Thursday: 12:00 pm - 8:00 pm 
Friday: 10:00 am - 6:00 pm 
Saturday: 10:00 am - 5:00 pm",,"Single-Stall All Gender Restroom(s)","Yes","40.702594","-73.875746",,"Point","[-73.8757,40.7026]","https://www.queenslibrary.org/about-us/locations/glendale"
"Ridgewood Library, QPL","Library","QPL","Operational","Year Round","Sunday: Closed 
Monday: 10:00 am - 6:00 pm 
Tuesday: 1:00 pm - 6:00 pm 
Wednesday: 10:00 am - 6:00 pm 
Thursday: 12:00 pm - 8:00 pm 
Friday: 10:00 am - 6:00 pm 
Saturday: 10:00 am - 5:00 pm",,"Single-Stall All Gender Restroom(s)","Yes","40.705235","-73.902590",,"Point","[-73.9026,40.7052]","https://www.queenslibrary.org/about-us/locations/ridgewood"
"Cambria Heights Library, QPL","Library","QPL","Operational","Year Round","Sunday: Closed 
Monday: 10:00 am - 6:00 pm 
Tuesday: 1:00 pm - 6:00 pm 
Wednesday: 10:00 am - 6:00 pm 
Thursday: 12:00 pm - 8:00 pm 
Friday: 10:00 am - 6:00 pm 
Saturday: 10:00 am - 5:00 pm",,"Single-Stall All Gender Restroom(s)","Yes","40.695731","-73.741164","Yes, a key is needed to enter","Point","[-73.7412,40.6957]","https://www.queenslibrary.org/about-us/locations/cambria-heights"
"South Hollis Library, QPL","Library","QPL","Operational","Year Round","Sunday: Closed 
Monday: 10:00 am - 6:00 pm 
Tuesday: 1:00 pm - 6:00 pm 
Wednesday: 10:00 am - 6:00 pm 
Thursday: 12:00 pm - 8:00 pm 
Friday: 10:00 am - 6:00 pm 
Saturday: 10:00 am - 5:00 pm",,"Single-Stall All Gender Restroom(s)","Yes","40.707012","-73.753799",,"Point","[-73.7538,40.707]","https://www.queenslibrary.org/about-us/locations/south-hollis"
"St. Albans Library, QPL","Library","QPL","Operational","Year Round","Sunday: Closed 
Monday: 10:00 am - 6:00 pm 
Tuesday: 1:00 pm - 6:00 pm 
Wednesday: 10:00 am - 6:00 pm 
Thursday: 12:00 pm - 8:00 pm 
Friday: 10:00 am - 6:00 pm 
Saturday: 10:00 am - 5:00 pm",,"Single-Stall All Gender Restroom(s)","Yes","40.692508","-73.760074","Yes, a key is needed to enter","Point","[-73.7601,40.6925]","https://www.queenslibrary.org/about-us/locations/st.albans"
"Howard Beach Library, QPL","Library","QPL","Operational","Year Round","Sunday: Closed 
Monday: 10:00 am - 6:00 pm 
Tuesday: 1:00 pm - 6:00 pm 
Wednesday: 10:00 am - 6:00 pm 
Thursday: 12:00 pm - 8:00 pm 
Friday: 10:00 am - 6:00 pm 
Saturday: 10:00 am - 5:00 pm",,"Single-Stall All Gender Restroom(s)","Yes","40.663819","-73.841804","Yes, a key is needed to enter","Point","[-73.8418,40.6638]","https://www.queenslibrary.org/about-us/locations/Howard-Beach/"
"South Ozone Park Library, QPL","Library","QPL","Operational","Year Round","Sunday: Closed 
Monday: 10:00 am - 6:00 pm 
Tuesday: 1:00 pm - 6:00 pm 
Wednesday: 10:00 am - 6:00 pm 
Thursday: 12:00 pm - 8:00 pm 
Friday: 10:00 am - 6:00 pm 
Saturday: 10:00 am - 5:00 pm",,"Single-Stall All Gender Restroom(s)","Yes","40.674792","-73.809263","Yes, a key is needed to enter","Point","[-73.8093,40.6748]","https://www.queenslibrary.org/about-us/locations/south-ozone-park"
"Richmond Hill Library, QPL","Library","QPL","Operational","Year Round","Sunday: Closed 
Monday: 10:00 am - 6:00 pm 
Tuesday: 1:00 pm - 6:00 pm 
Wednesday: 10:00 am - 6:00 pm 
Thursday: 12:00 pm - 8:00 pm 
Friday: 10:00 am - 6:00 pm 
Saturday: 10:00 am - 5:00 pm",,"Single-Stall All Gender Restroom(s)","Yes","40.700806","-73.831644","Yes, a key is needed to enter","Point","[-73.8316,40.7008]","https://www.queenslibrary.org/about-us/locations/richmond-hill"
"Lefferts Library, QPL","Library","QPL","Operational","Year Round","Sunday: Closed 
Monday: 10:00 am - 6:00 pm 
Tuesday: 1:00 pm - 6:00 pm 
Wednesday: 10:00 am - 6:00 pm 
Thursday: 12:00 pm - 8:00 pm 
Friday: 10:00 am - 6:00 pm 
Saturday: 10:00 am - 5:00 pm",,"Single-Stall All Gender Restroom(s)","Yes","40.686916","-73.824831","Yes, a key is needed to enter","Point","[-73.8248,40.6869]","https://www.queenslibrary.org/about-us/locations/lefferts"
"Hollis Library, QPL","Library","QPL","Closed for Construction","Year Round",,,"Single-Stall All Gender Restroom(s)","No","40.720175","-73.762322","Yes, a key is needed to enter","Point","[-73.7623,40.7202]","https://www.queenslibrary.org/about-us/locations/hollis"
"Bellerose Library, QPL","Library","QPL","Operational","Year Round","Sunday: Closed 
Monday: 10:00 am - 6:00 pm 
Tuesday: 1:00 pm - 6:00 pm 
Wednesday: 10:00 am - 6:00 pm 
Thursday: 12:00 pm - 8:00 pm 
Friday: 10:00 am - 6:00 pm 
Saturday: 10:00 am - 5:00 pm",,"Single-Stall All Gender Restroom(s)","Yes","40.735169","-73.717106","Yes, a key is needed to enter","Point","[-73.7171,40.7352]","https://www.queenslibrary.org/about-us/locations/bellerose"
"Queens Village Library, QPL","Library","QPL","Operational","Year Round","Sunday: Closed 
Monday: 10:00 am - 6:00 pm 
Tuesday: 1:00 pm - 6:00 pm 
Wednesday: 10:00 am - 6:00 pm 
Thursday: 12:00 pm - 8:00 pm 
Friday: 10:00 am - 6:00 pm 
Saturday: 10:00 am - 5:00 pm",,"Single-Stall All Gender Restroom(s)","Yes","40.719897","-73.739050","Yes, a key is needed to enter","Point","[-73.7391,40.7199]","https://www.queenslibrary.org/about-us/locations/queens-village"
"Far Rockaway Library, QPL","Library","QPL","Operational","Year Round","Sunday: Closed 
Monday: 10:00 am - 6:00 pm 
Tuesday: 1:00 pm - 6:00 pm 
Wednesday: 10:00 am - 6:00 pm 
Thursday: 12:00 pm - 8:00 pm 
Friday: 10:00 am - 6:00 pm 
Saturday: 10:00 am - 5:00 pm","Fully Accessible","Single-Stall All Gender Restroom(s)","""Yes, in women's restroom only""","40.604322","-73.752481",,"Point","[-73.7525,40.6043]","https://www.queenslibrary.org/about-us/locations/far-rockaway"
"Arverne Library, QPL","Library","QPL","Operational","Year Round","Sunday: Closed 
Monday: 10:00 am - 6:00 pm 
Tuesday: 1:00 pm - 6:00 pm 
Wednesday: 10:00 am - 6:00 pm 
Thursday: 12:00 pm - 8:00 pm 
Friday: 10:00 am - 6:00 pm 
Saturday: 10:00 am - 5:00 pm",,"Single-Stall All Gender Restroom(s)","Yes","40.593155","-73.784041",,"Point","[-73.784,40.5932]","https://www.queenslibrary.org/about-us/locations/arverne"
"Broad Channel Library, QPL","Library","QPL","Operational","Year Round","Sunday: Closed 
Monday: 10:00 am - 6:00 pm 
Tuesday: 1:00 pm - 6:00 pm 
Wednesday: 10:00 am - 6:00 pm 
Thursday: 12:00 pm - 8:00 pm 
Friday: 10:00 am - 6:00 pm 
Saturday: 10:00 am - 5:00 pm",,"Single-Stall All Gender Restroom(s)","Yes","40.600740","-73.820054","Yes, a key is needed to enter","Point","[-73.8201,40.6007]","https://www.queenslibrary.org/about-us/locations/broad-channel"
"Peninsula Library, QPL","Library","QPL","Operational","Year Round","Sunday: Closed 
Monday: 10:00 am - 6:00 pm 
Tuesday: 1:00 pm - 6:00 pm 
Wednesday: 10:00 am - 6:00 pm 
Thursday: 12:00 pm - 8:00 pm 
Friday: 10:00 am - 6:00 pm 
Saturday: 10:00 am - 5:00 pm",,"Single-Stall All Gender Restroom(s)","Yes","40.585872","-73.816066",,"Point","[-73.8161,40.5859]","https://www.queenslibrary.org/about-us/locations/peninsula"
"Queens Central Library, QPL","Library","QPL","Operational","Year Round","Sunday: Closed 
Monday: 10:00 am - 8:00 pm 
Tuesday: 10:00 am - 8:00 pm 
Wednesday: 10:00 am - 8:00 pm 
Thursday: 10:00 am - 8:00 pm 
Friday: 10:00 am - 6:00 pm 
Saturday: 10:00 am - 5:00 pm",,"Both Single-Stall All Gender and Multi-Stall W/M","Yes","40.707881","-73.794679","Yes, a key is needed to enter","Point","[-73.7947,40.7079]","https://www.queenslibrary.org/about-us/locations/central-library"
"South Jamaica Library, QPL","Library","QPL","Operational","Year Round","Sunday: Closed 
Monday: 10:00 am - 6:00 pm 
Tuesday: 1:00 pm - 6:00 pm 
Wednesday: 10:00 am - 6:00 pm 
Thursday: 12:00 pm - 8:00 pm 
Friday: 10:00 am - 6:00 pm 
Saturday: 10:00 am - 5:00 pm",,"Single-Stall All Gender Restroom(s)","No","40.695619","-73.790213","Yes, a key is needed to enter","Point","[-73.7902,40.6956]","https://www.queenslibrary.org/about-us/locations/south-jamaica"
"Baisley Park Library, QPL","Library","QPL","Operational","Year Round","Sunday: Closed 
Monday: 10:00 am - 6:00 pm 
Tuesday: 1:00 pm - 6:00 pm 
Wednesday: 10:00 am - 6:00 pm 
Thursday: 12:00 pm - 8:00 pm 
Friday: 10:00 am - 6:00 pm 
Saturday: 10:00 am - 5:00 pm",,"Single-Stall All Gender Restroom(s)","Yes","40.680320","-73.791680","Yes, a key is needed to enter","Point","[-73.7917,40.6803]","https://www.queenslibrary.org/about-us/locations/baisley-park"
"Rochdale Village Library, QPL","Library","QPL","Operational","Year Round","Sunday: Closed 
Monday: 10:00 am - 6:00 pm 
Tuesday: 1:00 pm - 6:00 pm 
Wednesday: 10:00 am - 6:00 pm 
Thursday: 12:00 pm - 8:00 pm 
Friday: 10:00 am - 6:00 pm 
Saturday: 10:00 am - 5:00 pm",,"Single-Stall All Gender Restroom(s)","Yes","40.672884","-73.770592","Yes, a key is needed to enter","Point","[-73.7706,40.6729]","https://www.queenslibrary.org/about-us/locations/rochdale-village"
"Briarwood Library, QPL","Library","QPL","Operational","Year Round","Sunday: Closed 
Monday: 10:00 am - 6:00 pm 
Tuesday: 1:00 pm - 6:00 pm 
Wednesday: 10:00 am - 6:00 pm 
Thursday: 12:00 pm - 8:00 pm 
Friday: 10:00 am - 6:00 pm 
Saturday: 10:00 am - 5:00 pm",,"Single-Stall All Gender Restroom(s)","Yes","40.710043","-73.819454","Yes, a key is needed to enter","Point","[-73.8195,40.71]","https://www.queenslibrary.org/about-us/locations/briarwood"
"Seaside Library, QPL","Library","QPL","Closed for Construction","Year Round",,"Fully Accessible","Single-Stall All Gender Restroom(s)","Yes","40.579413","-73.837748","Yes, a key is needed to enter","Point","[-73.8377,40.5794]","https://www.queenslibrary.org/about-us/locations/seaside"
"Charleston Library, NYPL","Library","NYPL","Operational","Year Round","Sunday: Closed 
Monday: 10:00 am - 7:00 pm 
Tuesday: 10:00 am - 7:00 pm 
Wednesday: 10:00 am - 7:00 pm 
Thursday: 10:00 am - 7:00 pm 
Friday: 10:00 am - 5:00 pm 
Saturday: 10:00 am - 5:00 pm","Fully Accessible","Single-Stall All Gender Restroom(s)","Yes","40.531061","-74.232184",,"Point","[-74.2322,40.5311]","https://www.nypl.org/locations/charleston"
"Hunters Point Library, QPL","Library","QPL","Operational","Year Round","Sunday: Closed 
Monday: 10:00 am - 6:00 pm 
Tuesday: 1:00 pm - 6:00 pm 
Wednesday: 10:00 am - 6:00 pm 
Thursday: 12:00 pm - 8:00 pm 
Friday: 10:00 am - 6:00 pm 
Saturday: 10:00 am - 5:00 pm",,"Both Single-Stall All Gender and Multi-Stall W/M","Yes","40.745269","-73.957960",,"Point","[-73.958,40.7453]","https://www.queenslibrary.org/about-us/locations/hunters-point"
"Center for Brooklyn History, BPL","Library","BPL","Operational","Year Round","Monday	10 am - 6 pm
Tuesday	10 am - 6 pm
Wednesday	10 am - 6 pm
Thursday	10 am - 6 pm
Friday	10 am - 6 pm
Saturday	10 am - 4 pm
Sunday	CLOSED","Fully Accessible","Single-Stall All Gender Restroom(s)","Yes","40.694811","-73.992406",,"Point","[-73.9924,40.6948]","https://www.bklynlibrary.org/locations/center-for-brooklyn-history"
"Adams Street Library, BPL","Library","BPL","Operational","Year Round","Monday	10 am - 6 pm
Tuesday	1 pm - 8 pm
Wednesday	10 am - 6 pm
Thursday	10 am - 8 pm
Friday	10 am - 6 pm
Saturday	10 am - 5 pm
Sunday	CLOSED","Fully Accessible","Single-Stall All Gender Restroom(s)","Yes","40.704143","-73.987999",,"Point","[-73.988,40.7041]","https://www.bklynlibrary.org/locations/adams-street"
"Queensbridge Tech Lab Library, QPL","Library","QPL","Operational","Year Round","Sunday: Closed 
Monday: 12:00 pm - 8:00 pm 
Tuesday: Closed 
Wednesday: 12:00 pm - 8:00 pm 
Thursday: 12:00 pm - 8:00 pm 
Friday: Closed 
Saturday: 10:00 am - 5:00 pm",,"Single-Stall All Gender Restroom(s)","No","40.754953","-73.944111","Yes, a key is needed to enter","Point","[-73.9441,40.755]","https://www.queenslibrary.org/programs-activities/technology-training/queensbridge-tech-lab"
"Hamilton Fish Park Library, NYPL","Library","NYPL","Closed for Construction","Future",,,,,"40.719788","-73.979425",,"Point","[-73.9794,40.7198]","https://www.nypl.org/locations/hamilton-fish-park"
"Muhlenberg Library, NYPL","Library","NYPL","Closed for Construction","Future",,,,,"40.744496","-73.995970",,"Point","[-73.996,40.7445]","https://www.nypl.org/locations/muhlenberg"
"Countee Cullen Library, NYPL","Library","NYPL","Operational","Year Round","Sunday: Closed 
Monday: 11:00 am - 7:00 pm 
Tuesday: 11:00 am - 7:00 pm 
Wednesday: 11:00 am - 7:00 pm 
Thursday: 11:00 am - 7:00 pm 
Friday: 11:00 am - 5:00 pm 
Saturday: 10:00 am - 5:00 pm","Fully Accessible","Both Single-Stall All Gender and Multi-Stall W/M","Yes","40.814844","-73.941162","Please note that the ADA lift is out of order at Countee Cullen Library. We apologize for any inconvenience.","Point","[-73.9412,40.8148]","https://www.nypl.org/locations/countee-cullen"
"Terence Cardinal Cooke-Cathedral Library, NYPL","Library","NYPL","Closed",,,,,,"40.756811","-73.972542",,"Point","[-73.9725,40.7568]","https://www.nypl.org/locations/cathedral"
"Aguilar Library, NYPL","Library","NYPL","Closed for Construction","Future",,,,,"40.794223","-73.943460",,"Point","[-73.9435,40.7942]","https://www.nypl.org/locations/aguilar"
"Fort Washington Library, NYPL","Library","NYPL","Operational","Year Round","Sunday	CLOSED
Monday	10:00 am - 6:00 pm 
Tuesday	10:00 am - 6:00 pm 
Wednesday	10:00 am - 6:00 pm 
Thursday	10:00 am - 6:00 pm 
Friday	10:00 am - 6:00 pm 
Saturday	10 AM–5 PM","Fully Accessible","Both Single-Stall All Gender and Multi-Stall W/M","Yes","40.847878","-73.933867",,"Point","[-73.9339,40.8479]","https://www.nypl.org/locations/fort-washington"
"125th Street Library, NYPL","Library","NYPL","Operational","Year Round","Sunday: Closed 
Monday: 11:00 am - 7:00 pm 
Tuesday: 10:00 am - 7:00 pm 
Wednesday: 10:00 am - 7:00 pm 
Thursday: 11:00 am - 7:00 pm 
Friday: 10:00 am - 5:00 pm 
Saturday: 10:00 am - 5:00 pm","Fully Accessible","Both Single-Stall All Gender and Multi-Stall W/M","Yes","40.803026","-73.934849",,"Point","[-73.9348,40.803]","https://www.nypl.org/locations/125th-street"
"Port Richmond Library, NYPL","Library","NYPL","Operational","Year Round","Sunday: Closed 
Monday: 11:00 am - 6:00 pm 
Tuesday: 11:00 am - 6:00 pm 
Wednesday: 11:00 am - 6:00 pm  
Thursday: 11:00 am - 6:00 pm 
Friday: 10:00 am - 5:00 pm 
Saturday: 10:00 am - 5:00 pm","Fully Accessible","Both Single-Stall All Gender and Multi-Stall W/M","Yes","40.637594","-74.131106",,"Point","[-74.1311,40.6376]","https://www.nypl.org/locations/port-richmond"
"Melrose Library, NYPL","Library","NYPL","Operational","Year Round","Sunday: Closed 
Monday: 10:00 am - 7:00 pm 
Tuesday: 10:00 am - 7:00 pm 
Wednesday: 10:00 am - 7:00 pm 
Thursday: 10:00 am - 7:00 pm 
Friday: 10:00 am - 5:00 pm 
Saturday: 10:00 am - 5:00 pm","Fully Accessible","Both Single-Stall All Gender and Multi-Stall W/M","Yes","40.826593","-73.917585",,"Point","[-73.9176,40.8266]","https://www.nypl.org/locations/melrose"
"Hunts Point Library, NYPL","Library","NYPL","Operational","Year Round","Sunday	CLOSED
Monday	10:00 am - 6:00 pm 
Tuesday	10:00 am - 6:00 pm 
Wednesday	10:00 am - 6:00 pm 
Thursday	10:00 am - 6:00 pm 
Friday	10:00 am - 6:00 pm 
Saturday	10:00 am - 5:00 pm","Fully Accessible","Both Single-Stall All Gender and Multi-Stall W/M","Yes","40.818678","-73.894134",,"Point","[-73.8941,40.8187]","https://www.nypl.org/locations/hunts-point"
"West Farms Library, NYPL","Library","NYPL","Operational","Year Round","Sunday: Closed 
Monday: 10:00 am - 7:00 pm 
Tuesday: 10:00 am - 7:00 pm
Wednesday: 10:00 am - 7:00 pm
Thursday: 10:00 am - 7:00 pm
Friday: 10:00 am - 5:00 pm 
Saturday: 10:00 am - 5:00 pm","Fully Accessible","Both Single-Stall All Gender and Multi-Stall W/M","Yes","40.844653","-73.883013",,"Point","[-73.883,40.8447]","https://www.nypl.org/locations/west-farms"
"Pelham Parkway-Van Nest Library, NYPL","Library","NYPL","Closed for Construction","Future","Sunday: Closed 
Monday: 10:00 am - 6:00 pm 
Tuesday: 10:00 pm - 6:00 pm 
Wednesday: 10:00 am - 6:00 pm 
Thursday: 10:00 pm - 6:00 pm 
Friday: 10:00 am - 6:00 pm 
Saturday: 10:00 am - 5:00 pm","Partially Accessible","Single-Stall All Gender Restroom(s)","No","40.854884","-73.864148",,"Point","[-73.8641,40.8549]","https://www.nypl.org/locations/pelham-parkway-van-nest"
"Ravenswood Library, QPL","Library","QPL","Operational","Year Round","Sunday: Closed 
Monday: 10:00 am - 6:00 pm 
Tuesday: 1:00 pm - 6:00 pm 
Wednesday: 10:00 am - 6:00 pm 
Thursday: 12:00 pm - 8:00 pm 
Friday: Closed 
Saturday: Closed",,"Single-Stall All Gender Restroom(s)","No","40.760688","-73.936405","Yes, a key is needed to enter","Point","[-73.9364,40.7607]","https://www.queenslibrary.org/about-us/locations/ravenswood"
"Broadway Library, QPL","Library","QPL","Operational","Year Round","Sunday: Closed
Monday: 10:00 am - 6:00 pm
Tuesday: 1:00 pm - 6:00 pm
Wednesday: 10:00 am - 6:00 pm
Thursday: 12:00 pm - 8:00 pm
Friday: 10:00 am - 6:00 pm
Saturday: 10:00 am - 5:00 pm","Fully Accessible","Both Single-Stall All Gender and Multi-Stall W/M","""Yes, in women's restroom only""","40.758538","-73.918625","Restrooms for adult are in the basement.
Restrooms for children are located on the 2nd floor in the Children's room and require keys.","Point","[-73.9186,40.7585]","https://www.queenslibrary.org/about-us/locations/broadway"
"Mapleton Library, BPL","Library","BPL","Closed for Construction","Year Round",,,,,"40.623100","-73.989442",,"Point","[-73.9894,40.6231]","https://www.bklynlibrary.org/locations/mapleton"
"Ryder Library, BPL","Library","BPL","Closed for Construction","Year Round",,,,,"40.615888","-73.975968",,"Point","[-73.976,40.6159]","https://www.bklynlibrary.org/locations/ryder"
"Clarendon Library, BPL","Library","BPL","Operational","Year Round","Monday	10 am - 6 pm
Tuesday	1 pm - 8 pm
Wednesday	10 am - 6 pm
Thursday	10 am - 8 pm
Friday	10 am - 6 pm
Saturday	10 am - 5 pm
Sunday	CLOSED","Fully Accessible",,,"40.635748","-73.947636",,"Point","[-73.9476,40.6357]","https://www.bklynlibrary.org/locations/clarendon"
"Leonard Library, BPL","Library","BPL","Closed for Construction","Year Round",,"Partially Accessible","Both Single-Stall All Gender and Multi-Stall W/M","Yes","40.713653","-73.947937",,"Point","[-73.9479,40.7137]","https://www.bklynlibrary.org/locations/leonard"
"Carroll Gardens Library, BPL","Library","BPL","Closed for Construction","Year Round",,"Fully Accessible","Single-Stall All Gender Restroom(s)","Yes","40.683222","-73.998020",,"Point","[-73.998,40.6832]","https://www.bklynlibrary.org/locations/carroll-gardens"
"Red Hook Library, BPL","Library","BPL","Operational","Year Round","10 am to 5 pm on weedays","Limited Accessibility","Single-Stall All Gender Restroom(s)",,"40.675249","-74.010344","Red Hook Library is in a temporary interim space 362 Van Brunt Street
Brooklyn, NY 11231","Point","[-74.0103,40.6752]","https://www.bklynlibrary.org/locations/red-hook"
"Bedford Library, BPL","Library","BPL","Operational","Year Round","Monday	10 am - 6 pm
Tuesday	1 pm - 8 pm
Wednesday	10 am - 6 pm
Thursday	10 am - 8 pm
Friday	10 am - 6 pm
Saturday	10 am - 5 pm
Sunday	CLOSED","Fully Accessible","Single-Stall All Gender Restroom(s)","Yes","40.681820","-73.956166",,"Point","[-73.9562,40.6818]","https://www.bklynlibrary.org/locations/bedford"
"Queensboro Hill Library, QPL","Library","QPL","Closed for Construction","Year Round",,,,,"40.742939","-73.825171",,"Point","[-73.8252,40.7429]","https://www.queenslibrary.org/about-us/locations/queensboro-hill"
"Bay Terrace Library, QPL","Library","QPL","Operational","Year Round","Sunday: Closed
Monday: 10:00 am - 6:00 pm
Tuesday: 1:00 pm - 6:00 pm
Wednesday: 10:00 am - 6:00 pm
Thursday: 12:00 pm - 8:00 pm
Friday: 10:00 am - 6:00 pm
Saturday: 10:00 am - 5:00 pm","Fully Accessible","Single-Stall All Gender Restroom(s)","Yes","40.782532","-73.777012","Each restroom is accessible by key.  They are handicap accessible restrooms. Two are located in our hallway: enter the branch, make a left at our simple scan station and go straight. Key ""A"" is to restroom ""A"" and Key ""B"" is to restroom B.  Our children's bathroom is located in the children's room: walk to the left and it is against the wall. The key is easily accessible, either on the children's desk in a basket or you may ask someone if the key is not found.","Point","[-73.777,40.7825]","https://www.queenslibrary.org/about-us/locations/bay-terrace"
"Hillcrest Library, QPL","Library","QPL","Operational","Year Round","Sunday: Closed
Monday: 10:00 am - 6:00 pm
Tuesday: 1:00 pm - 6:00 pm
Wednesday: 10:00 am - 6:00 pm
Thursday: 12:00 pm - 8:00 pm
Friday: 10:00 am - 6:00 pm
Saturday: 10:00 am - 5:00 pm","Fully Accessible","Single-Stall All Gender Restroom(s)","""Yes, in single-stall all gender restroom only""","40.729263","-73.781921","Only one restroom is partially ADA compliant.  One rest room requires a key another does not.","Point","[-73.7819,40.7293]","https://www.queenslibrary.org/about-us/locations/hillcrest"
"Laurelton Library, QPL","Library","QPL","Operational","Year Round","Sunday: Closed
Monday: 10:00 am - 6:00 pm
Tuesday: 1:00 pm - 6:00 pm
Wednesday: 10:00 am - 6:00 pm
Thursday: 12:00 pm - 8:00 pm
Friday: 10:00 am - 6:00 pm
Saturday: 10:00 am - 5:00 pm","Fully Accessible","Single-Stall All Gender Restroom(s)","""Yes, in women's restroom only""","40.676961","-73.745675","Yes, a key is needed to enter","Point","[-73.7457,40.677]","https://www.queenslibrary.org/about-us/locations/laurelton"
"Fulton St (A-C) MTA Restroom","Transit","NYCT","Operational","Year Round","Bathrooms are open from 7 a.m.-7 p.m., with a one-hour closure for cleaning from 12 noon-1 p.m.",,,,"40.710532","-74.009096","MTA station with bathrooms located outside of fare gates and open to the wider public","Point","[-74.0091,40.7105]","https://new.mta.info/agency/new-york-city-transit/bathrooms"
"Atlantic Ave Terminal LIRR Restroom","Transit","LIRR","Operational","Year Round","Bathrooms are open from 7 a.m.-7 p.m., with a one-hour closure for cleaning from 12 noon-1 p.m.",,,,"40.684909","-73.977681","MTA station with bathrooms located outside of fare gates and open to the wider public","Point","[-73.9777,40.6849]","https://new.mta.info/agency/new-york-city-transit/bathrooms"
"Grand Central (Metro North) LIRR Restroom","Transit","LIRR-MNR","Operational","Year Round","Bathrooms are open from 7 a.m.-7 p.m., with a one-hour closure for cleaning from 12 noon-1 p.m.",,,,"40.751816","-73.976715","MTA station with bathrooms located outside of fare gates and open to the wider public","Point","[-73.9767,40.7518]","https://new.mta.info/agency/new-york-city-transit/bathrooms"
"Jamaica LIRR Restroom","Transit","LIRR","Operational","Year Round","Bathrooms are open from 7 a.m.-7 p.m., with a one-hour closure for cleaning from 12 noon-1 p.m.",,,,"40.699608","-73.808531","MTA station with bathrooms located outside of fare gates and open to the wider public","Point","[-73.8085,40.6996]","https://new.mta.info/agency/new-york-city-transit/bathrooms"
"Penn Station LIRR Restroom","Transit","LIRR","Operational","Year Round","Bathrooms are open from 7 a.m.-7 p.m., with a one-hour closure for cleaning from 12 noon-1 p.m.",,,,"40.750588","-73.993581","MTA station with bathrooms located outside of fare gates and open to the wider public","Point","[-73.9936,40.7506]","https://new.mta.info/agency/new-york-city-transit/bathrooms"
"60 Wall Street POPS","Privately Owned Public Space","Cushman & Wakefield Inc.","Closed for Construction","Year Round","Everyday 7:00 am-10:00 pm",,,,"40.706249","-74.008506",,"Point","[-74.0085,40.7062]",
"805 Third Avenue POPS","Privately Owned Public Space","Cohen Brothers Real Estate Development Corporation","Operational","Year Round","Monday to Friday: 8:00 am-7:00 pm","Fully Accessible","Multi-Stall W/M Restrooms","No","40.755396","-73.970541",,"Point","[-73.9705,40.7554]",
"575 Fifth Avenue POPS","Privately Owned Public Space","575 Fifth Associates","Operational","Year Round","Everyday 7:00 am-12:00 am","Fully Accessible","Multi-Stall W/M Restrooms","Yes","40.756276","-73.978243",,"Point","[-73.9782,40.7563]",
"120 Park Avenue POPS","Privately Owned Public Space","Shorenstein Realty Services","Operational","Year Round","Monday to Saturday: 7:30 am-9:30 pm; Sunday: 11:00 am-7:00 pm","Fully Accessible","Single-Stall All Gender Restroom(s)","No","40.751936","-73.978306","Security will grant access to restrooms.","Point","[-73.9783,40.7519]",
"825 Eighth Avenue POPS","Privately Owned Public Space","George Comfort and Sons, Inc.","Operational","Year Round","Everyday 6:00 am-9:00 pm","Fully Accessible","Single-Stall All Gender Restroom(s)","No","40.762238","-73.986944",,"Point","[-73.9869,40.7622]",
"875 Third Avenue POPS","Privately Owned Public Space","Boston Properties Inc.","Operational","Year Round","Monday to Saturday: 7:00 am-11:00 pm; Sunday & holidays: 11:00 am-7:00 pm","Fully Accessible","Multi-Stall W/M Restrooms","""Yes, in women's restroom only""","40.757226","-73.969197",,"Point","[-73.9692,40.7572]",
"725 Fifth Avenue POPS","Privately Owned Public Space","The Trump Organization","Operational","Year Round","Everyday 8:00 am-10:00 pm",,"Multi-Stall W/M Restrooms","""Yes, in women's restroom only""","40.762319","-73.973895",,"Point","[-73.9739,40.7623]",
"645 Fifth Avenue POPS","Privately Owned Public Space","Oxford Properties","Operational","Year Round","Everyday 8:00 am-10:00 pm","Fully Accessible","Multi-Stall W/M Restrooms","No","40.759207","-73.976087",,"Point","[-73.9761,40.7592]",
"550 Madison Avenue POPS","Privately Owned Public Space","550 Madison Property Management","Operational","Year Round","Everyday 7:00 am-11:00 pm","Fully Accessible","Multi-Stall W/M Restrooms","Yes","40.761470","-73.973505","Restroom next to Black Box Coffee.","Point","[-73.9735,40.7615]",
"55 East 52nd Street POPS","Privately Owned Public Space","Park Avenue Plaza Owner LLC","Operational","Year Round","Everyday 8:00 am-10:00 pm","Partially Accessible","Single-Stall All Gender Restroom(s)","No","40.759132","-73.973672",,"Point","[-73.9737,40.7591]",
"153 East 53rd Street POPS","Privately Owned Public Space","Boston Properties","Operational","Year Round","Everyday 7:00am-11:00pm","Fully Accessible","Multi-Stall W/M Restrooms","Yes","40.758406","-73.970038",,"Point","[-73.97,40.7584]",
"2 Lincoln Square POPS","Privately Owned Public Space","Brown Harris Stevens","Operational","Year Round","Everyday 11:30 am-7:30 pm, except Mondays, Thanksgiving, Christmas, and New Year's; closed four times a year, each time for four consecutive days, for installation of new exhibits","Fully Accessible","Single-Stall All Gender Restroom(s)","Yes","40.773165","-73.981429","2 all Gender Restroom available in public American Folk Art Museum - Enclosed portion of Covered Plaza","Point","[-73.9814,40.7732]",
"61 West 62nd Street POPS","Privately Owned Public Space","Lincoln Center for the Performing Arts","Operational","Year Round","Monday to Friday: 8:00 am-10:00 pm; Saturday & Sunday: 9:00 am-10:00 pm","Fully Accessible","Single-Stall All Gender Restroom(s)","Yes","40.771123","-73.982838","Located within the David Rubenstein Atrium at Lincoln Center.","Point","[-73.9828,40.7711]",
"180 Maiden Lane POPS","Privately Owned Public Space","Greenberg Traurig, LLP","Operational","Year Round","Monday to Saturday:  8:30 am-10:00 pm; Sundays: 10:00 am-7:00 pm.","Fully Accessible","Single-Stall All Gender Restroom(s)","No","40.705277","-74.005516",,"Point","[-74.0055,40.7053]",
"Lopez Playground","Park","NYC Parks","Operational","Year Round","8am-4pm, Open later seasonally","Fully Accessible","Multi-Stall W/M Restrooms",,"40.611270","-74.085000",,"Point","[-74.085,40.6113]",
"Adventure Playground","Park","NYC Parks","Operational","Year Round","8am-4pm, Open later seasonally",,,"Yes","40.836800","-73.936600",,"Point","[-73.9366,40.8368]",
"Maspeth Park","Park","NYC Parks","Operational","Year Round","8am-4pm, Open later seasonally",,,"Yes","40.730900","-73.925400",,"Point","[-73.9254,40.7309]",
"Valentino Park and Pier","Public Plaza","NYC DOT/JCDecaux","Operational","Year Round","8am-8pm","Fully Accessible","Single-Stall All Gender Restroom(s)","No","40.678014","-74.017160","This unit is free to use.","Point","[-74.0172,40.678]","https://portal.311.nyc.gov/article/?kanumber=KA-02226"
"Library for Arts & Culture","Library","BPL","Operational","Year Round","Monday	10 am - 5 pm
Tuesday	10 am - 5 pm
Wednesday	10 am - 5 pm
Thursday	10 am - 5 pm
Friday	10 am - 5 pm
Saturday	10 am - 3 pm
Sunday	CLOSED",,,,"40.686541","-73.978502",,"Point","[-73.9785,40.6865]","https://www.bklynlibrary.org/locations/library-for-arts-and-culture"
"Al Quiñones Playground","Park","NYC Parks","Operational","Year Round","8am-4pm, Open later seasonally","Fully Accessible","Multi-Stall W/M Restrooms","Yes","40.815450","-73.901400",,"Point","[-73.9014,40.8154]",
"Arthur Kill Amusement Park","Park","NYC Parks Concessionaire","Operational","Seasonal","Tues-Sun 12pm-10pm","Fully Accessible","Multi-Stall W/M Restrooms","No","40.561486","-74.169255",,"Point","[-74.1693,40.5615]",
"Arthur Kill Restaurant","Park","NYC Parks Concessionaire","Operational","Seasonal","12:00pm-10:00pm","Fully Accessible","Multi-Stall W/M Restrooms","""Yes, in women's restroom only""","40.561117","-74.168707",,"Point","[-74.1687,40.5611]",
"Canarsie Park Zone 2","Park","NYC Parks","Operational","Year Round","8am-4pm, Open later seasonally",,,,"40.626151","-73.900317",,"Point","[-73.9003,40.6262]",
"Dairy, Chess & Checkers House, Carousel","Park","NYC Parks","Operational","Year Round","8am-4pm, Open later seasonally",,,,"40.769105","-73.974625",,"Point","[-73.9746,40.7691]",
"Father Macris Park","Park","NYC Parks","Operational","Year Round","8am-4pm, Open later seasonally",,,,"40.616810","-74.163049",,"Point","[-74.163,40.6168]",
"Fdr Brdwalk/South Beach Rest.","Park","NYC Parks Concessionaire","Operational","Year Round","6:00am-11:00pm","Fully Accessible","Both Single-Stall All Gender and Multi-Stall W/M","""Yes, in women's restroom only""","40.589199","-74.066463",,"Point","[-74.0665,40.5892]",
"Fidler-Wyckoff House Park","Park","NYC Parks","Operational","Year Round","Tuesday-Saturday","Fully Accessible",,,"40.644690","-73.920900",,"Point","[-73.9209,40.6447]",
"Fort #4 Playground","Park","NYC Parks","Operational","Year Round","8am-4pm, Open later seasonally",,,,"40.874230","-73.901045",,"Point","[-73.901,40.8742]",
"High Line Food And Other Facilities","Park","NYC Parks Concessionaire","Operational","Year Round","10:30am-10:30pm","Not Accessible","Both Single-Stall All Gender and Multi-Stall W/M","""Yes, in single-stall all gender restroom only""","40.739569","-74.008125",,"Point","[-74.0081,40.7396]",
"Hoyt Playground","Park","NYC Parks","Operational","Year Round","8am-4pm, Open later seasonally",,,,"40.772016","-73.917342",,"Point","[-73.9173,40.772]",
"Irving Square Park","Park","NYC Parks","Operational","Year Round","8am-4pm, Open later seasonally",,,,"40.692707","-73.909205",,"Point","[-73.9092,40.6927]",
"Jack Breininger Park","Park","NYC Parks","Operational","Year Round","8am-4pm, Open later seasonally","Fully Accessible","Both Single-Stall All Gender and Multi-Stall W/M","Yes","40.726030","-73.728900",,"Point","[-73.7289,40.726]",
"Joyce Kilmer Park","Park","NYC Parks","Operational","Year Round","8am-4pm, Open later seasonally",,,,"40.829594","-73.921635",,"Point","[-73.9216,40.8296]",
"Midland Beach Zone 4","Park","NYC Parks","Operational","Seasonal","8am-4pm, Open later seasonally",,,,"40.573606","-74.083955",,"Point","[-74.084,40.5736]",
"Mill Pond Indoor Tennis","Park","NYC Parks Concessionaire","Operational","Year Round",,"Fully Accessible","Multi-Stall W/M Restrooms","No","40.823539","-73.931668",,"Point","[-73.9317,40.8235]",
"Mill Pond Playground","Park","NYC Parks","Operational","Year Round","8am-4pm, Open later seasonally",,,,"40.820460","-73.931700",,"Point","[-73.9317,40.8205]",
"North Park Phase 1","Park","NYC Parks","Operational","Year Round","8am-4pm, Open later seasonally",,,,"40.587700","-74.185269",,"Point","[-74.1853,40.5877]",
"Owl Hollow Fields","Park","NYC Parks","Operational","Year Round","8am-4pm, Open later seasonally",,,,"40.560680","-74.196208",,"Point","[-74.1962,40.5607]",
"Pier 42","Park","NYC Parks","Operational","Year Round","8am-4pm, Open later seasonally",,,,"40.710380","-73.983400",,"Point","[-73.9834,40.7104]",
"Raymond O’Connor Park","Park","NYC Parks","Operational","Year Round","8am-4pm, Open later seasonally","Fully Accessible","Both Single-Stall All Gender and Multi-Stall W/M","No","40.771010","-73.779000",,"Point","[-73.779,40.771]",
"Rudd Playground","Park","NYC Parks","Operational","Seasonal","8am-4pm, Open later seasonally","Not Accessible","Multi-Stall W/M Restrooms","Yes","40.683320","-73.905000",,"Point","[-73.905,40.6833]",
"Starlight Park Zone 1","Park","NYC Parks","Operational","Year Round","8am-4pm, Open later seasonally",,,,"40.833733","-73.882888",,"Point","[-73.8829,40.8337]",
"Thomas Jefferson Park","Park","NYC Parks","Operational","Year Round","8am-4pm, Open later seasonally",,,,"40.793795","-73.934707",,"Point","[-73.9347,40.7938]",
"Van Cortlandt Stadium","Park","NYC Parks","Operational","Year Round","8am-4pm, Open later seasonally",,,,"40.888660","-73.898124",,"Point","[-73.8981,40.8887]",
