type;statut;adresse;arrondissement;horaire;acces_pmr;relais_bebe;url_fiche_equipement;geo_shape;geo_point_2d
Sanisette;En service;27 bd poissonniere;75002;24/24h;Oui;Non;;"{""coordinates"": [2.3436539998311914, 48.871311000377034], ""type"": ""Point""}";48.871311000377034, 2.3436539998311914
WC;Hors service;2 quai de l archeveche;75004;Horaires du parc;Non;Non;https://www.paris.fr/lieux/square-jean-xxiii-35;"{""coordinates"": [2.351064327131835, 48.85284931542226], ""type"": ""Point""}";48.85284931542226, 2.351064327131835
Sanisette;En service;119b rue saint-antoine;75004;23h57 - 23h58;Oui;Non;;"{""coordinates"": [2.3605029994385647, 48.855252999706806], ""type"": ""Point""}";48.855252999706806, 2.3605029994385647
Sanisette;En service;16 w rue buffon;75005;08h00 - 17h00;Oui;Non;;"{""coordinates"": [2.3606220006197094, 48.84433299987727], ""type"": ""Point""}";48.84433299987727, 2.3606220006197094
Sanisette;En service;135b bd du montparnasse;75006;06h00 - 22h00;Oui;Non;;"{""coordinates"": [2.332351000486413, 48.84122000004061], ""type"": ""Point""}";48.84122000004061, 2.332351000486413
Sanisette;En service;93b bd du montparnasse;75006;06h00 - 22h00;Non;Non;;"{""coordinates"": [2.3275829994274915, 48.84286800014476], ""type"": ""Point""}";48.84286800014476, 2.3275829994274915
Sanisette;En service;2t pl joffre;75007;24/24h;Oui;Non;;"{""coordinates"": [2.3051089994689358, 48.85433100021918], ""type"": ""Point""}";48.85433100021918, 2.3051089994689358
Sanisette;En service;2 rue de mazagran;75010;06h00 - 06h02;Non;Non;;"{""coordinates"": [2.3512069999291474, 48.87027700036826], ""type"": ""Point""}";48.87027700036826, 2.3512069999291474
Sanisette;En service;117 qu de valmy;75010;06h00 - 22h00;Non;Non;;"{""coordinates"": [2.363490000115806, 48.8753499999498], ""type"": ""Point""}";48.8753499999498, 2.363490000115806
Sanisette;En service;81b bd de la villette;75010;06h00 - 22h00;Oui;Non;;"{""coordinates"": [2.3708719998770422, 48.87743100005244], ""type"": ""Point""}";48.87743100005244, 2.3708719998770422
Sanisette;En service;1 av de verdun;75010;24/24h;Oui;Non;;"{""coordinates"": [2.3614029999510397, 48.87629499978287], ""type"": ""Point""}";48.87629499978287, 2.3614029999510397
Sanisette;En service;195 rue du faubourg poissonniere;75010;21h59 - 22h00;Oui;Non;;"{""coordinates"": [2.3496630005578174, 48.88326399964491], ""type"": ""Point""}";48.88326399964491, 2.3496630005578174
Sanisette;En service;28 rue du general guilhem;75011;06h00 - 23h59;Oui;Non;;"{""coordinates"": [2.3790769994169096, 48.86230200015077], ""type"": ""Point""}";48.86230200015077, 2.3790769994169096
Sanisette;En service;96 rue oberkampf;75011;06h00 - 22h00;Oui;Non;;"{""coordinates"": [2.37761300023142, 48.86576100043247], ""type"": ""Point""}";48.86576100043247, 2.37761300023142
Sanisette;En service;2 rue paul dukas;75012;06h00 - 22h00;Oui;Non;;"{""coordinates"": [2.392042000365784, 48.840502999686144], ""type"": ""Point""}";48.840502999686144, 2.392042000365784
WC;En service;30 rue du rendez-vous;75012;Horaires du parc;Oui;Non;https://www.paris.fr/lieux/jardin-debergue-rendez-vous-2848;"{""coordinates"": [2.4039110734655846, 48.84657172830047], ""type"": ""Point""}";48.84657172830047, 2.4039110734655846
Sanisette;En service;2 v bd de reuilly;75012;06h00 - 22h00;Oui;Non;;"{""coordinates"": [2.389580000482424, 48.838922999875344], ""type"": ""Point""}";48.838922999875344, 2.389580000482424
Sanisette;En service;2 av claudius regaud;75013;06h00 - 22h00;Oui;Non;;"{""coordinates"": [2.372721000201444, 48.82228900039548], ""type"": ""Point""}";48.82228900039548, 2.372721000201444
WC;En service;93 rue du chateau des rentiers;75013;Horaires du parc;Non;Non;https://www.paris.fr/lieux/square-florence-blumenthal-2523;"{""coordinates"": [2.3673178731393754, 48.827498385447356], ""type"": ""Point""}";48.827498385447356, 2.3673178731393754
WC;En service;22 rue de la fontaine a mulard;75013;Horaires du parc;Non;Non;https://www.paris.fr/lieux/square-paul-grimault-2567;"{""coordinates"": [2.3485091460670224, 48.82302967544841], ""type"": ""Point""}";48.82302967544841, 2.3485091460670224
Sanisette;En service;1 rue jean rey;75015;24/24h;Oui;Non;;"{""coordinates"": [2.2898729994070504, 48.85555399956984], ""type"": ""Point""}";48.85555399956984, 2.2898729994070504
Sanisette;En service;22 rue gros;75016;06h00 - 22h00;Oui;Non;;"{""coordinates"": [2.2753980004073235, 48.85125999992028], ""type"": ""Point""}";48.85125999992028, 2.2753980004073235
WC;En service;93 avenue de l' hippodrome;75016;Horaires du parc;Non;Oui;https://www.paris.fr/lieux/parc-de-bagatelle-1808;"{""coordinates"": [2.24571855392109, 48.868443030700334], ""type"": ""Point""}";48.868443030700334, 2.24571855392109
Lavatory;En service;1 av des nations unies;75016;10h00-18h00;Non;Non;;"{""coordinates"": [2.2917962698692977, 48.861732100857765], ""type"": ""Point""}";48.861732100857765, 2.2917962698692977
Sanisette;En service;3 av de la porte des ternes;75017;06h00 - 22h00;Oui;Non;;"{""coordinates"": [2.2829540000409247, 48.8811389996345], ""type"": ""Point""}";48.8811389996345, 2.2829540000409247
Sanisette;En service;186 bd ney;75018;24/24h;Oui;Non;;"{""coordinates"": [2.329484000444752, 48.897914000345686], ""type"": ""Point""}";48.897914000345686, 2.329484000444752
WC;Hors service;38 rue charles hermite;75018;Horaires du parc;Non;Non;https://www.paris.fr/lieux/square-charles-hermite-2648;"{""coordinates"": [2.366573420983327, 48.89989643206477], ""type"": ""Point""}";48.89989643206477, 2.366573420983327
Sanisette;En service;12 rue marcel sembat;75018;24/24h;Oui;Non;;"{""coordinates"": [2.3377140002823458, 48.8990230002305], ""type"": ""Point""}";48.8990230002305, 2.3377140002823458
Sanisette;En service;52 bd marguerite de rochechouart;75018;21h59 - 22h00;Oui;Non;;"{""coordinates"": [2.345855999825567, 48.88324600019954], ""type"": ""Point""}";48.88324600019954, 2.345855999825567
Sanisette;En service;42 av simon bolivar;75019;24/24h;Oui;Non;;"{""coordinates"": [2.38054299978079, 48.87621299957802], ""type"": ""Point""}";48.87621299957802, 2.38054299978079
Sanisette;En service;161 rue de crimee;75019;24/24h;Oui;Non;;"{""coordinates"": [2.3790580004698865, 48.888842000218574], ""type"": ""Point""}";48.888842000218574, 2.3790580004698865
Sanisette;En service;14 av du professeur andre lemierre;75020;06h00 - 22h00;Oui;Non;;"{""coordinates"": [2.415241999740021, 48.85533899971065], ""type"": ""Point""}";48.85533899971065, 2.415241999740021
WC;En service;2 rue de buzenval;75020;Horaires du parc;Oui;Non;https://www.paris.fr/lieux/square-sarah-bernhardt-1774;"{""coordinates"": [2.40370184146147, 48.849620046843484], ""type"": ""Point""}";48.849620046843484, 2.40370184146147
WC;Hors service;40 rue le vau;75020;Horaires du parc;Non;Oui;https://www.paris.fr/lieux/square-emmanuel-fleury-2720;"{""coordinates"": [2.4112649493156337, 48.87081299107255], ""type"": ""Point""}";48.87081299107255, 2.4112649493156337
WC;En service;12 rue michel de bourges;75020;Horaires du parc;Non;Non;https://www.paris.fr/lieux/jardin-casque-d-or-2713;"{""coordinates"": [2.401213778352068, 48.85392001355039], ""type"": ""Point""}";48.85392001355039, 2.401213778352068
Sanisette;En service;6 rue de panama;75018;06h00 - 20h33;Oui;Non;;"{""coordinates"": [2.3527540005299024, 48.88764899975983], ""type"": ""Point""}";48.88764899975983, 2.3527540005299024
WC;Hors service;7 nd cd/18;75018;Horaires du parc;Oui;Non;;"{""coordinates"": [2.363820903429186, 48.8966156453422], ""type"": ""Point""}";48.8966156453422, 2.363820903429186
Sanisette;En service;9 imp alexandre lecuyer;75018;06h00 - 22h00;Oui;Non;;"{""coordinates"": [2.3417379994179384, 48.89777199983381], ""type"": ""Point""}";48.89777199983381, 2.3417379994179384
Sanisette;En service;32 av corentin cariou;75019;24/24h;Oui;Non;;"{""coordinates"": [2.3856649999545296, 48.89731199959006], ""type"": ""Point""}";48.89731199959006, 2.3856649999545296
Sanisette;En service;2 av de laumiere;75019;24/24h;Oui;Non;;"{""coordinates"": [2.3814320001101352, 48.88303199992398], ""type"": ""Point""}";48.88303199992398, 2.3814320001101352
Sanisette;En service;1 rue du japon;75020;24/24h;Oui;Non;;"{""coordinates"": [2.3998249994463534, 48.86489899973789], ""type"": ""Point""}";48.86489899973789, 2.3998249994463534
Sanisette;En service;171 rue des pyrenees;75020;06h00 - 22h00;Oui;Non;;"{""coordinates"": [2.40103099972282, 48.86001899986408], ""type"": ""Point""}";48.86001899986408, 2.40103099972282
WC;En service;45 rue des couronnes;75020;Horaires du parc;Oui;Non;https://www.paris.fr/lieux/jardin-des-couronnes-2748;"{""coordinates"": [2.384968920960215, 48.87154116048027], ""type"": ""Point""}";48.87154116048027, 2.384968920960215
Sanisette;En service;23 pl de la bourse;75002;06h00 - 22h00;Oui;Non;;"{""coordinates"": [2.340639000086698, 48.86893600009567], ""type"": ""Point""}";48.86893600009567, 2.340639000086698
Sanisette;En service;1 bd des filles du calvaire;75003;24/24h;Oui;Non;;"{""coordinates"": [2.367030999614015, 48.86112300001341], ""type"": ""Point""}";48.86112300001341, 2.367030999614015
Sanisette;En service;58b bd saint-michel;75006;24/24h;Oui;Non;;"{""coordinates"": [2.3400460002316805, 48.84613600025297], ""type"": ""Point""}";48.84613600025297, 2.3400460002316805
Urinoir;Hors service;21 quai anatole france;75007;10h00 - 22h00;Oui;Non;;"{""coordinates"": [2.3222825945335166, 48.86181155673819], ""type"": ""Point""}";48.86181155673819, 2.3222825945335166
Sanisette;En service;4 av franklin d. roosevelt;75008;06h00 - 22h00;Oui;Non;;"{""coordinates"": [2.3102040005778934, 48.87015400026656], ""type"": ""Point""}";48.87015400026656, 2.3102040005778934
WC;En service;1 place de la republique dominicaine;75008;Horaires du parc;Oui;Non;;"{""coordinates"": [2.3061560915147212, 48.87943422815411], ""type"": ""Point""}";48.87943422815411, 2.3061560915147212
Sanisette;En service;74 bd de clichy;75009;24/24h;Oui;Non;;"{""coordinates"": [2.3335029995805887, 48.88355600007844], ""type"": ""Point""}";48.88355600007844, 2.3335029995805887
WC;En service;31 rue notre dame de lorette;75009;Horaires du parc;Non;Non;https://www.paris.fr/lieux/square-alex-biscarre-2464;"{""coordinates"": [2.336728380224635, 48.87858749586786], ""type"": ""Point""}";48.87858749586786, 2.336728380224635
Sanisette;En service;4 rue fernand foureau;75012;06h00 - 22h00;Oui;Non;;"{""coordinates"": [2.411279000289181, 48.84620599974493], ""type"": ""Point""}";48.84620599974493, 2.411279000289181
Sanisette;En service;129 rue de la glaciere;75013;06h00 - 22h00;Oui;Non;;"{""coordinates"": [2.3418059999088467, 48.82669999980564], ""type"": ""Point""}";48.82669999980564, 2.3418059999088467
WC;En service;2 rue fernand widal;75013;Horaires du parc;Oui;Non;https://www.paris.fr/lieux/square-helene-boucher-2513;"{""coordinates"": [2.3603105337704053, 48.81872280496346], ""type"": ""Point""}";48.81872280496346, 2.3603105337704053
Sanisette;En service;40 rue du chevaleret;75013;06h00 - 22h00;Oui;Non;;"{""coordinates"": [2.3766289996508227, 48.828350000238366], ""type"": ""Point""}";48.828350000238366, 2.3766289996508227
Sanisette;En service;2 v rue des mariniers;75014;06h00 - 22h00;Oui;Non;;"{""coordinates"": [2.311417000462912, 48.82765799983502], ""type"": ""Point""}";48.82765799983502, 2.311417000462912
Sanisette;En service;1 s rue maurice nogues;75014;06h00 - 22h00;Oui;Non;;"{""coordinates"": [2.3053559995891075, 48.82624000023127], ""type"": ""Point""}";48.82624000023127, 2.3053559995891075
WC;En service;6 place paul tortelier;75017;Horaires du parc;Non;Non;https://www.paris.fr/lieux/jardin-claire-motte-2820;"{""coordinates"": [2.304142778577189, 48.89189723662848], ""type"": ""Point""}";48.89189723662848, 2.304142778577189
Sanisette;En service;44 rue cesaria evora;75019;21h59 - 22h00;Oui;Non;;"{""coordinates"": [2.37659900036232, 48.89770400022884], ""type"": ""Point""}";48.89770400022884, 2.37659900036232
Sanisette;En service;4 rue de joinville;75019;06h00 - 22h00;Oui;Non;;"{""coordinates"": [2.3806269999988365, 48.88949999989094], ""type"": ""Point""}";48.88949999989094, 2.3806269999988365
Sanisette;En service;1 rue du maroc;75019;24/24h;Oui;Non;;"{""coordinates"": [2.3703740004690315, 48.885789999828496], ""type"": ""Point""}";48.885789999828496, 2.3703740004690315
Sanisette;En service;118 bd de charonne;75020;06h00 - 22h00;Oui;Non;;"{""coordinates"": [2.395936999373824, 48.85473800037653], ""type"": ""Point""}";48.85473800037653, 2.395936999373824
Sanisette;En service;9 av de la porte de menilmontant;75020;06h00 - 22h00;Oui;Non;;"{""coordinates"": [2.409188000439303, 48.87072500007379], ""type"": ""Point""}";48.87072500007379, 2.409188000439303
Sanisette;En service;34 bd de belleville;75020;06h00 - 22h00;Oui;Non;;"{""coordinates"": [2.381853999881199, 48.86836900011861], ""type"": ""Point""}";48.86836900011861, 2.381853999881199
WC;En service;1 place des vosges;75004;Horaires du parc;Non;Non;https://www.paris.fr/lieux/square-louis-xiii-36;"{""coordinates"": [2.365276627759591, 48.85522108096124], ""type"": ""Point""}";48.85522108096124, 2.365276627759591
Sanisette;En service;78 bd saint-marcel;75005;06h00 - 23h59;Oui;Non;;"{""coordinates"": [2.353552000228023, 48.83742600028599], ""type"": ""Point""}";48.83742600028599, 2.353552000228023
Sanisette;En service;184b bd saint-germain;75006;24/24h;Oui;Non;;"{""coordinates"": [2.3309899996955994, 48.85445899991381], ""type"": ""Point""}";48.85445899991381, 2.3309899996955994
Sanisette;En service;41b qu d'orsay;75007;24/24h;Oui;Non;;"{""coordinates"": [2.310900000016987, 48.862506999594046], ""type"": ""Point""}";48.862506999594046, 2.310900000016987
Sanisette;En service;42 rue d'alsace;75010;06h00 - 22h00;Oui;Non;;"{""coordinates"": [2.358600000445668, 48.87873399962815], ""type"": ""Point""}";48.87873399962815, 2.358600000445668
Sanisette;En service;2 v rue des ecluses saint-martin;75010;00h00 - 01h00;Oui;Non;;"{""coordinates"": [2.3681969998527252, 48.87625100031507], ""type"": ""Point""}";48.87625100031507, 2.3681969998527252
WC;En service;2 carrefour de la pyramide;75012;Horaires du parc;Non;Non;https://www.paris.fr/lieux/parc-floral-de-paris-1;"{""coordinates"": [2.458262733620495, 48.822863313168874], ""type"": ""Point""}";48.822863313168874, 2.458262733620495
WC;Hors service;2 carrefour de la pyramide;75012;Horaires du parc;Oui;Non;https://www.paris.fr/lieux/parc-floral-de-paris-1;"{""coordinates"": [2.4204189876204447, 48.84310448474707], ""type"": ""Point""}";48.84310448474707, 2.4204189876204447
WC;En service;6 rue antoine vallon;75012;Horaires du parc;Non;Non;https://www.paris.fr/lieux/square-trousseau-2576;"{""coordinates"": [2.376966217600214, 48.850021923997524], ""type"": ""Point""}";48.850021923997524, 2.376966217600214
WC;En service;11 boulevard de la bastille;75012;Horaires du parc;Oui;Non;https://www.paris.fr/lieux/jardin-du-port-de-l-arsenal-1783;"{""coordinates"": [2.3676189245638684, 48.84888019555787], ""type"": ""Point""}";48.84888019555787, 2.3676189245638684
Sanisette;En service;89 av d'italie;75013;06h00 - 22h00;Oui;Non;;"{""coordinates"": [2.358158000071719, 48.82392400040274], ""type"": ""Point""}";48.82392400040274, 2.358158000071719
Sanisette;En service;24 v pl jeanne d'arc;75013;24/24h;Oui;Non;;"{""coordinates"": [2.368977999556735, 48.82978900039544], ""type"": ""Point""}";48.82978900039544, 2.368977999556735
Sanisette;En service;43b bd arago;75013;06h00 - 22h00;Oui;Non;;"{""coordinates"": [2.3463720004044526, 48.8349649999147], ""type"": ""Point""}";48.8349649999147, 2.3463720004044526
WC;En service;2 rue de la montagne de la fage;75015;Horaires du parc;Non;Non;https://www.paris.fr/lieux/parc-andre-citroen-1791;"{""coordinates"": [2.2790591009497088, 48.84038080012922], ""type"": ""Point""}";48.84038080012922, 2.2790591009497088
Sanisette;En service;2bv bd suchet;75016;06h00 - 22h00;Oui;Non;;"{""coordinates"": [2.2682330002198334, 48.86236300033649], ""type"": ""Point""}";48.86236300033649, 2.2682330002198334
Sanisette;En service;105 rue chardon-lagache;75016;06h00 - 22h00;Oui;Non;;"{""coordinates"": [2.2630849998625098, 48.83985200043711], ""type"": ""Point""}";48.83985200043711, 2.2630849998625098
Sanisette;En service;4 av niel;75017;06h00 - 22h00;Oui;Non;;"{""coordinates"": [2.294483000629384, 48.87893599967904], ""type"": ""Point""}";48.87893599967904, 2.294483000629384
Sanisette;En service;59 rue des cloys;75018;06h00 - 22h00;Oui;Non;;"{""coordinates"": [2.336828000433842, 48.89346599973612], ""type"": ""Point""}";48.89346599973612, 2.336828000433842
Sanisette;En service;135 rue damremont;75018;24/24h;Oui;Non;;"{""coordinates"": [2.3382690006224656, 48.8965549996813], ""type"": ""Point""}";48.8965549996813, 2.3382690006224656
Sanisette;En service;18 rue gerard de nerval;75018;24/24h;Oui;Non;;"{""coordinates"": [2.3350770000594387, 48.90057399987358], ""type"": ""Point""}";48.90057399987358, 2.3350770000594387
WC;En service;7 rue botzaris;75019;Horaires du parc;Non;Non;https://www.paris.fr/lieux/parc-des-buttes-chaumont-1757;"{""coordinates"": [2.3851685144141865, 48.8798695519275], ""type"": ""Point""}";48.8798695519275, 2.3851685144141865
Sanisette;En service;12b rue meynadier;75019;06h00 - 22h00;Oui;Non;;"{""coordinates"": [2.3834239996492426, 48.883499999978575], ""type"": ""Point""}";48.883499999978575, 2.3834239996492426
WC;En service;7 rue botzaris;75019;Horaires du parc;Non;Non;https://www.paris.fr/lieux/parc-des-buttes-chaumont-1757;"{""coordinates"": [2.3873090506008023, 48.88106418703482], ""type"": ""Point""}";48.88106418703482, 2.3873090506008023
WC;Hors service;74 rue de la reunion;75020;Horaires du parc;Non;Non;https://www.paris.fr/lieux/square-de-la-place-de-la-reunion-2705;"{""coordinates"": [2.4015086818295086, 48.85581626708709], ""type"": ""Point""}";48.85581626708709, 2.4015086818295086
WC;En service;1 rue le vau;75020;Horaires du parc;Non;Non;https://www.paris.fr/lieux/square-severine-1776;"{""coordinates"": [2.4097626243737658, 48.86626191493033], ""type"": ""Point""}";48.86626191493033, 2.4097626243737658
Sanisette;En service;85 bd de sebastopol;75002;06h00 - 22h00;Oui;Non;;"{""coordinates"": [2.3516230003101315, 48.864851999714816], ""type"": ""Point""}";48.864851999714816, 2.3516230003101315
Sanisette;En service;28 rue de l'hotel de ville;75004;24/24h;Oui;Non;;"{""coordinates"": [2.3560319998420343, 48.8541569998975], ""type"": ""Point""}";48.8541569998975, 2.3560319998420343
Sanisette;En service;6 qu de gesvres;75004;24/24h;Oui;Non;;"{""coordinates"": [2.349804999950442, 48.85650199997113], ""type"": ""Point""}";48.85650199997113, 2.349804999950442
Urinoir femme;En service;2 quai saint bernard;75005;Horaires du parc;Non;Non;https://www.paris.fr/lieux/jardin-tino-rossi-1786;"{""coordinates"": [2.3590599814167366, 48.848303078499335], ""type"": ""Point""}";48.848303078499335, 2.3590599814167366
Sanisette;En service;26 rue buffon;75005;06h00 - 22h00;Oui;Non;;"{""coordinates"": [2.3562390003168203, 48.841318000011505], ""type"": ""Point""}";48.841318000011505, 2.3562390003168203
Sanisette;En service;2 crs la reine;75008;24/24h;Oui;Non;;"{""coordinates"": [2.3180510003316344, 48.86516300032715], ""type"": ""Point""}";48.86516300032715, 2.3180510003316344
Sanisette;En service;11 av trudaine;75009;21h59 - 22h00;Oui;Non;;"{""coordinates"": [2.3454389995445704, 48.88170100015116], ""type"": ""Point""}";48.88170100015116, 2.3454389995445704
Sanisette;En service;30 rue des ecluses saint-martin;75010;06h00 - 22h00;Non;Non;;"{""coordinates"": [2.365879999731355, 48.87722000033017], ""type"": ""Point""}";48.87722000033017, 2.365879999731355
Sanisette;En service;14 pl de la bastille;75011;06h00 - 22h00;Oui;Non;;"{""coordinates"": [2.369807000478822, 48.853532000369576], ""type"": ""Point""}";48.853532000369576, 2.369807000478822
Sanisette;En service;86 bd richard lenoir;75011;24/24h;Oui;Non;;"{""coordinates"": [2.3726620002059193, 48.86174800033497], ""type"": ""Point""}";48.86174800033497, 2.3726620002059193
Sanisette;En service;6 av courteline;75012;06h00 - 22h00;Oui;Non;;"{""coordinates"": [2.4112259998051573, 48.8441029998056], ""type"": ""Point""}";48.8441029998056, 2.4112259998051573
Sanisette;En service;57 bd diderot;75012;06h00 - 22h00;Oui;Non;;"{""coordinates"": [2.384212000518841, 48.84711699958415], ""type"": ""Point""}";48.84711699958415, 2.384212000518841
WC;En service;25 rue thomas mann;75013;Horaires du parc;Oui;Non;https://www.paris.fr/lieux/jardins-abbe-pierre-grands-moulins-5044;"{""coordinates"": [2.379618709145078, 48.82961672332092], ""type"": ""Point""}";48.82961672332092, 2.379618709145078
WC;En service;1 rue charles bertheau;75013;Horaires du parc;Non;Non;https://www.paris.fr/lieux/jardin-baudricourt-2853;"{""coordinates"": [2.3643766938524524, 48.82304802120928], ""type"": ""Point""}";48.82304802120928, 2.3643766938524524
WC;En service;34 rue du dessous des berges;75013;Horaires du parc;Non;Non;https://www.paris.fr/lieux/jardin-berthe-morisot-2561;"{""coordinates"": [2.3748344955656324, 48.826202786392535], ""type"": ""Point""}";48.826202786392535, 2.3748344955656324
Sanisette;En service;10 av du general leclerc;75014;24/24h;Oui;Non;;"{""coordinates"": [2.331193000598376, 48.83301699993433], ""type"": ""Point""}";48.83301699993433, 2.331193000598376
WC;En service;2 rue de la montagne de la fage;75015;Horaires du parc;Non;Non;https://www.paris.fr/lieux/parc-andre-citroen-1791;"{""coordinates"": [2.2761964354273543, 48.84174621365813], ""type"": ""Point""}";48.84174621365813, 2.2761964354273543
Sanisette;En service;16 av du general sarrail;75016;06h00 - 22h00;Oui;Non;;"{""coordinates"": [2.2559780002277843, 48.845887999766205], ""type"": ""Point""}";48.845887999766205, 2.2559780002277843
Sanisette;En service;25 av de clichy;75017;06h00 - 22h00;Oui;Non;;"{""coordinates"": [2.3263190003680143, 48.88566799997428], ""type"": ""Point""}";48.88566799997428, 2.3263190003680143
WC;En service;147 rue cardinet;75017;Horaires du parc;Oui;Non;;"{""coordinates"": [2.3144877004250732, 48.89161847331643], ""type"": ""Point""}";48.89161847331643, 2.3144877004250732
Sanisette;En service;8 rue du lieutenant-colonel dax;75018;06h00 - 22h00;Non;Non;;"{""coordinates"": [2.3402449995031565, 48.900707999615555], ""type"": ""Point""}";48.900707999615555, 2.3402449995031565
Sanisette;En service;109 bd de sebastopol;75002;06h00 - 22h00;Oui;Non;;"{""coordinates"": [2.352738999879689, 48.86683600014275], ""type"": ""Point""}";48.86683600014275, 2.352738999879689
Sanisette;En service;9 av des gobelins;75005;00h00 - 01h00;Oui;Non;;"{""coordinates"": [2.351201000675956, 48.83796300030022], ""type"": ""Point""}";48.83796300030022, 2.351201000675956
Sanisette;En service;38 rue vignon;75008;24/24h;Oui;Non;;"{""coordinates"": [2.3265210001099694, 48.87254300024813], ""type"": ""Point""}";48.87254300024813, 2.3265210001099694
Sanisette;En service;2 av marceau;75008;24/24h;Oui;Non;;"{""coordinates"": [2.300204999518594, 48.86520000007258], ""type"": ""Point""}";48.86520000007258, 2.300204999518594
WC;En service;1 place d' estienne d orves;75009;Horaires du parc;Non;Non;https://www.paris.fr/lieux/square-d-estienne-d-orves-2472;"{""coordinates"": [2.331288517935493, 48.876842785637415], ""type"": ""Point""}";48.876842785637415, 2.331288517935493
Sanisette;En service;40b rue rene boulanger;75010;24/24h;Oui;Non;;"{""coordinates"": [2.3607839994327855, 48.86836400009876], ""type"": ""Point""}";48.86836400009876, 2.3607839994327855
Sanisette;En service;12bv pl de la republique;75010;24/24h;Oui;Non;;"{""coordinates"": [2.3634090001921604, 48.86840899962093], ""type"": ""Point""}";48.86840899962093, 2.3634090001921604
Sanisette;En service;53 rue richard lenoir;75011;06h00 - 22h00;Oui;Non;;"{""coordinates"": [2.380934000066133, 48.857198000446246], ""type"": ""Point""}";48.857198000446246, 2.380934000066133
Sanisette;En service;195 bd voltaire;75011;06h00 - 22h00;Oui;Non;;"{""coordinates"": [2.387873999429428, 48.85326799962916], ""type"": ""Point""}";48.85326799962916, 2.387873999429428
Sanisette;En service;123 bd richard lenoir;75011;24/24h;Oui;Non;;"{""coordinates"": [2.3693620003229823, 48.86582400035271], ""type"": ""Point""}";48.86582400035271, 2.3693620003229823
Sanisette;En service;82 av de la republique;75011;00h00 - 01h00;Oui;Non;;"{""coordinates"": [2.379485000610408, 48.86424800000605], ""type"": ""Point""}";48.86424800000605, 2.379485000610408
Sanisette;En service;32 bd diderot;75012;23h58 - 23h59;Oui;Non;;"{""coordinates"": [2.37656199946577, 48.846122000363245], ""type"": ""Point""}";48.846122000363245, 2.37656199946577
WC;En service;21 rue rottembourg;75012;Horaires du parc;Non;Non;https://www.paris.fr/lieux/square-charles-peguy-2575;"{""coordinates"": [2.4061405643321274, 48.839537717674226], ""type"": ""Point""}";48.839537717674226, 2.4061405643321274
Sanisette;En service;26 bd de reuilly;75012;06h00 - 22h00;Oui;Non;;"{""coordinates"": [2.3922959994127493, 48.839177999838114], ""type"": ""Point""}";48.839177999838114, 2.3922959994127493
WC;En service;19 rue de la poterne des peupliers;75013;Horaires du parc;Non;Non;https://www.paris.fr/lieux/parc-kellermann-1794;"{""coordinates"": [2.3549329192676653, 48.818579099419416], ""type"": ""Point""}";48.818579099419416, 2.3549329192676653
WC;Hors service;1 rue george eastman;75013;Horaires du parc;Oui;Oui;https://www.paris.fr/lieux/parc-de-choisy-1803;"{""coordinates"": [2.3617356101503515, 48.82782963723179], ""type"": ""Point""}";48.82782963723179, 2.3617356101503515
Sanisette;En service;76 rue vercingetorix;75014;06h00 - 22h00;Oui;Non;;"{""coordinates"": [2.3155799994518778, 48.83561300041891], ""type"": ""Point""}";48.83561300041891, 2.3155799994518778
Sanisette;En service;86 av du maine;75014;00h00 - 01h00;Oui;Non;;"{""coordinates"": [2.322328000088415, 48.838127000206434], ""type"": ""Point""}";48.838127000206434, 2.322328000088415
Sanisette;En service;217 rue d'alesia;75014;08h00 - 19h30;Oui;Non;;"{""coordinates"": [2.313222999764901, 48.83195400015655], ""type"": ""Point""}";48.83195400015655, 2.313222999764901
Sanisette;En service;99 bd de port-royal;75014;06h00 - 22h00;Oui;Non;;"{""coordinates"": [2.341770000019688, 48.83827600019253], ""type"": ""Point""}";48.83827600019253, 2.341770000019688
Sanisette;En service;131 av du maine;75014;06h00 - 22h00;Oui;Non;;"{""coordinates"": [2.3241460003250762, 48.83489600037225], ""type"": ""Point""}";48.83489600037225, 2.3241460003250762
Sanisette;En service;185 bd lefebvre;75015;06h00 - 22h00;Oui;Non;;"{""coordinates"": [2.303363000332393, 48.82827099964057], ""type"": ""Point""}";48.82827099964057, 2.303363000332393
Sanisette;En service;6 bd pasteur;75015;24/24h;Oui;Non;;"{""coordinates"": [2.3110269993733965, 48.84474699955954], ""type"": ""Point""}";48.84474699955954, 2.3110269993733965
Sanisette;En service;118 bd de montmorency;75016;06h00 - 22h00;Oui;Non;;"{""coordinates"": [2.2604170005449817, 48.84844600004027], ""type"": ""Point""}";48.84844600004027, 2.2604170005449817
WC;En service;147 rue cardinet;75017;Horaires du parc;Non;Non;;"{""coordinates"": [2.3143788261043468, 48.89166543963781], ""type"": ""Point""}";48.89166543963781, 2.3143788261043468
Sanisette;En service;1 av de wagram;75017;24/24h;Oui;Non;;"{""coordinates"": [2.295708000355636, 48.87497799960401], ""type"": ""Point""}";48.87497799960401, 2.295708000355636
WC;Hors service;147 rue cardinet;75017;Horaires du parc;Non;Non;;"{""coordinates"": [2.315752564171945, 48.89010284437884], ""type"": ""Point""}";48.89010284437884, 2.315752564171945
WC;En service;24 avenue de clichy;75018;Horaires du parc;Oui;Non;https://www.paris.fr/lieux/square-des-deux-nethes-2765;"{""coordinates"": [2.327515105424676, 48.885658542356424], ""type"": ""Point""}";48.885658542356424, 2.327515105424676
Sanisette;En service;1 pl louis baillot;75018;06h00 - 22h00;Oui;Non;;"{""coordinates"": [2.354604000147833, 48.890484999699346], ""type"": ""Point""}";48.890484999699346, 2.354604000147833
WC;En service;;75018;Horaires du parc;Oui;Non;https://www.paris.fr/lieux/jardin-francoise-helene-jourda-ex-20-rue-du-departement-18075;"{""coordinates"": [2.3650124921346753, 48.886644543971286], ""type"": ""Point""}";48.886644543971286, 2.3650124921346753
WC;En service;7 rue botzaris;75019;Horaires du parc;Oui;Non;https://www.paris.fr/lieux/parc-des-buttes-chaumont-1757;"{""coordinates"": [2.3836409649221526, 48.881824766920786], ""type"": ""Point""}";48.881824766920786, 2.3836409649221526
Sanisette;En service;46 qu de la seine;75019;24/24h;Oui;Non;;"{""coordinates"": [2.3758409999279495, 48.887256000024], ""type"": ""Point""}";48.887256000024, 2.3758409999279495
WC;En service;11 boulevard d algerie;75019;Horaires du parc;Oui;Non;https://www.paris.fr/lieux/parc-de-la-butte-du-chapeau-rouge-1811;"{""coordinates"": [2.3987808441159437, 48.88101652135978], ""type"": ""Point""}";48.88101652135978, 2.3987808441159437
Sanisette;En service;42 rue boinod;75018;06h00 - 22h00;Oui;Non;;"{""coordinates"": [2.3517639999325417, 48.89414899967719], ""type"": ""Point""}";48.89414899967719, 2.3517639999325417
Sanisette;En service;17 rue polonceau;75018;06h00 - 22h00;Oui;Non;;"{""coordinates"": [2.3534120006044774, 48.8856340001017], ""type"": ""Point""}";48.8856340001017, 2.3534120006044774
Sanisette;En service;90 w rue de la chapelle;75018;06h00 - 22h00;Non;Non;;"{""coordinates"": [2.3594679996442203, 48.896914000104445], ""type"": ""Point""}";48.896914000104445, 2.3594679996442203
Sanisette;En service;74 av de saint-ouen;75018;06h00 - 22h00;Oui;Non;;"{""coordinates"": [2.3271440004547537, 48.89191899977726], ""type"": ""Point""}";48.89191899977726, 2.3271440004547537
Sanisette;En service;8 bd d'algerie;75019;06h00 - 22h00;Oui;Non;;"{""coordinates"": [2.4004340002685676, 48.88066700014851], ""type"": ""Point""}";48.88066700014851, 2.4004340002685676
Sanisette;En service;60 av de flandre;75019;06h00 - 22h00;Oui;Non;;"{""coordinates"": [2.3737530005285743, 48.88817900034023], ""type"": ""Point""}";48.88817900034023, 2.3737530005285743
Sanisette;En service;3 rue botzaris;75019;24/24h;Oui;Non;;"{""coordinates"": [2.3812450003177807, 48.87788200035503], ""type"": ""Point""}";48.87788200035503, 2.3812450003177807
Sanisette;En service;1 rue vitruve;75020;24/24h;Non;Non;;"{""coordinates"": [2.40135999995666, 48.85596999974226], ""type"": ""Point""}";48.85596999974226, 2.40135999995666
Sanisette;En service;1 rue de buzenval;75020;06h00 - 22h00;Oui;Non;;"{""coordinates"": [2.402572999497757, 48.84911200033021], ""type"": ""Point""}";48.84911200033021, 2.402572999497757
WC;En service;114 rue de la reunion;75020;Horaires du parc;Oui;Non;https://www.paris.fr/lieux/jardin-lesseps-17432;"{""coordinates"": [2.399128753613177, 48.85873792521301], ""type"": ""Point""}";48.85873792521301, 2.399128753613177
Urinoir;En service;28 quai du louvre;75001;10h00 - 22h00;Oui;Non;;"{""coordinates"": [2.3404727607557665, 48.85875124442205], ""type"": ""Point""}";48.85875124442205, 2.3404727607557665
Sanisette;En service;9 bd du temple;75003;24/24h;Oui;Non;;"{""coordinates"": [2.3663139998987983, 48.86356900029383], ""type"": ""Point""}";48.86356900029383, 2.3663139998987983
Sanisette;En service;6 rue aubry le boucher;75004;24/24h;Oui;Non;;"{""coordinates"": [2.350380999814234, 48.86022100024615], ""type"": ""Point""}";48.86022100024615, 2.350380999814234
WC;En service;6v quai de bourbon;75004;10h00 - 22h00;Oui;Non;;"{""coordinates"": [2.3539016527283474, 48.853549579130835], ""type"": ""Point""}";48.853549579130835, 2.3539016527283474
WC;En service;20 rue monge;75005;Horaires du parc;Non;Non;https://www.paris.fr/lieux/square-paul-langevin-2446;"{""coordinates"": [2.349373388032164, 48.848155306212256], ""type"": ""Point""}";48.848155306212256, 2.349373388032164
WC;En service;29 rue de babylone;75007;Horaires du parc;Non;Non;https://www.paris.fr/lieux/jardin-catherine-laboure-2465;"{""coordinates"": [2.3204853892262167, 48.85140130019359], ""type"": ""Point""}";48.85140130019359, 2.3204853892262167
WC;En service;28 rue las cases;75007;Horaires du parc;Oui;Non;https://www.paris.fr/lieux/square-samuel-rousseau-2467;"{""coordinates"": [2.319582878541188, 48.859172244960064], ""type"": ""Point""}";48.859172244960064, 2.319582878541188
Sanisette;En service;51 bd marguerite de rochechouart;75009;24/24h;Oui;Non;;"{""coordinates"": [2.341430000449094, 48.882332000210475], ""type"": ""Point""}";48.882332000210475, 2.341430000449094
Sanisette;En service;101 qu de valmy;75010;08h00 - 19h30;Oui;Non;;"{""coordinates"": [2.36274000000879, 48.874612000118276], ""type"": ""Point""}";48.874612000118276, 2.36274000000879
Sanisette;En service;1 rue des petits hotels;75010;24/24h;Oui;Non;;"{""coordinates"": [2.3550860001821023, 48.87716500003902], ""type"": ""Point""}";48.87716500003902, 2.3550860001821023
Sanisette;En service;114 rue du faubourg saint-denis;75010;06h00 - 22h00;Oui;Non;;"{""coordinates"": [2.3562779996613306, 48.87578999993249], ""type"": ""Point""}";48.87578999993249, 2.3562779996613306
WC;En service;8 rue du general blaise;75011;Horaires du parc;Non;Non;https://www.paris.fr/lieux/square-maurice-gardette-2725;"{""coordinates"": [2.3787483756587955, 48.861457471318396], ""type"": ""Point""}";48.861457471318396, 2.3787483756587955
Sanisette;En service;8 rue roland barthes;75012;24/24h;Oui;Non;;"{""coordinates"": [2.377441000293956, 48.84446500030273], ""type"": ""Point""}";48.84446500030273, 2.377441000293956
Sanisette;En service;98 v qu de la rapee;75012;24/24h;Oui;Non;;"{""coordinates"": [2.3670590005979135, 48.84601399979751], ""type"": ""Point""}";48.84601399979751, 2.3670590005979135
Sanisette;En service;12 rue de lyon;75012;00h00 - 01h00;Oui;Non;;"{""coordinates"": [2.37180299975841, 48.847455999950604], ""type"": ""Point""}";48.847455999950604, 2.37180299975841
Sanisette;En service;64b rue du chevaleret;75013;24/24h;Oui;Non;;"{""coordinates"": [2.375263999694382, 48.83027199966163], ""type"": ""Point""}";48.83027199966163, 2.375263999694382
WC;En service;7 rue george balanchine;75013;Horaires du parc;Non;Non;https://www.paris.fr/lieux/jardin-james-joyce-2560;"{""coordinates"": [2.3737508079721197, 48.83632168352183], ""type"": ""Point""}";48.83632168352183, 2.3737508079721197
Sanisette;En service;44 v bd vincent auriol;75013;24/24h;Oui;Non;;"{""coordinates"": [2.36879099996476, 48.83519399972884], ""type"": ""Point""}";48.83519399972884, 2.36879099996476
Sanisette;En service;46 av d'italie;75013;06h00 - 22h00;Oui;Non;;"{""coordinates"": [2.356523000078744, 48.82806899973039], ""type"": ""Point""}";48.82806899973039, 2.356523000078744
Sanisette;En service;218 v rue raymond losserand;75014;06h00 - 22h00;Oui;Non;;"{""coordinates"": [2.3056599996663603, 48.827958000189895], ""type"": ""Point""}";48.827958000189895, 2.3056599996663603
WC;En service;28 boulevard jourdan;75014;Horaires du parc;Oui;Non;https://www.paris.fr/lieux/jardin-et-aire-de-jeux-de-la-zac-alesia-montsouris-2867;"{""coordinates"": [2.3398489381239456, 48.8241625789515], ""type"": ""Point""}";48.8241625789515, 2.3398489381239456
Sanisette;En service;2 pl falguiere;75015;06h00 - 22h00;Oui;Non;;"{""coordinates"": [2.3098449997509936, 48.83641799985991], ""type"": ""Point""}";48.83641799985991, 2.3098449997509936
Sanisette;En service;5 pl violet;75015;06h00 - 22h00;Oui;Non;;"{""coordinates"": [2.290481000526719, 48.84481099995824], ""type"": ""Point""}";48.84481099995824, 2.290481000526719
Sanisette;En service;2 pl de barcelone;75016;06h00 - 22h00;Oui;Non;;"{""coordinates"": [2.273727999432425, 48.8477650001166], ""type"": ""Point""}";48.8477650001166, 2.273727999432425
Sanisette;En service;195 rue de courcelles;75017;06h00 - 22h00;Oui;Non;;"{""coordinates"": [2.2943669996128166, 48.887574000018475], ""type"": ""Point""}";48.887574000018475, 2.2943669996128166
WC;En service;12 rue du colonel manhes;75017;Horaires du parc;Non;Non;https://www.paris.fr/lieux/jardin-paul-didier-ex-colonel-manhes-2819;"{""coordinates"": [2.320485641171495, 48.8954612989361], ""type"": ""Point""}";48.8954612989361, 2.320485641171495
Lavatory;En service;1 rue lamarck;75018;11h00-19h00;Non;Non;;"{""coordinates"": [2.3438632119121188, 48.88626726174863], ""type"": ""Point""}";48.88626726174863, 2.3438632119121188
WC;Hors service;16 rue tristan tzara;75018;Horaires du parc;Oui;Non;https://www.paris.fr/lieux/jardin-rachmaninov-2681;"{""coordinates"": [2.363815455797893, 48.895558597727934], ""type"": ""Point""}";48.895558597727934, 2.363815455797893
WC;En service;16 rue de jessaint;75018;Horaires du parc;Non;Non;https://www.paris.fr/lieux/square-alain-bashung-15429;"{""coordinates"": [2.3560931672956853, 48.88506257517637], ""type"": ""Point""}";48.88506257517637, 2.3560931672956853
WC;En service;36 square de clignancourt;75018;Horaires du parc;Non;Non;https://www.paris.fr/lieux/square-maurice-kriegel-valrimont-ex-de-clignancourt-2651;"{""coordinates"": [2.3464251036281003, 48.89324524370296], ""type"": ""Point""}";48.89324524370296, 2.3464251036281003
Sanisette;En service;29 rue manin;75019;24/24h;Oui;Non;;"{""coordinates"": [2.3782569996445666, 48.878626999897804], ""type"": ""Point""}";48.878626999897804, 2.3782569996445666
WC;En service;1 rue le vau;75020;Horaires du parc;Oui;Non;https://www.paris.fr/lieux/square-severine-1776;"{""coordinates"": [2.4097694489250627, 48.865186750587874], ""type"": ""Point""}";48.865186750587874, 2.4097694489250627
Sanisette;En service;169 bd mortier;75020;24/24h;Oui;Non;;"{""coordinates"": [2.4069080001652554, 48.87592999972109], ""type"": ""Point""}";48.87592999972109, 2.4069080001652554
Sanisette;En service;157 rue de menilmontant;75020;06h00 - 22h00;Oui;Non;;"{""coordinates"": [2.398208999654319, 48.87057599972035], ""type"": ""Point""}";48.87057599972035, 2.398208999654319
Sanisette;En service;107 rue rambuteau;75001;24/24h;Oui;Non;;"{""coordinates"": [2.346046000240498, 48.86275800006392], ""type"": ""Point""}";48.86275800006392, 2.346046000240498
Sanisette;En service;44 rue berger;75001;06h00 - 23h59;Oui;Non;;"{""coordinates"": [2.3422090001035785, 48.86235400010427], ""type"": ""Point""}";48.86235400010427, 2.3422090001035785
Sanisette;En service;37 rue berger;75001;06h00 - 22h00;Oui;Non;;"{""coordinates"": [2.3437489993367264, 48.86211700033946], ""type"": ""Point""}";48.86211700033946, 2.3437489993367264
Sanisette;En service;73 rue reaumur;75002;06h00 - 22h00;Oui;Non;;"{""coordinates"": [2.349579999718723, 48.866804999596724], ""type"": ""Point""}";48.866804999596724, 2.349579999718723
Sanisette;En service;14 rue saint-martin;75004;24/24h;Oui;Non;;"{""coordinates"": [2.3497979996411367, 48.85820799978709], ""type"": ""Point""}";48.85820799978709, 2.3497979996411367
Lavatory;En service;6 pl du parvis notre-dame - place jean-paul ii;75004;10h00-20h00;Non;Non;;"{""coordinates"": [2.3485479396362106, 48.85311889213951], ""type"": ""Point""}";48.85311889213951, 2.3485479396362106
Sanisette;En service;8 rue d'arcole;75004;06h00 - 22h00;Oui;Non;;"{""coordinates"": [2.3493969996309874, 48.85402499987285], ""type"": ""Point""}";48.85402499987285, 2.3493969996309874
Sanisette;En service;23 bd bourdon;75004;06h00 - 22h00;Oui;Non;;"{""coordinates"": [2.366737000299422, 48.84993799993057], ""type"": ""Point""}";48.84993799993057, 2.366737000299422
Sanisette;En service;9 bd saint-germain;75005;06h00 - 22h00;Oui;Non;;"{""coordinates"": [2.354806000036073, 48.849386000305095], ""type"": ""Point""}";48.849386000305095, 2.354806000036073
Sanisette;En service;12 all thomy-thierry;75007;06h00 - 22h00;Oui;Non;;"{""coordinates"": [2.2964729998993914, 48.85640899955829], ""type"": ""Point""}";48.85640899955829, 2.2964729998993914
Sanisette;En service;1 v pl georges guillaumin;75008;06h00 - 22h00;Oui;Non;;"{""coordinates"": [2.3023690004899127, 48.87464099983616], ""type"": ""Point""}";48.87464099983616, 2.3023690004899127
Sanisette;En service;4 bd malesherbes;75008;06h00 - 22h00;Oui;Non;;"{""coordinates"": [2.3231299994343995, 48.87058299996762], ""type"": ""Point""}";48.87058299996762, 2.3231299994343995
Sanisette;En service;41 av gabriel;75008;24/24h;Oui;Non;;"{""coordinates"": [2.3127870002036954, 48.869455000115], ""type"": ""Point""}";48.869455000115, 2.3127870002036954
Sanisette;En service;169 rue du faubourg saint-martin;75010;00h00 - 01h00;Oui;Non;;"{""coordinates"": [2.3616439994155423, 48.87815499981868], ""type"": ""Point""}";48.87815499981868, 2.3616439994155423
WC;En service;8 rue des recollets;75010;Horaires du parc;Non;Oui;https://www.paris.fr/lieux/jardin-villemin-1798;"{""coordinates"": [2.36058658232068, 48.87495187559819], ""type"": ""Point""}";48.87495187559819, 2.36058658232068
Sanisette;En service;3 rue ambroise pare;75010;06h00 - 22h00;Oui;Non;;"{""coordinates"": [2.353240999831761, 48.88182600016088], ""type"": ""Point""}";48.88182600016088, 2.353240999831761
Sanisette;En service;6 imp truillot;75011;24/24h;Oui;Non;;"{""coordinates"": [2.374601999852079, 48.86058300021109], ""type"": ""Point""}";48.86058300021109, 2.374601999852079
Sanisette;En service;13 bd de menilmontant;75011;06h00 - 22h00;Oui;Non;;"{""coordinates"": [2.389097000091459, 48.859211999816615], ""type"": ""Point""}";48.859211999816615, 2.389097000091459
WC;En service;46 rue des grands moulins;75013;Horaires du parc;Non;Non;https://www.paris.fr/lieux/jardin-cyprian-norwid-2859;"{""coordinates"": [2.377540668531616, 48.828118124938314], ""type"": ""Point""}";48.828118124938314, 2.377540668531616
Sanisette;En service;79 bd kellermann;75013;06h00 - 22h00;Oui;Non;;"{""coordinates"": [2.3477259994101534, 48.81997300007583], ""type"": ""Point""}";48.81997300007583, 2.3477259994101534
WC;Hors service;5 rue choderlos de laclos;75013;Horaires du parc;Non;Non;https://www.paris.fr/lieux/jardin-georges-duhamel-2559;"{""coordinates"": [2.3777156678661813, 48.83197962734259], ""type"": ""Point""}";48.83197962734259, 2.3777156678661813
WC;En service;53 rue du chateau des rentiers;75013;Horaires du parc;Non;Non;https://www.paris.fr/lieux/square-des-chamaillards-2858;"{""coordinates"": [2.369429498040314, 48.82536366341094], ""type"": ""Point""}";48.82536366341094, 2.369429498040314
WC;En service;54 rue vercingetorix;75014;Horaires du parc;Non;Non;https://www.paris.fr/lieux/square-du-cardinal-wyszynski-2549;"{""coordinates"": [2.316402799684797, 48.83654537646535], ""type"": ""Point""}";48.83654537646535, 2.316402799684797
Sanisette;En service;1 v av rene coty;75014;06h00 - 22h00;Oui;Non;;"{""coordinates"": [2.332932999675896, 48.833046000436205], ""type"": ""Point""}";48.833046000436205, 2.332932999675896
WC;En service;1 voie cv/15;75015;Horaires du parc;Oui;Non;https://www.paris.fr/lieux/square-nicole-de-hauteclocque-2558;"{""coordinates"": [2.2935714281377564, 48.85258138739333], ""type"": ""Point""}";48.85258138739333, 2.2935714281377564
WC;En service;144 rue cardinet;75017;Horaires du parc;Non;Non;https://www.paris.fr/lieux/square-des-batignolles-1761;"{""coordinates"": [2.317249785037184, 48.88719868625628], ""type"": ""Point""}";48.88719868625628, 2.317249785037184
Sanisette;En service;24 pl charles fillion;75017;24/24h;Oui;Non;;"{""coordinates"": [2.3157870003157077, 48.888480999620306], ""type"": ""Point""}";48.888480999620306, 2.3157870003157077
Sanisette;En service;31 rue laugier;75017;06h00 - 22h00;Oui;Non;;"{""coordinates"": [2.2955319997723596, 48.88150300016054], ""type"": ""Point""}";48.88150300016054, 2.2955319997723596
WC;En service;57 rue bayen;75017;Horaires du parc;Non;Non;https://www.paris.fr/lieux/square-olave-et-robert-baden-powell-ex-bayen-2630;"{""coordinates"": [2.2906140246442765, 48.88215739533499], ""type"": ""Point""}";48.88215739533499, 2.2906140246442765
Sanisette;En service;46 pl de torcy;75018;06h00 - 22h00;Oui;Non;;"{""coordinates"": [2.3610720000476983, 48.89147000027953], ""type"": ""Point""}";48.89147000027953, 2.3610720000476983
Sanisette;En service;37 bd des capucines;75002;06h00 - 22h00;Oui;Non;;"{""coordinates"": [2.329369999633761, 48.87006399987241], ""type"": ""Point""}";48.87006399987241, 2.329369999633761
Sanisette;En service;2 rue des quatre fils;75003;06h00 - 22h00;Oui;Non;;"{""coordinates"": [2.36070300013047, 48.860068000390896], ""type"": ""Point""}";48.860068000390896, 2.36070300013047
Sanisette;En service;25 rue pastourelle;75003;06h00 - 22h00;Oui;Non;;"{""coordinates"": [2.359337999553333, 48.86275600006959], ""type"": ""Point""}";48.86275600006959, 2.359337999553333
WC;En service;1 rue saint martin;75004;Horaires du parc;Non;Non;https://www.paris.fr/lieux/square-de-la-tour-saint-jacques-33;"{""coordinates"": [2.349321267856243, 48.8577865433105], ""type"": ""Point""}";48.8577865433105, 2.349321267856243
Sanisette;En service;10 rue ortolan;75005;06h00 - 22h00;Oui;Non;;"{""coordinates"": [2.3507700001216016, 48.84326200012617], ""type"": ""Point""}";48.84326200012617, 2.3507700001216016
Sanisette;En service;23 av de l'observatoire;75006;08h00 - 19h30;Oui;Non;;"{""coordinates"": [2.337286000126423, 48.84223100003779], ""type"": ""Point""}";48.84223100003779, 2.337286000126423
Sanisette;En service;11 v pl vauban;75007;06h00 - 22h00;Oui;Non;;"{""coordinates"": [2.311350000458147, 48.853583000261125], ""type"": ""Point""}";48.853583000261125, 2.311350000458147
WC;En service;24 rue robert et sonia delaunay;75011;Horaires du parc;Non;Non;https://www.paris.fr/lieux/jardin-damia-2734;"{""coordinates"": [2.3940091345940764, 48.8547522462135], ""type"": ""Point""}";48.8547522462135, 2.3940091345940764
Sanisette;En service;124 av du general michel bizot;75012;06h00 - 22h00;Oui;Non;;"{""coordinates"": [2.4046250000370883, 48.840437999723655], ""type"": ""Point""}";48.840437999723655, 2.4046250000370883
Sanisette;En service;259b av daumesnil;75012;06h00 - 22h00;Oui;Non;;"{""coordinates"": [2.404424000410672, 48.83652400037507], ""type"": ""Point""}";48.83652400037507, 2.404424000410672
WC;En service;5 rue marcel dubois;75012;Horaires du parc;Non;Non;https://www.paris.fr/lieux/square-van-vollenhoven-2593;"{""coordinates"": [2.4067865540145665, 48.83470680271946], ""type"": ""Point""}";48.83470680271946, 2.4067865540145665
Sanisette;En service;2 v av daumesnil;75012;24/24h;Oui;Non;;"{""coordinates"": [2.37115100002481, 48.84924999991015], ""type"": ""Point""}";48.84924999991015, 2.37115100002481
Sanisette;En service;100 bd auguste blanqui;75013;24/24h;Oui;Non;;"{""coordinates"": [2.344515000507623, 48.83113100037872], ""type"": ""Point""}";48.83113100037872, 2.344515000507623
Sanisette;En service;45 rue didot;75014;24/24h;Oui;Non;;"{""coordinates"": [2.3201859998879044, 48.831645000180735], ""type"": ""Point""}";48.831645000180735, 2.3201859998879044
WC;En service;30 avenue ernest reyer;75014;Horaires du parc;Oui;Non;https://www.paris.fr/lieux/square-du-serment-de-koufra-1773;"{""coordinates"": [2.3236001578901857, 48.82225626602283], ""type"": ""Point""}";48.82225626602283, 2.3236001578901857
WC;En service;18 rue de chatillon;75014;Horaires du parc;Non;Non;https://www.paris.fr/lieux/square-lionel-assouad-2735;"{""coordinates"": [2.322543506474705, 48.82795466191802], ""type"": ""Point""}";48.82795466191802, 2.322543506474705
Sanisette;En service;2 av pierre de coubertin;75014;06h00 - 22h00;Oui;Non;;"{""coordinates"": [2.3443319997521512, 48.8189959997807], ""type"": ""Point""}";48.8189959997807, 2.3443319997521512
Sanisette;En service;7 z rue la quintinie;75015;24/24h;Oui;Non;;"{""coordinates"": [2.3063419997303214, 48.83924300033341], ""type"": ""Point""}";48.83924300033341, 2.3063419997303214
Sanisette;En service;1 v pl de la republique de panama;75015;06h00 - 22h00;Oui;Non;;"{""coordinates"": [2.308885999428817, 48.846033999806316], ""type"": ""Point""}";48.846033999806316, 2.308885999428817
WC;Hors service;1 place des etats unis;75016;Horaires du parc;Oui;Non;https://www.paris.fr/lieux/square-thomas-jefferson-2606;"{""coordinates"": [2.2947040778061325, 48.867765583257565], ""type"": ""Point""}";48.867765583257565, 2.2947040778061325
Sanisette;En service;1 rue de la bonne;75018;08h00 - 19h30;Oui;Non;;"{""coordinates"": [2.3435250001843118, 48.887354999657674], ""type"": ""Point""}";48.887354999657674, 2.3435250001843118
Sanisette;En service;136 rue des poissonniers;75018;06h00 - 22h00;Oui;Non;;"{""coordinates"": [2.3529850000351793, 48.8963399997984], ""type"": ""Point""}";48.8963399997984, 2.3529850000351793
WC;En service;;75018;Horaires du parc;Oui;Non;https://www.paris.fr/lieux/jardin-francoise-helene-jourda-ex-20-rue-du-departement-18075;"{""coordinates"": [2.366157104749158, 48.888348035569166], ""type"": ""Point""}";48.888348035569166, 2.366157104749158
Sanisette;En service;68 qu de la loire;75019;24/24h;Oui;Non;;"{""coordinates"": [2.3771520001702493, 48.88659200023629], ""type"": ""Point""}";48.88659200023629, 2.3771520001702493
WC;En service;7 rue botzaris;75019;Horaires du parc;Non;Non;https://www.paris.fr/lieux/parc-des-buttes-chaumont-1757;"{""coordinates"": [2.382729246215703, 48.879452251121414], ""type"": ""Point""}";48.879452251121414, 2.382729246215703
WC;En service;7 rue botzaris;75019;Horaires du parc;Oui;Non;https://www.paris.fr/lieux/parc-des-buttes-chaumont-1757;"{""coordinates"": [2.3827790219788856, 48.882377968834255], ""type"": ""Point""}";48.882377968834255, 2.3827790219788856
Sanisette;En service;6 rue sorbier;75020;24/24h;Oui;Non;;"{""coordinates"": [2.389873999903682, 48.86840100026175], ""type"": ""Point""}";48.86840100026175, 2.389873999903682
Sanisette;En service;2 rue elisa borey;75020;06h00 - 22h00;Oui;Non;;"{""coordinates"": [2.3897559999677913, 48.8662639998932], ""type"": ""Point""}";48.8662639998932, 2.3897559999677913
Sanisette;En service;114 rue des pyrenees;75020;06h00 - 22h00;Oui;Non;;"{""coordinates"": [2.4045350000751977, 48.857055000000464], ""type"": ""Point""}";48.857055000000464, 2.4045350000751977
Sanisette;En service;10b rue de moussy;75004;24/24h;Oui;Non;;"{""coordinates"": [2.3558229999089435, 48.85783900005621], ""type"": ""Point""}";48.85783900005621, 2.3558229999089435
Sanisette;En service;118 rue saint-martin;75004;24/24h;Oui;Non;;"{""coordinates"": [2.35117099989451, 48.860529999632405], ""type"": ""Point""}";48.860529999632405, 2.35117099989451
WC;En service;23 rue du fer a moulin;75005;Horaires du parc;Non;Non;;"{""coordinates"": [2.353943110508907, 48.838735231144916], ""type"": ""Point""}";48.838735231144916, 2.353943110508907
Sanisette;En service;1 v pl ernest denis;75006;24/24h;Oui;Non;;"{""coordinates"": [2.337491000210142, 48.841765000286124], ""type"": ""Point""}";48.841765000286124, 2.337491000210142
Sanisette;En service;32t av george v;75008;06h00 - 22h00;Oui;Non;;"{""coordinates"": [2.3011940003051334, 48.86882300008768], ""type"": ""Point""}";48.86882300008768, 2.3011940003051334
WC;En service;1 rue jules verne;75011;Horaires du parc;Oui;Oui;https://www.paris.fr/lieux/square-jules-verne-2841;"{""coordinates"": [2.375293808714896, 48.8700197118485], ""type"": ""Point""}";48.8700197118485, 2.375293808714896
Sanisette;En service;8 rue joseph chailley;75012;00h00 - 01h00;Oui;Non;;"{""coordinates"": [2.4039959996640956, 48.83323699980999], ""type"": ""Point""}";48.83323699980999, 2.4039959996640956
WC;En service;54 rue de fecamp;75012;Horaires du parc;Non;Non;https://www.paris.fr/lieux/jardin-ilan-halimi-2595;"{""coordinates"": [2.401190944045912, 48.83625106996013], ""type"": ""Point""}";48.83625106996013, 2.401190944045912
Sanisette;En service;54m bd auguste blanqui;75013;24/24h;Oui;Non;;"{""coordinates"": [2.349431999860653, 48.82948800034881], ""type"": ""Point""}";48.82948800034881, 2.349431999860653
Sanisette;En service;147 rue vercingetorix;75014;06h00 - 22h00;Oui;Non;;"{""coordinates"": [2.311423000611557, 48.832575000069404], ""type"": ""Point""}";48.832575000069404, 2.311423000611557
Sanisette;En service;23 rue du depart;75014;24/24h;Oui;Non;;"{""coordinates"": [2.3231750005795164, 48.842188000361666], ""type"": ""Point""}";48.842188000361666, 2.3231750005795164
Sanisette;En service;6 rue desnouettes;75015;24/24h;Oui;Non;;"{""coordinates"": [2.293395000594456, 48.835999999580864], ""type"": ""Point""}";48.835999999580864, 2.293395000594456
WC;En service;38 avenue ferdinand buisson;75016;Horaires du parc;Oui;Non;https://www.paris.fr/lieux/jardins-de-la-porte-de-saint-cloud-et-square-roger-coquoin-2623;"{""coordinates"": [2.254693576359468, 48.83586949307395], ""type"": ""Point""}";48.83586949307395, 2.254693576359468
Sanisette;En service;4 v av paul doumer;75016;24/24h;Oui;Non;;"{""coordinates"": [2.2863900005791047, 48.86215399978413], ""type"": ""Point""}";48.86215399978413, 2.2863900005791047
Sanisette;En service;96t rue lemercier;75017;06h00 - 22h00;Oui;Non;;"{""coordinates"": [2.3189150003784507, 48.8894439996382], ""type"": ""Point""}";48.8894439996382, 2.3189150003784507
WC;Hors service;22 rue pajol;75018;Horaires du parc;Oui;Non;;"{""coordinates"": [2.363252921089419, 48.888739244570104], ""type"": ""Point""}";48.888739244570104, 2.363252921089419
Sanisette;En service;13 rue henri huchard;75018;06h00 - 22h00;Oui;Non;;"{""coordinates"": [2.3340709996599873, 48.89904699985777], ""type"": ""Point""}";48.89904699985777, 2.3340709996599873
Sanisette;En service;21 pl de la chapelle;75018;06h00 - 22h00;Oui;Non;;"{""coordinates"": [2.359093999739106, 48.88465700018282], ""type"": ""Point""}";48.88465700018282, 2.359093999739106
Sanisette;En service;118 bd de clichy;75018;24/24h;Oui;Non;;"{""coordinates"": [2.330284000482643, 48.88440200017035], ""type"": ""Point""}";48.88440200017035, 2.330284000482643
WC;Hors service;11 avenue de la porte des lilas;75019;Horaires du parc;Oui;Non;https://www.paris.fr/lieux/jardin-serge-gainsbourg-6337;"{""coordinates"": [2.408116526446009, 48.878344636450926], ""type"": ""Point""}";48.878344636450926, 2.408116526446009
Sanisette;En service;21 av de la porte brunet;75019;06h00 - 22h00;Oui;Non;;"{""coordinates"": [2.39785400062757, 48.883886999607576], ""type"": ""Point""}";48.883886999607576, 2.39785400062757
Sanisette;En service;9b rue de cambrai;75019;06h00 - 22h00;Oui;Non;;"{""coordinates"": [2.3789530004040476, 48.89549599988921], ""type"": ""Point""}";48.89549599988921, 2.3789530004040476
Sanisette;En service;100 av de flandre;75019;06h00 - 22h00;Oui;Non;;"{""coordinates"": [2.3772510001708542, 48.890968999662405], ""type"": ""Point""}";48.890968999662405, 2.3772510001708542
Sanisette;En service;58 av du professeur andre lemierre;75020;06h00 - 22h00;Oui;Non;;"{""coordinates"": [2.4147219995199873, 48.858346999989685], ""type"": ""Point""}";48.858346999989685, 2.4147219995199873
Sanisette;En service;5 av de la porte de montreuil;75020;06h00 - 22h00;Oui;Non;;"{""coordinates"": [2.4115299997084336, 48.853777000113496], ""type"": ""Point""}";48.853777000113496, 2.4115299997084336
Sanisette;En service;69 bd de sebastopol;75002;06h00 - 22h00;Oui;Non;;"{""coordinates"": [2.350961999878497, 48.86366800042222], ""type"": ""Point""}";48.86366800042222, 2.350961999878497
Sanisette;En service;1 v av du docteur brouardel;75007;24/24h;Oui;Non;;"{""coordinates"": [2.295900999560928, 48.855115999955316], ""type"": ""Point""}";48.855115999955316, 2.295900999560928
Sanisette;En service;38b rue de sevres;75007;06h00 - 22h00;Oui;Non;;"{""coordinates"": [2.323064000201817, 48.849844999753095], ""type"": ""Point""}";48.849844999753095, 2.323064000201817
Sanisette;En service;1 rue velpeau;75007;24/24h;Oui;Non;;"{""coordinates"": [2.325177999564928, 48.85162799987539], ""type"": ""Point""}";48.85162799987539, 2.325177999564928
Lavatory;En service;84 av marceau;75008;11h00-19h00;Non;Non;;"{""coordinates"": [2.296062832904191, 48.8730821071864], ""type"": ""Point""}";48.8730821071864, 2.296062832904191
WC;En service;14 rue juliette dodu;75010;Horaires du parc;Oui;Non;https://www.paris.fr/lieux/square-juliette-dodu-2836;"{""coordinates"": [2.3693804937786944, 48.87566909887208], ""type"": ""Point""}";48.87566909887208, 2.3693804937786944
Sanisette;En service;1 v bd de la villette;75010;24/24h;Oui;Non;;"{""coordinates"": [2.3766129993778713, 48.87225799975622], ""type"": ""Point""}";48.87225799975622, 2.3766129993778713
Sanisette;En service;282 bd voltaire;75011;06h00 - 22h00;Oui;Non;;"{""coordinates"": [2.3936389998768104, 48.84959000030518], ""type"": ""Point""}";48.84959000030518, 2.3936389998768104
WC;Hors service;90 rue de la  roquette;75011;Horaires du parc;Oui;Non;https://www.paris.fr/lieux/square-francis-lemarque-2844;"{""coordinates"": [2.3766995953652805, 48.85600860592317], ""type"": ""Point""}";48.85600860592317, 2.3766995953652805
Sanisette;En service;2 v bd richard lenoir;75011;24/24h;Oui;Non;;"{""coordinates"": [2.369659999910584, 48.85389799975062], ""type"": ""Point""}";48.85389799975062, 2.369659999910584
Sanisette;En service;47 v bd voltaire;75011;06h00 - 22h00;Oui;Non;;"{""coordinates"": [2.371021999418347, 48.86339400003775], ""type"": ""Point""}";48.86339400003775, 2.371021999418347
Sanisette;En service;50 rue crozatier;75012;06h00 - 23h58;Oui;Non;;"{""coordinates"": [2.3801900004553467, 48.84871000017086], ""type"": ""Point""}";48.84871000017086, 2.3801900004553467
WC;Hors service;105 rue jeanne d arc;75013;Horaires du parc;Oui;Non;https://www.paris.fr/lieux/square-gustave-mesureur-2525;"{""coordinates"": [2.362528628434362, 48.83375567644587], ""type"": ""Point""}";48.83375567644587, 2.362528628434362
WC;En service;29 boulevard de l hopital;75013;Horaires du parc;Oui;Non;https://www.paris.fr/lieux/square-marie-curie-2496;"{""coordinates"": [2.363377124615041, 48.84118348536188], ""type"": ""Point""}";48.84118348536188, 2.363377124615041
Sanisette;En service;15 av du general leclerc;75014;00h00 - 01h00;Oui;Non;;"{""coordinates"": [2.3308930005580017, 48.8323179998504], ""type"": ""Point""}";48.8323179998504, 2.3308930005580017
Sanisette;En service;80 bd brune;75014;06h00 - 22h00;Oui;Non;;"{""coordinates"": [2.315764999477494, 48.825257999699474], ""type"": ""Point""}";48.825257999699474, 2.315764999477494
Sanisette;En service;40 av reille;75014;24/24h;Oui;Non;;"{""coordinates"": [2.3385550002226787, 48.82444800030104], ""type"": ""Point""}";48.82444800030104, 2.3385550002226787
Sanisette;En service;17 av de la porte de chatillon;75014;06h00 - 22h00;Oui;Non;;"{""coordinates"": [2.318167999804201, 48.82385599955443], ""type"": ""Point""}";48.82385599955443, 2.318167999804201
Sanisette;En service;68 av emile zola;75015;00h00 - 01h00;Oui;Non;;"{""coordinates"": [2.2847800004937246, 48.84653499962192], ""type"": ""Point""}";48.84653499962192, 2.2847800004937246
Sanisette;En service;4 pl de breteuil;75015;06h00 - 22h00;Oui;Non;;"{""coordinates"": [2.31095500019752, 48.84734400025202], ""type"": ""Point""}";48.84734400025202, 2.31095500019752
WC;En service;93 avenue de l' hippodrome;75016;Horaires du parc;Non;Non;https://www.paris.fr/lieux/parc-de-bagatelle-1808;"{""coordinates"": [2.246175582871884, 48.870565647115654], ""type"": ""Point""}";48.870565647115654, 2.246175582871884
Sanisette;En service;3 x sq lamartine;75016;06h00 - 22h00;Oui;Non;;"{""coordinates"": [2.275176000119446, 48.86518199958975], ""type"": ""Point""}";48.86518199958975, 2.275176000119446
Sanisette;En service;96 bd barbes;75018;24/24h;Oui;Non;;"{""coordinates"": [2.3497189997933323, 48.89147599958362], ""type"": ""Point""}";48.89147599958362, 2.3497189997933323
WC;En service;7 nd cd/18;75018;Horaires du parc;Oui;Non;;"{""coordinates"": [2.362718132802322, 48.89705716284851], ""type"": ""Point""}";48.89705716284851, 2.362718132802322
Sanisette;En service;47 av de la porte de clignancourt;75018;06h00 - 22h00;Oui;Non;;"{""coordinates"": [2.343965999536896, 48.89920699989907], ""type"": ""Point""}";48.89920699989907, 2.343965999536896
Sanisette;En service;16 av de saint-ouen;75018;06h00 - 22h00;Oui;Non;;"{""coordinates"": [2.325897000059476, 48.88820499977508], ""type"": ""Point""}";48.88820499977508, 2.325897000059476
WC;Hors service;5 rue des amiraux;75018;Horaires du parc;Non;Non;https://www.paris.fr/lieux/jardin-henri-sauvage-ex-square-amiraux-boinod-2702;"{""coordinates"": [2.3523880408452515, 48.894122158005445], ""type"": ""Point""}";48.894122158005445, 2.3523880408452515
Sanisette;En service;220 bd de la villette;75019;06h00 - 22h00;Oui;Non;;"{""coordinates"": [2.3673839993875667, 48.88427299956943], ""type"": ""Point""}";48.88427299956943, 2.3673839993875667
WC;En service;7 rue botzaris;75019;Horaires du parc;Non;Non;https://www.paris.fr/lieux/parc-des-buttes-chaumont-1757;"{""coordinates"": [2.37992746862574, 48.878124297106616], ""type"": ""Point""}";48.878124297106616, 2.37992746862574
Sanisette;En service;15 rue du pre saint-gervais;75019;06h00 - 22h00;Oui;Non;;"{""coordinates"": [2.39300899976985, 48.87621300006406], ""type"": ""Point""}";48.87621300006406, 2.39300899976985
Sanisette;En service;139 v bd de menilmontant;75020;24/24h;Oui;Non;;"{""coordinates"": [2.3833749997622435, 48.866766000213], ""type"": ""Point""}";48.866766000213, 2.3833749997622435
Sanisette;En service;39 rue jean-jacques rousseau;75001;24/24h;Oui;Non;;"{""coordinates"": [2.3418320005004327, 48.86316500012886], ""type"": ""Point""}";48.86316500012886, 2.3418320005004327
Sanisette;En service;91 rue d'aboukir;75002;06h00 - 22h00;Oui;Non;;"{""coordinates"": [2.3484040005465134, 48.868154999752115], ""type"": ""Point""}";48.868154999752115, 2.3484040005465134
Sanisette;En service;36 bd de sebastopol;75004;24/24h;Oui;Non;;"{""coordinates"": [2.35003599988823, 48.86155799965233], ""type"": ""Point""}";48.86155799965233, 2.35003599988823
Sanisette;En service;46 v bd henri iv;75004;24/24h;Oui;Non;;"{""coordinates"": [2.3683649994164124, 48.852652999949676], ""type"": ""Point""}";48.852652999949676, 2.3683649994164124
Sanisette;En service;130 rue saint-martin;75004;24/24h;Oui;Non;;"{""coordinates"": [2.3513150004040457, 48.8607969998681], ""type"": ""Point""}";48.8607969998681, 2.3513150004040457
Sanisette;En service;93 bd raspail;75006;06h00 - 22h00;Oui;Non;;"{""coordinates"": [2.328164999368402, 48.846981999729174], ""type"": ""Point""}";48.846981999729174, 2.328164999368402
Sanisette;En service;75 bd saint-germain;75006;24/24h;Oui;Non;;"{""coordinates"": [2.34281200042014, 48.85139700039018], ""type"": ""Point""}";48.85139700039018, 2.34281200042014
WC;En service;105 rue du bac;75007;Horaires du parc;Non;Non;https://www.paris.fr/lieux/square-des-missions-etrangeres-2463;"{""coordinates"": [2.324502929972812, 48.85240888991868], ""type"": ""Point""}";48.85240888991868, 2.324502929972812
WC;En service;3 place d' anvers;75009;Horaires du parc;Oui;Non;https://www.paris.fr/lieux/square-d-anvers-2468;"{""coordinates"": [2.3441329532517114, 48.88238662077099], ""type"": ""Point""}";48.88238662077099, 2.3441329532517114
Sanisette;En service;17 bd marguerite de rochechouart;75009;06h00 - 22h00;Oui;Non;;"{""coordinates"": [2.3474330003643105, 48.88343599997154], ""type"": ""Point""}";48.88343599997154, 2.3474330003643105
Sanisette;En service;35 rue alibert;75010;00h00 - 01h00;Oui;Non;;"{""coordinates"": [2.3696019996603654, 48.872324000304815], ""type"": ""Point""}";48.872324000304815, 2.3696019996603654
Sanisette;En service;25 bd de la villette;75010;06h00 - 22h00;Oui;Non;;"{""coordinates"": [2.375296999759469, 48.87348599983935], ""type"": ""Point""}";48.87348599983935, 2.375296999759469
Sanisette;En service;81 qu de valmy;75010;24/24h;Oui;Non;;"{""coordinates"": [2.364076999848973, 48.872602999853626], ""type"": ""Point""}";48.872602999853626, 2.364076999848973
Sanisette;En service;29 rue de la roquette;75011;24/24h;Oui;Non;;"{""coordinates"": [2.3728630004242413, 48.85488000020635], ""type"": ""Point""}";48.85488000020635, 2.3728630004242413
WC;Hors service;17 rue titon;75011;Horaires du parc;Oui;Non;https://www.paris.fr/lieux/jardin-de-la-folie-titon-2842;"{""coordinates"": [2.385387211338689, 48.85214933667669], ""type"": ""Point""}";48.85214933667669, 2.385387211338689
WC;En service;32 rue  neuve des boulets;75011;Horaires du parc;Non;Non;https://www.paris.fr/lieux/jardin-emile-galle-2730;"{""coordinates"": [2.3904652995553635, 48.853785095364564], ""type"": ""Point""}";48.853785095364564, 2.3904652995553635
Sanisette;En service;164 bd voltaire;75011;06h00 - 22h00;Oui;Non;;"{""coordinates"": [2.3835310004540045, 48.85565300038383], ""type"": ""Point""}";48.85565300038383, 2.3835310004540045
Sanisette;En service;170 av ledru-rollin;75011;24/24h;Oui;Non;;"{""coordinates"": [2.3793530002626153, 48.85705699961709], ""type"": ""Point""}";48.85705699961709, 2.3793530002626153
Sanisette;En service;125 av ledru-rollin;75011;00h00 - 01h00;Oui;Non;;"{""coordinates"": [2.3776669999727487, 48.85414100002846], ""type"": ""Point""}";48.85414100002846, 2.3776669999727487
Sanisette;En service;4 pl de l'abbe georges henocque;75013;06h00 - 22h00;Oui;Non;;"{""coordinates"": [2.35310099937436, 48.824060999722725], ""type"": ""Point""}";48.824060999722725, 2.35310099937436
Sanisette;En service;77 bd massena;75013;24/24h;Oui;Non;;"{""coordinates"": [2.369023000521541, 48.821251000296556], ""type"": ""Point""}";48.821251000296556, 2.369023000521541
Sanisette;En service;1 z pl louis armstrong;75013;06h00 - 22h00;Oui;Non;;"{""coordinates"": [2.3600550005799796, 48.835833999662924], ""type"": ""Point""}";48.835833999662924, 2.3600550005799796
WC;En service;17 allee de la deuxieme db;75015;Horaires du parc;Non;Non;https://www.paris.fr/lieux/jardin-atlantique-1775;"{""coordinates"": [2.3196854418888537, 48.83980953562733], ""type"": ""Point""}";48.83980953562733, 2.3196854418888537
Sanisette;En service;6 bd du montparnasse;75015;24/24h;Oui;Non;;"{""coordinates"": [2.316950999507549, 48.84652499973139], ""type"": ""Point""}";48.84652499973139, 2.316950999507549
Sanisette;En service;22 pl dupleix;75015;24/24h;Oui;Non;;"{""coordinates"": [2.295117000147868, 48.85105900025366], ""type"": ""Point""}";48.85105900025366, 2.295117000147868
Sanisette;En service;18 rue leon lhermitte;75015;06h00 - 22h00;Oui;Non;;"{""coordinates"": [2.2978170002501836, 48.842868999580126], ""type"": ""Point""}";48.842868999580126, 2.2978170002501836
Sanisette;En service;26 pl etienne pernet;75015;24/24h;Oui;Non;;"{""coordinates"": [2.292144000168206, 48.84260699987145], ""type"": ""Point""}";48.84260699987145, 2.292144000168206
Sanisette;En service;38 av raphael;75016;00h01 - 00h02;Oui;Non;;"{""coordinates"": [2.266699000196737, 48.85720199962261], ""type"": ""Point""}";48.85720199962261, 2.266699000196737
WC;En service;1 place de la porte maillot;75016;Horaires du parc;Oui;Non;https://www.paris.fr/lieux/square-alexandre-et-rene-parodi-2752;"{""coordinates"": [2.281006175261719, 48.87626369017988], ""type"": ""Point""}";48.87626369017988, 2.281006175261719
Sanisette;En service;2 rue polonceau;75018;06h00 - 22h00;Oui;Non;;"{""coordinates"": [2.354958999429904, 48.8851019996426], ""type"": ""Point""}";48.8851019996426, 2.354958999429904
Sanisette;En service;2 rue montcalm;75018;06h00 - 22h00;Oui;Non;;"{""coordinates"": [2.335235000035163, 48.89179399983482], ""type"": ""Point""}";48.89179399983482, 2.335235000035163
Sanisette;En service;25 rue du tunnel;75019;24/24h;Oui;Non;;"{""coordinates"": [2.3844280005447898, 48.87937300037187], ""type"": ""Point""}";48.87937300037187, 2.3844280005447898
WC;En service;50 avenue gambetta;75020;Horaires du parc;Non;Non;https://www.paris.fr/lieux/square-edouard-vaillant-2691;"{""coordinates"": [2.399921131428531, 48.86624979610642], ""type"": ""Point""}";48.86624979610642, 2.399921131428531
WC;En service;22 rue pajol;75018;Horaires du parc;Oui;Non;https://www.paris.fr/lieux/jardins-rosa-luxemburg-17580;"{""coordinates"": [2.3635013194466503, 48.88975238964436], ""type"": ""Point""}";48.88975238964436, 2.3635013194466503
Sanisette;En service;7 pl django reinhardt;75018;06h00 - 22h00;Oui;Non;;"{""coordinates"": [2.3437689999932854, 48.900789000131866], ""type"": ""Point""}";48.900789000131866, 2.3437689999932854
Sanisette;En service;5 pl albert kahn;75018;06h00 - 22h00;Oui;Non;;"{""coordinates"": [2.3459840001934857, 48.895789999814355], ""type"": ""Point""}";48.895789999814355, 2.3459840001934857
Sanisette;En service;83 rue de la chapelle;75018;06h00 - 22h00;Oui;Non;;"{""coordinates"": [2.3590869996795547, 48.89728300032829], ""type"": ""Point""}";48.89728300032829, 2.3590869996795547
WC;En service;45 rue des couronnes;75020;Horaires du parc;Oui;Non;https://www.paris.fr/lieux/jardin-des-couronnes-2748;"{""coordinates"": [2.385561775235243, 48.87045899931411], ""type"": ""Point""}";48.87045899931411, 2.385561775235243
WC;En service;2 place emile male;75005;Horaires du parc;Non;Non;https://www.paris.fr/lieux/square-des-arenes-de-lutece-et-square-capitan-1760;"{""coordinates"": [2.3532438534336686, 48.845456223644945], ""type"": ""Point""}";48.845456223644945, 2.3532438534336686
Sanisette;En service;4 rue poliveau;75005;24/24h;Oui;Non;;"{""coordinates"": [2.361277999417304, 48.84038899996341], ""type"": ""Point""}";48.84038899996341, 2.361277999417304
Sanisette;En service;5 bd de clichy;75009;24/24h;Oui;Non;;"{""coordinates"": [2.339160999797763, 48.882071999650535], ""type"": ""Point""}";48.882071999650535, 2.339160999797763
Sanisette;En service;65 bd de clichy;75009;24/24h;Oui;Non;;"{""coordinates"": [2.331781000436028, 48.883961999565514], ""type"": ""Point""}";48.883961999565514, 2.331781000436028
Sanisette;En service;21 rue de saint-quentin;75010;06h00 - 22h00;Non;Non;;"{""coordinates"": [2.3555700002109496, 48.87826000013855], ""type"": ""Point""}";48.87826000013855, 2.3555700002109496
Sanisette;En service;2 rue de metz;75010;24/24h;Oui;Non;;"{""coordinates"": [2.354575000128536, 48.87075900013074], ""type"": ""Point""}";48.87075900013074, 2.354575000128536
WC;En service;28 rue de la forge royale;75011;Horaires du parc;Oui;Non;https://www.paris.fr/lieux/square-louis-majorelle-2733;"{""coordinates"": [2.3809239992368436, 48.851992478470365], ""type"": ""Point""}";48.851992478470365, 2.3809239992368436
Sanisette;En service;9b bd jules ferry;75011;08h00 - 19h30;Oui;Non;;"{""coordinates"": [2.368349000020222, 48.867270999745976], ""type"": ""Point""}";48.867270999745976, 2.368349000020222
Sanisette;En service;2 av de bouvines;75011;24/24h;Oui;Non;;"{""coordinates"": [2.3962630006286507, 48.849558000107436], ""type"": ""Point""}";48.849558000107436, 2.3962630006286507
Sanisette;En service;283 rue de charenton;75012;00h00 - 01h00;Oui;Non;;"{""coordinates"": [2.3935230005132726, 48.8347220001264], ""type"": ""Point""}";48.8347220001264, 2.3935230005132726
Sanisette;En service;18 rue erard;75012;06h00 - 22h00;Oui;Non;;"{""coordinates"": [2.3849130003823196, 48.845600999856394], ""type"": ""Point""}";48.845600999856394, 2.3849130003823196
Sanisette;En service;146 bd de l'hopital;75013;06h00 - 22h00;Oui;Non;;"{""coordinates"": [2.356165999891942, 48.83259000023232], ""type"": ""Point""}";48.83259000023232, 2.356165999891942
Sanisette;En service;15 v bd auguste blanqui;75013;06h00 - 22h00;Oui;Non;;"{""coordinates"": [2.353364999561522, 48.83064100039682], ""type"": ""Point""}";48.83064100039682, 2.353364999561522
Sanisette;En service;117 bd vincent auriol;75013;06h00 - 22h00;Oui;Non;;"{""coordinates"": [2.365073999519075, 48.8337069998535], ""type"": ""Point""}";48.8337069998535, 2.365073999519075
Sanisette;En service;92 rue de tolbiac;75013;06h00 - 23h59;Oui;Non;;"{""coordinates"": [2.364581000006739, 48.826838999890526], ""type"": ""Point""}";48.826838999890526, 2.364581000006739
WC;En service;47 rue gandon;75013;Horaires du parc;Oui;Non;https://www.paris.fr/lieux/jardin-joan-miro-2563;"{""coordinates"": [2.361947467270594, 48.81990547173018], ""type"": ""Point""}";48.81990547173018, 2.361947467270594
Sanisette;En service;14 av rene coty;75014;06h00 - 22h00;Oui;Non;;"{""coordinates"": [2.333811999463941, 48.83033800032827], ""type"": ""Point""}";48.83033800032827, 2.333811999463941
Sanisette;En service;11 av maurice d'ocagne;75014;06h00 - 22h00;Oui;Non;;"{""coordinates"": [2.311332000086151, 48.824990000266716], ""type"": ""Point""}";48.824990000266716, 2.311332000086151
Sanisette;En service;2 pl amedee gordini;75015;06h00 - 22h00;Oui;Non;;"{""coordinates"": [2.2919599996490962, 48.8309549998389], ""type"": ""Point""}";48.8309549998389, 2.2919599996490962
Sanisette;En service;93b rue blomet;75015;06h00 - 22h00;Oui;Non;;"{""coordinates"": [2.3002929993416408, 48.84091199984846], ""type"": ""Point""}";48.84091199984846, 2.3002929993416408
Sanisette;En service;216 rue saint-charles;75015;06h00 - 22h00;Oui;Non;;"{""coordinates"": [2.2779889994831684, 48.83808899998454], ""type"": ""Point""}";48.83808899998454, 2.2779889994831684
WC;En service;41 rue mirabeau;75016;Horaires du parc;Oui;Non;https://www.paris.fr/lieux/parc-sainte-perine-1806;"{""coordinates"": [2.2685112822119478, 48.843817611869724], ""type"": ""Point""}";48.843817611869724, 2.2685112822119478
Sanisette;En service;12 w1 bd des batignolles;75017;24/24h;Oui;Non;;"{""coordinates"": [2.3262660000526107, 48.883342999654786], ""type"": ""Point""}";48.883342999654786, 2.3262660000526107
Sanisette;En service;20 bd des batignolles;75017;24/24h;Oui;Non;;"{""coordinates"": [2.325236000174818, 48.883118000401375], ""type"": ""Point""}";48.883118000401375, 2.325236000174818
Sanisette;En service;32 av de la porte de montmartre;75018;23h59 - 00h00;Oui;Non;;"{""coordinates"": [2.3354129998428843, 48.901022999656156], ""type"": ""Point""}";48.901022999656156, 2.3354129998428843
WC;En service;122 rue des poissonniers;75018;Horaires du parc;Oui;Non;https://www.paris.fr/lieux/jardin-122-rue-des-poissonniers-17468;"{""coordinates"": [2.3532738607939145, 48.89500623204368], ""type"": ""Point""}";48.89500623204368, 2.3532738607939145
Sanisette;En service;0 s cite falaise;75018;06h00 - 22h00;Oui;Non;;"{""coordinates"": [2.3345859997408973, 48.89642000005421], ""type"": ""Point""}";48.89642000005421, 2.3345859997408973
WC;En service;156 rue marcadet;75018;Horaires du parc;Oui;Non;https://www.paris.fr/lieux/square-leon-serpollet-2665;"{""coordinates"": [2.339101315132686, 48.89225644637529], ""type"": ""Point""}";48.89225644637529, 2.339101315132686
WC;En service;32 rue berger;75001;Horaires du parc;Oui;Non;;"{""coordinates"": [2.3463609754114185, 48.862250005118426], ""type"": ""Point""}";48.862250005118426, 2.3463609754114185
Sanisette;En service;19 av victoria;75001;06h00 - 22h00;Oui;Non;;"{""coordinates"": [2.346546000463207, 48.85797799960644], ""type"": ""Point""}";48.85797799960644, 2.346546000463207
Sanisette;En service;117 rue montmartre;75002;06h00 - 22h00;Oui;Non;;"{""coordinates"": [2.343226999493932, 48.86876100022834], ""type"": ""Point""}";48.86876100022834, 2.343226999493932
WC;En service;50 rue de bretagne;75003;Horaires du parc;Non;Oui;https://www.paris.fr/lieux/square-du-temple-elie-wiesel-2425;"{""coordinates"": [2.360499743483085, 48.86428649324811], ""type"": ""Point""}";48.86428649324811, 2.360499743483085
Sanisette;En service;8 rue jean calvin;75005;24/24h;Oui;Non;;"{""coordinates"": [2.3487010000881967, 48.84164499972937], ""type"": ""Point""}";48.84164499972937, 2.3487010000881967
Sanisette;En service;17 rue du four;75006;24/24h;Oui;Non;;"{""coordinates"": [2.3346000001385465, 48.85274100024098], ""type"": ""Point""}";48.85274100024098, 2.3346000001385465
Sanisette;En service;44 bd malesherbes;75008;06h00 - 22h00;Oui;Non;;"{""coordinates"": [2.320433000475625, 48.874335999751764], ""type"": ""Point""}";48.874335999751764, 2.320433000475625
Sanisette;En service;76 bd marguerite de rochechouart;75009;24/24h;Oui;Non;;"{""coordinates"": [2.3434889998913424, 48.8827379996895], ""type"": ""Point""}";48.8827379996895, 2.3434889998913424
Sanisette;En service;20 bd saint-martin;75010;24/24h;Oui;Non;;"{""coordinates"": [2.3562090006801126, 48.869003999831435], ""type"": ""Point""}";48.869003999831435, 2.3562090006801126
Sanisette;En service;1 rue de montreuil;75011;06h00 - 22h00;Oui;Non;;"{""coordinates"": [2.3839940003683404, 48.85042799976941], ""type"": ""Point""}";48.85042799976941, 2.3839940003683404
Sanisette;En service;111 av daumesnil;75012;24/24h;Oui;Non;;"{""coordinates"": [2.380364000051836, 48.84498399967939], ""type"": ""Point""}";48.84498399967939, 2.380364000051836
WC;En service;113 avenue daumesnil;75012;Horaires du parc;Oui;Oui;https://www.paris.fr/lieux/square-philippe-farine-ex-square-du-mail-gatbois-2601;"{""coordinates"": [2.381996875345674, 48.84435659522636], ""type"": ""Point""}";48.84435659522636, 2.381996875345674
Sanisette;En service;90 crs de vincennes;75012;06h00 - 22h00;Oui;Non;;"{""coordinates"": [2.40746299964385, 48.847117999654465], ""type"": ""Point""}";48.847117999654465, 2.40746299964385
WC;Hors service;69 boulevard arago;75013;Horaires du parc;Non;Non;https://www.paris.fr/lieux/square-henri-cadiou-2529;"{""coordinates"": [2.342501412608784, 48.834474259928996], ""type"": ""Point""}";48.834474259928996, 2.342501412608784
Sanisette;En service;60 v bd saint-marcel;75013;06h00 - 22h00;Oui;Non;;"{""coordinates"": [2.3556389995511884, 48.83791699997501], ""type"": ""Point""}";48.83791699997501, 2.3556389995511884
Sanisette;En service;70 bd jourdan;75014;06h00 - 22h00;Oui;Non;;"{""coordinates"": [2.3288419999339864, 48.822634999746384], ""type"": ""Point""}";48.822634999746384, 2.3288419999339864
Sanisette;En service;159 bd brune;75014;06h00 - 22h00;Oui;Non;;"{""coordinates"": [2.3211240000695974, 48.82435200002841], ""type"": ""Point""}";48.82435200002841, 2.3211240000695974
WC;En service;8 avenue de la sibelle;75014;Horaires du parc;Non;Non;https://www.paris.fr/lieux/jardin-et-aire-de-jeux-de-la-zac-alesia-montsouris-2867;"{""coordinates"": [2.3382298412088063, 48.82619075481292], ""type"": ""Point""}";48.82619075481292, 2.3382298412088063
WC;Hors service;1 avenue ernest reyer;75014;Horaires du parc;Oui;Non;https://www.paris.fr/lieux/square-jean-moulin-2589;"{""coordinates"": [2.318778528754187, 48.82377533751297], ""type"": ""Point""}";48.82377533751297, 2.318778528754187
Sanisette;En service;46 bd de vaugirard;75015;06h00 - 22h00;Oui;Non;;"{""coordinates"": [2.3164160006734824, 48.840913000180066], ""type"": ""Point""}";48.840913000180066, 2.3164160006734824
WC;Hors service;2 rue jean formige;75015;Horaires du parc;Non;Non;https://www.paris.fr/lieux/square-saint-lambert-1768;"{""coordinates"": [2.2974060618595407, 48.842774535610474], ""type"": ""Point""}";48.842774535610474, 2.2974060618595407
Sanisette;En service;76 rue brancion;75015;06h00 - 22h00;Oui;Non;;"{""coordinates"": [2.302731999726336, 48.83193400009531], ""type"": ""Point""}";48.83193400009531, 2.302731999726336
Sanisette;En service;364 rue lecourbe;75015;06h00 - 22h00;Oui;Non;;"{""coordinates"": [2.2816640003019857, 48.83623800016424], ""type"": ""Point""}";48.83623800016424, 2.2816640003019857
WC;En service;1 rue duranton;75015;Horaires du parc;Non;Non;https://www.paris.fr/lieux/square-duranton-2534;"{""coordinates"": [2.285555470451857, 48.84127764690941], ""type"": ""Point""}";48.84127764690941, 2.285555470451857
Sanisette;En service;42 rue mirabeau;75016;06h00 - 22h00;Oui;Non;;"{""coordinates"": [2.2690679997469223, 48.845990000123685], ""type"": ""Point""}";48.845990000123685, 2.2690679997469223
WC;En service;41 rue mirabeau;75016;Horaires du parc;Non;Non;https://www.paris.fr/lieux/parc-sainte-perine-1806;"{""coordinates"": [2.2691726043891225, 48.844844108071605], ""type"": ""Point""}";48.844844108071605, 2.2691726043891225
WC;En service;1 boulevard de la somme;75017;Horaires du parc;Non;Non;https://www.paris.fr/lieux/square-sainte-odile-2642;"{""coordinates"": [2.2935815375928916, 48.88785096721723], ""type"": ""Point""}";48.88785096721723, 2.2935815375928916
Sanisette;En service;1 av emile et armand massard;75017;06h00 - 22h00;Oui;Non;;"{""coordinates"": [2.2975689997764004, 48.888861999774], ""type"": ""Point""}";48.888861999774, 2.2975689997764004
Sanisette;En service;19 rue francis de croisset;75018;06h00 - 22h00;Oui;Non;;"{""coordinates"": [2.3444620003732797, 48.899396000353256], ""type"": ""Point""}";48.899396000353256, 2.3444620003732797
WC;En service;2 place des fetes;75019;Horaires du parc;Oui;Non;https://www.paris.fr/lieux/jardin-du-regard-de-la-lanterne-2677;"{""coordinates"": [2.3931583796208193, 48.87669393738172], ""type"": ""Point""}";48.87669393738172, 2.3931583796208193
Sanisette;En service;2 rue max ernst;75020;08h00 - 20h30;Oui;Non;;"{""coordinates"": [2.387733999898357, 48.86597700014329], ""type"": ""Point""}";48.86597700014329, 2.387733999898357
Sanisette;En service;4 rue fernand leger;75020;06h00 - 22h00;Oui;Non;;"{""coordinates"": [2.389195000186024, 48.86379599961598], ""type"": ""Point""}";48.86379599961598, 2.389195000186024
WC;En service;100 voie georges pompidou;75004;10h00 - 22h00;Oui;Non;;"{""coordinates"": [2.3545796777169627, 48.854278089074455], ""type"": ""Point""}";48.854278089074455, 2.3545796777169627
Urinoir;En service;10bv quai d'orsay;75007;10h00 - 22h00;Oui;Non;;"{""coordinates"": [2.309290123883407, 48.862950773927956], ""type"": ""Point""}";48.862950773927956, 2.309290123883407
WC;En service;1 rue de babylone;75007;Horaires du parc;Oui;Non;https://www.paris.fr/lieux/square-boucicaut-2462;"{""coordinates"": [2.3256456465969055, 48.85111943873878], ""type"": ""Point""}";48.85111943873878, 2.3256456465969055
Sanisette;En service;53 qu de valmy;75010;24/24h;Oui;Non;;"{""coordinates"": [2.3658410001675967, 48.870289999998704], ""type"": ""Point""}";48.870289999998704, 2.3658410001675967
Sanisette;En service;82 qu de jemmapes;75010;06h00 - 22h00;Oui;Non;;"{""coordinates"": [2.3649209994630906, 48.87221299997781], ""type"": ""Point""}";48.87221299997781, 2.3649209994630906
Sanisette;En service;180 qu de valmy;75010;00h00 - 01h00;Oui;Non;;"{""coordinates"": [2.36732200062348, 48.88017200006998], ""type"": ""Point""}";48.88017200006998, 2.36732200062348
Sanisette;En service;54 bd richard lenoir;75011;07h00 - 19h30;Oui;Non;;"{""coordinates"": [2.372018999818233, 48.859369999830044], ""type"": ""Point""}";48.859369999830044, 2.372018999818233
Sanisette;En service;6 rue ernest lavisse;75012;08h00 - 19h30;Oui;Non;;"{""coordinates"": [2.4099140000081043, 48.8419809997397], ""type"": ""Point""}";48.8419809997397, 2.4099140000081043
WC;En service;2 rue joseph kessel;75012;Horaires du parc;Oui;Oui;https://www.paris.fr/lieux/parc-de-bercy-grandes-pelouses-5;"{""coordinates"": [2.382471395340474, 48.833983191521675], ""type"": ""Point""}";48.833983191521675, 2.382471395340474
Sanisette;En service;6 rue martin bernard;75013;24/24h;Oui;Non;;"{""coordinates"": [2.3512849996060785, 48.826888000110166], ""type"": ""Point""}";48.826888000110166, 2.3512849996060785
Sanisette;En service;3 bd de l'hopital;75013;24/24h;Oui;Non;;"{""coordinates"": [2.3643509996401595, 48.84309000031842], ""type"": ""Point""}";48.84309000031842, 2.3643509996401595
Sanisette;En service;199 av du maine;75014;06h00 - 22h00;Oui;Non;;"{""coordinates"": [2.326281999864547, 48.829586999622435], ""type"": ""Point""}";48.829586999622435, 2.326281999864547
WC;En service;4 place violet;75015;Horaires du parc;Oui;Non;https://www.paris.fr/lieux/square-violet-2531;"{""coordinates"": [2.2891995674457033, 48.84429229095396], ""type"": ""Point""}";48.84429229095396, 2.2891995674457033
Sanisette;En service;86 rue de la federation;75015;24/24h;Oui;Non;;"{""coordinates"": [2.298003000411582, 48.85285199998405], ""type"": ""Point""}";48.85285199998405, 2.298003000411582
Sanisette;En service;202 rue de la convention;75015;24/24h;Oui;Non;;"{""coordinates"": [2.2968000000475284, 48.83716199962859], ""type"": ""Point""}";48.83716199962859, 2.2968000000475284
WC;En service;93 avenue de l' hippodrome;75016;Horaires du parc;Oui;Non;https://www.paris.fr/lieux/parc-de-bagatelle-1808;"{""coordinates"": [2.248019574417668, 48.86883301419714], ""type"": ""Point""}";48.86883301419714, 2.248019574417668
Sanisette;En service;64 av de la grande armee;75017;06h00 - 22h00;Oui;Non;;"{""coordinates"": [2.2859550004232956, 48.87694200019017], ""type"": ""Point""}";48.87694200019017, 2.2859550004232956
WC;Hors service;23 rue carpeaux;75018;Horaires du parc;Oui;Non;https://www.paris.fr/lieux/square-carpeaux-2646;"{""coordinates"": [2.3316192813555867, 48.891476402299865], ""type"": ""Point""}";48.891476402299865, 2.3316192813555867
Sanisette;En service;2 rue saint-bruno;75018;06h00 - 22h00;Oui;Non;;"{""coordinates"": [2.356305999707875, 48.885984000259434], ""type"": ""Point""}";48.885984000259434, 2.356305999707875
Sanisette;En service;30 rue marc seguin;75018;06h00 - 22h00;Oui;Non;;"{""coordinates"": [2.3615539994578914, 48.89209499970645], ""type"": ""Point""}";48.89209499970645, 2.3615539994578914
Sanisette;En service;179 av de flandre;75019;06h00 - 22h00;Oui;Non;;"{""coordinates"": [2.382028999632136, 48.89473799969621], ""type"": ""Point""}";48.89473799969621, 2.382028999632136
Urinoir;En service;9 rue piat;75020;24/24h;Non;Non;;"{""coordinates"": [2.385813917618, 48.87142182795628], ""type"": ""Point""}";48.87142182795628, 2.385813917618
WC;Hors service;40 rue le vau;75020;Horaires du parc;Non;Non;https://www.paris.fr/lieux/square-emmanuel-fleury-2720;"{""coordinates"": [2.4110869068483605, 48.869910694027446], ""type"": ""Point""}";48.869910694027446, 2.4110869068483605
WC;En service;144 voie georges pompidou;75001;10h00 - 22h00;Oui;Non;;"{""coordinates"": [2.343958413401344, 48.857975184227456], ""type"": ""Point""}";48.857975184227456, 2.343958413401344
Sanisette;En service;34 rue du grenier saint-lazare;75003;06h00 - 22h00;Oui;Non;;"{""coordinates"": [2.352738000085078, 48.86309999967739], ""type"": ""Point""}";48.86309999967739, 2.352738000085078
Sanisette;En service;2 rue mornay;75004;06h00 - 22h00;Oui;Non;;"{""coordinates"": [2.366126999945174, 48.84949300006735], ""type"": ""Point""}";48.84949300006735, 2.366126999945174
Sanisette;En service;10 rue d'arcole;75004;00h01 - 00h02;Oui;Non;;"{""coordinates"": [2.349242000048236, 48.8538159998011], ""type"": ""Point""}";48.8538159998011, 2.349242000048236
Sanisette;En service;123 rue saint-jacques;75005;06h00 - 23h59;Oui;Non;;"{""coordinates"": [2.3439919994121317, 48.84782200009687], ""type"": ""Point""}";48.84782200009687, 2.3439919994121317
WC;En service;7 rue laure diebold;75008;Horaires du parc;Oui;Non;;"{""coordinates"": [2.304961341601859, 48.87581195724887], ""type"": ""Point""}";48.87581195724887, 2.304961341601859
Sanisette;En service;79 v rue la fayette;75009;06h00 - 22h00;Oui;Non;;"{""coordinates"": [2.346886999517786, 48.87677500038332], ""type"": ""Point""}";48.87677500038332, 2.346886999517786
Sanisette;En service;58 av de la republique;75011;24/24h;Oui;Non;;"{""coordinates"": [2.3760440001918792, 48.86490000031819], ""type"": ""Point""}";48.86490000031819, 2.3760440001918792
Sanisette;En service;54 bd du temple;75011;24/24h;Oui;Non;;"{""coordinates"": [2.365007000217622, 48.86626700040959], ""type"": ""Point""}";48.86626700040959, 2.365007000217622
Sanisette;En service;131 bd de charonne;75011;06h00 - 22h00;Oui;Non;;"{""coordinates"": [2.3924470002462113, 48.8574710001974], ""type"": ""Point""}";48.8574710001974, 2.3924470002462113
WC;En service;2 carrefour de la pyramide;75012;Horaires du parc;Oui;Oui;https://www.paris.fr/lieux/parc-floral-de-paris-1;"{""coordinates"": [2.4446432727101692, 48.83825700255321], ""type"": ""Point""}";48.83825700255321, 2.4446432727101692
WC;En service;2 rue du sahel;75012;Horaires du parc;Oui;Non;https://www.paris.fr/lieux/square-charles-peguy-2575;"{""coordinates"": [2.402205289443234, 48.841005862551526], ""type"": ""Point""}";48.841005862551526, 2.402205289443234
WC;En service;2 carrefour de la pyramide;75012;Horaires du parc;Oui;Oui;https://www.paris.fr/lieux/parc-floral-de-paris-1;"{""coordinates"": [2.4475953145869003, 48.83742064610817], ""type"": ""Point""}";48.83742064610817, 2.4475953145869003
Sanisette;En service;10 pl nationale;75013;24/24h;Oui;Non;;"{""coordinates"": [2.365296999680814, 48.829382999912745], ""type"": ""Point""}";48.829382999912745, 2.365296999680814
Sanisette;En service;156 av de choisy;75013;24/24h;Oui;Non;;"{""coordinates"": [2.35847500032991, 48.82820400038698], ""type"": ""Point""}";48.82820400038698, 2.35847500032991
WC;Hors service;2 rue eugene atget;75013;Horaires du parc;Non;Non;https://www.paris.fr/lieux/jardin-brassai-2571;"{""coordinates"": [2.349436628935091, 48.82858708787678], ""type"": ""Point""}";48.82858708787678, 2.349436628935091
WC;En service;63 rue du moulin de la pointe;75013;Horaires du parc;Non;Non;https://www.paris.fr/lieux/jardin-du-monument-aux-meres-francaises-2564;"{""coordinates"": [2.35678871657851, 48.821014127516676], ""type"": ""Point""}";48.821014127516676, 2.35678871657851
WC;En service;21 avenue boutroux;75013;Horaires du parc;Non;Non;https://www.paris.fr/lieux/jardin-clara-zetkin-ex-square-boutroux-2517;"{""coordinates"": [2.3758995602355886, 48.82166498960514], ""type"": ""Point""}";48.82166498960514, 2.3758995602355886
WC;En service;28 boulevard jourdan;75014;Horaires du parc;Non;Non;https://www.paris.fr/lieux/jardin-et-aire-de-jeux-de-la-zac-alesia-montsouris-2867;"{""coordinates"": [2.336591562073573, 48.82227702153403], ""type"": ""Point""}";48.82227702153403, 2.336591562073573
WC;Hors service;72 rue du moulin vert;75014;Horaires du parc;Non;Non;https://www.paris.fr/lieux/square-alberto-giacometti-2866;"{""coordinates"": [2.320531757502638, 48.83134761087849], ""type"": ""Point""}";48.83134761087849, 2.320531757502638
Sanisette;En service;103 bd brune;75014;06h00 - 22h00;Oui;Non;;"{""coordinates"": [2.315061000374368, 48.82566699985328], ""type"": ""Point""}";48.82566699985328, 2.315061000374368
Sanisette;En service;73 qu jacques chirac;75015;24/24h;Oui;Non;;"{""coordinates"": [2.291110000602172, 48.85724500040771], ""type"": ""Point""}";48.85724500040771, 2.291110000602172
WC;En service;2 rue de la montagne de la fage;75015;Horaires du parc;Non;Non;https://www.paris.fr/lieux/parc-andre-citroen-1791;"{""coordinates"": [2.2752968060267973, 48.84209645009474], ""type"": ""Point""}";48.84209645009474, 2.2752968060267973
Sanisette;En service;41 rue des morillons;75015;06h00 - 22h00;Oui;Non;;"{""coordinates"": [2.2995150000862523, 48.833131999824694], ""type"": ""Point""}";48.833131999824694, 2.2995150000862523
Sanisette;En service;9 qu louis bleriot;75016;06h00 - 22h00;Oui;Non;;"{""coordinates"": [2.2778989993259198, 48.85084100025581], ""type"": ""Point""}";48.85084100025581, 2.2778989993259198
Sanisette;En service;62 bd murat;75016;06h00 - 22h00;Oui;Non;;"{""coordinates"": [2.2561819999758157, 48.8422429999721], ""type"": ""Point""}";48.8422429999721, 2.2561819999758157
Sanisette;En service;132 bd bessieres;75017;06h00 - 22h00;Oui;Non;;"{""coordinates"": [2.3143000003616483, 48.89484000010782], ""type"": ""Point""}";48.89484000010782, 2.3143000003616483
WC;En service;1 rue maria deraismes;75017;Horaires du parc;Non;Non;https://www.paris.fr/lieux/square-des-epinettes-2631;"{""coordinates"": [2.326850236952466, 48.894764966209635], ""type"": ""Point""}";48.894764966209635, 2.326850236952466
Sanisette;En service;17 rue rene binet;75018;24/24h;Oui;Non;;"{""coordinates"": [2.3405330004326794, 48.8992760000466], ""type"": ""Point""}";48.8992760000466, 2.3405330004326794
Sanisette;En service;16 pl saint-pierre;75018;24/24h;Oui;Non;;"{""coordinates"": [2.3427400006679586, 48.88447100021972], ""type"": ""Point""}";48.88447100021972, 2.3427400006679586
Sanisette;En service;60 bd de la chapelle;75018;06h00 - 23h59;Oui;Non;;"{""coordinates"": [2.3551060006538584, 48.88419800002976], ""type"": ""Point""}";48.88419800002976, 2.3551060006538584
Sanisette;En service;77 bd de clichy;75018;24/24h;Oui;Non;;"{""coordinates"": [2.328972999602953, 48.88421400037466], ""type"": ""Point""}";48.88421400037466, 2.328972999602953
Sanisette;En service;69 av de flandre;75019;24/24h;Oui;Non;;"{""coordinates"": [2.3739280000810385, 48.888696000220584], ""type"": ""Point""}";48.888696000220584, 2.3739280000810385
Urinoir;En service;18 quai de la seine;75019;24/24h;Non;Non;;"{""coordinates"": [2.372034229443866, 48.88531561271516], ""type"": ""Point""}";48.88531561271516, 2.372034229443866
Sanisette;En service;7 p1 av de la porte de la villette;75019;24/24h;Oui;Non;;"{""coordinates"": [2.386777000523741, 48.89897599974761], ""type"": ""Point""}";48.89897599974761, 2.386777000523741
WC;En service;12 square de la salamandre;75020;Horaires du parc;Oui;Non;;"{""coordinates"": [2.4060322699889594, 48.857736689764785], ""type"": ""Point""}";48.857736689764785, 2.4060322699889594
WC;En service;246 rue de belleville;75020;Horaires du parc;Non;Non;https://www.paris.fr/lieux/square-belleville-telegraphe-2724;"{""coordinates"": [2.3992812572847195, 48.87498499083153], ""type"": ""Point""}";48.87498499083153, 2.3992812572847195
Sanisette;En service;23 bd de sebastopol;75001;24/24h;Oui;Non;;"{""coordinates"": [2.348837000178527, 48.85988000001835], ""type"": ""Point""}";48.85988000001835, 2.348837000178527
WC;En service;14 impasse berthaud;75003;Horaires du parc;Oui;Non;https://www.paris.fr/lieux/jardin-anne-frank-2737;"{""coordinates"": [2.3545285827832645, 48.86140027291512], ""type"": ""Point""}";48.86140027291512, 2.3545285827832645
Sanisette;En service;90 bd de sebastopol;75003;06h00 - 22h00;Oui;Non;;"{""coordinates"": [2.3525500005526423, 48.86603499956287], ""type"": ""Point""}";48.86603499956287, 2.3525500005526423
WC;En service;73 boulevard saint germain;75005;Horaires du parc;Non;Non;https://www.paris.fr/lieux/square-paul-painleve-2444;"{""coordinates"": [2.3440871652208792, 48.85081103484684], ""type"": ""Point""}";48.85081103484684, 2.3440871652208792
WC;En service;2 quai saint bernard;75005;Horaires du parc;Oui;Non;https://www.paris.fr/lieux/jardin-tino-rossi-1786;"{""coordinates"": [2.359146507792513, 48.848436644167236], ""type"": ""Point""}";48.848436644167236, 2.359146507792513
Sanisette;En service;75b rue monge;75005;24/24h;Oui;Non;;"{""coordinates"": [2.3520940005625017, 48.843135999716935], ""type"": ""Point""}";48.843135999716935, 2.3520940005625017
Sanisette;En service;51 bd de courcelles;75008;06h00 - 22h00;Oui;Non;;"{""coordinates"": [2.304040999956061, 48.87923899966627], ""type"": ""Point""}";48.87923899966627, 2.304040999956061
Sanisette;En service;54 qu de jemmapes;75010;24/24h;Oui;Non;;"{""coordinates"": [2.3666020002139914, 48.87004800003424], ""type"": ""Point""}";48.87004800003424, 2.3666020002139914
Sanisette;En service;143 bd de magenta;75010;06h00 - 22h00;Oui;Non;;"{""coordinates"": [2.3506540002472054, 48.88221799966364], ""type"": ""Point""}";48.88221799966364, 2.3506540002472054
Sanisette;En service;44 av philippe-auguste;75011;06h00 - 22h00;Oui;Non;;"{""coordinates"": [2.393696000462172, 48.85211699990634], ""type"": ""Point""}";48.85211699990634, 2.393696000462172
Sanisette;En service;8 pl leon blum;75011;06h00 - 22h00;Oui;Non;;"{""coordinates"": [2.380220999817642, 48.85828900018697], ""type"": ""Point""}";48.85828900018697, 2.380220999817642
Sanisette;En service;18 av jean aicard;75011;06h00 - 23h59;Oui;Non;;"{""coordinates"": [2.3809620003827687, 48.86568599967996], ""type"": ""Point""}";48.86568599967996, 2.3809620003827687
Sanisette;En service;133 av parmentier;75011;24/24h;Oui;Non;;"{""coordinates"": [2.371148999796178, 48.86969599974975], ""type"": ""Point""}";48.86969599974975, 2.371148999796178
Sanisette;En service;12 bd de bercy;75012;24/24h;Oui;Non;;"{""coordinates"": [2.378220999802014, 48.83961600028436], ""type"": ""Point""}";48.83961600028436, 2.378220999802014
Sanisette;En service;92 rue de lyon;75012;06h00 - 22h00;Oui;Non;;"{""coordinates"": [2.3702969996401757, 48.85084399988939], ""type"": ""Point""}";48.85084399988939, 2.3702969996401757
Sanisette;En service;153p bd vincent auriol;75013;06h00 - 22h00;Oui;Non;;"{""coordinates"": [2.361663999679988, 48.83251000032607], ""type"": ""Point""}";48.83251000032607, 2.361663999679988
Sanisette;En service;37 rue charles moureu;75013;06h00 - 22h00;Oui;Non;;"{""coordinates"": [2.3607159996714113, 48.829127999752224], ""type"": ""Point""}";48.829127999752224, 2.3607159996714113
WC;En service;7 rue sainte leonie;75014;Horaires du parc;Non;Non;https://www.paris.fr/lieux/square-alberto-giacometti-2866;"{""coordinates"": [2.3198918705057547, 48.83377543414644], ""type"": ""Point""}";48.83377543414644, 2.3198918705057547
Sanisette;En service;65 av du general leclerc;75014;24/24h;Oui;Non;;"{""coordinates"": [2.3279549995752253, 48.82896699969239], ""type"": ""Point""}";48.82896699969239, 2.3279549995752253
Sanisette;En service;167 v av du maine;75014;06h00 - 22h00;Oui;Non;;"{""coordinates"": [2.3253950006661976, 48.832022000030875], ""type"": ""Point""}";48.832022000030875, 2.3253950006661976
Sanisette;En service;34 bd edgar quinet;75014;24/24h;Oui;Non;;"{""coordinates"": [2.3268410003738786, 48.840455999570636], ""type"": ""Point""}";48.840455999570636, 2.3268410003738786
WC;En service;43 rue blomet;75015;Horaires du parc;Non;Non;https://www.paris.fr/lieux/square-de-l-oiseau-lunaire-ex-blomet-2519;"{""coordinates"": [2.30558818110809, 48.84213546483047], ""type"": ""Point""}";48.84213546483047, 2.30558818110809
WC;En service;2 place jacques marette;75015;Horaires du parc;Oui;Non;https://www.paris.fr/lieux/parc-georges-brassens-1805;"{""coordinates"": [2.299950907200807, 48.831621530311644], ""type"": ""Point""}";48.831621530311644, 2.299950907200807
Sanisette;En service;25 av de lowendal;75015;06h00 - 22h00;Oui;Non;;"{""coordinates"": [2.3035700001032366, 48.849187999731], ""type"": ""Point""}";48.849187999731, 2.3035700001032366
Sanisette;En service;25 rue lambert;75018;24/24h;Oui;Non;;"{""coordinates"": [2.3451110000948807, 48.88912500041226], ""type"": ""Point""}";48.88912500041226, 2.3451110000948807
WC;Hors service;20 rue des gardes;75018;Horaires du parc;Oui;Non;https://www.paris.fr/lieux/square-leon-2663;"{""coordinates"": [2.3533236521311065, 48.88589735591783], ""type"": ""Point""}";48.88589735591783, 2.3533236521311065
WC;En service;7 rue botzaris;75019;Horaires du parc;Non;Non;https://www.paris.fr/lieux/parc-des-buttes-chaumont-1757;"{""coordinates"": [2.3807900741875963, 48.87685545505606], ""type"": ""Point""}";48.87685545505606, 2.3807900741875963
Sanisette;En service;9 crs de vincennes;75020;06h00 - 22h00;Oui;Non;;"{""coordinates"": [2.400034999342383, 48.84828000022474], ""type"": ""Point""}";48.84828000022474, 2.400034999342383
Sanisette;En service;64 rue du volga;75020;06h00 - 22h00;Oui;Non;;"{""coordinates"": [2.408976999582062, 48.8527449998664], ""type"": ""Point""}";48.8527449998664, 2.408976999582062
Sanisette;En service;9 rue coquilliere;75001;06h00 - 23h59;Oui;Non;;"{""coordinates"": [2.3424760006223413, 48.8635660000149], ""type"": ""Point""}";48.8635660000149, 2.3424760006223413
WC;En service;5 rue du parc royal;75003;Horaires du parc;Non;Non;https://www.paris.fr/lieux/square-leopold-achille-2431;"{""coordinates"": [2.363290756873782, 48.858224759756716], ""type"": ""Point""}";48.858224759756716, 2.363290756873782
Sanisette;En service;17 rue de l'ave maria;75004;06h00 - 22h00;Oui;Non;;"{""coordinates"": [2.359600999616255, 48.85321800009419], ""type"": ""Point""}";48.85321800009419, 2.359600999616255
Sanisette;En service;2 z pl jussieu;75005;24/24h;Oui;Non;;"{""coordinates"": [2.3548760000015174, 48.84623700043839], ""type"": ""Point""}";48.84623700043839, 2.3548760000015174
WC;En service;;75008;Horaires du parc;Oui;Non;;"{""coordinates"": [2.312433694953087, 48.86958033266654], ""type"": ""Point""}";48.86958033266654, 2.312433694953087
Sanisette;En service;21 rue d'amsterdam;75009;24/24h;Oui;Non;;"{""coordinates"": [2.32703499949662, 48.87761600030234], ""type"": ""Point""}";48.87761600030234, 2.32703499949662
WC;En service;79 rue la fayette;75009;Horaires du parc;Oui;Non;https://www.paris.fr/lieux/square-montholon-2469;"{""coordinates"": [2.3467356473599623, 48.877220135034726], ""type"": ""Point""}";48.877220135034726, 2.3467356473599623
Sanisette;En service;154 rue du faubourg saint-martin;75010;24/24h;Oui;Non;;"{""coordinates"": [2.36045199996412, 48.87575799968338], ""type"": ""Point""}";48.87575799968338, 2.36045199996412
Urinoir;En service;30 rue des ecluses saint-martin;75010;24/24h;Non;Non;;"{""coordinates"": [2.3656811726382156, 48.87730188526426], ""type"": ""Point""}";48.87730188526426, 2.3656811726382156
Sanisette;En service;10 p pl jacques bonsergent;75010;24/24h;Oui;Non;;"{""coordinates"": [2.36099799953849, 48.87111399971983], ""type"": ""Point""}";48.87111399971983, 2.36099799953849
Sanisette;En service;5 bd kellermann;75013;24/24h;Oui;Non;;"{""coordinates"": [2.3575760003024606, 48.818985999956716], ""type"": ""Point""}";48.818985999956716, 2.3575760003024606
Sanisette;En service;117 bd massena;75013;24/24h;Oui;Non;;"{""coordinates"": [2.3640220002201393, 48.81960500001131], ""type"": ""Point""}";48.81960500001131, 2.3640220002201393
Sanisette;En service;27 av d'ivry;75013;06h00 - 22h00;Oui;Non;;"{""coordinates"": [2.366831000158784, 48.822675000277414], ""type"": ""Point""}";48.822675000277414, 2.366831000158784
WC;En service;28 boulevard jourdan;75014;Horaires du parc;Non;Non;https://www.paris.fr/lieux/jardin-et-aire-de-jeux-de-la-zac-alesia-montsouris-2867;"{""coordinates"": [2.3369443388318576, 48.82376170264877], ""type"": ""Point""}";48.82376170264877, 2.3369443388318576
Sanisette;En service;38 rue cambronne;75015;06h00 - 22h00;Oui;Non;;"{""coordinates"": [2.301903999451625, 48.84554300024747], ""type"": ""Point""}";48.84554300024747, 2.301903999451625
Sanisette;En service;1 v av roger cahen;75015;06h00 - 22h00;Oui;Non;;"{""coordinates"": [2.3020870000183318, 48.84785199976075], ""type"": ""Point""}";48.84785199976075, 2.3020870000183318
Sanisette;En service;1 v av emile zola;75015;24/24h;Oui;Non;;"{""coordinates"": [2.2775840006165198, 48.84624299973706], ""type"": ""Point""}";48.84624299973706, 2.2775840006165198
Sanisette;En service;1 v pl charles vallin;75015;06h00 - 22h00;Oui;Non;;"{""coordinates"": [2.3026020002043985, 48.83566000042267], ""type"": ""Point""}";48.83566000042267, 2.3026020002043985
WC;En service;11 avenue marcel proust;75016;Horaires du parc;Oui;Non;https://www.paris.fr/lieux/parc-de-passy-2625;"{""coordinates"": [2.2829801193776933, 48.855364641497715], ""type"": ""Point""}";48.855364641497715, 2.2829801193776933
Sanisette;En service;4 pl de la porte d'auteuil;75016;24/24h;Oui;Non;;"{""coordinates"": [2.2571669993722003, 48.84845599967594], ""type"": ""Point""}";48.84845599967594, 2.2571669993722003
WC;En service;1 avenue de la  porte d'auteuil;75016;Horaires du parc;Non;Non;https://www.paris.fr/lieux/square-des-poetes-2778;"{""coordinates"": [2.256663501525257, 48.84762442984191], ""type"": ""Point""}";48.84762442984191, 2.256663501525257
Sanisette;En service;72 av de villiers;75017;06h00 - 22h00;Oui;Non;;"{""coordinates"": [2.3042199996773927, 48.88403600002253], ""type"": ""Point""}";48.88403600002253, 2.3042199996773927
Sanisette;En service;135 av de clichy;75017;06h00 - 22h00;Oui;Non;;"{""coordinates"": [2.3196469999756277, 48.890815999562285], ""type"": ""Point""}";48.890815999562285, 2.3196469999756277
Sanisette;En service;36 rue de la charbonniere;75018;06h00 - 22h00;Oui;Non;;"{""coordinates"": [2.3521919996635696, 48.88409599982888], ""type"": ""Point""}";48.88409599982888, 2.3521919996635696
Sanisette;En service;2 rue ronsard;75018;24/24h;Oui;Non;;"{""coordinates"": [2.344348000195785, 48.88513800043196], ""type"": ""Point""}";48.88513800043196, 2.344348000195785
Sanisette;En service;1 v voie bq/18;75018;06h00 - 22h00;Oui;Non;;"{""coordinates"": [2.3444070003233, 48.90111799966754], ""type"": ""Point""}";48.90111799966754, 2.3444070003233
WC;En service;7 rue girardon;75018;Horaires du parc;Oui;Non;https://www.paris.fr/lieux/square-suzanne-buisson-2688;"{""coordinates"": [2.3371101598781707, 48.88837160642731], ""type"": ""Point""}";48.88837160642731, 2.3371101598781707
Sanisette;En service;52 qu de la loire;75019;24/24h;Oui;Non;;"{""coordinates"": [2.3757979994329954, 48.88580000040487], ""type"": ""Point""}";48.88580000040487, 2.3757979994329954
Sanisette;En service;131 rue d'avron;75020;06h00 - 22h00;Oui;Non;;"{""coordinates"": [2.4092419994786365, 48.85332099971272], ""type"": ""Point""}";48.85332099971272, 2.4092419994786365
Sanisette;En service;296 rue des pyrenees;75020;06h00 - 22h00;Oui;Non;;"{""coordinates"": [2.392061000008219, 48.87193799995212], ""type"": ""Point""}";48.87193799995212, 2.392061000008219
WC;En service;7 rue de noisy le sec;75020;Horaires du parc;Oui;Non;https://www.paris.fr/lieux/square-leon-frapie-2722;"{""coordinates"": [2.4121436972104693, 48.872420405495575], ""type"": ""Point""}";48.872420405495575, 2.4121436972104693
Sanisette;En service;3 rue belgrand;75020;06h00 - 22h00;Oui;Non;;"{""coordinates"": [2.4007799997498127, 48.864860999801245], ""type"": ""Point""}";48.864860999801245, 2.4007799997498127
WC;En service;136 voie georges pompidou;75001;10h00 - 22h00;Oui;Non;;"{""coordinates"": [2.345928474585103, 48.85742584289672], ""type"": ""Point""}";48.85742584289672, 2.345928474585103
Sanisette;En service;55 bd de sebastopol;75001;06h00 - 22h00;Oui;Non;;"{""coordinates"": [2.3502059993590385, 48.8623170004171], ""type"": ""Point""}";48.8623170004171, 2.3502059993590385
Sanisette;En service;8 rue coquilliere;75001;24/24h;Oui;Non;;"{""coordinates"": [2.3434520003542536, 48.863346000033665], ""type"": ""Point""}";48.863346000033665, 2.3434520003542536
Sanisette;En service;50 rue de rivoli;75004;24/24h;Oui;Non;;"{""coordinates"": [2.354192000454317, 48.8567980002404], ""type"": ""Point""}";48.8567980002404, 2.354192000454317
Sanisette;En service;88t bd de port-royal;75005;24/24h;Oui;Non;;"{""coordinates"": [2.3387829995144718, 48.83920299969486], ""type"": ""Point""}";48.83920299969486, 2.3387829995144718
WC;En service;6v quai anatole france;75007;10h00 - 22h00;Oui;Non;;"{""coordinates"": [2.3196494118205013, 48.86261171554387], ""type"": ""Point""}";48.86261171554387, 2.3196494118205013
Sanisette;En service;12 av de friedland;75008;24/24h;Oui;Non;;"{""coordinates"": [2.3032080001118813, 48.8747809999503], ""type"": ""Point""}";48.8747809999503, 2.3032080001118813
Sanisette;En service;57 bd de la villette;75010;24/24h;Oui;Non;;"{""coordinates"": [2.372206000330588, 48.876193000062784], ""type"": ""Point""}";48.876193000062784, 2.372206000330588
WC;En service;143 rue de la roquette;75011;Horaires du parc;Non;Oui;https://www.paris.fr/lieux/square-de-la-roquette-1767;"{""coordinates"": [2.384662194688091, 48.8599893100381], ""type"": ""Point""}";48.8599893100381, 2.384662194688091
WC;En service;2 carrefour de la pyramide;75012;Horaires du parc;Oui;Oui;https://www.paris.fr/lieux/parc-floral-de-paris-1;"{""coordinates"": [2.4407682089981737, 48.83992843351192], ""type"": ""Point""}";48.83992843351192, 2.4407682089981737
WC;En service;11 rue du colonel rozanoff;75012;Horaires du parc;Oui;Non;https://www.paris.fr/lieux/square-saint-eloi-2597;"{""coordinates"": [2.3876622985220606, 48.844575826781394], ""type"": ""Point""}";48.844575826781394, 2.3876622985220606
Sanisette;En service;122 bd de l'hopital;75013;06h00 - 22h00;Oui;Non;;"{""coordinates"": [2.3578050001911746, 48.83481400020258], ""type"": ""Point""}";48.83481400020258, 2.3578050001911746
Sanisette;En service;193 rue d'alesia;75014;24/24h;Oui;Non;;"{""coordinates"": [2.315755000561693, 48.83140699960149], ""type"": ""Point""}";48.83140699960149, 2.315755000561693
WC;En service;24 rue mouton-duvernet;75014;Horaires du parc;Oui;Non;https://www.paris.fr/lieux/square-de-l-aspirant-dunand-2543;"{""coordinates"": [2.3268802422669674, 48.83229243203558], ""type"": ""Point""}";48.83229243203558, 2.3268802422669674
Sanisette;En service;16 av de la porte de vanves;75014;06h00 - 22h00;Oui;Non;;"{""coordinates"": [2.3041339997620978, 48.82552100015474], ""type"": ""Point""}";48.82552100015474, 2.3041339997620978
Sanisette;En service;39 rue du theatre;75015;06h00 - 23h59;Oui;Non;;"{""coordinates"": [2.2879300003682173, 48.849043999766934], ""type"": ""Point""}";48.849043999766934, 2.2879300003682173
Sanisette;En service;5 pl du commerce;75015;06h00 - 22h00;Oui;Non;;"{""coordinates"": [2.2921819997340007, 48.845387999807166], ""type"": ""Point""}";48.845387999807166, 2.2921819997340007
WC;En service;22 chaussee de la muette;75016;Horaires du parc;Oui;Non;https://www.paris.fr/lieux/jardin-du-ranelagh-1778;"{""coordinates"": [2.2683134994523138, 48.858252239843125], ""type"": ""Point""}";48.858252239843125, 2.2683134994523138
WC;Hors service;41 rue mirabeau;75016;Horaires du parc;Non;Non;https://www.paris.fr/lieux/parc-sainte-perine-1806;"{""coordinates"": [2.2686233189051084, 48.843881777990774], ""type"": ""Point""}";48.843881777990774, 2.2686233189051084
Sanisette;En service;90 bd de la chapelle;75018;24/24h;Oui;Non;;"{""coordinates"": [2.3533559998478304, 48.884076000310905], ""type"": ""Point""}";48.884076000310905, 2.3533559998478304
Sanisette;En service;70 rue de la chapelle;75018;06h00 - 22h00;Oui;Non;;"{""coordinates"": [2.3595610006604915, 48.89525799997793], ""type"": ""Point""}";48.89525799997793, 2.3595610006604915
Sanisette;En service;43 bd barbes;75018;24/24h;Oui;Non;;"{""coordinates"": [2.3494229997704337, 48.888503000261], ""type"": ""Point""}";48.888503000261, 2.3494229997704337
WC;En service;7 rue botzaris;75019;Horaires du parc;Non;Non;https://www.paris.fr/lieux/parc-des-buttes-chaumont-1757;"{""coordinates"": [2.380334555394377, 48.8801430164065], ""type"": ""Point""}";48.8801430164065, 2.380334555394377
Sanisette;En service;12 rue rebeval;75019;06h00 - 22h00;Oui;Non;;"{""coordinates"": [2.3763659997192055, 48.87407599960259], ""type"": ""Point""}";48.87407599960259, 2.3763659997192055
Sanisette;En service;213 av jean jaures;75019;24/24h;Oui;Non;;"{""coordinates"": [2.3930770004901785, 48.888967999902704], ""type"": ""Point""}";48.888967999902704, 2.3930770004901785
Sanisette;En service;1v pl henri malberg;75020;00h00 - 01h00;Oui;Non;;"{""coordinates"": [2.3897390006371526, 48.87365699955662], ""type"": ""Point""}";48.87365699955662, 2.3897390006371526
WC;En service;148 rue de bagnolet;75020;Horaires du parc;Oui;Non;https://www.paris.fr/lieux/jardin-de-l-hospice-debrousse-16194;"{""coordinates"": [2.406993131337986, 48.86235983215094], ""type"": ""Point""}";48.86235983215094, 2.406993131337986
Sanisette;En service;110 rue des orteaux;75020;06h00 - 22h00;Oui;Non;;"{""coordinates"": [2.4099690001674428, 48.855580999991574], ""type"": ""Point""}";48.855580999991574, 2.4099690001674428
Sanisette;En service;48 bd davout;75020;06h00 - 22h00;Oui;Non;;"{""coordinates"": [2.4113059997771447, 48.85142599970635], ""type"": ""Point""}";48.85142599970635, 2.4113059997771447
Sanisette;En service;83 rue montmartre;75002;06h00 - 22h00;Oui;Non;;"{""coordinates"": [2.34381000007998, 48.86744800005651], ""type"": ""Point""}";48.86744800005651, 2.34381000007998
Sanisette;En service;15 bd saint-denis;75002;24/24h;Oui;Non;;"{""coordinates"": [2.3535109996560086, 48.86941799975518], ""type"": ""Point""}";48.86941799975518, 2.3535109996560086
Sanisette;En service;158 x rue du temple;75003;06h00 - 22h00;Oui;Non;;"{""coordinates"": [2.360132999850921, 48.86498999997651], ""type"": ""Point""}";48.86498999997651, 2.360132999850921
Sanisette;En service;1 rue salomon de caus;75003;08h00 - 19h30;Oui;Non;;"{""coordinates"": [2.3539869993359095, 48.867368000158166], ""type"": ""Point""}";48.867368000158166, 2.3539869993359095
Urinoir;En service;11 quai des célestins;75004;10h00 - 22h00;Oui;Non;;"{""coordinates"": [2.3606999839537917, 48.852020021082176], ""type"": ""Point""}";48.852020021082176, 2.3606999839537917
Lavatory;En service;12 v pl de la madeleine;75008;11h00-17h00;Non;Non;https://www.paris.fr/pages/lavatory-madeleine-un-bijou-de-l-art-nouveau-rouvre-ses-portes-23171;"{""coordinates"": [2.324805261449435, 48.86950302299618], ""type"": ""Point""}";48.86950302299618, 2.324805261449435
WC;En service;1 place de la republique dominicaine;75008;Horaires du parc;Non;Non;https://www.paris.fr/lieux/parc-monceau-1804;"{""coordinates"": [2.3090771864035164, 48.88027485429225], ""type"": ""Point""}";48.88027485429225, 2.3090771864035164
Urinoir;En service;74v quai de valmy;75010;24/24h;Non;Non;;"{""coordinates"": [2.3644474054843485, 48.87207827833964], ""type"": ""Point""}";48.87207827833964, 2.3644474054843485
Sanisette;En service;116 qu de jemmapes;75010;24/24h;Oui;Non;;"{""coordinates"": [2.363653000580924, 48.874929000173424], ""type"": ""Point""}";48.874929000173424, 2.363653000580924
WC;En service;11 square alban satragne;75010;Horaires du parc;Oui;Non;;"{""coordinates"": [2.356122001817729, 48.87581134036737], ""type"": ""Point""}";48.87581134036737, 2.356122001817729
Sanisette;En service;11 pl de la bataille de stalingrad;75010;06h00 - 22h00;Oui;Non;;"{""coordinates"": [2.368730999528819, 48.88358300007065], ""type"": ""Point""}";48.88358300007065, 2.368730999528819
Sanisette;En service;7 rue du faubourg du temple;75010;24/24h;Oui;Non;;"{""coordinates"": [2.365234000168771, 48.8680320000993], ""type"": ""Point""}";48.8680320000993, 2.365234000168771
Sanisette;En service;137 rue de la roquette;75011;06h00 - 23h59;Oui;Non;;"{""coordinates"": [2.383949000681867, 48.858680999851344], ""type"": ""Point""}";48.858680999851344, 2.383949000681867
WC;En service;79 boulevard kellermann;75013;Horaires du parc;Oui;Non;https://www.paris.fr/lieux/jardin-jean-claude-nicolas-forestier-2554;"{""coordinates"": [2.3480724076166646, 48.818848096444846], ""type"": ""Point""}";48.818848096444846, 2.3480724076166646
Sanisette;En service;55 w bd de l'hopital;75013;06h00 - 23h59;Oui;Non;;"{""coordinates"": [2.3617629994569604, 48.83965399978955], ""type"": ""Point""}";48.83965399978955, 2.3617629994569604
WC;En service;15 rue duchefdelaville;75013;Horaires du parc;Non;Non;https://www.paris.fr/lieux/square-heloise-et-abelard-2498;"{""coordinates"": [2.369854778458344, 48.83122069411921], ""type"": ""Point""}";48.83122069411921, 2.369854778458344
WC;En service;28 boulevard jourdan;75014;Horaires du parc;Non;Non;https://www.paris.fr/lieux/jardin-et-aire-de-jeux-de-la-zac-alesia-montsouris-2867;"{""coordinates"": [2.3409114177677273, 48.8213968803319], ""type"": ""Point""}";48.8213968803319, 2.3409114177677273
Sanisette;En service;2 m pl denfert-rochereau;75014;21h59 - 22h00;Oui;Non;;"{""coordinates"": [2.332134999323913, 48.834812000126654], ""type"": ""Point""}";48.834812000126654, 2.332134999323913
Sanisette;En service;277 rue de vaugirard;75015;06h00 - 22h00;Oui;Non;;"{""coordinates"": [2.3019669995904684, 48.83967100001336], ""type"": ""Point""}";48.83967100001336, 2.3019669995904684
WC;Hors service;21 rue du cotentin;75015;Horaires du parc;Oui;Non;https://www.paris.fr/lieux/jardin-pierre-adrien-dalpayrat-2494;"{""coordinates"": [2.313031075347604, 48.83776398366367], ""type"": ""Point""}";48.83776398366367, 2.313031075347604
Sanisette;En service;92 rue desnouettes;75015;06h00 - 22h00;Oui;Non;;"{""coordinates"": [2.2841089999091544, 48.834632999567155], ""type"": ""Point""}";48.834632999567155, 2.2841089999091544
Sanisette;En service;22 rue du commandant rene mouchotte;75015;06h00 - 22h00;Oui;Non;;"{""coordinates"": [2.3200149997476203, 48.83865000033367], ""type"": ""Point""}";48.83865000033367, 2.3200149997476203
Sanisette;En service;16 av du parc des princes;75016;06h00 - 22h00;Oui;Non;;"{""coordinates"": [2.2546109993780084, 48.84122600012948], ""type"": ""Point""}";48.84122600012948, 2.2546109993780084
WC;En service;93 avenue de l' hippodrome;75016;Horaires du parc;Oui;Non;https://www.paris.fr/lieux/parc-de-bagatelle-1808;"{""coordinates"": [2.252324088204249, 48.865617431628074], ""type"": ""Point""}";48.865617431628074, 2.252324088204249
Sanisette;En service;34 bd de clichy;75018;24/24h;Oui;Non;;"{""coordinates"": [2.336451000082447, 48.882676999876686], ""type"": ""Point""}";48.882676999876686, 2.336451000082447
Sanisette;En service;2 pl saint-pierre;75018;24/24h;Oui;Non;;"{""coordinates"": [2.344665999897245, 48.88450599960812], ""type"": ""Point""}";48.88450599960812, 2.344665999897245
Sanisette;En service;106 rue de meaux;75019;24/24h;Oui;Non;;"{""coordinates"": [2.3810259998570658, 48.88553200013261], ""type"": ""Point""}";48.88553200013261, 2.3810259998570658
Sanisette;En service;1 rue de la lingerie;75001;24/24h;Oui;Non;;"{""coordinates"": [2.3464810005605803, 48.86027099976448], ""type"": ""Point""}";48.86027099976448, 2.3464810005605803
Sanisette;En service;82 bd de sebastopol;75003;06h00 - 22h00;Oui;Non;;"{""coordinates"": [2.3522500005228077, 48.86552499977582], ""type"": ""Point""}";48.86552499977582, 2.3522500005228077
Sanisette;En service;1 av charles risler;75007;06h00 - 22h00;Oui;Non;;"{""coordinates"": [2.300448000570928, 48.855008999651], ""type"": ""Point""}";48.855008999651, 2.300448000570928
Lavatory;En service;9 av gabriel;75008;11h00-19h00;Non;Non;;"{""coordinates"": [2.3170898782796265, 48.86726257414111], ""type"": ""Point""}";48.86726257414111, 2.3170898782796265
Sanisette;En service;2 v pl du perou;75008;24/24h;Oui;Non;;"{""coordinates"": [2.3151160002183904, 48.87539799993754], ""type"": ""Point""}";48.87539799993754, 2.3151160002183904
Sanisette;En service;78 bd marguerite de rochechouart;75009;24/24h;Oui;Non;;"{""coordinates"": [2.343379000255218, 48.88271599957815], ""type"": ""Point""}";48.88271599957815, 2.343379000255218
WC;En service;8 rue des recollets;75010;Horaires du parc;Non;Non;;"{""coordinates"": [2.3613396833828313, 48.87557278769458], ""type"": ""Point""}";48.87557278769458, 2.3613396833828313
Sanisette;En service;1 av richerand;75010;24/24h;Oui;Non;;"{""coordinates"": [2.3654770003332772, 48.87184499980991], ""type"": ""Point""}";48.87184499980991, 2.3654770003332772
Sanisette;En service;7 bd de menilmontant;75011;06h00 - 22h00;Oui;Non;;"{""coordinates"": [2.389296999816509, 48.85879600026491], ""type"": ""Point""}";48.85879600026491, 2.389296999816509
WC;En service;2 carrefour de la pyramide;75012;Horaires du parc;Non;Non;https://www.paris.fr/lieux/parc-floral-de-paris-1;"{""coordinates"": [2.414299843157846, 48.832777621760634], ""type"": ""Point""}";48.832777621760634, 2.414299843157846
WC;En service;1 rue albinoni;75012;Horaires du parc;Non;Non;https://www.paris.fr/lieux/jardin-de-reuilly-paul-pernin-2573;"{""coordinates"": [2.3882835200147157, 48.84285654035907], ""type"": ""Point""}";48.84285654035907, 2.3882835200147157
Sanisette;En service;54 bd de picpus;75012;06h00 - 22h00;Oui;Non;;"{""coordinates"": [2.401883000548471, 48.843692999864764], ""type"": ""Point""}";48.843692999864764, 2.401883000548471
Sanisette;En service;111 v av de nogent;75012;06h00 - 22h00;Oui;Non;;"{""coordinates"": [2.4410950000563707, 48.84416299993688], ""type"": ""Point""}";48.84416299993688, 2.4410950000563707
Sanisette;En service;4 bd diderot;75012;06h00 - 22h00;Oui;Non;;"{""coordinates"": [2.3692559997890204, 48.84528899957986], ""type"": ""Point""}";48.84528899957986, 2.3692559997890204
Sanisette;En service;16 pl de la nation;75012;24/24h;Oui;Non;;"{""coordinates"": [2.3954909999106944, 48.847431000203116], ""type"": ""Point""}";48.847431000203116, 2.3954909999106944
WC;En service;31 rue brillat-savarin;75013;Horaires du parc;Oui;Non;;"{""coordinates"": [2.3483757362666657, 48.821612195284416], ""type"": ""Point""}";48.821612195284416, 2.3483757362666657
WC;En service;1 rue emile deslandres;75013;Horaires du parc;Oui;Oui;https://www.paris.fr/lieux/square-rene-le-gall-1766;"{""coordinates"": [2.348139173841785, 48.83133948652227], ""type"": ""Point""}";48.83133948652227, 2.348139173841785
WC;En service;28 boulevard jourdan;75014;Horaires du parc;Non;Non;https://www.paris.fr/lieux/jardin-et-aire-de-jeux-de-la-zac-alesia-montsouris-2867;"{""coordinates"": [2.336047444337296, 48.82123528699989], ""type"": ""Point""}";48.82123528699989, 2.336047444337296
Sanisette;En service;9 pl jacques debu-bridel;75014;24/24h;Oui;Non;;"{""coordinates"": [2.339524000475489, 48.82455600034032], ""type"": ""Point""}";48.82455600034032, 2.339524000475489
Sanisette;En service;21 z rue de gergovie;75014;06h00 - 22h00;Oui;Non;;"{""coordinates"": [2.314572999428689, 48.833940000016895], ""type"": ""Point""}";48.833940000016895, 2.314572999428689
Sanisette;En service;98 bd arago;75014;06h00 - 23h59;Oui;Non;;"{""coordinates"": [2.3368019998211698, 48.83472300000109], ""type"": ""Point""}";48.83472300000109, 2.3368019998211698
Sanisette;En service;148 rue de la convention;75015;06h00 - 22h00;Oui;Non;;"{""coordinates"": [2.2913129996138974, 48.83951900010157], ""type"": ""Point""}";48.83951900010157, 2.2913129996138974
Sanisette;En service;167 rue de lourmel;75015;06h00 - 22h00;Oui;Non;;"{""coordinates"": [2.282565000035356, 48.839090999926285], ""type"": ""Point""}";48.839090999926285, 2.282565000035356
Sanisette;En service;224 av de versailles;75016;06h00 - 22h00;Oui;Non;;"{""coordinates"": [2.2586289995600968, 48.83839599968173], ""type"": ""Point""}";48.83839599968173, 2.2586289995600968
WC;En service;3 avenue de la  porte d'auteuil;75016;Horaires du parc;Oui;Non;https://www.paris.fr/lieux/square-du-tchad-2622;"{""coordinates"": [2.2528237722993447, 48.846002972916274], ""type"": ""Point""}";48.846002972916274, 2.2528237722993447
Sanisette;En service;12 pl des etats-unis;75016;06h00 - 22h00;Oui;Non;;"{""coordinates"": [2.293730000289752, 48.86831300009682], ""type"": ""Point""}";48.86831300009682, 2.293730000289752
Sanisette;En service;2 rue jacques kellner;75017;06h00 - 22h00;Oui;Non;;"{""coordinates"": [2.3280460003061214, 48.89581500042085], ""type"": ""Point""}";48.89581500042085, 2.3280460003061214
Urinoir;En service;10 rue jean cocteau;75018;24/24h;Oui;Oui;;"{""coordinates"": [2.349905244334732, 48.90033113067889], ""type"": ""Point""}";48.90033113067889, 2.349905244334732
Sanisette;En service;29 av mathurin moreau;75019;06h00 - 22h00;Oui;Non;;"{""coordinates"": [2.3739559999400193, 48.878431999995215], ""type"": ""Point""}";48.878431999995215, 2.3739559999400193
WC;Hors service;176 boulevard macdonald;75019;Horaires du parc;Oui;Non;https://www.paris.fr/lieux/square-claude-bernard-2682;"{""coordinates"": [2.3744646190808827, 48.89925173270559], ""type"": ""Point""}";48.89925173270559, 2.3744646190808827
Sanisette;En service;2 pl de la porte de bagnolet;75020;24/24h;Oui;Non;;"{""coordinates"": [2.4091379994704725, 48.86414400014382], ""type"": ""Point""}";48.86414400014382, 2.4091379994704725
Sanisette;En service;4 pl martin nadaud;75020;24/24h;Oui;Non;;"{""coordinates"": [2.3947409995292643, 48.86495100000291], ""type"": ""Point""}";48.86495100000291, 2.3947409995292643
Sanisette;En service;29 z rue saint-fargeau;75020;06h00 - 22h00;Oui;Non;;"{""coordinates"": [2.402133000083452, 48.87157400006918], ""type"": ""Point""}";48.87157400006918, 2.402133000083452
