name,uid,resource_type,water_fountain,bottle_filler,jug_filler,dog_fountain,latitude,longitude,address,city,state,zip_code,park,access,public_access_hours_open,public_access_hours_close,public_access_days,notes,source,point,supervisor_district,analysis_neighborhood,data_as_of,data_loaded_at
Crane Cove Park,3854442721173284396,out_of_service,0,0,0,0,37.76302,-122.38734,701 Illinois St,San Francisco,CA,94107,,limited_access,,,Daily,,port,POINT (-122.38734 37.76302),10,Potrero Hill,2024/10/04 01:51:23 PM,2026/09/01 09:08:33 AM
Tenderloin Pit Stop - Turk and Hyde streets,4596080096965280480,restroom,0,0,0,0,37.7825365,-122.4157402,Turk and Hyde streets,San Francisco,CA,,,publicly_accessible,08:00:00,20:00:00,Daily,,pit_stop,POINT (-122.4157402 37.7825365),5,Tenderloin,2026/09/01 09:05:57 AM,2026/09/01 09:08:33 AM
Laurel Hill Clubhouse,5792798905216035670,restroom,0,0,0,0,37.783691040372204,-122.45113542886506,251 Euclid Ave,San Francisco,CA,94118,Laurel Hill Playground,publicly_accessible,08:00:00,20:00:00,Daily,,rec,POINT (-122.451135429 37.78369104),2,Presidio Heights,2026/02/05 08:11:25 PM,2026/09/01 09:08:33 AM
Grattan Playground - Drinking Fountain/Cooler,2151389010127542033,drinking_water,1,0,0,0,37.76262003,-122.45170249,1180 Stanyan St,San Francisco,CA,94117,Grattan Playground,publicly_accessible,08:00:00,20:00:00,Daily,,rec,POINT (-122.451702487 37.762620031),8,Haight Ashbury,2026/03/10 10:25:27 PM,2026/09/01 09:08:33 AM
Helen Wills Playground - Drinking Fountain/Cooler,8170287419589099041,drinking_water,1,0,0,0,37.7957183,-122.42048043,1401 Broadway,San Francisco,CA,94109,Helen Wills Playground,publicly_accessible,08:00:00,20:00:00,Daily,,rec,POINT (-122.42048043 37.795718299),3,Russian Hill,2026/03/10 10:25:27 PM,2026/09/01 09:08:33 AM
Washington Square Restrooms,6250308910410204931,restroom,0,0,0,0,37.80106429464524,-122.41063427620304,600 Columbus Ave,San Francisco,CA,94133,Washington Square,publicly_accessible,08:00:00,20:00:00,Daily,,rec,POINT (-122.410634276 37.801064295),3,North Beach,2025/12/08 07:45:05 PM,2026/09/01 09:08:33 AM
"Heron's Head Park, Eco Center",3013277213648008590,drinking_water,1,1,0,1,37.740119,-122.37597,32 Jennings Street,San Francisco,CA,94124,,publicly_accessible,,,Daily,Near entrance/on park path,port,POINT (-122.37597 37.740119),10,Bayview Hunters Point,2024/10/04 01:51:23 PM,2026/09/01 09:08:33 AM
Ortega Branch Library,1845787657090241694,drinking_water,1,0,0,0,37.75122405800005,-122.49810319699998,3223 ORTEGA ST,San Francisco,CA,94122,West Sunset Playground,limited_access,,,Daily,"opening_hours = [""Sunday:13:00-17:00"",""Monday:10:00-18:00"",""Tuesday:10:00-18:00"",""Wednesday:12:00-20:00"",""Thursday:11:00-20:00"",""Friday:13:00-18:00"",""Saturday:10:00-18:00"",""Total Weekly Hours:50""]",library,POINT (-122.498103197 37.751224058),4,Sunset/Parkside,2026/05/27 04:20:00 PM,2026/09/01 09:08:33 AM
Alamo Square - Drinking Fountain/Cooler,1550815549017203860,drinking_water,1,1,0,0,37.77571849,-122.43461824,1081 Fulton St,San Francisco,CA,94117,Alamo Square,publicly_accessible,08:00:00,20:00:00,Daily,,rec,POINT (-122.434618243 37.775718492),5,Hayes Valley,2026/03/10 10:25:27 PM,2026/09/01 09:08:33 AM
Mountain Lake Park - Drinking Fountain/Cooler,8070193218352554407,drinking_water,1,0,0,1,37.78697197,-122.46779968999999,1 11th Ave,San Francisco,CA,94118,Mountain Lake Park,publicly_accessible,08:00:00,20:00:00,Daily,,rec,POINT (-122.467799686 37.786971971),1,Inner Richmond,2026/03/10 10:25:27 PM,2026/09/01 09:08:33 AM
Woh Hei Yuen Playground - Drinking Fountain/Cooler,2747594747649710730,drinking_water,1,0,0,0,37.7958357,-122.41043562,922 Jackson St,San Francisco,CA,94133,Woh Hei Yuen Playground,publicly_accessible,08:00:00,20:00:00,Daily,,rec,POINT (-122.410435617 37.795835696),3,Chinatown,2026/03/20 09:12:27 PM,2026/09/01 09:08:33 AM
North Beach Branch Library,7646533082011852694,drinking_water,1,0,0,0,37.80253081500007,-122.41313485899997,850 COLUMBUS AVE,San Francisco,CA,94133,Joe DiMaggio Playground,limited_access,,,Daily,"opening_hours = [""Sunday:13:00-17:00"",""Monday:10:00-18:00"",""Tuesday:10:00-20:00"",""Wednesday:13:00-20:00"",""Thursday:10:00-18:00"",""Friday:13:00-18:00"",""Saturday:10:00-18:00"",""Total Weekly Hours:50""]",library,POINT (-122.413134859 37.802530815),3,North Beach,2026/05/27 04:20:00 PM,2026/09/01 09:08:33 AM
Rochambeau Clubhouse,3542277325770407957,restroom,0,0,0,0,37.785013759975925,-122.4845445201312,250 25th Ave,San Francisco,CA,94121,Rochambeau Playground,publicly_accessible,08:00:00,20:00:00,Daily,,rec,POINT (-122.48454452 37.78501376),1,Outer Richmond,2026/02/05 08:11:25 PM,2026/09/01 09:08:33 AM
Golden Gate Valley Branch Library,6026358941900616187,drinking_water,1,0,0,0,37.796788830000025,-122.429023471,1801 GREEN ST,San Francisco,CA,94123,,limited_access,,,Daily,"opening_hours = [""Sunday:13:00-17:00"",""Monday:10:00-18:00"",""Tuesday:10:00-18:00"",""Wednesday:12:00-20:00"",""Thursday:12:00-20:00"",""Friday:13:00-18:00"",""Saturday:10:00-18:00"",""Total Weekly Hours:49""]",library,POINT (-122.429023471 37.79678883),2,Marina,2026/05/27 04:20:00 PM,2026/09/01 09:08:33 AM
Crocker Amazon Playground - Drinking Fountain,3086264671836333061,drinking_water,1,0,0,0,37.71360481,-122.43296598,799 Moscow St,San Francisco,CA,94134,Crocker Amazon Playground,limited_access,08:00:00,20:00:00,Daily,,rec,POINT (-122.432965979 37.713604809),11,Excelsior,2026/03/10 10:25:27 PM,2026/09/01 09:08:33 AM
Mission Pit Stop - 24th and Mission streets (JCDecaux),1932757539855737355,restroom,0,0,0,0,37.7521752,-122.4185771,24th and Mission streets (JCDecaux),San Francisco,CA,,,publicly_accessible,09:00:00,17:00:00,Daily,,pit_stop,POINT (-122.4185771 37.7521752),9,Mission,2026/09/01 09:05:57 AM,2026/09/01 09:08:33 AM
Junipero Serra Clubhouse,639104613465753824,restroom,0,0,0,0,37.72509669678674,-122.47409861765335,300 Stonecrest Dr,San Francisco,CA,94132,Junipero Serra Playground,publicly_accessible,08:00:00,20:00:00,Daily,,rec,POINT (-122.474098618 37.725096697),7,West of Twin Peaks,2026/02/05 08:11:25 PM,2026/09/01 09:08:33 AM
Franklin Square - Drinking Fountain/Cooler,8671485529920848891,drinking_water,1,1,0,0,37.76480722,-122.40910427,2500 17th St,San Francisco,CA,94110,Franklin Square,publicly_accessible,08:00:00,20:00:00,Daily,,rec,POINT (-122.409104268 37.764807222),9,Mission,2026/03/10 10:25:27 PM,2026/09/01 09:08:33 AM
Richmond Rec Center,6492148637033534034,restroom,0,0,0,0,37.78340558211007,-122.47809344482842,251 18th Ave,San Francisco,CA,94121,Richmond Rec Center,publicly_accessible,08:00:00,20:00:00,Daily,,rec,POINT (-122.478093445 37.783405582),1,Outer Richmond,2026/02/05 08:11:25 PM,2026/09/01 09:08:33 AM
Blue Heron Lake Restrooms,7296636811837914405,restroom,0,0,0,0,37.770982185569466,-122.47687712086731,501 Stanyan St,San Francisco,CA,94118,Golden Gate Park - Section 4,publicly_accessible,08:00:00,20:00:00,Daily,,rec,POINT (-122.476877121 37.770982186),7,Golden Gate Park,2025/12/08 07:45:05 PM,2026/09/01 09:08:33 AM
Ball Diamond 1 Grandstand,4785327987590003465,restroom,0,0,0,0,37.714968283631876,-122.43189817149165,799 Moscow St,San Francisco,CA,94134,Crocker Amazon Playground,publicly_accessible,08:00:00,20:00:00,Daily,,rec,POINT (-122.431898171 37.714968284),11,Excelsior,2026/02/05 08:11:25 PM,2026/09/01 09:08:33 AM
Golden Gate Park - Section 2 - Drinking fountain,5384155422795366050,drinking_water,1,1,0,0,37.77092973,-122.47696558,501 Stanyan St,San Francisco,CA,94118,Golden Gate Park - Section 2,publicly_accessible,08:00:00,20:00:00,Daily,,rec,POINT (-122.476965578 37.770929731),7,Golden Gate Park,2026/03/10 10:25:27 PM,2026/09/01 09:08:33 AM
Shipwright's Cottage,3641541153074967989,restroom,0,0,0,0,37.732225812853216,-122.37597409705918,900 Innes St,San Francisco,CA,94124,900 Innes,publicly_accessible,08:00:00,20:00:00,Daily,,rec,POINT (-122.375974097 37.732225813),10,Bayview Hunters Point,2026/03/23 08:17:44 PM,2026/09/01 09:08:33 AM
Camp Mather - Upper Shang spigot,500404642223041528,drinking_water,1,0,0,0,37.8807994,-119.85081396000001,32560 Mather Road,San Francisco,CA,95321,Camp Mather,publicly_accessible,08:00:00,20:00:00,Daily,,rec,POINT (-119.850813964 37.880799395),,,2026/03/10 10:25:27 PM,2026/09/01 09:08:33 AM
Excelsior Playground - Drinking Fountain/Cooler,6582474018899329486,drinking_water,1,1,0,0,37.720084209999996,-122.43381224000001,579 Madrid St,San Francisco,CA,94112,Excelsior Playground,limited_access,08:00:00,20:00:00,Daily,,rec,POINT (-122.433812241 37.72008421),11,Excelsior,2026/03/10 10:25:27 PM,2026/09/01 09:08:33 AM
Merced Heights Playground - Drinking Fountain/Cooler,7979962871570197464,drinking_water,1,0,0,0,37.7174815,-122.47038418,801 Shields St,San Francisco,CA,94132,Merced Heights Playground,publicly_accessible,08:00:00,20:00:00,Daily,,rec,POINT (-122.47038418 37.717481497),11,Oceanview/Merced/Ingleside,2026/03/10 10:25:27 PM,2026/09/01 09:08:33 AM
Francisco Park - Francisco Path Drinking Fountain,2286609543054297947,drinking_water,1,0,0,0,37.803614810000006,-122.42127041,2745 Larkin St,San Francisco,CA,94109,Francisco Park,publicly_accessible,08:00:00,20:00:00,Daily,,rec,POINT (-122.421270411 37.803614807),2,Russian Hill,2026/03/10 10:25:27 PM,2026/09/01 09:08:33 AM
Presidio Wall Clubhouse,1155075361421330535,restroom,0,0,0,0,37.79126968642988,-122.45371328469521,3550 Pacific Ave,San Francisco,CA,94118,Presidio Wall Playground,publicly_accessible,08:00:00,20:00:00,Daily,,rec,POINT (-122.453713285 37.791269686),2,Presidio,2026/02/05 08:11:25 PM,2026/09/01 09:08:33 AM
Camp Mather - Campsite 2 spigot,2762361275681398201,drinking_water,1,0,0,0,37.87926793,-119.85175210999999,32560 Mather Road,San Francisco,CA,95321,Camp Mather,publicly_accessible,08:00:00,20:00:00,Daily,,rec,POINT (-119.851752114 37.879267932),,,2026/03/10 10:25:27 PM,2026/09/01 09:08:33 AM
Mission Dolores Park - Drinking Fountain/Cooler,4746390374045801674,drinking_water,1,0,0,1,37.75945608,-122.42710371999999,646 Dolores St,San Francisco,CA,94114,Mission Dolores Park,publicly_accessible,08:00:00,20:00:00,Daily,,rec,POINT (-122.427103718 37.759456083),8,Castro/Upper Market,2026/03/10 10:25:27 PM,2026/09/01 09:08:33 AM
In Chan Kaajal Park - Drinking Fountain/Cooler,7043634281295152640,drinking_water,1,1,0,0,37.76379718,-122.41555593999999,2080 Folsom St,San Francisco,CA,94110,In Chan Kaajal Park,publicly_accessible,08:00:00,20:00:00,Daily,,rec,POINT (-122.415555942 37.76379718),9,Mission,2026/03/10 10:25:27 PM,2026/09/01 09:08:33 AM
China Basin Park Restroom,3688811934706178804,restroom,0,0,0,0,37.776348,-122.388505,1 China Basin Park,San Francisco,CA,94107,,publicly_accessible,,,Daily,In central plaza,port,POINT (-122.388505 37.776348),6,Mission Bay,2024/10/04 01:51:23 PM,2026/09/01 09:08:33 AM
Camp Mather - Campsite 2 spigot,1610382892676334054,drinking_water,1,0,0,0,37.87926793,-119.85175210999999,32560 Mather Road,San Francisco,CA,95321,Camp Mather,publicly_accessible,08:00:00,20:00:00,Daily,,rec,POINT (-119.851752114 37.879267932),,,2026/03/10 10:25:27 PM,2026/09/01 09:08:33 AM
Camp Mather - Ball field bath house Drinking Fountain,1391828046050193443,drinking_water,1,0,0,0,37.88092731,-119.85141528999999,32560 Mather Road,San Francisco,CA,95321,Camp Mather,publicly_accessible,08:00:00,20:00:00,Daily,,rec,POINT (-119.851415291 37.880927314),,,2026/03/10 10:25:27 PM,2026/09/01 09:08:33 AM
Nursery Restrooms,4544891072889627791,restroom,0,0,0,0,37.76823046594387,-122.4621457200972,501 Stanyan St,San Francisco,CA,94122,Golden Gate Park - Section 7,publicly_accessible,08:00:00,20:00:00,Daily,,rec,POINT (-122.46214572 37.768230466),7,Golden Gate Park,2026/08/13 11:36:12 AM,2026/09/01 09:08:33 AM
J.P. Murphy Playground - Drinking Fountain/Cooler,8213439939840848809,drinking_water,1,0,0,0,37.75154545,-122.46518977000001,1960 9th Ave,San Francisco,CA,94116,J.P. Murphy Playground,publicly_accessible,08:00:00,20:00:00,Daily,,rec,POINT (-122.465189774 37.75154545),7,Inner Sunset,2026/03/10 10:25:27 PM,2026/09/01 09:08:33 AM
Portsmouth Square - Drinking Fountain/Cooler,3464166636387661832,drinking_water,1,0,0,0,37.794609220000005,-122.4055779,745 Kearny St,San Francisco,CA,94108,Portsmouth Square,publicly_accessible,08:00:00,20:00:00,Daily,,rec,POINT (-122.405577901 37.79460922),3,Chinatown,2026/03/10 10:25:27 PM,2026/09/01 09:08:33 AM
Sunnyside Conservatory - Drinking Fountain/Cooler,2836009354287706880,drinking_water,1,0,0,0,37.73193828,-122.44074053000001,236 Monterey Blvd,San Francisco,CA,94131,Sunnyside Conservatory,publicly_accessible,08:00:00,20:00:00,Daily,,rec,POINT (-122.440740535 37.73193828),7,West of Twin Peaks,2026/03/10 10:25:27 PM,2026/09/01 09:08:33 AM
Restrooms,1702410236468952087,restroom,0,0,0,0,37.736201216481554,-122.47822321781963,2899 19th Ave,San Francisco,CA,94132,Sigmund Stern Recreation Grove,publicly_accessible,08:00:00,20:00:00,Daily,,rec,POINT (-122.478223218 37.736201216),4,Sunset/Parkside,2025/12/08 07:45:05 PM,2026/09/01 09:08:33 AM
Earl's Organic,8380650283006083838,drinking_water,0,1,1,0,37.744233,-122.398524,2102 Jerrold Ave,San Francisco,CA,94124,,publicly_accessible,,,Daily,,puc,POINT (-122.398524 37.744233),10,Bayview Hunters Point,2024/06/27 01:43:12 PM,2026/09/01 09:08:33 AM
Precita Park - Drinking Fountain/Cooler,8774322893145088992,drinking_water,1,0,0,0,37.74686045,-122.41325643,3200 Folsom St,San Francisco,CA,94110,Precita Park,publicly_accessible,08:00:00,20:00:00,Daily,,rec,POINT (-122.413256427 37.746860454),9,Bernal Heights,2026/03/10 10:25:27 PM,2026/09/01 09:08:33 AM
Eureka Valley/Harvey Milk Memorial Library,540584502372956109,drinking_water,1,0,0,0,37.76406037000004,-122.43188171699995,1 JOSE SARRIA CT,San Francisco,CA,94114,Eureka Valley Branch Library,limited_access,,,Daily,"opening_hours = [""Sunday:13:00-17:00"",""Monday:10:00-18:00"",""Tuesday:10:00-20:00"",""Wednesday:10:00-20:00"",""Thursday:10:00-18:00"",""Friday:13:00-18:00"",""Saturday:10:00-18:00"",""Total Weekly Hours:53""]",library,POINT (-122.431881717 37.76406037),8,Castro/Upper Market,2026/05/27 04:20:00 PM,2026/09/01 09:08:33 AM
Restrooms,9096184556236417838,restroom,0,0,0,0,37.751489103787065,-122.43921686830987,780 Douglass St,San Francisco,CA,94114,Noe Valley Courts,publicly_accessible,08:00:00,20:00:00,Daily,,rec,POINT (-122.439216868 37.751489104),8,Noe Valley,2025/12/08 07:45:05 PM,2026/09/01 09:08:33 AM
Presidio Heights Clubhouse,4289748452748884379,restroom,0,0,0,0,37.788483204265475,-122.44983021215124,3437 Clay St,San Francisco,CA,94118,Presidio Heights Playground,publicly_accessible,08:00:00,20:00:00,Daily,,rec,POINT (-122.449830212 37.788483204),2,Presidio Heights,2026/02/05 08:11:25 PM,2026/09/01 09:08:33 AM
Pier 14,760719995364998060,drinking_water,1,1,0,0,37.793789,-122.392106,Embarcadero and Broadway,San Francisco,CA,94105,,publicly_accessible,,,Daily,On sidewalk,port,POINT (-122.392106 37.793789),6,Financial District/South Beach,2024/10/04 01:51:23 PM,2026/09/01 09:08:33 AM
Bowling Green Clubhouse,3966811820932894444,restroom,0,0,0,0,37.76854977011521,-122.45898100470102,501 Stanyan St,San Francisco,CA,94122,Golden Gate Park - Section 7,publicly_accessible,08:00:00,20:00:00,Daily,,rec,POINT (-122.458981005 37.76854977),7,Golden Gate Park,2026/02/05 08:11:25 PM,2026/09/01 09:08:33 AM
Portsmouth Square Clubhouse,5076840125778629956,restroom,0,0,0,0,37.79502058335507,-122.40533898324976,745 Kearny St,San Francisco,CA,94108,Portsmouth Square,publicly_accessible,08:00:00,20:00:00,Daily,,rec,POINT (-122.405338983 37.795020583),3,Chinatown,2026/02/05 08:11:25 PM,2026/09/01 09:08:33 AM
John McLaren Park - Jerry Garcia Parking Bottle filling station,5273186257224374769,drinking_water,1,1,0,0,37.72092385,-122.4169242,100 John F Shelley Dr,San Francisco,CA,94134,John McLaren Park,publicly_accessible,08:00:00,20:00:00,Daily,,rec,POINT (-122.416924201 37.720923853),9,McLaren Park,2026/03/13 05:15:49 PM,2026/09/01 09:08:33 AM
South Beach Harbor,5535662967239792186,drinking_water,1,1,0,1,37.7803467,-122.3877,Pier 40A The Embarcadero,San Francisco,CA,94107,,publicly_accessible,,,Daily,Outside of playground,port,POINT (-122.3877 37.7803467),6,Mission Bay,2024/10/04 01:51:23 PM,2026/09/01 09:08:33 AM
Restroom,1106131345370136236,restroom,0,0,0,0,37.743532412920004,-122.48092128071369,2354 24th Ave,San Francisco,CA,94116,McCoppin Square,publicly_accessible,08:00:00,20:00:00,Daily,,rec,POINT (-122.480921281 37.743532413),4,Sunset/Parkside,2025/12/08 07:45:05 PM,2026/09/01 09:08:33 AM
Polo Field Restroom,4197991394385184674,restroom,0,0,0,0,37.76678658851261,-122.49279314677621,501 Stanyan St,San Francisco,CA,94122,Golden Gate Park - Section 5,publicly_accessible,08:00:00,20:00:00,Daily,,rec,POINT (-122.492793147 37.766786589),4,Golden Gate Park,2025/12/08 07:45:05 PM,2026/09/01 09:08:33 AM
Castro Pit Stop - Market and Castro streets (JCDecaux),3991774780780772696,restroom,0,0,0,0,37.7627732,-122.4348053,Market and Castro streets (JCDecaux),San Francisco,CA,,,publicly_accessible,08:00:00,20:00:00,Daily,,pit_stop,POINT (-122.4348053 37.7627732),8,Castro/Upper Market,2026/09/01 09:05:57 AM,2026/09/01 09:08:33 AM
Camp Mather - Spigot,7932158756604777172,drinking_water,1,0,0,0,37.87979956,-119.8491949,32560 Mather Road,San Francisco,CA,95321,Camp Mather,publicly_accessible,08:00:00,20:00:00,Daily,,rec,POINT (-119.849194896 37.879799561),,,2026/03/10 10:25:27 PM,2026/09/01 09:08:33 AM
Joe DiMaggio Playground - DiMaggio Path Drinking Fountain,265036171906864033,drinking_water,1,0,0,0,37.80261305,-122.41204767,651 Lombard Street,San Francisco,CA,94133,Joe DiMaggio Playground,publicly_accessible,08:00:00,20:00:00,Daily,,rec,POINT (-122.41204767 37.802613051),3,North Beach,2026/03/18 04:41:48 PM,2026/09/01 09:08:33 AM
Restrooms,4461746632244599738,restroom,0,0,0,0,37.78288414996867,-122.49085410441096,336 31st Ave,San Francisco,CA,94121,DuPont Tennis Courts,publicly_accessible,08:00:00,20:00:00,Daily,,rec,POINT (-122.490854104 37.78288415),1,Outer Richmond,2025/12/08 07:45:05 PM,2026/09/01 09:08:33 AM
SoMa Pit Stop - Victoria Manalo Draves Park (Rec Park),3769861877417491906,restroom,0,0,0,0,37.7767602,-122.4060242,Victoria Manalo Draves Park (Rec Park),San Francisco,CA,,Victoria Manalo Draves Park,limited_access,,,Close Time: 5pm,,pit_stop,POINT (-122.4060242 37.7767602),6,South of Market,2026/09/01 09:05:57 AM,2026/09/01 09:08:33 AM
Golden Gate Park - Section 6 - Drinking Fountain/Cooler,9086298947575011978,drinking_water,1,1,0,0,37.76799815,-122.50821339000001,501 Stanyan St,San Francisco,CA,94121,Golden Gate Park - Section 6,publicly_accessible,08:00:00,20:00:00,Daily,,rec,POINT (-122.508213388 37.767998149),4,Golden Gate Park,2026/03/10 10:25:27 PM,2026/09/01 09:08:33 AM
Marina Green West Restroom,2186057952105917473,restroom,0,0,0,0,37.805673715617154,-122.44826247437689,1 Marina Green Dr,San Francisco,CA,94123,Yacht Harbor and Marina Green,publicly_accessible,08:00:00,20:00:00,Daily,,rec,POINT (-122.448262474 37.805673716),2,Marina,2025/12/08 07:45:05 PM,2026/09/01 09:08:33 AM
Tenderloin Pit Stop - 474 O'Farrell St.,3505190812937180651,restroom,0,0,0,0,37.7858991,-122.4119361,474 O'Farrell St.,San Francisco,CA,,,publicly_accessible,00:00:00,24:00:00,Daily,,pit_stop,POINT (-122.4119361 37.7858991),5,Tenderloin,2026/09/01 09:05:57 AM,2026/09/01 09:08:33 AM
Sunset Dunes Highway Judah Restrooms,6439327551067413093,restroom,0,0,0,0,37.76024531678715,-122.50956648559195,,San Francisco,CA,94132,Sunset Dunes,publicly_accessible,08:00:00,20:00:00,Daily,,rec,POINT (-122.509566486 37.760245317),4,Sunset/Parkside,2025/12/08 07:45:05 PM,2026/09/01 09:08:33 AM
Bandstand Public Restrooms,6733522781301890668,restroom,0,0,0,0,37.76980763655871,-122.46865065721894,,San Francisco,CA,94118,Golden Gate Park - Section 2,publicly_accessible,08:00:00,20:00:00,Daily,,rec,POINT (-122.468650657 37.769807637),7,Golden Gate Park,2025/12/08 07:45:05 PM,2026/09/01 09:08:33 AM
Bocce Ball Courts,1839771427095320611,restroom,0,0,0,0,37.71489681111079,-122.43204290095117,799 Moscow St,San Francisco,CA,94134,Crocker Amazon Playground,publicly_accessible,08:00:00,20:00:00,Daily,,rec,POINT (-122.432042901 37.714896811),11,Excelsior,2025/12/08 07:45:05 PM,2026/09/01 09:08:33 AM
Japanese Tea Garden Female Restroom,1976174855844772049,restroom,0,0,0,0,37.770514687160386,-122.46947014277386,501 Stanyan St,San Francisco,CA,94118,Golden Gate Park - Section 2,publicly_accessible,08:00:00,20:00:00,Daily,,rec,POINT (-122.469470143 37.770514687),7,Golden Gate Park,2025/12/08 07:45:05 PM,2026/09/01 09:08:33 AM
Mission Dolores South Restrooms,6914552669529225689,restroom,0,0,0,0,37.75856338121321,-122.4264190053285,646 Dolores St,San Francisco,CA,94114,Mission Dolores Park,publicly_accessible,08:00:00,20:00:00,Daily,,rec,POINT (-122.426419005 37.758563381),8,Castro/Upper Market,2025/12/08 07:45:05 PM,2026/09/01 09:08:33 AM
24th & Mission,2599759550272697651,drinking_water,0,1,1,0,37.752333,-122.418141,3278 24th Street,San Francisco,CA,94110,,publicly_accessible,,,Daily,,puc,POINT (-122.418141 37.752333),9,Mission,2024/06/27 01:43:12 PM,2026/09/01 09:08:33 AM
Golden Gate Park - Section 7 - Drinking Fountain,8447563582125180159,drinking_water,1,0,0,0,37.77239053,-122.46012938,501 Stanyan St,San Francisco,CA,94122,Golden Gate Park - Section 7,publicly_accessible,08:00:00,20:00:00,Daily,,rec,POINT (-122.460129382 37.77239053),1,Golden Gate Park,2026/03/10 10:25:27 PM,2026/09/01 09:08:33 AM
Golden Gate Park - Section 1 - Kezar Turf Drinking fountain,9171619548794917687,drinking_water,1,0,0,0,37.76750663,-122.45566955000001,501 Stanyan St,San Francisco,CA,94117,Golden Gate Park - Section 1,publicly_accessible,08:00:00,20:00:00,Daily,,rec,POINT (-122.455669553 37.76750663),5,Golden Gate Park,2026/03/10 10:25:27 PM,2026/09/01 09:08:33 AM
Silver Terrace Playground - Bottle filler,3949186364716070766,drinking_water,1,1,0,0,37.73258266,-122.40301406,1700 Silver Ave,San Francisco,CA,94124,Silver Terrace Playground,publicly_accessible,08:00:00,20:00:00,Daily,,rec,POINT (-122.40301406 37.73258266),10,Bayview Hunters Point,2026/03/13 04:27:00 PM,2026/09/01 09:08:33 AM
Lake Merced Park - Drinking fountain,803130842310487637,drinking_water,1,1,0,0,37.728901840000006,-122.49374164000001,1 Harding Rd,San Francisco,CA,94132,Lake Merced Park,publicly_accessible,08:00:00,20:00:00,Daily,,rec,POINT (-122.493741638 37.728901838),7,Lakeshore,2026/03/10 10:25:27 PM,2026/09/01 09:08:33 AM
Jerry Garcia Amphitheatre Restroom,4378564667613058963,restroom,0,0,0,0,37.72239110635506,-122.41438777801322,,San Francisco,CA,94134,John McLaren Park,publicly_accessible,08:00:00,20:00:00,Daily,,rec,POINT (-122.414387778 37.722391106),9,McLaren Park,2025/12/08 07:45:05 PM,2026/09/01 09:08:33 AM
Betty Ann Ong Rec Center - Drinking Fountain/Cooler,6118301119217379991,drinking_water,1,0,0,0,37.79437397,-122.41185104,1101 Washington St,San Francisco,CA,94108,Betty Ann Ong Rec Center,publicly_accessible,08:00:00,20:00:00,Daily,,rec,POINT (-122.411851042 37.794373974),3,Nob Hill,2026/03/10 10:25:27 PM,2026/09/01 09:08:33 AM
Gilman Clubhouse,5040493411167008693,restroom,0,0,0,0,37.7168011155537,-122.38835498218572,993 Gilman Ave,San Francisco,CA,94124,Gilman Playground,publicly_accessible,08:00:00,20:00:00,Daily,,rec,POINT (-122.388354982 37.716801116),10,Bayview Hunters Point,2026/02/05 08:11:25 PM,2026/09/01 09:08:33 AM
Beach Chalet,755820951004372731,restroom,0,0,0,0,37.76959005999781,-122.51011434913542,501 Stanyan St,San Francisco,CA,94121,Golden Gate Park - Section 6,limited_access,08:00:00,20:00:00,Daily,,rec,POINT (-122.510114349 37.76959006),4,Golden Gate Park,2025/12/08 07:45:05 PM,2026/09/01 09:08:33 AM
Palega Rec Center,1380573470462414493,restroom,0,0,0,0,37.72920706615763,-122.40974183678372,500 Felton St,San Francisco,CA,94134,Palega Playground,publicly_accessible,08:00:00,20:00:00,Daily,,rec,POINT (-122.409741837 37.729207066),9,Portola,2026/02/05 08:11:25 PM,2026/09/01 09:08:33 AM
Hamilton Rec Center,8369580577400438332,restroom,0,0,0,0,37.78453265193915,-122.43517780715341,1900 Geary Blvd,San Francisco,CA,94115,Hamilton Rec Center,publicly_accessible,08:00:00,20:00:00,Daily,,rec,POINT (-122.435177807 37.784532652),5,Japantown,2026/02/05 08:11:25 PM,2026/09/01 09:08:33 AM
Kid Power Park - Drinking Fountain/Cooler,7551241608202316725,drinking_water,1,0,0,0,37.76416762,-122.42024527,45 Hoff Street,San Francisco,CA,94110,Kid Power Park,publicly_accessible,08:00:00,20:00:00,Daily,,rec,POINT (-122.42024527 37.764167623),9,Mission,2026/03/10 10:25:27 PM,2026/09/01 09:08:33 AM
Noe Valley Courts - Drinking Fountain/Cooler,5084486748489973761,drinking_water,1,0,0,1,37.75145352,-122.43894560000001,780 Douglass St,San Francisco,CA,94114,Noe Valley Courts,publicly_accessible,08:00:00,20:00:00,Daily,,rec,POINT (-122.438945602 37.751453516),8,Noe Valley,2026/03/10 10:25:27 PM,2026/09/01 09:08:33 AM
Golden Gate Park - Section 1 - Drinking Fountain/Cooler,1302941419730252572,drinking_water,1,0,0,0,37.77273831,-122.45794472,501 Stanyan St,San Francisco,CA,94117,Golden Gate Park - Section 1,publicly_accessible,08:00:00,20:00:00,Daily,,rec,POINT (-122.457944722 37.77273831),1,Golden Gate Park,2026/03/10 10:25:27 PM,2026/09/01 09:08:33 AM
Golden Gate Park - Section 6 - Drinking Fountain/Cooler,4546522901295445104,drinking_water,1,0,0,0,37.767927639999996,-122.50184764000001,501 Stanyan St,San Francisco,CA,94121,Golden Gate Park - Section 6,publicly_accessible,08:00:00,20:00:00,Daily,,rec,POINT (-122.501847641 37.767927644),1,Golden Gate Park,2026/03/10 10:25:27 PM,2026/09/01 09:08:33 AM
Restroom,5493916297522311485,restroom,0,0,0,0,37.77677041211279,-122.40605778809285,55 Sherman St,San Francisco,CA,94103,Victoria Manalo Draves Park,publicly_accessible,08:00:00,20:00:00,Daily,,rec,POINT (-122.406057788 37.776770412),6,South of Market,2025/12/08 07:45:05 PM,2026/09/01 09:08:33 AM
Fulton Clubhouse,5914464353027580566,restroom,0,0,0,0,37.773555017180094,-122.48688861012667,855 27th Ave,San Francisco,CA,94121,Fulton Playground,publicly_accessible,08:00:00,20:00:00,Daily,,rec,POINT (-122.48688861 37.773555017),1,Outer Richmond,2026/02/05 08:11:25 PM,2026/09/01 09:08:33 AM
Golden Gate Park - Section 5 - Drinking Fountain/Cooler,4664947683946524659,drinking_water,1,0,0,0,37.77023246,-122.4955183,Golden Gate Park,San Francisco,CA,94122,Golden Gate Park - Section 5,publicly_accessible,08:00:00,20:00:00,Daily,,rec,POINT (-122.495518301 37.770232465),1,Golden Gate Park,2026/03/10 10:25:27 PM,2026/09/01 09:08:33 AM
Beach Chalet Soccer Fields Restrooms,4047199765492045528,restroom,0,0,0,0,37.767267892359676,-122.5079855830845,501 Stanyan St,San Francisco,CA,94121,Golden Gate Park - Section 6,publicly_accessible,08:00:00,20:00:00,Daily,,rec,POINT (-122.507985583 37.767267892),4,Golden Gate Park,2025/12/08 07:45:05 PM,2026/09/01 09:08:33 AM
Mission Rec Center,7286495612961491893,restroom,0,0,0,0,37.75822054216461,-122.41279766963511,2450 Harrison St,San Francisco,CA,94110,Mission Rec Center,publicly_accessible,08:00:00,20:00:00,Daily,,rec,POINT (-122.41279767 37.758220542),9,Mission,2026/02/05 08:11:25 PM,2026/09/01 09:08:33 AM
Lafayette Park - Drinking Fountain/Cooler,2898428743203626165,drinking_water,1,0,0,0,37.79159628,-122.42817795,2101 Washington St,San Francisco,CA,94109,Lafayette Park,publicly_accessible,08:00:00,20:00:00,Daily,,rec,POINT (-122.42817795 37.791596283),2,Pacific Heights,2026/03/10 10:25:27 PM,2026/09/01 09:08:33 AM
Golden Gate Park - Section 2 - Drinking Fountain/Cooler,3217893319111612167,drinking_water,1,0,0,0,37.77201687,-122.47114771000001,501 Stanyan St,San Francisco,CA,94118,Golden Gate Park - Section 2,publicly_accessible,08:00:00,20:00:00,Daily,,rec,POINT (-122.471147714 37.772016871),1,Golden Gate Park,2026/03/10 10:25:27 PM,2026/09/01 09:08:33 AM
Douglass Playground - Douglass Dog Play Area Drinking Fountain,8620850382132470967,drinking_water,1,0,0,0,37.74695644,-122.43891311,1098 Douglass St,San Francisco,CA,94131,Douglass Playground,publicly_accessible,08:00:00,20:00:00,Daily,,rec,POINT (-122.438913115 37.746956445),8,Noe Valley,2026/03/10 10:25:27 PM,2026/09/01 09:08:33 AM
Youngblood Colman Park,8953154863104910777,drinking_water,0,1,1,0,37.739575,-122.385795,615 Mendell St,San Francisco,CA,94124,Youngblood-Coleman Playground,publicly_accessible,,,Daily,,puc,POINT (-122.385795 37.739575),10,Bayview Hunters Point,2024/06/27 01:43:12 PM,2026/09/01 09:08:33 AM
Youngblood Coleman Clubhouse,1204923542090208152,restroom,0,0,0,0,37.73797747670028,-122.38413495509053,1398 Hudson Ave,San Francisco,CA,94124,Youngblood-Coleman Playground,publicly_accessible,08:00:00,20:00:00,Daily,,rec,POINT (-122.384134955 37.737977477),10,Bayview Hunters Point,2026/02/05 08:11:25 PM,2026/09/01 09:08:33 AM
Camp Mather - Drinking fountain,5264800034032263896,drinking_water,1,0,0,0,37.88344952,-119.85691668,32560 Mather Road,San Francisco,CA,95321,Camp Mather,publicly_accessible,08:00:00,20:00:00,Daily,,rec,POINT (-119.856916683 37.883449518),,,2026/03/10 10:25:27 PM,2026/09/01 09:08:33 AM
Parkside Square - Drinking Fountain/Cooler,2222440857198448763,drinking_water,1,0,0,0,37.737780699999995,-122.48449475,2680 28th Ave,San Francisco,CA,94132,Parkside Square,limited_access,08:00:00,20:00:00,Daily,,rec,POINT (-122.484494749 37.737780695),4,Sunset/Parkside,2026/03/10 10:25:27 PM,2026/09/01 09:08:33 AM
Minnie & Lovie Ward Rec Center,7200183235575193233,restroom,0,0,0,0,37.71630771203278,-122.45746130832362,650 Capitol Ave,San Francisco,CA,94112,Minnie and Lovie Ward Rec Center,publicly_accessible,08:00:00,20:00:00,Daily,,rec,POINT (-122.457461308 37.716307712),11,Oceanview/Merced/Ingleside,2026/02/05 08:11:25 PM,2026/09/01 09:08:33 AM
Camp Mather - Cabin 110 spigot,7290574651752549183,drinking_water,1,0,0,0,37.88053563,-119.85371665000001,32560 Mather Road,San Francisco,CA,95321,Camp Mather,publicly_accessible,08:00:00,20:00:00,Daily,,rec,POINT (-119.853716645 37.880535626),,,2026/03/10 10:25:27 PM,2026/09/01 09:08:33 AM
Lafayette Park - Drinking Fountain/Cooler,3187026663008254346,drinking_water,1,0,0,0,37.79101427,-122.42734389,2101 Washington St,San Francisco,CA,94109,Lafayette Park,publicly_accessible,08:00:00,20:00:00,Daily,,rec,POINT (-122.427343892 37.791014268),2,Pacific Heights,2026/03/10 10:25:27 PM,2026/09/01 09:08:33 AM
Tenderloin Pit Stop - Ellis and Jones streets,6351744818236606854,restroom,0,0,0,0,37.7848986,-122.412773,Ellis and Jones streets,San Francisco,CA,,,publicly_accessible,08:00:00,20:00:00,Daily,,pit_stop,POINT (-122.412773 37.7848986),5,Tenderloin,2026/09/01 09:05:57 AM,2026/09/01 09:08:33 AM
Herz Playground - Drinking Fountain,7680569076795410595,drinking_water,1,1,0,0,37.713925100000004,-122.41632703,1701 Visitacion Ave,San Francisco,CA,94134,Herz Playground,publicly_accessible,08:00:00,20:00:00,Daily,,rec,POINT (-122.416327026 37.713925105),10,McLaren Park,2026/03/10 10:25:27 PM,2026/09/01 09:08:33 AM
Gleneagles Golf Course Clubhouse,6584855746954938973,restroom,0,0,0,0,37.7159953668337,-122.42456402575587,,San Francisco,CA,94134,John McLaren Park,publicly_accessible,08:00:00,20:00:00,Daily,,rec,POINT (-122.424564026 37.715995367),10,McLaren Park,2026/02/05 08:11:25 PM,2026/09/01 09:08:33 AM
Mission Branch Library,1848497342151395742,drinking_water,1,0,0,0,37.75196896600005,-122.41982646399998,300 BARTLETT ST,San Francisco,CA,94110,,limited_access,,,Daily,"opening_hours = [""Sunday:13:00-17:00"",""Monday:10:00-18:00"",""Tuesday:10:00-20:00"",""Wednesday:10:00-20:00"",""Thursday:10:00-20:00"",""Friday:13:00-18:00"",""Saturday:10:00-18:00"",""Total Weekly Hours:55""]",library,POINT (-122.419826464 37.751968966),9,Mission,2026/05/27 04:20:00 PM,2026/09/01 09:08:33 AM
John McLaren Park - Bike Park Bottle Filling station,5997395563337755675,drinking_water,1,1,0,0,37.714021869999996,-122.42315071,100 John F Shelley Dr,San Francisco,CA,94134,John McLaren Park,publicly_accessible,08:00:00,20:00:00,Daily,,rec,POINT (-122.423150713 37.71402187),10,McLaren Park,2026/03/12 05:19:36 PM,2026/09/01 09:08:33 AM
Rose Garden Bathroom,1943296452659879033,restroom,0,0,0,0,37.77152262146797,-122.47202100176304,501 Stanyan St,San Francisco,CA,94118,Golden Gate Park - Section 4,publicly_accessible,08:00:00,20:00:00,Daily,,rec,POINT (-122.472021002 37.771522621),1,Golden Gate Park,2025/12/08 07:45:05 PM,2026/09/01 09:08:33 AM
Park Branch Library,3072352331007374856,drinking_water,1,0,0,0,37.770135518000075,-122.45100115999998,1833 PAGE ST,San Francisco,CA,94117,,limited_access,,,Daily,"opening_hours = [""Sunday:13:00-17:00"",""Monday:12:00-18:00"",""Tuesday:10:00-20:00"",""Wednesday:12:00-20:00"",""Thursday:10:00-18:00"",""Friday:13:00-18:00"",""Saturday:10:00-18:00"",""Total Weekly Hours:49""]",library,POINT (-122.45100116 37.770135518),5,Haight Ashbury,2026/05/27 04:20:00 PM,2026/09/01 09:08:33 AM
Golden Gate Park - Section 7 - Drinking Fountain,8251394253752138088,drinking_water,1,0,0,0,37.76807818,-122.45792483,Golden Gate Park,San Francisco,CA,94122,Golden Gate Park - Section 7,publicly_accessible,08:00:00,20:00:00,Daily,,rec,POINT (-122.457924832 37.768078183),7,Golden Gate Park,2026/03/10 10:25:27 PM,2026/09/01 09:08:33 AM
P24 - Mariposa Bay Park,368974553398901364,drinking_water,1,1,0,1,37.765245,-122.388254,"Illinois St, Mission Bay",San Francisco,CA,94158,,publicly_accessible,,,Daily,,port,POINT (-122.388254 37.765245),6,Potrero Hill,2024/10/04 01:51:23 PM,2026/09/01 09:08:33 AM
"SFFD, J C Decaux",4912770129684159724,restroom,0,0,0,0,37.790166,-122.388767,389 The Embarcadero S,San Francisco,CA,94105,,publicly_accessible,,,Daily,J C Decaux,port,POINT (-122.388767 37.790166),6,Financial District/South Beach,2024/10/04 01:51:23 PM,2026/09/01 09:08:33 AM
Camp Mather - Horseshoe pits spigot,3541079403874979134,drinking_water,1,0,0,0,37.88256719,-119.85359557,32560 Mather Road,San Francisco,CA,95321,Camp Mather,publicly_accessible,08:00:00,20:00:00,Daily,,rec,POINT (-119.853595573 37.882567189),,,2026/03/10 10:25:27 PM,2026/09/01 09:08:33 AM
Herz Playground Clubhouse,7366075405665591286,restroom,0,0,0,0,37.71394331637353,-122.416377893482,1701 Visitacion Ave,San Francisco,CA,94134,Herz Playground,publicly_accessible,08:00:00,20:00:00,Daily,,rec,POINT (-122.416377893 37.713943316),10,McLaren Park,2026/02/05 08:11:25 PM,2026/09/01 09:08:33 AM
Golden Gate Park - Section 7 - Tennis Center Bottle filling station,5148375999972034214,drinking_water,1,1,0,0,37.77057774,-122.45868065,Golden Gate Park,San Francisco,CA,94122,Golden Gate Park - Section 7,publicly_accessible,08:00:00,20:00:00,Daily,,rec,POINT (-122.458680645 37.770577737),7,Golden Gate Park,2026/03/10 10:25:27 PM,2026/09/01 09:08:33 AM
Golden Gate Park - Section 5 - Drinking Fountain/Cooler,2462994822786564920,drinking_water,1,1,0,0,37.77133061999999,-122.49904042,501 Stanyan St,San Francisco,CA,94122,Golden Gate Park - Section 5,publicly_accessible,08:00:00,20:00:00,Daily,,rec,POINT (-122.499040424 37.77133062),1,Golden Gate Park,2026/03/10 10:25:27 PM,2026/09/01 09:08:33 AM
Angelo J. Rossi Playground - Drinking Fountain/Cooler,8133339575372633446,drinking_water,1,0,0,0,37.77799694,-122.45769442,600 Arguello Blvd,San Francisco,CA,94118,Angelo J. Rossi Playground,publicly_accessible,08:00:00,20:00:00,Daily,,rec,POINT (-122.457694423 37.77799694),1,Lone Mountain/USF,2026/03/10 10:25:27 PM,2026/09/01 09:08:33 AM
Restrooms,349221179640314087,restroom,0,0,0,0,37.803552523349744,-122.42124358379304,2745 Larkin St,San Francisco,CA,94109,Francisco Park,publicly_accessible,08:00:00,20:00:00,Daily,,rec,POINT (-122.421243584 37.803552523),2,Russian Hill,2025/12/08 07:45:05 PM,2026/09/01 09:08:33 AM
Restroom,6037412297407470953,restroom,0,0,0,0,37.728527023023275,-122.46602409323302,139 Aptos Ave,San Francisco,CA,94127,Aptos Playground,publicly_accessible,08:00:00,20:00:00,Daily,,rec,POINT (-122.466024093 37.728527023),7,West of Twin Peaks,2025/12/08 07:45:05 PM,2026/09/01 09:08:33 AM
Mountain Lake Park - Drinking Fountain/Cooler,8138670694524805772,drinking_water,1,0,0,0,37.78749354,-122.46841839,1 11th Ave,San Francisco,CA,94118,Mountain Lake Park,publicly_accessible,08:00:00,20:00:00,Daily,,rec,POINT (-122.468418387 37.787493544),1,Inner Richmond,2026/03/10 10:25:27 PM,2026/09/01 09:08:33 AM
China Basin Park Water Fountain #1,676616995420367919,drinking_water,1,1,0,0,37.776548,-122.389769,1 China Basin Park,San Francisco,CA,94107,,publicly_accessible,,,Daily,By the bridge,port,POINT (-122.389769 37.776548),6,Mission Bay,2024/10/04 01:51:23 PM,2026/09/01 09:08:33 AM
India Basin Park,6500487953611878416,drinking_water,1,1,0,1,37.735292,-122.376172,"San Francisco Bay Trail, India Basin",San Francisco,CA,94124,,publicly_accessible,,,Daily,,port,POINT (-122.376172 37.735292),10,Bayview Hunters Point,2024/10/04 01:51:23 PM,2026/09/01 09:08:33 AM
McKinley Square - Drinking Fountain/Cooler,7825827599970401407,drinking_water,1,0,0,0,37.75910877,-122.40447578,2311 20th St,San Francisco,CA,94107,McKinley Square,publicly_accessible,08:00:00,20:00:00,Daily,,rec,POINT (-122.404475777 37.759108774),10,Potrero Hill,2026/03/10 10:25:27 PM,2026/09/01 09:08:33 AM
Minnie and Lovie Ward Rec Center - Drinking Fountain/Cooler,938107038056353045,drinking_water,1,0,0,0,37.71604522,-122.45732734,650 Capitol Ave,San Francisco,CA,94112,Minnie and Lovie Ward Rec Center,publicly_accessible,08:00:00,20:00:00,Daily,,rec,POINT (-122.457327344 37.716045219),11,Oceanview/Merced/Ingleside,2026/03/10 10:25:27 PM,2026/09/01 09:08:33 AM
"Heron's Head Park, Eo Center",3577349118403171998,restroom,0,0,0,0,37.740119,-122.37597,32 Jennings Street,San Francisco,CA,94124,,publicly_accessible,08:00:00,17:30:00,Daily,,port,POINT (-122.37597 37.740119),10,Bayview Hunters Point,2024/10/04 01:51:23 PM,2026/09/01 09:08:33 AM
Restrooms,4704538265672570801,restroom,0,0,0,0,37.77236708615422,-122.44766296625268,501 Stanyan St,San Francisco,CA,94117,Golden Gate Park - Section 1,publicly_accessible,08:00:00,20:00:00,Daily,,rec,POINT (-122.447662966 37.772367086),5,Golden Gate Park,2025/12/08 07:45:05 PM,2026/09/01 09:08:33 AM
Betty Ann Ong Rec Center - Drinking Fountain/Cooler,3525545761948309492,drinking_water,1,0,0,0,37.79429125,-122.41169415,1101 Washington St,San Francisco,CA,94108,Betty Ann Ong Rec Center,publicly_accessible,08:00:00,20:00:00,Daily,,rec,POINT (-122.411694153 37.794291247),3,Nob Hill,2026/03/10 10:25:27 PM,2026/09/01 09:08:33 AM
Visitacion Valley Branch Library,5445528273876891131,drinking_water,1,0,0,0,37.71245320600008,-122.40788422599996,201 LELAND AVE,San Francisco,CA,94134,,limited_access,,,Daily,"opening_hours = [""Sunday:13:00-17:00"",""Monday:10:00-18:00"",""Tuesday:10:00-20:00"",""Wednesday:10:00-20:00"",""Thursday:10:00-20:00"",""Friday:13:00-18:00"",""Saturday:10:00-18:00"",""Total Weekly Hours:55""]",library,POINT (-122.407884226 37.712453206),10,Visitacion Valley,2026/05/27 04:20:00 PM,2026/09/01 09:08:33 AM
Pier 41,5833182095630630815,restroom,0,0,0,0,37.810489,-122.410821,Fishermans's Wharf,San Francisco,CA,94133,,publicly_accessible,07:00:00,22:00:00,Daily,Level 2 behind Swiss Louis,port,POINT (-122.410821 37.810489),3,North Beach,2024/10/04 01:51:23 PM,2026/09/01 09:08:33 AM
Miraloma Playground Clubhouse,7139414283949802640,restroom,0,0,0,0,37.73912956981328,-122.44952482324736,25 Omar Way,San Francisco,CA,94127,Miraloma Playground,publicly_accessible,08:00:00,20:00:00,Daily,,rec,POINT (-122.449524823 37.73912957),7,West of Twin Peaks,2026/02/05 08:11:25 PM,2026/09/01 09:08:33 AM
Potrero Rec Path Drinking Fountain,5350223104802396812,drinking_water,1,0,0,0,37.75633921,-122.39705544,801 Arkansas St,San Francisco,CA,94107,Potrero Hill Rec Center,publicly_accessible,08:00:00,20:00:00,Daily,,rec,POINT (-122.397055435 37.756339211),10,Potrero Hill,2026/03/16 09:44:25 PM,2026/09/01 09:08:33 AM
Pier 42,5131556297665840105,restroom,0,0,0,0,37.810759,-122.410441,Fishermans's Wharf,San Francisco,CA,94133,,publicly_accessible,07:00:00,22:00:00,Daily,Level 2 by Amici's Pizza,port,POINT (-122.410441 37.810759),3,North Beach,2024/10/04 01:51:23 PM,2026/09/01 09:08:33 AM
Restroom,7640662122747861266,restroom,0,0,0,0,37.746283220704754,-122.43968176983375,1098 Douglass St,San Francisco,CA,94131,Douglass Playground,publicly_accessible,08:00:00,20:00:00,Daily,,rec,POINT (-122.43968177 37.746283221),8,Noe Valley,2025/12/08 07:45:05 PM,2026/09/01 09:08:33 AM
19th & Alabama,2447204787546099701,drinking_water,0,1,1,0,37.760315,-122.412135,3001 19th St,San Francisco,CA,94110,,publicly_accessible,,,Daily,,puc,POINT (-122.412135 37.760315),9,Mission,2024/06/27 01:43:12 PM,2026/09/01 09:08:33 AM
Restrooms,3659454021908060856,restroom,0,0,0,0,37.77608612648728,-122.4343288450428,1081 Fulton St,San Francisco,CA,94117,Alamo Square,publicly_accessible,08:00:00,20:00:00,Daily,,rec,POINT (-122.434328845 37.776086126),5,Hayes Valley,2025/12/08 07:45:05 PM,2026/09/01 09:08:33 AM
Eureka Valley Rec Center - Drinking Fountain/Cooler,8047575861891512517,drinking_water,1,0,0,0,37.75991581,-122.4362927,100 Collingwood St,San Francisco,CA,94114,Eureka Valley Rec Center,publicly_accessible,08:00:00,20:00:00,Daily,,rec,POINT (-122.4362927 37.759915815),8,Castro/Upper Market,2026/03/10 10:25:27 PM,2026/09/01 09:08:33 AM
Camp Mather - Spigot,3533257398664084908,drinking_water,1,0,0,0,37.87979956,-119.8491949,32560 Mather Road,San Francisco,CA,95321,Camp Mather,publicly_accessible,08:00:00,20:00:00,Daily,,rec,POINT (-119.849194896 37.879799561),,,2026/03/10 10:25:27 PM,2026/09/01 09:08:33 AM
Holly Park - Drinking Fountain/Cooler,2317220532358284582,drinking_water,1,0,0,0,37.737115259999996,-122.42056082,625  Holly Park Cir,San Francisco,CA,94110,Holly Park,publicly_accessible,08:00:00,20:00:00,Daily,,rec,POINT (-122.420560819 37.737115258),9,Bernal Heights,2026/03/10 10:25:27 PM,2026/09/01 09:08:33 AM
Golden Gate Park - Section 1 - Kezar Turf Drinking fountain,6502474052379636086,drinking_water,1,0,0,0,37.76752894,-122.45629948,Golden Gate Park,San Francisco,CA,94122,Golden Gate Park - Section 1,publicly_accessible,08:00:00,20:00:00,Daily,,rec,POINT (-122.456299483 37.767528944),5,Golden Gate Park,2026/03/10 10:25:27 PM,2026/09/01 09:08:33 AM
Camp Mather - Spigot,2863038734866327180,drinking_water,1,0,0,0,37.88078794,-119.85372372,32560 Mather Road,San Francisco,CA,95321,Camp Mather,publicly_accessible,08:00:00,20:00:00,Daily,,rec,POINT (-119.853723719 37.880787935),,,2026/03/10 10:25:27 PM,2026/09/01 09:08:33 AM
West Portal Clubhouse,1152567663852889285,restroom,0,0,0,0,37.741683462542454,-122.46530794152778,131 Lenox Way,San Francisco,CA,94127,West Portal Playground,publicly_accessible,08:00:00,20:00:00,Daily,,rec,POINT (-122.465307942 37.741683463),7,West of Twin Peaks,2026/02/05 08:11:25 PM,2026/09/01 09:08:33 AM
Anna E. Waden Branch Library (Bayview),4747163986582751508,drinking_water,1,0,0,0,37.732484671000066,-122.39108620099995,5075 3RD ST,San Francisco,CA,94124,,limited_access,,,Daily,"opening_hours = [""Sunday:13:00-17:00"",""Monday:10:00-18:00"",""Tuesday:10:00-20:00"",""Wednesday:10:00-20:00"",""Thursday:10:00-20:00"",""Friday:13:00-18:00"",""Saturday:10:00-18:00"",""Total Weekly Hours:55""]",library,POINT (-122.391086201 37.732484671),10,Bayview Hunters Point,2026/05/27 04:20:00 PM,2026/09/01 09:08:33 AM
Potrero Del Sol Maintenance Shed,6002076607506216774,restroom,0,0,0,0,37.750102330916754,-122.40535702359604,,San Francisco,CA,94110,Potrero del Sol,publicly_accessible,08:00:00,20:00:00,Daily,,rec,POINT (-122.405357024 37.750102331),9,Mission,2026/02/05 08:11:25 PM,2026/09/01 09:08:33 AM
Ferry Building,7030273931982775170,drinking_water,1,1,0,0,37.79542,-122.39363,1 Ferry Building,San Francisco,CA,94111,,limited_access,07:00:00,22:00:00,Daily,2 by the public bathrooms,port,POINT (-122.39363 37.79542),3,Financial District/South Beach,2024/10/04 01:51:23 PM,2026/09/01 09:08:33 AM
Anglers Lodge,2320304234735625477,restroom,0,0,0,0,37.76800131961918,-122.49647616987973,501 Stanyan St,San Francisco,CA,94122,Golden Gate Park - Section 5,publicly_accessible,08:00:00,20:00:00,Daily,,rec,POINT (-122.49647617 37.76800132),4,Golden Gate Park,2026/02/05 08:11:25 PM,2026/09/01 09:08:33 AM
Sharon Arts Studio,7349537812584707784,restroom,0,0,0,0,37.76825625442807,-122.45824805511775,501 Stanyan St,San Francisco,CA,94122,Golden Gate Park - Section 7,publicly_accessible,08:00:00,20:00:00,Daily,,rec,POINT (-122.458248055 37.768256254),7,Golden Gate Park,2026/04/15 06:07:01 PM,2026/09/01 09:08:33 AM
Golden Gate Park - Section 1 - Dual Fountain,2153051661776551575,drinking_water,1,0,0,0,37.77239136,-122.44766618999999,501 Stanyan St,San Francisco,CA,94117,Golden Gate Park - Section 1,publicly_accessible,08:00:00,20:00:00,Daily,,rec,POINT (-122.447666186 37.772391362),5,Golden Gate Park,2026/03/10 10:25:27 PM,2026/09/01 09:08:33 AM
Drinking fountain,6260236323327928148,drinking_water,1,0,0,0,37.76883376,-122.47086609,,San Francisco,CA,,Golden Gate Park - Section 3,publicly_accessible,08:00:00,20:00:00,Daily,,rec,POINT (-122.470866085 37.768833756),7,Golden Gate Park,2026/08/07 12:27:51 PM,2026/09/01 09:08:33 AM
Mendell Plaza,1583894823483341905,drinking_water,0,1,1,0,37.734648,-122.390524,1425 Mendell St,San Francisco,CA,94124,,publicly_accessible,,,Daily,,puc,POINT (-122.390524 37.734648),10,Bayview Hunters Point,2024/06/27 01:43:12 PM,2026/09/01 09:08:33 AM
Crocker Amazon Playground - Drinking Fountain/Cooler,5293037915743335404,drinking_water,1,1,0,0,37.713791050000005,-122.42993905,799 Moscow St,San Francisco,CA,94134,Crocker Amazon Playground,publicly_accessible,08:00:00,20:00:00,Daily,,rec,POINT (-122.429939052 37.713791046),11,Excelsior,2026/03/10 10:25:27 PM,2026/09/01 09:08:33 AM
McLaren Mansell Clubhouse,4653891988982245606,restroom,0,0,0,0,37.719149575283545,-122.41269622532232,,San Francisco,CA,94134,John McLaren Park,publicly_accessible,08:00:00,20:00:00,Daily,,rec,POINT (-122.412696225 37.719149575),9,McLaren Park,2026/02/05 08:11:25 PM,2026/09/01 09:08:33 AM
Conservatory Restrooms,1863141825000065385,restroom,0,0,0,0,37.77260716229408,-122.46078914623399,501 Stanyan St,San Francisco,CA,94122,Golden Gate Park - Section 3,publicly_accessible,08:00:00,20:00:00,Daily,,rec,POINT (-122.460789146 37.772607162),1,Golden Gate Park,2025/12/08 07:45:05 PM,2026/09/01 09:08:33 AM
Betty Ann On Rec Center,4028000144795477020,restroom,0,0,0,0,37.79427386674438,-122.41169059352767,1101 Washington St,San Francisco,CA,94108,Betty Ann Ong Rec Center,publicly_accessible,08:00:00,20:00:00,Daily,,rec,POINT (-122.411690594 37.794273867),3,Nob Hill,2026/02/05 08:11:25 PM,2026/09/01 09:08:33 AM
Restrooms,4224576772754543358,restroom,0,0,0,0,37.73712269269286,-122.42058669467426,,San Francisco,CA,94110,Holly Park,publicly_accessible,08:00:00,20:00:00,Daily,,rec,POINT (-122.420586695 37.737122693),9,Bernal Heights,2025/12/08 07:45:05 PM,2026/09/01 09:08:33 AM
Restrooms,8500089597454184419,restroom,0,0,0,0,37.79124667632276,-122.43816771879757,2501 Jackson St,San Francisco,CA,94115,Alta Plaza Park,publicly_accessible,08:00:00,20:00:00,Daily,,rec,POINT (-122.438167719 37.791246676),2,Pacific Heights,2025/12/08 07:45:05 PM,2026/09/01 09:08:33 AM
Lower Great Highway Taraval Restrooms,271232090700619754,restroom,0,0,0,0,37.7414266766863,-122.50707978731747,,San Francisco,CA,94132,Sunset Dunes,publicly_accessible,08:00:00,20:00:00,Daily,,rec,POINT (-122.507079787 37.741426677),4,Sunset/Parkside,2025/12/08 07:45:05 PM,2026/09/01 09:08:33 AM
Noe Valley Courts - Drinking Fountain/Cooler,5204820169406859067,drinking_water,1,0,0,0,37.75145679,-122.43894593,780 Douglass St,San Francisco,CA,94114,Noe Valley Courts,publicly_accessible,08:00:00,20:00:00,Daily,,rec,POINT (-122.438945929 37.751456786),8,Noe Valley,2026/03/10 10:25:27 PM,2026/09/01 09:08:33 AM
Sunset Rec Center - Drinking Fountain/Cooler,5793440257510180901,drinking_water,1,0,0,0,37.756840159999996,-122.48690400000001,2201 Lawton St,San Francisco,CA,94122,Sunset Rec Center,publicly_accessible,08:00:00,20:00:00,Daily,,rec,POINT (-122.486904001 37.756840159),4,Sunset/Parkside,2026/03/10 10:25:27 PM,2026/09/01 09:08:33 AM
Willie Woo Woo Wong Clubhouse,833784527962744172,restroom,0,0,0,0,37.79362876196027,-122.4070478128268,850 Sacramento St,San Francisco,CA,94108,Willie Woo Woo Wong Playground,publicly_accessible,08:00:00,20:00:00,Daily,,rec,POINT (-122.407047813 37.793628762),3,Chinatown,2026/02/05 08:11:25 PM,2026/09/01 09:08:33 AM
Camp Mather - Ballfield spigot,8588455460405867148,drinking_water,1,0,0,0,37.88208775,-119.85085313,32560 Mather Road,San Francisco,CA,95321,Camp Mather,publicly_accessible,08:00:00,20:00:00,Daily,,rec,POINT (-119.850853134 37.882087753),,,2026/03/10 10:25:27 PM,2026/09/01 09:08:33 AM
Pioneer Park Restroom,598341934004717538,restroom,0,0,0,0,37.8025994333315,-122.40605249700845,1 Telegraph Hill Blvd,San Francisco,CA,94133,Telegraph Hill - Pioneer Park,publicly_accessible,08:00:00,20:00:00,Daily,,rec,POINT (-122.406052497 37.802599433),3,North Beach,2025/12/08 07:45:05 PM,2026/09/01 09:08:33 AM
525 Golden Gate,956935023348360657,drinking_water,0,1,0,0,37.7809272,-122.419371,525 Golden Gate,San Francisco,CA,94102,,limited_access,08:00:00,17:00:00,Weekdays,,puc,POINT (-122.419371 37.7809272),5,Tenderloin,2024/06/27 01:43:12 PM,2026/09/01 09:08:33 AM
Potrero Branch Library,4782384906586179379,drinking_water,1,0,0,0,37.760135940000055,-122.39766410099998,1616 20TH ST,San Francisco,CA,94107,,limited_access,,,Daily,"opening_hours = [""Sunday:13:00-17:00"",""Monday:13:00-18:00"",""Tuesday:10:00-20:00"",""Wednesday:13:00-20:00"",""Thursday:10:00-20:00"",""Friday:13:00-18:00"",""Saturday:10:00-18:00"",""Total Weekly Hours:49""]",library,POINT (-122.397664101 37.76013594),10,Potrero Hill,2026/05/27 04:20:00 PM,2026/09/01 09:08:33 AM
Gene Friend Rec Center,3955966375932038830,restroom,0,0,0,0,37.77878689761341,-122.40633917526273,270 6th St,San Francisco,CA,94103,Eugene Friend Rec Center,publicly_accessible,08:00:00,20:00:00,Daily,,rec,POINT (-122.406339175 37.778786898),6,South of Market,2026/02/05 08:11:25 PM,2026/09/01 09:08:33 AM
Mountain Lake Park - Drinking Fountain/Cooler,8165530174443482960,drinking_water,1,0,0,0,37.78685506,-122.47042906,1 11th Ave,San Francisco,CA,94118,Mountain Lake Park,publicly_accessible,08:00:00,20:00:00,Daily,,rec,POINT (-122.470429057 37.786855058),1,Inner Richmond,2026/03/10 10:25:27 PM,2026/09/01 09:08:33 AM
Golden Gate Park - Section 2 - Drinking Fountain/Cooler,8630946145801758416,drinking_water,1,0,0,0,37.77055703,-122.48014117999999,501 Stanyan St,San Francisco,CA,94118,Golden Gate Park - Section 2,publicly_accessible,08:00:00,20:00:00,Daily,,rec,POINT (-122.480141178 37.770557027),1,Golden Gate Park,2026/03/10 10:25:27 PM,2026/09/01 09:08:33 AM
Corona Heights Park - Drinking Fountain/Cooler,4132673338554211998,drinking_water,1,0,0,0,37.765307750000005,-122.44027741000001,122 States St,San Francisco,CA,94114,Corona Heights Park,publicly_accessible,08:00:00,20:00:00,Daily,,rec,POINT (-122.440277412 37.765307746),8,Castro/Upper Market,2026/03/10 10:25:27 PM,2026/09/01 09:08:33 AM
Golden Gate Park - Section 1 - Drinking Fountain/Cooler,6057254018176176899,drinking_water,1,0,0,0,37.76699119,-122.45332948,501 Stanyan St,San Francisco,CA,94117,Golden Gate Park - Section 1,limited_access,08:00:00,20:00:00,Daily,,rec,POINT (-122.453329475 37.766991186),5,Golden Gate Park,2026/03/10 10:25:27 PM,2026/09/01 09:08:33 AM
West Portal Playground - Drinking Fountain/Cooler,2685098885367186419,drinking_water,1,0,0,0,37.741738760000004,-122.46518013000001,131 Lenox Way,San Francisco,CA,94127,West Portal Playground,publicly_accessible,08:00:00,20:00:00,Daily,,rec,POINT (-122.465180132 37.741738762),7,West of Twin Peaks,2026/03/10 10:25:27 PM,2026/09/01 09:08:33 AM
Golden Gate Park - Section 1 - Drinking Fountain/Cooler,7585242396254604827,drinking_water,1,0,0,0,37.76699488,-122.45332846,501 Stanyan St,San Francisco,CA,94117,Golden Gate Park - Section 1,limited_access,08:00:00,20:00:00,Daily,,rec,POINT (-122.453328458 37.766994885),5,Golden Gate Park,2026/03/10 10:25:27 PM,2026/09/01 09:08:33 AM
Mission Dolores Park - Drinking Fountain/Cooler,3178659907447561992,drinking_water,1,0,0,0,37.760841940000006,-122.42756989,646 Dolores St,San Francisco,CA,94114,Mission Dolores Park,publicly_accessible,08:00:00,20:00:00,Daily,,rec,POINT (-122.42756989 37.76084194),8,Castro/Upper Market,2026/03/10 10:25:27 PM,2026/09/01 09:08:33 AM
Camp Mather - Drinking fountain,6895561022529716640,drinking_water,1,0,0,0,37.879441379999996,-119.8540079,32560 Mather Road,San Francisco,CA,95321,Camp Mather,publicly_accessible,08:00:00,20:00:00,Daily,,rec,POINT (-119.854007896 37.879441384),,,2026/03/10 10:25:27 PM,2026/09/01 09:08:33 AM
Chain of Lakes Restroom,6919291330605723233,restroom,0,0,0,0,37.76797554187804,-122.50181864933434,501 Stanyan St,San Francisco,CA,94121,Golden Gate Park - Section 6,publicly_accessible,08:00:00,20:00:00,Daily,,rec,POINT (-122.501818649 37.767975542),1,Golden Gate Park,2025/12/08 07:45:05 PM,2026/09/01 09:08:33 AM
Mission Playground - Drinking Fountain/Cooler,2079827576808136748,drinking_water,1,0,0,0,37.75959507,-122.42274035000001,3555 19th St,San Francisco,CA,94110,Mission Playground,publicly_accessible,08:00:00,20:00:00,Daily,,rec,POINT (-122.422740354 37.759595074),9,Mission,2026/03/10 10:25:27 PM,2026/09/01 09:08:33 AM
Alice Chalmers Playground - Drinking Fountain,5693076553955943864,drinking_water,1,0,0,0,37.709755969999996,-122.44678565000001,670 Brunswick St,San Francisco,CA,94112,Alice Chalmers Playground,publicly_accessible,08:00:00,20:00:00,Daily,,rec,POINT (-122.446785646 37.70975597),11,Excelsior,2026/03/10 10:25:27 PM,2026/09/01 09:08:33 AM
Hellman Hollow Restrooms,1104549236511730505,restroom,0,0,0,0,37.76953438850232,-122.48470856769062,501 Stanyan St,San Francisco,CA,94122,Golden Gate Park - Section 5,publicly_accessible,08:00:00,20:00:00,Daily,,rec,POINT (-122.484708568 37.769534389),4,Golden Gate Park,2025/12/08 07:45:05 PM,2026/09/01 09:08:33 AM
Mother's Meadow Restroom - Male Restroom,6180309375448842345,restroom,0,0,0,0,37.766384754719695,-122.47669708044135,,San Francisco,CA,94122,Golden Gate Park - Section 4,publicly_accessible,08:00:00,20:00:00,Daily,,rec,POINT (-122.47669708 37.766384755),7,Golden Gate Park,2025/12/08 07:45:05 PM,2026/09/01 09:08:33 AM
Victoria Manalo Draves Park - Drinking Fountain/Cooler,1455304753391163821,drinking_water,1,0,0,0,37.777127019999995,-122.40618904,55 Sherman St,San Francisco,CA,94103,Victoria Manalo Draves Park,limited_access,08:00:00,20:00:00,Daily,,rec,POINT (-122.406189036 37.777127017),6,South of Market,2026/03/10 10:25:27 PM,2026/09/01 09:08:33 AM
Golden Gate Park - Section 1 - Kezar Turf Drinking fountain,2606175629848316573,drinking_water,1,0,0,0,37.76699475,-122.45742193000001,Golden Gate Park,San Francisco,CA,94122,Golden Gate Park - Section 1,publicly_accessible,08:00:00,20:00:00,Daily,,rec,POINT (-122.457421929 37.766994753),5,Golden Gate Park,2026/03/10 10:25:27 PM,2026/09/01 09:08:33 AM
Pier 39,3249569504867891889,restroom,0,0,0,0,37.80914,-122.409882,2 Beach st,San Francisco,CA,94133,,publicly_accessible,07:00:00,22:00:00,Daily,Level 1 by Lids,port,POINT (-122.409882 37.80914),3,North Beach,2024/10/04 01:51:23 PM,2026/09/01 09:08:33 AM
Port of San Francisco,2480114164880190808,drinking_water,1,1,0,0,37.79689,-122.39505,Pier 1 on the Embarcadero,San Francisco,CA,94111,,limited_access,08:00:00,17:30:00,Daily,Inside Pier 1,port,POINT (-122.39505 37.79689),3,Financial District/South Beach,2024/10/04 01:51:23 PM,2026/09/01 09:08:33 AM
Turk & Hyde Mini Park - Drinking Fountain/Cooler,1366325257993660288,drinking_water,1,1,0,0,37.78266867,-122.41594617999999,201 Hyde St,San Francisco,CA,94102,Turk & Hyde Mini Park,publicly_accessible,08:00:00,20:00:00,Daily,,rec,POINT (-122.415946183 37.782668669),5,Tenderloin,2026/03/17 09:46:18 PM,2026/09/01 09:08:33 AM
Mission Arts Center,5040889885710292368,restroom,0,0,0,0,37.7580887741712,-122.41344366345938,2450 Harrison St,San Francisco,CA,94110,Mission Rec Center,publicly_accessible,08:00:00,20:00:00,Daily,,rec,POINT (-122.413443663 37.758088774),9,Mission,2026/02/05 08:11:25 PM,2026/09/01 09:08:33 AM
Upper Noe Rec Center - Drinking Fountain/Cooler,7425977403752597340,drinking_water,1,0,0,0,37.74272967,-122.42702128,295 Day St,San Francisco,CA,94131,Upper Noe Rec Center,publicly_accessible,08:00:00,20:00:00,Daily,,rec,POINT (-122.42702128 37.742729671),8,Noe Valley,2026/03/10 10:25:27 PM,2026/09/01 09:08:33 AM
Bernal Heights Branch Library,5507692796941224450,drinking_water,1,0,0,0,37.73885128400008,-122.41610523099996,500 CORTLAND AVE,San Francisco,CA,94110,,limited_access,,,Daily,"opening_hours = [""Sunday:13:00-17:00"",""Monday:10:00-18:00"",""Tuesday:10:00-19:00"",""Wednesday:12:00-20:00"",""Thursday:10:00-18:00"",""Friday:13:00-18:00"",""Saturday:10:00-18:00"",""Total Weekly Hours:50""]",library,POINT (-122.416105231 37.738851284),9,Bernal Heights,2026/05/27 04:20:00 PM,2026/09/01 09:08:33 AM
John McLaren Park - Drinking Fountain/Cooler,8444114482079784971,drinking_water,1,0,0,0,37.72368991,-122.42308907,100 John F Shelley Dr,San Francisco,CA,94134,John McLaren Park,publicly_accessible,08:00:00,20:00:00,Daily,,rec,POINT (-122.423089074 37.723689908),11,McLaren Park,2026/03/10 10:25:27 PM,2026/09/01 09:08:33 AM
Betty Ann Ong Rec Center - Drinking Fountain/Cooler,527951557591090296,drinking_water,1,0,0,0,37.79429085,-122.41169429000001,1101 Washington St,San Francisco,CA,94108,Betty Ann Ong Rec Center,publicly_accessible,08:00:00,20:00:00,Daily,,rec,POINT (-122.411694285 37.794290853),3,Nob Hill,2026/03/10 10:25:27 PM,2026/09/01 09:08:33 AM
Golden Gate Park - Section 7 - Tennis Center Bottle filling station,3677504191851938409,drinking_water,1,1,0,0,37.770220300000005,-122.45937143,Golden Gate Park,San Francisco,CA,94122,Golden Gate Park - Section 7,publicly_accessible,08:00:00,20:00:00,Daily,,rec,POINT (-122.459371434 37.770220303),7,Golden Gate Park,2026/03/10 10:25:27 PM,2026/09/01 09:08:33 AM
Buena Vista Park - Drinking Fountain/Cooler,9125195417046741181,drinking_water,1,0,0,0,37.76985328000001,-122.43960652999999,1293 Haight St,San Francisco,CA,94117,Buena Vista Park,publicly_accessible,08:00:00,20:00:00,Daily,,rec,POINT (-122.439606528 37.769853284),8,Haight Ashbury,2026/03/10 10:25:27 PM,2026/09/01 09:08:33 AM
Cityside Park - Bottle filling station,237425124324111029,drinking_water,1,1,0,0,37.8207496150725,-122.374759267366,,San Francisco,CA,94130,Cityside Parks,publicly_accessible,08:00:00,20:00:00,Daily,,rec,POINT (-122.374759267 37.820749615),6,Treasure Island,2026/03/23 10:26:40 PM,2026/09/01 09:08:33 AM
Pier 40,4462729660452543366,restroom,0,0,0,0,37.811076,-122.410559,2 Beach st,San Francisco,CA,94133,,publicly_accessible,07:00:00,22:00:00,Daily,Level 1 by Players Sports Grill & Arcade,port,POINT (-122.410559 37.811076),3,North Beach,2024/10/04 01:51:23 PM,2026/09/01 09:08:33 AM
Richmond Branch Library,1970251667032378395,drinking_water,1,0,0,0,37.78184424500006,-122.46809920399994,351 9TH AVE,San Francisco,CA,94118,10th Ave & Clement Park,limited_access,,,Daily,"opening_hours = [""Sunday:13:00-17:00"",""Monday:13:00-18:00"",""Tuesday:10:00-20:00"",""Wednesday:10:00-20:00"",""Thursday:10:00-20:00"",""Friday:13:00-18:00"",""Saturday:10:00-18:00"",""Total Weekly Hours:52""]",library,POINT (-122.468099204 37.781844245),1,Inner Richmond,2026/05/27 04:20:00 PM,2026/09/01 09:08:33 AM
James Rolph Jr Clubhouse,8648877855879303740,restroom,0,0,0,0,37.750032174878385,-122.40660089561953,1451 Hampshire St,San Francisco,CA,94110,James Rolph Jr Playground,publicly_accessible,08:00:00,20:00:00,Daily,,rec,POINT (-122.406600896 37.750032175),9,Mission,2026/02/05 08:11:25 PM,2026/09/01 09:08:33 AM
Cayuga Playground - Drinking Fountain/Cooler,8213394840195223262,drinking_water,1,0,0,0,37.714327090000005,-122.44986995,301 Naglee Ave,San Francisco,CA,94112,Cayuga Playground,publicly_accessible,08:00:00,20:00:00,Daily,,rec,POINT (-122.449869955 37.714327091),11,Outer Mission,2026/03/10 10:25:27 PM,2026/09/01 09:08:33 AM
Palega Playground - Drinking Fountain/Cooler,792461934103256608,drinking_water,1,0,0,0,37.728907080000006,-122.40968716,500 Felton St,San Francisco,CA,94134,Palega Playground,limited_access,08:00:00,20:00:00,Daily,,rec,POINT (-122.409687162 37.728907085),9,Portola,2026/03/10 10:25:27 PM,2026/09/01 09:08:33 AM
St Mary's Rec Center,3427043505677543567,restroom,0,0,0,0,37.734068544506854,-122.42170661681347,95 Justin Dr,San Francisco,CA,94110,St. Mary's Rec Center,publicly_accessible,08:00:00,20:00:00,Daily,,rec,POINT (-122.421706617 37.734068545),9,Bernal Heights,2026/02/05 08:11:25 PM,2026/09/01 09:08:33 AM
Margaret S Hayward Playground - Drinking Fountain/Cooler,6413834034610510735,drinking_water,1,0,0,0,37.78087938,-122.42537902999999,1016 Laguna St,San Francisco,CA,94102,Margaret S Hayward Playground,publicly_accessible,08:00:00,20:00:00,Daily,,rec,POINT (-122.425379033 37.780879376),5,Western Addition,2026/03/10 10:25:27 PM,2026/09/01 09:08:33 AM
Golden Gate Park - Section 1 - Dog Bowl,1446424658125670020,drinking_water,1,0,0,0,37.772400649999994,-122.44772931,Golden Gate Park,San Francisco,CA,94117,Golden Gate Park - Section 1,publicly_accessible,08:00:00,20:00:00,Daily,,rec,POINT (-122.447729306 37.772400647),5,Golden Gate Park,2026/03/10 10:25:27 PM,2026/09/01 09:08:33 AM
Bayfront Park #1,2819301328891327176,drinking_water,1,1,1,1,37.767503,-122.386062,"Terry A Francois Blvd, Mission Bay",San Francisco,CA,94158,,,,,,,port,POINT (-122.386062 37.767503),6,Mission Bay,2024/10/04 01:51:23 PM,2026/09/01 09:08:33 AM
Camp Mather - Drinking fountain,7828240923915326511,drinking_water,1,1,0,0,37.88095979,-119.85128207000001,32560 Mather Road,San Francisco,CA,95321,Camp Mather,publicly_accessible,08:00:00,20:00:00,Daily,,rec,POINT (-119.85128207 37.88095979),,,2026/03/10 10:25:27 PM,2026/09/01 09:08:33 AM
Douglass Clubhouse,3198698486750945158,restroom,0,0,0,0,37.747814936403685,-122.43843168181354,1098 Douglass St,San Francisco,CA,94131,Douglass Playground,publicly_accessible,08:00:00,20:00:00,Daily,,rec,POINT (-122.438431682 37.747814936),8,Noe Valley,2026/02/05 08:11:25 PM,2026/09/01 09:08:33 AM
Arriba Juntos,6602640275624901656,drinking_water,0,1,1,0,37.76735,-122.420036,1850 Mission St,San Francisco,CA,94103,,publicly_accessible,,,Daily,,puc,POINT (-122.420036 37.76735),9,Mission,2024/06/27 01:43:12 PM,2026/09/01 09:08:33 AM
Coleridge Mini Park - Drinking Fountain/Cooler,7461913498181918514,drinking_water,1,0,0,0,37.74428399,-122.41949464,90 Coleridge St,San Francisco,CA,94110,Coleridge Mini Park,publicly_accessible,08:00:00,20:00:00,Daily,,rec,POINT (-122.419494644 37.744283992),9,Bernal Heights,2026/03/10 10:25:27 PM,2026/09/01 09:08:33 AM
Glen Park Branch Library,1697779997800312692,drinking_water,1,0,0,0,37.733980204000034,-122.43383315499995,2825 DIAMOND ST,San Francisco,CA,94131,,limited_access,,,Daily,"opening_hours = [""Sunday:13:00-17:00"",""Monday:10:00-18:00"",""Tuesday:10:00-18:00"",""Wednesday:12:00-20:00"",""Thursday:10:00-19:00"",""Friday:13:00-18:00"",""Saturday:10:00-18:00"",""Total Weekly Hours:50""]",library,POINT (-122.433833155 37.733980204),8,Glen Park,2026/05/27 04:20:00 PM,2026/09/01 09:08:33 AM
Sunset Rec Center,5857790688088800410,restroom,0,0,0,0,37.75706033333565,-122.48690806258986,2201 Lawton St,San Francisco,CA,94122,Sunset Rec Center,publicly_accessible,08:00:00,20:00:00,Daily,,rec,POINT (-122.486908063 37.757060333),4,Sunset/Parkside,2026/02/05 08:11:25 PM,2026/09/01 09:08:33 AM
Camp Mather - Spigot,8598621991396437695,drinking_water,1,0,0,0,37.88236847,-119.85477087999999,32560 Mather Road,San Francisco,CA,95321,Camp Mather,publicly_accessible,08:00:00,20:00:00,Daily,,rec,POINT (-119.85477088 37.882368473),,,2026/03/10 10:25:27 PM,2026/09/01 09:08:33 AM
Midtown Terrace Clubhouse,2914129059992107756,restroom,0,0,0,0,37.751672710289135,-122.45588189356084,210 Olympia Way,San Francisco,CA,94131,Midtown Terrace Playground,publicly_accessible,08:00:00,20:00:00,Daily,,rec,POINT (-122.455881894 37.75167271),7,Twin Peaks,2026/02/05 08:11:25 PM,2026/09/01 09:08:33 AM
Parkside Square - Drinking Fountain/Cooler,3207585153370596390,drinking_water,1,0,0,0,37.73787943,-122.48463806,2680 28th Ave,San Francisco,CA,94132,Parkside Square,limited_access,08:00:00,20:00:00,Daily,,rec,POINT (-122.48463806 37.737879431),4,Sunset/Parkside,2026/03/10 10:25:27 PM,2026/09/01 09:08:33 AM
Golden Gate Park - Section 1 - Drinking Fountain/Cooler,7212686860943436789,drinking_water,1,0,0,0,37.76624576,-122.45578884999999,501 Stanyan St,San Francisco,CA,94117,Golden Gate Park - Section 1,publicly_accessible,08:00:00,20:00:00,Daily,,rec,POINT (-122.45578885 37.766245756),5,Golden Gate Park,2026/03/10 10:25:27 PM,2026/09/01 09:08:33 AM
McCoppin Square - Drinking Fountain/Cooler,6168923555078783971,drinking_water,1,0,0,0,37.7433639,-122.48072331,2354 24th Ave,San Francisco,CA,94116,McCoppin Square,publicly_accessible,08:00:00,20:00:00,Daily,,rec,POINT (-122.48072331 37.743363902),4,Sunset/Parkside,2026/03/10 10:25:27 PM,2026/09/01 09:08:33 AM
Restrooms,320724989229576998,restroom,0,0,0,0,37.739596533988916,-122.4761704208392,2695 19th Ave,San Francisco,CA,94116,Carl Larsen Park,publicly_accessible,08:00:00,20:00:00,Daily,,rec,POINT (-122.476170421 37.739596534),4,Sunset/Parkside,2025/12/08 07:45:05 PM,2026/09/01 09:08:33 AM
Silver Tree Clubhouse,2487482746458383229,restroom,0,0,0,0,37.74066821199327,-122.44236799898081,70 Elk St,San Francisco,CA,94131,Glen Canyon Park,publicly_accessible,08:00:00,20:00:00,Daily,,rec,POINT (-122.442367999 37.740668212),8,Glen Park,2026/02/05 08:11:25 PM,2026/09/01 09:08:33 AM
Jackson Playground - Drinking Fountain/Cooler,8721462175988623013,drinking_water,1,1,0,0,37.76398718,-122.39912815000001,1645 17th St,San Francisco,CA,94107,Jackson Playground,publicly_accessible,08:00:00,20:00:00,Daily,,rec,POINT (-122.399128149 37.763987185),10,Potrero Hill,2026/03/16 10:08:24 PM,2026/09/01 09:08:33 AM
Sunnyside Conservatory,3755932850212164196,restroom,0,0,0,0,37.73197554183906,-122.4407902351063,236 Monterey Blvd,San Francisco,CA,94131,Sunnyside Conservatory,publicly_accessible,08:00:00,20:00:00,Daily,,rec,POINT (-122.440790235 37.731975542),7,West of Twin Peaks,2026/02/05 08:11:25 PM,2026/09/01 09:08:33 AM
Pier 7,8096256367090940691,drinking_water,1,1,0,0,37.79897,-122.39703,Pier 7 on the Embarcadero,San Francisco,CA,94105,,publicly_accessible,,,Daily,Next to decaux toilet,port,POINT (-122.39703 37.79897),3,Financial District/South Beach,2024/10/04 01:51:23 PM,2026/09/01 09:08:33 AM
Alioto Mini Park - Drinking Fountain,4276126179497062841,drinking_water,1,0,0,0,37.7589939,-122.41823058,3460 20th St,San Francisco,CA,94110,Alioto Mini Park,limited_access,08:00:00,20:00:00,Daily,,rec,POINT (-122.418230581 37.758993905),9,Mission,2026/03/10 10:25:27 PM,2026/09/01 09:08:33 AM
Helen Wills Clubhouse,2185961860176799854,restroom,0,0,0,0,37.79573319430539,-122.42054752441759,1401 Broadway,San Francisco,CA,94109,Helen Wills Playground,publicly_accessible,08:00:00,20:00:00,Daily,,rec,POINT (-122.420547524 37.795733194),3,Russian Hill,2026/02/05 08:11:25 PM,2026/09/01 09:08:33 AM
Lake Merced Park - Drinking Fountain/Cooler,3485478797739645864,drinking_water,1,1,0,0,37.72594393,-122.49985018,1 Harding Rd,San Francisco,CA,94132,Lake Merced Park,publicly_accessible,08:00:00,20:00:00,Daily,,rec,POINT (-122.499850177 37.725943933),7,Lakeshore,2026/03/10 10:25:27 PM,2026/09/01 09:08:33 AM
Potrero Hill Rec Center - Drinking Fountain/Cooler,8150820874165620082,drinking_water,1,0,0,0,37.75609621,-122.39683774,801 Arkansas St,San Francisco,CA,94107,Potrero Hill Rec Center,publicly_accessible,08:00:00,20:00:00,Daily,,rec,POINT (-122.396837735 37.756096208),10,Potrero Hill,2026/03/10 10:25:27 PM,2026/09/01 09:08:33 AM
McLaren Park Oxford St Restroom,5813049252582342808,restroom,0,0,0,0,37.7229524414555,-122.41856133041416,,San Francisco,CA,94134,John McLaren Park,publicly_accessible,08:00:00,20:00:00,Daily,,rec,POINT (-122.41856133 37.722952441),11,McLaren Park,2025/12/08 07:45:05 PM,2026/09/01 09:08:33 AM
Camp Mather - Bottle station lakeside,6569744359926052160,drinking_water,1,1,0,0,37.87967476,-119.854566,32560 Mather Road,San Francisco,CA,95321,Camp Mather,publicly_accessible,08:00:00,20:00:00,Daily,,rec,POINT (-119.854565996 37.879674762),,,2026/03/10 10:25:27 PM,2026/09/01 09:08:33 AM
China Basin Park Water Fountain #5,1815687204750990271,drinking_water,0,1,1,0,37.775948,-122.389857,"3rd St, Mission Bay",San Francisco,CA,94158,,publicly_accessible,,,Daily,On 3rd street,port,POINT (-122.389857 37.775948),6,Mission Bay,2024/10/04 01:51:23 PM,2026/09/01 09:08:33 AM
Golden Gate Park - Section 6 - Drinking Fountain/Cooler,7671383517829851680,drinking_water,1,1,0,0,37.7671838,-122.50799349,501 Stanyan St,San Francisco,CA,94121,Golden Gate Park - Section 6,publicly_accessible,08:00:00,20:00:00,Daily,,rec,POINT (-122.507993491 37.767183804),4,Golden Gate Park,2026/03/10 10:25:27 PM,2026/09/01 09:08:33 AM
Golden Gate Park - Section 7 - Drinking Fountain/Cooler,6351338106386703080,drinking_water,1,1,0,0,37.76828888,-122.45471818,501 Stanyan St,San Francisco,CA,94122,Golden Gate Park - Section 7,publicly_accessible,08:00:00,20:00:00,Daily,,rec,POINT (-122.45471818 37.768288877),5,Golden Gate Park,2026/03/10 10:25:27 PM,2026/09/01 09:08:33 AM
Stanyan Kiosk,7899757755738897929,restroom,0,0,0,0,37.76990552352157,-122.45428182978529,501 Stanyan St,San Francisco,CA,94117,Golden Gate Park - Section 1,limited_access,08:00:00,20:00:00,Daily,,rec,POINT (-122.45428183 37.769905524),5,Golden Gate Park,2025/12/08 07:45:05 PM,2026/09/01 09:08:33 AM
Minnie and Lovie Ward Rec Center - Drinking Fountain/Cooler,3605744215959881135,drinking_water,1,0,0,0,37.71511356,-122.45624226999999,650 Capitol Ave,San Francisco,CA,94112,Minnie and Lovie Ward Rec Center,publicly_accessible,08:00:00,20:00:00,Daily,,rec,POINT (-122.456242267 37.715113561),11,Oceanview/Merced/Ingleside,2026/03/10 10:25:27 PM,2026/09/01 09:08:33 AM
North Restrooms,4713862042748605556,restroom,0,0,0,0,37.76888806984018,-122.4708460342631,,San Francisco,CA,94122,Golden Gate Park - Section 3,publicly_accessible,08:00:00,20:00:00,Daily,,rec,POINT (-122.470846034 37.76888807),7,Golden Gate Park,2025/12/08 07:45:05 PM,2026/09/01 09:08:33 AM
Cottage Row Mini Park - Drinking Fountain/Cooler,2036000194374204411,drinking_water,1,0,0,0,37.78641132,-122.43227245,,San Francisco,CA,94115,Cottage Row Mini Park,publicly_accessible,08:00:00,20:00:00,Daily,,rec,POINT (-122.432272453 37.786411316),5,Pacific Heights,2026/03/10 10:25:27 PM,2026/09/01 09:08:33 AM
Merced Heights Playground - Drinking Fountain/Cooler,7062840164034534592,drinking_water,1,0,0,0,37.71767026,-122.47010350000001,801 Shields St,San Francisco,CA,94132,Merced Heights Playground,publicly_accessible,08:00:00,20:00:00,Daily,,rec,POINT (-122.470103498 37.717670264),11,Oceanview/Merced/Ingleside,2026/03/10 10:25:27 PM,2026/09/01 09:08:33 AM
Camp Mather - Spigot,2416660450909964483,drinking_water,1,0,0,0,37.88063274,-119.85403669,32560 Mather Road,San Francisco,CA,95321,Camp Mather,publicly_accessible,08:00:00,20:00:00,Daily,,rec,POINT (-119.85403669 37.880632743),,,2026/03/10 10:25:27 PM,2026/09/01 09:08:33 AM
Noe Valley Branch Library,5439257887640776803,drinking_water,1,0,0,0,37.75022804200006,-122.43509024199994,451 JERSEY ST,San Francisco,CA,94114,,limited_access,,,Daily,"opening_hours = [""Sunday:13:00-17:00"",""Monday:12:00-18:00"",""Tuesday:10:00-20:00"",""Wednesday:12:00-20:00"",""Thursday:10:00-18:00"",""Friday:13:00-18:00"",""Saturday:10:00-18:00"",""Total Weekly Hours:49""]",library,POINT (-122.435090242 37.750228042),8,Noe Valley,2026/05/27 04:20:00 PM,2026/09/01 09:08:33 AM
Civic Center Pit Stop - Grove and Larkin streets (JCDecaux),400838196920771509,restroom,0,0,0,0,37.7787317,-122.4169278,Grove and Larkin streets (JCDecaux),San Francisco,CA,,,publicly_accessible,07:00:00,19:00:00,Daily,,pit_stop,POINT (-122.4169278 37.7787317),5,Tenderloin,2026/09/01 09:05:57 AM,2026/09/01 09:08:33 AM
Washington Square - Drinking Fountain/Cooler,5222240278728731640,drinking_water,1,1,0,0,37.80103021,-122.41062973,600 Columbus Ave,San Francisco,CA,94133,Washington Square,publicly_accessible,08:00:00,20:00:00,Daily,,rec,POINT (-122.410629734 37.801030213),3,North Beach,2026/03/10 10:25:27 PM,2026/09/01 09:08:33 AM
Palega Playground - Drinking Fountain/Cooler,691266119643017549,drinking_water,1,1,0,0,37.729370370000005,-122.40967733,500 Felton St,San Francisco,CA,94134,Palega Playground,publicly_accessible,08:00:00,20:00:00,Daily,,rec,POINT (-122.409677332 37.729370369),9,Portola,2026/03/10 10:25:27 PM,2026/09/01 09:08:33 AM
Golden Gate Park - Section 7 - Drinking Fountain/Cooler,848598067409280315,drinking_water,1,0,0,0,37.769174410000005,-122.45878341,501 Stanyan St,San Francisco,CA,94122,Golden Gate Park - Section 7,limited_access,08:00:00,20:00:00,Daily,,rec,POINT (-122.458783414 37.769174407),7,Golden Gate Park,2026/03/10 10:25:27 PM,2026/09/01 09:08:33 AM
Camp Mather - Ballfield spigot,2883241291569512152,drinking_water,1,0,0,0,37.88208775,-119.85085313,32560 Mather Road,San Francisco,CA,95321,Camp Mather,publicly_accessible,08:00:00,20:00:00,Daily,,rec,POINT (-119.850853134 37.882087753),,,2026/03/10 10:25:27 PM,2026/09/01 09:08:33 AM
Patricia's Green in Hayes Valley - Drinking Fountain/Cooler,957720093381292626,drinking_water,1,1,0,0,37.7759467,-122.42445426,489 Hayes St,San Francisco,CA,94102,Patricia's Green in Hayes Valley,publicly_accessible,08:00:00,20:00:00,Daily,,rec,POINT (-122.424454259 37.7759467),5,Hayes Valley,2026/03/10 10:25:27 PM,2026/09/01 09:08:33 AM
China Basin Park Water Fountain #4,8637574682344270148,drinking_water,0,1,1,0,37.775397,-122.388882,"China Basin st, Mission Bay",San Francisco,CA,94158,,publicly_accessible,,,Daily,In the Toni Stone crossing,port,POINT (-122.388882 37.775397),6,Mission Bay,2024/10/04 01:51:23 PM,2026/09/01 09:08:33 AM
Randall Museum,4121861414795695393,restroom,0,0,0,0,37.76454029250995,-122.43823383003104,199 Museum Way,San Francisco,CA,94114,Corona Heights Park,publicly_accessible,08:00:00,20:00:00,Daily,,rec,POINT (-122.43823383 37.764540293),8,Castro/Upper Market,2026/02/05 08:11:25 PM,2026/09/01 09:08:33 AM
Golden Gate Park - Section 6 - Bottle filler,4145041442145995140,drinking_water,1,1,0,0,37.76918435,-122.50650309000001,501 Stanyan St,San Francisco,CA,94121,Golden Gate Park - Section 6,publicly_accessible,08:00:00,20:00:00,Daily,,rec,POINT (-122.506503087 37.769184349),1,Golden Gate Park,2026/03/19 09:28:55 PM,2026/09/01 09:08:33 AM
Margaret S Hayward Playground - Hayward Path Drinking Fountain,8274872809217283840,drinking_water,1,1,0,0,37.78074058,-122.42663065999999,1016 Laguna St,San Francisco,CA,94102,Margaret S Hayward Playground,publicly_accessible,08:00:00,20:00:00,Daily,,rec,POINT (-122.426630664 37.780740583),5,Western Addition,2026/03/10 10:25:27 PM,2026/09/01 09:08:33 AM
China Basin Park Water Fountain #2,4702083147431539233,drinking_water,1,1,0,0,37.776332,-122.388487,1 China Basin Park,San Francisco,CA,94107,,publicly_accessible,,,Daily,By bathroom,port,POINT (-122.388487 37.776332),6,Mission Bay,2024/10/04 01:51:23 PM,2026/09/01 09:08:33 AM
Golden Gate Park - Section 7 - Drinking Fountain,4359040818157346722,drinking_water,1,0,0,0,37.76632519,-122.46658709,501 Stanyan St,San Francisco,CA,94122,Golden Gate Park - Section 7,publicly_accessible,08:00:00,20:00:00,Daily,,rec,POINT (-122.466587091 37.766325192),7,Golden Gate Park,2026/08/07 12:27:31 PM,2026/09/01 09:08:33 AM
Willie Woo Woo Wong Playground - Drinking Fountain/Cooler,8500730674190966276,drinking_water,1,0,0,0,37.793623919999995,-122.40706236,850 Sacramento St,San Francisco,CA,94108,Willie Woo Woo Wong Playground,publicly_accessible,08:00:00,20:00:00,Daily,,rec,POINT (-122.40706236 37.793623924),3,Chinatown,2026/03/10 10:25:27 PM,2026/09/01 09:08:33 AM
MLK Pool,4890791811696538934,restroom,0,0,0,0,37.72539344404357,-122.39337822699662,5701 3rd St,San Francisco,CA,94124,Bayview K.C. Jones Playground,publicly_accessible,08:00:00,20:00:00,Daily,,rec,POINT (-122.393378227 37.725393444),10,Bayview Hunters Point,2026/02/05 08:11:25 PM,2026/09/01 09:08:33 AM
Golden Gate Park - Section 1 - Drinking Fountain,5616561490064589316,drinking_water,1,0,0,0,37.77212148,-122.44773409,501 Stanyan St,San Francisco,CA,94117,Golden Gate Park - Section 1,limited_access,08:00:00,20:00:00,Daily,,rec,POINT (-122.447734086 37.772121477),5,Golden Gate Park,2026/03/10 10:25:27 PM,2026/09/01 09:08:33 AM
Ocean Beach Pit Stop - Great Highway near Beach Chalet,8978516872808671611,restroom,0,0,0,0,37.7675953,-122.5107794,Great Highway near Beach Chalet,San Francisco,CA,,,publicly_accessible,,,Close Time: 6pm,,pit_stop,POINT (-122.5107794 37.7675953),4,Golden Gate Park,2026/09/01 09:05:57 AM,2026/09/01 09:08:33 AM
Bayview K.C. Jones Playground - Bayview Picnic AreaBottle filling station,5173149776230254492,drinking_water,1,1,0,0,37.72579634,-122.39330733,5701 3rd St,San Francisco,CA,94124,Bayview K.C. Jones Playground,publicly_accessible,08:00:00,20:00:00,Daily,,rec,POINT (-122.393307326 37.725796344),10,Bayview Hunters Point,2026/03/10 10:25:27 PM,2026/09/01 09:08:33 AM
Mid-Market Pit Stop - U.N. Plaza (JCDecaux),3807932607898650381,restroom,0,0,0,0,37.7801432,-122.4130822,U.N. Plaza (JCDecaux),San Francisco,CA,,,publicly_accessible,00:00:00,24:00:00,Daily,,pit_stop,POINT (-122.4130822 37.7801432),5,Tenderloin,2026/09/01 09:05:57 AM,2026/09/01 09:08:33 AM
Mission Pit Stop - 16th and Mission streets (JCDecaux),1226175465277442641,restroom,0,0,0,0,37.7649465,-122.4200173,16th and Mission streets (JCDecaux),San Francisco,CA,,,publicly_accessible,00:00:00,24:00:00,Daily,,pit_stop,POINT (-122.4200173 37.7649465),9,Mission,2026/09/01 09:05:57 AM,2026/09/01 09:08:33 AM
St. Mary's Square - Drinking Fountain/Cooler,8304538138844523980,drinking_water,1,0,0,0,37.79172534,-122.40516294000001,633 California St,San Francisco,CA,94108,St. Mary's Square,publicly_accessible,08:00:00,20:00:00,Daily,,rec,POINT (-122.405162942 37.791725343),3,Financial District/South Beach,2026/03/10 10:25:27 PM,2026/09/01 09:08:33 AM
East Restroom,2202206770714678822,restroom,0,0,0,0,37.72518018301169,-122.44422316712787,51 Havelock St,San Francisco,CA,94112,Balboa Park,publicly_accessible,08:00:00,20:00:00,Daily,,rec,POINT (-122.444223167 37.725180183),11,Outer Mission,2025/12/08 07:45:05 PM,2026/09/01 09:08:33 AM
Exposition Space,8854434094038501850,restroom,0,0,0,0,37.80215897096182,-122.44879330004096,3601 Lyon St,San Francisco,CA,94123,Palace of Fine Arts,publicly_accessible,08:00:00,20:00:00,Daily,,rec,POINT (-122.4487933 37.802158971),2,Marina,2026/02/05 08:11:25 PM,2026/09/01 09:08:33 AM
Bayfront Park ##2,812756095121936560,drinking_water,1,1,1,1,37.769266,-122.385705,"Terry A Francois Blvd, Mission Bay",San Francisco,CA,94158,,,,,,,port,POINT (-122.385705 37.769266),6,Mission Bay,2024/10/04 01:51:23 PM,2026/09/01 09:08:33 AM
Merced Heights Clubhouse,9220700351671859647,restroom,0,0,0,0,37.71773932663943,-122.47015596822348,801 Shields St,San Francisco,CA,94132,Merced Heights Playground,publicly_accessible,08:00:00,20:00:00,Daily,,rec,POINT (-122.470155968 37.717739327),11,Oceanview/Merced/Ingleside,2026/02/05 08:11:25 PM,2026/09/01 09:08:33 AM
Silver Terrace Clubhouse,502295565233411923,restroom,0,0,0,0,37.73251713889697,-122.40239899874945,1700 Silver Ave,San Francisco,CA,94124,Silver Terrace Playground,publicly_accessible,08:00:00,20:00:00,Daily,,rec,POINT (-122.402398999 37.732517139),10,Bayview Hunters Point,2026/02/05 08:11:25 PM,2026/09/01 09:08:33 AM
Cayuga Clubhouse,3958142903091328013,restroom,0,0,0,0,37.71434075197301,-122.44983895096574,301 Naglee Ave,San Francisco,CA,94112,Cayuga Playground,publicly_accessible,08:00:00,20:00:00,Daily,,rec,POINT (-122.449838951 37.714340752),11,Outer Mission,2026/02/05 08:11:25 PM,2026/09/01 09:08:33 AM
Ingleside Branch,4343473954297379462,drinking_water,1,0,0,0,37.72405708700006,-122.45626482999995,1298 OCEAN AVE,San Francisco,CA,94112,,limited_access,,,Daily,"opening_hours = [""Sunday:13:00-17:00"",""Monday:10:00-18:00"",""Tuesday:10:00-18:00"",""Wednesday:10:00-20:00"",""Thursday:12:00-19:00"",""Friday:13:00-18:00"",""Saturday:10:00-18:00"",""Total Weekly Hours:50""]",library,POINT (-122.45626483 37.724057087),7,West of Twin Peaks,2026/05/27 04:20:00 PM,2026/09/01 09:08:33 AM
Fulton Playground - Drinking Fountain/Cooler,5042329320322883947,drinking_water,1,0,0,0,37.77352793,-122.4869876,855 27th Ave,San Francisco,CA,94121,Fulton Playground,publicly_accessible,08:00:00,20:00:00,Daily,,rec,POINT (-122.486987601 37.773527928),1,Outer Richmond,2026/03/10 10:25:27 PM,2026/09/01 09:08:33 AM
Golden Gate Park - Section 7 - Drinking Fountain,5125069681554452458,drinking_water,1,0,0,0,37.76845387,-122.45704844999999,Golden Gate Park,San Francisco,CA,94122,Golden Gate Park - Section 7,publicly_accessible,08:00:00,20:00:00,Daily,,rec,POINT (-122.457048455 37.768453871),7,Golden Gate Park,2026/03/10 10:25:27 PM,2026/09/01 09:08:33 AM
Dog bowl df,4576117123634464333,drinking_water,1,0,0,0,37.8106796327104,-122.367911872356,,San Francisco,CA,,The Rocks Dog Park,publicly_accessible,08:00:00,20:00:00,Daily,,rec,POINT (-122.367911872 37.810679633),6,Treasure Island,2026/03/10 10:25:27 PM,2026/09/01 09:08:33 AM
West Portal Branch Library,6503267742886675671,drinking_water,1,0,0,0,37.74137018500005,-122.46614395199998,190 LENOX WAY,San Francisco,CA,94127,,limited_access,,,Daily,"opening_hours = [""Sunday:13:00-17:00"",""Monday:13:00-18:00"",""Tuesday:10:00-20:00"",""Wednesday:10:00-20:00"",""Thursday:10:00-20:00"",""Friday:13:00-18:00"",""Saturday:10:00-18:00"",""Total Weekly Hours:52""]",library,POINT (-122.466143952 37.741370185),7,West of Twin Peaks,2026/05/27 04:20:00 PM,2026/09/01 09:08:33 AM
Michelangelo Playground - Drinking Fountain/Cooler,4913479890326159886,drinking_water,1,0,0,0,37.80117853,-122.41699363,1055 Greenwich St,San Francisco,CA,94133,Michelangelo Playground,publicly_accessible,08:00:00,20:00:00,Daily,,rec,POINT (-122.416993634 37.801178528),3,Russian Hill,2026/03/10 10:25:27 PM,2026/09/01 09:08:33 AM
Joe Dimaggio Clubhouse,7055108542277832038,restroom,0,0,0,0,37.802780917292516,-122.41222086481783,651 Lombard Street,San Francisco,CA,94133,Joe DiMaggio Playground,publicly_accessible,08:00:00,20:00:00,Daily,,rec,POINT (-122.412220865 37.802780917),3,North Beach,2026/02/05 08:11:25 PM,2026/09/01 09:08:33 AM
Corona Heights Park - Drinking Fountain/Cooler,4630514277152885754,drinking_water,1,0,0,1,37.76530923000001,-122.44029271000001,122 States St,San Francisco,CA,94114,Corona Heights Park,publicly_accessible,08:00:00,20:00:00,Daily,,rec,POINT (-122.440292713 37.765309225),8,Castro/Upper Market,2026/03/10 10:25:27 PM,2026/09/01 09:08:33 AM
Mechanics Plaza at Battery/Market,4010859251661602629,drinking_water,0,1,0,0,37.79129,-122.399052,456 Market St,San Francisco,CA,94104,,publicly_accessible,,,Daily,,puc,POINT (-122.399052 37.79129),3,Financial District/South Beach,2024/06/27 01:43:12 PM,2026/09/01 09:08:33 AM
Hayes Valley Playground - Drinking Fountain/Cooler,698596689453154348,drinking_water,1,0,0,0,37.77606960000001,-122.42741293,689 Hayes St,San Francisco,CA,94102,Hayes Valley Playground,publicly_accessible,08:00:00,20:00:00,Daily,,rec,POINT (-122.427412933 37.776069601),5,Hayes Valley,2026/03/10 10:25:27 PM,2026/09/01 09:08:33 AM
Jackson Clubhouse,5798803553978306037,restroom,0,0,0,0,37.76388498773167,-122.39892774824689,1645 17th St,San Francisco,CA,94107,Jackson Playground,publicly_accessible,08:00:00,20:00:00,Daily,,rec,POINT (-122.398927748 37.763884988),10,Potrero Hill,2026/02/05 08:11:25 PM,2026/09/01 09:08:33 AM
Polo Field North Restrooms,269078503715118193,restroom,0,0,0,0,37.76942077805159,-122.49309990867658,501 Stanyan St,San Francisco,CA,94122,Golden Gate Park - Section 5,publicly_accessible,08:00:00,20:00:00,Daily,,rec,POINT (-122.493099909 37.769420778),4,Golden Gate Park,2025/12/08 07:45:05 PM,2026/09/01 09:08:33 AM
Restrooms,3716887207824175655,restroom,0,0,0,0,37.72556151016179,-122.3930332763582,5701 3rd St,San Francisco,CA,94124,Bayview K.C. Jones Playground,publicly_accessible,08:00:00,20:00:00,Daily,,rec,POINT (-122.393033276 37.72556151),10,Bayview Hunters Point,2025/12/08 07:45:05 PM,2026/09/01 09:08:33 AM
Trocadero Clubhouse,1272777018282717854,restroom,0,0,0,0,37.73617239714854,-122.47791730666582,2899 19th Ave,San Francisco,CA,94132,Sigmund Stern Recreation Grove,publicly_accessible,08:00:00,20:00:00,Daily,,rec,POINT (-122.477917307 37.736172397),4,Sunset/Parkside,2026/02/05 08:11:25 PM,2026/09/01 09:08:33 AM
Upper Noe Rec Center,2337624681975054897,restroom,0,0,0,0,37.74244652368704,-122.42843386309362,295 Day St,San Francisco,CA,94131,Upper Noe Rec Center,publicly_accessible,08:00:00,20:00:00,Daily,,rec,POINT (-122.428433863 37.742446524),8,Noe Valley,2026/02/05 08:11:25 PM,2026/09/01 09:08:33 AM
Glen Canyon Park - Drinking Fountain/Cooler,4534376049839088968,drinking_water,1,0,0,1,37.73663641,-122.44061654000001,70 Elk St,San Francisco,CA,94131,Glen Canyon Park,limited_access,08:00:00,20:00:00,Daily,,rec,POINT (-122.440616542 37.736636411),8,Glen Park,2026/03/10 10:25:27 PM,2026/09/01 09:08:33 AM
Noe Valley Courts - Drinking Fountain/Cooler,5459475352948772848,drinking_water,1,0,0,0,37.75124303,-122.43900085,780 Douglass St,San Francisco,CA,94114,Noe Valley Courts,publicly_accessible,08:00:00,20:00:00,Daily,,rec,POINT (-122.43900085 37.751243029),8,Noe Valley,2026/03/10 10:25:27 PM,2026/09/01 09:08:33 AM
Southeast Community Center Water Fountain,8220617072435247540,drinking_water,1,0,0,0,37.742691,-122.387441,1550 Evans Ave,San Francisco,CA,94124,,limited_access,07:00:00,19:00:00,Weekdays,,puc,POINT (-122.387441 37.742691),10,Bayview Hunters Point,2024/06/27 01:43:12 PM,2026/09/01 09:08:33 AM
McLaren Bike Muni Restroom,6153008481896635412,restroom,0,0,0,0,37.714089765896944,-122.42331646635931,,San Francisco,CA,94134,John McLaren Park,publicly_accessible,08:00:00,20:00:00,Daily,,rec,POINT (-122.423316466 37.714089766),10,McLaren Park,2025/12/08 07:45:05 PM,2026/09/01 09:08:33 AM
West Sunset Playground - Drinking Fountain/Cooler,3424215024720232993,drinking_water,1,0,0,0,37.75081965,-122.49832207,3223 Ortega St,San Francisco,CA,94116,West Sunset Playground,publicly_accessible,08:00:00,20:00:00,Daily,,rec,POINT (-122.498322071 37.750819649),4,Sunset/Parkside,2026/03/10 10:25:27 PM,2026/09/01 09:08:33 AM
Sunset Branch Library,4394614105614042565,drinking_water,1,0,0,0,37.76334875500004,-122.47631075399994,1305 18TH AVE,San Francisco,CA,94122,,limited_access,,,Daily,"opening_hours = [""Sunday:13:00-17:00"",""Monday:10:00-18:00"",""Tuesday:10:00-20:00"",""Wednesday:10:00-20:00"",""Thursday:10:00-20:00"",""Friday:13:00-18:00"",""Saturday:10:00-18:00"",""Total Weekly Hours:55""]",library,POINT (-122.476310754 37.763348755),7,Inner Sunset,2026/05/27 04:20:00 PM,2026/09/01 09:08:33 AM
Jose Coronado Clubhouse,2650616189117355099,restroom,0,0,0,0,37.75774139291204,-122.41510302901726,2498 Folsom St,San Francisco,CA,94110,Jose Coronado Playground,publicly_accessible,08:00:00,20:00:00,Daily,,rec,POINT (-122.415103029 37.757741393),9,Mission,2026/02/05 08:11:25 PM,2026/09/01 09:08:33 AM
Sunset Rec Center - Drinking Fountain/Cooler,1584419415365598398,drinking_water,1,0,0,0,37.75712697,-122.48691579000001,2201 Lawton St,San Francisco,CA,94122,Sunset Rec Center,publicly_accessible,08:00:00,20:00:00,Daily,,rec,POINT (-122.486915786 37.757126965),4,Sunset/Parkside,2026/03/10 10:25:27 PM,2026/09/01 09:08:33 AM
Anza Branch Library,7669133687822072481,drinking_water,1,0,0,0,37.77856950700004,-122.49725809499995,550 37TH AVE,San Francisco,CA,94121,,limited_access,,,Daily,"opening_hours = [""Sunday:13:00-17:00"",""Monday:10:00-18:00"",""Tuesday:10:00-20:00"",""Wednesday:13:00-20:00"",""Thursday:10:00-18:00"",""Friday:13:00-18:00"",""Saturday:10:00-18:00"",""Total Weekly Hours:50""]",library,POINT (-122.497258095 37.778569507),1,Outer Richmond,2026/05/27 04:20:00 PM,2026/09/01 09:08:33 AM
Duboce Park - Drinking Fountain/Cooler,8986102282459664451,drinking_water,1,0,0,0,37.769406169999996,-122.43356965,50 Scott St,San Francisco,CA,94117,Duboce Park,limited_access,08:00:00,20:00:00,Daily,,rec,POINT (-122.433569653 37.769406168),8,Haight Ashbury,2026/03/10 10:25:27 PM,2026/09/01 09:08:33 AM
Golden Gate Heights Park - Drinking Fountain/Cooler,1889290429880274854,drinking_water,1,0,0,1,37.75014599,-122.46853686,2041 12th Ave,San Francisco,CA,94116,Golden Gate Heights Park,publicly_accessible,08:00:00,20:00:00,Daily,,rec,POINT (-122.468536858 37.750145987),7,Inner Sunset,2026/03/10 10:25:27 PM,2026/09/01 09:08:33 AM
Tenderloin Rec Center,6002601376018621454,restroom,0,0,0,0,37.78474159596214,-122.41568907714819,570 Ellis St,San Francisco,CA,94109,Tenderloin Rec Center,publicly_accessible,08:00:00,20:00:00,Daily,,rec,POINT (-122.415689077 37.784741596),5,Tenderloin,2026/02/05 08:11:25 PM,2026/09/01 09:08:33 AM
Bernal Heights Park - Bernal Heights Path Drinking Fountain,8479948381265294927,drinking_water,1,1,0,0,37.74198175,-122.41632773,,San Francisco,CA,94110,Bernal Heights Park,publicly_accessible,08:00:00,20:00:00,Daily,,rec,POINT (-122.416366074 37.741980374),9,Bernal Heights,2026/03/10 10:25:27 PM,2026/09/01 09:08:33 AM
Palega Playground - Drinking Fountain/Cooler,9116995223671606452,drinking_water,1,0,0,0,37.72905284,-122.41024195,500 Felton St,San Francisco,CA,94134,Palega Playground,publicly_accessible,08:00:00,20:00:00,Daily,,rec,POINT (-122.410241948 37.72905284),9,Portola,2026/03/10 10:25:27 PM,2026/09/01 09:08:33 AM
Parkside Branch Library,580239198389475256,drinking_water,1,0,0,0,37.74316235800006,-122.47934506399997,1200 TARAVAL ST,San Francisco,CA,94116,,limited_access,,,Daily,"opening_hours = [""Sunday:13:00-17:00"",""Monday:13:00-18:00"",""Tuesday:10:00-20:00"",""Wednesday:11:00-20:00"",""Thursday:10:00-18:00"",""Friday:13:00-18:00"",""Saturday:10:00-18:00"",""Total Weekly Hours:49""]",library,POINT (-122.479345064 37.743162358),4,Sunset/Parkside,2026/05/27 04:20:00 PM,2026/09/01 09:08:33 AM
"Pier 7, J C Decaux",8712865930210385388,restroom,0,0,0,0,37.79897,-122.39703,475 The Embarcadero,San Francisco,CA,94105,,publicly_accessible,,,Daily,J C Decaux,port,POINT (-122.39703 37.79897),3,Financial District/South Beach,2024/10/04 01:51:23 PM,2026/09/01 09:08:33 AM
Golden Gate Park - Section 2 - Alley of Humanitarian Drinking fountain,6472595042223980244,drinking_water,1,1,0,0,37.77256947,-122.46434063999999,501 Stanyan St,San Francisco,CA,94117,Golden Gate Park - Section 2,publicly_accessible,08:00:00,20:00:00,Daily,,rec,POINT (-122.464340641 37.772569474),1,Golden Gate Park,2026/03/10 10:25:27 PM,2026/09/01 09:08:33 AM
Golden Gate Park - Section 5 - Lindley/Spdwy Drinking fountain,7307491668779694241,drinking_water,1,0,0,0,37.76936533,-122.49313417,501 Stanyan St,San Francisco,CA,94118,Golden Gate Park - Section 5,publicly_accessible,08:00:00,20:00:00,Daily,,rec,POINT (-122.493134168 37.769365331),4,Golden Gate Park,2026/03/10 10:25:27 PM,2026/09/01 09:08:33 AM
Glen Canyon Rec Center,4766612201720041670,restroom,0,0,0,0,37.737024638001465,-122.44076949548258,70 Elk St,San Francisco,CA,94131,Glen Canyon Park,publicly_accessible,08:00:00,20:00:00,Daily,,rec,POINT (-122.440769495 37.737024638),8,Glen Park,2026/02/05 08:11:25 PM,2026/09/01 09:08:33 AM
Esprit Park - Bottle filling station,770889568027918065,drinking_water,1,1,0,0,37.76054095,-122.39077737,700 Minnesota St,San Francisco,CA,94107,Esprit Park,publicly_accessible,08:00:00,20:00:00,Daily,,rec,POINT (-122.390777375 37.760540946),10,Potrero Hill,2026/03/10 10:25:27 PM,2026/09/01 09:08:33 AM
Tenderloin Rec Center - Drinking Fountain/Cooler,5948336464039972921,drinking_water,1,0,0,0,37.784799650000004,-122.41547704,570 Ellis St,San Francisco,CA,94109,Tenderloin Rec Center,publicly_accessible,08:00:00,20:00:00,Daily,,rec,POINT (-122.415477035 37.784799645),5,Tenderloin,2026/03/10 10:25:27 PM,2026/09/01 09:08:33 AM
Pine Lake Park Clubhouse,2223355946498313310,restroom,0,0,0,0,37.73599383932701,-122.48720704676008,200 Crestlake Dr,San Francisco,CA,94132,Pine Lake Park,publicly_accessible,08:00:00,20:00:00,Daily,,rec,POINT (-122.487207047 37.735993839),4,Sunset/Parkside,2026/02/05 08:11:25 PM,2026/09/01 09:08:33 AM
DuPont Tennis Courts - Drinking Fountain/Cooler,7612953088781904930,drinking_water,1,0,0,0,37.782862370000004,-122.4908413,336 31st Ave,San Francisco,CA,94121,DuPont Tennis Courts,publicly_accessible,08:00:00,20:00:00,Daily,,rec,POINT (-122.490841302 37.782862371),1,Outer Richmond,2026/03/10 10:25:27 PM,2026/09/01 09:08:33 AM
Restrooms,2097687449800146040,restroom,0,0,0,0,37.79172407379181,-122.42815293623183,2101 Washington St,San Francisco,CA,94109,Lafayette Park,publicly_accessible,08:00:00,20:00:00,Daily,,rec,POINT (-122.428152936 37.791724074),2,Pacific Heights,2025/12/08 07:45:05 PM,2026/09/01 09:08:33 AM
Tennis Center,2379230863305544113,restroom,0,0,0,0,37.77005243269521,-122.45956331063546,501 Stanyan St,San Francisco,CA,94122,Golden Gate Park - Section 7,publicly_accessible,08:00:00,20:00:00,Daily,,rec,POINT (-122.459563311 37.770052433),7,Golden Gate Park,2026/02/05 08:11:25 PM,2026/09/01 09:08:33 AM
Coffman Pool,5843567458386880828,restroom,0,0,0,0,37.713351641192695,-122.41572365814223,1701 Visitacion Ave,San Francisco,CA,94134,Herz Playground,publicly_accessible,08:00:00,20:00:00,Daily,,rec,POINT (-122.415723658 37.713351641),10,McLaren Park,2026/02/05 08:11:25 PM,2026/09/01 09:08:33 AM
Kezar Stadium,3662962683842392263,restroom,0,0,0,0,37.76671183398327,-122.45600547069759,501 Stanyan St,San Francisco,CA,94117,Golden Gate Park - Section 1,publicly_accessible,08:00:00,20:00:00,Daily,,rec,POINT (-122.456005471 37.766711834),5,Golden Gate Park,2026/02/05 08:11:25 PM,2026/09/01 09:08:33 AM
Western Addition Branch Library,7958442617977442450,drinking_water,1,0,0,0,37.784118524000064,-122.43748930299995,1550 SCOTT ST,San Francisco,CA,94115,,limited_access,,,Daily,"opening_hours = [""Sunday:13:00-17:00"",""Monday:10:00-18:00"",""Tuesday:10:00-18:00"",""Wednesday:13:00-20:00"",""Thursday:10:00-19:00"",""Friday:13:00-18:00"",""Saturday:10:00-18:00"",""Total Weekly Hours:49""]",library,POINT (-122.437489303 37.784118524),5,Japantown,2026/05/27 04:20:00 PM,2026/09/01 09:08:33 AM
Restrooms,5508388075150035682,restroom,0,0,0,0,37.79461145357409,-122.40563809600239,745 Kearny St,San Francisco,CA,94108,Portsmouth Square,publicly_accessible,08:00:00,20:00:00,Daily,,rec,POINT (-122.405638096 37.794611454),3,Chinatown,2025/12/08 07:45:05 PM,2026/09/01 09:08:33 AM
Camp Mather - Drinking fountain,2526183219840087529,drinking_water,1,0,0,0,37.88353679,-119.85689759,32560 Mather Road,San Francisco,CA,95321,Camp Mather,publicly_accessible,08:00:00,20:00:00,Daily,,rec,POINT (-119.856897588 37.883536792),,,2026/03/10 10:25:27 PM,2026/09/01 09:08:33 AM
Joseph L Alioto Performing Arts Piazza - Drinking Fountain/Cooler,4227099170558271829,drinking_water,1,0,0,0,37.77916559,-122.41722141,355 McAllister St,San Francisco,CA,94102,Joseph L Alioto Performing Arts Piazza,limited_access,08:00:00,20:00:00,Daily,,rec,POINT (-122.417221407 37.779165588),5,Tenderloin,2026/03/10 10:25:27 PM,2026/09/01 09:08:33 AM
Chinatown Branch Library,1048105456630639138,drinking_water,1,0,0,0,37.79523887500005,-122.41008249499998,1135 POWELL ST,San Francisco,CA,94108,,limited_access,,,Daily,"opening_hours = [""Sunday:13:00-17:00"",""Monday:13:00-18:00"",""Tuesday:10:00-20:00"",""Wednesday:10:00-20:00"",""Thursday:10:00-20:00"",""Friday:13:00-18:00"",""Saturday:10:00-18:00"",""Total Weekly Hours:52""]",library,POINT (-122.410082495 37.795238875),3,Chinatown,2026/05/27 04:20:00 PM,2026/09/01 09:08:33 AM
Visitacion Valley Greenway - Drinking Fountain/Cooler,6186928529946764533,drinking_water,1,0,0,0,37.71454851,-122.40582609,103 Tucker Ave,San Francisco,CA,94134,Visitacion Valley Greenway,limited_access,08:00:00,20:00:00,Daily,,rec,POINT (-122.405826092 37.714548507),10,Visitacion Valley,2026/03/13 10:34:53 PM,2026/09/01 09:08:33 AM
Parque Ninos Unidos - Drinking Fountain/Cooler,5306268027959616635,drinking_water,1,0,0,0,37.7543903,-122.41381917,3070 23rd St,San Francisco,CA,94110,Parque Ninos Unidos,limited_access,08:00:00,20:00:00,Daily,,rec,POINT (-122.413819169 37.754390301),9,Mission,2026/03/10 10:25:27 PM,2026/09/01 09:08:33 AM
Collis P Huntington Park - Drinking Fountain/Cooler,4757979431748054379,drinking_water,1,0,0,0,37.792078270000005,-122.41238226,1000 Taylor St,San Francisco,CA,94108,Collis P Huntington Park,publicly_accessible,08:00:00,20:00:00,Daily,,rec,POINT (-122.412382261 37.792078275),3,Nob Hill,2026/03/10 10:25:27 PM,2026/09/01 09:08:33 AM
Portola Library,7171405751874216522,drinking_water,1,0,0,0,37.727114209000035,-122.40636172399996,380 BACON ST,San Francisco,CA,94112,,limited_access,,,Daily,"opening_hours = [""Sunday:13:00-17:00"",""Monday:10:00-18:00"",""Tuesday:10:00-18:00"",""Wednesday:12:00-20:00"",""Thursday:10:00-19:00"",""Friday:13:00-18:00"",""Saturday:10:00-18:00"",""Total Weekly Hours:50""]",library,POINT (-122.406361724 37.727114209),9,Portola,2026/05/27 04:20:00 PM,2026/09/01 09:08:33 AM
Pier 70,2941591578252748830,restroom,0,0,0,0,37.76059,-122.38563,525 20th St,San Francisco,CA,94107,,limited_access,09:00:00,17:00:00,Daily,Inside building,port,POINT (-122.38563 37.76059),10,Potrero Hill,2024/10/04 01:51:23 PM,2026/09/01 09:08:33 AM
Raymond Kimbell Playground - Drinking Fountain/Cooler,223277438959010252,drinking_water,1,1,0,0,37.78248808,-122.43558809000001,1901 Geary Blvd,San Francisco,CA,94115,Raymond Kimbell Playground,publicly_accessible,08:00:00,20:00:00,Daily,,rec,POINT (-122.435588092 37.78248808),5,Western Addition,2026/03/10 10:25:27 PM,2026/09/01 09:08:33 AM
Margaret S Hayward Playground - Drinking Fountain/Cooler,3254791043349026437,drinking_water,1,0,0,0,37.78069459,-122.42684636,1016 Laguna St,San Francisco,CA,94102,Margaret S Hayward Playground,publicly_accessible,08:00:00,20:00:00,Daily,,rec,POINT (-122.426846365 37.780694593),5,Western Addition,2026/03/10 10:25:27 PM,2026/09/01 09:08:33 AM
Main Library,1845349341306362846,drinking_water,1,0,0,0,37.779081776000055,-122.41615205,100 LARKIN ST,San Francisco,CA,94102,,limited_access,,,Daily,"opening_hours = [""Sunday:12:00-18:00"",""Monday:09:00-18:00"",""Tuesday:09:00-20:00"",""Wednesday:09:00-20:00"",""Thursday:09:00-20:00"",""Friday:12:00-18:00"",""Saturday:10:00-18:00"",""Total Weekly Hours:62""]",library,POINT (-122.41615205 37.779081776),5,Tenderloin,2026/05/27 04:20:00 PM,2026/09/01 09:08:33 AM
Garfield Square - Garfield Path Drinking Fountain,2155566066186249093,drinking_water,1,1,0,0,37.750123800000004,-122.41247425,3100 26th St,San Francisco,CA,94110,Garfield Square,publicly_accessible,08:00:00,20:00:00,Daily,,rec,POINT (-122.412474253 37.750123795),9,Mission,2026/03/10 10:25:27 PM,2026/09/01 09:08:33 AM
Portsmouth Square - Drinking Fountain/Cooler,6293550563159303941,drinking_water,1,0,0,0,37.795084530000004,-122.40538465,745 Kearny St,San Francisco,CA,94108,Portsmouth Square,publicly_accessible,08:00:00,20:00:00,Daily,,rec,POINT (-122.405384651 37.795084529),3,Chinatown,2026/03/10 10:25:27 PM,2026/09/01 09:08:33 AM
Restrooms,1329247805289178642,restroom,0,0,0,0,37.71718348712233,-122.38878586810385,993 Gilman Ave,San Francisco,CA,94124,Gilman Playground,publicly_accessible,08:00:00,20:00:00,Daily,,rec,POINT (-122.388785868 37.717183487),10,Bayview Hunters Point,2025/12/08 07:45:05 PM,2026/09/01 09:08:33 AM
Victoria Manalo Draves Park - Drinking Fountain/Cooler,8201030333236696668,drinking_water,1,0,0,0,37.777369549999996,-122.40646207,55 Sherman St,San Francisco,CA,94103,Victoria Manalo Draves Park,publicly_accessible,08:00:00,20:00:00,Daily,,rec,POINT (-122.406452756 37.777381587),6,South of Market,2026/03/17 08:32:40 PM,2026/09/01 09:08:33 AM
Palega Playground - Drinking Fountain/Cooler,7220074419356993737,drinking_water,1,0,0,0,37.72925378,-122.40981943,500 Felton St,San Francisco,CA,94134,Palega Playground,publicly_accessible,08:00:00,20:00:00,Daily,,rec,POINT (-122.409819433 37.72925378),9,Portola,2026/03/10 10:25:27 PM,2026/09/01 09:08:33 AM
Model Yacht Clubhouse,6056527472595272594,restroom,0,0,0,0,37.77020109931788,-122.49559210559028,501 Stanyan St,San Francisco,CA,94122,Golden Gate Park - Section 5,publicly_accessible,08:00:00,20:00:00,Daily,,rec,POINT (-122.495592106 37.770201099),1,Golden Gate Park,2026/02/05 08:11:25 PM,2026/09/01 09:08:33 AM
Esprit Park - Dog bowl fountain,3099629132427201795,drinking_water,1,0,0,0,37.7614187,-122.39134277,700 Minnesota St,San Francisco,CA,94107,Esprit Park,publicly_accessible,08:00:00,20:00:00,Daily,,rec,POINT (-122.391342768 37.761418702),10,Potrero Hill,2026/03/10 10:25:27 PM,2026/09/01 09:08:33 AM
China Basin Park Water Fountain #3,5722591289261935719,drinking_water,1,1,0,1,37.776004,-122.388026,1 China Basin Park,San Francisco,CA,94107,,publicly_accessible,,,Daily,By dog park,port,POINT (-122.388026 37.776004),6,Mission Bay,2024/10/04 01:51:23 PM,2026/09/01 09:08:33 AM
Boat Children's Play Area Restroom,7770145530081648003,restroom,0,0,0,0,37.764480232772,-122.5049582664903,501 Stanyan St,San Francisco,CA,94121,Golden Gate Park - Section 6,publicly_accessible,08:00:00,20:00:00,Daily,,rec,POINT (-122.504958266 37.764480233),4,Golden Gate Park,2025/12/08 07:45:05 PM,2026/09/01 09:08:33 AM
Harbormasters Office (Old),7962380904655295790,restroom,0,0,0,0,37.806636388938635,-122.44262144692848,1 Marina Green Dr,San Francisco,CA,94123,Yacht Harbor and Marina Green,limited_access,08:00:00,20:00:00,Daily,,rec,POINT (-122.442621447 37.806636389),,Marina,2026/02/05 08:11:25 PM,2026/09/01 09:08:33 AM
Presidio Heights Playground - Drinking Fountain/Cooler,8425051844645427023,drinking_water,1,0,0,0,37.7885318,-122.44979582,3437 Clay St,San Francisco,CA,94118,Presidio Heights Playground,publicly_accessible,08:00:00,20:00:00,Daily,,rec,POINT (-122.449795817 37.788531804),2,Presidio Heights,2026/03/10 10:25:27 PM,2026/09/01 09:08:33 AM
"Pier 45, Shed A",6920006118133311026,restroom,0,0,0,0,37.809195,-122.416145,43 The Embarcadero,San Francisco,CA,94107,,limited_access,08:00:00,20:00:00,Daily,Inside Shed A,port,POINT (-122.416145 37.809195),3,North Beach,2024/10/04 01:51:23 PM,2026/09/01 09:08:33 AM
Balboa Park - Drinking Fountain/Cooler,6405868807206401516,drinking_water,1,1,0,0,37.72582319,-122.44334099,51 Havelock St,San Francisco,CA,94112,Balboa Park,publicly_accessible,08:00:00,20:00:00,Daily,,rec,POINT (-122.443340987 37.725823189),11,Outer Mission,2026/03/10 10:25:27 PM,2026/09/01 09:08:33 AM
Eureka Rec Center,1493804388340657669,restroom,0,0,0,0,37.76025861039827,-122.43646112117725,100 Collingwood St,San Francisco,CA,94114,Eureka Valley Rec Center,publicly_accessible,08:00:00,20:00:00,Daily,,rec,POINT (-122.436461121 37.76025861),8,Castro/Upper Market,2026/02/05 08:11:25 PM,2026/09/01 09:08:33 AM
Glen Canyon Park - Drinking Fountain/Cooler,2632743820232129407,drinking_water,1,0,0,1,37.73655273,-122.44078843000001,70 Elk St,San Francisco,CA,94131,Glen Canyon Park,publicly_accessible,08:00:00,20:00:00,Daily,,rec,POINT (-122.440788426 37.736552725),8,Glen Park,2026/03/10 10:25:27 PM,2026/09/01 09:08:33 AM
Harding Clubhouse (Sandy Tatum),8116024243392034060,restroom,0,0,0,0,37.72466413994036,-122.49365475561986,1 Harding Rd,San Francisco,CA,94132,Lake Merced Park,limited_access,08:00:00,20:00:00,Daily,,rec,POINT (-122.493654756 37.72466414),7,Lakeshore,2025/12/08 07:45:05 PM,2026/09/01 09:08:33 AM
Golden Gate Park - Section 6 - Drinking Fountain/Cooler,422785422495033546,drinking_water,1,1,0,0,37.76735541,-122.50800819999999,501 Stanyan St,San Francisco,CA,94121,Golden Gate Park - Section 6,publicly_accessible,08:00:00,20:00:00,Daily,,rec,POINT (-122.508008204 37.767355406),4,Golden Gate Park,2026/03/10 10:25:27 PM,2026/09/01 09:08:33 AM
Mission Creek Maintenance Bldg,4876547624839491143,restroom,0,0,0,0,37.7713549823513,-122.39873334015394,290 Channel St,San Francisco,CA,94158,Mission Creek Park,publicly_accessible,08:00:00,20:00:00,Daily,,rec,POINT (-122.39873334 37.771354982),6,Mission Bay,2026/02/05 08:11:25 PM,2026/09/01 09:08:33 AM
Golden Gate Park - Section 1 - Kezar Turf Drinking fountain,2467209826969222567,drinking_water,1,1,0,0,37.76723487,-122.4551506,Golden Gate Park,San Francisco,CA,94122,Golden Gate Park - Section 1,publicly_accessible,08:00:00,20:00:00,Daily,,rec,POINT (-122.455150604 37.76723487),5,Golden Gate Park,2026/03/10 10:25:27 PM,2026/09/01 09:08:33 AM
Annex Restrooms,7379273592667316545,restroom,0,0,0,0,37.77798758312739,-122.4576711568898,600 Arguello Blvd,San Francisco,CA,94118,Angelo J. Rossi Playground,publicly_accessible,08:00:00,20:00:00,Daily,,rec,POINT (-122.457671157 37.777987583),1,Lone Mountain/USF,2025/12/08 07:45:05 PM,2026/09/01 09:08:33 AM
John McLaren Park - Drinking Fountain/Cooler,333853683506253156,drinking_water,1,0,0,0,37.71923967,-122.41283289,100 John F Shelley Dr,San Francisco,CA,94134,John McLaren Park,publicly_accessible,08:00:00,20:00:00,Daily,,rec,POINT (-122.412832892 37.719239672),9,McLaren Park,2026/03/10 10:25:27 PM,2026/09/01 09:08:33 AM
Mens Bathroom,5336850396317708804,restroom,0,0,0,0,37.770445640206745,-122.46944633189288,,San Francisco,CA,94118,Golden Gate Park - Section 2,publicly_accessible,08:00:00,20:00:00,Daily,,rec,POINT (-122.469446332 37.77044564),7,Golden Gate Park,2025/12/08 07:45:05 PM,2026/09/01 09:08:33 AM
South Sunset Playground - Drinking Fountain/Cooler,8157513692891458418,drinking_water,1,1,0,0,37.73800244,-122.4983337,2601 40th Ave,San Francisco,CA,94116,South Sunset Playground,publicly_accessible,08:00:00,20:00:00,Daily,,rec,POINT (-122.498333696 37.738002438),4,Sunset/Parkside,2026/03/10 10:25:27 PM,2026/09/01 09:08:33 AM
Cabrillo Clubhouse,5261161722080981663,restroom,0,0,0,0,37.77310564226956,-122.49848815214892,851 38th Ave,San Francisco,CA,94121,Cabrillo Playground,publicly_accessible,08:00:00,20:00:00,Daily,,rec,POINT (-122.498488152 37.773105642),1,Outer Richmond,2026/02/05 08:11:25 PM,2026/09/01 09:08:33 AM
Youngblood-Coleman Playground - Drinking Fountain,7488117535092509910,drinking_water,1,1,0,0,37.7381107,-122.38409678000001,1398 Hudson Ave,San Francisco,CA,94124,Youngblood-Coleman Playground,publicly_accessible,08:00:00,20:00:00,Daily,,rec,POINT (-122.384096778 37.738110702),10,Bayview Hunters Point,2026/03/20 09:43:58 PM,2026/09/01 09:08:33 AM
Herz Rec Center,3608248045663860281,restroom,0,0,0,0,37.71274629245413,-122.41596441461336,1701 Visitacion Ave,San Francisco,CA,94134,Herz Playground,publicly_accessible,08:00:00,20:00:00,Daily,,rec,POINT (-122.415964415 37.712746292),10,Visitacion Valley,2026/03/23 08:24:28 PM,2026/09/01 09:08:33 AM
Bottle filling station,4715499843136148272,drinking_water,1,1,0,0,37.765705658753,-122.500743310301,,San Francisco,CA,,Golden Gate Park - Section 6,publicly_accessible,08:00:00,20:00:00,Daily,,rec,POINT (-122.50074331 37.765705659),4,Golden Gate Park,2026/07/01 11:57:33 AM,2026/09/01 09:08:33 AM
Guy Place Mini Park - Drinking Fountain/Cooler,3509381630537469465,drinking_water,1,0,0,0,37.78659464,-122.39431446,4 Guy Pl,San Francisco,CA,94105,Guy Place Mini Park,publicly_accessible,08:00:00,20:00:00,Daily,,rec,POINT (-122.394328724 37.786602097),6,Financial District/South Beach,2026/03/10 10:25:27 PM,2026/09/01 09:08:33 AM
Robin Williams Meadow Restroom,1139175886771992270,restroom,0,0,0,0,37.768200662441096,-122.45894631627007,501 Stanyan St,San Francisco,CA,94122,Golden Gate Park - Section 7,publicly_accessible,08:00:00,20:00:00,Daily,,rec,POINT (-122.458946316 37.768200662),7,Golden Gate Park,2025/12/08 07:45:05 PM,2026/09/01 09:08:33 AM
Golden Gate Park - Section 6 - Beach Chalet Soccer South Path,967821665568819401,drinking_water,1,0,0,0,37.766095809999996,-122.50844350999999,501 Stanyan St,San Francisco,CA,94121,Golden Gate Park - Section 6,publicly_accessible,08:00:00,20:00:00,Daily,,rec,POINT (-122.508443507 37.76609581),4,Golden Gate Park,2026/03/10 10:25:27 PM,2026/09/01 09:08:33 AM
Minnie and Lovie Ward Rec Center - Minnie and Lovie Children's Play Area Drinking Fountain,7816797803974082871,drinking_water,1,0,0,0,37.71638274,-122.45820801,650 Capitol Ave,San Francisco,CA,94112,Minnie and Lovie Ward Rec Center,limited_access,08:00:00,20:00:00,Daily,,rec,POINT (-122.458208013 37.716382739),11,Oceanview/Merced/Ingleside,2026/03/10 10:25:27 PM,2026/09/01 09:08:33 AM
Shipyard Parks - Dog bowl,5942691889776312248,drinking_water,1,0,0,0,37.72751929,-122.36789379,100 Innes Court,San Francisco,CA,94124,Shipyard Parks,publicly_accessible,08:00:00,20:00:00,Daily,,rec,POINT (-122.36789379 37.727519286),10,Bayview Hunters Point,2026/03/10 10:25:27 PM,2026/09/01 09:08:33 AM
Sunset Dunes - Drinking Fountain @ Judah,8646769371056680341,drinking_water,1,1,0,0,37.760056819999996,-122.50964405,501 Stanyan St,San Francisco,CA,94132,Sunset Dunes,publicly_accessible,08:00:00,20:00:00,Daily,,rec,POINT (-122.509644055 37.760056822),4,Sunset/Parkside,2026/03/25 04:50:26 PM,2026/09/01 09:08:33 AM
Restroom,4161973934314613702,restroom,0,0,0,0,37.78422010317567,-122.50182639062761,100 34th Ave,San Francisco,CA,94121,Lincoln Park,publicly_accessible,08:00:00,20:00:00,Daily,,rec,POINT (-122.501826391 37.784220103),1,Lincoln Park,2025/12/08 07:45:05 PM,2026/09/01 09:08:33 AM
Louis Sutter Playground - Drinking Fountain/Cooler,2895614829874203241,drinking_water,1,1,0,0,37.72220338,-122.41308384999999,599 Yale St,San Francisco,CA,94134,Louis Sutter Playground,publicly_accessible,08:00:00,20:00:00,Daily,,rec,POINT (-122.413083851 37.722203378),9,McLaren Park,2026/03/13 10:16:38 PM,2026/09/01 09:08:33 AM
Walter Haas Playground - Drinking Fountain/Cooler,3208059907426755402,drinking_water,1,1,0,0,37.7406401,-122.43528427999999,300 Addison St,San Francisco,CA,94131,Walter Haas Playground,publicly_accessible,08:00:00,20:00:00,Daily,,rec,POINT (-122.435284276 37.740640104),8,Glen Park,2026/03/10 10:25:27 PM,2026/09/01 09:08:33 AM
Crocker Amazon Fieldhouse,903276712678038185,restroom,0,0,0,0,37.71356275381587,-122.43000618980508,799 Moscow St,San Francisco,CA,94134,Crocker Amazon Playground,publicly_accessible,08:00:00,20:00:00,Daily,,rec,POINT (-122.43000619 37.713562754),11,Excelsior,2026/02/05 08:11:25 PM,2026/09/01 09:08:33 AM
Tenderloin Pit Stop - Eddy and Larkin streets,4120272628029297521,restroom,0,0,0,0,37.783353,-122.41769,Eddy and Larkin streets,San Francisco,CA,,,publicly_accessible,18:00:00,06:00:00,Daily,,pit_stop,POINT (-122.41769 37.783353),5,Tenderloin,2026/09/01 09:05:57 AM,2026/09/01 09:08:33 AM
John McLaren Park - Drinking Fountain/Cooler,8523140068993022950,drinking_water,1,0,0,1,37.72214673,-122.42056917000001,100 John F Shelley Dr,San Francisco,CA,94134,John McLaren Park,publicly_accessible,08:00:00,20:00:00,Daily,,rec,POINT (-122.420569168 37.722146731),9,McLaren Park,2026/03/10 10:25:27 PM,2026/09/01 09:08:33 AM
"Little Embarcadero, J C Decaux",2190890175057459878,restroom,0,0,0,0,37.808738,-122.412697,The Embarcadero,San Francisco,CA,94133,,publicly_accessible,,,Daily,J C Decaux,port,POINT (-122.412697 37.808738),3,North Beach,2024/10/04 01:51:23 PM,2026/09/01 09:08:33 AM
Camp Mather - Drinking fountain,7681299302405400975,drinking_water,1,0,0,0,37.8829335,-119.85584307,32560 Mather Road,San Francisco,CA,95321,Camp Mather,publicly_accessible,08:00:00,20:00:00,Daily,,rec,POINT (-119.855843066 37.882933499),,,2026/03/10 10:25:27 PM,2026/09/01 09:08:33 AM
Marina Branch Library,7187167927732756918,drinking_water,1,0,0,0,37.801373632000036,-122.43413566499999,1890 CHESTNUT ST,San Francisco,CA,94123,Moscone Rec Center,limited_access,,,Daily,"opening_hours = [""Sunday:13:00-17:00"",""Monday:10:00-18:00"",""Tuesday:10:00-18:00"",""Wednesday:13:00-20:00"",""Thursday:10:00-20:00"",""Friday:13:00-18:00"",""Saturday:10:00-18:00"",""Total Weekly Hours:50""]",library,POINT (-122.434135665 37.801373632),2,Marina,2026/05/27 04:20:00 PM,2026/09/01 09:08:33 AM
Bernal Heights Rec Center,3195322800649596575,restroom,0,0,0,0,37.738312917917256,-122.41599753455371,500 Moultrie St,San Francisco,CA,94110,Bernal Heights Rec Center,publicly_accessible,08:00:00,20:00:00,Daily,,rec,POINT (-122.415997535 37.738312918),9,Bernal Heights,2026/02/05 08:11:25 PM,2026/09/01 09:08:33 AM
Mission Dolores Park - Drinking Fountain/Cooler,6447598677575871971,drinking_water,1,0,0,0,37.7594717,-122.42710577,646 Dolores St,San Francisco,CA,94114,Mission Dolores Park,publicly_accessible,08:00:00,20:00:00,Daily,,rec,POINT (-122.427105765 37.759471697),8,Castro/Upper Market,2026/03/10 10:25:27 PM,2026/09/01 09:08:33 AM
Alamo Square - Alamo Path Drinking Fountain,1782667400322195053,drinking_water,1,1,0,0,37.7766746,-122.433905,1081 Fulton St,San Francisco,CA,94117,Alamo Square,publicly_accessible,08:00:00,20:00:00,Daily,,rec,POINT (-122.433904997 37.7766746),5,Hayes Valley,2026/03/10 10:25:27 PM,2026/09/01 09:08:33 AM
Bayview Gateway Park,6601007062272325826,drinking_water,1,1,0,0,37.74671,-122.38634,3rd & Cargo Way,San Francisco,CA,94124,,publicly_accessible,,,Daily,Near benches,port,POINT (-122.38634 37.74671),10,Bayview Hunters Point,2024/10/04 01:51:23 PM,2026/09/01 09:08:33 AM
Union Square - Drinking Fountain/Cooler,1962399233225860428,drinking_water,1,0,0,0,37.78787928,-122.40697734999999,333 Post St,San Francisco,CA,94108,Union Square,publicly_accessible,08:00:00,20:00:00,Daily,,rec,POINT (-122.406977353 37.787879284),3,Financial District/South Beach,2026/03/10 10:25:27 PM,2026/09/01 09:08:33 AM
Presidio Wall Playground - Kimball Path Bottle filling station,2493746181283595712,drinking_water,1,1,0,0,37.782865640000004,-122.43452278,1901 Geary Blvd,San Francisco,CA,94115,Presidio Wall Playground,publicly_accessible,08:00:00,20:00:00,Daily,,rec,POINT (-122.434538276 37.782863613),5,Western Addition,2026/03/20 09:13:28 PM,2026/09/01 09:08:33 AM
Sava Pool,6788309698376928324,restroom,0,0,0,0,37.73785751278246,-122.47571155247695,2695 19th Ave,San Francisco,CA,94116,Carl Larsen Park,publicly_accessible,08:00:00,20:00:00,Daily,,rec,POINT (-122.475711552 37.737857513),4,Sunset/Parkside,2026/02/05 08:11:25 PM,2026/09/01 09:08:33 AM
Mission Bay Library,8224817024566265679,drinking_water,1,0,0,0,37.775369728000044,-122.39309738399999,960 4TH ST,San Francisco,CA,94158,,limited_access,,,Daily,"opening_hours = [""Sunday:13:00-17:00"",""Monday:10:00-18:00"",""Tuesday:10:00-18:00"",""Wednesday:11:00-20:00"",""Thursday:10:00-18:00"",""Friday:13:00-18:00"",""Saturday:10:00-18:00"",""Total Weekly Hours:50""]",library,POINT (-122.393097384 37.775369728),6,Mission Bay,2026/05/27 04:20:00 PM,2026/09/01 09:08:33 AM
Restrooms,4390283377851479502,restroom,0,0,0,0,37.733880426689836,-122.44827766684776,233 Melrose Avenue,San Francisco,CA,94127,Sunnyside Playground,publicly_accessible,08:00:00,20:00:00,Daily,,rec,POINT (-122.448277667 37.733880427),7,West of Twin Peaks,2025/12/08 07:45:05 PM,2026/09/01 09:08:33 AM
Camp Mather - Horseshoe pits spigot,4232648577606214811,drinking_water,1,0,0,0,37.88256719,-119.85359557,32560 Mather Road,San Francisco,CA,95321,Camp Mather,publicly_accessible,08:00:00,20:00:00,Daily,,rec,POINT (-119.853595573 37.882567189),,,2026/03/10 10:25:27 PM,2026/09/01 09:08:33 AM
Argonne Clubhouse,5166102027712093118,restroom,0,0,0,0,37.779601602562515,-122.47777274877825,455 18th Ave,San Francisco,CA,94121,Argonne Playground,publicly_accessible,08:00:00,20:00:00,Daily,,rec,POINT (-122.477772749 37.779601603),1,Outer Richmond,2026/02/05 08:11:25 PM,2026/09/01 09:08:33 AM
Presidio Branch Library,3848458598906265461,drinking_water,1,0,0,0,37.788910970000074,-122.44485234499996,3150 SACRAMENTO ST,San Francisco,CA,94115,,limited_access,,,Daily,"opening_hours = [""Sunday:13:00-17:00"",""Monday:13:00-18:00"",""Tuesday:10:00-20:00"",""Wednesday:11:00-20:00"",""Thursday:10:00-18:00"",""Friday:13:00-18:00"",""Saturday:10:00-18:00"",""Total Weekly Hours:49""]",library,POINT (-122.444852345 37.78891097),2,Pacific Heights,2026/05/27 04:20:00 PM,2026/09/01 09:08:33 AM
Oracle Park,4973141222634535716,restroom,1,0,0,0,37.778694,-122.387639,"Giants Promenade, 24 Willie Mays Plaza",San Francisco,CA,94107,,publicly_accessible,,,Special Events,Outside Seal Plaza,port,POINT (-122.387639 37.778694),6,Mission Bay,2024/10/04 01:51:23 PM,2026/09/01 09:08:33 AM
Merced Heights Playground - Drinking Fountain,8336123889083108361,drinking_water,1,1,0,0,37.71770235,-122.47036815,801 Shields St,San Francisco,CA,94132,Merced Heights Playground,publicly_accessible,08:00:00,20:00:00,Daily,,rec,POINT (-122.470368145 37.717702347),11,Oceanview/Merced/Ingleside,2026/03/13 10:47:39 PM,2026/09/01 09:08:33 AM
Golden Gate Park - Section 4 - Mothers Meadow Drinking fountain,702834019861779510,drinking_water,1,1,0,0,37.76634792,-122.47663375,501 Stanyan St,San Francisco,CA,94118,Golden Gate Park - Section 4,publicly_accessible,08:00:00,20:00:00,Daily,,rec,POINT (-122.476633752 37.766347918),7,Golden Gate Park,2026/08/07 12:27:22 PM,2026/09/01 09:08:33 AM
Ocean View Branch Library,1426602887386233589,drinking_water,1,0,0,0,37.71413776700007,-122.46597082599999,345 RANDOLPH ST,San Francisco,CA,94132,,limited_access,,,Daily,"opening_hours = [""Sunday:13:00-17:00"",""Monday:10:00-18:00"",""Tuesday:10:00-18:00"",""Wednesday:12:00-20:00"",""Thursday:10:00-19:00"",""Friday:13:00-18:00"",""Saturday:10:00-18:00"",""Total Weekly Hours:50""]",library,POINT (-122.465970826 37.714137767),11,Oceanview/Merced/Ingleside,2026/05/27 04:20:00 PM,2026/09/01 09:08:33 AM
Restrooms,650686414796429012,restroom,0,0,0,0,37.76376986498174,-122.43858248768102,122 States St,San Francisco,CA,94114,States Street Playground,publicly_accessible,08:00:00,20:00:00,Daily,,rec,POINT (-122.438582488 37.763769865),8,Castro/Upper Market,2025/12/08 07:45:05 PM,2026/09/01 09:08:33 AM
Golden Gate Park - Section 5 - GGP 5 Dog Play Area Drinking Fountain,4701107503169569753,drinking_water,1,1,0,0,37.770941179999994,-122.4990186,501 Stanyan St,San Francisco,CA,94122,Golden Gate Park - Section 5,publicly_accessible,08:00:00,20:00:00,Daily,,rec,POINT (-122.499018599 37.770941176),1,Golden Gate Park,2026/03/10 10:25:27 PM,2026/09/01 09:08:33 AM
Sgt. John Macaulay Park - Drinking Fountain/Cooler,5411946156804078225,drinking_water,1,0,0,0,37.78538709,-122.41824809,800 O'Farrell St,San Francisco,CA,94109,Sgt. John Macaulay Park,limited_access,08:00:00,20:00:00,Daily,,rec,POINT (-122.41824809 37.78538709),5,Tenderloin,2026/03/10 10:25:27 PM,2026/09/01 09:08:33 AM
Golden Gate Park - Section 1 - Kezar Turf Drinking fountain,4445203230498249079,drinking_water,1,1,0,0,37.76724865,-122.45680306,Golden Gate Park,San Francisco,CA,94122,Golden Gate Park - Section 1,publicly_accessible,08:00:00,20:00:00,Daily,,rec,POINT (-122.456803058 37.767248651),5,Golden Gate Park,2026/03/10 10:25:27 PM,2026/09/01 09:08:33 AM
Lessing & Sears Mini Park - Drinking Fountain/Cooler,5725731235989859168,drinking_water,1,0,0,0,37.70863367,-122.45545231999999,10 Lessing St,San Francisco,CA,94112,Lessing & Sears Mini Park,publicly_accessible,08:00:00,20:00:00,Daily,,rec,POINT (-122.455452322 37.70863367),11,Outer Mission,2026/03/10 10:25:27 PM,2026/09/01 09:08:33 AM
SF SPCA,6928189952947179522,drinking_water,0,1,1,0,37.765617,-122.412366,255 Alabama St,San Francisco,CA,94103,,publicly_accessible,,,Daily,,puc,POINT (-122.412366 37.765617),9,Mission,2024/06/27 01:43:12 PM,2026/09/01 09:08:33 AM
In Chan Kaajal Park - In Chan KaJaal Path Drinking fountain,8875665792169084226,drinking_water,1,0,0,0,37.76408455,-122.41599351999999,2080 Folsom St,San Francisco,CA,94110,In Chan Kaajal Park,publicly_accessible,08:00:00,20:00:00,Daily,,rec,POINT (-122.415993516 37.764084549),9,Mission,2026/03/16 06:46:00 PM,2026/09/01 09:08:33 AM
Mission Rec Center - Drinking Fountain/Cooler,9043306353322141342,drinking_water,1,0,0,0,37.75812855,-122.41306199,2450 Harrison St,San Francisco,CA,94110,Mission Rec Center,limited_access,08:00:00,20:00:00,Daily,,rec,POINT (-122.413061994 37.758128553),9,Mission,2026/03/10 10:25:27 PM,2026/09/01 09:08:33 AM
Chowder Hut,1529365743775458966,restroom,0,0,0,0,37.8087256,-122.4155803,2890 Taylor St,San Francisco,CA,94133,,publicly_accessible,08:00:00,20:00:00,Daily,,port,POINT (-122.4155803 37.8087256),3,North Beach,2024/10/04 01:51:23 PM,2026/09/01 09:08:33 AM
Hayes Valley Clubhouse,1185946669847466623,restroom,0,0,0,0,37.77590950874231,-122.4276594453167,689 Hayes St,San Francisco,CA,94102,Hayes Valley Playground,publicly_accessible,08:00:00,20:00:00,Daily,,rec,POINT (-122.427659445 37.775909509),5,Hayes Valley,2026/02/05 08:11:25 PM,2026/09/01 09:08:33 AM
Balboa Swimming Pool,3800418924627240379,restroom,0,0,0,0,37.72640032366546,-122.44323589335609,51 Havelock St,San Francisco,CA,94112,Balboa Park,publicly_accessible,08:00:00,20:00:00,Daily,,rec,POINT (-122.443235893 37.726400324),11,Outer Mission,2026/02/05 08:11:25 PM,2026/09/01 09:08:33 AM
GGP Senior Center,2182744287607134667,restroom,0,0,0,0,37.77196394141464,-122.49707654315938,501 Stanyan St,San Francisco,CA,94122,Golden Gate Park - Section 5,publicly_accessible,08:00:00,20:00:00,Daily,,rec,POINT (-122.497076543 37.771963941),1,Golden Gate Park,2026/03/19 08:29:31 PM,2026/09/01 09:08:33 AM
Moscone Rec Center - Drinking Fountain/Cooler,3473488514507985838,drinking_water,1,1,0,0,37.801492,-122.43324,1800 Chestnut St,San Francisco,CA,94123,Moscone Rec Center,publicly_accessible,08:00:00,20:00:00,Daily,,rec,POINT (-122.433239996 37.801492001),2,Marina,2026/03/10 10:25:27 PM,2026/09/01 09:08:33 AM
Louis Sutter Playground - Drinking Fountain,2633645174163560106,drinking_water,1,1,0,0,37.72247859,-122.41423995,599 Yale St,San Francisco,CA,94134,Louis Sutter Playground,publicly_accessible,08:00:00,20:00:00,Daily,,rec,POINT (-122.414239945 37.722478587),9,McLaren Park,2026/03/10 10:25:27 PM,2026/09/01 09:08:33 AM
Outer Sunset Pit Stop - Judah and La Playa streets (Rec Park),6773564667651549547,restroom,0,0,0,0,37.7603081,-122.5091618,Judah and La Playa streets (Rec Park),San Francisco,CA,,,publicly_accessible,08:00:00,20:00:00,Daily,,pit_stop,POINT (-122.5091618 37.7603081),4,Sunset/Parkside,2026/09/01 09:05:57 AM,2026/09/01 09:08:33 AM
Mission Creek Pavilion,1697454832649394634,restroom,0,0,0,0,37.7731363818971,-122.3936844454418,290 Channel St,San Francisco,CA,94158,Mission Creek Park,publicly_accessible,08:00:00,20:00:00,Daily,,rec,POINT (-122.393684445 37.773136382),6,Mission Bay,2026/03/19 07:12:47 PM,2026/09/01 09:08:33 AM
Christopher Clubhouse,2811668174124739375,restroom,0,0,0,0,37.744020719888645,-122.44026812112439,5210 Diamond Heights Blvd,San Francisco,CA,94131,George Christopher Playground,publicly_accessible,08:00:00,20:00:00,Daily,,rec,POINT (-122.440268121 37.74402072),8,Glen Park,2026/02/05 08:11:25 PM,2026/09/01 09:08:33 AM
Noe Valley Town Square - Drinking Fountain/Cooler,1997569387636425414,drinking_water,1,1,0,0,37.7515012,-122.42887882,3861 24th St,San Francisco,CA,94114,Noe Valley Town Square,publicly_accessible,08:00:00,20:00:00,Daily,,rec,POINT (-122.428888448 37.751490004),8,Noe Valley,2026/03/20 09:35:02 PM,2026/09/01 09:08:33 AM
Richmond Playground - Drinking Fountain/Cooler,1609997459276943731,drinking_water,1,1,0,0,37.785211870000005,-122.47790052,149 18th Ave,San Francisco,CA,94121,Richmond Playground,publicly_accessible,08:00:00,20:00:00,Daily,,rec,POINT (-122.477900516 37.785211871),1,Outer Richmond,2026/03/10 10:25:27 PM,2026/09/01 09:08:33 AM
Alta Plaza Park - Drinking Fountain/Cooler,8384616375179623801,drinking_water,1,0,0,0,37.79118303,-122.43717433,2501 Jackson St,San Francisco,CA,94115,Alta Plaza Park,publicly_accessible,08:00:00,20:00:00,Daily,,rec,POINT (-122.437174334 37.791183034),2,Pacific Heights,2026/03/10 10:25:27 PM,2026/09/01 09:08:33 AM
Food Pavilion,3689191516695009674,restroom,0,0,0,0,37.7324722517463,-122.3760382060769,900 Innes St,San Francisco,CA,94124,900 Innes,publicly_accessible,08:00:00,20:00:00,Daily,,rec,POINT (-122.376038206 37.732472252),10,Bayview Hunters Point,2026/03/23 08:17:44 PM,2026/09/01 09:08:33 AM
Ferry Buiding #2,5810037219590600417,restroom,0,0,0,0,37.79542,-122.39363,1 Ferry Building,San Francisco,CA,94111,,limited_access,07:00:00,22:00:00,Daily,On each end of the building,port,POINT (-122.39363 37.79542),3,Financial District/South Beach,2024/10/04 01:51:23 PM,2026/09/01 09:08:33 AM
Sunset Dunes - Drinking Fountain @ Taraval,8801561979860596696,drinking_water,1,1,0,0,37.74160528,-122.5072437,501 Stanyan St,San Francisco,CA,94132,Sunset Dunes,publicly_accessible,08:00:00,20:00:00,Daily,,rec,POINT (-122.507243703 37.741605279),4,Sunset/Parkside,2026/03/25 04:56:29 PM,2026/09/01 09:08:33 AM
Youngblood Coleman Restrooms,19246328287066793,restroom,0,0,0,0,37.73921050633886,-122.3857311745544,1398 Hudson Ave,San Francisco,CA,94124,Youngblood-Coleman Playground,publicly_accessible,08:00:00,20:00:00,Daily,,rec,POINT (-122.385731175 37.739210506),10,Bayview Hunters Point,2025/12/08 07:45:05 PM,2026/09/01 09:08:33 AM
Margaret S Hayward Playground - Drinking Fountain/Cooler,5461726902635826407,drinking_water,1,0,0,0,37.781263429999996,-122.4251937,1016 Laguna St,San Francisco,CA,94102,Margaret S Hayward Playground,publicly_accessible,08:00:00,20:00:00,Daily,,rec,POINT (-122.425193699 37.781263433),5,Western Addition,2026/03/10 10:25:27 PM,2026/09/01 09:08:33 AM
Mountain Lake Park - Drinking Fountain/Cooler,1284004258767054290,drinking_water,1,0,0,0,37.7869717,-122.46793153,1 11th Ave,San Francisco,CA,94118,Mountain Lake Park,publicly_accessible,08:00:00,20:00:00,Daily,,rec,POINT (-122.467931534 37.786971704),1,Inner Richmond,2026/03/10 10:25:27 PM,2026/09/01 09:08:33 AM
Heron's Head Eco Center,8218204447177500715,restroom,0,0,0,0,37.73973964582824,-122.3753927037616,32 Jennings St,San Francisco,CA,94124,Heron's Head Park,publicly_accessible,08:00:00,20:00:00,Daily,,rec,POINT (-122.375392704 37.739739646),10,Bayview Hunters Point,2026/02/05 08:11:25 PM,2026/09/01 09:08:33 AM
Restrooms,3377980425973688073,restroom,0,0,0,0,37.730885260084705,-122.38373283311591,1215 Quesada Ave,San Francisco,CA,94124,Adam Rodgers Park,publicly_accessible,08:00:00,20:00:00,Daily,,rec,POINT (-122.383732833 37.73088526),10,Bayview Hunters Point,2025/12/08 07:45:05 PM,2026/09/01 09:08:33 AM
Admin Building,4338767076222364795,restroom,0,0,0,0,37.78231558029474,-122.43561638478695,1901 Geary Blvd,San Francisco,CA,94115,Raymond Kimbell Playground,limited_access,08:00:00,20:00:00,Daily,,rec,POINT (-122.435616385 37.78231558),5,Western Addition,2026/02/05 08:11:25 PM,2026/09/01 09:08:33 AM
McLaren Lodge,8095369868838085841,restroom,0,0,0,0,37.771878738817755,-122.45481947391086,501 Stanyan St,San Francisco,CA,94117,Golden Gate Park - Section 1,limited_access,08:00:00,20:00:00,Daily,,rec,POINT (-122.454819474 37.771878739),1,Golden Gate Park,2026/02/05 08:11:25 PM,2026/09/01 09:08:33 AM
Golden Gate Park - Section 1 - Kezar Turf Drinking fountain,2644796154279992013,drinking_water,1,0,0,0,37.766167180000004,-122.45630313,Golden Gate Park,San Francisco,CA,94122,Golden Gate Park - Section 1,publicly_accessible,08:00:00,20:00:00,Daily,,rec,POINT (-122.456303127 37.766167179),5,Golden Gate Park,2026/03/10 10:25:27 PM,2026/09/01 09:08:33 AM
Excelsior Clubhouse,7624069768620183306,restroom,0,0,0,0,37.720234602442034,-122.43358550290127,579 Madrid St,San Francisco,CA,94112,Excelsior Playground,publicly_accessible,08:00:00,20:00:00,Daily,,rec,POINT (-122.433585503 37.720234602),11,Excelsior,2026/02/05 08:11:25 PM,2026/09/01 09:08:33 AM
3rd and Clement,2353041988599802789,drinking_water,0,1,0,0,37.783196,-122.461368,208 Clement,San Francisco,CA,94118,,publicly_accessible,,,Daily,,puc,POINT (-122.461368 37.783196),1,Inner Richmond,2024/06/27 01:43:12 PM,2026/09/01 09:08:33 AM
Adam Rodgers Park - Drinking fountain,6195742171510388323,drinking_water,1,0,0,0,37.73083879,-122.38377726,1215 Quesada Ave,San Francisco,CA,94124,Adam Rodgers Park,publicly_accessible,08:00:00,20:00:00,Daily,,rec,POINT (-122.383777258 37.730838793),10,Bayview Hunters Point,2026/03/10 10:25:27 PM,2026/09/01 09:08:33 AM
Garfield Square Clubhouse,2120452437850770345,restroom,0,0,0,0,37.749905790480256,-122.41234393595938,3100 26th St,San Francisco,CA,94110,Garfield Square,publicly_accessible,08:00:00,20:00:00,Daily,,rec,POINT (-122.412343936 37.74990579),9,Mission,2026/02/05 08:11:25 PM,2026/09/01 09:08:33 AM
Mission Dolores North Restrooms,6020738412176969080,restroom,0,0,0,0,37.76081195755971,-122.42771000101487,646 Dolores St,San Francisco,CA,94114,Mission Dolores Park,publicly_accessible,08:00:00,20:00:00,Daily,,rec,POINT (-122.427710001 37.760811958),8,Castro/Upper Market,2025/12/08 07:45:05 PM,2026/09/01 09:08:33 AM
Golden Gate Park - Section 1 - Drinking Fountain/Cooler,3094643448009885572,drinking_water,1,0,0,0,37.76633375,-122.45492152,501 Stanyan St,San Francisco,CA,94117,Golden Gate Park - Section 1,publicly_accessible,08:00:00,20:00:00,Daily,,rec,POINT (-122.45492152 37.766333754),5,Golden Gate Park,2026/03/10 10:25:27 PM,2026/09/01 09:08:33 AM
Miraloma Playground - Drinking Fountain/Cooler,7049857145961053229,drinking_water,1,0,0,0,37.739104590000004,-122.44949347,25 Omar Way,San Francisco,CA,94127,Miraloma Playground,publicly_accessible,08:00:00,20:00:00,Daily,,rec,POINT (-122.44949347 37.739104593),7,West of Twin Peaks,2026/03/10 10:25:27 PM,2026/09/01 09:08:33 AM
George Christopher Playground - Drinking Fountain/Cooler,3297584618706552420,drinking_water,1,0,0,0,37.74424931,-122.44036073999999,5210 Diamond Heights Blvd,San Francisco,CA,94131,George Christopher Playground,publicly_accessible,08:00:00,20:00:00,Daily,,rec,POINT (-122.44036074 37.744249307),8,Glen Park,2026/03/10 10:25:27 PM,2026/09/01 09:08:33 AM
Merced Branch Library,7302849541184780251,drinking_water,1,0,0,0,37.72659366900007,-122.47449376899999,155 WINSTON DR,San Francisco,CA,94132,,limited_access,,,Daily,"opening_hours = [""Sunday:13:00-17:00"",""Monday:10:00-18:00"",""Tuesday:10:00-20:00"",""Wednesday:12:00-20:00"",""Thursday:10:00-20:00"",""Friday:13:00-18:00"",""Saturday:10:00-18:00"",""Total Weekly Hours:53""]",library,POINT (-122.474493769 37.726593669),7,West of Twin Peaks,2026/05/27 04:20:00 PM,2026/09/01 09:08:33 AM
Woh Hei Yuen Clubhouse,6335645547559891312,restroom,0,0,0,0,37.79566311107929,-122.41036013940455,922 Jackson St,San Francisco,CA,94133,Woh Hei Yuen Playground,publicly_accessible,08:00:00,20:00:00,Daily,,rec,POINT (-122.410360139 37.795663111),3,Chinatown,2026/02/05 08:11:25 PM,2026/09/01 09:08:33 AM
Marina Green East Restroom,2159070112314827563,restroom,0,0,0,0,37.806483443945304,-122.43453398466335,1 Marina Green Dr,San Francisco,CA,94123,Yacht Harbor and Marina Green,publicly_accessible,08:00:00,20:00:00,Daily,,rec,POINT (-122.434533985 37.806483444),2,Marina,2025/12/08 07:45:05 PM,2026/09/01 09:08:33 AM
Crocker Amazon Playground - Drinking Fountain/Cooler,5516053070815528698,drinking_water,1,1,0,0,37.71272269,-122.42731924,799 Moscow St,San Francisco,CA,94134,Crocker Amazon Playground,publicly_accessible,08:00:00,20:00:00,Daily,,rec,POINT (-122.427319238 37.71272269),11,Excelsior,2026/03/10 10:25:27 PM,2026/09/01 09:08:33 AM
Lafayette Park - Drinking Fountain/Cooler,4248705948932618430,drinking_water,1,0,0,0,37.79131424,-122.42861961,2101 Washington St,San Francisco,CA,94109,Lafayette Park,publicly_accessible,08:00:00,20:00:00,Daily,,rec,POINT (-122.428619609 37.791314243),2,Pacific Heights,2026/03/10 10:25:27 PM,2026/09/01 09:08:33 AM
J. P. Murphy Clubhouse,5312098977276546560,restroom,0,0,0,0,37.75156408525938,-122.46522254205685,1960 9th Ave,San Francisco,CA,94116,J.P. Murphy Playground,publicly_accessible,08:00:00,20:00:00,Daily,,rec,POINT (-122.465222542 37.751564085),7,Inner Sunset,2026/02/05 08:11:25 PM,2026/09/01 09:08:33 AM
Lake Merced Boathouse,4000040349104825380,restroom,0,0,0,0,37.72560829903472,-122.49952829904723,1 Harding Rd,San Francisco,CA,94132,Lake Merced Park,limited_access,08:00:00,20:00:00,Daily,,rec,POINT (-122.499528299 37.725608299),7,Lakeshore,2025/12/08 07:45:05 PM,2026/09/01 09:08:33 AM
Visitacion Valley Clubhouse,8478441797534942604,restroom,0,0,0,0,37.71274487565179,-122.40868228778756,251 Leland Ave,San Francisco,CA,94134,Yik Oi Huang Peace & Friendship Park,publicly_accessible,08:00:00,20:00:00,Daily,,rec,POINT (-122.408682288 37.712744876),10,Visitacion Valley,2026/02/05 08:11:25 PM,2026/09/01 09:08:33 AM
Jose Coronado Playground - Drinking Fountain/Cooler,1893392134017884911,drinking_water,1,0,0,0,37.75767698999999,-122.41509849,2498 Folsom St,San Francisco,CA,94110,Jose Coronado Playground,publicly_accessible,08:00:00,20:00:00,Daily,,rec,POINT (-122.415098492 37.757676986),9,Mission,2026/03/10 10:25:27 PM,2026/09/01 09:08:33 AM
Cow Hollow Clubhouse,268193261574787356,restroom,0,0,0,0,37.797387392986394,-122.44467453965741,1 Miley St,San Francisco,CA,94123,Cow Hollow Playground,publicly_accessible,08:00:00,20:00:00,Daily,,rec,POINT (-122.44467454 37.797387393),2,Marina,2026/02/05 08:11:25 PM,2026/09/01 09:08:33 AM
Golden Gate Park - Section 6 - Drinking Fountain/Cooler,9115630064329131614,drinking_water,1,1,0,0,37.76453537,-122.50499564,501 Stanyan St,San Francisco,CA,94121,Golden Gate Park - Section 6,publicly_accessible,08:00:00,20:00:00,Daily,,rec,POINT (-122.504995637 37.764535374),4,Golden Gate Park,2026/03/19 09:26:35 PM,2026/09/01 09:08:33 AM
West Sunset Playground - Drinking Fountain,4543605432159683777,drinking_water,1,0,0,0,37.74789871,-122.49752443,3223 Ortega St,San Francisco,CA,94116,West Sunset Playground,publicly_accessible,08:00:00,20:00:00,Daily,,rec,POINT (-122.497524431 37.747898709),4,Sunset/Parkside,2026/03/20 10:14:53 PM,2026/09/01 09:08:33 AM
Picnic Restrooms,6482105904994530634,restroom,0,0,0,0,37.72212181783509,-122.42063327509366,100 John F Shelley Dr,San Francisco,CA,94134,,publicly_accessible,08:00:00,20:00:00,Daily,,rec,POINT (-122.420633275 37.722121818),9,McLaren Park,2026/03/11 10:18:39 PM,2026/09/01 09:08:33 AM
Mission Clubhouse,490680770581918428,restroom,0,0,0,0,37.75940479713368,-122.422424574373,3555 19th St,San Francisco,CA,94110,Mission Playground,publicly_accessible,08:00:00,20:00:00,Daily,,rec,POINT (-122.422424574 37.759404797),9,Mission,2026/02/05 08:11:25 PM,2026/09/01 09:08:33 AM
Mariposa Park - Mariposa Drinking fountain,8705098067842375163,drinking_water,1,0,0,0,37.764739729999995,-122.39131882,,San Francisco,CA,94158,Mariposa Park,publicly_accessible,08:00:00,20:00:00,Daily,,rec,POINT (-122.391318821 37.76473973),6,Potrero Hill,2026/03/16 09:40:10 PM,2026/09/01 09:08:33 AM
Palace of Fine Arts - Drinking Fountain/Cooler,8170561161760691187,drinking_water,1,0,0,0,37.80168741,-122.44791246,3601 Lyon St,San Francisco,CA,94123,Palace of Fine Arts,publicly_accessible,08:00:00,20:00:00,Daily,,rec,POINT (-122.447912457 37.801687406),2,Marina,2026/03/10 10:25:27 PM,2026/09/01 09:08:33 AM
Potrero Hill Rec Center,5068999930283866876,restroom,0,0,0,0,37.756119316171954,-122.39696358586629,801 Arkansas St,San Francisco,CA,94107,Potrero Hill Rec Center,publicly_accessible,08:00:00,20:00:00,Daily,,rec,POINT (-122.396963586 37.756119316),10,Potrero Hill,2026/02/05 08:11:25 PM,2026/09/01 09:08:33 AM
Argonne Playground - Drinking Fountain/Cooler,764105516795628981,drinking_water,1,0,0,0,37.779580769999995,-122.47777182,455 18th Ave,San Francisco,CA,94121,Argonne Playground,publicly_accessible,08:00:00,20:00:00,Daily,,rec,POINT (-122.477771825 37.779580773),1,Outer Richmond,2026/03/10 10:25:27 PM,2026/09/01 09:08:33 AM
Booker T Washington Community Center,3961536016987241368,drinking_water,0,1,0,0,37.78413,-122.446083,820 Presidio Ave,San Francisco,CA,94115,,publicly_accessible,,,Daily,,puc,POINT (-122.446083 37.78413),5,Presidio Heights,2024/06/27 01:43:12 PM,2026/09/01 09:08:33 AM
Restroom,3674214510354941802,restroom,0,0,0,0,37.73307133513202,-122.38257768077,2 Willie B Kennedy Dr,San Francisco,CA,94124,Hilltop Park,publicly_accessible,08:00:00,20:00:00,Daily,,rec,POINT (-122.382577681 37.733071335),10,Bayview Hunters Point,2025/12/08 07:45:05 PM,2026/09/01 09:08:33 AM
Harvey Milk Center for the Arts,5836815649071745688,restroom,0,0,0,0,37.76957928966039,-122.43457746068563,50 Scott St,San Francisco,CA,94117,Duboce Park,publicly_accessible,08:00:00,20:00:00,Daily,,rec,POINT (-122.434577461 37.76957929),8,Haight Ashbury,2026/02/05 08:11:25 PM,2026/09/01 09:08:33 AM
Hayward Clubhouse,5112131760554097764,restroom,0,0,0,0,37.7806181921805,-122.4258541523228,1016 Laguna St,San Francisco,CA,94102,Margaret S Hayward Playground,publicly_accessible,08:00:00,20:00:00,Daily,,rec,POINT (-122.425854152 37.780618192),5,Western Addition,2026/02/05 08:11:25 PM,2026/09/01 09:08:33 AM
Boeddeker Clubhouse,6509048567539336556,restroom,0,0,0,0,37.784313367866474,-122.41181376632174,246 Eddy St,San Francisco,CA,94102,Father Alfred Boeddeker Park,publicly_accessible,08:00:00,20:00:00,Daily,,rec,POINT (-122.411813766 37.784313368),5,Tenderloin,2026/02/05 08:11:25 PM,2026/09/01 09:08:33 AM
Mission Playground - Drinking Fountain/Cooler,4556119655414275478,drinking_water,1,1,0,0,37.759443069999996,-122.42240855,3555 19th St,San Francisco,CA,94110,Mission Playground,publicly_accessible,08:00:00,20:00:00,Daily,,rec,POINT (-122.422408552 37.75944307),9,Mission,2026/03/10 10:25:27 PM,2026/09/01 09:08:33 AM
Golden Gate Park - Section 6 - Drinking Fountain/Cooler,2280511467139291944,drinking_water,1,1,0,0,37.77082798,-122.50299987,501 Stanyan St,San Francisco,CA,94121,Golden Gate Park - Section 6,publicly_accessible,08:00:00,20:00:00,Daily,,rec,POINT (-122.50299987 37.770827985),1,Golden Gate Park,2026/03/10 10:25:27 PM,2026/09/01 09:08:33 AM
Mountain Lake Restrooms,7662904050712720207,restroom,0,0,0,0,37.78702299150214,-122.47178156120448,1 11th Ave,San Francisco,CA,94118,Mountain Lake Park,publicly_accessible,08:00:00,20:00:00,Daily,,rec,POINT (-122.471781561 37.787022992),1,Inner Richmond,2025/12/08 07:45:05 PM,2026/09/01 09:08:33 AM
Joe Lee Rec Center,7962290692376339447,restroom,0,0,0,0,37.73468681531801,-122.38948263862567,1551 Newcomb Ave,San Francisco,CA,94124,Joseph Lee Rec Center,publicly_accessible,08:00:00,20:00:00,Daily,,rec,POINT (-122.389482639 37.734686815),10,Bayview Hunters Point,2026/02/05 08:11:25 PM,2026/09/01 09:08:33 AM
Bandshell Spreckels Temple of Music,1029444508238884088,restroom,0,0,0,0,37.7698056101722,-122.46865195284049,501 Stanyan St,San Francisco,CA,94118,Golden Gate Park - Section 2,publicly_accessible,08:00:00,20:00:00,Daily,,rec,POINT (-122.468651953 37.76980561),7,Golden Gate Park,2025/12/08 07:45:05 PM,2026/09/01 09:08:33 AM
Camp Mather - Drinking fountain,2616757637662769392,drinking_water,1,0,0,0,37.880923349999996,-119.85138187,32560 Mather Road,San Francisco,CA,95321,Camp Mather,publicly_accessible,08:00:00,20:00:00,Daily,,rec,POINT (-119.851381867 37.880923352),,,2026/03/10 10:25:27 PM,2026/09/01 09:08:33 AM
South Sunset Clubhouse,7164518970109990344,restroom,0,0,0,0,37.73806931538009,-122.49828820864147,2601 40th Ave,San Francisco,CA,94116,South Sunset Playground,publicly_accessible,08:00:00,20:00:00,Daily,,rec,POINT (-122.498288209 37.738069315),4,Sunset/Parkside,2026/02/05 08:11:25 PM,2026/09/01 09:08:33 AM
J.P. Murphy Playground - Drinking Fountain/Cooler,2977837298985600217,drinking_water,1,0,0,0,37.752094240000005,-122.46505759,1960 9th Ave,San Francisco,CA,94116,J.P. Murphy Playground,publicly_accessible,08:00:00,20:00:00,Daily,,rec,POINT (-122.465057591 37.752094238),7,Inner Sunset,2026/03/10 10:25:27 PM,2026/09/01 09:08:33 AM
Kezar Pavilion,4761528511872076776,restroom,0,0,0,0,37.76745067088329,-122.45405120908852,501 Stanyan St,San Francisco,CA,94117,Golden Gate Park - Section 1,publicly_accessible,08:00:00,20:00:00,Daily,,rec,POINT (-122.454051209 37.767450671),5,Golden Gate Park,2026/02/05 08:11:25 PM,2026/09/01 09:08:33 AM
Yacht Harbor and Marina Green - Toilet,2026496417040071646,restroom,0,0,0,0,37.806654380000005,-122.44255444999999,1 Marina Green Dr,San Francisco,CA,94123,Yacht Harbor and Marina Green,limited_access,08:00:00,20:00:00,Daily,,rec,POINT (-122.442554455 37.806654381),,Marina,2026/03/10 10:25:27 PM,2026/09/01 09:08:33 AM
Margaret S Hayward Playground - Drinking Fountain/Cooler,1845459476210799267,drinking_water,1,0,0,0,37.78078552,-122.42681555,1016 Laguna St,San Francisco,CA,94102,Margaret S Hayward Playground,publicly_accessible,08:00:00,20:00:00,Daily,,rec,POINT (-122.426815553 37.780785519),5,Western Addition,2026/03/10 10:25:27 PM,2026/09/01 09:08:33 AM
Goldman Restrooms,5975078172278772254,restroom,0,0,0,0,37.73559821440539,-122.4788957763111,2899 19th Ave,San Francisco,CA,94132,Sigmund Stern Recreation Grove,publicly_accessible,08:00:00,20:00:00,Daily,,rec,POINT (-122.478895776 37.735598214),4,Sunset/Parkside,2025/12/08 07:45:05 PM,2026/09/01 09:08:33 AM
Midtown Terrace Playground - Drinking Fountain/Cooler,7223983048462958120,drinking_water,1,0,0,0,37.751672340000006,-122.45583377,210 Olympia Way,San Francisco,CA,94131,Midtown Terrace Playground,publicly_accessible,08:00:00,20:00:00,Daily,,rec,POINT (-122.455833775 37.751672341),7,Twin Peaks,2026/03/10 10:25:27 PM,2026/09/01 09:08:33 AM
Shipyard Parks - Dog bowl,8359389387077015651,drinking_water,1,0,0,0,37.72732357,-122.36690698,100 Innes Court,San Francisco,CA,94124,Shipyard Parks,publicly_accessible,08:00:00,20:00:00,Daily,,rec,POINT (-122.366906976 37.727323572),10,Bayview Hunters Point,2026/03/10 10:25:27 PM,2026/09/01 09:08:33 AM
Hilltop Park,5266853380894405697,drinking_water,0,1,1,0,37.73328,-122.38366,45 Progress St,San Francisco,CA,94124,,publicly_accessible,,,Daily,,puc,POINT (-122.38366 37.73328),10,Bayview Hunters Point,2024/06/27 01:43:12 PM,2026/09/01 09:08:33 AM
Coit Tower,1300996872573206948,restroom,0,0,0,0,37.80244449791853,-122.40586284550412,1 Telegraph Hill Blvd,San Francisco,CA,94133,Telegraph Hill - Pioneer Park,publicly_accessible,08:00:00,20:00:00,Daily,,rec,POINT (-122.405862846 37.802444498),3,North Beach,2026/03/19 07:04:02 PM,2026/09/01 09:08:33 AM
Big Rec Restroom,5469953919666759262,restroom,0,0,0,0,37.7685188702257,-122.46559953693607,501 Stanyan St,San Francisco,CA,94122,Golden Gate Park - Section 7,publicly_accessible,08:00:00,20:00:00,Daily,,rec,POINT (-122.465599537 37.76851887),7,Golden Gate Park,2025/12/08 07:45:05 PM,2026/09/01 09:08:33 AM
Joseph L Alioto Performing Arts Piazza - Drinking Fountain/Cooler,994828838777974549,drinking_water,1,0,0,0,37.779903069999996,-122.4173059,355 McAllister St,San Francisco,CA,94102,Joseph L Alioto Performing Arts Piazza,limited_access,08:00:00,20:00:00,Daily,,rec,POINT (-122.417305897 37.77990307),5,Tenderloin,2026/03/10 10:25:27 PM,2026/09/01 09:08:33 AM
Horseshoe Pits Restroom,659192472714749454,restroom,0,0,0,0,37.77375259279182,-122.45599541704655,501 Stanyan St,San Francisco,CA,94117,Golden Gate Park - Section 1,publicly_accessible,08:00:00,20:00:00,Daily,,rec,POINT (-122.455995417 37.773752593),1,Golden Gate Park,2025/12/08 07:45:05 PM,2026/09/01 09:08:33 AM
Gilman Playground - Drinking Fountain/Cooler,4172031100536167399,drinking_water,1,0,0,0,37.717325280000004,-122.38717889,993 Gilman Ave,San Francisco,CA,94124,Gilman Playground,publicly_accessible,08:00:00,20:00:00,Daily,,rec,POINT (-122.387178887 37.717325277),10,Bayview Hunters Point,2026/03/10 10:25:27 PM,2026/09/01 09:08:33 AM
Golden Gate Park - Section 1 - Drinking Fountain/Cooler,8647007438882015423,drinking_water,1,0,0,0,37.772695809999995,-122.4552027,501 Stanyan St,San Francisco,CA,94117,Golden Gate Park - Section 1,publicly_accessible,08:00:00,20:00:00,Daily,,rec,POINT (-122.455202703 37.772695809),1,Golden Gate Park,2026/03/10 10:25:27 PM,2026/09/01 09:08:33 AM
Moscone Rec Center,4678029647536132904,restroom,0,0,0,0,37.80148459822731,-122.43318576172464,1800 Chestnut St,San Francisco,CA,94123,Moscone Rec Center,publicly_accessible,08:00:00,20:00:00,Daily,,rec,POINT (-122.433185762 37.801484598),2,Marina,2026/02/05 08:11:25 PM,2026/09/01 09:08:33 AM
Franklin Square - Garfield Children's Play Area Path,8224894015407532823,drinking_water,1,0,0,0,37.76460916,-122.40948568,2500 17th St,San Francisco,CA,94110,Franklin Square,publicly_accessible,08:00:00,20:00:00,Daily,,rec,POINT (-122.409485676 37.76460916),9,Mission,2026/03/10 10:25:27 PM,2026/09/01 09:08:33 AM
Restrooms,4096326676840378758,restroom,0,0,0,0,37.77662037192112,-122.4339106442179,1081 Fulton St,San Francisco,CA,94117,Alamo Square,publicly_accessible,08:00:00,20:00:00,Daily,,rec,POINT (-122.433910644 37.776620372),5,Hayes Valley,2025/12/08 07:45:05 PM,2026/09/01 09:08:33 AM
Grattan Clubhouse,4454891534355363438,restroom,0,0,0,0,37.762760051896855,-122.45197358644849,1180 Stanyan St,San Francisco,CA,94117,Grattan Playground,publicly_accessible,08:00:00,20:00:00,Daily,,rec,POINT (-122.451973586 37.762760052),8,Haight Ashbury,2026/02/05 08:11:25 PM,2026/09/01 09:08:33 AM
Father Alfred Boeddeker Park - Drinking Fountain/Cooler,553327191147343062,drinking_water,1,1,0,0,37.78433308,-122.41220833999999,246 Eddy St,San Francisco,CA,94102,Father Alfred Boeddeker Park,publicly_accessible,08:00:00,20:00:00,Daily,,rec,POINT (-122.412208338 37.784333077),5,Tenderloin,2026/03/10 10:25:27 PM,2026/09/01 09:08:33 AM
Kimball Children's Play Area Drinking Fountain,9212190466133808116,drinking_water,1,0,0,0,37.783704740000005,-122.4350831,1901 Geary Blvd,San Francisco,CA,94115,Raymond Kimbell Playground,publicly_accessible,08:00:00,20:00:00,Daily,,rec,POINT (-122.435083098 37.783704744),5,Western Addition,2026/03/17 10:08:35 PM,2026/09/01 09:08:33 AM
Sunnyside Playground Clubhouse,9055670515573099311,restroom,0,0,0,0,37.73370391650888,-122.44735541541422,233 Melrose Avenue,San Francisco,CA,94127,Sunnyside Playground,publicly_accessible,08:00:00,20:00:00,Daily,,rec,POINT (-122.447355415 37.733703917),7,West of Twin Peaks,2026/02/05 08:11:25 PM,2026/09/01 09:08:33 AM
Alice Chalmers Playground - Path Drinking Fountain,805609272588241357,drinking_water,1,1,0,0,37.709598809999996,-122.44705578,670 Brunswick St,San Francisco,CA,94112,Alice Chalmers Playground,publicly_accessible,08:00:00,20:00:00,Daily,,rec,POINT (-122.447055781 37.709598814),11,Excelsior,2026/03/10 10:25:27 PM,2026/09/01 09:08:33 AM
Golden Gate Park - Section 5 - Drinking Fountain/Cooler,4761772554125260071,drinking_water,1,1,0,0,37.76948934,-122.48477770000001,501 Stanyan St,San Francisco,CA,94118,Golden Gate Park - Section 5,publicly_accessible,08:00:00,20:00:00,Daily,,rec,POINT (-122.484777702 37.769489342),4,Golden Gate Park,2026/03/10 10:25:27 PM,2026/09/01 09:08:33 AM
Drinking fountain,2186434227839325904,drinking_water,1,0,0,0,37.76759383,-122.46941028,,San Francisco,CA,,Golden Gate Park - Section 3,publicly_accessible,08:00:00,20:00:00,Daily,,rec,POINT (-122.469410281 37.767593827),7,Golden Gate Park,2026/08/07 12:27:42 PM,2026/09/01 09:08:33 AM
Yik Oi Huang Peace & Friendship Park - Drinking Fountain/Cooler,5334529936546061417,drinking_water,1,0,0,0,37.712719539999995,-122.40869124000001,251 Leland Ave,San Francisco,CA,94134,Yik Oi Huang Peace & Friendship Park,publicly_accessible,08:00:00,20:00:00,Daily,,rec,POINT (-122.408691238 37.712719538),10,Visitacion Valley,2026/03/13 10:35:23 PM,2026/09/01 09:08:33 AM
Mission Pit Stop - Franklin Square Park in the parking lot adjacent to 300 Hampshire St.,7195330164682834754,restroom,0,0,0,0,37.765187,-122.4083365,Franklin Square Park in the parking lot adjacent to 300 Hampshire St.,San Francisco,CA,,,publicly_accessible,07:00:00,19:00:00,Daily,,pit_stop,POINT (-122.4083365 37.765187),9,Mission,2026/09/01 09:05:57 AM,2026/09/01 09:08:33 AM
Drinking fountain,1404750035716225930,drinking_water,1,0,0,0,37.76696981,-122.46837481,,San Francisco,CA,,Golden Gate Park - Section 3,publicly_accessible,08:00:00,20:00:00,Daily,,rec,POINT (-122.468374815 37.766969812),7,Golden Gate Park,2026/08/07 12:27:43 PM,2026/09/01 09:08:33 AM
Richmond Playground Clubhouse,6357395550513127096,restroom,0,0,0,0,37.78532600747461,-122.47797529390223,149 18th Ave,San Francisco,CA,94121,Richmond Playground,publicly_accessible,08:00:00,20:00:00,Daily,,rec,POINT (-122.477975294 37.785326007),1,Outer Richmond,2026/02/05 08:11:25 PM,2026/09/01 09:08:33 AM
Golden Gate Park - Section 6 - Beach Chalet Soccer Bleacher,7700862739792543902,drinking_water,1,0,0,0,37.76742129,-122.50832979,Golden Gate Park,San Francisco,CA,94132,Golden Gate Park - Section 6,publicly_accessible,08:00:00,20:00:00,Daily,,rec,POINT (-122.50832979 37.767421286),4,Golden Gate Park,2026/03/10 10:25:27 PM,2026/09/01 09:08:33 AM
Lake Merced Park - Drinking Fountain,7823882710392408750,drinking_water,1,1,0,0,37.71242807,-122.48940363,1 Harding Rd,San Francisco,CA,94132,Lake Merced Park,publicly_accessible,08:00:00,20:00:00,Daily,,rec,POINT (-122.489403633 37.712428075),7,Lakeshore,2026/03/13 10:53:32 PM,2026/09/01 09:08:33 AM
Beach Chalet Soccer Fields Maintenance Building,3608940722084040331,restroom,0,0,0,0,37.76689073338342,-122.5076656744961,501 Stanyan St,San Francisco,CA,94121,Golden Gate Park - Section 6,publicly_accessible,08:00:00,20:00:00,Daily,,rec,POINT (-122.507665674 37.766890733),4,Golden Gate Park,2025/12/08 07:45:05 PM,2026/09/01 09:08:33 AM
Washington Square - Drinking Fountain/Cooler,5164075888734493069,drinking_water,1,1,0,0,37.80052348,-122.40978817,600 Columbus Ave,San Francisco,CA,94133,Washington Square,publicly_accessible,08:00:00,20:00:00,Daily,,rec,POINT (-122.409788168 37.800523476),3,North Beach,2026/03/10 10:25:27 PM,2026/09/01 09:08:33 AM
Minnie and Lovie Ward Rec Center - Minnie and Lovie Path,6762195843682271149,drinking_water,1,0,0,0,37.71503456000001,-122.45754731999999,650 Capitol Ave,San Francisco,CA,94112,Minnie and Lovie Ward Rec Center,publicly_accessible,08:00:00,20:00:00,Daily,,rec,POINT (-122.457547318 37.715034559),11,Oceanview/Merced/Ingleside,2026/03/10 10:25:27 PM,2026/09/01 09:08:33 AM
Raymond Kimball Playground - Kimball Path Drinking Fountain,8161736808373498780,drinking_water,1,0,0,0,37.783709050000006,-122.4354035,1901 Geary Blvd,San Francisco,CA,94115,Raymond Kimbell Playground,publicly_accessible,08:00:00,20:00:00,Daily,,rec,POINT (-122.435403504 37.783709051),5,Western Addition,2026/03/17 10:09:18 PM,2026/09/01 09:08:33 AM
Duboce Park - Drinking Fountain/Cooler,1776215359271845628,drinking_water,1,1,0,0,37.76941332,-122.43349091,50 Scott St,San Francisco,CA,94117,Duboce Park,publicly_accessible,08:00:00,20:00:00,Daily,,rec,POINT (-122.433490914 37.76941332),8,Haight Ashbury,2026/03/10 10:25:27 PM,2026/09/01 09:08:33 AM
St. Mary's Rec Center - Drinking Fountain/Cooler,3521309175685199899,drinking_water,1,0,0,0,37.73294746,-122.42105235000001,95 Justin Dr,San Francisco,CA,94110,St. Mary's Rec Center,publicly_accessible,08:00:00,20:00:00,Daily,,rec,POINT (-122.421052346 37.732947457),9,Bernal Heights,2026/03/10 10:25:27 PM,2026/09/01 09:08:33 AM
Golden Gate Park - Section 5 - GGP 5 Dog Play Area Drinking Fountain,4727257813781792317,drinking_water,1,0,0,0,37.770745489999996,-122.49897683,501 Stanyan St,San Francisco,CA,94122,Golden Gate Park - Section 5,publicly_accessible,08:00:00,20:00:00,Daily,,rec,POINT (-122.49897683 37.770745487),1,Golden Gate Park,2026/03/10 10:25:27 PM,2026/09/01 09:08:33 AM
McLaren Bike Restroom,1992537512030673501,restroom,0,0,0,0,37.714134642807224,-122.42329113242955,,San Francisco,CA,94134,John McLaren Park,publicly_accessible,08:00:00,20:00:00,Daily,,rec,POINT (-122.423291132 37.714134643),10,McLaren Park,2025/12/08 07:45:05 PM,2026/09/01 09:08:33 AM
Minnie and Lovie Ward Rec Center - Drinking Fountain/Cooler,5926078627690235727,drinking_water,1,1,0,0,37.71509082,-122.45890729,650 Capitol Ave,San Francisco,CA,94112,Minnie and Lovie Ward Rec Center,publicly_accessible,08:00:00,20:00:00,Daily,,rec,POINT (-122.458907285 37.715090819),11,Oceanview/Merced/Ingleside,2026/03/10 10:25:27 PM,2026/09/01 09:08:33 AM
Douglass Playground - Drinking Fountain/Cooler,6818625136334823784,drinking_water,1,0,0,0,37.747917900000004,-122.43840181,1098 Douglass St,San Francisco,CA,94131,Douglass Playground,limited_access,08:00:00,20:00:00,Daily,,rec,POINT (-122.438401806 37.747917903),8,Noe Valley,2026/03/10 10:25:27 PM,2026/09/01 09:08:33 AM
Excelsior Branch Library,1134166097749066913,drinking_water,1,0,0,0,37.72713052100005,-122.43331540999998,4400 MISSION ST,San Francisco,CA,94112,,limited_access,,,Daily,"opening_hours = [""Sunday:13:00-17:00"",""Monday:13:00-18:00"",""Tuesday:10:00-20:00"",""Wednesday:10:00-20:00"",""Thursday:10:00-18:00"",""Friday:13:00-18:00"",""Saturday:10:00-18:00"",""Total Weekly Hours:50""]",library,POINT (-122.43331541 37.727130521),11,Outer Mission,2026/05/27 04:20:00 PM,2026/09/01 09:08:33 AM
John McLaren Park - Drinking Fountain/Cooler,2897056291416051032,drinking_water,1,0,0,0,37.72325489,-122.42086562,100 John F Shelley Dr,San Francisco,CA,94134,John McLaren Park,publicly_accessible,08:00:00,20:00:00,Daily,,rec,POINT (-122.420865617 37.723254888),11,McLaren Park,2026/03/10 10:25:27 PM,2026/09/01 09:08:33 AM
Parque Ninos Unidos Clubhouse,423313379263490907,restroom,0,0,0,0,37.75435242939482,-122.41391608032227,3070 23rd St,San Francisco,CA,94110,Parque Ninos Unidos,publicly_accessible,08:00:00,20:00:00,Daily,,rec,POINT (-122.41391608 37.754352429),9,Mission,2026/02/05 08:11:25 PM,2026/09/01 09:08:33 AM
Telegraph Hill - Pioneer Park - Drinking Fountain/Cooler,6147790248896235250,drinking_water,1,0,0,0,37.80227028,-122.40594449,1 Telegraph Hill Blvd,San Francisco,CA,94133,Telegraph Hill - Pioneer Park,publicly_accessible,08:00:00,20:00:00,Daily,,rec,POINT (-122.405944489 37.802270277),3,North Beach,2026/03/10 10:25:27 PM,2026/09/01 09:08:33 AM
Rossi Pool,4992873192328291991,restroom,0,0,0,0,37.779064615692306,-122.45837510367008,600 Arguello Blvd,San Francisco,CA,94118,Angelo J. Rossi Playground,publicly_accessible,08:00:00,20:00:00,Daily,,rec,POINT (-122.458375104 37.779064616),1,Lone Mountain/USF,2026/02/05 08:11:25 PM,2026/09/01 09:08:33 AM
South Restrooms,709146778819532938,restroom,0,0,0,0,37.766805200248804,-122.46835847681007,501 Stanyan St,San Francisco,CA,94122,Golden Gate Park - Section 3,publicly_accessible,08:00:00,20:00:00,Daily,,rec,POINT (-122.468358477 37.7668052),7,Golden Gate Park,2025/12/08 07:45:05 PM,2026/09/01 09:08:33 AM
McCoppin Square Clubhouse,341541798497557024,restroom,0,0,0,0,37.74355164651316,-122.48070840165799,2354 24th Ave,San Francisco,CA,94116,McCoppin Square,publicly_accessible,08:00:00,20:00:00,Daily,,rec,POINT (-122.480708402 37.743551647),4,Sunset/Parkside,2026/02/05 08:11:25 PM,2026/09/01 09:08:33 AM
Southeast Community Center Restroom,2641768654156405405,restroom,0,0,0,0,37.7428,-122.387319,1550 Evans Ave,San Francisco,CA,94124,,limited_access,07:00:00,19:00:00,Weekdays,,puc,POINT (-122.387319 37.7428),10,Bayview Hunters Point,2024/06/27 01:43:12 PM,2026/09/01 09:08:33 AM
West Portal Playground - Drinking Fountain/Cooler,1537844955819141493,drinking_water,1,1,0,0,37.74195626,-122.46517038,131 Lenox Way,San Francisco,CA,94127,West Portal Playground,publicly_accessible,08:00:00,20:00:00,Daily,,rec,POINT (-122.465170381 37.741956263),7,West of Twin Peaks,2026/03/19 10:44:21 PM,2026/09/01 09:08:33 AM
Drinking fountain,932585928060100416,drinking_water,1,0,0,0,37.77042302437,-122.469470101313,,San Francisco,CA,,Golden Gate Park - Section 3,limited_access,08:00:00,20:00:00,Daily,,rec,POINT (-122.469470101 37.770423024),7,Golden Gate Park,2026/08/07 11:25:35 AM,2026/09/01 09:08:33 AM
Golden Gate Park - Section 1 - Stanyan Edge Courtyard Drinking Fountain,2510993658053804211,drinking_water,1,0,0,0,37.76998547,-122.45421166,501 Stanyan St,San Francisco,CA,94117,Golden Gate Park - Section 1,publicly_accessible,08:00:00,20:00:00,Daily,,rec,POINT (-122.45421166 37.769985472),5,Golden Gate Park,2026/03/10 10:25:27 PM,2026/09/01 09:08:33 AM
TNDC: Candlestick Block A,8119082390481302510,drinking_water,0,1,1,0,37.719071,-122.393147,1001 Ingerson Ave,San Francisco,CA,94124,,publicly_accessible,,,Daily,,puc,POINT (-122.393147 37.719071),10,Bayview Hunters Point,2024/06/27 01:43:12 PM,2026/09/01 09:08:33 AM
Noe Square Restrooms,4386513455603161526,restroom,0,0,0,0,37.75150431521131,-122.42887877033297,3861 24th St,San Francisco,CA,94114,Noe Valley Town Square,publicly_accessible,08:00:00,20:00:00,Daily,,rec,POINT (-122.42887877 37.751504315),8,Noe Valley,2025/12/08 07:45:05 PM,2026/09/01 09:08:33 AM
Peixotto Clubhouse,3794976240319233035,restroom,0,0,0,0,37.765610320043734,-122.43757488678622,2475 15th St,San Francisco,CA,94114,Peixotto Playground,publicly_accessible,08:00:00,20:00:00,Daily,,rec,POINT (-122.437574887 37.76561032),8,Castro/Upper Market,2026/02/05 08:11:25 PM,2026/09/01 09:08:33 AM
West Restroom,8593550973827787120,restroom,0,0,0,0,37.725150610910234,-122.44552971671762,51 Havelock St,San Francisco,CA,94112,Balboa Park,publicly_accessible,08:00:00,20:00:00,Daily,,rec,POINT (-122.445529717 37.725150611),11,Outer Mission,2025/12/08 07:45:05 PM,2026/09/01 09:08:33 AM
Sunnyside Playground - Drinking Fountain/Cooler,6934480971276948310,drinking_water,1,0,0,0,37.733856370000005,-122.44819921,233 Melrose Avenue,San Francisco,CA,94127,Sunnyside Playground,publicly_accessible,08:00:00,20:00:00,Daily,,rec,POINT (-122.448199209 37.73385637),7,West of Twin Peaks,2026/03/10 10:25:27 PM,2026/09/01 09:08:33 AM
John McLaren Park - McLaren Redwood Grove Drinking Fountain,5749129038882289982,drinking_water,1,1,0,0,37.72209608,-122.42064774999999,100 John F Shelley Dr,San Francisco,CA,94134,John McLaren Park,publicly_accessible,08:00:00,20:00:00,Daily,,rec,POINT (-122.420647751 37.722096079),9,McLaren Park,2026/03/10 10:25:27 PM,2026/09/01 09:08:33 AM
Camp Mather - Staff cabins spigot,4114211593901248130,drinking_water,1,0,0,0,37.88024248,-119.85078276,32560 Mather Road,San Francisco,CA,95321,Camp Mather,publicly_accessible,08:00:00,20:00:00,Daily,,rec,POINT (-119.850782764 37.880242479),,,2026/03/10 10:25:27 PM,2026/09/01 09:08:33 AM
Matthew Boxer Stadium,8899937437357167847,restroom,0,0,0,0,37.72617626930988,-122.44515609341131,51 Havelock St,San Francisco,CA,94112,Balboa Park,publicly_accessible,08:00:00,20:00:00,Daily,,rec,POINT (-122.445156093 37.726176269),11,Outer Mission,2026/02/05 08:11:25 PM,2026/09/01 09:08:33 AM
Alice Chalmers Clubhouse,4826729406713278563,restroom,0,0,0,0,37.70950407679697,-122.44706569537554,670 Brunswick St,San Francisco,CA,94112,Alice Chalmers Playground,publicly_accessible,08:00:00,20:00:00,Daily,,rec,POINT (-122.447065695 37.709504077),11,Excelsior,2026/02/05 08:11:25 PM,2026/09/01 09:08:33 AM
Golden Gate Park - Section 5 - Drinking Fountain/Cooler,1201331645591453201,drinking_water,1,0,0,0,37.77163407,-122.49513617999999,501 Stanyan St,San Francisco,CA,94122,Golden Gate Park - Section 5,publicly_accessible,08:00:00,20:00:00,Daily,,rec,POINT (-122.495136183 37.771634074),1,Golden Gate Park,2026/03/10 10:25:27 PM,2026/09/01 09:08:33 AM
Mid-Market Pit Stop - Hallidie Plaza (JCDecaux),3464628251007818350,restroom,0,0,0,0,37.7844142,-122.4077797,Hallidie Plaza (JCDecaux),San Francisco,CA,,,publicly_accessible,07:00:00,19:00:00,Daily,,pit_stop,POINT (-122.4077797 37.7844142),3,Tenderloin,2026/09/01 09:05:57 AM,2026/09/01 09:08:33 AM
Drinking Fountain/Cooler,2181557672935071184,drinking_water,1,1,0,0,37.78537896,-122.41809575,800 O'Farrell St,San Francisco,CA,94109,Sgt. John Macaulay Park,publicly_accessible,08:00:00,20:00:00,Daily,,rec,POINT (-122.418095754 37.785378956),5,Tenderloin,2026/03/19 04:25:46 PM,2026/09/01 09:08:33 AM
Restroom,6039249465726437224,restroom,0,0,0,0,37.73833764891676,-122.48372258084628,2680 28th Ave,San Francisco,CA,94132,Parkside Square,publicly_accessible,08:00:00,20:00:00,Daily,,rec,POINT (-122.483722581 37.738337649),4,Sunset/Parkside,2025/12/08 07:45:05 PM,2026/09/01 09:08:33 AM
Crocker Amazon Playground - Drinking Fountain/Cooler,6446814172162367936,drinking_water,1,0,0,0,37.71440079,-122.42886245999999,799 Moscow St,San Francisco,CA,94134,Crocker Amazon Playground,publicly_accessible,08:00:00,20:00:00,Daily,,rec,POINT (-122.428862455 37.714400785),11,Excelsior,2026/03/10 10:25:27 PM,2026/09/01 09:08:33 AM
Camp Mather - Upper Shang spigot,7580789092189432981,drinking_water,1,0,0,0,37.8807994,-119.85081396000001,32560 Mather Road,San Francisco,CA,95321,Camp Mather,publicly_accessible,08:00:00,20:00:00,Daily,,rec,POINT (-119.850813964 37.880799395),,,2026/03/10 10:25:27 PM,2026/09/01 09:08:33 AM
Crocker Amazon Clubhouse,7495279004308334249,restroom,0,0,0,0,37.71521926228224,-122.43182547973574,799 Moscow St,San Francisco,CA,94134,Crocker Amazon Playground,publicly_accessible,08:00:00,20:00:00,Daily,,rec,POINT (-122.43182548 37.715219262),11,Excelsior,2026/02/05 08:11:25 PM,2026/09/01 09:08:33 AM
Garfield Pool,1317162167191443388,restroom,0,0,0,0,37.74997662698047,-122.41197071539473,3100 26th St,San Francisco,CA,94110,Garfield Square,publicly_accessible,08:00:00,20:00:00,Daily,,rec,POINT (-122.411970715 37.749976627),9,Mission,2026/02/05 08:11:25 PM,2026/09/01 09:08:33 AM
Golden Gate Park - Section 6 - Drinking Fountain/Cooler,3193861092609414378,drinking_water,1,1,0,0,37.7668042,-122.5081866,Golden Gate Park,San Francisco,CA,94132,Golden Gate Park - Section 6,publicly_accessible,08:00:00,20:00:00,Daily,,rec,POINT (-122.508186603 37.766804195),4,Golden Gate Park,2026/03/10 10:25:27 PM,2026/09/01 09:08:33 AM
Palega Playground - Drinking Fountain/Cooler,1691118309955111832,drinking_water,1,0,0,0,37.72928423,-122.40970257000001,500 Felton St,San Francisco,CA,94134,Palega Playground,publicly_accessible,08:00:00,20:00:00,Daily,,rec,POINT (-122.409702567 37.729284229),9,Portola,2026/03/10 10:25:27 PM,2026/09/01 09:08:33 AM
Restrooms,6586654064421355590,restroom,0,0,0,0,37.80129143482331,-122.41678429901587,1055 Greenwich St,San Francisco,CA,94133,Michelangelo Playground,publicly_accessible,08:00:00,20:00:00,Daily,,rec,POINT (-122.416784299 37.801291435),3,Russian Hill,2025/12/08 07:45:05 PM,2026/09/01 09:08:33 AM
Douglass Playground - Douglass Dog Play Area Drinking Fountain,2786684703190047407,drinking_water,1,0,0,0,37.7464289,-122.43829271,1098 Douglass St,San Francisco,CA,94131,Douglass Playground,publicly_accessible,08:00:00,20:00:00,Daily,,rec,POINT (-122.43829271 37.746428896),8,Noe Valley,2026/03/10 10:25:27 PM,2026/09/01 09:08:33 AM
Shoreview Park - Drinking Fountain/Cooler,1961845581921552350,drinking_water,1,1,0,0,37.73177922000001,-122.3812578,1 Lillian St,San Francisco,CA,94124,Shoreview Park,publicly_accessible,08:00:00,20:00:00,Daily,,rec,POINT (-122.381257797 37.731779225),10,Bayview Hunters Point,2026/03/10 10:25:27 PM,2026/09/01 09:08:33 AM
Alta Plaza Park - Drinking Fountain/Cooler,5977774770691283958,drinking_water,1,0,0,0,37.791240040000005,-122.43819734,2501 Jackson St,San Francisco,CA,94115,Alta Plaza Park,publicly_accessible,08:00:00,20:00:00,Daily,,rec,POINT (-122.438197336 37.791240039),2,Pacific Heights,2026/03/10 10:25:27 PM,2026/09/01 09:08:33 AM
Washington & Hyde Mini Park - Drinking Fountain/Cooler,5404870891905959329,drinking_water,1,0,0,0,37.79403249,-122.41743067,1470 Washington St,San Francisco,CA,94109,Washington & Hyde Mini Park,limited_access,08:00:00,20:00:00,Daily,,rec,POINT (-122.417430675 37.794032492),3,Russian Hill,2026/03/10 10:25:27 PM,2026/09/01 09:08:33 AM
Embarcadero Pit Stop - Embarcadero Plaza (JCDecaux),7227832692528728198,restroom,0,0,0,0,37.7946278,-122.394598,Embarcadero Plaza (JCDecaux),San Francisco,CA,,Embarcadero Plaza,publicly_accessible,09:00:00,17:00:00,Daily,,pit_stop,POINT (-122.394598 37.7946278),3,Financial District/South Beach,2026/09/01 09:05:57 AM,2026/09/01 09:08:33 AM
Pine Lake Park - Pine Lake Dog Play Area Drinking Fountain,3213821891824334248,drinking_water,1,0,0,0,37.73679298,-122.48263592,2899 19th Ave,San Francisco,CA,94132,Pine Lake Park,publicly_accessible,08:00:00,20:00:00,Daily,,rec,POINT (-122.482635923 37.736792976),4,Sunset/Parkside,2026/03/16 04:10:17 PM,2026/09/01 09:08:33 AM
Salvation Army Headquarters,7376495296883677357,drinking_water,0,1,0,0,37.7814174,-122.4020001,832 Folsom Ave,San Francisco,CA,94107,,publicly_accessible,,,Daily,,puc,POINT (-122.4020001 37.7814174),6,South of Market,2024/06/27 01:43:12 PM,2026/09/01 09:08:33 AM
Youngblood-Coleman Playground - Drinking Fountain/Cooler,3316749868082703836,drinking_water,1,0,0,0,37.73918604,-122.38562639999999,1398 Hudson Ave,San Francisco,CA,94124,Youngblood-Coleman Playground,publicly_accessible,08:00:00,20:00:00,Daily,,rec,POINT (-122.385626405 37.739186042),10,Bayview Hunters Point,2026/03/10 10:25:27 PM,2026/09/01 09:08:33 AM
Mission Pit Stop - 344 14th St.,2466058572733021801,restroom,0,0,0,0,37.7685148,-122.4211539,344 14th St.,San Francisco,CA,,,publicly_accessible,07:00:00,15:00:00,Daily,,pit_stop,POINT (-122.4211539 37.7685148),9,Mission,2026/09/01 09:05:57 AM,2026/09/01 09:08:33 AM
Park Aid Station,2135114861101079118,restroom,0,0,0,0,37.76698923530862,-122.45335104971475,501 Stanyan St,San Francisco,CA,94117,Golden Gate Park - Section 1,limited_access,08:00:00,20:00:00,Daily,,rec,POINT (-122.45335105 37.766989235),5,Golden Gate Park,2026/02/05 08:11:25 PM,2026/09/01 09:08:33 AM
Restrooms,7629794751538283355,restroom,0,0,0,0,37.79171980104912,-122.40509210942763,633 California St,San Francisco,CA,94108,St. Mary's Square,publicly_accessible,08:00:00,20:00:00,Daily,,rec,POINT (-122.405092109 37.791719801),3,Financial District/South Beach,2025/12/08 07:45:05 PM,2026/09/01 09:08:33 AM
Cabrillo Playground - Drinking Fountain/Cooler,6211239868468040465,drinking_water,1,0,0,0,37.77297409,-122.49900826999999,851 38th Ave,San Francisco,CA,94121,Cabrillo Playground,publicly_accessible,08:00:00,20:00:00,Daily,,rec,POINT (-122.499008268 37.772974091),1,Outer Richmond,2026/03/10 10:25:27 PM,2026/09/01 09:08:33 AM
