_id,ASSET_ID,LOCATION,ALTERNATIVE_NAME,TYPE,ACCESSIBLE_FEATURES,HOURS,LOCATION_DETAILS,URL,ADDRESS,PostedDate,AssetName,Reason,Comments,Status,geometry
1,13591,Marie Curtis Park,Marie Curtis Park Beach Washroom,Washroom Building,"Accessible Stall, Child Change Table",9 a.m. to 10 p.m.,Located at the south end of the park close to the beach and creek mouth.,https://www.toronto.ca/explore-enjoy/parks-recreation/places-spaces/parks-and-recreation-facilities/location/?id=6,2 Forty Second St  ,2026-09-22T09:34:42,Marie Curtis Park Beach Washroom,"Women's Washroom Closed, Men's Washroom Open","Women's beach washroom closed for critical repairs. Tentative re-opening Friday, September 25, 2026. Playground washroom (nearest alternative) is open for use.",2,"{""coordinates"": [[-79.54142374, 43.58573804]], ""type"": ""MultiPoint""}"
2,29656,Taylor Creek Park,Taylor Creek Park Washroom,Washroom Building,"Accessible Stall, Entrance at Grade",9 a.m. to 10 p.m.,Located on the pathway east of the parking lot.,https://www.toronto.ca/explore-enjoy/parks-recreation/places-spaces/parks-and-recreation-facilities/location/?id=29,260 Dawes Rd  ,2026-09-22T08:44:00,Taylor Creek Park Washroom,Maintenance/Repairs,Closed due to flooding.,0,"{""coordinates"": [[-79.29838937, 43.69664426]], ""type"": ""MultiPoint""}"
3,29542,James Gardens,James Gardens Washroom,Washroom Building,None,9 a.m. to 10 p.m.,Located on the west side of parking lot.,https://www.toronto.ca/explore-enjoy/parks-recreation/places-spaces/parks-and-recreation-facilities/location/?id=3,99 Edenbridge Dr  ,2026-09-22T07:50:53,James Gardens Washroom,Emergency Response,None,0,"{""coordinates"": [[-79.51476269, 43.67159902]], ""type"": ""MultiPoint""}"
4,29661,Thomson Memorial Park,Thomson Memorial Park South Washroom,Washroom Building,None,9 a.m. to 10 p.m.,Located in the south washroom building of the park. ,https://www.toronto.ca/explore-enjoy/parks-recreation/places-spaces/parks-and-recreation-facilities/location/?id=543,1005 Brimley Rd  ,2026-09-21T09:21:26,Thomson Memorial Park South Washroom,"Men's Washroom Closed, Women's Washroom Open","Woman's Washrooms - Open
Men's and Accessible Washroom - Closed due to vandalism ",0,"{""coordinates"": [[-79.25523249, 43.75759412]], ""type"": ""MultiPoint""}"
5,29502,High Park,High Park Children's Garden Washroom,Washroom Building,Entrance at Grade,9 a.m. to 10 p.m.,Located east of the Children's Garden.,https://www.toronto.ca/explore-enjoy/parks-recreation/places-spaces/parks-and-recreation-facilities/location/?id=77,1873 Bloor St  W ,2026-09-17T12:27:34,High Park Children's Garden Washroom,None,None,1,"{""coordinates"": [[-79.46137056, 43.64174996]], ""type"": ""MultiPoint""}"
6,79459,Don Valley Brick Works,Don Valley Brick Works Washroom ,Washroom Building,None,9 a.m. to 10 p.m.,Located in the western building along the pathway into the park.,https://www.toronto.ca/explore-enjoy/parks-recreation/places-spaces/parks-and-recreation-facilities/location/?id=1449,550 Bayview Ave  ,2026-09-17T09:24:49,Don Valley Brick Works Washroom ,None,None,1,"{""coordinates"": [[-79.36642253, 43.68437785]], ""type"": ""MultiPoint""}"
7,29459,High Park,High Park Chess House Washroom,Washroom Building,"Accessible Stall, Entrance Access Ramp, Automatic Door Opener, Child Change Table",9 a.m. to 10 p.m.,Located in the Chess House building near Bloor Street West.,https://www.toronto.ca/explore-enjoy/parks-recreation/places-spaces/parks-and-recreation-facilities/location/?id=77,1873 Bloor St  W ,2026-09-17T08:05:03,High Park Chess House Washroom,None,None,1,"{""coordinates"": [[-79.46627947, 43.65271761]], ""type"": ""MultiPoint""}"
8,29598,Port Union Village Common Park,Port Union Village Common Park Washroom,Washroom Building,"Accessible Stall, Entrance at Grade, Automatic Door Opener",9 a.m. to 10 p.m.,Located on the pathway between parking lot and the playground.,https://www.toronto.ca/explore-enjoy/parks-recreation/places-spaces/parks-and-recreation-facilities/location/?id=1094,105 Bridgend St  ,2026-09-16T06:25:15,Port Union Village Common Park Washroom,None,None,1,"{""coordinates"": [[-79.1347736, 43.77672534]], ""type"": ""MultiPoint""}"
9,13677,Topham Park,Topham Park Community Centre and Clubhouse Washroom ,Washroom Building,None,9 a.m. to 10 p.m.,Entrance is located on the outside of the Community Centre.,https://www.toronto.ca/explore-enjoy/parks-recreation/places-spaces/parks-and-recreation-facilities/location/?id=276,181 Westview Blvd  ,2026-09-15T12:30:35,Topham Park Community Centre and Clubhouse Washroom ,None,None,1,"{""coordinates"": [[-79.30690823, 43.71078337]], ""type"": ""MultiPoint""}"
10,29383,Dunlop Park,Dunlop Park Washroom,Washroom Building,Entrance at Grade,9 a.m. to 10 p.m.,Located on the pathway between the playground and the splash pad.,https://www.toronto.ca/explore-enjoy/parks-recreation/places-spaces/parks-and-recreation-facilities/location/?id=605,19 Dunlop Ave  ,2026-09-15T06:05:42,Dunlop Park Washroom,Maintenance/Repairs,Closed due to damage from severe vandalism.,0,"{""coordinates"": [[-79.26689423, 43.71281604]], ""type"": ""MultiPoint""}"
11,14102,Toronto Islands - Hanlan's Point,Toronto Islands - Hanlan's Point Ferry Dock Washroom,Washroom Building,"Accessible Stall, Entrance at Grade, Child Change Table",None,"Located on Hanlan's Point south of the ferry dock in the snack/concession stand, washroom building. ",https://www.toronto.ca/explore-enjoy/parks-recreation/places-spaces/parks-and-recreation-facilities/location/?id=2541,9 Queens Quay  W ,2026-09-13T10:16:13,Toronto Islands - Hanlan's Point Ferry Dock Washroom,None,one stall closed in women washroom,2,"{""coordinates"": [[-79.3892846, 43.62743736]], ""type"": ""MultiPoint""}"
12,32743,McCleary Park,McCleary Park Washroom,Washroom Building,"Entrance at Grade, Entrance Access Ramp, Automatic Door Opener",9 a.m. to 10 p.m.,"Located between the baseball diamonds, next to Lake Shore Boulevard.",https://www.toronto.ca/explore-enjoy/parks-recreation/places-spaces/parks-and-recreation-facilities/location/?id=379,755 Lake Shore Blvd  E ,2026-09-13T08:11:31,McCleary Park Washroom,None,None,1,"{""coordinates"": [[-79.34069398, 43.65338408]], ""type"": ""MultiPoint""}"
13,66883,Amos Waites Park,Amos Waites Park Washroom,Washroom Building,None,9 a.m. to 10 p.m.,Located at the east end of the outdoor pool building.,https://www.toronto.ca/explore-enjoy/parks-recreation/places-spaces/parks-and-recreation-facilities/location/?id=939,2441 Lake Shore Blvd  W ,2026-09-11T07:45:50,Amos Waites Park Washroom,Closed for the Season,Closed for the season due to Capital construction.,0,"{""coordinates"": [[-79.48774024, 43.61301625]], ""type"": ""MultiPoint""}"
14,29462,High Park,High Park Colborne Lodge Coach House  Washroom,Washroom Building,"Accessible Stall, Entrance at Grade",9 a.m. to 10 p.m.,Located in the coach house building north of Colborne Lodge.,https://www.toronto.ca/explore-enjoy/parks-recreation/places-spaces/parks-and-recreation-facilities/location/?id=77,1873 Bloor St  W ,2026-09-10T08:52:49,High Park Colborne Lodge Coach House  Washroom,None,None,1,"{""coordinates"": [[-79.46007316, 43.64065803]], ""type"": ""MultiPoint""}"
15,36324,Kew Gardens,Kew Gardens Playground Washroom,Washroom Building,"Entrance at Grade, Child Change Table",9 a.m. to 10 p.m.,Located on a pathway between the wading pool and the playground.,https://www.toronto.ca/explore-enjoy/parks-recreation/places-spaces/parks-and-recreation-facilities/location/?id=107,2075 Queen St  E ,2026-09-09T09:20:41,Kew Gardens Playground Washroom,Maintenance/Repairs,None,0,"{""coordinates"": [[-79.29995589, 43.66927847]], ""type"": ""MultiPoint""}"
16,347,Esther Shiner Stadium,Esther Shiner Stadium Washroom,Washroom Building,None,9 a.m. to 10 p.m.,Located at the main entrance to the stadium.,https://www.toronto.ca/explore-enjoy/parks-recreation/places-spaces/parks-and-recreation-facilities/location/?id=320,5720 Bathurst St  ,2026-09-08T12:22:14,Esther Shiner Stadium Washroom,None,None,1,"{""coordinates"": [[-79.44546332, 43.77604296]], ""type"": ""MultiPoint""}"
17,1981,Sunnybrook Park,Sunnybrook Park Washroom,"All-Gender Washroom, Accessible Washroom","Entrance at Grade, Powered Door Opener, Child Change Table",9 a.m. to 10 p.m.,Located in the washroom building.,https://www.toronto.ca/explore-enjoy/parks-recreation/places-spaces/parks-and-recreation-facilities/location/?id=28,1132 Leslie St  ,2026-09-08T11:04:58,Sunnybrook Park Washroom,None,None,1,"{""coordinates"": [[-79.36275712, 43.72293119]], ""type"": ""MultiPoint""}"
18,29384,E.T. Seton Park,E.T. Seton Park Washroom,Washroom Building,"Accessible Stall, Entrance at Grade",9 a.m. to 10 p.m.,Located on the pathway between the north parking lot and archery range.,https://www.toronto.ca/explore-enjoy/parks-recreation/places-spaces/parks-and-recreation-facilities/location/?id=1061,73 Thorncliffe Park Dr  ,2026-09-08T11:04:30,E.T. Seton Park Washroom,None,None,1,"{""coordinates"": [[-79.33740437, 43.70942662]], ""type"": ""MultiPoint""}"
19,28901,Sherbourne Common,Sherbourne Common Outdoor Rink Washroom,Washroom Building,None,9 a.m. to 10 p.m.,Entrance is located on the outside of the outdoor ice rink building.,https://www.toronto.ca/explore-enjoy/parks-recreation/places-spaces/parks-and-recreation-facilities/location/?id=1860,5 Lower Sherbourne St  ,2026-09-08T09:42:42,Sherbourne Common Outdoor Rink Washroom,None,None,1,"{""coordinates"": [[-79.36452571, 43.64455126]], ""type"": ""MultiPoint""}"
20,29300,Bluffer's Park,Bluffer's Park East Washroom,Washroom Building,"Accessible Stall, Entrance at Grade",9 a.m. to 10 p.m.,Located on a pathway between the east parking lot and the beach.,https://www.toronto.ca/explore-enjoy/parks-recreation/places-spaces/parks-and-recreation-facilities/location/?id=2,1 Brimley Rd  S ,2026-09-08T07:11:10,Bluffer's Park East Washroom,Under Construction,None,0,"{""coordinates"": [[-79.22743337, 43.71303079]], ""type"": ""MultiPoint""}"
21,5635,High Park,High Park Outdoor Pool / Rink Building Washroom,Washroom Building,"Accessible Stall, Entrance at Grade",View facility hours,Located in the outdoor pool and ice rink building.,https://www.toronto.ca/explore-enjoy/parks-recreation/places-spaces/parks-and-recreation-facilities/location/?id=77,1873 Bloor St  W ,2026-09-04T14:59:43,High Park Outdoor Pool / Rink Building Washroom,None,None,1,"{""coordinates"": [[-79.46578969, 43.64951381]], ""type"": ""MultiPoint""}"
22,29286,Bickford Park,Bickford Park Washroom,Washroom Building,"Accessible Stall, Entrance at Grade, Child Change Table",9 a.m. to 10 p.m.,Located at the south end of the park next to dog off-leash area and the baseball diamond.,https://www.toronto.ca/explore-enjoy/parks-recreation/places-spaces/parks-and-recreation-facilities/location/?id=295,400 Grace St  ,2026-09-04T13:40:15,Bickford Park Washroom,None,None,1,"{""coordinates"": [[-79.41804098, 43.66036425]], ""type"": ""MultiPoint""}"
23,79231,Bellevue Square Park,Bellevue Square Park Washroom,Washroom Building,None,9 a.m. to 10 p.m.,Located at the east end of the playground.,https://www.toronto.ca/explore-enjoy/parks-recreation/places-spaces/parks-and-recreation-facilities/location/?id=263,5 Bellevue Ave,2026-09-04T13:39:43,Bellevue Square Park Washroom,None,None,1,"{""coordinates"": [[-79.40211534, 43.65359563]], ""type"": ""MultiPoint""}"
24,29280,Bellbury Park,Bellbury Park Tennis Club Washroom,Washroom Building,"Accessible Stall, Entrance at Grade, Child Change Table",9 a.m. to 10 p.m.,Located on the north side of the tennis courts next to the parking lot.,https://www.toronto.ca/explore-enjoy/parks-recreation/places-spaces/parks-and-recreation-facilities/location/?id=519,55 Van Horne Ave  ,2026-09-04T10:27:15,Bellbury Park Tennis Club Washroom,None,None,1,"{""coordinates"": [[-79.36093863, 43.78447053]], ""type"": ""MultiPoint""}"
25,29566,Lytton Park,Lytton Park Tennis Clubhouse Washroom,Washroom Building,"Accessible Stall, Entrance Access Ramp, Child Change Table",9 a.m. to 10 p.m.,Located on a pathway at the south end of the tennis courts and next to the bowling greens.,https://www.toronto.ca/explore-enjoy/parks-recreation/places-spaces/parks-and-recreation-facilities/location/?id=138,200 Lytton Blvd  ,2026-09-04T09:56:00,Lytton Park Tennis Clubhouse Washroom,None,None,1,"{""coordinates"": [[-79.41074681, 43.71529366]], ""type"": ""MultiPoint""}"
26,29581,Morse Street Playground,Morse Street Playground Washroom,Washroom Building,Entrance at Grade,9 a.m. to 10 p.m.,Located next to the playground.,https://www.toronto.ca/explore-enjoy/parks-recreation/places-spaces/parks-and-recreation-facilities/location/?id=174,76 Morse St  ,2026-09-03T13:08:41,Morse Street Playground Washroom,"Men's Washroom Closed, Women's Washroom Open",Male washroom will be closed at sunset. ,2,"{""coordinates"": [[-79.3398727, 43.65656653]], ""type"": ""MultiPoint""}"
27,75662,Summerlea Park,Summerlea Park North Parking Lot Washroom,Washroom Building,"Accessible Stall, Entrance at Grade",9 a.m. to 10 p.m.,Located at the east end of the north parking lot near the park pathway.,https://www.toronto.ca/explore-enjoy/parks-recreation/places-spaces/parks-and-recreation-facilities/location/?id=870,2 Arcot Blvd  ,2026-09-03T09:14:51,Summerlea Park North Parking Lot Washroom,Emergency Response,Access blocked to washroom.,0,"{""coordinates"": [[-79.54980698, 43.72988958]], ""type"": ""MultiPoint""}"
28,36503,Serena Gundy Park,Serena Gundy Park Washroom ,Washroom Building,"Accessible Stall, Entrance at Grade",9 a.m. to 10 p.m.,Located on the park pathway across from Picnic Site #1.,https://www.toronto.ca/explore-enjoy/parks-recreation/places-spaces/parks-and-recreation-facilities/location/?id=26,58 Rykert Cres  ,2026-09-02T20:25:56,Serena Gundy Park Washroom ,Maintenance/Repairs,None,0,"{""coordinates"": [[-79.35703861, 43.71862545]], ""type"": ""MultiPoint""}"
29,29589,Northwood Park,Northwood Park Washroom ,Washroom Building,"Accessible Stall, Entrance at Grade",9 a.m. to 10 p.m.,"Located on the pathway 100 metres north of the parking lot, near Picnic Site #2.",https://www.toronto.ca/explore-enjoy/parks-recreation/places-spaces/parks-and-recreation-facilities/location/?id=481,140 Stilecroft Dr  ,2026-09-02T20:25:23,Northwood Park Washroom ,Maintenance/Repairs,None,0,"{""coordinates"": [[-79.49686636, 43.74763687]], ""type"": ""MultiPoint""}"
30,29375,Downsview Dells Park,Downsview Dells Park North Washroom,Washroom Building,None,9 a.m. to 10 p.m.,"Located across from Picnic Site #3, east of the last parking lot.",https://www.toronto.ca/explore-enjoy/parks-recreation/places-spaces/parks-and-recreation-facilities/location/?id=468,2515 Jane St  ,2026-09-02T20:25:01,Downsview Dells Park North Washroom,Maintenance/Repairs,None,0,"{""coordinates"": [[-79.50093668, 43.73662343]], ""type"": ""MultiPoint""}"
31,29415,Fred Hamilton Playground,Fred Hamilton Playground Washroom,Washroom Building,"Accessible Stall, Entrance at Grade, Automatic Door Opener",9 a.m. to 10 p.m.,Located at the top of the hill on the pathway next to the bocce courts.,https://www.toronto.ca/explore-enjoy/parks-recreation/places-spaces/parks-and-recreation-facilities/location/?id=72,155 Roxton Rd  ,2026-09-02T07:48:03,Fred Hamilton Playground Washroom,None,None,1,"{""coordinates"": [[-79.42039563, 43.65272186]], ""type"": ""MultiPoint""}"
32,29614,Riverdale Park West,Riverdale Park West Washroom ,Washroom Building,None,9 a.m. to 10 p.m.,Located near the end of the pathway close to the southern ball diamond.,https://www.toronto.ca/explore-enjoy/parks-recreation/places-spaces/parks-and-recreation-facilities/location/?id=344,375 Sumach St  ,2026-09-01T14:09:16,Riverdale Park West Washroom ,None,None,1,"{""coordinates"": [[-79.35943234, 43.66528558]], ""type"": ""MultiPoint""}"
33,29685,Toronto Islands - Toronto Island Park,Toronto Islands - Toronto Island Park Avenue of the Islands Washroom,Washroom Building,"Accessible Stall, Entrance at Grade, Child Change Table",None,Located on the south side of the pathway between the Centre Island ferry docks and Centreville. Near the east side of picnic area 13.,https://www.toronto.ca/explore-enjoy/parks-recreation/places-spaces/parks-and-recreation-facilities/location/?id=2024,9 Queens Quay  W ,2026-09-01T11:12:57,Toronto Islands - Toronto Island Park Avenue of the Islands Washroom,Maintenance/Repairs,one urinal closed,2,"{""coordinates"": [[-79.37630671, 43.62027855]], ""type"": ""MultiPoint""}"
34,29307,Bluffer's Park,Bluffer's Park Washroom,Washroom Building,None,9 a.m. to 10 p.m.,"Located on the west side of the park, next to the boat launch.",https://www.toronto.ca/explore-enjoy/parks-recreation/places-spaces/parks-and-recreation-facilities/location/?id=2,1 Brimley Rd  S ,2026-09-01T10:20:57,Bluffer's Park Washroom,None,None,1,"{""coordinates"": [[-79.23490537, 43.70614828]], ""type"": ""MultiPoint""}"
35,36974,Corktown Common,Corktown Common Pavilion Washroom,Washroom Building,None,9 a.m. to 10 p.m.,Located in the pavillion between the splash pad and the playground.,https://www.toronto.ca/explore-enjoy/parks-recreation/places-spaces/parks-and-recreation-facilities/location/?id=3499,155 Bayview Ave  ,2026-08-28T11:46:20,Corktown Common Pavilion Washroom,None,None,1,"{""coordinates"": [[-79.35232496, 43.65347379]], ""type"": ""MultiPoint""}"
36,32744,Pantry Park,Pantry Park Fieldhouse Washroom,Washroom Building,"Accessible Stall, Entrance at Grade",9 a.m. to 10 p.m.,Located at the south end of the park next to Kewbeach Avenue.,https://www.toronto.ca/explore-enjoy/parks-recreation/places-spaces/parks-and-recreation-facilities/location/?id=254,70 Kewbeach Ave  ,2026-08-27T10:56:01,Pantry Park Fieldhouse Washroom,None,None,1,"{""coordinates"": [[-79.30189753, 43.6664395]], ""type"": ""MultiPoint""}"
37,29570,Marie Curtis Park,Marie Curtis Park Playground Washroom,Washroom Building,None,9 a.m. to 10 p.m.,Located on a pathway near the spash pad and playground.,https://www.toronto.ca/explore-enjoy/parks-recreation/places-spaces/parks-and-recreation-facilities/location/?id=6,2 Forty Second St  ,2026-08-26T10:19:18,Marie Curtis Park Playground Washroom,None,None,1,"{""coordinates"": [[-79.54305009, 43.5876958]], ""type"": ""MultiPoint""}"
38,29442,Toronto Islands - Hanlan's Point Park,Toronto Islands - Hanlan’s Point Mid-Hanlan's Washroom,Washroom Building,"Accessible Stall, Entrance at Grade, Child Change Table",None,Located on the pathway east of beach access #4.,https://www.toronto.ca/explore-enjoy/parks-recreation/places-spaces/parks-and-recreation-facilities/location/?id=2541,9 Queens Quay  W ,2026-08-25T15:32:22,Toronto Islands – Hanlan’s Point Mid-Hanlan’s Washroom,Technical Issues,Women's handicapped stall closed for repairs,2,"{""coordinates"": [[-79.39111537, 43.61913351]], ""type"": ""MultiPoint""}"
39,32882,Silverbirch Boat House,Silverbirch Boat House Washroom,Washroom Building,"Entrance at Grade, Entrance Access Ramp",9 a.m. to 10 p.m.,Located at the east end of the boardwalk.,https://www.toronto.ca/explore-enjoy/parks-recreation/places-spaces/parks-and-recreation-facilities/location/?id=1101,2 Silver Birch Ave  ,2026-08-25T12:49:14,Silverbirch Boat House Washroom,None,None,1,"{""coordinates"": [[-79.28472318, 43.67032614]], ""type"": ""MultiPoint""}"
40,29404,Eringate Park,Eringate Park Washroom ,Washroom Building,Accessible Stall,9 a.m. to 10 p.m.,Located between the outdoor pool and the south baseball diamond.,https://www.toronto.ca/explore-enjoy/parks-recreation/places-spaces/parks-and-recreation-facilities/location/?id=840,121 Wellesworth Dr  ,2026-08-25T07:58:44,Eringate Park Washroom,Maintenance/Repairs,None,0,"{""coordinates"": [[-79.5815557, 43.66233095]], ""type"": ""MultiPoint""}"
41,29634,Seven Oaks Park,Seven Oaks Park Washroom,Washroom Building,"Accessible Stall, Entrance at Grade",9 a.m. to 10 p.m.,"Located south of the tennis courts, next to the parking lot.",https://www.toronto.ca/explore-enjoy/parks-recreation/places-spaces/parks-and-recreation-facilities/location/?id=590,372 Military Trl  ,2026-08-24T12:46:54,Seven Oaks Park Washroom,None,None,1,"{""coordinates"": [[-79.21006559, 43.78794079]], ""type"": ""MultiPoint""}"
42,29556,Leslie Grove Park,Leslie Grove Park Washroom,Washroom Building,None,9 a.m. to 10 p.m.,Located in the fieldhouse.,https://www.toronto.ca/explore-enjoy/parks-recreation/places-spaces/parks-and-recreation-facilities/location/?id=123,1158 Queen St  E ,2026-08-21T17:01:29,Leslie Grove Park Washroom,None,None,1,"{""coordinates"": [[-79.33365154, 43.66268457]], ""type"": ""MultiPoint""}"
43,57282,Sorauren Avenue Park,Sorauren Avenue Park Fieldhouse Washroom ,"All-Gender Washroom, Accessible Washroom","Accessible Stall, Entrance at Grade, Child Change Table",9 a.m. to 10 p.m.,Located south of the baseball diamond and Wabash Avenue.,https://www.toronto.ca/explore-enjoy/parks-recreation/places-spaces/parks-and-recreation-facilities/location/?id=348,289 Sorauren Ave,2026-08-20T12:21:36,Sorauren Avenue Park Fieldhouse Washroom ,None,None,1,"{""coordinates"": [[-79.4430681, 43.64805463]], ""type"": ""MultiPoint""}"
44,79226,Jean Sibelius Square,Jean Sibelius Square Fieldhouse Washroom,All-Gender Washroom,Entrance at Grade,9 a.m. to 10 p.m.,Located in the fieldhouse building at the northwest corner of the park.,https://www.toronto.ca/explore-enjoy/parks-recreation/places-spaces/parks-and-recreation-facilities/location/?id=151,50 Kendal Ave  ,2026-08-18T13:12:49,Jean Sibelius Square Fieldhouse Washroom,None,None,1,"{""coordinates"": [[-79.40922222, 43.67161176]], ""type"": ""MultiPoint""}"
45,37108,Cherry Beach Clarke Beach Park,Cherry Beach Clarke Beach Park Washroom,Washroom Building,"Accessible Stall, Entrance at Grade, Entrance Access Ramp, Child Change Table",9 a.m. to 10 p.m.,Located between the parking lot and the beach.,https://www.toronto.ca/explore-enjoy/parks-recreation/places-spaces/parks-and-recreation-facilities/location/?id=209,1 Cherry St  ,2026-08-17T09:38:51,Cherry Beach Clarke Beach Park Washroom,None,None,1,"{""coordinates"": [[-79.34429281, 43.6368796]], ""type"": ""MultiPoint""}"
46,45442,Colonel Danforth Park,Colonel Danforth Park Washroom,Washroom Building,Entrance at Grade,9 a.m. to 10 p.m.,Located on the pathway west of the parking lot.,https://www.toronto.ca/explore-enjoy/parks-recreation/places-spaces/parks-and-recreation-facilities/location/?id=4,73 Colonel Danforth Trl  ,2026-08-13T14:48:12,Colonel Danforth Park Washroom,None,None,1,"{""coordinates"": [[-79.16492968, 43.77715782]], ""type"": ""MultiPoint""}"
47,46142,Cherry Beach Sports Fields,Cherry Beach Sports Fields Washroom,Washroom Building,"Accessible Stall, Entrance at Grade, Child Change Table",9 a.m. to 10 p.m.,Located in the building next to the east sports field.,https://www.toronto.ca/explore-enjoy/parks-recreation/places-spaces/parks-and-recreation-facilities/location/?id=459,275 Unwin Ave  ,2026-08-13T12:54:35,Cherry Beach Sports Fields Washroom,None,None,1,"{""coordinates"": [[-79.34166941, 43.64128791]], ""type"": ""MultiPoint""}"
48,101976,Tommy Thompson Park,Tommy Thompson Park Washroom,Washroom Building,None,9 a.m. to 10 p.m.,Located in the entrance of the pavilion.,https://www.toronto.ca/explore-enjoy/parks-recreation/places-spaces/parks-and-recreation-facilities/location/?id=2441,1 Leslie St  ,2026-08-13T12:46:56,Tommy Thompson Park Washroom,None,None,1,"{""coordinates"": [[-79.32248376, 43.65169242]], ""type"": ""MultiPoint""}"
49,97106,David A. Balfour Park,David A. Balfour Park Washroom,Washroom Building,None,9 a.m. to 10 p.m.,Located near the corner of Rosehill and Avoca Avenues.,https://www.toronto.ca/explore-enjoy/parks-recreation/places-spaces/parks-and-recreation-facilities/location/?id=143,75 Rosehill Ave  ,2026-08-11T10:38:08,David A. Balfour Park Washroom,None,None,1,"{""coordinates"": [[-79.38759769, 43.68691519]], ""type"": ""MultiPoint""}"
50,79343,Grange Park,Grange Park South Washroom,"All-Gender Washroom, Accessible Washroom","Accessible Stall, Entrance at Grade, Automatic Door Opener",9 a.m. to 10 p.m.,"Located at the south-end of the park on Grange Road, opposite University Settlement.",https://www.toronto.ca/explore-enjoy/parks-recreation/places-spaces/parks-and-recreation-facilities/location/?id=1431,26 Grange Rd  W ,2026-08-11T06:54:27,Grange Park South Washroom,None,None,1,"{""coordinates"": [[-79.39135089, 43.65256584]], ""type"": ""MultiPoint""}"
51,29298,Blantyre Park,Blantyre Park Fieldhouse Washroom,Washroom Building,Entrance at Grade,9 a.m. to 10 p.m.,"Located next to the parking lot, west of the baseball diamond.",https://www.toronto.ca/explore-enjoy/parks-recreation/places-spaces/parks-and-recreation-facilities/location/?id=557,180 Fallingbrook Rd  ,2026-08-07T07:29:55,Blantyre Park Fieldhouse Washroom,None,None,1,"{""coordinates"": [[-79.2811334, 43.68227904]], ""type"": ""MultiPoint""}"
52,29579,Morningside Park,Morningside Park Central Picnic Site Washroom,Washroom Building,None,9 a.m. to 10 p.m.,Located in the grassy area near the forested area west of Picnic Site #1.,https://www.toronto.ca/explore-enjoy/parks-recreation/places-spaces/parks-and-recreation-facilities/location/?id=1470,390 Morningside Ave  ,2026-08-06T14:05:23,Morningside Park Central Picnic Site Washroom,None,None,1,"{""coordinates"": [[-79.19720228, 43.77781526]], ""type"": ""MultiPoint""}"
53,29616,Rosedale Park,Rosedale Park Tennis Clubhouse Washroom,Washroom Building,"Entrance at Grade, Entrance Access Ramp",9 a.m. to 10 p.m.,Located on the pathway between the tennis courts and the splash pad.,https://www.toronto.ca/explore-enjoy/parks-recreation/places-spaces/parks-and-recreation-facilities/location/?id=210,20 Scholfield Ave  ,2026-08-04T11:27:59,Rosedale Park Tennis Clubhouse Washroom,None,None,1,"{""coordinates"": [[-79.37905467, 43.68336807]], ""type"": ""MultiPoint""}"
54,29606,Ramsden Park,Ramsden Park Washroom ,Washroom Building,"Accessible Stall, Entrance at Grade",9 a.m. to 10 p.m.,Located on the pathway south of the western most tennis courts.,https://www.toronto.ca/explore-enjoy/parks-recreation/places-spaces/parks-and-recreation-facilities/location/?id=167,1020 Yonge St  ,2026-08-04T07:41:00,Ramsden Park Washroom ,None,None,1,"{""coordinates"": [[-79.39496524, 43.67620586]], ""type"": ""MultiPoint""}"
55,971579,Trinity Bellwoods Park,Trinity Bellwoods Playground Washroom,Accessible Washroom,None,9 a.m. to 10 p.m.,Entrance is located on the outside of the Community Center next to the playground.,https://www.toronto.ca/explore-enjoy/parks-recreation/places-spaces/parks-and-recreation-facilities/location/?id=241,790 Queen St  W ,2026-08-02T14:36:12,Trinity Bellwoods Playground Washroom,"Men's Washroom Closed, Women's Washroom Open",Maintenance/repairs,2,"{""coordinates"": [[-79.41475225, 43.64661426]], ""type"": ""MultiPoint""}"
56,1846,Leaside Outdoor Pool,Leaside Park Washroom,Washroom Building,None,9 a.m. to 10 p.m.,Entrance is located on the outside of the outdoor pool building.,https://www.toronto.ca/explore-enjoy/parks-recreation/places-spaces/parks-and-recreation-facilities/location/?id=425,5 Leaside Park Dr  ,2026-08-01T18:10:35,Leaside Outdoor Pool Washroom,None,None,1,"{""coordinates"": [[-79.34983349, 43.70246121]], ""type"": ""MultiPoint""}"
57,29332,Elie Wiesel Park,Elie Wiesel Park Washroom ,Washroom Building,Entrance at Grade,9 a.m. to 10 p.m.,Located north of the baseball diamond and west of the tennis courts.,https://www.toronto.ca/explore-enjoy/parks-recreation/places-spaces/parks-and-recreation-facilities/location/?id=490,30 Palm Dr  ,2026-07-31T16:41:17,Elie Wiesel Park Washroom ,None,None,1,"{""coordinates"": [[-79.43774264, 43.74605651]], ""type"": ""MultiPoint""}"
58,29746,Wishing Well Park,Wishing Well Park Fieldhouse Washroom ,Washroom Building,Accessible Stall,9 a.m. to 10 p.m.,Located on the pathway next to the tennis courts.,https://www.toronto.ca/explore-enjoy/parks-recreation/places-spaces/parks-and-recreation-facilities/location/?id=586,1700 Pharmacy Ave  ,2026-07-31T06:49:27,Wishing Well Park Fieldhouse Washroom ,None,None,1,"{""coordinates"": [[-79.31696457, 43.76983933]], ""type"": ""MultiPoint""}"
59,29561,Lithuania Park,Lithuania Park Washroom,Washroom Building,"Accessible Stall, Entrance Access Ramp, Automatic Door Opener",9 a.m. to 10 p.m.,Located on the pathway in the northwest corner of the park near Oakmount Road.,https://www.toronto.ca/explore-enjoy/parks-recreation/places-spaces/parks-and-recreation-facilities/location/?id=125,155 Oakmount Rd  ,2026-07-30T07:53:04,Lithuania Park Washroom,Technical Issues,"The men's and women's washrooms are closed due to technical issues, and repairs",0,"{""coordinates"": [[-79.46403823, 43.65900803]], ""type"": ""MultiPoint""}"
60,36482,Christie Pits Park,Christie Pits Park Washroom,Washroom Building,None,9 a.m. to 10 p.m.,Located north of the wading pool.,https://www.toronto.ca/explore-enjoy/parks-recreation/places-spaces/parks-and-recreation-facilities/location/?id=196,750 Bloor St  W ,2026-07-29T12:49:34,Christie Pits Park Washroom,None,None,1,"{""coordinates"": [[-79.42070512, 43.66482409]], ""type"": ""MultiPoint""}"
61,79344,Grange Park,Grange Park North Washroom,"All-Gender Washroom, Accessible Washroom","Entrance at Grade, Powered Door Opener",9 a.m. to 10 p.m.,"Located at the south-end of the park on Grange Road, opposite University Settlement.",https://www.toronto.ca/explore-enjoy/parks-recreation/places-spaces/parks-and-recreation-facilities/location/?id=1431,26 Grange Rd  W,2026-07-27T07:30:07,Grange Park North Washroom,Maintenance/Repairs,None,0,"{""coordinates"": [[-79.39137224, 43.65266885]], ""type"": ""MultiPoint""}"
62,36442,Humber Bay Park West,Humber Bay Park West Washroom,Washroom Building,"Accessible Stall, Entrance at Grade, Child Change Table",9 a.m. to 10 p.m.,Located on the west side of the parking lot.,https://www.toronto.ca/explore-enjoy/parks-recreation/places-spaces/parks-and-recreation-facilities/location/?id=1074,2225 Lake Shore Blvd  W ,2026-07-25T07:10:37,Humber Bay Park West Washroom,None,None,1,"{""coordinates"": [[-79.48051239, 43.61953924]], ""type"": ""MultiPoint""}"
63,41662,Glamorgan Park,Glamorgan Park Washroom,Washroom Building,Entrance at Grade,9 a.m. to 10 p.m.,Located next to the splash pad.,https://www.toronto.ca/explore-enjoy/parks-recreation/places-spaces/parks-and-recreation-facilities/location/?id=668,50 Antrim Cres  ,2026-07-24T12:22:00,Glamorgan Park Washroom,None,None,1,"{""coordinates"": [[-79.28808876, 43.77259489]], ""type"": ""MultiPoint""}"
64,29711,Toronto Islands - Ward's Island,Toronto Islands - Ward's Island Fire Station Washroom,Washroom Building,None,None,"Located on the west side of the Fire Station, entrance from the outside.",https://www.toronto.ca/explore-enjoy/parks-recreation/places-spaces/parks-and-recreation-facilities/location/?id=2039,None,2026-07-23T10:35:44,Toronto Islands - Ward’s Island Firehall Washroom,None,None,1,"{""coordinates"": [[-79.35931032, 43.62512425]], ""type"": ""MultiPoint""}"
65,13481,Eglinton Flats,Eglinton Flats Northwest Service Building Washroom,Washroom Building,"Accessible Stall, Entrance at Grade",9 a.m. to 10 p.m.,Located in the service building.,https://www.toronto.ca/explore-enjoy/parks-recreation/places-spaces/parks-and-recreation-facilities/location/?id=9,101 Emmett Ave  ,2026-07-17T10:11:24,Eglinton Flats Northwest Service Building Washroom,None,None,1,"{""coordinates"": [[-79.50571924, 43.68595398]], ""type"": ""MultiPoint""}"
66,989457,Scarborough Arena Gardens ,Scarborough Arena Gardens Washroom,"Universal Washroom, All-Gender Washroom, Accessible Washroom","Accessible Stall, Entrance at Grade, Adult Change Table, Automatic Door Opener",None,Located inside the Arena in the northwest corner.,https://www.toronto.ca/explore-enjoy/parks-recreation/places-spaces/parks-and-recreation-facilities/location/?id=3493,75 Birchmount Rd.,2026-07-16T10:03:26,Scarborough Arena Gardens Washroom,None,None,1,"{""coordinates"": [[-79.26197599, 43.69466182]], ""type"": ""MultiPoint""}"
67,1001027,Old Fire Hall 30 Community Centre,Old Fire Hall 30 Community Centre Washroom ,"Universal Washroom, All-Gender Washroom, Accessible Washroom","Accessible Stall, Entrance at Grade, Adult Change Table, Automatic Door Opener",None,Located inside the Community Recreation Centre.,https://www.toronto.ca/explore-enjoy/parks-recreation/places-spaces/parks-and-recreation-facilities/location/?id=3861,31 Commissioners St,2026-07-16T10:03:06,Old Fire Hall 30 Community Centre Washroom,None,None,1,"{""coordinates"": [[-79.34989403, 43.64588961]], ""type"": ""MultiPoint""}"
68,101973,Centennial Park - Etobicoke,Centennial Park Etobicoke Picnic Site 6 Washroom,Washroom Building,None,9 a.m. to dusk,Located next to Picnic Site #6.,https://www.toronto.ca/explore-enjoy/parks-recreation/places-spaces/parks-and-recreation-facilities/location/?id=798,256 Centennial Park Rd,2026-07-15T09:39:21,Centennial Park Etobicoke Picnic Site 6 Washroom,None,None,1,"{""coordinates"": [[-79.59015502, 43.65205699]], ""type"": ""MultiPoint""}"
69,34605,Toronto Islands - Ward's Island,Toronto Islands - Ward's Island Baseball Diamond Washroom,Washroom Building,"Accessible Stall, Entrance at Grade",None,Located on Ward's Island east of the baseball diamond in the washroom building.,https://www.toronto.ca/explore-enjoy/parks-recreation/places-spaces/parks-and-recreation-facilities/location/?id=2039,1 Centre Island Park  ,2026-07-15T08:15:48,Toronto Islands - Ward's Island Baseball Diamond Washroom,None,None,1,"{""coordinates"": [[-79.35380865, 43.63125968]], ""type"": ""MultiPoint""}"
70,29443,Harbour Square Park,Harbour Square Park Lands Fieldhouse Washroom,Washroom Building,"Accessible Stall, Entrance at Grade",9 a.m. to 10 p.m.,Located in fieldhouse southwest of the entrance to the Jack Layton Ferry Terminal.,https://www.toronto.ca/explore-enjoy/parks-recreation/places-spaces/parks-and-recreation-facilities/location/?id=74,25 Queens Quay W ,2026-07-13T22:28:51,Harbour Square Park Lands Fieldhouse Washroom,None,None,1,"{""coordinates"": [[-79.3758139, 43.64008423]], ""type"": ""MultiPoint""}"
71,29751,Withrow Park,Withrow Park North Washroom,Washroom Building,None,9 a.m. to 10 p.m.,Located in the fieldhouse north of the firepit.,https://www.toronto.ca/explore-enjoy/parks-recreation/places-spaces/parks-and-recreation-facilities/location/?id=306,725 Logan Ave  ,2026-07-13T15:19:50,Withrow Park North Washroom,None,None,1,"{""coordinates"": [[-79.34754475, 43.67558828]], ""type"": ""MultiPoint""}"
72,29509,High Park,High Park Upper Hillside Washroom,Washroom Building,Entrance at Grade,9 a.m. to 10 p.m.,Located on the pathway from the last West Road parking lot.,https://www.toronto.ca/explore-enjoy/parks-recreation/places-spaces/parks-and-recreation-facilities/location/?id=77,1873 Bloor St  W ,2026-07-13T13:52:54,High Park Upper Hillside Washroom,None,None,1,"{""coordinates"": [[-79.466897, 43.64510606]], ""type"": ""MultiPoint""}"
73,28882,Alexandra Park,Harry R. Gairey Outdoor Rink Washroom,Washroom Building,Entrance at Grade,View outdoor rink hours,Located in the rink building at the west end of the outdoor ice rinks.,https://www.toronto.ca/explore-enjoy/parks-recreation/places-spaces/parks-and-recreation-facilities/location/?id=31,275 Bathurst St  ,2026-07-13T10:45:30,Alexandra Park / Harry R. Gairey Outdoor Rink Washroom,Maintenance/Repairs,Maintenance/repairs,0,"{""coordinates"": [[-79.40455592, 43.6513412]], ""type"": ""MultiPoint""}"
74,13016,Centennial Park - Etobicoke,Centennial Park Rob Ford Stadium Accessible Washrooms,Washroom Building,Automatic Door Opener,9 a.m. to 10 p.m.,Located on the west side of Centennial Park Stadium at the south end.,https://www.toronto.ca/explore-enjoy/parks-recreation/places-spaces/parks-and-recreation-facilities/location/?id=798,256 Centennial Park Rd  ,2026-07-09T08:53:57,Centennial Park - Rob Ford Stadium Accessible Washrooms,Maintenance/Repairs,Women's Accessible Washroom Closed for Repairs. ,2,"{""coordinates"": [[-79.58513567, 43.65337048]], ""type"": ""MultiPoint""}"
75,29527,Home Smith Park,Home Smith Park Washroom ,Washroom Building,"Accessible Stall, Entrance at Grade",9 a.m. to 10 p.m.,Located on the pathway next to Picnic Site #2.,https://www.toronto.ca/explore-enjoy/parks-recreation/places-spaces/parks-and-recreation-facilities/location/?id=15,4101 Dundas St  W ,2026-07-09T07:24:03,Home Smith Park Washroom ,None,None,1,"{""coordinates"": [[-79.50130041, 43.65855864]], ""type"": ""MultiPoint""}"
76,29411,Fergy Brown Park,Fergy Brown Park Washroom ,Washroom Building,Accessible Stall,9 a.m. to 10 p.m.,Located on the pathway south of the parking lot between the cricket pitches.,https://www.toronto.ca/explore-enjoy/parks-recreation/places-spaces/parks-and-recreation-facilities/location/?id=2288,3700 Eglinton Ave  W ,2026-07-07T13:26:11,Fergy Brown Park Washroom ,None,None,1,"{""coordinates"": [[-79.49704898, 43.68731374]], ""type"": ""MultiPoint""}"
77,29600,Prairie Drive Park,Prairie Drive Park Washroom ,Washroom Building,Entrance at Grade,9 a.m. to 10 p.m.,Located on the pathway between parking lot and the playground.,https://www.toronto.ca/explore-enjoy/parks-recreation/places-spaces/parks-and-recreation-facilities/location/?id=733,101 Pharmacy Ave  ,2026-07-07T07:58:15,Prairie Drive Park Washroom ,None,None,1,"{""coordinates"": [[-79.28394728, 43.69721943]], ""type"": ""MultiPoint""}"
78,29644,Stanley Park North - Toronto,Stanley Park North Toronto Playground Washroom ,Washroom Building,"Accessible Stall, Entrance at Grade",9 a.m. to 10 p.m.,"Located near the King Street entrance, next to the playground.",https://www.toronto.ca/explore-enjoy/parks-recreation/places-spaces/parks-and-recreation-facilities/location/?id=212,890 King St  W ,2026-07-03T08:40:25,Stanley Park North Toronto Playground Washroom ,None,None,1,"{""coordinates"": [[-79.40931248, 43.64276864]], ""type"": ""MultiPoint""}"
79,29356,Dentonia Park,Dentonia Park Washroom,Washroom Building,None,9 a.m. to 10 p.m.,"Located on the west basketball court, north of the baseball diamond.",https://www.toronto.ca/explore-enjoy/parks-recreation/places-spaces/parks-and-recreation-facilities/location/?id=1057,80 Thyra Ave  ,2026-07-02T11:46:54,Dentonia Park Washroom,None,None,1,"{""coordinates"": [[-79.29279086, 43.69411639]], ""type"": ""MultiPoint""}"
80,29441,Toronto Islands - Hanlan's Point,Toronto Islands - Gibraltar Point Washroom,Washroom Building,"Accessible Stall, Entrance Access Ramp, Automatic Door Opener, Child Change Table",None,Located on the pathway near the water's edge at Gibraltar Point.,https://www.toronto.ca/explore-enjoy/parks-recreation/places-spaces/parks-and-recreation-facilities/location/?id=2541,9 Queens Quay  W ,2026-07-02T11:37:25,Toronto Islands - Gibraltar Point Washroom,None,None,1,"{""coordinates"": [[-79.38888351, 43.61212077]], ""type"": ""MultiPoint""}"
81,29660,Thomson Memorial Park,Thomson Memorial Park North Washroom,Washroom Building,None,9 a.m. to 10 p.m.,Located in the north washroom building of the park.,https://www.toronto.ca/explore-enjoy/parks-recreation/places-spaces/parks-and-recreation-facilities/location/?id=543,1005 Brimley Rd  ,2026-07-02T07:45:56,Thomson Memorial Park North Washroom,None,None,1,"{""coordinates"": [[-79.25506083, 43.75907419]], ""type"": ""MultiPoint""}"
82,5472,Westgrove Park Outdoor Pool,Westgrove Park Outdoor Pool Washroom ,Washroom Building,None,View outdoor pool hours,Located at the north end of the pool near Redgrave Drive.,https://www.toronto.ca/explore-enjoy/parks-recreation/places-spaces/parks-and-recreation-facilities/location/?id=900,15 Redgrave Dr  ,2026-06-29T13:50:06,Westgrove Park Outdoor Pool Washroom ,None,None,1,"{""coordinates"": [[-79.56829043, 43.68281327]], ""type"": ""MultiPoint""}"
83,6324,West Mall Outdoor Pool,West Mall Outdoor Pool Washroom ,Washroom Building,None,View outdoor pool hours,"Located on the west side of the pool, north fo the parking lot.",https://www.toronto.ca/explore-enjoy/parks-recreation/places-spaces/parks-and-recreation-facilities/location/?id=2642,380 The West Mall  ,2026-06-29T13:49:41,West Mall Outdoor Pool Washroom ,None,None,1,"{""coordinates"": [[-79.56695017, 43.64237546]], ""type"": ""MultiPoint""}"
84,6107,Smithfield Park Outdoor Pool,Smithfield Park Outdoor Pool Washroom ,Washroom Building,None,View outdoor pool hours,Located on the east side of the outdoor pool near Mount Olive Drive.,https://www.toronto.ca/explore-enjoy/parks-recreation/places-spaces/parks-and-recreation-facilities/location/?id=869,175 Mount Olive Dr  ,2026-06-29T13:49:21,Smithfield Park Outdoor Pool Washroom ,None,None,1,"{""coordinates"": [[-79.59535848, 43.74863842]], ""type"": ""MultiPoint""}"
85,6157,Rotary Peace Park Outdoor Pool,Rotary Peace Park Outdoor Pool  Washroom,Washroom Building,None,9 a.m. to 10 p.m.,Located on the west side of the outdoor pool near Eleventh Street.,https://www.toronto.ca/explore-enjoy/parks-recreation/places-spaces/parks-and-recreation-facilities/location/?id=909,25 Eleventh St  ,2026-06-29T13:49:11,Rotary Peace Park Outdoor Pool  Washroom,None,None,1,"{""coordinates"": [[-79.50763635, 43.59530645]], ""type"": ""MultiPoint""}"
86,6126,Richmond Gardens Pool,Richmond Gardens Outdoor Pool Washroom ,Washroom Building,None,View outdoor pool hours,Located at the south end of the outdoor pool.,https://www.toronto.ca/explore-enjoy/parks-recreation/places-spaces/parks-and-recreation-facilities/location/?id=877,44 Strathdee Dr  ,2026-06-29T13:48:54,Richmond Gardens Outdoor Pool Washroom ,None,None,1,"{""coordinates"": [[-79.54544366, 43.68185093]], ""type"": ""MultiPoint""}"
87,6191,Pine Point Park Outdoor Pool,Pine Point Park Outdoor Pool Washroom,Washroom Building,None,View outdoor pool hours,Located in the pool building on the south end of the outdoor pool.,https://www.toronto.ca/explore-enjoy/parks-recreation/places-spaces/parks-and-recreation-facilities/location/?id=859,15 Grierson Rd  ,2026-06-29T13:48:42,Pine Point Park Outdoor Pool Washroom,None,None,1,"{""coordinates"": [[-79.54460353, 43.71247497]], ""type"": ""MultiPoint""}"
88,6206,Ourland Park Outdoor Pool,Ourland Park Outdoor Pool Washroom,Washroom Building,None,View outdoor pool hours,Located on the east side of the outdoor pool.,https://www.toronto.ca/explore-enjoy/parks-recreation/places-spaces/parks-and-recreation-facilities/location/?id=857,36 Ourland Ave  ,2026-06-29T13:48:33,Ourland Park Outdoor Pool Washroom,None,None,1,"{""coordinates"": [[-79.50865288, 43.61651827]], ""type"": ""MultiPoint""}"
89,5404,Monarch Park,Monarch Park Outdoor Pool / Rink Washroom,Washroom Building,None,View facility hours,Located in the outdoor pool and rink building.,https://www.toronto.ca/explore-enjoy/parks-recreation/places-spaces/parks-and-recreation-facilities/location/?id=145,115 Felstead Ave  ,2026-06-29T13:48:22,Monarch Park Outdoor Pool / Rink Washroom,None,None,1,"{""coordinates"": [[-79.32568732, 43.67732839]], ""type"": ""MultiPoint""}"
90,5511,Knob Hill Park,Knob Hill Park Outdoor Pool Washroom,Washroom Building,None,View outdoor pool hours,Located on the south side of the outdoor pool.,https://www.toronto.ca/explore-enjoy/parks-recreation/places-spaces/parks-and-recreation-facilities/location/?id=690,625 Brimley Rd  ,2026-06-29T13:48:11,Knob Hill Park Outdoor Pool Washroom,None,None,1,"{""coordinates"": [[-79.24855754, 43.74362732]], ""type"": ""MultiPoint""}"
91,5675,Greenwood Park,Greenwood Park Outdoor Pool / Rink Washroom,Washroom Building,None,View facility hours,Located in the outdoor pool and rink building.,https://www.toronto.ca/explore-enjoy/parks-recreation/places-spaces/parks-and-recreation-facilities/location/?id=70,150 Greenwood Ave  ,2026-06-29T13:47:50,Greenwood Park Outdoor Pool / Rink Washroom,None,None,1,"{""coordinates"": [[-79.32971394, 43.6694859]], ""type"": ""MultiPoint""}"
92,5720,Flagstaff Park Outdoor Pool,Flagstaff Park Outdoor Pool Washroom,Washroom Building,None,View outdoor pool hours,"Located at the west end of the pool, between the playground and the parking lot.",https://www.toronto.ca/explore-enjoy/parks-recreation/places-spaces/parks-and-recreation-facilities/location/?id=963,42 Mercury Rd  ,2026-06-29T13:47:37,Flagstaff Park Outdoor Pool Washroom,None,None,1,"{""coordinates"": [[-79.5914493, 43.72123649]], ""type"": ""MultiPoint""}"
93,5730,Fairhaven Park Outdoor Pool Building,Fairhaven Park Outdoor Pool Washroom,Washroom Building,None,View outdoor pool hours,Located at the east end of the pool.,https://www.toronto.ca/explore-enjoy/parks-recreation/places-spaces/parks-and-recreation-facilities/location/?id=1007,100 Golfwood Hts  ,2026-06-29T13:47:27,Fairhaven Park Outdoor Pool Washroom,None,None,1,"{""coordinates"": [[-79.5471408, 43.70326091]], ""type"": ""MultiPoint""}"
94,5745,Eringate Park Outdoor Pool,Eringate Park Outdoor Pool Washroom,Washroom Building,None,View outdoor pool hours,Located at the north end of the outdoor pool near the playground.,https://www.toronto.ca/explore-enjoy/parks-recreation/places-spaces/parks-and-recreation-facilities/location/?id=840,121 Wellesworth Dr  ,2026-06-29T13:47:14,Eringate Park Outdoor Pool Washroom,None,None,1,"{""coordinates"": [[-79.58170958, 43.66272964]], ""type"": ""MultiPoint""}"
95,5976,Amos Waites Park,Amos Waites Park Outdoor Pool Washroom,Washroom Building,None,View outdoor pool hours,Located in the outdoor pool changing rooms.,https://www.toronto.ca/explore-enjoy/parks-recreation/places-spaces/parks-and-recreation-facilities/location/?id=939,2441 Lake Shore Blvd  W ,2026-06-29T13:44:44,Amos Waites Park Outdoor Pool Washroom,None,None,1,"{""coordinates"": [[-79.4879145, 43.61304863]], ""type"": ""MultiPoint""}"
96,29755,Woburn Avenue Playground,Woburn Avenue Playground Washroom ,Washroom Building,"Accessible Stall, Entrance at Grade, Child Change Table",9 a.m. to 10 p.m.,Located south of the playground.,https://www.toronto.ca/explore-enjoy/parks-recreation/places-spaces/parks-and-recreation-facilities/location/?id=445,75 Woburn Ave  ,2026-06-28T12:03:14,Woburn Avenue Playground Washroom ,None,None,1,"{""coordinates"": [[-79.40586813, 43.72734116]], ""type"": ""MultiPoint""}"
97,2104,Stan  Wadlow Park,Stan Wadlow Park Washroom,Accessible Washroom,"Entrance at Grade, Powered Door Opener, Child Change Table",9 a.m. to 10 p.m.,"Located on the north side of the Clubhouse, entrance from the outside.",https://www.toronto.ca/explore-enjoy/parks-recreation/places-spaces/parks-and-recreation-facilities/location/?id=421,888 Cosburn Ave,2026-06-25T19:11:41,Stan Wadlow Park Washroom,None,None,1,"{""coordinates"": [[-79.3150435, 43.69837199]], ""type"": ""MultiPoint""}"
98,29359,Derrydowns Park,Derrydowns Park Washroom,Washroom Building,"Accessible Stall, Entrance at Grade",9 a.m. to 10 p.m.,Located on the pathway south of the parking lot.,https://www.toronto.ca/explore-enjoy/parks-recreation/places-spaces/parks-and-recreation-facilities/location/?id=5,271 Derrydown Rd  ,2026-06-22T13:55:07,Derrydowns Park Washroom,None,None,1,"{""coordinates"": [[-79.5054628, 43.75813643]], ""type"": ""MultiPoint""}"
99,32883,Kew Gardens,Kew Gardens Outdoor Rink Washroom,Washroom Building,None,View outdoor rink hours,Located in the fieldhouse along the boardwalk next to the outdoor ice rink.,https://www.toronto.ca/explore-enjoy/parks-recreation/places-spaces/parks-and-recreation-facilities/location/?id=107,2075 Queen St  E ,2026-06-22T09:30:12,Kew Gardens Outdoor Rink Washroom,None,None,1,"{""coordinates"": [[-79.29819958, 43.66653551]], ""type"": ""MultiPoint""}"
100,1908,Cedarvale Park,Phil White Arena Washroom,Washroom Building,None,9 a.m. to 10 p.m.,Entrance is located on the outside of Phil White Arena.,https://www.toronto.ca/explore-enjoy/parks-recreation/places-spaces/parks-and-recreation-facilities/location/?id=629,443 Arlington Ave  ,2026-06-21T11:56:27,Phil White Arena Washroom,Maintenance/Repairs,.,0,"{""coordinates"": [[-79.43144289, 43.69127915]], ""type"": ""MultiPoint""}"
101,29524,Hillcrest Park,Hillcrest Park Washroom,Washroom Building,None,9 a.m. to 10 p.m.,Located on the north side of the park next to the dog off-leash area and the community garden.,https://www.toronto.ca/explore-enjoy/parks-recreation/places-spaces/parks-and-recreation-facilities/location/?id=79,950 Davenport Rd  ,2026-06-18T14:37:59,Hillcrest Park Washroom,Maintenance/Repairs,Urinal is out of order in the men's washroom,2,"{""coordinates"": [[-79.42408744, 43.67658129]], ""type"": ""MultiPoint""}"
102,29729,Wells Hill Park,Wells Hill Park Washroom ,Washroom Building,"Accessible Stall, Entrance at Grade, Entrance Access Ramp",9 a.m. to 10 p.m.,Located in the southwest area of the park next to the playground.,https://www.toronto.ca/explore-enjoy/parks-recreation/places-spaces/parks-and-recreation-facilities/location/?id=393,145 Hilton Ave  ,2026-06-18T14:37:19,Wells Hill Park Washroom ,None,None,1,"{""coordinates"": [[-79.41634327, 43.6823371]], ""type"": ""MultiPoint""}"
103,32745,Wilket Creek Park,Wilket Creek Park Washroom,Washroom Building,None,9 a.m. to 10 p.m.,Located in the washroom building along main park road 0.5 km from Leslie Street.,https://www.toronto.ca/explore-enjoy/parks-recreation/places-spaces/parks-and-recreation-facilities/location/?id=492,1100 Leslie St  ,2026-06-18T12:50:01,Wilket Creek Park Washroom,None,None,1,"{""coordinates"": [[-79.35300257, 43.72140939]], ""type"": ""MultiPoint""}"
104,29388,Earlscourt Park,Earlscourt Park Washroom,Washroom Building,"Accessible Stall, Entrance Access Ramp",9 a.m. to 10 p.m.,Located in the building next to the splash pad.,https://www.toronto.ca/explore-enjoy/parks-recreation/places-spaces/parks-and-recreation-facilities/location/?id=514,1200 Lansdowne Ave  ,2026-06-18T12:18:29,Earlscourt Park Washroom,None,None,1,"{""coordinates"": [[-79.45156528, 43.67414466]], ""type"": ""MultiPoint""}"
105,29705,Toronto Islands - Olympic Island Park,Toronto Islands - Olympic Island Park Washroom,Washroom Building,None,None,"Located along the pathway, in the pavillion on the north side of the island.",https://www.toronto.ca/explore-enjoy/parks-recreation/places-spaces/parks-and-recreation-facilities/location/?id=2543,9 Queens Quay  W ,2026-06-18T09:44:36,Toronto Islands - Olympic Island Park Washroom,None,None,1,"{""coordinates"": [[-79.37368264, 43.62329584]], ""type"": ""MultiPoint""}"
106,13850,L'Amoreaux Sports Centre,L'Amoreaux Sports Centre Washroom,Washroom Building,None,9 a.m. to 10 p.m.,Located on the pathway between the soccer fields and the baseball diamonds.,https://www.toronto.ca/explore-enjoy/parks-recreation/places-spaces/parks-and-recreation-facilities/location/?id=698,100 Silver Springs Blvd  ,2026-06-17T17:06:45,L'Amoreaux Sports Centre Washroom,None,None,1,"{""coordinates"": [[-79.30434051, 43.80330693]], ""type"": ""MultiPoint""}"
107,29698,Toronto Islands - Centre Island,Toronto Islands - Centre Island West Pier Washroom,Washroom Building,"Accessible Stall, Entrance at Grade",None,Located in the building on the west side of the entrance to the pier.,https://www.toronto.ca/explore-enjoy/parks-recreation/places-spaces/parks-and-recreation-facilities/location/?id=2725,9 Queens Quay  W ,2026-06-15T09:56:46,Toronto Islands - Centre Island West Pier Washroom,None,None,1,"{""coordinates"": [[-79.3725951, 43.61669106]], ""type"": ""MultiPoint""}"
108,29521,Highview Park,Highview Park Washroom,Washroom Building,"Accessible Stall, Entrance at Grade, Automatic Door Opener",9 a.m. to 10 p.m.,Located on the pathway between the baseball diamond and the wading pool.,https://www.toronto.ca/explore-enjoy/parks-recreation/places-spaces/parks-and-recreation-facilities/location/?id=676,150 Highview Ave  ,2026-06-10T10:01:29,Highview Park Washroom,None,None,1,"{""coordinates"": [[-79.25865299, 43.70223947]], ""type"": ""MultiPoint""}"
109,1001025,Old Fire Hall 30,Old Fire Hall 30 Park Washroom,"Universal Washroom, All-Gender Washroom, Accessible Washroom","Accessible Stall, Entrance at Grade, Adult Change Table, Automatic Door Opener",9 a.m. to 10 p.m.,Entrance is located on the outside of the Community Recreation Centre.,https://www.toronto.ca/explore-enjoy/parks-recreation/places-spaces/parks-and-recreation-facilities/location/?id=3861,31 Commissioners St,2026-06-06T21:24:38,Old Fire Hall 30 Park Washroom,None,None,1,"{""coordinates"": [[-79.349885, 43.64583081]], ""type"": ""MultiPoint""}"
110,59947,Lee Lifeson Art Park,Lee Lifeson Art Park Washroom ,Washroom Building,Automatic Door Opener,None,Located in the building at the top of the amphitheatre.,https://www.toronto.ca/explore-enjoy/parks-recreation/places-spaces/parks-and-recreation-facilities/location/?id=3555,45 Princess Ave   ,2026-06-04T22:17:45,Lee Lifeson Art Park Washroom,Planned Closure,By Permit Only. ,0,"{""coordinates"": [[-79.40992834, 43.76872742]], ""type"": ""MultiPoint""}"
111,29695,Toronto Islands - Centre Island,Toronto Islands - Centre Island Washroom,Washroom Building,None,None,Located east of the maze.,https://www.toronto.ca/explore-enjoy/parks-recreation/places-spaces/parks-and-recreation-facilities/location/?id=2725,1 Centre Island Park,2026-06-04T10:10:25,Toronto Islands - Centre Island Washroom,None,None,1,"{""coordinates"": [[-79.37587345, 43.61780812]], ""type"": ""MultiPoint""}"
112,34993,Centennial Park - Etobicoke,Centennial Park Rob Ford Stadium Women's North Washroom,Washroom Building,None,9 a.m. to 10 p.m.,Located on the west side of Centennial Park Stadium at the north end.,https://www.toronto.ca/explore-enjoy/parks-recreation/places-spaces/parks-and-recreation-facilities/location/?id=798,256 Centennial Park Rd,2026-06-03T12:40:50,Centennial Park - Rob Ford Stadium Women's North Washroom,None,None,1,"{""coordinates"": [[-79.58536071, 43.65379367]], ""type"": ""MultiPoint""}"
113,34992,Centennial Park - Etobicoke,Centennial Park Rob Ford Stadium Men's South Washroom,Washroom Building,None,9 a.m. to 10 p.m.,Located on the west side of Centennial Park Stadium at the south end.,https://www.toronto.ca/explore-enjoy/parks-recreation/places-spaces/parks-and-recreation-facilities/location/?id=798,256 Centennial Park Rd,2026-06-03T12:40:24,Centennial Park - Rob Ford Stadium Mens South Washroom,None,None,1,"{""coordinates"": [[-79.58515831, 43.6534078]], ""type"": ""MultiPoint""}"
114,29347,Corvette Park,Corvette Park Washroom,Washroom Building,Entrance at Grade,9 a.m. to 10 p.m.,Located on the grassy area behind the baseball diamond besdie Corvette Avenue.,https://www.toronto.ca/explore-enjoy/parks-recreation/places-spaces/parks-and-recreation-facilities/location/?id=576,40 Corvette Ave  ,2026-05-26T09:17:59,Corvette Park Washroom,None,None,1,"{""coordinates"": [[-79.26019879, 43.72657291]], ""type"": ""MultiPoint""}"
115,29265,Adams Park,Adams Park West Fieldhouse Washroom,Washroom Building,None,9 a.m. to 10 p.m.,Located on the pathway west of the splash pad.,https://www.toronto.ca/explore-enjoy/parks-recreation/places-spaces/parks-and-recreation-facilities/location/?id=522,2 Rozell Rd  ,2026-05-25T14:05:13,Adams Park West Fieldhouse Washroom,None,None,1,"{""coordinates"": [[-79.1468689, 43.79217932]], ""type"": ""MultiPoint""}"
116,60142,McCowan District Park,McCowan District Park Outdoor Rink Washroom,Washroom Building,None,9 a.m. to 10 p.m.,Entrance is located on the outside of the outdoor ice rink building.,https://www.toronto.ca/explore-enjoy/parks-recreation/places-spaces/parks-and-recreation-facilities/location/?id=1500,150 Mccowan Rd  ,2026-05-25T12:26:52,McCowan District Park Outdoor Rink Washroom,None,None,1,"{""coordinates"": [[-79.23745466, 43.73446713]], ""type"": ""MultiPoint""}"
117,29440,Toronto Islands - Hanlan's Point,Toronto Islands - Hanlan's Point Picnic Area Washroom,Washroom Building,"Accessible Stall, Entrance at Grade, Child Change Table",None,"Located on the pathway east of the picnic areas, south of the Hanlan's Point ferry docks.",https://www.toronto.ca/explore-enjoy/parks-recreation/places-spaces/parks-and-recreation-facilities/location/?id=2541,9 Queens Quay  W ,2026-05-25T11:52:20,Toronto Islands - Hanlan's Point Picnic Area Washroom,None,None,1,"{""coordinates"": [[-79.38947052, 43.62445169]], ""type"": ""MultiPoint""}"
118,13052,McGregor Park Community Centre,McGregor Park Community Centre Washroom,Washroom Building,None,View centre hours,Located in the Community Centre.,https://www.toronto.ca/explore-enjoy/parks-recreation/places-spaces/parks-and-recreation-facilities/location/?id=506,2231 Lawrence Ave  E ,2026-05-25T11:03:36,McGregor Park Community Centre Washroom,None,None,1,"{""coordinates"": [[-79.28032139, 43.74763938]], ""type"": ""MultiPoint""}"
119,28895,Ramsden Park,Ramsden Park Outdoor Rink Washroom,Washroom Building,None,9 a.m. to 10 p.m.,Located at the west end of the outdoor ice rink.,https://www.toronto.ca/explore-enjoy/parks-recreation/places-spaces/parks-and-recreation-facilities/location/?id=167,1020 Yonge St  ,2026-05-25T09:26:27,Ramsden Park Outdoor Rink Washroom,None,None,1,"{""coordinates"": [[-79.39223623, 43.67618904]], ""type"": ""MultiPoint""}"
120,29622,Rowntree Mills Park,Rowntree Mills Park Washroom,Washroom Building,"Accessible Stall, Entrance at Grade",9 a.m. to 10 p.m.,Located on a pathway between Rowntree Mill Road and the second parking lot.,https://www.toronto.ca/explore-enjoy/parks-recreation/places-spaces/parks-and-recreation-facilities/location/?id=22,155 Rowntree Mill Rd  ,2026-05-22T07:02:02,Rowntree Mills Park Washroom,None,None,1,"{""coordinates"": [[-79.5778917, 43.75219004]], ""type"": ""MultiPoint""}"
121,29716,Trinity Bellwoods Park,Trinity Bellwoods Park North Baseball Diamond Washroom ,Washroom Building,"Accessible Stall, Entrance at Grade, Child Change Table",9 a.m. to 10 p.m.,Located on the pathway north of the outdoor ice rink.,https://www.toronto.ca/explore-enjoy/parks-recreation/places-spaces/parks-and-recreation-facilities/location/?id=241,790 Queen St  W ,2026-05-20T16:43:51,Trinity Bellwoods Park North Baseball Diamond Washroom ,None,None,1,"{""coordinates"": [[-79.41369039, 43.64954331]], ""type"": ""MultiPoint""}"
122,5984,Alexandra Park,Alexandra Park Outdoor Pool Washroom,Washroom Building,None,9 a.m. to 10 p.m.,Entrance is located on the outside of the outdoor pool building on the southwest side.,https://www.toronto.ca/explore-enjoy/parks-recreation/places-spaces/parks-and-recreation-facilities/location/?id=31,275 Bathurst St  ,2026-05-20T08:30:48,Alexandra Park Outdoor Pool Washroom,Maintenance/Repairs,mens washroom only.,0,"{""coordinates"": [[-79.40441871, 43.65098867]], ""type"": ""MultiPoint""}"
123,29374,Dovercourt Park,Dovercourt Park Washroom,Washroom Building,None,9 a.m. to 10 p.m.,Located in the Dovercourt Boys and Girls Club.,https://www.toronto.ca/explore-enjoy/parks-recreation/places-spaces/parks-and-recreation-facilities/location/?id=86,155 Bartlett Ave  ,2026-05-19T09:19:12,Dovercourt Park Washroom,"Men's Washroom Closed, Women's Washroom Open",Both toilet and urinal is not in proper working condition.,2,"{""coordinates"": [[-79.4325708, 43.66558593]], ""type"": ""MultiPoint""}"
124,31265,Ashbridges Bay Park,Ashbridges Bay Park Washroom ,Washroom Building,"Entrance at Grade, Child Change Table",9 a.m. to 10 p.m.,Located on the boardwalk near the southern most beach volleyball courts.,https://www.toronto.ca/explore-enjoy/parks-recreation/places-spaces/parks-and-recreation-facilities/location/?id=1,1561 Lake Shore Blvd  E ,2026-05-15T10:33:41,Ashbridges Bay Park Washroom ,None,None,1,"{""coordinates"": [[-79.30887446, 43.65872285]], ""type"": ""MultiPoint""}"
125,29276,Ashtonbee Reservoir Park,Ashtonbee Reservoir Park Washroom,Washroom Building,Entrance at Grade,9 a.m. to 10 p.m.,"Located next to Ashtonbee Road, between the sports fields and cricket pitch.",https://www.toronto.ca/explore-enjoy/parks-recreation/places-spaces/parks-and-recreation-facilities/location/?id=202,21 Ashtonbee Rd  ,2026-05-15T09:09:15,Ashtonbee Reservoir Park Washroom,Maintenance/Repairs,Men’s washroom urinals require repairs. Open to public. ,2,"{""coordinates"": [[-79.29453191, 43.72964076]], ""type"": ""MultiPoint""}"
126,29361,Dieppe Park,Dieppe Park Washroom,Washroom Building,"Accessible Stall, Entrance at Grade",9 a.m. to 10 p.m.,Located on the pathway between the parking lot and the splash pad.,https://www.toronto.ca/explore-enjoy/parks-recreation/places-spaces/parks-and-recreation-facilities/location/?id=327,455 Cosburn Ave  ,2026-05-13T14:33:43,Dieppe Park Washroom,None,None,1,"{""coordinates"": [[-79.33471405, 43.69189094]], ""type"": ""MultiPoint""}"
127,29343,"Steve ""Whitey"" Breitner Clubhouse","Connorvale Park - Steve ""Whitey"" Breitner Clubhouse Washroom",Washroom Building,"Accessible Stall, Entrance at Grade",9 a.m. to 10 p.m.,Located next to the entrance to the parking lot.,https://www.toronto.ca/explore-enjoy/parks-recreation/places-spaces/parks-and-recreation-facilities/location/?id=838,281 Rimilton Ave  ,2026-05-09T14:28:17,"Connorvale Park - Steve ""Whitey"" Breitner Clubhouse Washroom",Maintenance/Repairs,One (1) stall in women’s washroom out of service for repairs. Both women’s and men’s washrooms are open for use.,2,"{""coordinates"": [[-79.5297144, 43.60975399]], ""type"": ""MultiPoint""}"
128,32922,Jonathan Ashbridge Park,Jonathan Ashbridge Park Fieldhouse Washroom,Washroom Building,Entrance at Grade,9 a.m. to 10 p.m.,Located on the pathway between the wading pool and the tennis courts.,https://www.toronto.ca/explore-enjoy/parks-recreation/places-spaces/parks-and-recreation-facilities/location/?id=67,1515 Queen St  E ,2026-05-08T16:58:01,Jonathan Ashbridge Park Fieldhouse Washroom,None,None,1,"{""coordinates"": [[-79.31972975, 43.66464356]], ""type"": ""MultiPoint""}"
129,29385,Earl Bales Park,Earl Bales Park South Washroom,Washroom Building,"Accessible Stall, Entrance at Grade, Entrance Access Ramp",9 a.m. to 10 p.m.,Located south of the base of the ski hill at the end of a pathway.,https://www.toronto.ca/explore-enjoy/parks-recreation/places-spaces/parks-and-recreation-facilities/location/?id=337,4169 Bathurst St  ,2026-05-07T10:14:41,Earl Bales Park South Washroom,None,None,1,"{""coordinates"": [[-79.42796994, 43.75215251]], ""type"": ""MultiPoint""}"
130,29655,Tam O'Shanter Golf Course,Tam O'Shanter Golf Course Washroom,Washroom Building,None,9 a.m. to 10 p.m.,Located at east side of the washroom building.,https://www.toronto.ca/explore-enjoy/parks-recreation/places-spaces/parks-and-recreation-facilities/location/?id=398,2481 Birchmount Rd  ,2026-05-06T06:03:02,Tam O'Shanter Golf Course Washroom,None,None,1,"{""coordinates"": [[-79.29934705, 43.7864092]], ""type"": ""MultiPoint""}"
131,29590,Norwood Park,Norwood Park Washroom,Washroom Building,Entrance at Grade,9 a.m. to 10 p.m.,Located on the pathway in the southeast corner of the park near Norwood Road.,https://www.toronto.ca/explore-enjoy/parks-recreation/places-spaces/parks-and-recreation-facilities/location/?id=228,16 Norwood Rd  ,2026-05-05T09:33:42,Norwood Park Washroom,None,None,1,"{""coordinates"": [[-79.30277581, 43.68205163]], ""type"": ""MultiPoint""}"
132,5445,Maryvale Park Outdoor Pool,Maryvale Park Outdoor Pool Washroom,Washroom Building,None,9 a.m. to 10 p.m.,Entrance is located on the outside of the outdoor pool building on the east side of the building.,https://www.toronto.ca/explore-enjoy/parks-recreation/places-spaces/parks-and-recreation-facilities/location/?id=704,5 Trestleside Grove  ,2026-05-04T12:42:17,Maryvale Park Outdoor Pool  Washroom,None,None,1,"{""coordinates"": [[-79.30654999, 43.75309937]], ""type"": ""MultiPoint""}"
133,36492,Hinder Area,Hinder Area Washroom ,Washroom Building,"Accessible Stall, Entrance at Grade",9 a.m. to 10 p.m.,Located on the pathway 350 metres south of the parking lot.,https://www.toronto.ca/explore-enjoy/parks-recreation/places-spaces/parks-and-recreation-facilities/location/?id=2264,44 Don River Blvd  ,2026-05-04T11:50:49,Hinder Area Washroom ,None,None,1,"{""coordinates"": [[-79.43601882, 43.76017753]], ""type"": ""MultiPoint""}"
134,6296,Mel Lastman Square,Mel Lastman Square Washroom,Washroom Building,None,View centre hours,Located in the Civic Centre.,https://www.toronto.ca/explore-enjoy/parks-recreation/places-spaces/parks-and-recreation-facilities/location/?id=956,5100 Yonge St  ,2026-05-04T11:49:52,Mel Lastman Square Washroom,Planned Closure,By Permit only,0,"{""coordinates"": [[-79.41434948, 43.76733477]], ""type"": ""MultiPoint""}"
135,36488,East Don Parkland,East Don Parkland Washroom ,Washroom Building,"Accessible Stall, Child Change Table",9 a.m. to 10 p.m.,Located next to the entrance to the parking lot.,https://www.toronto.ca/explore-enjoy/parks-recreation/places-spaces/parks-and-recreation-facilities/location/?id=1460,1240 Sheppard Ave E,2026-05-04T11:41:43,East Don Parkland Washroom ,Under Construction,Long term construction.,0,"{""coordinates"": [[-79.36582785, 43.77203894]], ""type"": ""MultiPoint""}"
136,74844,Humberline Park,Humberline Park Washroom ,"Universal Washroom, All-Gender Washroom, Accessible Washroom","Accessible Stall, Entrance at Grade, Automatic Door Opener, Child Change Table, Adult Change Table, Distress Call Button, 1250mm Turning Radius",9 a.m. to 10 p.m.,Located on the pathway next to the playground.,https://www.toronto.ca/explore-enjoy/parks-recreation/places-spaces/parks-and-recreation-facilities/location/?id=1508,32 Humberline Dr  ,2026-05-04T11:29:49,Humberline Park Washroom ,None,None,1,"{""coordinates"": [[-79.61579906, 43.7315252]], ""type"": ""MultiPoint""}"
137,29745,Willowdale Park,Willowdale Park North York Tennis Club Washroom ,Washroom Building,None,9 a.m. to 10 p.m.,Located on the east side of the tennis courts. ,https://www.toronto.ca/explore-enjoy/parks-recreation/places-spaces/parks-and-recreation-facilities/location/?id=865,75 Hollywood Ave  ,2026-05-04T09:37:39,Willowdale Park North York Tennis Club Washroom ,None,None,1,"{""coordinates"": [[-79.40805249, 43.7662024]], ""type"": ""MultiPoint""}"
138,29376,Downsview Dells Park,Downsview Dells Park South Washroom ,Washroom Building,Entrance at Grade,9 a.m. to 10 p.m.,Located east of the second parking lot on the south side of the park road.,https://www.toronto.ca/explore-enjoy/parks-recreation/places-spaces/parks-and-recreation-facilities/location/?id=468,2515 Jane St  ,2026-05-04T08:11:40,Downsview Dells Park South Washroom ,None,None,1,"{""coordinates"": [[-79.49599924, 43.73542591]], ""type"": ""MultiPoint""}"
139,5787,Earl Bales Park,Earl Bales Park Barry Zukerman Amphitheatre Washroom,Washroom Building,None,9 a.m. to 10 p.m.,Located in the amphitheatre.,https://www.toronto.ca/explore-enjoy/parks-recreation/places-spaces/parks-and-recreation-facilities/location/?id=337,4169 Bathurst St  ,2026-05-04T08:10:16,Earl Bales Park Barry Zukerman Amphitheatre Washroom,None,None,1,"{""coordinates"": [[-79.43275401, 43.75411961]], ""type"": ""MultiPoint""}"
140,13482,Eglinton Flats,Eglinton Flats Southeast Sports Pavilion Washroom,Washroom Building,Accessible Stall,9 a.m. to 10 p.m.,Located in the sports pavillion south of the parking lot between the sports fields and the tennis courts.,https://www.toronto.ca/explore-enjoy/parks-recreation/places-spaces/parks-and-recreation-facilities/location/?id=9,101 Emmett Ave  ,2026-05-04T07:28:39,Eglinton Flats Southeast Sports Pavilion Washroom,None,None,1,"{""coordinates"": [[-79.49478825, 43.68420772]], ""type"": ""MultiPoint""}"
141,32902,Little Norway Park,Little Norway Park Washroom,Washroom Building,"Accessible Stall, Entrance at Grade",9 a.m. to 7:30 p.m.,Located north of the wading pool.,https://www.toronto.ca/explore-enjoy/parks-recreation/places-spaces/parks-and-recreation-facilities/location/?id=128,659 Queens Quay  W ,2026-05-02T12:40:44,Little Norway Park Washroom,None,None,1,"{""coordinates"": [[-79.39838792, 43.63404546]], ""type"": ""MultiPoint""}"
142,46102,Sunnyside Park,Sunnyside Park Pavillion West Washroom,Washroom Building,"Accessible Stall, Entrance at Grade, Automatic Door Opener, Child Change Table",9 a.m. to 10 p.m.,Located at the west end of the Sunnyside Pavillion on the Martin Goodman Trail.,https://www.toronto.ca/explore-enjoy/parks-recreation/places-spaces/parks-and-recreation-facilities/location/?id=394,1755 Lake Shore Blvd  W ,2026-05-02T11:24:02,Sunnyside Park Pavillion West Washroom,None,None,1,"{""coordinates"": [[-79.45704406, 43.63780962]], ""type"": ""MultiPoint""}"
143,46103,Sunnyside Park,Sunnyside Park Pavillion East Washroom,Washroom Building,"Accessible Stall, Entrance at Grade, Automatic Door Opener, Child Change Table",9 a.m. to 10 p.m.,Located at the east end of the Sunnyside Pavilion on Martin Goodman Trail.,https://www.toronto.ca/explore-enjoy/parks-recreation/places-spaces/parks-and-recreation-facilities/location/?id=394,1755 Lake Shore Blvd  W ,2026-05-02T11:23:49,Sunnyside Park Pavillion East Washroom,None,None,1,"{""coordinates"": [[-79.45572655, 43.63787029]], ""type"": ""MultiPoint""}"
144,29547,L'Amoreaux North Park,L'Amoreaux North Park Fieldhouse Washroom,Washroom Building,Accessible Stall,9 a.m. to 10 p.m.,Located on the pathway from the parking lot to the cricket pitch at the north end of the park.,https://www.toronto.ca/explore-enjoy/parks-recreation/places-spaces/parks-and-recreation-facilities/location/?id=2472,1900 Mcnicoll Ave  ,2026-05-01T14:45:29,L'Amoreaux North Park Fieldhouse Washroom,None,None,1,"{""coordinates"": [[-79.30441085, 43.81010927]], ""type"": ""MultiPoint""}"
145,29309,Bridlewood Park,Bridlewood Park Washroom,Washroom Building,Accessible Stall,9 a.m. to 10 p.m.,Located on the pathway between the playground and the baseball diamond.,https://www.toronto.ca/explore-enjoy/parks-recreation/places-spaces/parks-and-recreation-facilities/location/?id=578,445 Huntingwood Dr  ,2026-05-01T14:42:31,Bridlewood Park Washroom,None,None,1,"{""coordinates"": [[-79.31571136, 43.78329448]], ""type"": ""MultiPoint""}"
146,29617,Rosetta McClain Gardens,Rosetta McClain Gardens Washroom ,Washroom Building,Child Change Table,9 a.m. to 10 p.m.,Located on the pathway next to the parking lot.,https://www.toronto.ca/explore-enjoy/parks-recreation/places-spaces/parks-and-recreation-facilities/location/?id=19,5 Glen Everest Rd  ,2026-05-01T13:47:07,Rosetta McClain Gardens Washroom ,None,None,1,"{""coordinates"": [[-79.25627063, 43.69683674]], ""type"": ""MultiPoint""}"
147,29628,Scarborough Village Park,Scarborough Village Park Fieldhouse Washroom,Washroom Building,Entrance at Grade,9 a.m. to 10 p.m.,Located at the east end of the parking lot next to the baseball diamond.,https://www.toronto.ca/explore-enjoy/parks-recreation/places-spaces/parks-and-recreation-facilities/location/?id=746,23 Gatesview Ave  ,2026-05-01T13:20:40,Scarborough Village Park Fieldhouse Washroom,None,None,1,"{""coordinates"": [[-79.21296882, 43.74729181]], ""type"": ""MultiPoint""}"
148,13599,Major Abbas Ali Park,Major Abbas Ali Park Washroom,Washroom Building,Accessible Stall,9 a.m. to 10 p.m.,Located inside the Scott Westney House.,https://www.toronto.ca/explore-enjoy/parks-recreation/places-spaces/parks-and-recreation-facilities/location/?id=708,180 Mclevin Ave  ,2026-05-01T13:18:44,Major Abbas Ali Park Washroom,None,None,1,"{""coordinates"": [[-79.23084525, 43.80375024]], ""type"": ""MultiPoint""}"
149,29536,Iroquois Park,Iroquois Park Fieldhouse Washroom,Washroom Building,Accessible Stall,9 a.m. to 10 p.m.,Located on the pathway between the tennis courts and the baseball diamond.,https://www.toronto.ca/explore-enjoy/parks-recreation/places-spaces/parks-and-recreation-facilities/location/?id=686,295 Chartland Blvd  S ,2026-05-01T13:18:38,Iroquois Park Fieldhouse Washroom,None,None,1,"{""coordinates"": [[-79.2679759, 43.80330444]], ""type"": ""MultiPoint""}"
150,29583,Neilson Park - Scarborough,Neilson Park Scarborough Washroom,Washroom Building,"Accessible Stall, Entrance at Grade",9 a.m. to 10 p.m.,"Located on the pathway between the baseball diamonds, east of the playground.",https://www.toronto.ca/explore-enjoy/parks-recreation/places-spaces/parks-and-recreation-facilities/location/?id=792,1555 Neilson Rd  ,2026-05-01T13:18:23,Neilson Park Scarborough Washroom,None,None,1,"{""coordinates"": [[-79.22435637, 43.81359515]], ""type"": ""MultiPoint""}"
151,1840,Memorial Park - North York,Memorial Park Washroom,Washroom Building,"Entrance Access Ramp, Automatic Door Opener",9 a.m. to 10 p.m.,Entrance is located on the outside of the Larry Grossman Forest Hill Memorial Arena.,https://www.toronto.ca/explore-enjoy/parks-recreation/places-spaces/parks-and-recreation-facilities/location/?id=131,340 Chaplin Cres  ,2026-05-01T08:13:38,Memorial Park Washroom,None,None,1,"{""coordinates"": [[-79.42066596, 43.70454982]], ""type"": ""MultiPoint""}"
152,29740,Wexford Park,Wexford Park Fieldhouse Washroom ,Washroom Building,Entrance at Grade,9 a.m. to 10 p.m.,Located bewteen the parking lot and the playground,https://www.toronto.ca/explore-enjoy/parks-recreation/places-spaces/parks-and-recreation-facilities/location/?id=571,55 Elm Bank Rd  ,2026-04-30T11:39:12,Wexford Park Fieldhouse Washroom ,None,None,1,"{""coordinates"": [[-79.29718319, 43.73367211]], ""type"": ""MultiPoint""}"
153,29753,Withrow Park,Withrow Park South Washroom,Washroom Building,None,9 a.m. to 10 p.m.,Located south of the sports field. ,https://www.toronto.ca/explore-enjoy/parks-recreation/places-spaces/parks-and-recreation-facilities/location/?id=306,725 Logan Ave  ,2026-04-30T09:33:41,Withrow Park South Washroom,Maintenance/Repairs,"Men's washroom open, women's closed for repair. ",2,"{""coordinates"": [[-79.3456155, 43.67289284]], ""type"": ""MultiPoint""}"
154,29553,Lawrence Park Ravine,Lawrence Park Ravine Tennis Clubhouse Washroom,Washroom Building,"Accessible Stall, Entrance at Grade",9 a.m. to 10 p.m.,Located on the pathway at the north side of the tennis courts.,https://www.toronto.ca/explore-enjoy/parks-recreation/places-spaces/parks-and-recreation-facilities/location/?id=119,51 Alexander Muir Rd  ,2026-04-29T12:24:29,Lawrence Park Ravine Tennis Clubhouse Washroom,None,None,1,"{""coordinates"": [[-79.39902069, 43.72079089]], ""type"": ""MultiPoint""}"
155,35368,High Park,High Park Sport Field Washroom,Washroom Building,None,9 a.m. to 10 p.m.,"Entrance is located on the outside of the outdoor pool and ice rink building, east of the baseball diamond.",https://www.toronto.ca/explore-enjoy/parks-recreation/places-spaces/parks-and-recreation-facilities/location/?id=77,1873 Bloor St  W,2026-04-29T12:08:23,High Park Sports Field Washroom,None,None,1,"{""coordinates"": [[-79.46591328, 43.64957948]], ""type"": ""MultiPoint""}"
156,93642,Sherwood Park,Sherwood Park Washroom ,Washroom Building,None,9 a.m. to 10 p.m.,Located on the east side of the splash pad. ,https://www.toronto.ca/explore-enjoy/parks-recreation/places-spaces/parks-and-recreation-facilities/location/?id=149,190 Sherwood Ave  ,2026-04-28T15:05:59,Sherwood Park Washroom ,None,None,1,"{""coordinates"": [[-79.38705153, 43.71718225]], ""type"": ""MultiPoint""}"
157,37106,Oriole Park - Toronto,Oriole Park Toronto Washroom ,Washroom Building,"Accessible Stall, Entrance at Grade, Entrance Access Ramp, Automatic Door Opener",9 a.m. to 10 p.m.,Located on the north side of the tennis courts near the playground.,https://www.toronto.ca/explore-enjoy/parks-recreation/places-spaces/parks-and-recreation-facilities/location/?id=245,201 Oriole Pkwy  ,2026-04-28T15:04:20,Oriole Park Toronto Washroom ,None,None,1,"{""coordinates"": [[-79.39947899, 43.69716654]], ""type"": ""MultiPoint""}"
158,30891,G. Ross Lord Park,G. Ross Lord Park Hidden Trail Washroom,Washroom Building,None,9 a.m. to 10 p.m.,Located at the entrance of the park from Hidden Trail.,https://www.toronto.ca/explore-enjoy/parks-recreation/places-spaces/parks-and-recreation-facilities/location/?id=11,4801 Dufferin St  ,2026-04-28T13:17:40,G. Ross Lord Park Hidden Trail Washroom,None,None,1,"{""coordinates"": [[-79.45540924, 43.78046956]], ""type"": ""MultiPoint""}"
159,29421,Greenwood Park,Greenwood Park Fieldhouse Washroom,Washroom Building,None,9 a.m. to 10 p.m.,"Located in the fieldhouse east of the skate trail, south of the playground.",https://www.toronto.ca/explore-enjoy/parks-recreation/places-spaces/parks-and-recreation-facilities/location/?id=70,150 Greenwood Ave  ,2026-04-28T11:59:37,Greenwood Park Fieldhouse Washroom,None,None,1,"{""coordinates"": [[-79.32868027, 43.66944053]], ""type"": ""MultiPoint""}"
160,29410,Felstead Avenue Playground,Felstead Avenue Playground Washroom,Washroom Building,"Accessible Stall, Entrance at Grade",9 a.m. to 10 p.m.,Located on the pathway north of the playground.,https://www.toronto.ca/explore-enjoy/parks-recreation/places-spaces/parks-and-recreation-facilities/location/?id=129,60 Felstead Ave  ,2026-04-28T11:59:06,Felstead Avenue Playground Washroom,None,None,1,"{""coordinates"": [[-79.32999889, 43.68024586]], ""type"": ""MultiPoint""}"
161,29596,Perth Square Park,Perth Square Park Washroom ,Washroom Building,"Accessible Stall, Entrance at Grade",9 a.m. to 10 p.m.,Located on the pathway west of the playground.,https://www.toronto.ca/explore-enjoy/parks-recreation/places-spaces/parks-and-recreation-facilities/location/?id=284,350 Perth Ave  ,2026-04-28T09:52:13,Perth Square Park Washroom ,None,None,1,"{""coordinates"": [[-79.45295042, 43.66397273]], ""type"": ""MultiPoint""}"
162,6105,Smythe Park,Smythe Park Outdoor Pool Washroom ,Washroom Building,None,View outdoor pool hours,Located at the east end of the park between the parking lot and the outdoor pool.,https://www.toronto.ca/explore-enjoy/parks-recreation/places-spaces/parks-and-recreation-facilities/location/?id=504,61 Black Creek Blvd  ,2026-04-28T09:14:00,Smythe Park Outdoor Pool Washroom ,None,None,1,"{""coordinates"": [[-79.49762667, 43.67482715]], ""type"": ""MultiPoint""}"
163,29401,Eglinton Flats,Eglinton Flats Northwest Sports Pavilion Washroom,Washroom Building,"Accessible Stall, Entrance at Grade",9 a.m. to 10 p.m.,Located in the sports pavillion west of the sports fields.,https://www.toronto.ca/explore-enjoy/parks-recreation/places-spaces/parks-and-recreation-facilities/location/?id=9,101 Emmett Ave  ,2026-04-28T09:13:49,Eglinton Flats Northwest Sports Pavilion Washroom,None,None,1,"{""coordinates"": [[-79.50384395, 43.68561877]], ""type"": ""MultiPoint""}"
164,32862,Queensway Park Rink and Trail,Queensway Outdoor Rink Washroom,Washroom Building,None,9 a.m. to 10 p.m.,Entrance is located on the outside of the outdoor ice rink building.,https://www.toronto.ca/explore-enjoy/parks-recreation/places-spaces/parks-and-recreation-facilities/location/?id=817,1 Third St  ,2026-04-28T09:12:12,Queensway Outdoor Rink Washroom,None,None,1,"{""coordinates"": [[-79.50632687, 43.62643476]], ""type"": ""MultiPoint""}"
165,29351,Rennie Park,Rennie Park David H. Williams Washroom,Washroom Building,None,9 a.m. to 10 p.m.,Located in the rink building west of the outdoor ice rink.,https://www.toronto.ca/explore-enjoy/parks-recreation/places-spaces/parks-and-recreation-facilities/location/?id=181,1 Rennie Terr  ,2026-04-28T09:12:02,Rennie Park David H. Williams Washroom,None,None,1,"{""coordinates"": [[-79.4737939, 43.64417038]], ""type"": ""MultiPoint""}"
166,29407,Etienne Brule Park,Etienne Brule Park Washroom,Washroom Building,None,9 a.m. to 10 p.m.,Located 250 metres northwest of the Catherine Street entrance next to the trail.,https://www.toronto.ca/explore-enjoy/parks-recreation/places-spaces/parks-and-recreation-facilities/location/?id=10,13 Crosby Ave  ,2026-04-28T09:11:51,Etienne Brule Park Washroom,None,None,1,"{""coordinates"": [[-79.49285713, 43.65282102]], ""type"": ""MultiPoint""}"
167,29724,Wanless Park,Wanless Park Fieldhouse Washroom ,Washroom Building,"Accessible Stall, Entrance at Grade, Entrance Access Ramp, Child Change Table",9 a.m. to 10 p.m.,Located on the pathway west of the baseball diamond.,https://www.toronto.ca/explore-enjoy/parks-recreation/places-spaces/parks-and-recreation-facilities/location/?id=265,250 Wanless Ave  ,2026-04-28T08:30:25,Wanless Park Fieldhouse Washroom ,None,None,1,"{""coordinates"": [[-79.39187778, 43.72882539]], ""type"": ""MultiPoint""}"
168,971422,Bond Park Sport Centre,Bond Park Sport Centre Washroom,Washroom Building,Entrance at Grade,9 a.m. to 10 p.m.,Located on the pathway between the southern baseball diamonds.,https://www.toronto.ca/explore-enjoy/parks-recreation/places-spaces/parks-and-recreation-facilities/location/?id=465,120 Bond Ave  ,2026-04-27T12:12:37,Bond Park Washroom,None,None,1,"{""coordinates"": [[-79.35231451, 43.74586922]], ""type"": ""MultiPoint""}"
169,29732,West Deane Park,West Deane Park Washroom ,Washroom Building,"Entrance at Grade, Child Change Table",9 a.m. to 10 p.m.,"Located on the pathway south of the parking lot, near the playground.",https://www.toronto.ca/explore-enjoy/parks-recreation/places-spaces/parks-and-recreation-facilities/location/?id=873,19 Sedgebrook Cres  ,2026-04-27T10:52:26,West Deane Park Washroom ,None,None,1,"{""coordinates"": [[-79.55755201, 43.66083807]], ""type"": ""MultiPoint""}"
170,29572,Millwood Park,Millwood Park Washroom ,Washroom Building,"Accessible Stall, Entrance at Grade",9 a.m. to 10 p.m.,Located on the pathway south of the playground and next to the northern baseball field.,https://www.toronto.ca/explore-enjoy/parks-recreation/places-spaces/parks-and-recreation-facilities/location/?id=853,4370 Bloor St  W ,2026-04-27T10:51:44,Millwood Park Washroom,None,None,1,"{""coordinates"": [[-79.57732151, 43.63146595]], ""type"": ""MultiPoint""}"
171,29728,Wellesworth Park,Wellesworth Park Washroom ,Washroom Building,Accessible Stall,9 a.m. to 10 p.m.,Located in the grassy area north of the playground.,https://www.toronto.ca/explore-enjoy/parks-recreation/places-spaces/parks-and-recreation-facilities/location/?id=872,55 Dixfield Dr  ,2026-04-27T10:51:01,Wellesworth Park Washroom,None,None,1,"{""coordinates"": [[-79.57379257, 43.65711403]], ""type"": ""MultiPoint""}"
172,36489,Eglinton Park,Eglinton Park Washroom,Washroom Building,None,9 a.m. to 10 p.m.,Located in the centre of the park south of the sports fields. ,https://www.toronto.ca/explore-enjoy/parks-recreation/places-spaces/parks-and-recreation-facilities/location/?id=117,200 Eglinton Ave  W ,2026-04-27T07:19:48,Eglinton Park Washroom,None,None,1,"{""coordinates"": [[-79.40549905, 43.70826165]], ""type"": ""MultiPoint""}"
173,29416,George Webster Park,George Webster Park Washroom,Washroom Building,Entrance Access Ramp,9 a.m. to 10 p.m.,Located at the south end of the park next to the splash pad.,https://www.toronto.ca/explore-enjoy/parks-recreation/places-spaces/parks-and-recreation-facilities/location/?id=426,30 Chapman Ave  ,2026-04-26T09:50:38,George Webster Park Washroom,None,None,1,"{""coordinates"": [[-79.30043489, 43.70069836]], ""type"": ""MultiPoint""}"
174,29408,Etobicoke Valley Park,Etobicoke Valley Park Washroom,Washroom Building,Accessible Stall,9 a.m. to 10 p.m.,Located on the pathway south of the stairs up to the parking lot.,https://www.toronto.ca/explore-enjoy/parks-recreation/places-spaces/parks-and-recreation-facilities/location/?id=842,615 Horner Ave  ,2026-04-25T16:19:17,Etobicoke Valley Park Washroom,None,None,1,"{""coordinates"": [[-79.55681227, 43.60436945]], ""type"": ""MultiPoint""}"
175,37104,Woodbine Beach Park,Woodbine Bathing Station Washroom ,Washroom Building,None,9 a.m. to 10 p.m.,Located at the eastern end of the lot south of the boardwalk.,https://www.toronto.ca/explore-enjoy/parks-recreation/places-spaces/parks-and-recreation-facilities/location/?id=311,1675 Lake Shore Blvd  E ,2026-04-24T09:38:23,Woodbine Bathing Station Washroom ,None,None,1,"{""coordinates"": [[-79.30791821, 43.66274627]], ""type"": ""MultiPoint""}"
176,988593,Clydesdale Park,Clydesdale Park Tennis Clubhouse Universal Washroom,"Universal Washroom, All-Gender Washroom, Accessible Washroom",None,9 a.m. - 10 p.m.,Located on the east side of the tennis club building,https://www.toronto.ca/explore-enjoy/parks-recreation/places-spaces/parks-and-recreation-facilities/location/?id=494,116 Clydesdale Dr,2026-04-24T06:29:50,Clydesdale Park Tennis Clubhouse Universal Washroom,None,None,1,"{""coordinates"": [[-79.32943267, 43.7833757]], ""type"": ""MultiPoint""}"
177,78226,Stanley Greene Park,Stanley Greene Park Pavilion Washroom,"All-Gender Washroom, Accessible Washroom","Entrance at Grade, Powered Door Opener",9 a.m. to 10 p.m.,Located next to the splash pad and playground.,https://www.toronto.ca/explore-enjoy/parks-recreation/places-spaces/parks-and-recreation-facilities/location/?id=3693,55 Stanley Greene Blvd.   ,2026-04-23T10:34:31,Stanley Greene Park Pavilion Washroom,None,None,1,"{""coordinates"": [[-79.4774548, 43.73417677]], ""type"": ""MultiPoint""}"
178,29708,Toronto Islands - Ward's Island,Toronto Islands - Ward's Island Chippewa House Washroom ,Washroom Building,"Accessible Stall, Entrance at Grade",None,Located at the south west corner of Chippawa and Cibola Avenues.,https://www.toronto.ca/explore-enjoy/parks-recreation/places-spaces/parks-and-recreation-facilities/location/?id=2039,1 Centre Island Park  ,2026-04-23T08:36:02,Toronto Islands - Ward's Island Chippewa House Washroom ,None,None,1,"{""coordinates"": [[-79.36529069, 43.62074108]], ""type"": ""MultiPoint""}"
179,29379,Dufferin Grove Park,Dufferin Grove Sports Field Washroom,Washroom Building,"Accessible Stall, Entrance at Grade",9 a.m. to 10 p.m.,Located in the grassy area west of the sports field.,https://www.toronto.ca/explore-enjoy/parks-recreation/places-spaces/parks-and-recreation-facilities/location/?id=87,875 Dufferin St  ,2026-04-22T14:32:57,Dufferin Grove Sports Field Washroom,None,None,1,"{""coordinates"": [[-79.43219567, 43.65705289]], ""type"": ""MultiPoint""}"
180,5459,Donald D. Summerville Olympic Pools,Donald D. Summerville Olympic Outdoor Pool Washroom,Washroom Building,"Entrance at Grade, Child Change Table",9 a.m. to 10 p.m.,Entrance is located on the outside of the outdoor pool building on the south side of the building.,https://www.toronto.ca/explore-enjoy/parks-recreation/places-spaces/parks-and-recreation-facilities/location/?id=437,1867 Lake Shore Blvd  E ,2026-04-21T10:15:55,Donald D. Summerville Olympic Outdoor Pool Washroom,None,None,1,"{""coordinates"": [[-79.30471172, 43.66496518]], ""type"": ""MultiPoint""}"
181,28899,Rosedale Park,Rosedale Park Washroom,Washroom Building,None,View outdoor rink hours,Located in the rink building west of the outdoor ice rink.,https://www.toronto.ca/explore-enjoy/parks-recreation/places-spaces/parks-and-recreation-facilities/location/?id=210,20 Scholfield Ave  ,2026-04-20T08:11:39,Rosedale Park Outdoor Rink Washroom,None,None,1,"{""coordinates"": [[-79.37921192, 43.6832752]], ""type"": ""MultiPoint""}"
182,13688,Viewmount Park,Viewmount Community Centre Washroom,Washroom Building,None,View centre hours,Entrance is located on the outside of the Community Centre.,https://www.toronto.ca/explore-enjoy/parks-recreation/places-spaces/parks-and-recreation-facilities/location/?id=772,169 Viewmount Ave  ,2026-04-13T10:59:54,Viewmount Community Centre Washroom,None,None,1,"{""coordinates"": [[-79.43721163, 43.70748851]], ""type"": ""MultiPoint""}"
183,29312,Budapest Park,Budapest Park Washroom,Washroom Building,None,9 a.m. to 10 p.m.,Located at the east end of the parking lot.,https://www.toronto.ca/explore-enjoy/parks-recreation/places-spaces/parks-and-recreation-facilities/location/?id=335,1575 Lake Shore Blvd  W ,2026-04-10T07:47:33,Budapest Park Washroom,None,None,1,"{""coordinates"": [[-79.44929547, 43.63702114]], ""type"": ""MultiPoint""}"
184,29689,Toronto Islands - Toronto Island Park,Toronto Islands - Ferry Dock Washroom,Washroom Building,"Accessible Stall, Entrance at Grade, Child Change Table",None,Located at the west side of the ferry dock plaza.,https://www.toronto.ca/explore-enjoy/parks-recreation/places-spaces/parks-and-recreation-facilities/location/?id=2024,9 Queens Quay  W ,2026-04-08T11:56:59,Toronto Islands - Ferry Dock Washroom,None,None,1,"{""coordinates"": [[-79.37907425, 43.62231261]], ""type"": ""MultiPoint""}"
185,13493,G. Ross Lord Park,G. Ross Lord Park Sport Pavillion Washroom,Washroom Building,None,9 a.m. to 10 p.m.,Located in the sports pavilion east of main parking lot.,https://www.toronto.ca/explore-enjoy/parks-recreation/places-spaces/parks-and-recreation-facilities/location/?id=11,4801 Dufferin St  ,2026-03-27T12:08:44,G. Ross Lord Park Sport Pavillion Washroom,None,None,1,"{""coordinates"": [[-79.46222308, 43.77923851]], ""type"": ""MultiPoint""}"
186,14068,Otter Creek Centre,Otter Creek Centre Outdoor Rink Washroom,Washroom Building,None,View outdoor rink hours,Located in the rink building east of the outdoor ice rink.,https://www.toronto.ca/explore-enjoy/parks-recreation/places-spaces/parks-and-recreation-facilities/location/?id=251,140 Cheritan Ave  ,2026-03-25T07:52:30,Otter Creek Centre Outdoor Rink Washroom,Closed for the Season,None,0,"{""coordinates"": [[-79.40950824, 43.72128737]], ""type"": ""MultiPoint""}"
187,28890,Hodgson Public School,Hodgson Public School Grounds Outdoor Rink Washroom,Washroom Building,None,View outdoor rink hours,Located on the north side on the outdoor ice rink.,https://www.toronto.ca/explore-enjoy/parks-recreation/places-spaces/parks-and-recreation-facilities/location/?id=1220,276 Davisville Ave  ,2026-03-25T07:52:13,Hodgson Public School Grounds Outdoor Rink Washroom,Closed for the Season,None,0,"{""coordinates"": [[-79.38600396, 43.7014217]], ""type"": ""MultiPoint""}"
188,29612,Riverdale Park East,Riverdale Park East Fieldhouse Washroom ,Washroom Building,Entrance at Grade,9 a.m. to 10 p.m.,Located in the fieldhouse at the south end of the park.,https://www.toronto.ca/explore-enjoy/parks-recreation/places-spaces/parks-and-recreation-facilities/location/?id=343,550 Broadview Ave  ,2026-03-24T06:45:37,Riverdale Park East Fieldhouse Washroom ,None,None,1,"{""coordinates"": [[-79.35550582, 43.66772754]], ""type"": ""MultiPoint""}"
189,28894,Prince of Wales Rink,Prince of Wales Outdoor Rink Washroom,Washroom Building,None,View outdoor rink hours,Located on the west side of the ice outdoor rink.,https://www.toronto.ca/explore-enjoy/parks-recreation/places-spaces/parks-and-recreation-facilities/location/?id=819,1 Third St  ,2026-03-23T07:45:29,Prince of Wales Outdoor Rink Washroom,Closed for the Season,None,0,"{""coordinates"": [[-79.49926631, 43.59878863]], ""type"": ""MultiPoint""}"
190,28891,Humber Valley Rink,Humber Valley Outdoor Rink Washroom,Washroom Building,None,View outdoor rink hours,Located in the outdoor rink building.,https://www.toronto.ca/explore-enjoy/parks-recreation/places-spaces/parks-and-recreation-facilities/location/?id=816,50 Anglesey Blvd  ,2026-03-23T07:43:44,Humber Valley Outdoor Rink Washroom,Closed for the Season,None,0,"{""coordinates"": [[-79.52491635, 43.66419045]], ""type"": ""MultiPoint""}"
191,28902,Sir Adam Beck Rink,Sir Adam Beck Park Outdoor Rink Washroom,Washroom Building,None,View outdoor rink hours,Located in the rink building next to the outdoor ice rink.,https://www.toronto.ca/explore-enjoy/parks-recreation/places-spaces/parks-and-recreation-facilities/location/?id=814,55 Eltham Dr  ,2026-03-13T08:14:28,Sir Adam Beck Park Outdoor Rink Washroom,Closed for the Season,None,0,"{""coordinates"": [[-79.54745953, 43.6024034]], ""type"": ""MultiPoint""}"
192,28893,West Deane Park,West Deane Park Outdoor Rink Washroom,Washroom Building,None,View outdoor rink hours,Located in the outdoor rink building.,https://www.toronto.ca/explore-enjoy/parks-recreation/places-spaces/parks-and-recreation-facilities/location/?id=873,19 Sedgebrook Cres  ,2026-03-12T08:32:45,West Deane Park Outdoor Rink Washroom,Closed for the Season,None,0,"{""coordinates"": [[-79.55902437, 43.66358211]], ""type"": ""MultiPoint""}"
193,28904,Sunnydale Acres Park,Sunnydale Acres Park Outdoor Rink Washroom,Washroom Building,None,View outdoor rink hours,Located in the outdoor ice rink building.,https://www.toronto.ca/explore-enjoy/parks-recreation/places-spaces/parks-and-recreation-facilities/location/?id=809,50 Amoro Dr  ,2026-03-11T10:27:06,Sunnydale Acres Park Outdoor Rink Washroom,Closed for the Season,None,0,"{""coordinates"": [[-79.57792068, 43.72445935]], ""type"": ""MultiPoint""}"
194,29720,Valleyfield Park,Valleyfield Park Outdoor Rink Washroom,Washroom Building,None,View outdoor rink hours,Located in the rink building next to the ice rink.,https://www.toronto.ca/explore-enjoy/parks-recreation/places-spaces/parks-and-recreation-facilities/location/?id=812,35 The Westway ,2026-03-11T08:47:33,Valleyfield Park Outdoor Rink Washroom,Closed for the Season,None,0,"{""coordinates"": [[-79.53438656, 43.69466171]], ""type"": ""MultiPoint""}"
195,28907,Wedgewood Park,Wedgewood Park Outdoor Rink Washroom,Washroom Building,None,View outdoor rink hours,Located in the rink building next to the outdoor ice rink.,https://www.toronto.ca/explore-enjoy/parks-recreation/places-spaces/parks-and-recreation-facilities/location/?id=773,15 Swan Ave  ,2026-03-11T08:47:01,Wedgewood Park Outdoor Rink Washroom,Closed for the Season,None,0,"{""coordinates"": [[-79.5475486, 43.64453464]], ""type"": ""MultiPoint""}"
196,2006,Trinity Community Recreation Centre,Trinity Community Recreation Centre Washroom,"All-Gender Washroom, Accessible Washroom","Entrance at Grade, Powered Door Opener, Child Change Table",View centre hours,Located in the Community Centre.,https://www.toronto.ca/explore-enjoy/parks-recreation/places-spaces/parks-and-recreation-facilities/location/?id=287,155 Crawford St  ,2026-03-10T11:03:28,Trinity Community Recreation Centre Washroom,None,None,1,"{""coordinates"": [[-79.41488121, 43.64625904]], ""type"": ""MultiPoint""}"
197,29641,Sir Winston Churchill Park,Sir Winston Churchill Park Washroom,Washroom Building,None,9 a.m. to 10 p.m.,Located in the clubhouse/washroom building.,https://www.toronto.ca/explore-enjoy/parks-recreation/places-spaces/parks-and-recreation-facilities/location/?id=200,301 St. Clair Ave  W ,2026-03-02T07:19:15,Sir Winston Churchill Park Washroom,None,None,1,"{""coordinates"": [[-79.40840168, 43.68428868]], ""type"": ""MultiPoint""}"
198,6171,Riverdale Park East,Riverdale Park East Outdoor Rink / Pool Washroom ,Washroom Building,None,View facility hours,Located in the outdoor pool and rink building.,https://www.toronto.ca/explore-enjoy/parks-recreation/places-spaces/parks-and-recreation-facilities/location/?id=343,550 Broadview Ave  ,2026-02-12T10:35:49,Riverdale Park East Outdoor Rink / Pool Washroom ,None,None,1,"{""coordinates"": [[-79.35701774, 43.67251825]], ""type"": ""MultiPoint""}"
199,58062,Jack Layton Ferry Terminal,Jack Layton Ferry Terminal Washroom,Washroom Building,"Accessible Stall, Entrance at Grade",6:30 a.m. to 11:30 p.m.,"Located in the main building on the west side of the Ferry Terminal entrance, accessed after ferry ticket purchase.",https://www.toronto.ca/explore-enjoy/parks-recreation/places-spaces/parks-and-recreation-facilities/location/?id=3789,25 Queens Quay W ,2026-02-08T18:39:43,Jack Layton Ferry Terminal Washroom,None,None,1,"{""coordinates"": [[-79.37538416, 43.64027034]], ""type"": ""MultiPoint""}"
200,13476,Edwards Gardens,Edwards Gardens Washroom,Washroom Building,None,9 a.m. to 10 p.m.,Located at the back of the outdoor café building.,https://www.toronto.ca/explore-enjoy/parks-recreation/places-spaces/parks-and-recreation-facilities/location/?id=473,755 Lawrence Ave  E ,2026-01-27T12:47:04,Edwards Gardens Washroom,None,None,1,"{""coordinates"": [[-79.35936175, 43.73410649]], ""type"": ""MultiPoint""}"
201,28910,Westway Park,Westway Outdoor Rink Washroom,Washroom Building,None,View outdoor rink hours,Located in the rink building next to the outdoor ice rink.,https://www.toronto.ca/explore-enjoy/parks-recreation/places-spaces/parks-and-recreation-facilities/location/?id=804,175 The Westway ,2026-01-23T08:39:19,Westway Outdoor Rink Washroom,None,None,1,"{""coordinates"": [[-79.54213303, 43.6884532]], ""type"": ""MultiPoint""}"
202,28908,West Mall Rink,West Mall Outdoor Rink Washroom,Washroom Building,None,View outdoor rink hours,Located in the rink building next to the outdoor ice rink.,https://www.toronto.ca/explore-enjoy/parks-recreation/places-spaces/parks-and-recreation-facilities/location/?id=2642,370 The West Mall ,2026-01-21T07:01:49,West Mall Outdoor Rink Washroom,None,None,1,"{""coordinates"": [[-79.56627261, 43.64153856]], ""type"": ""MultiPoint""}"
203,28900,Royal Crest Rink,Royal Crest Park Outdoor Rink Washroom,Washroom Building,None,View outdoor rink hours,Located in the outdoor ice rink building.,https://www.toronto.ca/explore-enjoy/parks-recreation/places-spaces/parks-and-recreation-facilities/location/?id=878,50 Cabernet Cir  ,2026-01-15T07:19:28,Royal Crest Park Outdoor Rink Washroom,Maintenance/Repairs,None,0,"{""coordinates"": [[-79.60473935, 43.75272073]], ""type"": ""MultiPoint""}"
204,29631,Scarlett Woods Golf Course,Scarlett Woods Golf Course Washroom,Washroom Building,None,9 a.m. to 10 p.m.,Located on the south side of clubhouse building.,https://www.toronto.ca/explore-enjoy/parks-recreation/places-spaces/parks-and-recreation-facilities/location/?id=401,1000 Jane St  ,2025-12-30T09:19:32,Scarlett Woods Golf Course Washroom,None,None,1,"{""coordinates"": [[-79.50013587, 43.683536169999996]], ""type"": ""MultiPoint""}"
205,5932,Blantyre Park,Blantyre Park Outdoor Pool Washroom,Washroom Building,None,View outdoor pool hours,Located in the pool building south of the outdoor pool.,https://www.toronto.ca/explore-enjoy/parks-recreation/places-spaces/parks-and-recreation-facilities/location/?id=557,180 Fallingbrook Rd  ,2025-12-05T11:42:41,Blantyre Park Outdoor Pool Washroom,Under Construction,"Blantyre Park and all its amenities are closed while it <a href=""https://www.toronto.ca/city-government/planning-development/construction-new-facilities/improvements-expansion-redevelopment/blantyre-park-improvements/"">undergoes improvements</a>.",0,"{""coordinates"": [[-79.28064328, 43.68359199]], ""type"": ""MultiPoint""}"
206,988554,East Bayfront Community Recreation Centre,East Bayfront Community Recreation Centre Washrooms,"Universal Washroom, All-Gender Washroom, Accessible Washroom","Accessible Stall, Entrance at Grade, Adult Change Table, Automatic Door Opener",View centre hours,Located in the Community Centre,https://www.toronto.ca/explore-enjoy/parks-recreation/places-spaces/parks-and-recreation-facilities/location/?id=3857,261 Queens Quay East,2025-11-26T14:17:48,East Bayfront Community Recreation Centre Washroom,None,None,1,"{""coordinates"": [[-79.36119857, 43.64633931]], ""type"": ""MultiPoint""}"
207,5555,West Deane Park Outdoor Pool,West Deane Park Outdoor Pool Washroom ,Washroom Building,None,View outdoor pool hours,Located on the west side of the pool on the pathway from Sedgebrook Crescent.,https://www.toronto.ca/explore-enjoy/parks-recreation/places-spaces/parks-and-recreation-facilities/location/?id=873,19 Sedgebrook Cres  ,2025-11-24T13:57:04,West Deane Park Outdoor Pool Washroom ,Closed for the Season,None,0,"{""coordinates"": [[-79.56187711, 43.66067946]], ""type"": ""MultiPoint""}"
208,5465,Westmount Park Outdoor Pool,Westmount Park Outdoor Pool Washroom ,Washroom Building,None,View outdoor pool hours,Located on the pathway south of the tennis courts.,https://www.toronto.ca/explore-enjoy/parks-recreation/places-spaces/parks-and-recreation-facilities/location/?id=888,22 Arcade Dr  ,2025-11-24T13:55:10,Westmount Park Outdoor Pool Washroom ,Closed for the Season,None,0,"{""coordinates"": [[-79.51884924, 43.68717127]], ""type"": ""MultiPoint""}"
209,5470,Weston Lions Park,Weston Lions Park Outdoor Pool Washroom ,Washroom Building,None,View outdoor pool hours,Located at the south end of the parking lot.,https://www.toronto.ca/explore-enjoy/parks-recreation/places-spaces/parks-and-recreation-facilities/location/?id=508,2125 Lawrence Ave  W ,2025-11-24T13:53:36,Weston Lions Park Outdoor Pool Washroom ,Closed for the Season,None,0,"{""coordinates"": [[-79.51845586, 43.69808299]], ""type"": ""MultiPoint""}"
210,103143,Ethennonnhawahstihnen Park,Ethennonnhawahstihnen Park Outdoor Rink Washroom,"All-Gender Washroom, Accessible Washroom","Powered Door Opener, Entrance at Grade, Distress Call Button, Child Change Table",9 a.m. to 10 p.m.,Located next to the changeroom in the skating pavilion.,https://www.toronto.ca/explore-enjoy/parks-recreation/places-spaces/parks-and-recreation-facilities/location/?id=2597,80 Mcmahon Dr  E ,2025-11-11T07:23:45,Ethennonnhawahstihnen Park Outdoor Rink Washroom,None,None,1,"{""coordinates"": [[-79.37203924, 43.7677027]], ""type"": ""MultiPoint""}"
211,1866,Matty Eckler Recreation Centre,Matty Eckler Recreation Centre Washroom,Washroom Building,None,View centre hours,Located in the Community Centre.,https://www.toronto.ca/explore-enjoy/parks-recreation/places-spaces/parks-and-recreation-facilities/location/?id=234,953 Gerrard St  E ,2025-10-28T12:02:09,Matty Eckler Recreation Centre Washroom,None,None,1,"{""coordinates"": [[-79.33958367, 43.66790402]], ""type"": ""MultiPoint""}"
212,13061,Power House Recreation Centre,Power House Recreation Centre Washroom,Washroom Building,None,View outdoor rink hours,Located in the Community Centre.,https://www.toronto.ca/explore-enjoy/parks-recreation/places-spaces/parks-and-recreation-facilities/location/?id=1429,65 Colonel Samuel Smith Park Dr  ,2025-10-23T08:43:54,Power House Recreation Centre Washroom,None,None,1,"{""coordinates"": [[-79.51534372, 43.59352445]], ""type"": ""MultiPoint""}"
213,29567,MacGregor Playground,MacGregor Playground Washroom,Washroom Building,None,9 a.m. to 10 p.m.,Located in the fieldhouse.,https://www.toronto.ca/explore-enjoy/parks-recreation/places-spaces/parks-and-recreation-facilities/location/?id=378,346 Lansdowne Ave  ,2025-10-22T18:21:19,MacGregor Playground Washroom,Maintenance/Repairs,None,0,"{""coordinates"": [[-79.44180549, 43.65312321]], ""type"": ""MultiPoint""}"
214,13008,Banbury Community Centre,Banbury Community Centre Washroom,Washroom Building,None,View centre hours,Located in the Community Centre.,https://www.toronto.ca/explore-enjoy/parks-recreation/places-spaces/parks-and-recreation-facilities/location/?id=511,120 Banbury Rd,2025-09-26T16:22:58,Banbury Community Centre Washroom,None,None,1,"{""coordinates"": [[-79.36951105, 43.74283989]], ""type"": ""MultiPoint""}"
215,29354,June Rowlands Park,June Rowlands Park Washroom,Washroom Building,Entrance at Grade,9 a.m. to 10 p.m.,Located along Davisville Avenue southwest of the sports field.,https://www.toronto.ca/explore-enjoy/parks-recreation/places-spaces/parks-and-recreation-facilities/location/?id=78,220 Davisville Ave  ,2025-09-23T08:59:16,June Rowlands Park Washroom,None,None,1,"{""coordinates"": [[-79.38818857, 43.70028667]], ""type"": ""MultiPoint""}"
216,971308,Rouge Valley Community Recreation Centre,Rouge Valley Community Recreation Centre  Washrooms,"Universal Washroom, All-Gender Washroom, Accessible Washroom","Accessible Stall, Adult Change Table, Entrance at Grade, Automatic Door Opener",Centre Hours,None,https://www.toronto.ca/explore-enjoy/parks-recreation/places-spaces/parks-and-recreation-facilities/location/?id=3858,8450 Sheppard Ave E,2025-09-18T11:24:34,Rouge Valley Community Recreation Centre Washroom,None,None,1,"{""coordinates"": [[-79.18976249, 43.80540094]], ""type"": ""MultiPoint""}"
217,29578,Morningside Park,Morningside Park Washroom,Washroom Building,None,9 a.m. to 10 p.m.,"Located west of the parking lot, east of the playground.",https://www.toronto.ca/explore-enjoy/parks-recreation/places-spaces/parks-and-recreation-facilities/location/?id=1470,390 Morningside Ave  ,2025-09-10T21:07:29,Morningside Park Washroom,None,None,1,"{""coordinates"": [[-79.19396006, 43.77906343]], ""type"": ""MultiPoint""}"
218,101974,Centennial Park - Etobicoke,Centennial Park Etobicoke Picnic Site 1 Washroom,Washroom Building,None,9 a.m. to 10 p.m.,"Located east of the parking lot off Elmcrest road, northeast of Picnic Site #1 and the playground.",https://www.toronto.ca/explore-enjoy/parks-recreation/places-spaces/parks-and-recreation-facilities/location/?id=798,256 Centennial Park Rd,2025-09-10T07:02:32,Centennial Park Etobicoke Picnic Site 1 Washroom,Under Construction,None,0,"{""coordinates"": [[-79.58701686, 43.64894737]], ""type"": ""MultiPoint""}"
219,29638,Sir Casimir Gzowski Park,Sir Casimir Gzowski Park Fieldhouse Washroom ,Washroom Building,"Accessible Stall, Entrance at Grade",9 a.m. to 10 p.m.,"Located on the pathway from the east end of the parking lot to the boardwalk, across from the playground.",https://www.toronto.ca/explore-enjoy/parks-recreation/places-spaces/parks-and-recreation-facilities/location/?id=71,2001 Lake Shore Blvd  W ,2025-09-06T11:40:20,Sir Casimir Gzowski Park Fieldhouse Washroom ,None,None,1,"{""coordinates"": [[-79.46576904, 43.63513752]], ""type"": ""MultiPoint""}"
220,29277,Baird Park,Baird Park Washroom,Washroom Building,"Accessible Stall, Entrance Access Ramp",9 a.m. to 10 p.m.,Located north of the bowling greens.,https://www.toronto.ca/explore-enjoy/parks-recreation/places-spaces/parks-and-recreation-facilities/location/?id=137,275 Keele St  ,2025-09-05T09:43:18,Baird Park Washroom,None,None,1,"{""coordinates"": [[-79.46254137, 43.66223126]], ""type"": ""MultiPoint""}"
221,13602,Milliken Park,Milliken Park Washroom Building,Washroom Building,Child Change Table,9 a.m. to 10 p.m.,Located to the west of the parking lot.,https://www.toronto.ca/explore-enjoy/parks-recreation/places-spaces/parks-and-recreation-facilities/location/?id=1088,5555 Steeles Ave  E ,2025-09-03T10:00:59,Milliken Park Washroom Building,None,None,1,"{""coordinates"": [[-79.27186228, 43.83006636]], ""type"": ""MultiPoint""}"
222,75804,Guild Park and Gardens,Guild Park and Gardens East Washroom,Washroom Building,None,9 a.m. to 10 p.m.,Located at the entrance next to the southeast parking lot in the lower level of the Banquet hall.,https://www.toronto.ca/explore-enjoy/parks-recreation/places-spaces/parks-and-recreation-facilities/location/?id=406,201 Guildwood Pkwy  ,2025-09-03T09:48:59,Guild Park and Gardens East Washroom,None,None,1,"{""coordinates"": [[-79.19150754, 43.74779142]], ""type"": ""MultiPoint""}"
223,1701,Coronation Park - Toronto,Coronation Park Toronto Washroom,Washroom Building,None,9 a.m. to 7:30 p.m.,Located east of the south baseball diamond.,https://www.toronto.ca/explore-enjoy/parks-recreation/places-spaces/parks-and-recreation-facilities/location/?id=467,711 Lake Shore Blvd  W ,2025-09-02T13:10:13,Coronation Park Toronto Washroom,None,None,1,"{""coordinates"": [[-79.40490539, 43.63438282]], ""type"": ""MultiPoint""}"
224,28885,Campbell Avenue Park,Campbell Avenue Park Outdoor Rink Washroom,Washroom Building,None,9 a.m. to 10 p.m.,Entrance is located on the outside of the outdoor ice rink building.,https://www.toronto.ca/explore-enjoy/parks-recreation/places-spaces/parks-and-recreation-facilities/location/?id=1053,225 Campbell Ave  ,2025-09-02T12:40:37,Campbell Avenue Playground Outdoor Rink Washroom,None,None,1,"{""coordinates"": [[-79.44851599, 43.66293404]], ""type"": ""MultiPoint""}"
225,2091,Earl Bales Ski and Snowboard Centre,Earl Bales Ski and Snowboard Centre Washroom,Washroom Building,"Accessible Stall, Entrance Access Ramp, Child Change Table",9 a.m. to 10 p.m.,Entrance is located on the outside of the Ski and Snowboard Centre.,https://www.toronto.ca/explore-enjoy/parks-recreation/places-spaces/parks-and-recreation-facilities/location/?id=2766,4169 Bathurst St   ,2025-07-15T13:01:45,Earl Bales Ski and Snowboard Centre Washroom,None,None,1,"{""coordinates"": [[-79.43186017, 43.75256345]], ""type"": ""MultiPoint""}"
226,28887,Dieppe Park,Dieppe Park Outdoor Rink Washroom,Washroom Building,None,View outdoor rink hours,Located at the outdoor ice rink.,https://www.toronto.ca/explore-enjoy/parks-recreation/places-spaces/parks-and-recreation-facilities/location/?id=327,455 Cosburn Ave  ,2025-07-15T12:44:05,Dieppe Park Outdoor Rink Washroom,Closed for the Season,None,0,"{""coordinates"": [[-79.33606541, 43.69209505]], ""type"": ""MultiPoint""}"
227,29478,High Park,High Park Lower Hillside Washroom,Washroom Building,"Accessible Stall, Entrance at Grade",9 a.m. to 10 p.m.,Located on the pathway north of Maple Leaf Garden.,https://www.toronto.ca/explore-enjoy/parks-recreation/places-spaces/parks-and-recreation-facilities/location/?id=77,1873 Bloor St  W ,2025-07-14T11:20:17,High Park Lower Hillside Washroom,Under Construction,None,0,"{""coordinates"": [[-79.46699992, 43.64366457]], ""type"": ""MultiPoint""}"
228,2081,Jack Goodlad Community Centre,Jack Goodlad Community Centre Washroom,Washroom Building,None,9 a.m. to 10 p.m.,Entrance is located on the outside of the Community Centre.,https://www.toronto.ca/explore-enjoy/parks-recreation/places-spaces/parks-and-recreation-facilities/location/?id=630,929 Kennedy Rd  ,2025-07-04T18:19:04,Jack Goodlad Community Centre Washroom,None,None,1,"{""coordinates"": [[-79.27101245, 43.74229861]], ""type"": ""MultiPoint""}"
229,41663,Woodbine Park,Woodbine Park Washroom,Washroom Building,"Entrance at Grade, Child Change Table",9 a.m. to 10 p.m.,Located in the fieldhouse.,https://www.toronto.ca/explore-enjoy/parks-recreation/places-spaces/parks-and-recreation-facilities/location/?id=431,1695 Queen St  E ,2025-06-30T18:22:19,Woodbine Park Washroom,None,None,1,"{""coordinates"": [[-79.31221235, 43.664857]], ""type"": ""MultiPoint""}"
230,5665,Halbert Park,Halbert Park Outdoor Pool Washroom,Washroom Building,None,View outdoor pool hours,Located on the pathway at the north end of the outdoor pool.,https://www.toronto.ca/explore-enjoy/parks-recreation/places-spaces/parks-and-recreation-facilities/location/?id=768,24 Rockwood Dr  ,2025-06-30T12:42:01,Halbert Park Outdoor Pool Washroom,None,None,1,"{""coordinates"": [[-79.23090854, 43.72888664]], ""type"": ""MultiPoint""}"
231,12,Albert Campbell Square,Albert Campbell Square Outdoor Rink Washroom,Washroom Building,None,View outdoor rink hours,Located at the west end of the outdoor ice rink.,https://www.toronto.ca/explore-enjoy/parks-recreation/places-spaces/parks-and-recreation-facilities/location/?id=2155,150 Borough Dr  ,2025-06-30T10:46:01,Albert Campbell Square Outdoor Rink Washroom,None,None,1,"{""coordinates"": [[-79.25781595, 43.77342197]], ""type"": ""MultiPoint""}"
232,273,Dennis R. Timbrell Resource Centre,Dennis R. Timbrell Resource Centre Washroom,"All-Gender Washroom, Accessible Washroom",yes,View centre hours,Located in the Community Centre.,https://www.toronto.ca/explore-enjoy/parks-recreation/places-spaces/parks-and-recreation-facilities/location/?id=1056,29 St Dennis Dr  ,2025-06-28T21:01:06,Dennis R. Timbrell Resource Centre Washroom,None,None,1,"{""coordinates"": [[-79.33179795, 43.71788436]], ""type"": ""MultiPoint""}"
233,29511,High Park,High Park Parkside Drive Washroom,Washroom Building,"Accessible Stall, Entrance at Grade, Automatic Door Opener, Child Change Table",9 a.m. to 10 p.m.,Located near the Parkside Drive entrance.,https://www.toronto.ca/explore-enjoy/parks-recreation/places-spaces/parks-and-recreation-facilities/location/?id=77,1873 Bloor St  W ,2025-06-20T12:29:12,High Park Parkside Drive Washroom,None,None,1,"{""coordinates"": [[-79.45722165, 43.64441385]], ""type"": ""MultiPoint""}"
234,1610,Alderwood Centre,Alderwood Centre Washroom,Washroom Building,None,View centre hours.,Located in the Community Centre.,https://www.toronto.ca/explore-enjoy/parks-recreation/places-spaces/parks-and-recreation-facilities/location/?id=897,2 Orianna Dr,2025-06-17T10:54:08,Alderwood Pool Washroom,None,None,1,"{""coordinates"": [[-79.54712907, 43.60169472]], ""type"": ""MultiPoint""}"
235,29749,Withrow Park,Withrow Park Outdoor Rink Washroom,Washroom Building,None,View outdoor rink hours,Located in the rink building north of the ice rink.,https://www.toronto.ca/explore-enjoy/parks-recreation/places-spaces/parks-and-recreation-facilities/location/?id=306,725 Logan Ave  ,2025-05-22T05:09:25,Withrow Park Outdoor Rink Washroom,Closed for the Season,None,0,"{""coordinates"": [[-79.3464167, 43.67471828]], ""type"": ""MultiPoint""}"
236,29580,Morningside Park,Morningside Park West Parking Lot Washroom,Washroom Building,Entrance at Grade,9 a.m. to 10 p.m.,Located on the pathway between Picnic Site #8 and #9.,https://www.toronto.ca/explore-enjoy/parks-recreation/places-spaces/parks-and-recreation-facilities/location/?id=1470,390 Morningside Ave  ,2025-05-02T12:13:17,Morningside Park West Parking Lot Washroom,None,None,1,"{""coordinates"": [[-79.20171197, 43.77759899]], ""type"": ""MultiPoint""}"
237,29392,East Point Park,East Point Park Ken Morrish Softball Complex Washroom,Washroom Building,"Accessible Stall, Entrance at Grade",9 a.m. to 10 p.m.,Entrance is located on the outside of the Softball Complex.,https://www.toronto.ca/explore-enjoy/parks-recreation/places-spaces/parks-and-recreation-facilities/location/?id=1079,101 Copperfield Rd  ,2025-05-02T07:43:50,East Point Park Ken Morrish Softball Complex Washroom,None,None,1,"{""coordinates"": [[-79.16261168, 43.76026536]], ""type"": ""MultiPoint""}"
238,30923,Moorevale Park,Moorevale Park Tennis Club Washroom,Washroom Building,"Accessible Stall, Entrance Access Ramp, Child Change Table",9 a.m. to 10 p.m.,Located in the Moore Park Tennis Club building.,https://www.toronto.ca/explore-enjoy/parks-recreation/places-spaces/parks-and-recreation-facilities/location/?id=168,175 Moore Ave  ,2025-02-13T16:12:45,Moorevale Park Tennis Club Washroom,None,None,1,"{""coordinates"": [[-79.3822504, 43.69358544]], ""type"": ""MultiPoint""}"
239,215,College Park,Barbara Ann Scott Outdoor Rink Washroom,Washroom Building,None,View outdoor rink hours,Located in the Barbara Ann Scott skating pavilion.,https://www.toronto.ca/explore-enjoy/parks-recreation/places-spaces/parks-and-recreation-facilities/location/?id=223,420 Yonge St  ,2025-01-28T17:02:24,Barbara Ann Scott Outdoor Rink Washroom,Maintenance/Repairs,None,0,"{""coordinates"": [[-79.3838047, 43.65965058]], ""type"": ""MultiPoint""}"
240,1674,Centennial Park - Etobicoke,Centennial Park Conservatory Washroom,Washroom Building,None,View centre hours,Located in the Conservatory.,https://www.toronto.ca/explore-enjoy/parks-recreation/places-spaces/parks-and-recreation-facilities/location/?id=798,256 Centennial Park Rd  ,2024-12-06T11:30:38,Centennial Park Conservatory Washroom,None,None,1,"{""coordinates"": [[-79.58819416, 43.64946299]], ""type"": ""MultiPoint""}"
241,2056,Central Arena,Central Arena Washroom,Washroom Building,None,View arena hours,Located inside Central Arena.,https://www.toronto.ca/explore-enjoy/parks-recreation/places-spaces/parks-and-recreation-facilities/location/?id=824,50 Montgomery Rd  ,2024-11-19T14:03:05,Central Arena Washroom,None,None,1,"{""coordinates"": [[-79.51988153, 43.64861641]], ""type"": ""MultiPoint""}"
242,29358,Dentonia Park Golf Course,Dentonia Park Golf Course Washroom,Washroom Building,None,9 a.m. to 10 p.m.,"Located at the north side of the TTC station (Victoria Park), 50 metres east of the main entrance.",https://www.toronto.ca/explore-enjoy/parks-recreation/places-spaces/parks-and-recreation-facilities/location/?id=402,781 Victoria Park Ave  ,2024-08-10T12:41:40,Dentonia Park Golf Course Washroom,None,None,1,"{""coordinates"": [[-79.28881695, 43.69551105]], ""type"": ""MultiPoint""}"
243,28888,Dufferin Grove Park,Dufferin Grove Park Outdoor Rink Washroom,Washroom Building,None,View outdoor rink hours,Located on the west side of the outdoor ice rinks.,https://www.toronto.ca/explore-enjoy/parks-recreation/places-spaces/parks-and-recreation-facilities/location/?id=87,875 Dufferin St,2024-07-29T10:46:44,Dufferin Grove Park Outdoor Rink Washroom,None,None,1,"{""coordinates"": [[-79.43358385, 43.65702326]], ""type"": ""MultiPoint""}"
244,29652,Sunnyside Park,Sunnyside Park Outdoor Pool Washroom ,Washroom Building,"Accessible Stall, Entrance at Grade, Entrance Access Ramp",View outdoor pool hours,Located in the outdoor pool building.,https://www.toronto.ca/explore-enjoy/parks-recreation/places-spaces/parks-and-recreation-facilities/location/?id=395,1755 Lake Shore Blvd  W ,2024-07-03T13:35:03,Sunnyside Park Outdoor Pool Washroom ,None,None,1,"{""coordinates"": [[-79.45590091, 43.6377201]], ""type"": ""MultiPoint""}"
245,6091,Stanley Park South - Toronto,Stanley Park South Outdoor Pool Washroom ,Washroom Building,None,View outdoor pool hours,Located in the outdoor pool building at the east side of the park.,https://www.toronto.ca/explore-enjoy/parks-recreation/places-spaces/parks-and-recreation-facilities/location/?id=2750,700 Wellington St  W ,2024-07-03T13:34:49,Stanley Park South Outdoor Pool Washroom ,None,None,1,"{""coordinates"": [[-79.408071, 43.64197334]], ""type"": ""MultiPoint""}"
246,6201,Park Lawn Park,Park Lawn Park Outdoor Pool / Rink Washroom,Washroom Building,None,View facility hours,Located in the outdoor pool and rink building.,https://www.toronto.ca/explore-enjoy/parks-recreation/places-spaces/parks-and-recreation-facilities/location/?id=858,330 Park Lawn Rd  ,2024-07-03T13:33:57,Park Lawn Park Outdoor Pool / Rink Washroom,None,None,1,"{""coordinates"": [[-79.49567684, 43.63892377]], ""type"": ""MultiPoint""}"
247,5491,Lambton - Kingsway Park Outdoor Pool,Lambton - Kingsway Park Outdoor Pool  Washroom,Washroom Building,None,View outdoor pool hours,Located at the west end of the outdoor pool.,https://www.toronto.ca/explore-enjoy/parks-recreation/places-spaces/parks-and-recreation-facilities/location/?id=902,37 Marquis Ave  ,2024-07-03T13:33:10,Lambton - Kingsway Park Outdoor Pool  Washroom,None,None,1,"{""coordinates"": [[-79.50788938, 43.65834712]], ""type"": ""MultiPoint""}"
248,5697,Gihon Spring Park Outdoor Pool,Gihon Spring Park Outdoor Pool Washroom,Washroom Building,None,View outdoor pool hours,Located west of the outdoor pool next to the parking lot.,https://www.toronto.ca/explore-enjoy/parks-recreation/places-spaces/parks-and-recreation-facilities/location/?id=843,75 Gihon Spring Dr  ,2024-07-03T13:32:18,Gihon Spring Park Outdoor Pool Washroom,None,None,1,"{""coordinates"": [[-79.5948806, 43.75543797]], ""type"": ""MultiPoint""}"
249,13637,Riverdale Farm,Riverdale Farm Meeting House Washroom,Washroom Building,None,9 a.m. to 5 p.m.,Entrance is located on the outside of the Meeting House through the archway tunnel.,https://www.toronto.ca/explore-enjoy/parks-recreation/places-spaces/parks-and-recreation-facilities/location/?id=345,201 Winchester St  ,2024-06-04T12:15:56,Riverdale Farm Meeting House Washroom,None,None,1,"{""coordinates"": [[-79.36005484, 43.66735115]], ""type"": ""MultiPoint""}"
250,101975,Centennial Park - Etobicoke,Centennial Park Etobicoke Picnic Site 8 Washroom,Washroom Building,None,9 a.m. to 10 p.m.,Located next to Picnic Site #8.,https://www.toronto.ca/explore-enjoy/parks-recreation/places-spaces/parks-and-recreation-facilities/location/?id=798,256 Centennial Park Rd,2024-05-06T07:24:00,Centennial Park Etobicoke Picnic Site 8 Washroom,Planned Closure,Mechanical Issues,0,"{""coordinates"": [[-79.59209294, 43.64877852]], ""type"": ""MultiPoint""}"
251,29405,Esther Lorrie Park,Esther Lorrie Fieldhouse Washroom,Washroom Building,"Accessible Stall, Entrance at Grade",9 a.m. to 10 p.m.,"Located on the pathway west of the sports fields, next to the playground.",https://www.toronto.ca/explore-enjoy/parks-recreation/places-spaces/parks-and-recreation-facilities/location/?id=841,50 Westhumber Blvd  ,2024-04-17T08:02:38,Esther Lorrie Fieldhouse Washroom,None,None,1,"{""coordinates"": [[-79.5814883, 43.72796429]], ""type"": ""MultiPoint""}"
252,29365,Don Valley Golf Course,Don Valley Golf Course Washroom,Washroom Building,None,9 a.m. to 10 p.m.,Located at the north entrance of the building.,https://www.toronto.ca/explore-enjoy/parks-recreation/places-spaces/parks-and-recreation-facilities/location/?id=918,4200 Yonge St  ,2024-03-30T09:40:59,Don Valley Golf Course Washroom,None,None,1,"{""coordinates"": [[-79.40839876, 43.748852]], ""type"": ""MultiPoint""}"
253,28897,Regent Park Athletic Grounds,Regent Park Athletic Grounds Outdoor Rink Washroom,"All-Gender Washroom, Accessible Washroom",Entrance at Grade,View outdoor rink hours,Located in the rink building west of the outdoor ice rink.,https://www.toronto.ca/explore-enjoy/parks-recreation/places-spaces/parks-and-recreation-facilities/location/?id=419,480 Shuter St  ,2023-11-25T09:04:39,Regent Park Athletic Grounds Outdoor Rink Washroom,None,None,1,"{""coordinates"": [[-79.35945408, 43.65867767]], ""type"": ""MultiPoint""}"
254,13499,Earlscourt Park,Giovanni Caboto Outdoor Pool / Rink Washroom,Washroom Building,None,View the facility hours,Located between the outdoor pool and ice rink.,https://www.toronto.ca/explore-enjoy/parks-recreation/places-spaces/parks-and-recreation-facilities/location/?id=514,1367 St. Clair Ave  W ,2023-11-25T08:13:06,Giovanni Caboto Outdoor Pool / Rink Washroom,None,None,1,"{""coordinates"": [[-79.45218551, 43.67557569]], ""type"": ""MultiPoint""}"
255,32622,Nathan Phillips Square,Nathan Phillips Square Outdoor Rink Washroom,Washroom Building,None,View outdoor rink hours,Located in the skating pavilion west of the outdoor ice rink.,https://www.toronto.ca/explore-enjoy/parks-recreation/places-spaces/parks-and-recreation-facilities/location/?id=1089,100 Queen St  W ,2023-11-24T15:50:37,Nathan Phillips Square Outdoor Rink Washroom,None,None,1,"{""coordinates"": [[-79.38394221, 43.65219533]], ""type"": ""MultiPoint""}"
256,1847,Ledbury Park,Ledbury Park Outdoor Pool / Rink Washroom,Washroom Building,None,View facility hours,Located in the outdoor pool and  rink building.,https://www.toronto.ca/explore-enjoy/parks-recreation/places-spaces/parks-and-recreation-facilities/location/?id=678,160 Ledbury St  ,2023-06-26T13:10:48,Ledbury Park Outdoor Pool / Rink Washroom,None,None,1,"{""coordinates"": [[-79.42510701, 43.72708517]], ""type"": ""MultiPoint""}"
257,6094,Kiwanis Outdoor Pool,Kiwanis Outdoor Pool Washroom ,Washroom Building,None,View outdoor pool hours,Located in the outdoor pool building beside Cedarvale Ave.,https://www.toronto.ca/explore-enjoy/parks-recreation/places-spaces/parks-and-recreation-facilities/location/?id=421,375 Cedarvale Ave  ,2023-06-19T09:13:16,Kiwanis Outdoor Pool Washroom ,None,None,1,"{""coordinates"": [[-79.31606953, 43.69851933]], ""type"": ""MultiPoint""}"
258,13388,Alex Duff Memorial Pool,Alex Duff Memorial Outdoor Pool Washroom,Washroom Building,None,View outdoor pool hours,Located in the outdoor pool building.,https://www.toronto.ca/explore-enjoy/parks-recreation/places-spaces/parks-and-recreation-facilities/location/?id=196,779 Crawford St   ,2023-06-19T09:12:44,Alex Duff Memorial Outdoor Pool Washroom,None,None,1,"{""coordinates"": [[-79.42196645, 43.66492698]], ""type"": ""MultiPoint""}"
259,500,Horner Avenue Seniors Centre,Horner Avenue Seniors Centre Washroom,"All-Gender Washroom, Accessible Washroom","Powered Door Opener, Entrance Ramp Access",View centre hours.,Located in the Community Centre.,https://www.toronto.ca/explore-enjoy/parks-recreation/places-spaces/parks-and-recreation-facilities/location/?id=823,320 Horner Ave,2023-05-03T14:01:33,Horner Avenue Seniors Centre Washroom,None,None,1,"{""coordinates"": [[-79.52681634, 43.6062989]], ""type"": ""MultiPoint""}"
260,13045,L'Amoreaux Tennis Centre,L'Amoreaux Tennis Centre Washroom,Washroom Building,None,View centre hours,Located in the tennis centre building.,https://www.toronto.ca/explore-enjoy/parks-recreation/places-spaces/parks-and-recreation-facilities/location/?id=699,300 Silver Springs Blvd  ,2023-04-14T16:29:47,L'Amoreaux Tennis Centre Washroom,None,None,1,"{""coordinates"": [[-79.305011, 43.80670329]], ""type"": ""MultiPoint""}"
261,13055,North Kipling Community Centre,North Kipling Community Centre Washroom,Washroom Building,None,View centre hours,Located in the Community Centre.,https://www.toronto.ca/explore-enjoy/parks-recreation/places-spaces/parks-and-recreation-facilities/location/?id=749,2 Rowntree Rd  ,2023-04-14T16:17:21,North Kipling Community Centre Washroom,None,None,1,"{""coordinates"": [[-79.58449924, 43.75219778]], ""type"": ""MultiPoint""}"
262,13639,Riverdale Farm,Riverdale Farm Simpson House Washroom,Washroom Building,None,9 a.m. to 5 p.m.,"Located in the Simpson House, at the farm entrance.",https://www.toronto.ca/explore-enjoy/parks-recreation/places-spaces/parks-and-recreation-facilities/location/?id=345,201 Winchester St  ,2023-04-14T12:44:29,Riverdale Farm Simpson House Washroom,None,None,1,"{""coordinates"": [[-79.36162569, 43.66715773]], ""type"": ""MultiPoint""}"
263,36323,Kew Beach Lawn Bowling Club,Kew Beach Lawn Bowling Club Washroom,Washroom Building,"Accessible Stall, Entrance at Grade, Child Change Table",9 a.m. to 10 p.m.,Located on a pathway between the bowling greens and Martin Goodman Trail.,https://www.toronto.ca/explore-enjoy/parks-recreation/places-spaces/parks-and-recreation-facilities/location/?id=107,2075 Queen St  E ,2023-04-14T12:37:09,Kew Beach Lawn Bowling Club Washroom,None,None,1,"{""coordinates"": [[-79.29730372, 43.66657292]], ""type"": ""MultiPoint""}"
264,2935,Humber Valley Golf Course,Humber Valley Golf Course Washroom,Washroom Building,None,View facility hours,Located near the entrance at south side of building/lower level.,https://www.toronto.ca/explore-enjoy/parks-recreation/places-spaces/parks-and-recreation-facilities/location/?id=400,40 Beattie Ave  ,2023-04-14T10:19:07,Humber Valley Golf Course Washroom,None,None,1,"{""coordinates"": [[-79.54559982, 43.72706999]], ""type"": ""MultiPoint""}"
265,45062,York Recreation Centre ,York Recreation Centre Washroom,Washroom Building,None,View centre hours,Located in the Community Centre.,https://www.toronto.ca/explore-enjoy/parks-recreation/places-spaces/parks-and-recreation-facilities/location/?id=3501,115 Black Creek Dr   ,2023-04-13T15:31:09,York Recreation Centre Washroom,None,None,1,"{""coordinates"": [[-79.48203456, 43.68787291]], ""type"": ""MultiPoint""}"
266,2109,West Rouge Community Centre,West Rouge Community Centre Washroom,"All-Gender Washroom, Accessible Washroom","Entrance at Grade, Powered Door Opener, Child Change Table",View centre hours,Located in the Community Centre.,https://www.toronto.ca/explore-enjoy/parks-recreation/places-spaces/parks-and-recreation-facilities/location/?id=584,270 Rouge Hills Dr  ,2023-04-13T15:30:55,West Rouge Community Centre Washroom,None,None,1,"{""coordinates"": [[-79.12515791, 43.79212179]], ""type"": ""MultiPoint""}"
267,2108,West Acres Seniors Centre,West Acres Seniors Centre Washroom,Washroom Building,None,View centre hours,Located in the Community Centre.,https://www.toronto.ca/explore-enjoy/parks-recreation/places-spaces/parks-and-recreation-facilities/location/?id=396,65 Hinton Rd,2023-04-13T15:30:47,West Acres Seniors Centre Washroom,None,None,1,"{""coordinates"": [[-79.57192209, 43.72571478]], ""type"": ""MultiPoint""}"
268,1095,Wellesley Community Centre,Wellesley Community Centre Washroom,Washroom Building,None,View centre hours,Located in the Community Centre.,https://www.toronto.ca/explore-enjoy/parks-recreation/places-spaces/parks-and-recreation-facilities/location/?id=451,495 Sherbourne St  ,2023-04-13T15:30:31,Wellesley Community Centre Washroom,None,None,1,"{""coordinates"": [[-79.37455603, 43.66770086]], ""type"": ""MultiPoint""}"
269,1569,Warden Hilltop Community Centre,Warden Hilltop Community Centre Washroom,Washroom Building,None,View centre hours,Located in the Community Centre.,https://www.toronto.ca/explore-enjoy/parks-recreation/places-spaces/parks-and-recreation-facilities/location/?id=1865,25 Mendelssohn St  ,2023-04-13T15:30:21,Warden Hilltop Community Centre Washroom,None,None,1,"{""coordinates"": [[-79.28036179, 43.71474757]], ""type"": ""MultiPoint""}"
270,2013,Wallace Emerson Community Recreation Centre,Wallace Emerson Community Recreation Centre Washroom,Washroom Building,None,View centre hours,Located in the Community Centre. ,https://www.toronto.ca/explore-enjoy/parks-recreation/places-spaces/parks-and-recreation-facilities/location/?id=294,1260 Dufferin St  ,2023-04-13T15:30:08,Wallace Emerson Community Centre Washroom,None,None,1,"{""coordinates"": [[-79.43931464, 43.66733689]], ""type"": ""MultiPoint""}"
271,1075,Victoria Village Recreation Centre and Arena,Victoria Village Recreation Centre Washroom,Washroom Building,None,View centre hours,Located in the Community Centre.,https://www.toronto.ca/explore-enjoy/parks-recreation/places-spaces/parks-and-recreation-facilities/location/?id=771,190 Bermondsey Rd,2023-04-13T15:29:50,Victoria Village Recreation Centre Washroom,None,None,1,"{""coordinates"": [[-79.31555292, 43.72329627]], ""type"": ""MultiPoint""}"
272,13073,Trace Manes Park Community Centre,Trace Manes Park Community Centre Washroom ,"All-Gender Washroom, Accessible Washroom","Entrance at Grade, Powered Door Opener, Child Change table",View centre hours,Located in the Community Centre.,https://www.toronto.ca/explore-enjoy/parks-recreation/places-spaces/parks-and-recreation-facilities/location/?id=705,110 Rumsey Rd  ,2023-04-13T15:29:31,Trace Manes Park Community Centre Washroom ,None,None,1,"{""coordinates"": [[-79.36730152, 43.70558914]], ""type"": ""MultiPoint""}"
273,2106,Thistletown Community Centre,Thistledown Communty Centre Washroom,Washroom Building,None,View centre hours,Located in the Community Centre.,https://www.toronto.ca/explore-enjoy/parks-recreation/places-spaces/parks-and-recreation-facilities/location/?id=354,925 Albion Rd  ,2023-04-13T15:26:03,Thistledown Communty Centre Washroom,None,None,1,"{""coordinates"": [[-79.5624017, 43.73538993]], ""type"": ""MultiPoint""}"
274,1016,Swansea Community Recreation Centre,Swansea Community Recreation Centre Washroom,Washroom Building,None,View centre hours,Located in the Community Centre.,https://www.toronto.ca/explore-enjoy/parks-recreation/places-spaces/parks-and-recreation-facilities/location/?id=282,15 Waller Ave  ,2023-04-13T15:25:33,Swansea Community Recreation Centre Washroom,None,None,1,"{""coordinates"": [[-79.47710078, 43.64397994]], ""type"": ""MultiPoint""}"
275,14344,Stephen Leacock Seniors Community Centre,Stephen Leacock Seniors Community Centre Washroom,Washroom Building,None,View centre hours,Located in the Community Centre.,https://www.toronto.ca/explore-enjoy/parks-recreation/places-spaces/parks-and-recreation-facilities/location/?id=1873,2520 Birchmount Rd,2023-04-13T15:25:20,Stephen Leacock Seniors Community Centre Washroom,None,None,1,"{""coordinates"": [[-79.30147883, 43.7874605]], ""type"": ""MultiPoint""}"
276,2105,Stephen Leacock Community Recreation Centre,Stephen Leacock Community Recreation Centre Washroom,Washroom Building,None,View centre hours,Located in the Community Centre.,https://www.toronto.ca/explore-enjoy/parks-recreation/places-spaces/parks-and-recreation-facilities/location/?id=1105,2500 Birchmount Rd  ,2023-04-13T15:25:10,Stephen Leacock Community Recreation Centre Washroom,None,None,1,"{""coordinates"": [[-79.30261087, 43.7865978]], ""type"": ""MultiPoint""}"
277,2103,St. Lawrence Community Recreation Centre,St. Lawrence Community Recreation Centre Washroom,Washroom Building,None,View centre hours,Located in the Community Centre.,https://www.toronto.ca/explore-enjoy/parks-recreation/places-spaces/parks-and-recreation-facilities/location/?id=272,230 The Esplanade  ,2023-04-13T15:23:21,St. Lawrence Community Recreation Centre Washroom,None,None,1,"{""coordinates"": [[-79.36494802, 43.64975912]], ""type"": ""MultiPoint""}"
278,13064,Seneca Village Community Centre,Seneca Village Community Centre Washroom,Washroom Building,None,View centre hours,Located in the Community Centre.,https://www.toronto.ca/explore-enjoy/parks-recreation/places-spaces/parks-and-recreation-facilities/location/?id=751,1700 Finch Ave E.,2023-04-13T15:23:11,Seneca Village Community Centre Washroom,None,None,1,"{""coordinates"": [[-79.35131781, 43.79402428]], ""type"": ""MultiPoint""}"
279,13063,Secord Community Centre,Secord Community Centre Washroom,Washroom Building,None,View centre hours,Located in the Community Centre.,https://www.toronto.ca/explore-enjoy/parks-recreation/places-spaces/parks-and-recreation-facilities/location/?id=325,91 Barrington Ave,2023-04-13T15:23:01,Secord Community Centre Washroom,None,None,1,"{""coordinates"": [[-79.30169191, 43.69207331]], ""type"": ""MultiPoint""}"
280,925,Scarborough Village Recreation Centre,Scarborough Village Recreation Centre Washroom,"All-Gender Washroom, Accessible Washroom","Entrance at Grade, Powered Door Opener, Child Change Table",View centre hours,Located in the Community Centre.,https://www.toronto.ca/explore-enjoy/parks-recreation/places-spaces/parks-and-recreation-facilities/location/?id=743,3600 Kingston Rd  ,2023-04-13T15:22:34,Scaroborough Village Recreation Centre Washroom,None,None,1,"{""coordinates"": [[-79.21660021, 43.74018077]], ""type"": ""MultiPoint""}"
281,1943,S.H. Armstrong Community Centre,S.H. Armstrong Community Centre Washroom,"All-Gender Washroom, Accessible Washroom",Entrance At Grade,View centre hours,Located in the Community Centre.,https://www.toronto.ca/explore-enjoy/parks-recreation/places-spaces/parks-and-recreation-facilities/location/?id=267,56 Woodfield Rd,2023-04-13T15:22:21,S. H. Armstrong Community Recreation Centre Washroom,None,None,1,"{""coordinates"": [[-79.3226333, 43.6658965]], ""type"": ""MultiPoint""}"
282,2099,Roding Community Centre,Roding Community Centre Washroom,Washroom Building,None,View centre hours,Located in the Community Centre.,https://www.toronto.ca/explore-enjoy/parks-recreation/places-spaces/parks-and-recreation-facilities/location/?id=744,600 Roding St.,2023-04-13T15:22:13,Roding Community Centre Washroom,None,None,1,"{""coordinates"": [[-79.49256274, 43.72918866]], ""type"": ""MultiPoint""}"
283,45463,Regent Park Community Centre,Regent Park Community Centre Washroom,Washroom Building,None,View centre hours,Located in the Community Centre.,https://www.toronto.ca/explore-enjoy/parks-recreation/places-spaces/parks-and-recreation-facilities/location/?id=3502,402 Shuter St   ,2023-04-13T15:22:03,Regent Park Community Centre Washroom,None,None,1,"{""coordinates"": [[-79.3616924, 43.65827453]], ""type"": ""MultiPoint""}"
284,829,Port Union Community Recreation Centre,Port Union Community Recreation Centre Washroom,Washroom Building,None,View centre hours,Located in the Community Centre.,https://www.toronto.ca/explore-enjoy/parks-recreation/places-spaces/parks-and-recreation-facilities/location/?id=883,5450 Lawrence Ave  E ,2023-04-13T15:21:44,Port Union Community Recreation Centre Washroom,None,None,1,"{""coordinates"": [[-79.14028096, 43.7796659]], ""type"": ""MultiPoint""}"
285,2097,Pleasantview Community Centre,Pleasantview Community Centre Washroom,Washroom Building,None,View centre hours,Located in the Community Centre.,https://www.toronto.ca/explore-enjoy/parks-recreation/places-spaces/parks-and-recreation-facilities/location/?id=732,545 Van Horne Ave  ,2023-04-13T15:21:33,Pleasantview Community Centre Washroom,None,None,1,"{""coordinates"": [[-79.33683115, 43.78699369]], ""type"": ""MultiPoint""}"
286,45042,Parkway Forest Community Centre,Parkway Forest Community Centre Washroom,Washroom Building,None,View centre hours,Located in the Community Centre.,https://www.toronto.ca/explore-enjoy/parks-recreation/places-spaces/parks-and-recreation-facilities/location/?id=2791,55 Forest Manor Rd  ,2023-04-13T15:21:24,Parkway Forest Community Centre Washroom,None,None,1,"{""coordinates"": [[-79.34360719, 43.77256661]], ""type"": ""MultiPoint""}"
287,14322,Pam McConnell Aquatic Centre,Pam McConnell Aquatic Centre Washroom,Washroom Building,None,View centre hours,Located in the Aquatic Centre.,https://www.toronto.ca/explore-enjoy/parks-recreation/places-spaces/parks-and-recreation-facilities/location/?id=2012,640 Dundas St  E ,2023-04-13T15:21:14,Pam McConnell Aquatic Centre Washroom,None,None,1,"{""coordinates"": [[-79.36110183, 43.66122887]], ""type"": ""MultiPoint""}"
288,13058,Ourland Community Centre,Ourland Community Centre Washroom,Washroom Building,None,View centre hours,Located in the Community Centre.,https://www.toronto.ca/explore-enjoy/parks-recreation/places-spaces/parks-and-recreation-facilities/location/?id=793,18 Ourland Ave,2023-04-13T15:21:04,Ourland Community Centre Washroom,None,None,1,"{""coordinates"": [[-79.50835158, 43.61508563]], ""type"": ""MultiPoint""}"
289,2095,Oriole Community Centre,Oriole Community Centre Washroom,Washroom Building,None,View centre hours,Located in the Community Centre.,https://www.toronto.ca/explore-enjoy/parks-recreation/places-spaces/parks-and-recreation-facilities/location/?id=714,2975 Don Mills Rd  W ,2023-04-13T15:20:45,Oriole Community Recreation Centre Washroom,None,None,1,"{""coordinates"": [[-79.35140957, 43.78176087]], ""type"": ""MultiPoint""}"
290,2092,O'Connor Community Centre,O'Connor Community Centre Washroom,Washroom Building,None,View centre hours,Located in the Community Centre.,https://www.toronto.ca/explore-enjoy/parks-recreation/places-spaces/parks-and-recreation-facilities/location/?id=1093,1386 Victoria Park Ave  ,2023-04-13T15:20:30,O'Connor Community Centre Washroom,None,None,1,"{""coordinates"": [[-79.30180005, 43.71765951]], ""type"": ""MultiPoint""}"
291,1439,Oakridge Community Recreation Centre,Oakridge Community Recreation Centre Washroom,Washroom Building,None,View centre hours,Located in the Community Centre.,https://www.toronto.ca/explore-enjoy/parks-recreation/places-spaces/parks-and-recreation-facilities/location/?id=731,63 Pharmacy Ave  ,2023-04-13T15:20:18,Oakridge Community Recreation Centre Washroom,None,None,1,"{""coordinates"": [[-79.2835342, 43.69499418]], ""type"": ""MultiPoint""}"
292,1892,Oakdale Community Centre,Oakdale Community Centre Washroom,Washroom Building,None,View centre hours,Located in the Community Centre.,https://www.toronto.ca/explore-enjoy/parks-recreation/places-spaces/parks-and-recreation-facilities/location/?id=780,350 Grandravine Dr,2023-04-13T15:20:10,Oakdale Community Centre Washroom,None,None,1,"{""coordinates"": [[-79.51333552, 43.74777903]], ""type"": ""MultiPoint""}"
293,771,Northwood Community Centre,Northwood Community Centre Washroom,"All-Gender Washroom, Accessible Washroom","Entrance at Grade, ",View centre hours,Located in the Community Centre.,https://www.toronto.ca/explore-enjoy/parks-recreation/places-spaces/parks-and-recreation-facilities/location/?id=703,15 Clubhouse Crt,2023-04-13T15:19:58,Northwood Community Centre Washroom,None,None,1,"{""coordinates"": [[-79.50009031, 43.74550362]], ""type"": ""MultiPoint""}"
294,1886,North Toronto Memorial Community Centre,North Toronto Memorial Community Centre Washroom,"All-Gender Washroom, Accessible Washroom","Entrance at Grade, Powered Door Opener, Distress Call Button, Child Change Table",View centre hours,Located in the Community Centre.,https://www.toronto.ca/explore-enjoy/parks-recreation/places-spaces/parks-and-recreation-facilities/location/?id=189,200 Eglinton Ave  W ,2023-04-13T15:19:49,North Toronto Memorial Community Centre Washroom,None,None,1,"{""coordinates"": [[-79.40459779, 43.70606889]], ""type"": ""MultiPoint""}"
295,6294,New Toronto Seniors' Centre,New Toronto Seniors Centre Washroom,Washroom Building,None,View centre hours,Located in the Community Centre.,https://www.toronto.ca/explore-enjoy/parks-recreation/places-spaces/parks-and-recreation-facilities/location/?id=1091,105 Fourth St,2023-04-13T15:19:38,New Toronto Seniors Centre Washroom,None,None,1,"{""coordinates"": [[-79.50137137, 43.60111321]], ""type"": ""MultiPoint""}"
296,14343,Mitchell Field Community Centre,Mitchell Field Community Centre Washroom,Accessible Washroom,Entrance at Grade,View centre hours,Located in the Community Centre.,https://www.toronto.ca/explore-enjoy/parks-recreation/places-spaces/parks-and-recreation-facilities/location/?id=693,89 Church Ave  ,2023-04-13T15:19:30,Mitchell Field Community Centre Washroom,None,None,1,"{""coordinates"": [[-79.40866674, 43.77451755]], ""type"": ""MultiPoint""}"
297,1874,Milliken Park Community Recreation Centre,Milliken Park Community Recreation Centre Washroom,Washroom Building,None,View centre hours,Located in the Community Centre.,https://www.toronto.ca/explore-enjoy/parks-recreation/places-spaces/parks-and-recreation-facilities/location/?id=405,4325 Mccowan Rd  ,2023-04-13T15:19:18,Milliken Park Community Recreation Centre Washroom,None,None,1,"{""coordinates"": [[-79.2741555, 43.82975101]], ""type"": ""MultiPoint""}"
298,1873,Memorial Pool and Health Club,Memorial Pool and Health Club Washroom,Washroom Building,None,View centre hours,Located in the Community Centre.,https://www.toronto.ca/explore-enjoy/parks-recreation/places-spaces/parks-and-recreation-facilities/location/?id=891,44 Montgomery Rd  ,2023-04-13T15:19:09,Memorial Pool and Health Club Washroom,None,None,1,"{""coordinates"": [[-79.51961765, 43.64837909]], ""type"": ""MultiPoint""}"
299,13049,Masaryk-Cowan Community Recreation Centre ,Masaryk-Cowan Community Recreation Centre Washroom,Washroom Building,None,View centre hours,Located in the Community Centre.,https://www.toronto.ca/explore-enjoy/parks-recreation/places-spaces/parks-and-recreation-facilities/location/?id=89,220 Cowan Ave  ,2023-04-13T15:18:04,Masaryk-Cowan Community Recreation Centre Washroom,None,None,1,"{""coordinates"": [[-79.43325752, 43.64064359]], ""type"": ""MultiPoint""}"
300,1867,Mary McCormick Recreation Centre,Mary McCormick Recreation Centre Washroom,Washroom Building,None,View centre hours,Located in the Community Centre.,https://www.toronto.ca/explore-enjoy/parks-recreation/places-spaces/parks-and-recreation-facilities/location/?id=100,66 Sheridan Ave,2023-04-13T15:17:52,Mary McCormick Recreation Centre Washroom,None,None,1,"{""coordinates"": [[-79.43307824, 43.6474097]], ""type"": ""MultiPoint""}"
301,13047,Malvern Recreation Centre,Malvern Recreation Centre Washroom,Accessible Washroom,Entrance at Grade,View centre hours,Located in the Community Centre.,https://www.toronto.ca/explore-enjoy/parks-recreation/places-spaces/parks-and-recreation-facilities/location/?id=702,30 Sewells Rd  ,2023-04-13T15:17:43,Malvern Recreation Centre Washroom,None,None,1,"{""coordinates"": [[-79.2163878, 43.80857537]], ""type"": ""MultiPoint""}"
302,2085,Main Square Community Centre,Main Square Community Centre Washroom,Washroom Building,None,View centre hours,Located in the Community Centre.,https://www.toronto.ca/explore-enjoy/parks-recreation/places-spaces/parks-and-recreation-facilities/location/?id=85,245 Main St  ,2023-04-13T15:17:33,Main Square Community Recreation Centre Washroom,None,None,1,"{""coordinates"": [[-79.29978864, 43.68717237]], ""type"": ""MultiPoint""}"
303,312,Lawrence Heights Community Centre,Lawrence Heights Community Centre Washroom,Washroom Building,None,View centre hours,Located in the Community Centre.,https://www.toronto.ca/explore-enjoy/parks-recreation/places-spaces/parks-and-recreation-facilities/location/?id=612,5 Replin Rd,2023-04-13T15:17:25,Lawrence Heights Community Centre Washroom,None,None,1,"{""coordinates"": [[-79.44209141, 43.71804993]], ""type"": ""MultiPoint""}"
304,13866,L'Amoreaux Community Recreation Centre,L'Amoreaux Community Recreation Centre Washroom,Washroom Building,None,View centre hours,Located in the Community Centre.,https://www.toronto.ca/explore-enjoy/parks-recreation/places-spaces/parks-and-recreation-facilities/location/?id=788,2000 Mcnicoll Ave  ,2023-04-13T15:17:07,L'Amoreaux Community Recreation Centre Washroom,None,None,1,"{""coordinates"": [[-79.30505635, 43.81261148]], ""type"": ""MultiPoint""}"
305,13041,Ken Cox Community Centre,Ken Cox Community Centre Washroom,Washroom Building,None,View centre hours,Located in the Community Centre.,https://www.toronto.ca/explore-enjoy/parks-recreation/places-spaces/parks-and-recreation-facilities/location/?id=1078,28 Colonel Samuel Smith Park Dr  ,2023-04-13T15:16:54,Ken Cox Community Centre Washroom,None,None,1,"{""coordinates"": [[-79.51653528, 43.59509908]], ""type"": ""MultiPoint""}"
306,17168,Keele Community Centre,Keele Community Centre Washroom,Washroom Building,None,View centre hours,Located in the Community Centre.,https://www.toronto.ca/explore-enjoy/parks-recreation/places-spaces/parks-and-recreation-facilities/location/?id=84,181 Glenlake Ave,2023-04-13T15:16:29,Keele Community Centre Washroom,None,None,1,"{""coordinates"": [[-79.46158262, 43.65767336]], ""type"": ""MultiPoint""}"
307,1820,Joseph J. Piccininni Community Centre,Joseph J. Piccininni Community Centre Washroom,Washroom Building,None,View centre hours,Located in the Community Centre.,https://www.toronto.ca/explore-enjoy/parks-recreation/places-spaces/parks-and-recreation-facilities/location/?id=509,1369 St. Clair Ave  W ,2023-04-13T15:16:18,Joseph J. Piccininni Community Recreation Centre Washroom,None,None,1,"{""coordinates"": [[-79.45145008, 43.67532073]], ""type"": ""MultiPoint""}"
308,1818,John Innes Community Recreation Centre,John Innes Community Recreation Centre Washroom,Washroom Building,None,View centre hours,Located in the Community Centre.,https://www.toronto.ca/explore-enjoy/parks-recreation/places-spaces/parks-and-recreation-facilities/location/?id=63,150 Sherbourne St  ,2023-04-13T15:16:06,John Innes Community Recreation Centre Washroom,None,None,1,"{""coordinates"": [[-79.37034393, 43.65542313]], ""type"": ""MultiPoint""}"
309,1817,Jimmie Simpson Recreation Centre,Jimmie Simpson Recreation Centre Washroom,Washroom Building,None,View centre hours,Located in the Community Centre.,https://www.toronto.ca/explore-enjoy/parks-recreation/places-spaces/parks-and-recreation-facilities/location/?id=58,870 Queen St  E ,2023-04-13T15:15:36,Jimmie Simpson Recreation Centre Washroom,None,None,1,"{""coordinates"": [[-79.3453135, 43.66044758]], ""type"": ""MultiPoint""}"
310,2082,Jenner Jean-Marie Community Recreation Centre,Jenner Jean-Marie Community Recreation Centre Washroom,Washroom Building,None,View centre hours,Located in the Community Centre.,https://www.toronto.ca/explore-enjoy/parks-recreation/places-spaces/parks-and-recreation-facilities/location/?id=1076,48 Thorncliffe Park Dr  ,2023-04-13T15:08:10,Jenner Jean-Marie Community Centre Washroom,None,None,1,"{""coordinates"": [[-79.3427975, 43.70307225]], ""type"": ""MultiPoint""}"
311,2079,Heron Park Community Centre,Heron Park Community Centre Washroom,Washroom Building,None,View centre hours,Located in the Community Centre.,https://www.toronto.ca/explore-enjoy/parks-recreation/places-spaces/parks-and-recreation-facilities/location/?id=633,292 Manse Rd  ,2023-04-13T15:07:51,Heron Park Community Centre Washroom,None,None,1,"{""coordinates"": [[-79.17725498, 43.7688364]], ""type"": ""MultiPoint""}"
312,1768,Harrison Pool,Harrison Pool Washroom,Washroom Building,None,View centre hours,Located in the Community Centre.,https://www.toronto.ca/explore-enjoy/parks-recreation/places-spaces/parks-and-recreation-facilities/location/?id=45,15 Stephanie St  ,2023-04-13T15:07:38,Harrison Pool Washroom,None,None,1,"{""coordinates"": [[-79.39083667, 43.65108826]], ""type"": ""MultiPoint""}"
313,1764,Gus Ryder Pool and Health Club,Gus Ryder Pool and Health Club Washroom,Washroom Building,None,View centre hours,Located in the Community Centre.,https://www.toronto.ca/explore-enjoy/parks-recreation/places-spaces/parks-and-recreation-facilities/location/?id=896,1 Faustina Dr  ,2023-04-13T15:07:27,Gus Ryder Pool and Health Club Washroom,None,None,1,"{""coordinates"": [[-79.52194716, 43.60121549]], ""type"": ""MultiPoint""}"
314,14342,Grandravine Community Recreation Centre,Grandravine Community Recreation Centre Washroom,Washroom Building,None,View centre hours,Located in the Community Centre.,https://www.toronto.ca/explore-enjoy/parks-recreation/places-spaces/parks-and-recreation-facilities/location/?id=647,23 Grandravine Dr,2023-04-13T15:07:19,Grandravine Community Recreation Centre Washroom,None,None,1,"{""coordinates"": [[-79.49023791, 43.751903]], ""type"": ""MultiPoint""}"
315,2076,Goulding Community Centre,Goulding Community Centre Washroom,"All-Gender Washroom, Accessible Washroom","Entrance at Grade, Powered Door Opener, Distress Call Button, 1250mm Turning Radius, Barrier Free Shower",View centre hours,Located in the Community Centre.,https://www.toronto.ca/explore-enjoy/parks-recreation/places-spaces/parks-and-recreation-facilities/location/?id=643,45 Goulding Ave,2023-04-13T15:07:11,Goulding Community Recreation Centre Washroom,None,None,1,"{""coordinates"": [[-79.42219069, 43.79094004]], ""type"": ""MultiPoint""}"
316,13027,Gord and Irene Risk Community Centre,Gord and Irene Risk Community Centre Washroom,"All-Gender Washroom, Accessible Washroom","Entrance at Grade, Powered Door Opener, 1250mm Turning Radius",View centre hours,Located in the Community Centre.,https://www.toronto.ca/explore-enjoy/parks-recreation/places-spaces/parks-and-recreation-facilities/location/?id=642,2650 Finch Ave W,2023-04-13T15:07:04,Gord and Irene Risk Community Recreation Centre Washroom,None,None,1,"{""coordinates"": [[-79.56645727, 43.74739048]], ""type"": ""MultiPoint""}"
317,2074,Glen Long Community Centre,Glen Long Community Centre Washroom,Washroom Building,None,View centre hours,Located in the Community Centre.,https://www.toronto.ca/explore-enjoy/parks-recreation/places-spaces/parks-and-recreation-facilities/location/?id=638,35 Glen Long Ave  ,2023-04-13T15:06:51,Glen Long Community Centre Washroom,None,None,1,"{""coordinates"": [[-79.45586765, 43.70877837]], ""type"": ""MultiPoint""}"
318,1745,Flemingdon Community Centre,Flemingdon Community Centre Washroom,"All-Gender Washroom, Accessible Washroom","Entrance at Grade, Child Change Table",View centre hours,Located in the Community Centre.,https://www.toronto.ca/explore-enjoy/parks-recreation/places-spaces/parks-and-recreation-facilities/location/?id=583,150 Grenoble Dr  ,2023-04-13T15:06:36,Flemingdon Community Centre Washroom,None,None,1,"{""coordinates"": [[-79.32638474, 43.71357593]], ""type"": ""MultiPoint""}"
319,2070,Falstaff Community Centre,Falstaff Community Centre Washroom,Washroom Building,None,View centre hours,Located in the Community Centre.,https://www.toronto.ca/explore-enjoy/parks-recreation/places-spaces/parks-and-recreation-facilities/location/?id=1063,50 Falstaff Ave  ,2023-04-13T15:06:28,Falstaff Community Recreation Centre Washroom,None,None,1,"{""coordinates"": [[-79.50379685, 43.71661991]], ""type"": ""MultiPoint""}"
320,1740,Fairmount Park Community Centre,Fairmount Park Community Centre Washroom,Washroom Building,None,View centre hours,Located in the Community Centre.,https://www.toronto.ca/explore-enjoy/parks-recreation/places-spaces/parks-and-recreation-facilities/location/?id=308,1725 Gerrard St E,2023-04-13T15:06:17,Fairmount Park Community Centre Washroom,None,None,1,"{""coordinates"": [[-79.31492361, 43.67670825]], ""type"": ""MultiPoint""}"
321,2068,Fairfield Seniors' Centre,Fairfield Seniors' Centre Washroom,Washroom Building,None,View centre hours,Located in the Community Centre.,https://www.toronto.ca/explore-enjoy/parks-recreation/places-spaces/parks-and-recreation-facilities/location/?id=822,80 Lothian Ave  ,2023-04-13T15:06:06,Fairfield Seniors' Centre Washroom,None,None,1,"{""coordinates"": [[-79.51924362, 43.639532]], ""type"": ""MultiPoint""}"
322,13487,Fairbank Memorial Community Centre,Fairbank Memorial Community Centre Washroom,Washroom Building,None,View centre hours,Located in the Community Centre.,https://www.toronto.ca/explore-enjoy/parks-recreation/places-spaces/parks-and-recreation-facilities/location/?id=482,2213 Dufferin St  ,2023-04-13T15:05:53,Fairbank Memorial Community Centre Washroom,None,None,1,"{""coordinates"": [[-79.44798688, 43.69129945]], ""type"": ""MultiPoint""}"
323,1737,Etobicoke Olympium,Etobicoke Olympium Washroom,Washroom Building,None,View centre hours,Located in the Community Centre.,https://www.toronto.ca/explore-enjoy/parks-recreation/places-spaces/parks-and-recreation-facilities/location/?id=892,590 Rathburn Rd  ,2023-04-13T15:05:37,Etobicoke Olympium Washroom,None,None,1,"{""coordinates"": [[-79.5844329, 43.65023006]], ""type"": ""MultiPoint""}"
324,1732,Elmbank Community Centre,Elmbank Community Centre Washroom,Washroom Building,None,View centre hours,Located in the Community Centre.,https://www.toronto.ca/explore-enjoy/parks-recreation/places-spaces/parks-and-recreation-facilities/location/?id=750,10 Rampart Rd,2023-04-13T15:04:54,Elmbank Community Centre Washroom,None,None,1,"{""coordinates"": [[-79.58866901, 43.73475482]], ""type"": ""MultiPoint""}"
325,1729,Ellesmere Community Centre,Ellesmere Community Centre Washroom,Washroom Building,None,View centre hours,Located in the Community Centre.,https://www.toronto.ca/explore-enjoy/parks-recreation/places-spaces/parks-and-recreation-facilities/location/?id=617,20 Canadian Rd  ,2023-04-13T15:04:36,Ellesmere Community Recreation Centre Washroom,None,None,1,"{""coordinates"": [[-79.29934845, 43.76069713]], ""type"": ""MultiPoint""}"
326,2065,Edithvale Community Centre,Edithvale Community Centre Washroom,Washroom Building,None,View centre hours,Located in the Community Centre.,https://www.toronto.ca/explore-enjoy/parks-recreation/places-spaces/parks-and-recreation-facilities/location/?id=1463,131 Finch Ave W,2023-04-13T15:04:21,Edithvale Community Centre Washroom,None,None,1,"{""coordinates"": [[-79.42641853, 43.77692593]], ""type"": ""MultiPoint""}"
327,1725,Edgehill House,Edgehill House Washroom,Washroom Building,None,View centre hours,Located in the Community Centre.,https://www.toronto.ca/explore-enjoy/parks-recreation/places-spaces/parks-and-recreation-facilities/location/?id=428,61 Edgehill Rd,2023-04-13T15:04:10,Edgehill House Washroom,None,None,1,"{""coordinates"": [[-79.51666843, 43.6706706]], ""type"": ""MultiPoint""}"
328,1723,Edenbridge Centre,Edenbridge Centre Washroom,All-Gender Washroom,None,View centre hours,Located in the Community Centre.,https://www.toronto.ca/explore-enjoy/parks-recreation/places-spaces/parks-and-recreation-facilities/location/?id=436,235 Edenbridge Dr,2023-04-13T15:04:01,Edenbridge Centre Washroom,None,None,1,"{""coordinates"": [[-79.51079768, 43.67752345]], ""type"": ""MultiPoint""}"
329,317,East York Community Centre,East York Community Centre Washroom,Washroom Building,None,View centre hours,Located in the Community Centre.,https://www.toronto.ca/explore-enjoy/parks-recreation/places-spaces/parks-and-recreation-facilities/location/?id=329,1081 Pape Ave  ,2023-04-13T15:03:49,East York Community Recreation Centre Washroom,None,None,1,"{""coordinates"": [[-79.34925606, 43.69176623]], ""type"": ""MultiPoint""}"
330,1720,Earl Beatty Community Centre,Earl Beatty Community Centre Washroom,Washroom Building,None,View centre hours,Located in the Community Centre.,https://www.toronto.ca/explore-enjoy/parks-recreation/places-spaces/parks-and-recreation-facilities/location/?id=36,455 Glebeholme Blvd,2023-04-13T15:02:24,Earl Beatty Community Centre Washroom,None,None,1,"{""coordinates"": [[-79.321287, 43.6862871]], ""type"": ""MultiPoint""}"
331,13023,Earl Bales Community Centre,Earl Bales Community Centre Washroom,Washroom Building,None,View centre hours,Located in the Community Centre.,https://www.toronto.ca/explore-enjoy/parks-recreation/places-spaces/parks-and-recreation-facilities/location/?id=171,4169 Bathurst St  ,2023-04-13T15:02:10,Earl Bales Community Centre Washroom,None,None,1,"{""coordinates"": [[-79.43397883, 43.75459522]], ""type"": ""MultiPoint""}"
332,2064,Driftwood Community Recreation Centre,Driftwood Community Recreation Centre Washroom,"All-Gender Washroom, Accessible Washroom",yes,View centre hours,Located in the Community Centre.,https://www.toronto.ca/explore-enjoy/parks-recreation/places-spaces/parks-and-recreation-facilities/location/?id=575,4401 Jane St  ,2023-04-13T15:01:41,Driftwood Community Recreation Centre Washroom,None,None,1,"{""coordinates"": [[-79.51874692, 43.76542854]], ""type"": ""MultiPoint""}"
333,1715,Douglas Snow Aquatic Centre,Douglas Snow Aquatic Centre Washroom,"All-Gender Washroom, Accessible Washroom",yes,View centre hours,Located in the Community Centre.,https://www.toronto.ca/explore-enjoy/parks-recreation/places-spaces/parks-and-recreation-facilities/location/?id=567,5100 Yonge St,2023-04-13T15:01:31,Douglas Snow Aquatic Centre Washroom,None,None,1,"{""coordinates"": [[-79.41467123, 43.76719729]], ""type"": ""MultiPoint""}"
334,281,Don Montgomery Community Centre,Don Montgomery Community Centre Washroom,Washroom Building,None,View centre hours,Located in the Community Centre.,https://www.toronto.ca/explore-enjoy/parks-recreation/places-spaces/parks-and-recreation-facilities/location/?id=712,2467 Eglinton Ave  E ,2023-04-13T15:01:23,Don Montgomery Community Centre Washroom,None,None,1,"{""coordinates"": [[-79.26169957, 43.73262903]], ""type"": ""MultiPoint""}"
335,13020,Domenico Di Luca Community Recreation Centre,Domenico Di Luca Community Recreation Centre Washroom,Washroom Building,None,View centre hours,Located in the Community Centre.,https://www.toronto.ca/explore-enjoy/parks-recreation/places-spaces/parks-and-recreation-facilities/location/?id=760,25 Stanley Rd,2023-04-13T15:01:05,Domenico Di Luca Community Recreation Centre Washroom,None,None,1,"{""coordinates"": [[-79.51582707, 43.74243835]], ""type"": ""MultiPoint""}"
336,2061,Curran Hall,Curran Hall Community Centre Washroom,"All-Gender Washroom, Accessible Washroom",None,View centre hours,Located in the Community Centre.,https://www.toronto.ca/explore-enjoy/parks-recreation/places-spaces/parks-and-recreation-facilities/location/?id=782,277 Orton Park Rd,2023-04-13T15:00:23,Curran Hall Community Centre Washroom,None,None,1,"{""coordinates"": [[-79.21081366, 43.77743693]], ""type"": ""MultiPoint""}"
337,2060,Cummer Park Community Centre,Cummer Park Community Centre Washroom,"All-Gender Washroom, Accessible Washroom",None,View centre hours,Located in the Community Centre.,https://www.toronto.ca/explore-enjoy/parks-recreation/places-spaces/parks-and-recreation-facilities/location/?id=499,6000 Leslie St  ,2023-04-13T15:00:00,Cummer Park Community Centre Washroom,None,None,1,"{""coordinates"": [[-79.37127681, 43.80011006]], ""type"": ""MultiPoint""}"
338,2057,Chalkfarm Community Centre,Chalkfarm Community Centre Washroom,Washroom Building,None,View centre hours,Located in the Community Centre.,https://www.toronto.ca/explore-enjoy/parks-recreation/places-spaces/parks-and-recreation-facilities/location/?id=486,180 Chalkfarm Dr,2023-04-13T14:59:52,Chalkfarm Community Recreation Centre Washroom,None,None,1,"{""coordinates"": [[-79.5115751, 43.72396232]], ""type"": ""MultiPoint""}"
339,1675,Centennial Recreation Centre - Scarborough,Centennial Recreation Centre Scarborough Washroom,Washroom Building,None,View centre hours,Located in the Community Centre.,https://www.toronto.ca/explore-enjoy/parks-recreation/places-spaces/parks-and-recreation-facilities/location/?id=537,1967 Ellesmere Rd  ,2023-04-13T14:59:36,Centennial Recreation Centre - Scarborough Washroom,None,None,1,"{""coordinates"": [[-79.23702885, 43.77453377]], ""type"": ""MultiPoint""}"
340,2055,Cedarbrook Community Centre,Cedarbrook Community Centre Washroom ,Washroom Building,None,View centre hours,Located in the Community Centre.,https://www.toronto.ca/explore-enjoy/parks-recreation/places-spaces/parks-and-recreation-facilities/location/?id=600,91 Eastpark Blvd  ,2023-04-13T14:57:22,Cedarbrook Community Centre Washroom ,None,None,1,"{""coordinates"": [[-79.22739548, 43.75562391]], ""type"": ""MultiPoint""}"
341,2054,Carmine Stefano Community Centre,Carmine Stefano Community Centre Washroom,Washroom Building,None,View centre hours,Located in the Community Centre.,https://www.toronto.ca/explore-enjoy/parks-recreation/places-spaces/parks-and-recreation-facilities/location/?id=350,3100 Weston Rd,2023-04-13T14:57:10,Carmine Stefano Community Centre Washroom,None,None,1,"{""coordinates"": [[-79.53896172, 43.73383934]], ""type"": ""MultiPoint""}"
342,63202,Canoe Landing Community Recreation Centre,Canoe Landing Community Recreation Centre Washroom,"Universal Washroom, All-Gender Washroom, Accessible Washroom",None,View centre hours,Located in the Community Centre.,https://www.toronto.ca/explore-enjoy/parks-recreation/places-spaces/parks-and-recreation-facilities/location/?id=3643,95 Fort York Blvd  ,2023-04-13T14:57:01,Canoe Landing Community Recreation Centre Washroom,None,None,1,"{""coordinates"": [[-79.39474045, 43.63971355]], ""type"": ""MultiPoint""}"
343,1662,Burrows Hall Community Centre,Burrows Hall Community Centre Washroom,Washroom Building,None,View centre hours,Located in the Community Centre.,https://www.toronto.ca/explore-enjoy/parks-recreation/places-spaces/parks-and-recreation-facilities/location/?id=591,1081 Progress Ave,2023-04-13T14:56:50,Burrows Hall Community Centre Washroom,None,None,1,"{""coordinates"": [[-79.23430212, 43.79409823]], ""type"": ""MultiPoint""}"
344,2053,Broadlands Community Centre,Broadlands Community Centre Washroom,"All-Gender Washroom, Accessible Washroom",None,View centre hours,Located in the Community Centre.,https://www.toronto.ca/explore-enjoy/parks-recreation/places-spaces/parks-and-recreation-facilities/location/?id=7,19 Castlegrove Blvd  ,2023-04-13T14:56:36,Broadlands Community Recreation Centre Washroom,None,None,1,"{""coordinates"": [[-79.32276361, 43.74592692]], ""type"": ""MultiPoint""}"
345,2052,Bob Abate Community Recreation Centre,Bob Abate Community Recreation Centre Washroom,Washroom Building,None,View centre hours,Located in the Community Centre.,https://www.toronto.ca/explore-enjoy/parks-recreation/places-spaces/parks-and-recreation-facilities/location/?id=30,485 Montrose Ave  ,2023-04-13T14:56:27,Bob Abate Community Recreation Centre Washroom,None,None,1,"{""coordinates"": [[-79.42031024, 43.66239046]], ""type"": ""MultiPoint""}"
346,105,Birkdale Community Centre,Birkdale Community Centre Washroom,"All-Gender Washroom, Accessible Washroom",None,View centre hours,Located in the Community Centre.,https://www.toronto.ca/explore-enjoy/parks-recreation/places-spaces/parks-and-recreation-facilities/location/?id=289,1299 Ellesmere Rd,2023-04-13T14:56:18,Birkdale Community Centre Washroom,None,None,1,"{""coordinates"": [[-79.26376427, 43.7682147]], ""type"": ""MultiPoint""}"
347,2051,Birchmount Community Centre,Birchmount Community Centre Washroom,"Universal Washroom, All-Gender Washroom, Accessible Washroom","Entrance at Grade, Powered Door Opener, Distress Call Button, Adult Change Tables",View centre hours,Located in the Community Centre.,https://www.toronto.ca/explore-enjoy/parks-recreation/places-spaces/parks-and-recreation-facilities/location/?id=507,93 Birchmount Rd  ,2023-04-13T14:50:42,Birchmount Community Centre Washroom,None,None,1,"{""coordinates"": [[-79.26218389, 43.69549403]], ""type"": ""MultiPoint""}"
348,71,Beaches Recreation Centre,Beaches Recreation Centre Washroom,Washroom Building,None,View centre hours,Located in the Community Centre.,https://www.toronto.ca/explore-enjoy/parks-recreation/places-spaces/parks-and-recreation-facilities/location/?id=24,6 Williamson Rd  ,2023-04-13T14:50:29,Beaches Recreation Centre Washroom,None,None,1,"{""coordinates"": [[-79.29877839, 43.67398328]], ""type"": ""MultiPoint""}"
349,63,Barbara Frum Community Centre,Barbara Frum Community Centre Washroom,Washroom Building,None,View centre hours,Located in the Community Centre.,https://www.toronto.ca/explore-enjoy/parks-recreation/places-spaces/parks-and-recreation-facilities/location/?id=1045,20 Covington Rd,2023-04-13T14:50:20,Barbara Frum Recreation Centre Washroom,None,None,1,"{""coordinates"": [[-79.43215788, 43.72070076]], ""type"": ""MultiPoint""}"
350,46,Armour Heights Community Centre,Armour Heights Community Centre Washroom,Washroom Building,None,View centre hours,Located in the Community Centre.,https://www.toronto.ca/explore-enjoy/parks-recreation/places-spaces/parks-and-recreation-facilities/location/?id=503,2140 Avenue Rd,2023-04-13T14:49:49,Armour Heights Community Centre Washroom,None,None,1,"{""coordinates"": [[-79.42184844, 43.73938607]], ""type"": ""MultiPoint""}"
351,1621,Antibes Community Centre,Antibes Community Centre Washroom,Washroom Building,None,View centre hours,Located in the Community Centre.,https://www.toronto.ca/explore-enjoy/parks-recreation/places-spaces/parks-and-recreation-facilities/location/?id=42,140 Antibes Dr  ,2023-04-13T14:49:27,Antibes Community Centre Washroom,None,None,1,"{""coordinates"": [[-79.44699591, 43.78113838]], ""type"": ""MultiPoint""}"
352,2045,Ancaster Community Centre,Ancaster Community Centre Washroom,Washroom Building,None,View centre hours,Located in the Community Centre.,https://www.toronto.ca/explore-enjoy/parks-recreation/places-spaces/parks-and-recreation-facilities/location/?id=487,41 Ancaster Rd,2023-04-13T14:49:12,Ancaster Community Centre Washroom,None,None,1,"{""coordinates"": [[-79.46564176, 43.73254064]], ""type"": ""MultiPoint""}"
353,13006,Albion Pool and Health Club,Albion Pool and Health Club Washroom,Washroom Building,None,View centre hours,Located in the Community Centre.,https://www.toronto.ca/explore-enjoy/parks-recreation/places-spaces/parks-and-recreation-facilities/location/?id=893,1485 Albion Rd,2023-04-13T14:49:02,Albion Pool and Health Club Washroom,None,None,1,"{""coordinates"": [[-79.58094897, 43.7392878]], ""type"": ""MultiPoint""}"
354,1608,Agincourt Recreation Centre,Agincourt Recreation Centre Washroom,Washroom Building,None,View centre hours,Located in the Community Centre.,https://www.toronto.ca/explore-enjoy/parks-recreation/places-spaces/parks-and-recreation-facilities/location/?id=523,31 Glen Watford Dr,2023-04-13T14:48:47,Agincourt Community Recreation Centre Washroom,None,None,1,"{""coordinates"": [[-79.27597812, 43.78816029]], ""type"": ""MultiPoint""}"
355,4,Adam Beck Community Centre,Adam Beck Community Centre Washroom,Washroom Building,None,Mon 2:00 p.m. - 10:00 p.m.; Tue 2:00 p.m. - 10:00 p.m.; Wed 2:00 p.m. - 10:00 p.m.; Thu 2:00 p.m. - 10:00 p.m.; Fri 2:00 p.m. - 8:00 p.m.; Sat 9:00 a.m. - 5:00 p.m.; Sun Closed,Located in the Community Centre.,https://www.toronto.ca/explore-enjoy/parks-recreation/places-spaces/parks-and-recreation-facilities/location/?id=13,79 Lawlor Ave,2023-04-13T14:48:08,Adam Beck Community Centre Washroom,None,None,1,"{""coordinates"": [[-79.28882633, 43.68283754]], ""type"": ""MultiPoint""}"
